"id","difficulty","factKey","topic","questionAr","questionEn","answerAr","answerEn","sourceName","sourceUrl","evidence","lastVerified"
"emirati_music_v2_001","easy200","song:bont:singer",,"من المطرب الإماراتي الذي غنّى «بالبنط العريض» عام 2020؟","Which Emirati singer released Bel Bont El Areedh in 2020?","حسين الجسمي","Hussain Al Jassmi","Hussain Al Jassmi — official Bel Bont El Areedh credits","https://www.youtube.com/watch?v=M3sxUE4eIac","2020 recording sung and composed by Hussain Al Jassmi; lyrics Ayman Bahgat Qamar; arrangement Toma. Verified 2026-10-07.","2026-10-08"
"emirati_music_v2_002","easy200","song:motasoaa:singer",,"من صاحب أغنية «متصوع» التي أصدرها عام 2017؟","Who released the song Motasoa in 2017?","عيضة المنهالي","Eida Al Menhali","Eida Al Menhali — official Motasoa recording","https://www.youtube.com/watch?v=-4QOrM8L4wU","Official artist channel identifies Motasoa as Eida Al Menhali's 2017 song. Verified 2026-10-07.","2026-10-08"
"emirati_music_v2_003","easy200","song:tadri:singer",,"أي مطربة إماراتية غنّت «تدري ليش» في نسختها الأصلية عام 1996؟","Which Emirati singer performed the original 1996 recording of Tadry Leesh?","أحلام","Ahlam","Ahlam — official Tadry Leesh recording","https://www.youtube.com/watch?v=g-xwILx0cVM","Official original 1996 recording by Ahlam belongs to Maa Al Salama album; composer Aref Al Zayani verified 2026-10-08. Verified 2026-10-07.","2026-10-08"
"emirati_music_v2_004","easy200","song:mehadbar:singer",,"من المطرب الإماراتي صاحب تسجيل «أحب البر والمزيون»؟","Which Emirati singer recorded Aheb El Bar W El Mazyoun?","ميحد حمد","Mehad Hamad","Anghami — Aheb El Bar W El Mazyoun","https://play.anghami.com/song/26167010","Licensed artist recording identifies Mehad Hamad as singer. June 2014 is platform date, not asserted as first historical performance. Verified 2026-10-07.","2026-10-08"
"emirati_music_v2_005","easy200","tv:ahlam:arabidol",,"أي مطربة إماراتية اشتهرت بعضويتها في لجنة تحكيم «أراب آيدول»؟","Which Emirati singer became known as a judge on Arab Idol?","أحلام","Ahlam","The National — five Emirati women in music","https://www.thenationalnews.com/arts-culture/music/2022/08/28/from-ahlam-to-balqees-five-emirati-women-winning-music-fans-by-singing-with-purpose/","Ahlam judged Arab Idol and mentored The Voice in 2018. Shamma Hamdan reached Arabs Got Talent final and released Wash Kunt Aba Aqoul in 2013. Balqees debut Majnoun in 2013. Fafa supported Bruno Mars in 2019 and is Fatima Bin Safwan. Alya released Hung Up. Verified 2026-10-07.","2026-10-08"
"emirati_music_v2_006","easy200","tv:shamma:arabsfinal",,"أي مطربة إماراتية برزت بوصولها إلى نهائي «أرابز غوت تالنت»؟","Which Emirati singer rose to prominence by reaching the Arabs Got Talent final?","شمة حمدان","Shamma Hamdan","The National — five Emirati women in music","https://www.thenationalnews.com/arts-culture/music/2022/08/28/from-ahlam-to-balqees-five-emirati-women-winning-music-fans-by-singing-with-purpose/","Ahlam judged Arab Idol and mentored The Voice in 2018. Shamma Hamdan reached Arabs Got Talent final and released Wash Kunt Aba Aqoul in 2013. Balqees debut Majnoun in 2013. Fafa supported Bruno Mars in 2019 and is Fatima Bin Safwan. Alya released Hung Up. Verified 2026-10-07.","2026-10-08"
"emirati_music_v2_007","easy200","song:momken:partner",,"من المطرب الذي شارك بلقيس غناء «ممكن» عام 2021؟","Which singer duetted with Balqees on Momken in 2021?","سيف نبيل","Saif Nabeel","Saif Nabeel — official Momken music video","https://www.youtube.com/watch?v=Lex4NKotiw4","Official 2021 video names Saif Nabeel and Balqees as duet performers. Director's own page https://vimeo.com/563468472 credits Dan Haddad. Verified 2026-10-07.","2026-10-08"
"emirati_music_v2_008","easy200","song:sahebmaani:partner",,"من المطربة التي شاركت ميحد حمد غناء «الصاحب المعني»؟","Which female singer duetted with Mehad Hamad on Al Saheb Al Maani?","أصالة","Assala","Anghami — Al Saheb Al Maani","https://play.anghami.com/song/5090646?lang=ar","Recording performed by Mehad Hamad and Assala. Related licensed tracks list Aqreb Taal by Aryam/Fayez Al Saeed and Al Sheer Diwan by Abu Bakr Salem/Balqees. Verified 2026-10-07.","2026-10-08"
"emirati_music_v2_009","easy200","artist:jassmi:piano",,"ما الآلة ذات المفاتيح التي يعزف عليها حسين الجسمي؟","Which keyboard instrument does Hussain Al Jassmi play?","البيانو","Piano","Hussain Al Jassmi — official biography","https://www.hussainaljassmi.com/copy-of-contact-us","Born in Khorfakkan; pianist and composer; Concerto di Natale appearance in 2018; honorary doctorates from Egyptian Academy of Arts 2015 and Cape Breton University 2017. Avoid promotional superlatives and changing audience totals. Verified 2026-10-07.","2026-10-08"
"emirati_music_v2_010","easy200","artist:elham:instrument",,"بأي آلة وترية اشتهرت العازفة الإماراتية إلهام المرزوقي؟","Which string instrument is Emirati musician Elham Al Marzooqi known for playing?","التشيلو","Cello","ADMAF — Elham Al Marzooqi biography","https://30.admaf.org/alumni/elham-almarzooqi","Emirati cellist, member of all-female Firdaus Orchestra mentored by A.R. Rahman; played Carnegie Hall in A Journey to the New World 2025. Verified 2026-10-07.","2026-10-08"
"emirati_music_v2_011","easy200","song:kashf:singer",,"من غنّى «كشف المحبة» في التسجيل الصادر عام 2016؟","Who sang the 2016 recording of Kashf Al Mahabba?","محمد الشحي","Mohamed Al Shehhi","Mohamed Al Shehhi — official Kashf Al Mahabba credits","https://www.youtube.com/watch?v=NGooJFgxx9M","2016 recording by Mohamed Al Shehhi; lyrics Ali Al Omari; music Mohamed Al Shehhi; arrangement Adel Ebrahim. Verified 2026-10-08.","2026-10-08"
"emirati_music_v2_012","easy200","song:aanadt:singer",,"من المطربة الإماراتية التي غنّت «عاندت فيك»؟","Which Emirati female singer performed Aanadt Feek?","شمة حمدان","Shamma Hamdan","Shamma Hamdan — official Aanadt Feek performance credits","https://www.youtube.com/watch?v=jNXsqb5wgzY","Shamma Hamdan composed and sang Aanadt Feek; lyrics Ahmad Al Sanea; 2017 Min Al Akher appearance on Sama Dubai. Verified 2026-10-08.","2026-10-08"
"emirati_music_v2_013","easy200","song:talaa:singer",,"أي مطرب إماراتي قدّم أغنية وألبوم «طلع عاشق» عام 2011؟","Which Emirati singer released the song and album Talaa Asheq in 2011?","منصور زايد","Mansour Zayed","Mansour Zayed — official Talaa Asheq credits","https://www.youtube.com/watch?v=Igolb_TZkXQ","2011 song and album by Mansour Zayed; lyrics Saad Al Mosallam; music Fahad Al Nasser; video Yasir Al Yasiri. Verified 2026-10-08.","2026-10-08"
"emirati_music_v2_014","easy200","song:dighewa:singer",,"من غنّى «دق هيوه» في الفيديو الصادر عن فايز السعيد للصوتيات والمرئيات؟","Who sang Dig Hewa in the video released by Fayez Al Saeed Sound and Media?","فايز السعيد","Fayez Al Saeed","Fayez Al Saeed — official Dig Hewa video credits","https://www.youtube.com/watch?v=PA6AA5ge-Gk","Fayez Al Saeed Sound and Media copyright; singer Fayez Al Saeed; lyrics Firas Al Shathar; music Ammar Al Ani. Director Yasir Al Yasiri corroborated by his own upload https://www.youtube.com/watch?v=p7COh1VyCh0. Verified 2026-10-08.","2026-10-08"
"emirati_music_v2_015","easy200","song:adelondon:singer",,"من المطرب صاحب تسجيل «آه يا لندن» المعروف في الأغنية الإماراتية؟","Which singer recorded the well-known Emirati song Ah Ya London?","عادل إبراهيم","Adel Ebrahim","Anghami — Ah Ya London","https://play.anghami.com/song/7429541?lang=ar","Licensed recording identifies Adel Ebrahim as singer. Verified 2026-10-08.","2026-10-08"
"emirati_music_v2_016","easy200","song:entaha:singer",,"من المطربة التي قدّمت فيديو «انتهى» الرسمي عام 2021؟","Which female singer released the official Entaha video in 2021?","بلقيس","Balqees","Balqees — official Entaha credits","https://www.youtube.com/watch?v=FK574gDKiM4","2021 recording by Balqees; lyrics Mshari Al Ibrahim; composer Abdulaziz Louis; arranger Ali Al Matrook; director Dan Haddad. Verified 2026-10-08.","2026-10-08"
"emirati_music_v2_017","easy200","song:bahrrikba:partner",,"من المطرب الذي شارك بلقيس دويتو «بحر ركبه غلاهم» عام 2020؟","Which singer joined Balqees on the 2020 duet Bahr Rikbah Ghalahm?","عيضة المنهالي","Eida Al Menhali","Balqees — official duet Bahr Rikbah Ghalahm / Nas Ghazer Mahum","https://www.youtube.com/watch?v=KKO9EkLqDkA","2020 duet Eida Al Menhali/Balqees; Bahr Rikbah lyrics Al Samel; Nas Ghazer words Shabaad; music Eida Al Menhali. Verified 2026-10-08.","2026-10-08"
"emirati_music_v2_018","easy200","album:aryam:vitaminartist",,"أي مطربة إماراتية أصدرت ألبوم «فيتامين الغرام»؟","Which Emirati female singer released the album Vitamin Al Gharam?","أريام","Aryam","Anghami — Aryam artist catalogue","https://play.anghami.com/artist/76?lang=ar","Aryam catalogue includes Arsom Gharam, Shofak Shifa, Vitamin Al Gharam, La Wa Hasayef, Rejaat Lak Thani albums and Sawtak Yekfini recording. Avoid platform January dates as original dates. Verified 2026-10-08.","2026-10-08"
"emirati_music_v2_019","easy200","song:hamadainei:singer",,"من غنّى «عيني اليمين»؟","Who sang Aini Al Yameen?","حمد العامري","Hamad Al Ameri","Anghami — Hamad Al Ameri artist catalogue","https://play.anghami.com/artist/343938?lang=ar","Hamad Al Ameri catalogue identifies Aini Al Yameen, Tezaal W Aradeek and Saqani Al Hob; Mona Al Rouh album. Verified 2026-10-08.","2026-10-08"
"emirati_music_v2_020","easy200","song:harbimal:singer",,"من المطرب صاحب تسجيل «مل صبري»؟","Which singer recorded Mal Sabri?","حربي العامري","Harbi Al Amri","Anghami — Mal Sabri","https://play.anghami.com/song/207931?lang=ar","Licensed recording of Mal Sabri performed by Harbi Al Amri. Verified 2026-10-08.","2026-10-08"
"emirati_music_v2_021","easy200","song:ajer:singer",,"من غنّت «أجر وعافية» في النسخة الأصلية الصادرة عام 2014؟","Who sang the original 2014 release of Ajer We Afeya?","شمة حمدان","Shamma Hamdan","Alhan production — official Ajer We Afeya release","https://www.youtube.com/watch?v=p8ZJEflLtMg","Official original Shamma Hamdan release 2014. No unsupported composer inferred from hashtags. Verified 2026-10-08.","2026-10-08"
"emirati_music_v2_022","easy200","song:zanzibar:singer",,"من المطرب الإماراتي الذي اشتهر بأداء «زنجبار»؟","Which Emirati singer is known for performing Zanzibar?","عبدالله بالخير","Abdullah Bilkhair","Abdullah Bilkhair — official Zanzibar performance","https://www.youtube.com/watch?v=I8LoTb_bBps","Official artist channel: Zanzibar words and music Ibrahim Juma; Layali Dubai 2012. Verified 2026-10-08.","2026-10-08"
"emirati_music_v2_023","easy200","artist:fatimarawda:mother",,"ما صلة القرابة بين المطربتين فاطمة «زهرة العين» وروضة؟","How are singers Fatima Zahrat Al Ain and Rawda related?","فاطمة والدة روضة","Fatima is Rawda's mother","Al Etihad — Fatima Zahrat Al Ain and Rawda concert","https://www.aletihad.ae/news/%D8%AF%D9%86%D9%8A%D8%A7/4350141/%D9%81%D8%A7%D8%B7%D9%85%D8%A9--%D8%B2%D9%87%D8%B1%D8%A9-%D8%A7%D9%84%D8%B9%D9%8A%D9%86--%D9%88%D8%B1%D9%88%D8%B6%D8%A9-%D8%AA%D8%AA%D8%A3%D9%84%D9%82%D8%A7%D9%86-%D8%B9%D9%84%D9%89-%D9%85%D8%B3%D8%B1%D8%AD-%D8%A7%D9%84%D9%82%D8%B1%D9%8A%D8%A9-%D8%A7%D9%84%D8%AA%D8%B1%D8%A7%D8%AB%D9%8A%D8%A9","Rawda is Fatima Zahrat Al Ain's daughter; they performed together at Sheikh Zayed Festival. Verified 2026-10-08.","2026-10-08"
"emirati_music_v2_024","easy200","song:yasaaed:band",,"أي فرقة حربية قدّمت تسجيل «يا سعيد» المنشور على قناتها الرسمية عام 2019؟","Which Harbiya band performed the Ya Saeed recording published on its official channel in 2019?","فرقة المزيود الحربية","Al Mazyood Harbiya Band","Al Mazyood band — official Ya Saeed credits","https://www.youtube.com/watch?v=xO4Tt1w_ChA","Al Mazyood Harbiya band performance; words and music Sheikh Saqr Mohammed Al Qasimi; supervised by Saeed Al Mazyood. Verified 2026-10-08.","2026-10-08"
"emirati_music_v2_025","easy200","artist:arqam:genre",,"بأي لون غنائي اشتهر الفنان الإماراتي أرقم، بما فيه أسلوب النيو سول؟","Which musical genre, including its neo-soul style, is Emirati singer Arqam known for?","السول","Soul","Arqam — official artist biography","https://arqammusic.com/","Artist identifies as Emirati soul and neo-soul singer; his site features original Leaving video. Verified 2026-10-08.","2026-10-08"
"emirati_music_v2_026","easy200","artist:eman:identity",,"من الموسيقية المعروفة بأنها أول ملحنة إماراتية؟","Which musician is known as the first female Emirati composer?","إيمان الهاشمي","Eman Al Hashimi","Eman Al Hashimi — official biography","https://emanalhashmi.ae/bio/","Emirati female composer/pianist; composed Year of Zayed and Mother of Emirates operettas; comedy film E-Large Jinx score 2019. Avoid unrelated personal qualifications or changing totals. Verified 2026-10-08.","2026-10-08"
"emirati_music_v2_027","easy200","artist:zayedzaabi:instrument",,"ما الآلة التي يعزف عليها الموسيقي الإماراتي زايد محمد الزعابي؟","Which instrument does Emirati musician Zayed Mohammed Al Zaabi play?","البيانو","Piano","ADMAF — Zayed Al Zaabi profile","https://30.admaf.org/alumni/zayed-al-zaabi","Emirati pianist Zayed Mohammed Al Zaabi; masterclasses in Vienna; Festival in the Park 2024. No current age or health-related trivia used. Verified 2026-10-08.","2026-10-08"
"emirati_music_v2_028","easy200","song:mohim:singer",,"من غنّى «مهم جداً» في نسختها الصادرة عام 2019؟","Who sang the 2019 release of Mohim Jiddan?","حسين الجسمي","Hussain Al Jassmi","Hussain Al Jassmi — official Mohim Jiddan credits","https://www.youtube.com/watch?v=7PVUkGWcprU","2019 recording sung/composed by Hussain Al Jassmi; lyrics Ahmad Al Sanea; arrangement Hossam Kamel. Verified 2026-10-08.","2026-10-08"
"emirati_music_v2_029","easy200","song:wayli:singer",,"من المطرب الإماراتي صاحب تسجيل «ويلي يا ويلاه» في ألبوم «يا عبيد»؟","Which Emirati singer recorded Wayli Ya Waylah on the album Ya Obeid?","عبدالله بالخير","Abdullah Bilkhair","Abdullah Bilkhair — licensed Wayli Ya Waylah recording","https://www.youtube.com/watch?v=AomnXsCkzJ0","The Orchard/Al Nazaer recording, singer Abdullah Bilkhair; on Ya Obeid album. No conflicting distribution/upload release dates used. Verified 2026-10-08.","2026-10-08"
"emirati_music_v2_030","easy200","song:weshthakkarak:singer",,"من غنّت النسخة الأصلية من «وش ذكرك» عام 1995؟","Who sang the original 1995 recording of Wsh Zkrk?","أحلام","Ahlam","Ahlam — official Wsh Zkrk original recording","https://www.youtube.com/watch?v=cunKOJcc1tk","Original recording 1995, album Ahebak Moot; lyrics Khaled Al Bathal; music Anwar Abdullah; arrangement Munir Al Hariri. Verified 2026-10-08.","2026-10-08"
"emirati_music_v2_031","easy200","song:khams:singer",,"من صاحب النسخة الأصلية لأغنية «خمس الحواس» عام 1999؟","Who sang the original 1999 recording of Khams Al Hawas?","ميحد حمد","Mehad Hamad","Mehad Hamad — official Khams Al Hawas recording","https://www.youtube.com/watch?v=sl_b8tleOtU","Official artist original recording title marks 1999; Mehad Hamad singer. No credits inferred from unofficial copies. Verified 2026-10-08.","2026-10-08"
"emirati_music_v2_032","easy200","song:redqalbi:singer",,"أي مطربة قدّمت الفيديو الرسمي لأغنية «رد قلبي» عام 2013؟","Which female singer released the official Red Kalbi video in 2013?","بلقيس","Balqees","Balqees — official Red Kalbi video","https://www.youtube.com/watch?v=ISS5ga2k9xk","Official Balqees Red Kalbi video published 2013. No lyric quotations or unverified poet credits used. Verified 2026-10-08.","2026-10-08"
"emirati_music_v2_033","easy200","song:sketanak:singer",,"من غنّى «سكت عنك» في التسجيل الصادر عام 2019؟","Who sang the 2019 recording of Sket Anak?","محمد الشحي","Mohamed Al Shehhi","Mohamed Al Shehhi — official Sket Anak credits","https://www.youtube.com/watch?v=Ijhz-DZ5BGI","2019 song sung by Mohamed Al Shehhi; lyrics Hussain Khamis; melody credited to folk tradition; arranger Adel Ebrahim. Verified 2026-10-08.","2026-10-08"
"emirati_music_v2_034","easy200","song:ramsh:singer",,"من صاحب أغنية «الرمش اريشا» الصادرة ضمن ألبوم يحمل اسمه عام 2004؟","Who sang Al Rmsh Ariasha on his self-titled 2004 album?","حمد العامري","Hamad Al Ameri","Hamad Al Ameri — licensed Al Rmsh Ariasha recording","https://www.youtube.com/watch?v=-RsxgrgDLNE","Official artist/Qanawat recording identifies Hamad Al Ameri; on Hamad Al Ameri 2004. Verified 2026-10-08.","2026-10-08"
"emirati_music_v2_035","easy200","artist:balqees:father",,"من الموسيقار الذي يُعد والد المطربة بلقيس؟","Which musician is singer Balqees's father?","أحمد فتحي","Ahmed Fathi","Dubai Media — Balqees and Ahmed Fathi concert","https://www.dmi.ae/content/site/theinsider/ar-ae/programs/41/45769.html","Balqees's father is Yemeni musician Ahmed Fathi; duo performed at Kuwait's Jaber Al Ahmad Cultural Centre; ending songs Dhabi Al Yemen and En Yehrmona composed by Ahmed Fathi. Verified 2026-10-08.","2026-10-08"
"emirati_music_v2_036","easy200","artist:shamma:guitar",,"ما الآلة الوترية التي علّمت شمة حمدان نفسها العزف عليها عبر يوتيوب؟","Which string instrument did Shamma Hamdan teach herself to play through YouTube?","الجيتار","Guitar","Billboard Arabia — direct interview with Shamma Hamdan","https://www.billboardarabia.com/%D8%AB%D9%82%D8%A7%D9%81%D8%A9/%D8%AA%D9%84%D9%81%D8%B2%D9%8A%D9%88%D9%86-%D9%88%D8%A3%D9%81%D9%84%D8%A7%D9%85/%D8%B4%D9%85%D8%A9-%D8%AD%D9%85%D8%AF%D8%A7%D9%86-%D8%B6%D9%8A%D9%81%D8%A9-%D8%A7%D9%84%D8%AD%D9%84%D9%82%D8%A9-%D8%A7%D9%84%D8%AB%D8%A7%D9%86%D9%8A%D8%A9-%D9%85%D9%86-%D8%A8%D8%B1%D9%86%D8%A7%D9%85%D8%AC-%D8%A3%D8%B3%D8%A8%D9%88%D8%B9-%D8%A8%D9%8A%D9%84%D8%A8%D9%88%D8%B1%D8%AF-%D8%B9%D8%B1%D8%A8%D9%8A%D8%A9-1754","2024 interview: Shamma self-taught guitar via YouTube; judges XPerform; song Moajaba reached Hot 100. Verified 2026-10-08.","2026-10-08"
"emirati_music_v2_037","easy200","artist:hamadtaee:profession",,"ما المهنة التي يمارسها الموسيقي الإماراتي حمد الطائي إلى جانب التأليف والعزف؟","What profession does Emirati musician Hamad Al Taee practise alongside composing and performing?","طيّار","Pilot","Al Etihad — direct interview with Hamad Al Taee","https://www.aletihad.ae/news/%D8%AF%D9%86%D9%8A%D8%A7/4113338/%D8%AD%D9%85%D8%AF-%D8%A7%D9%84%D8%B7%D8%A7%D8%A6%D9%8A----%D8%A7%D9%84%D9%85%D9%88%D8%B3%D9%8A%D9%82%D9%8A-%D8%A7%D9%84%D8%B7%D9%8A%D8%A7%D8%B1","Emirati pianist/composer and pilot; formed virtual orchestra in 2020 pandemic. Avoid current size/participation totals. Verified 2026-10-08.","2026-10-08"
"emirati_music_v2_038","easy200","song:jabbar:singer",,"من المطربة التي قدّمت «جبّار» في الفيديو الرسمي لعام 2021؟","Which female singer performed Jabbar in its official 2021 video?","بلقيس","Balqees","Balqees — official Jabbar credits","https://www.youtube.com/watch?v=xSUe53M1BIY","2021 recording by Balqees; lyrics/music Rami Shafei; arrangement Omar Sabbagh; video Elie Fahed. Verified 2026-10-08.","2026-10-08"
"emirati_music_v2_039","easy200","song:mayeswa:singer",,"من المطرب الإماراتي صاحب أغنية «والله ما يسوى»؟","Which Emirati singer performed Wallah Ma Yeswa?","حسين الجسمي","Hussain Al Jassmi","Hussain Al Jassmi — official Ma Yeswa performance credits","https://www.youtube.com/watch?v=7oDHnqS9yLI","Official artist Fes Festival 2015 performance; words Al Hassas; music Hussain Al Jassmi. Verified 2026-10-08.","2026-10-08"
"emirati_music_v2_040","easy200","song:mestaghreb:singer",,"من غنّت «ومستغرب» في نسختها الصادرة عام 2016؟","Who sang the 2016 release of WeMestaghrb?","أحلام","Ahlam","Ahlam — official WeMestaghrb credits","https://www.youtube.com/watch?v=EhgBCAEutFs","2016 Ahlam song; lyricist Abdulrahman Al Othman; composer Fayez Al Saeed; arranger Zaid Nadeem. Verified 2026-10-08.","2026-10-08"
"emirati_music_v2_041","easy200","song:boshra:singer",,"من المطرب الإماراتي الذي غنّى «بشرة خير»؟","Which Emirati singer performed Boshret Kheir?","حسين الجسمي","Hussain Al Jassmi","Hussain Al Jassmi — official Boshret Kheir Arab Idol performance","https://www.youtube.com/watch?v=bFt3dg0vAnc","Official 2014 performance credits singer Hussain Al Jassmi, composer Amr Mostafa and lyricist Ayman Bahgat Qamar. Verified 2026-10-07.","2026-10-08"
"emirati_music_v2_042","easy200","song:hazeen:singer",,"من غنّت «حزين» في حفل «الليلة الماسية» عام 2023؟","Who sang Hazeen at the 2023 Diamond Night concert?","أحلام","Ahlam","Ahlam — official Hazeen performance credits","https://www.youtube.com/watch?v=ZaS5w1iY4O0","Official 2023 Diamond Night performance: Hazeen sung by Ahlam; lyrics late Mosaed Al Rashidi; composer Sahm. Verified 2026-10-07.","2026-10-08"
"emirati_music_v2_043","easy200","song:ardhef:singer",,"من غنّى «أردف الونة» في التسجيل الرسمي لعام 2017؟","Who sang the official 2017 recording of Ardhef Al Wannah?","عيضة المنهالي","Eida Al Menhali","Eida Al Menhali — official Ardhef Al Wannah recording","https://www.youtube.com/watch?v=AODE-mjgqoY","Official artist channel credits Eida Al Menhali on Ardhef Al Wannah, 2017. Verified 2026-10-07.","2026-10-08"
"emirati_music_v2_044","easy200","song:fakadtek:singer",,"من المطرب الإماراتي صاحب أغنية «فقدتك»؟","Which Emirati singer performed Fakadtak?","حسين الجسمي","Hussain Al Jassmi","Hussain Al Jassmi — official Fakadtak performance","https://www.youtube.com/watch?v=Lz4O8p2Qv9M","Artist's 2015 Fes Festival performance; lyrics Faisal Al Yami; music Hussain Al Jassmi. Verified 2026-10-08.","2026-10-08"
"emirati_music_v2_045","easy200","song:hamadtezaal:singer",,"من صاحب أغنية «تزعل وأراضيك»؟","Who sings Tezaal W Aradeek?","حمد العامري","Hamad Al Ameri","Anghami — Hamad Al Ameri artist catalogue","https://play.anghami.com/artist/343938?lang=ar","Hamad Al Ameri catalogue identifies Aini Al Yameen, Tezaal W Aradeek and Saqani Al Hob; Mona Al Rouh album. Verified 2026-10-08.","2026-10-08"
"emirati_music_v2_046","easy200","person:fayez:nickname",,"أي ملحّن ومطرب إماراتي يُعرف بلقب «سفير الألحان»؟","Which Emirati composer and singer is known as the Ambassador of Melodies?","فايز السعيد","Fayez Al Saeed","Fayez Al Saeed Studios — Nseet Esmah production announcement","https://fayezsounds.ae/en/2020/06/10/%D8%A7%D8%B3%D8%AA%D9%88%D8%AF%D9%8A%D9%88%D9%87%D8%A7%D8%AA-%D9%81%D8%A7%D9%8A%D8%B2-%D8%A7%D9%84%D8%B3%D8%B9%D9%8A%D8%AF-%D8%AA%D8%B7%D9%84%D9%82-%D8%A3%D8%BA%D9%86%D9%8A%D8%A9-%D9%86%D8%B3%D9%8A/","Composer's own studio describes Fayez Al Saeed as Safeer Al Alhan, ambassador of melodies. Verified 2026-10-08.","2026-10-08"
"emirati_music_v2_047","easy200","song:hazzaaljaw:singer",,"من غنّى «الجو لندني» في النسخة الأصلية التي أصدرتها شركة الخوار عام 2015؟","Who sang the original Al Jaw Londani released by Al Khawar in 2015?","هزاع","Hazza","Al Khawar Art Production — original Al Jaw Londani credits","https://www.youtube.com/watch?v=Ay2RLF5mnfA","Official producer recording: singer/composer Hazza; lyricist Ali Al Khawar. Original audio marked 2015. Verified 2026-10-08.","2026-10-08"
"emirati_music_v2_048","easy200","song:fayezselfie:singer",,"من غنّى «سيلفي» في الفيديو الرسمي الصادر عام 2014؟","Who sang Selfie in its official 2014 music video?","فايز السعيد","Fayez Al Saeed","Fayez Al Saeed — official Selfie video","https://www.youtube.com/watch?v=ee0TU5IdXeg","Official artist recording marked 2014; vocals Fayez Al Saeed, lyrics Turki Al Sharif. Distinct from Rashed Al Majid's song of same title. Verified 2026-10-08.","2026-10-08"
"emirati_music_v2_049","easy200","song:diplomacy:singer",,"من المطربة صاحبة أغنية «دبلوماسي»؟","Which female singer performed Diplomacy?","بلقيس","Balqees","Balqees — official Diplomacy video","https://www.youtube.com/watch?v=17_sjGkKRro","Official artist video: singer Balqees; lyrics Aziz El Shaafei. No credits inferred from unrelated uploads. Verified 2026-10-08.","2026-10-08"
"emirati_music_v2_050","easy200","song:moajaba:singer",,"من غنّت «معجبة» في نسختها الأصلية لعام 2016؟","Who sang the original 2016 version of Moajaba?","شمة حمدان","Shamma Hamdan","Shamma Hamdan — official Moajaba credits","https://www.youtube.com/watch?v=E7ylGYzl-j8","Official original 2016 recording: lyrics Ahmad Al Sanea; music and vocals Shamma Hamdan. Verified 2026-10-08.","2026-10-08"
"emirati_music_v2_051","easy200","song:sersaada:singer",,"من غنّى «سر السعادة» في إعلان ماونتن ڤيو الرمضاني عام 2021؟","Who sang Ser El Saada in Mountain View's 2021 Ramadan advertisement?","حسين الجسمي","Hussain Al Jassmi","Hussain Al Jassmi — official Ser El Saada credits","https://www.youtube.com/watch?v=NkTJp-Qx23s","Official 2021 Mountain View Ramadan recording: vocals Hussain Al Jassmi; lyrics Nasr El Din Nagy; composition Ahmad Farhat. Verified 2026-10-08.","2026-10-08"
"emirati_music_v2_052","easy200","song:pieceheart:singer",,"من غنّى «حتة من قلبي» في التسجيل الأصلي لعام 2021؟","Who sang the original 2021 recording of Piece of My Heart?","حسين الجسمي","Hussain Al Jassmi","Hussain Al Jassmi — official Piece of My Heart recording","https://www.youtube.com/watch?v=f54g9F05ld8","2021 original: lyrics Ayman Bahgat Qamar; composition and vocals Hussain Al Jassmi. Verified 2026-10-08.","2026-10-08"
"emirati_music_v2_053","easy200","song:hathashayef:singer",,"من المطربة صاحبة أغنية «هذا اللي شايف نفسه»؟","Which female singer performs Haza Eli Shayef Nafsa?","أحلام","Ahlam","Ahlam — official Haza Eli Shayef Nafsa concert recording","https://www.youtube.com/watch?v=sRUXzT9YKXE","Official artist performance at Riyadh tribute concert identifies Ahlam as singer. No composer inferred. Verified 2026-10-08.","2026-10-08"
"emirati_music_v2_054","easy200","song:wayyakkhedni:singer",,"من غنّت «وياك خذني» في الفيديو الرسمي؟","Who sang Wayyak Khedni in its official video?","بلقيس","Balqees","Balqees — official Wayyak Khedni video","https://www.youtube.com/watch?v=z0Srp-n6C88","Artist's official video credits words Firas Al Habeeb; music Ali Saber; arrangement Mohib Al Rawi. Verified 2026-10-08.","2026-10-08"
"emirati_music_v2_055","easy200","institution:baitaloud:city",,"في أي مدينة إماراتية يقع معهد «بيت العود»؟","In which Emirati city is the Bait Al Oud music institute?","أبوظبي","Abu Dhabi","Abu Dhabi Festival — Emirati recital artist biographies","https://www.abudhabifestival.ae/events/emirati-recital-series","Bait Al Oud in Abu Dhabi founded 2008 under Naseer Shamma; Saif Al Naqbi oud; Noura Al Mazrouei qanun and author of Healing through Music; Ahmed Al Mansouri Ookhtul Qamar album. Biographical facts only; planned December 2026 concert not claimed to have occurred. Verified 2026-10-08.","2026-10-08"
"emirati_music_v2_056","easy200","song:taalachouf:singer",,"من غنّت «تعالى تشوف» في الفيديو الرسمي؟","Who sang Taala Tchouf in its official video?","بلقيس","Balqees","Balqees — official Taala Tchouf video","https://www.youtube.com/watch?v=rlbjePPcLlc","Official artist video identifies Balqees as singer. No songwriter credits inferred. Verified 2026-10-08.","2026-10-08"
"emirati_music_v2_057","easy200","song:barshloni:singer",,"من المطرب الإماراتي الذي غنّى «حبيبي برشلوني»؟","Which Emirati singer performed Habibi Barshloni?","حسين الجسمي","Hussain Al Jassmi","Hussain Al Jassmi — official Habibi Barshloni","https://www.youtube.com/watch?v=ryOzkq3SJpU","Original 2012 recording identifies Hussain Al Jassmi as singer. Verified 2026-10-08.","2026-10-08"
"emirati_music_v2_058","easy200","song:abiafham:singer",,"من غنّت «أبي أفهم» في نسختها الأصلية لعام 2017؟","Who sang the original 2017 recording of Abi Afham?","شمة حمدان","Shamma Hamdan","Shamma Hamdan — official Abi Afham","https://www.youtube.com/watch?v=rdfef03fi1c","Official original 2017 recording identifies Shamma Hamdan as singer. Verified 2026-10-08.","2026-10-08"
"emirati_music_v2_059","easy200","song:qahwawadaa:singer",,"من صاحب أغنية «قهوة وداع» الصادرة عام 2016؟","Who sang the 2016 song Qahwat Wadaa?","حسين الجسمي","Hussain Al Jassmi","Hussain Al Jassmi — official Qahwat Wadaa credits","https://www.youtube.com/watch?v=BKX5G_zmQA0","2016 original: singer Hussain Al Jassmi; lyrics Ahmad bin Thaher; music Ahmad Al Harmi. Verified 2026-10-08.","2026-10-08"
"emirati_music_v2_060","easy200","song:yalazem:singer",,"من المطربة صاحبة أغنية «يلازمني خيالك»؟","Which female singer performs Yalazemni Khayalak?","أحلام","Ahlam","Ahlam — official Yalazemni Khayalak Dubai Opera performance","https://www.youtube.com/watch?v=XUOys3VHzGc","Artist's official video identifies Ahlam singing Yalazemni Khayalak at Dubai Opera. No songwriter credits inferred. Verified 2026-10-08.","2026-10-08"
"emirati_music_v2_061","easy200","song:saqani:singer",,"من غنّى «سقاني الحب» في النسخة الرسمية لعام 2017؟","Who sang the official 2017 version of Saqani Al Hob?","حمد العامري","Hamad Al Ameri","Hamad Al Ameri — official Saqani Al Hob recording","https://www.youtube.com/watch?v=EoMdR4J4drY","Official 2017 recording; singer Hamad Al Ameri; lyrics Emirati poet Al Meem. Verified 2026-10-08.","2026-10-08"
"emirati_music_v2_062","easy200","song:mabrouk:singer",,"من المطربة صاحبة أغنية «مبروك» التي أصدرت روتانا فيديوها عام 2015؟","Which female singer performed Mabrouk in Rotana's 2015 music video?","بلقيس","Balqees","Rotana — official Mabrouk music video","https://www.youtube.com/watch?v=Rh9M8EBs6bw","Singer Balqees; words Turki Al Sharif; composition Fayez Al Saeed; album Zai Ma Ana. Verified 2026-10-08.","2026-10-08"
"emirati_music_v2_063","easy200","song:shammaaheb:singer",,"من غنّت «أحبك» في التسجيل الأصلي لعام 2016 الذي لحّنته بنفسها؟","Who sang the original 2016 Ahebk recording that she composed herself?","شمة حمدان","Shamma Hamdan","Shamma Hamdan — official Ahebk credits","https://www.youtube.com/watch?v=nPD8l7B_NQQ","2016 original: music/vocals Shamma Hamdan; words Ahmad Al Sanea. Verified 2026-10-08.","2026-10-08"
"emirati_music_v2_064","easy200","song:latathkir:singer",,"من غنّى «لا تذكرني» في النسخة الأصلية الصادرة عن شركة الخوار؟","Who sang the original La Tathkirni released by Al Khawar Art Production?","ميحد حمد","Mehad Hamad","Al Khawar Art Production — original La Tathkirni","https://www.youtube.com/watch?v=iChpfWTLeeE","Producer's original recording title credits singer Mehad Hamad. No composer inferred. Verified 2026-10-08.","2026-10-08"
"emirati_music_v2_065","easy200","song:alteir:singer",,"من المطرب الإماراتي الذي غنّى «الطير» في حفل المدرج الروماني بعمّان عام 2023؟","Which Emirati singer performed Al Teir at Amman's Roman Theatre in 2023?","حسين الجسمي","Hussain Al Jassmi","Hussain Al Jassmi — official Al Teir concert recording","https://www.youtube.com/watch?v=fN5b_MwD3-c","Official artist recording of Al Teir at Amman Roman Theatre 2023 identifies Hussain Al Jassmi. Verified 2026-10-08.","2026-10-08"
"emirati_music_v2_066","easy200","song:seta:singer",,"من المطرب الإماراتي صاحب أغنية «ستة الصبح»؟","Which Emirati singer performs Seta El Sobah?","حسين الجسمي","Hussain Al Jassmi","Hussain Al Jassmi — official Seta El Sobah credits","https://www.youtube.com/watch?v=-D0fOT0eRBI","2014 Arab Idol performance; lyrics Ayman Bahgat Qamar; music Walid Saad; arrangement Toma. Verified 2026-10-08.","2026-10-08"
"emirati_music_v2_067","easy200","song:hathana:singer",,"من غنّت «هذا أنا» في دار الأوبرا السلطانية بمسقط عام 2019؟","Who sang Hatha Ana at the Royal Opera House Muscat in 2019?","أحلام","Ahlam","Ahlam — official Hatha Ana Muscat performance credits","https://www.youtube.com/watch?v=O8jqtF8pJQQ","5 December 2019 Royal Opera House Muscat performance; lyrics Faisal Mohamed Al Sudairi; music Sahm; orchestra led by Amir Abdelmeguid. Verified 2026-10-08.","2026-10-08"
"emirati_music_v2_068","easy200","song:yamarini:singer",,"من المطرب الإماراتي صاحب أغنية «يمرني طاريك» الصادرة عام 2020؟","Which Emirati singer released Yamarini Tarik in 2020?","عيضة المنهالي","Eida Al Menhali","Eida Al Menhali — official Yamarini Tarik credits","https://www.youtube.com/watch?v=tbMZv4DCu8g","2020 song sung/composed by Eida Al Menhali; lyrics Saeed Al Rumaithi; arranger Mohannad Khodr. Verified 2026-10-08.","2026-10-08"
"emirati_music_v2_069","medium400","artist:jassmi:birthcity",,"في أي مدينة إماراتية وُلد حسين الجسمي؟","In which Emirati city was Hussain Al Jassmi born?","خورفكان","Khorfakkan","Hussain Al Jassmi — official biography","https://www.hussainaljassmi.com/copy-of-contact-us","Born in Khorfakkan; pianist and composer; Concerto di Natale appearance in 2018; honorary doctorates from Egyptian Academy of Arts 2015 and Cape Breton University 2017. Avoid promotional superlatives and changing audience totals. Verified 2026-10-07.","2026-10-08"
"emirati_music_v2_070","medium400","song:boshra:composer",,"من لحّن أغنية حسين الجسمي «بشرة خير»؟","Who composed Hussain Al Jassmi's Boshret Kheir?","عمرو مصطفى","Amr Mostafa","Hussain Al Jassmi — official Boshret Kheir Arab Idol performance","https://www.youtube.com/watch?v=bFt3dg0vAnc","Official 2014 performance credits singer Hussain Al Jassmi, composer Amr Mostafa and lyricist Ayman Bahgat Qamar. Verified 2026-10-07.","2026-10-08"
"emirati_music_v2_071","medium400","song:hazeen:lyricist",,"من الشاعر الذي كتب كلمات أغنية أحلام «حزين»؟","Which poet wrote the lyrics of Ahlam's Hazeen?","مساعد الرشيدي","Mosaed Al Rashidi","Ahlam — official Hazeen performance credits","https://www.youtube.com/watch?v=ZaS5w1iY4O0","Official 2023 Diamond Night performance: Hazeen sung by Ahlam; lyrics late Mosaed Al Rashidi; composer Sahm. Verified 2026-10-07.","2026-10-08"
"emirati_music_v2_072","medium400","album:balqees:debut",,"ما اسم ألبوم بلقيس الأول الصادر عام 2013؟","What was the title of Balqees's debut album released in 2013?","مجنون","Majnoun","The National — five Emirati women in music","https://www.thenationalnews.com/arts-culture/music/2022/08/28/from-ahlam-to-balqees-five-emirati-women-winning-music-fans-by-singing-with-purpose/","Ahlam judged Arab Idol and mentored The Voice in 2018. Shamma Hamdan reached Arabs Got Talent final and released Wash Kunt Aba Aqoul in 2013. Balqees debut Majnoun in 2013. Fafa supported Bruno Mars in 2019 and is Fatima Bin Safwan. Alya released Hung Up. Verified 2026-10-07.","2026-10-08"
"emirati_music_v2_073","medium400","album:shamma:2013",,"ما عنوان ألبوم شمة حمدان الصادر عام 2013؟","What is the title of Shamma Hamdan's 2013 album?","وش كنت أبى أقول","Wash Kunt Aba Aqoul","The National — five Emirati women in music","https://www.thenationalnews.com/arts-culture/music/2022/08/28/from-ahlam-to-balqees-five-emirati-women-winning-music-fans-by-singing-with-purpose/","Ahlam judged Arab Idol and mentored The Voice in 2018. Shamma Hamdan reached Arabs Got Talent final and released Wash Kunt Aba Aqoul in 2013. Balqees debut Majnoun in 2013. Fafa supported Bruno Mars in 2019 and is Fatima Bin Safwan. Alya released Hung Up. Verified 2026-10-07.","2026-10-08"
"emirati_music_v2_074","medium400","song:inhawetona:poet",,"من صاحب الكلمات التي غنّاها حسين الجسمي في «إن هويتونا»؟","Whose words did Hussain Al Jassmi sing in In Hawetona?","الشيخ زايد بن سلطان آل نهيان","Sheikh Zayed bin Sultan Al Nahyan","Rotana — official In Hawetona credits","https://www.youtube.com/watch?v=aoJ11BzCYfs","Hussain Al Jassmi 2004 album track; words Sheikh Zayed bin Sultan Al Nahyan; music Ali Kanoo. Verified 2026-10-07.","2026-10-08"
"emirati_music_v2_075","medium400","work:symphonythree:emiraticomposer",,"من الملحن الإماراتي الذي شارك جون ديبني وديفيد شاير في «سمفونية الثلاثة»؟","Which Emirati composer collaborated with John Debney and David Shire on Symphony of Three?","إيهاب درويش","Ihab Darwish","Abu Dhabi Festival — Symphony of Three","https://www.abudhabifestival.ae/events/symphony-of-three-peace-love-tolerance","Commissioned and produced by Abu Dhabi Festival; composers Ihab Darwish, John Debney and David Shire; interfaith ensembles. Verified 2026-10-07.","2026-10-08"
"emirati_music_v2_076","medium400","tv:ahlam:voice2018",,"في أي برنامج لاكتشاف المواهب الغنائية كانت أحلام مدرّبة عام 2018؟","On which singing talent show was Ahlam a coach in 2018?","ذا فويس: أحلى صوت","The Voice: Ahla Sawt","The National — five Emirati women in music","https://www.thenationalnews.com/arts-culture/music/2022/08/28/from-ahlam-to-balqees-five-emirati-women-winning-music-fans-by-singing-with-purpose/","Ahlam judged Arab Idol and mentored The Voice in 2018. Shamma Hamdan reached Arabs Got Talent final and released Wash Kunt Aba Aqoul in 2013. Balqees debut Majnoun in 2013. Fafa supported Bruno Mars in 2019 and is Fatima Bin Safwan. Alya released Hung Up. Verified 2026-10-07.","2026-10-08"
"emirati_music_v2_077","medium400","song:entaha:composer",,"من لحّن أغنية بلقيس «انتهى»؟","Who composed Balqees's Entaha?","عبدالعزيز الويس","Abdulaziz Louis","Balqees — official Entaha credits","https://www.youtube.com/watch?v=FK574gDKiM4","2021 recording by Balqees; lyrics Mshari Al Ibrahim; composer Abdulaziz Louis; arranger Ali Al Matrook; director Dan Haddad. Verified 2026-10-08.","2026-10-08"
"emirati_music_v2_078","medium400","song:seta:composer",,"من لحّن أغنية حسين الجسمي «ستة الصبح»؟","Who composed Hussain Al Jassmi's Seta El Sobah?","وليد سعد","Walid Saad","Hussain Al Jassmi — official Seta El Sobah credits","https://www.youtube.com/watch?v=-D0fOT0eRBI","2014 Arab Idol performance; lyrics Ayman Bahgat Qamar; music Walid Saad; arrangement Toma. Verified 2026-10-08.","2026-10-08"
"emirati_music_v2_079","medium400","song:fakadtek:lyricist",,"من كتب كلمات أغنية حسين الجسمي «فقدتك»؟","Who wrote the lyrics of Hussain Al Jassmi's Fakadtak?","فيصل اليامي","Faisal Al Yami","Hussain Al Jassmi — official Fakadtak performance","https://www.youtube.com/watch?v=Lz4O8p2Qv9M","Artist's 2015 Fes Festival performance; lyrics Faisal Al Yami; music Hussain Al Jassmi. Verified 2026-10-08.","2026-10-08"
"emirati_music_v2_080","medium400","song:qloob:singer",,"من غنّى قصيدة «قلوب ومحاني» التي لحّنها فايز السعيد؟","Who sang the poem Qloob Wa Mahani, composed by Fayez Al Saeed?","حمد العامري","Hamad Al Ameri","Hamdan bin Mohammed Literary Creativity Initiative — Qloob Wa Mahani","https://www.youtube.com/watch?v=qARNDxsOS-c","Official initiative recording sung by Hamad Al Ameri; poem Sheikh Hamdan bin Mohammed bin Rashid Al Maktoum; music Fayez Al Saeed. Upload year not used as original release date. Verified 2026-10-08.","2026-10-08"
"emirati_music_v2_081","medium400","song:bont:lyricist",,"من كتب كلمات «بالبنط العريض» لحسين الجسمي؟","Who wrote the lyrics of Bel Bont El Areedh for Hussain Al Jassmi?","أيمن بهجت قمر","Ayman Bahgat Qamar","Hussain Al Jassmi — official Bel Bont El Areedh credits","https://www.youtube.com/watch?v=M3sxUE4eIac","2020 recording sung and composed by Hussain Al Jassmi; lyrics Ayman Bahgat Qamar; arrangement Toma. Verified 2026-10-07.","2026-10-08"
"emirati_music_v2_082","medium400","song:ahebak:lyricist",,"من كتب كلمات أغنية حسين الجسمي «أحبك»؟","Who wrote the lyrics of Hussain Al Jassmi's Ahebak?","أحمد الصانع","Ahmad Al Sanea","Hussain Al Jassmi — official Ahebak credits","https://www.youtube.com/watch?v=6Q8e8tmKWMI","Artist's Ahebak recording credited lyrics Ahmad Al Sanea; music Hussain Al Jassmi; arrangement Walid Fayed. Title marked 2018 although upload 31 December 2017; no release-year question. Verified 2026-10-08.","2026-10-08"
"emirati_music_v2_083","medium400","song:hazeen:composer",,"بأي اسم فني يُعرف ملحن أغنية أحلام «حزين»؟","By which professional name is the composer of Ahlam's Hazeen known?","سهم","Sahm","Ahlam — official Hazeen performance credits","https://www.youtube.com/watch?v=ZaS5w1iY4O0","Official 2023 Diamond Night performance: Hazeen sung by Ahlam; lyrics late Mosaed Al Rashidi; composer Sahm. Verified 2026-10-07.","2026-10-08"
"emirati_music_v2_084","medium400","song:tadri:album",,"في أي ألبوم لأحلام ظهرت النسخة الأصلية من «تدري ليش» عام 1996؟","On which Ahlam album did the original Tadry Leesh appear in 1996?","مع السلامة","Maa Al Salama","Ahlam — official Tadry Leesh recording","https://www.youtube.com/watch?v=g-xwILx0cVM","Official original 1996 recording by Ahlam belongs to Maa Al Salama album; composer Aref Al Zayani verified 2026-10-08. Verified 2026-10-07.","2026-10-08"
"emirati_music_v2_085","medium400","song:aqrebtaal:duo",,"من الثنائي الذي سجّل «أقرب تعال» ضمن «قصائد مغناة بصوت نجوم الطرب الخليجي»؟","Which duo recorded Aqreb Taal on Qasaed Moghanna Besawt Nojoom Al Tarab Al Khaleeji?","أريام وفايز السعيد","Aryam and Fayez Al Saeed","Anghami — Al Saheb Al Maani","https://play.anghami.com/song/5090646?lang=ar","Recording performed by Mehad Hamad and Assala. Related licensed tracks list Aqreb Taal by Aryam/Fayez Al Saeed and Al Sheer Diwan by Abu Bakr Salem/Balqees. Verified 2026-10-07.","2026-10-08"
"emirati_music_v2_086","medium400","song:zanzibar:writercomposer",,"من كتب ولحّن أغنية «زنجبار» لعبدالله بالخير؟","Who wrote and composed Abdullah Bilkhair's Zanzibar?","إبراهيم جمعة","Ibrahim Juma","Abdullah Bilkhair — official Zanzibar performance","https://www.youtube.com/watch?v=I8LoTb_bBps","Official artist channel: Zanzibar words and music Ibrahim Juma; Layali Dubai 2012. Verified 2026-10-08.","2026-10-08"
"emirati_music_v2_087","medium400","song:weshthakkarak:album",,"في أي ألبوم لأحلام صدرت «وش ذكرك» عام 1995؟","On which Ahlam album was Wsh Zkrk released in 1995?","أحبك موت","Ahebak Moot","Ahlam — official Wsh Zkrk original recording","https://www.youtube.com/watch?v=cunKOJcc1tk","Original recording 1995, album Ahebak Moot; lyrics Khaled Al Bathal; music Anwar Abdullah; arrangement Munir Al Hariri. Verified 2026-10-08.","2026-10-08"
"emirati_music_v2_088","medium400","artist:fatima:recitalpianist",,"من عازفة البيانو التي رافقت فاطمة الهاشمي في سلسلة الأمسيات الإماراتية بمهرجان أبوظبي؟","Which pianist accompanied Fatima Al Hashimi in Abu Dhabi Festival's Emirati Recital Series?","إينا تشاريلي","Ina Chareli","Abu Dhabi Festival — Fatima Al Hashimi recital","https://www.abudhabifestival.ae/events/emirati-recital-series-fatima-al-hashmi","Emirati soprano Fatima Al Hashimi accompanied by pianist Ina Chareli; classical and traditional Arabic repertoire. Verified 2026-10-08.","2026-10-08"
"emirati_music_v2_089","medium400","work:threadslight:composer",,"من الملحن الإماراتي صاحب «خيوط من نور» التي قدّمتها أوركسترا دبي الوطنية للشباب في فيينا؟","Which Emirati composer wrote Threads of Light, performed by the National Youth Orchestra Dubai in Vienna?","إيهاب درويش","Ihab Darwish","WAM — National Youth Orchestra Dubai in Vienna","https://www.wam.ae/en/article/c149mfh-national-youth-orchestra-dubai-makes-history-with","Festival opening premiered Ihab Darwish's Threads of Light; National Youth Orchestra Dubai performed in Vienna including Musikverein Golden Hall. Artistic director Amira Fouad. Verified 2026-10-08.","2026-10-08"
"emirati_music_v2_090","medium400","song:lawahasayef:composer",,"من لحّن أغنية أريام «لا وحسايف»؟","Who composed Aryam's La Wa Hasayef?","خالد البراك","Khaled Al Barrak","Khaled bin Saud Al Kabeer — La Wa Hasayef credits","https://www.youtube.com/watch?v=wLHAgR4Ua34","Lyricist's own recording credits Khaled bin Saud Al Kabeer words, Aryam vocals, Khaled Al Barrak music. Verified 2026-10-08.","2026-10-08"
"emirati_music_v2_091","medium400","song:mazamahebak:arranger",,"من وزّع أغنية «أحبك» لمحمد المازم؟","Who arranged Mohamed Al Mazam's Ahebak?","حميد الشاعري","Hamid Al Shaeri","Mohamed Al Mazam — official Ahebak credits","https://www.youtube.com/watch?v=-H3RJAGwG6g","Artist recording: words Sheikh Nahyan bin Zayed; music Al Mazam; arrangement Hamid Al Shaeri. Verified 2026-10-08.","2026-10-08"
"emirati_music_v2_092","medium400","song:kashf:arranger",,"أي مطرب إماراتي تولّى توزيع «كشف المحبة» لمحمد الشحي؟","Which Emirati singer arranged Mohamed Al Shehhi's Kashf Al Mahabba?","عادل إبراهيم","Adel Ebrahim","Mohamed Al Shehhi — official Kashf Al Mahabba credits","https://www.youtube.com/watch?v=NGooJFgxx9M","2016 recording by Mohamed Al Shehhi; lyrics Ali Al Omari; music Mohamed Al Shehhi; arrangement Adel Ebrahim. Verified 2026-10-08.","2026-10-08"
"emirati_music_v2_093","medium400","song:talaa:lyricist",,"من كتب كلمات «طلع عاشق» لمنصور زايد؟","Who wrote the lyrics of Talaa Asheq for Mansour Zayed?","سعد المسلم","Saad Al Mosallam","Mansour Zayed — official Talaa Asheq credits","https://www.youtube.com/watch?v=Igolb_TZkXQ","2011 song and album by Mansour Zayed; lyrics Saad Al Mosallam; music Fahad Al Nasser; video Yasir Al Yasiri. Verified 2026-10-08.","2026-10-08"
"emirati_music_v2_094","medium400","song:dighewa:composer",,"من لحّن «دق هيوه» لفايز السعيد؟","Who composed Fayez Al Saeed's Dig Hewa?","عمار العاني","Ammar Al Ani","Fayez Al Saeed — official Dig Hewa video credits","https://www.youtube.com/watch?v=PA6AA5ge-Gk","Fayez Al Saeed Sound and Media copyright; singer Fayez Al Saeed; lyrics Firas Al Shathar; music Ammar Al Ani. Director Yasir Al Yasiri corroborated by his own upload https://www.youtube.com/watch?v=p7COh1VyCh0. Verified 2026-10-08.","2026-10-08"
"emirati_music_v2_095","medium400","song:mestaghreb:composer",,"من الملحن الإماراتي الذي لحّن «ومستغرب» لأحلام؟","Which Emirati composer wrote the music for Ahlam's WeMestaghrb?","فايز السعيد","Fayez Al Saeed","Ahlam — official WeMestaghrb credits","https://www.youtube.com/watch?v=EhgBCAEutFs","2016 Ahlam song; lyricist Abdulrahman Al Othman; composer Fayez Al Saeed; arranger Zaid Nadeem. Verified 2026-10-08.","2026-10-08"
"emirati_music_v2_096","medium400","song:jabbar:writercomposer",,"من كتب ولحّن أغنية بلقيس «جبّار»؟","Who wrote and composed Balqees's Jabbar?","رامي شافعي","Rami Shafei","Balqees — official Jabbar credits","https://www.youtube.com/watch?v=xSUe53M1BIY","2021 recording by Balqees; lyrics/music Rami Shafei; arrangement Omar Sabbagh; video Elie Fahed. Verified 2026-10-08.","2026-10-08"
"emirati_music_v2_097","medium400","song:yamarini:lyricist",,"من كتب كلمات «يمرني طاريك» لعيضة المنهالي؟","Who wrote the lyrics of Eida Al Menhali's Yamarini Tarik?","سعيد الرميثي","Saeed Al Rumaithi","Eida Al Menhali — official Yamarini Tarik credits","https://www.youtube.com/watch?v=tbMZv4DCu8g","2020 song sung/composed by Eida Al Menhali; lyrics Saeed Al Rumaithi; arranger Mohannad Khodr. Verified 2026-10-08.","2026-10-08"
"emirati_music_v2_098","medium400","tv:shamma:xperform",,"في أي برنامج كانت شمة حمدان تحكّم المواهب خلال لقائها مع بيلبورد عربية عام 2024؟","On which talent programme was Shamma Hamdan a judge when interviewed by Billboard Arabia in 2024?","إكس بيرفورم","XPerform","Billboard Arabia — direct interview with Shamma Hamdan","https://www.billboardarabia.com/%D8%AB%D9%82%D8%A7%D9%81%D8%A9/%D8%AA%D9%84%D9%81%D8%B2%D9%8A%D9%88%D9%86-%D9%88%D8%A3%D9%81%D9%84%D8%A7%D9%85/%D8%B4%D9%85%D8%A9-%D8%AD%D9%85%D8%AF%D8%A7%D9%86-%D8%B6%D9%8A%D9%81%D8%A9-%D8%A7%D9%84%D8%AD%D9%84%D9%82%D8%A9-%D8%A7%D9%84%D8%AB%D8%A7%D9%86%D9%8A%D8%A9-%D9%85%D9%86-%D8%A8%D8%B1%D9%86%D8%A7%D9%85%D8%AC-%D8%A3%D8%B3%D8%A8%D9%88%D8%B9-%D8%A8%D9%8A%D9%84%D8%A8%D9%88%D8%B1%D8%AF-%D8%B9%D8%B1%D8%A8%D9%8A%D8%A9-1754","2024 interview: Shamma self-taught guitar via YouTube; judges XPerform; song Moajaba reached Hot 100. Verified 2026-10-08.","2026-10-08"
"emirati_music_v2_099","medium400","artist:abri:bandalbums",,"من المغني الذي أصدرت فرقته ألبومي «صن تشايلد» و«بلانك نوتس»؟","Which singer's band released the albums Sunchild and Blank Notes?","حمدان العبري","Hamdan Al Abri","Dubai Culture — Hamdan Al Abri music profile","https://artsandculture.google.com/story/dubai-39-s-flourishing-music-scene-hamdan-al-abri-dubai-culture-arts-authority/bQXBGlfXgms0fg?hl=en","Hamdan Al Abri: band albums Sunchild/Blank Notes; solo EP 2011; (Re)birth on CSI S12E3; Falling on Ringer S1E7; Mallam album with Elie Afif; Dreamfleet with Mostyn Rischmueller/Adriano Konialidis. Verified 2026-10-08.","2026-10-08"
"emirati_music_v2_100","medium400","work:sumeida:composer",,"من الملحن صاحب أوبرا «أغنية صميدة»؟","Who composed the opera Sumeida's Song?","محمد فيروز","Mohammed Fairouz","Mohammed Fairouz — Sumeida's Song work page","https://mohammedfairouz.com/sumeidas-song-2009/","Fairouz opera based on Tawfiq Al Hakim's Song of Death; village in Upper Egypt. Verified 2026-10-08.","2026-10-08"
"emirati_music_v2_101","medium400","artist:mehad:giftinstrument",,"ما الآلة التي أهداها ميحد حمد للممثل تايريس خلال لقائهما في أبوظبي عام 2014؟","Which instrument did Mehad Hamad give actor Tyrese during their 2014 meeting in Abu Dhabi?","العود","Oud","The National — Mehad Hamad profile and direct recollections","https://www.thenationalnews.com/arts-culture/music/why-emirati-singer-mehad-hamad-is-the-uaes-johnny-cash-1.908712","Ma Tredni Hudood album (romanized La Tardini Hudud in article; Arabic title corroborated by official https://www.youtube.com/watch?v=mqEeZ-LXi3A) discussed at 2014 press conference. Gifted an oud to Tyrese in Abu Dhabi during Furious 7 filming. Dayem Abali incorporates electric piano; Sert Batwaada flamenco guitar. Verified 2026-10-08.","2026-10-08"
"emirati_music_v2_102","medium400","album:fairouzfollow:label",,"أي شركة موسيقى كلاسيكية أصدرت «فولو، بويت» لمحمد فيروز عام 2015؟","Which classical music label released Mohammed Fairouz's Follow, Poet in 2015?","دويتشه غراموفون","Deutsche Grammophon","Mohammed Fairouz — official biography","https://www.mohammedfairouz.com/","Follow, Poet released by Deutsche Grammophon 2015; includes Audenesque song cycle and Sadat ballet. Third symphony Poems and Prayers, fourth In the Shadow of No Towers premiered Carnegie Hall 2013. Verified 2026-10-08.","2026-10-08"
"emirati_music_v2_103","medium400","song:maktoum:composer",,"من لحّن أغنية عيضة المنهالي «مكتوم عنواني»؟","Who composed Eida Al Menhali's Maktoum Onwani?","فايز السعيد","Fayez Al Saeed","Fayez Al Saeed — official Maktoum Onwani credits","https://www.youtube.com/watch?v=5_lx1lHVsOI","Singer Eida Al Menhali; composer Fayez Al Saeed; poem Ahmad Al Marri; qanun Hasan Faleh; oud Sadiq Jafar. Verified 2026-10-08.","2026-10-08"
"emirati_music_v2_104","medium400","album:mehad:2014",,"ما ألبوم ميحد حمد الذي عقد حوله مؤتمراً صحفياً نادراً عام 2014؟","Which Mehad Hamad album was the subject of his rare 2014 press conference?","ما تردني حدود","Ma Tredni Hudood","The National — Mehad Hamad profile and direct recollections","https://www.thenationalnews.com/arts-culture/music/why-emirati-singer-mehad-hamad-is-the-uaes-johnny-cash-1.908712","Ma Tredni Hudood album (romanized La Tardini Hudud in article; Arabic title corroborated by official https://www.youtube.com/watch?v=mqEeZ-LXi3A) discussed at 2014 press conference. Gifted an oud to Tyrese in Abu Dhabi during Furious 7 filming. Dayem Abali incorporates electric piano; Sert Batwaada flamenco guitar. Verified 2026-10-08.","2026-10-08"
"emirati_music_v2_105","medium400","song:latasedqona:composer",,"من لحّن أغنية أحلام «لا تصدقونه» في تسجيلها الأصلي لعام 2001؟","Who composed Ahlam's original 2001 recording of La Tsadqonh?","عبدالله القعود","Abdullah Al Qaoud","Ahlam — official La Tsadqonh original recording","https://www.youtube.com/watch?v=DhQNx9hZK4M","Official artist recording identifies original as 2001 and composer Abdullah Al Qaoud. Verified 2026-10-08.","2026-10-08"
"emirati_music_v2_106","medium400","song:shalal:composer",,"من لحّن أغنية محمد الشحي «شلال» الصادرة عام 2025؟","Who composed Mohamed Al Shehhi's 2025 song Shalal?","محمد السلطان","Mohamed Al Sultan","Mohamed Al Shehhi — official Shalal credits","https://www.youtube.com/watch?v=addh6o-IwWA","2025 song by Mohamed Al Shehhi; lyrics Aref Al Hammadi; composition/arrangement Mohamed Al Sultan. Verified 2026-10-08.","2026-10-08"
"emirati_music_v2_107","medium400","ensemble:elham:firdaus",,"ما اسم الأوركسترا النسائية التي انضمت إليها عازفة التشيلّو إلهام المرزوقي؟","Which all-female orchestra did cellist Elham Al Marzooqi join?","أوركسترا الفردوس","Firdaus Orchestra","ADMAF — Elham Al Marzooqi biography","https://30.admaf.org/alumni/elham-almarzooqi","Emirati cellist, member of all-female Firdaus Orchestra mentored by A.R. Rahman; played Carnegie Hall in A Journey to the New World 2025. Verified 2026-10-07.","2026-10-08"
"emirati_music_v2_108","medium400","work:symphonythree:commissioner",,"أي مهرجان كلّف بإنتاج «سيمفونية الثلاثة: السلام والحب والتسامح»؟","Which festival commissioned Symphony of Three: Peace, Love and Tolerance?","مهرجان أبوظبي","Abu Dhabi Festival","Abu Dhabi Festival — Symphony of Three","https://www.abudhabifestival.ae/events/symphony-of-three-peace-love-tolerance","Commissioned and produced by Abu Dhabi Festival; composers Ihab Darwish, John Debney and David Shire; interfaith ensembles. Verified 2026-10-07.","2026-10-08"
"emirati_music_v2_109","medium400","work:eman:operettas",,"من الملحّنة الإماراتية التي وضعت موسيقى أوبريتي «عام زايد» و«أم الإمارات»؟","Which Emirati woman composed the Year of Zayed and Mother of Emirates operettas?","إيمان الهاشمي","Eman Al Hashimi","Eman Al Hashimi — official biography","https://emanalhashmi.ae/bio/","Emirati female composer/pianist; composed Year of Zayed and Mother of Emirates operettas; comedy film E-Large Jinx score 2019. Avoid unrelated personal qualifications or changing totals. Verified 2026-10-08.","2026-10-08"
"emirati_music_v2_110","medium400","work:fairouzfour:premierehall",,"في أي قاعة نيويوركية عُرضت سيمفونية محمد فيروز الرابعة لأول مرة عام 2013؟","In which New York concert hall did Mohammed Fairouz's fourth symphony premiere in 2013?","كارنيغي هول","Carnegie Hall","Mohammed Fairouz — official biography","https://www.mohammedfairouz.com/","Follow, Poet released by Deutsche Grammophon 2015; includes Audenesque song cycle and Sadat ballet. Third symphony Poems and Prayers, fourth In the Shadow of No Towers premiered Carnegie Hall 2013. Verified 2026-10-08.","2026-10-08"
"emirati_music_v2_111","medium400","song:mazroueizemati:singer",,"من المطرب الإماراتي صاحب تسجيل «في ذمتي»؟","Which Emirati singer recorded Fi Zematy?","فاضل المزروعي","Fadel Al Mazrouei","Fadel Al Mazrouei — official Fi Zematy recording","https://www.youtube.com/watch?v=rA0fiMeTZEc","Artist's original recording identifies Fadel Al Mazrouei as singer. Upload date is not treated as historical first release. Verified 2026-10-08.","2026-10-08"
"emirati_music_v2_112","medium400","song:malhoufa:composer",,"من لحّن أغنية أحلام «ملهوفة لصوتك»؟","Who composed Ahlam's Malhofa Le Soutak?","طلال","Talal","Ahlam — official Malhofa Le Soutak recording","https://www.youtube.com/watch?v=rUUzgT_2pIs","Official artist recording: lyrics Ahmad Alawi; composition Talal. No album date inferred. Verified 2026-10-08.","2026-10-08"
"emirati_music_v2_113","medium400","song:mayeseh:composer",,"من لحّن أغنية أحلام «ما يصح إلا الصحيح»؟","Who composed Ahlam's Ma Yeseh Ela Al Saheh?","عارف الزياني","Aref Al Zayani","Ahlam — official Ma Yeseh Ela Al Saheh performance","https://www.youtube.com/watch?v=tn5Ddmd7Nc8","Ahlam Saudi National Day 89 performance in Riyadh: words Sami Al Jamaan; music Aref Al Zayani. Verified 2026-10-08.","2026-10-08"
"emirati_music_v2_114","medium400","song:diplomacy:writer",,"من كتب كلمات أغنية بلقيس «دبلوماسي»؟","Who wrote the lyrics of Balqees's Diplomacy?","عزيز الشافعي","Aziz El Shaafei","Balqees — official Diplomacy video","https://www.youtube.com/watch?v=17_sjGkKRro","Official artist video: singer Balqees; lyrics Aziz El Shaafei. No credits inferred from unrelated uploads. Verified 2026-10-08.","2026-10-08"
"emirati_music_v2_115","medium400","song:halajdeeda:guest",,"من الفنانة المشاركة مع بلقيس في «حالة جديدة (دودوم)»؟","Which female artist features with Balqees on Hala Jdeeda (Dodom)?","كوين جي","Queen G","Balqees — official Hala Jdeeda video","https://www.youtube.com/watch?v=hFHnAmxyYTw","Official artist video title credits Balqees featuring Queen G. No credits inferred from other copies. Verified 2026-10-08.","2026-10-08"
"emirati_music_v2_116","medium400","song:sersaada:composer",,"من لحّن أغنية حسين الجسمي «سر السعادة» لإعلان رمضان 2021؟","Who composed Hussain Al Jassmi's Ser El Saada for the 2021 Ramadan advertisement?","أحمد فرحات","Ahmad Farhat","Hussain Al Jassmi — official Ser El Saada credits","https://www.youtube.com/watch?v=NkTJp-Qx23s","Official 2021 Mountain View Ramadan recording: vocals Hussain Al Jassmi; lyrics Nasr El Din Nagy; composition Ahmad Farhat. Verified 2026-10-08.","2026-10-08"
"emirati_music_v2_117","medium400","song:wayyakkhedni:composer",,"من لحّن أغنية بلقيس «وياك خذني»؟","Who composed Balqees's Wayyak Khedni?","علي صابر","Ali Saber","Balqees — official Wayyak Khedni video","https://www.youtube.com/watch?v=z0Srp-n6C88","Artist's official video credits words Firas Al Habeeb; music Ali Saber; arrangement Mohib Al Rawi. Verified 2026-10-08.","2026-10-08"
"emirati_music_v2_118","medium400","person:noura:instrument",,"ما الآلة الموسيقية التي تعزفها الدكتورة نورة المزروعي؟","Which musical instrument does Dr Noura Al Mazrouei play?","القانون","Qanun","Abu Dhabi Festival — Emirati recital artist biographies","https://www.abudhabifestival.ae/events/emirati-recital-series","Bait Al Oud in Abu Dhabi founded 2008 under Naseer Shamma; Saif Al Naqbi oud; Noura Al Mazrouei qanun and author of Healing through Music; Ahmed Al Mansouri Ookhtul Qamar album. Biographical facts only; planned December 2026 concert not claimed to have occurred. Verified 2026-10-08.","2026-10-08"
"emirati_music_v2_119","medium400","person:saifnaqbi:instrument",,"ما الآلة التي تخصّص في عزفها الموسيقي الإماراتي سيف النقبي؟","Which instrument is Emirati musician Saif Al Naqbi a specialist in playing?","العود","Oud","Abu Dhabi Festival — Emirati recital artist biographies","https://www.abudhabifestival.ae/events/emirati-recital-series","Bait Al Oud in Abu Dhabi founded 2008 under Naseer Shamma; Saif Al Naqbi oud; Noura Al Mazrouei qanun and author of Healing through Music; Ahmed Al Mansouri Ookhtul Qamar album. Biographical facts only; planned December 2026 concert not claimed to have occurred. Verified 2026-10-08.","2026-10-08"
"emirati_music_v2_120","medium400","song:qahwawadaa:composer",,"من لحّن أغنية حسين الجسمي «قهوة وداع»؟","Who composed Hussain Al Jassmi's Qahwat Wadaa?","أحمد الهرمي","Ahmad Al Harmi","Hussain Al Jassmi — official Qahwat Wadaa credits","https://www.youtube.com/watch?v=BKX5G_zmQA0","2016 original: singer Hussain Al Jassmi; lyrics Ahmad bin Thaher; music Ahmad Al Harmi. Verified 2026-10-08.","2026-10-08"
"emirati_music_v2_121","medium400","song:yensa:composer",,"من لحّن أغنية فايز السعيد «ينسى»؟","Who composed Fayez Al Saeed's Yensa?","وليد الشامي","Waleed Al Shami","Fayez Al Saeed — Yensa official artist credits","https://www.youtube.com/watch?v=9z7-rOr40eg","Artist release links FayezOfficial accounts; singer Fayez Al Saeed; words Mashaer Dubai; music Waleed Al Shami; arrangement Walid Fayed. Verified 2026-10-08.","2026-10-08"
"emirati_music_v2_122","medium400","person:mazam:schoolinstrument",,"ما الآلة التي كان محمد المازم يعزفها في فرقته المدرسية إلى جانب الغناء؟","Which instrument did Mohamed Al Mazam play in his school band while also singing?","الدرامز","Drums","Arabiyat — direct Mohamed Al Mazam interview, 12 April 2001","https://www.arabiyat.com/content/media/764.html","Artist recalls singing and drums in school band, oud tuition from Eid Al Faraj, 2001 Oyouni album and Janadriyah appearance. Verified 2026-10-08.","2026-10-08"
"emirati_music_v2_123","medium400","person:alya:auditiongroup",,"لأي فرقة بوب عالمية خاضت المغنية الإماراتية علياء تجارب أداء قبل انطلاقتها المنفردة؟","For which global pop group did Emirati singer Alya audition before launching her solo career?","ناو يونايتد","Now United","The National — direct Alya interview, 12 November 2020","https://www.thenationalnews.com/arts-culture/music/after-now-united-auditions-emirati-singer-alya-is-going-solo-i-haven-t-looked-back-1.1109683","Alya auditioned for Now United before solo debut Hung Up, signed Universal; her singer mother Chloe Butler coached studio harmonies; Hung Up video bowling alley. Verified 2026-10-08.","2026-10-08"
"emirati_music_v2_124","medium400","song:ajalail:composer",,"من لحّن أغنية حسين الجسمي «إجا الليل»؟","Who composed Hussain Al Jassmi's Aja Al Lail?","علي صابر","Ali Saber","Hussain Al Jassmi — official Aja Al Lail Opera House performance","https://www.youtube.com/watch?v=jC4jty-nyuU","Official 2019 Egyptian Opera House performance: singer Hussain Al Jassmi; music Ali Saber; introductory mawwal words Rami Al Aboudi. Verified 2026-10-08.","2026-10-08"
"emirati_music_v2_125","medium400","person:alya:debutsingle",,"ما اسم أغنية علياء المنفردة الأولى التي أصدرتها عام 2020؟","What was the title of Alya's debut solo single released in 2020?","هانغ أب","Hung Up","The National — direct Alya interview, 12 November 2020","https://www.thenationalnews.com/arts-culture/music/after-now-united-auditions-emirati-singer-alya-is-going-solo-i-haven-t-looked-back-1.1109683","Alya auditioned for Now United before solo debut Hung Up, signed Universal; her singer mother Chloe Butler coached studio harmonies; Hung Up video bowling alley. Verified 2026-10-08.","2026-10-08"
"emirati_music_v2_126","medium400","ensemble:firdaus:mentor",,"من الموسيقار الهندي الذي أشرف على أوركسترا الفردوس التي تضم إلهام المرزوقي؟","Which Indian composer mentored the Firdaus Orchestra that includes Elham Al Marzooqi?","إيه آر رحمان","A.R. Rahman","ADMAF — Elham Al Marzooqi biography","https://30.admaf.org/alumni/elham-almarzooqi","Emirati cellist, member of all-female Firdaus Orchestra mentored by A.R. Rahman; played Carnegie Hall in A Journey to the New World 2025. Verified 2026-10-07.","2026-10-08"
"emirati_music_v2_127","medium400","person:fatimahashmi:voicetype",,"ما التصنيف الأوبرالي لصوت المطربة الإماراتية فاطمة الهاشمي؟","What is Emirati singer Fatima Al Hashimi's operatic voice type?","سوبرانو","Soprano","Abu Dhabi Festival — Fatima Al Hashimi recital","https://www.abudhabifestival.ae/events/emirati-recital-series-fatima-al-hashmi","Emirati soprano Fatima Al Hashimi accompanied by pianist Ina Chareli; classical and traditional Arabic repertoire. Verified 2026-10-08.","2026-10-08"
"emirati_music_v2_128","medium400","song:dayemabali:arranger",,"من تولّى التوزيع الموسيقي لأغنية ميحد حمد «دايم ع بالي»؟","Who arranged Mehad Hamad's Dayem 3bali?","وليد فايد","Walid Fayed","Mehad Hamad — official Dayem 3bali credits","https://www.youtube.com/watch?v=mqEeZ-LXi3A","Official artist original: Arabic album title Ma Tredni Hudood; track Dayem 3bali; words Mohamed Mehad; music Mehad Hamad; arrangement Walid Fayed. Corroborates Arabic title missing from National transliteration. Verified 2026-10-08.","2026-10-08"
"emirati_music_v2_129","medium400","song:arqamleaving:singer",,"من مغني السول الإماراتي الذي يعرض فيديو أغنيته الأصلية «ليفينغ» على موقعه الرسمي؟","Which Emirati soul singer features his original Leaving video on his official website?","أرقم","Arqam","Arqam — official artist biography","https://arqammusic.com/","Artist identifies as Emirati soul and neo-soul singer; his site features original Leaving video. Verified 2026-10-08.","2026-10-08"
"emirati_music_v2_130","medium400","song:mabrouk:composer",,"من لحّن أغنية بلقيس «مبروك»؟","Who composed Balqees's Mabrouk?","فايز السعيد","Fayez Al Saeed","Rotana — official Mabrouk music video","https://www.youtube.com/watch?v=Rh9M8EBs6bw","Singer Balqees; words Turki Al Sharif; composition Fayez Al Saeed; album Zai Ma Ana. Verified 2026-10-08.","2026-10-08"
"emirati_music_v2_131","medium400","song:tadri:composer",,"من لحّن تسجيل أحلام الأصلي لأغنية «تدري ليش» عام 1996؟","Who composed Ahlam's original 1996 recording of Tadry Leesh?","عارف الزياني","Aref Al Zayani","Ahlam — official Tadry Leesh recording","https://www.youtube.com/watch?v=g-xwILx0cVM","Official original 1996 recording by Ahlam belongs to Maa Al Salama album; composer Aref Al Zayani verified 2026-10-08. Verified 2026-10-07.","2026-10-08"
"emirati_music_v2_132","medium400","song:mabrouk:album",,"في أي ألبوم لبلقيس وردت أغنية «مبروك» بحسب فيديو روتانا الرسمي؟","Which Balqees album contains Mabrouk, according to Rotana's official video?","زي ما أنا","Zai Ma Ana","Rotana — official Mabrouk music video","https://www.youtube.com/watch?v=Rh9M8EBs6bw","Singer Balqees; words Turki Al Sharif; composition Fayez Al Saeed; album Zai Ma Ana. Verified 2026-10-08.","2026-10-08"
"emirati_music_v2_133","medium400","person:mazam:2001festival",,"أي مهرجان سعودي قال محمد المازم عام 2001 إن مشاركته فيه حقّقت له حلماً؟","Which Saudi festival did Mohamed Al Mazam say in 2001 that performing at fulfilled a dream?","مهرجان الجنادرية","Janadriyah Festival","Arabiyat — direct Mohamed Al Mazam interview, 12 April 2001","https://www.arabiyat.com/content/media/764.html","Artist recalls singing and drums in school band, oud tuition from Eid Al Faraj, 2001 Oyouni album and Janadriyah appearance. Verified 2026-10-08.","2026-10-08"
"emirati_music_v2_134","medium400","person:alya:2020label",,"مع أي شركة تسجيل وقّعت علياء عند انطلاقتها المنفردة عام 2020؟","Which record label did Alya sign with at the launch of her solo career in 2020?","يونيفرسال","Universal","The National — direct Alya interview, 12 November 2020","https://www.thenationalnews.com/arts-culture/music/after-now-united-auditions-emirati-singer-alya-is-going-solo-i-haven-t-looked-back-1.1109683","Alya auditioned for Now United before solo debut Hung Up, signed Universal; her singer mother Chloe Butler coached studio harmonies; Hung Up video bowling alley. Verified 2026-10-08.","2026-10-08"
"emirati_music_v2_135","medium400","song:aanadt:2017tvchannel",,"على أي قناة ظهرت شمة حمدان في برنامج «من الآخر» بأغنية «عاندت فيك» عام 2017؟","On which channel did Shamma Hamdan appear on Min Al Akher with Aanadt Feek in 2017?","سما دبي","Sama Dubai","Shamma Hamdan — official Aanadt Feek performance credits","https://www.youtube.com/watch?v=jNXsqb5wgzY","Shamma Hamdan composed and sang Aanadt Feek; lyrics Ahmad Al Sanea; 2017 Min Al Akher appearance on Sama Dubai. Verified 2026-10-08.","2026-10-08"
"emirati_music_v2_136","medium400","institution:baitaloud:foundingmentor",,"تحت إشراف أي عازف عود تأسّس بيت العود في أبوظبي؟","Under which oud master's guidance was Bait Al Oud in Abu Dhabi founded?","نصير شمّة","Naseer Shamma","Abu Dhabi Festival — Emirati recital artist biographies","https://www.abudhabifestival.ae/events/emirati-recital-series","Bait Al Oud in Abu Dhabi founded 2008 under Naseer Shamma; Saif Al Naqbi oud; Noura Al Mazrouei qanun and author of Healing through Music; Ahmed Al Mansouri Ookhtul Qamar album. Biographical facts only; planned December 2026 concert not claimed to have occurred. Verified 2026-10-08.","2026-10-08"
"emirati_music_v2_137","hard600","song:inhawetona:composer",,"من لحّن «إن هويتونا» لحسين الجسمي، من ألبومه الصادر عام 2004؟","Who composed In Hawetona for Hussain Al Jassmi's 2004 album?","علي كانو","Ali Kanoo","Rotana — official In Hawetona credits","https://www.youtube.com/watch?v=aoJ11BzCYfs","Hussain Al Jassmi 2004 album track; words Sheikh Zayed bin Sultan Al Nahyan; music Ali Kanoo. Verified 2026-10-07.","2026-10-08"
"emirati_music_v2_138","hard600","work:symphonythree:inspiration",,"أي معلم في أبوظبي ألهم «سمفونية الثلاثة: السلام والحب والتسامح»؟","Which Abu Dhabi landmark inspired Symphony of Three: Peace, Love, Tolerance?","بيت العائلة الإبراهيمية","Abrahamic Family House","ADMAF — 2022 annual report","https://admaf.org/wp-content/uploads/2025/12/admaf_annuarlreport_2022-1.pdf","Symphony of Three inspired by Abrahamic Family House; Beethoven Academy Orchestra from Poland; four movements. Do not use conflicting individual middle-movement credits. Verified 2026-10-07.","2026-10-08"
"emirati_music_v2_139","hard600","work:curva:paintingtheme",,"أي رياضة يصوّرها عمل بوب بيك الذي ألهم إيهاب درويش في «كورفا غراندي»؟","Which sport is depicted in the Bob Peak painting that inspired Ihab Darwish's Curva Grande?","سباق السيارات","Car racing","Abu Dhabi Festival — Pictures at an Exhibition programme","https://www.abudhabifestival.ae/events/pictures-at-an-exhibition-the-painting-of-bob-peak","Ihab Darwish composed Curva Grande inspired by Bob Peak's Fastest Corners in Car Racing 1970. Verified 2026-10-07.","2026-10-08"
"emirati_music_v2_140","hard600","concert:kensington2025:venue",,"في أي قصر لندني أقيم حفل مهرجان أبوظبي الذي جمع إيهاب درويش وفاطمة الهاشمي وأحمد الحوسني في يونيو 2025؟","Which London palace hosted the Abu Dhabi Festival concert featuring Ihab Darwish, Fatima El Hashimi and Ahmed Al Housani in June 2025?","قصر كنسينغتون","Kensington Palace","Abu Dhabi Festival — Emirati artists at Kensington Palace","https://www.abudhabifestival.ae/events/concert-at-kensington-palace-with-emirati-artists","6 June 2025 Kensington Palace concert featured Ihab Darwish, Fatima El Hashimi and Ahmed Al Housani; collaboration with Peace and Prosperity Trust. Verified 2026-10-07.","2026-10-08"
"emirati_music_v2_141","hard600","artist:fafa:realname",,"ما الاسم الحقيقي للمغنية الإماراتية المعروفة فنياً باسم «فافا»؟","What is the real name of the Emirati singer known as Fafa?","فاطمة بن صفوان","Fatima Bin Safwan","The National — five Emirati women in music","https://www.thenationalnews.com/arts-culture/music/2022/08/28/from-ahlam-to-balqees-five-emirati-women-winning-music-fans-by-singing-with-purpose/","Ahlam judged Arab Idol and mentored The Voice in 2018. Shamma Hamdan reached Arabs Got Talent final and released Wash Kunt Aba Aqoul in 2013. Balqees debut Majnoun in 2013. Fafa supported Bruno Mars in 2019 and is Fatima Bin Safwan. Alya released Hung Up. Verified 2026-10-07.","2026-10-08"
"emirati_music_v2_142","hard600","artist:fafa:support2019",,"لأي نجم عالمي افتتحت فافا حفل ليلة رأس السنة عام 2019 في أبوظبي؟","For which international star did Fafa open the New Year's Eve 2019 concert in Abu Dhabi?","برونو مارس","Bruno Mars","The National — five Emirati women in music","https://www.thenationalnews.com/arts-culture/music/2022/08/28/from-ahlam-to-balqees-five-emirati-women-winning-music-fans-by-singing-with-purpose/","Ahlam judged Arab Idol and mentored The Voice in 2018. Shamma Hamdan reached Arabs Got Talent final and released Wash Kunt Aba Aqoul in 2013. Balqees debut Majnoun in 2013. Fafa supported Bruno Mars in 2019 and is Fatima Bin Safwan. Alya released Hung Up. Verified 2026-10-07.","2026-10-08"
"emirati_music_v2_143","hard600","work:algarabia:worldpremierecity",,"في أي مدينة إسبانية قُدّم العرض العالمي الأول لـ«الغَرَبية» الذي تضمّن موسيقى إيهاب درويش في مارس 2026؟","Which Spanish city hosted the March 2026 world premiere of Algarabia, featuring Ihab Darwish's music?","بامبلونا","Pamplona","Abu Dhabi Festival — Algarabia world-premiere programme","https://www.abudhabifestival.ae/events/algarabia-2","March 2026 world premiere in Pamplona at Museo Universidad de Navarra Theatre; includes Ihab Darwish's Hekayat in Reconciliation and Chords of Reverie in Prelude. Bridges Arab and flamenco traditions. Verified 2026-10-07.","2026-10-08"
"emirati_music_v2_144","hard600","artist:jassmi:canadianhonorary",,"أي جامعة كندية منحت حسين الجسمي دكتوراه فخرية عام 2017؟","Which Canadian university awarded Hussain Al Jassmi an honorary doctorate in 2017?","جامعة كيب بريتون","Cape Breton University","Hussain Al Jassmi — official biography","https://www.hussainaljassmi.com/copy-of-contact-us","Born in Khorfakkan; pianist and composer; Concerto di Natale appearance in 2018; honorary doctorates from Egyptian Academy of Arts 2015 and Cape Breton University 2017. Avoid promotional superlatives and changing audience totals. Verified 2026-10-07.","2026-10-08"
"emirati_music_v2_145","hard600","song:entaha:director",,"من أخرج الفيديو الرسمي لأغنية بلقيس «انتهى» عام 2021؟","Who directed the official 2021 video for Balqees's Entaha?","دان حداد","Dan Haddad","Balqees — official Entaha credits","https://www.youtube.com/watch?v=FK574gDKiM4","2021 recording by Balqees; lyrics Mshari Al Ibrahim; composer Abdulaziz Louis; arranger Ali Al Matrook; director Dan Haddad. Verified 2026-10-08.","2026-10-08"
"emirati_music_v2_146","hard600","song:kashf:lyricist",,"من كتب كلمات أغنية محمد الشحي «كشف المحبة»؟","Who wrote the lyrics of Mohamed Al Shehhi's Kashf Al Mahabba?","علي العمري","Ali Al Omari","Mohamed Al Shehhi — official Kashf Al Mahabba credits","https://www.youtube.com/watch?v=NGooJFgxx9M","2016 recording by Mohamed Al Shehhi; lyrics Ali Al Omari; music Mohamed Al Shehhi; arrangement Adel Ebrahim. Verified 2026-10-08.","2026-10-08"
"emirati_music_v2_147","hard600","song:talaa:composer",,"من لحّن «طلع عاشق» لمنصور زايد؟","Who composed Talaa Asheq for Mansour Zayed?","فهد الناصر","Fahad Al Nasser","Mansour Zayed — official Talaa Asheq credits","https://www.youtube.com/watch?v=Igolb_TZkXQ","2011 song and album by Mansour Zayed; lyrics Saad Al Mosallam; music Fahad Al Nasser; video Yasir Al Yasiri. Verified 2026-10-08.","2026-10-08"
"emirati_music_v2_148","hard600","song:dighewa:lyricist",,"من كتب كلمات «دق هيوه» لفايز السعيد؟","Who wrote the lyrics of Fayez Al Saeed's Dig Hewa?","فراس الشذر","Firas Al Shathar","Fayez Al Saeed — official Dig Hewa video credits","https://www.youtube.com/watch?v=PA6AA5ge-Gk","Fayez Al Saeed Sound and Media copyright; singer Fayez Al Saeed; lyrics Firas Al Shathar; music Ammar Al Ani. Director Yasir Al Yasiri corroborated by his own upload https://www.youtube.com/watch?v=p7COh1VyCh0. Verified 2026-10-08.","2026-10-08"
"emirati_music_v2_149","hard600","song:qloob:poet",,"من كتب قصيدة «قلوب ومحاني» التي غنّاها حمد العامري؟","Who wrote the poem Qloob Wa Mahani sung by Hamad Al Ameri?","الشيخ حمدان بن محمد بن راشد آل مكتوم","Sheikh Hamdan bin Mohammed bin Rashid Al Maktoum","Hamdan bin Mohammed Literary Creativity Initiative — Qloob Wa Mahani","https://www.youtube.com/watch?v=qARNDxsOS-c","Official initiative recording sung by Hamad Al Ameri; poem Sheikh Hamdan bin Mohammed bin Rashid Al Maktoum; music Fayez Al Saeed. Upload year not used as original release date. Verified 2026-10-08.","2026-10-08"
"emirati_music_v2_150","hard600","song:hathana:lyricist",,"من كتب كلمات «هذا أنا» لأحلام؟","Who wrote the lyrics of Ahlam's Hatha Ana?","فيصل محمد السديري","Faisal Mohamed Al Sudairi","Ahlam — official Hatha Ana Muscat performance credits","https://www.youtube.com/watch?v=O8jqtF8pJQQ","5 December 2019 Royal Opera House Muscat performance; lyrics Faisal Mohamed Al Sudairi; music Sahm; orchestra led by Amir Abdelmeguid. Verified 2026-10-08.","2026-10-08"
"emirati_music_v2_151","hard600","song:ahebak:arranger",,"من تولّى التوزيع الموسيقي لأغنية حسين الجسمي «أحبك»؟","Who arranged Hussain Al Jassmi's Ahebak?","وليد فايد","Walid Fayed","Hussain Al Jassmi — official Ahebak credits","https://www.youtube.com/watch?v=6Q8e8tmKWMI","Artist's Ahebak recording credited lyrics Ahmad Al Sanea; music Hussain Al Jassmi; arrangement Walid Fayed. Title marked 2018 although upload 31 December 2017; no release-year question. Verified 2026-10-08.","2026-10-08"
"emirati_music_v2_152","hard600","song:bahrrikba:poet",,"بأي اسم وقّع شاعر «بحر ركبه غلاهم» في دويتو عيضة المنهالي وبلقيس؟","Under which name was the lyricist credited for Bahr Rikbah Ghalahm in the Eida Al Menhali and Balqees duet?","الصامل","Al Samel","Balqees — official duet Bahr Rikbah Ghalahm / Nas Ghazer Mahum","https://www.youtube.com/watch?v=KKO9EkLqDkA","2020 duet Eida Al Menhali/Balqees; Bahr Rikbah lyrics Al Samel; Nas Ghazer words Shabaad; music Eida Al Menhali. Verified 2026-10-08.","2026-10-08"
"emirati_music_v2_153","hard600","artist:elham:carnegie2025work",,"ما عنوان الإنتاج الذي شاركت فيه إلهام المرزوقي في كارنيغي هول عام 2025؟","What was the title of the production in which Elham Al Marzooqi performed at Carnegie Hall in 2025?","رحلة إلى العالم الجديد","A Journey to the New World","ADMAF — Elham Al Marzooqi biography","https://30.admaf.org/alumni/elham-almarzooqi","Emirati cellist, member of all-female Firdaus Orchestra mentored by A.R. Rahman; played Carnegie Hall in A Journey to the New World 2025. Verified 2026-10-07.","2026-10-08"
"emirati_music_v2_154","hard600","work:chinasymphony:darwishpiece",,"ما مقطوعة إيهاب درويش التي ضمّها برنامج الأوركسترا السمفونية الوطنية الصينية في مهرجان أبوظبي؟","Which Ihab Darwish piece was included in the China National Symphony Orchestra's Abu Dhabi Festival programme?","يا بحر","Ya Bahr","Abu Dhabi Festival — China National Symphony Orchestra programme","https://www.abudhabifestival.ae/events/china-national-symphony-orchestra","Programme includes Ihab Darwish's Ya Bahr alongside The Butterfly Lovers and Scheherazade. Verified 2026-10-07.","2026-10-08"
"emirati_music_v2_155","hard600","work:hekayat128:orchestra",,"أي أوركسترا رافقت إيهاب درويش في «حكايات» ضمن مجلس محمد بن زايد لأجيال المستقبل عام 2021؟","Which orchestra joined Ihab Darwish for Hekayat at the Mohamed bin Zayed Majlis for Future Generations in 2021?","أوركسترا أكاديمية بيتهوفن","Beethoven Academy Orchestra","WAM — Mohamed bin Zayed Majlis for Future Generations 2021","https://www.wam.ae/en/article/hszrbxzf-mohamed-bin-zayed-majlis-for-future-generations","Hekayat: Symphonic Tales led by Ihab Darwish with Beethoven Academy Orchestra of Krakow, 128 performers from 20 countries. Verified 2026-10-08.","2026-10-08"
"emirati_music_v2_156","hard600","institution:baitaloud:2017classes",,"ما الآلة التي أضاف بيت العود في أبوظبي دروسها إلى برنامجه عام 2017؟","Which instrument did Bait Al Oud in Abu Dhabi introduce classes for in 2017?","الربابة","Rebabah","Department of Culture and Tourism — Bait Al Oud","https://abudhabiculture.ae/en/cultural-sites/culture-centers/bait-al-oud","Abu Dhabi institute founded 2008, led by Naseer Shamma; introduced rebabah classes in 2017. Verified 2026-10-08.","2026-10-08"
"emirati_music_v2_157","hard600","artist:eman:filmscore",,"لأي فيلم كوميدي إماراتي بعنوانه «إكس لارج» وضعت إيمان الهاشمي الموسيقى التصويرية؟","For which Emirati comedy film with XL in its title did Eman Al Hashimi compose the score?","نحس إكس لارج","E-Large Jinx","Eman Al Hashimi — official biography","https://emanalhashmi.ae/bio/","Emirati female composer/pianist; composed Year of Zayed and Mother of Emirates operettas; comedy film E-Large Jinx score 2019. Avoid unrelated personal qualifications or changing totals. Verified 2026-10-08.","2026-10-08"
"emirati_music_v2_158","hard600","song:shalal:lyricist",,"من كتب كلمات «شلال» لمحمد الشحي، الصادرة عام 2025؟","Who wrote the lyrics of Mohamed Al Shehhi's 2025 song Shalal?","عارف الحمادي","Aref Al Hammadi","Mohamed Al Shehhi — official Shalal credits","https://www.youtube.com/watch?v=addh6o-IwWA","2025 song by Mohamed Al Shehhi; lyrics Aref Al Hammadi; composition/arrangement Mohamed Al Sultan. Verified 2026-10-08.","2026-10-08"
"emirati_music_v2_159","hard600","song:lawahasayef:poet",,"من كتب كلمات أغنية أريام «لا وحسايف»؟","Who wrote the lyrics of Aryam's La Wa Hasayef?","خالد بن سعود الكبير","Khaled bin Saud Al Kabeer","Khaled bin Saud Al Kabeer — La Wa Hasayef credits","https://www.youtube.com/watch?v=wLHAgR4Ua34","Lyricist's own recording credits Khaled bin Saud Al Kabeer words, Aryam vocals, Khaled Al Barrak music. Verified 2026-10-08.","2026-10-08"
"emirati_music_v2_160","hard600","song:yaommi:composer",,"من لحّن العمل الجماعي «يا أمي» الذي شاركت فيه فاطمة «زهرة العين» وأريام وعبدالمنعم العامري وهزاع؟","Who composed the ensemble song Ya Ommi performed by Fatima Zahrat Al Ain, Aryam, Abdulmonem Al Ameri and Hazza?","موسى محمد","Mousa Mohamed","Fatima Zahrat Al Ain — official Ya Ommi ensemble credits","https://www.youtube.com/watch?v=YxzDCUn3qL4","Ya Ommi performers Fatima Zahrat Al Ain, Aryam, Abdulmonem Al Ameri and Hazza; lyrics Ahmad Al Marri; music Mousa Mohamed. Verified 2026-10-08.","2026-10-08"
"emirati_music_v2_161","hard600","song:mazamahebak:poet",,"من صاحب الكلمات التي غنّاها محمد المازم في «أحبك»؟","Whose words did Mohamed Al Mazam sing in Ahebak?","الشيخ نهيان بن زايد","Sheikh Nahyan bin Zayed","Mohamed Al Mazam — official Ahebak credits","https://www.youtube.com/watch?v=-H3RJAGwG6g","Artist recording: words Sheikh Nahyan bin Zayed; music Al Mazam; arrangement Hamid Al Shaeri. Verified 2026-10-08.","2026-10-08"
"emirati_music_v2_162","hard600","song:yasaaed:writercomposer",,"من صاحب كلمات ولحن «يا سعيد» التي أدّتها فرقة المزيود الحربية؟","Who wrote and composed Ya Saeed, performed by Al Mazyood Harbiya Band?","الشيخ صقر محمد القاسمي","Sheikh Saqr Mohammed Al Qasimi","Al Mazyood band — official Ya Saeed credits","https://www.youtube.com/watch?v=xO4Tt1w_ChA","Al Mazyood Harbiya band performance; words and music Sheikh Saqr Mohammed Al Qasimi; supervised by Saeed Al Mazyood. Verified 2026-10-08.","2026-10-08"
"emirati_music_v2_163","hard600","song:weshthakkarak:composer",,"من لحّن النسخة الأصلية لأغنية أحلام «وش ذكرك»؟","Who composed the original recording of Ahlam's Wsh Zkrk?","أنور عبدالله","Anwar Abdullah","Ahlam — official Wsh Zkrk original recording","https://www.youtube.com/watch?v=cunKOJcc1tk","Original recording 1995, album Ahebak Moot; lyrics Khaled Al Bathal; music Anwar Abdullah; arrangement Munir Al Hariri. Verified 2026-10-08.","2026-10-08"
"emirati_music_v2_164","hard600","artist:jassmi:egyptianhonorary",,"أي مؤسسة مصرية منحت حسين الجسمي دكتوراه فخرية عام 2015؟","Which Egyptian institution awarded Hussain Al Jassmi an honorary doctorate in 2015?","أكاديمية الفنون","Academy of Arts","Hussain Al Jassmi — official biography","https://www.hussainaljassmi.com/copy-of-contact-us","Born in Khorfakkan; pianist and composer; Concerto di Natale appearance in 2018; honorary doctorates from Egyptian Academy of Arts 2015 and Cape Breton University 2017. Avoid promotional superlatives and changing audience totals. Verified 2026-10-07.","2026-10-08"
"emirati_music_v2_165","hard600","song:abri:csitrack",,"أي أغنية لحمدان العبري استُخدمت في الحلقة الثالثة من الموسم الثاني عشر لمسلسل «سي إس آي»؟","Which Hamdan Al Abri song featured in episode three of CSI's twelfth season?","(ري) بيرث","(Re)birth","Dubai Culture — Hamdan Al Abri music profile","https://artsandculture.google.com/story/dubai-39-s-flourishing-music-scene-hamdan-al-abri-dubai-culture-arts-authority/bQXBGlfXgms0fg?hl=en","Hamdan Al Abri: band albums Sunchild/Blank Notes; solo EP 2011; (Re)birth on CSI S12E3; Falling on Ringer S1E7; Mallam album with Elie Afif; Dreamfleet with Mostyn Rischmueller/Adriano Konialidis. Verified 2026-10-08.","2026-10-08"
"emirati_music_v2_166","hard600","song:abri:ringertrack",,"أي أغنية لحمدان العبري ظهرت في الحلقة السابعة من الموسم الأول لمسلسل «رينغر»؟","Which Hamdan Al Abri song appeared in episode seven of Ringer's first season?","فولينغ","Falling","Dubai Culture — Hamdan Al Abri music profile","https://artsandculture.google.com/story/dubai-39-s-flourishing-music-scene-hamdan-al-abri-dubai-culture-arts-authority/bQXBGlfXgms0fg?hl=en","Hamdan Al Abri: band albums Sunchild/Blank Notes; solo EP 2011; (Re)birth on CSI S12E3; Falling on Ringer S1E7; Mallam album with Elie Afif; Dreamfleet with Mostyn Rischmueller/Adriano Konialidis. Verified 2026-10-08.","2026-10-08"
"emirati_music_v2_167","hard600","album:abri:mallampartner",,"مع أي موسيقي تعاون حمدان العبري في ألبوم «ملّام»؟","With which musician did Hamdan Al Abri collaborate on the album Mallam?","إيلي عفيف","Elie Afif","Dubai Culture — Hamdan Al Abri music profile","https://artsandculture.google.com/story/dubai-39-s-flourishing-music-scene-hamdan-al-abri-dubai-culture-arts-authority/bQXBGlfXgms0fg?hl=en","Hamdan Al Abri: band albums Sunchild/Blank Notes; solo EP 2011; (Re)birth on CSI S12E3; Falling on Ringer S1E7; Mallam album with Elie Afif; Dreamfleet with Mostyn Rischmueller/Adriano Konialidis. Verified 2026-10-08.","2026-10-08"
"emirati_music_v2_168","hard600","work:sumeida:playauthor",,"لأي كاتب تنتمي مسرحية «أغنية الموت» التي استندت إليها أوبرا محمد فيروز «أغنية صميدة»؟","Who wrote Song of Death, the play on which Mohammed Fairouz's Sumeida's Song is based?","توفيق الحكيم","Tawfiq Al Hakim","Mohammed Fairouz — Sumeida's Song work page","https://mohammedfairouz.com/sumeidas-song-2009/","Fairouz opera based on Tawfiq Al Hakim's Song of Death; village in Upper Egypt. Verified 2026-10-08.","2026-10-08"
"emirati_music_v2_169","hard600","work:fairouzshadow:novelist",,"من صاحب الرواية المصوّرة التي ألهمت «إن ذا شادو أوف نو تاورز» لمحمد فيروز؟","Who created the graphic novel that inspired Mohammed Fairouz's In the Shadow of No Towers?","آرت شبيغلمان","Art Spiegelman","Mohammed Fairouz — official discography","https://mohammedfairouz.com/discography/","In the Shadow of No Towers based on Art Spiegelman's graphic novel, performed University of Kansas wind ensemble conducted Paul W. Popiel. Verified 2026-10-08.","2026-10-08"
"emirati_music_v2_170","hard600","work:fairouzfollow:ballet",,"ما الباليه الذي ضمّه ألبوم محمد فيروز «فولو، بويت» عام 2015 إلى جانب دورة «أودينيسك» الغنائية؟","Which ballet appeared alongside the Audenesque song cycle on Mohammed Fairouz's 2015 album Follow, Poet?","السادات","Sadat","Mohammed Fairouz — official biography","https://www.mohammedfairouz.com/","Follow, Poet released by Deutsche Grammophon 2015; includes Audenesque song cycle and Sadat ballet. Third symphony Poems and Prayers, fourth In the Shadow of No Towers premiered Carnegie Hall 2013. Verified 2026-10-08.","2026-10-08"
"emirati_music_v2_171","hard600","song:sketanak:lyricist",,"من كتب كلمات أغنية محمد الشحي «سكت عنك»؟","Who wrote the lyrics of Mohamed Al Shehhi's Sket Anak?","حسين خميس","Hussain Khamis","Mohamed Al Shehhi — official Sket Anak credits","https://www.youtube.com/watch?v=Ijhz-DZ5BGI","2019 song sung by Mohamed Al Shehhi; lyrics Hussain Khamis; melody credited to folk tradition; arranger Adel Ebrahim. Verified 2026-10-08.","2026-10-08"
"emirati_music_v2_172","hard600","song:mestaghreb:lyricist",,"من كتب كلمات أغنية أحلام «ومستغرب»؟","Who wrote the lyrics of Ahlam's WeMestaghrb?","عبدالرحمن العثمان","Abdulrahman Al Othman","Ahlam — official WeMestaghrb credits","https://www.youtube.com/watch?v=EhgBCAEutFs","2016 Ahlam song; lyricist Abdulrahman Al Othman; composer Fayez Al Saeed; arranger Zaid Nadeem. Verified 2026-10-08.","2026-10-08"
"emirati_music_v2_173","hard600","song:mohim:arranger",,"من تولّى التوزيع الموسيقي لأغنية حسين الجسمي «مهم جداً» عام 2019؟","Who arranged Hussain Al Jassmi's 2019 recording of Mohim Jiddan?","حسام كامل","Hossam Kamel","Hussain Al Jassmi — official Mohim Jiddan credits","https://www.youtube.com/watch?v=7PVUkGWcprU","2019 recording sung/composed by Hussain Al Jassmi; lyrics Ahmad Al Sanea; arrangement Hossam Kamel. Verified 2026-10-08.","2026-10-08"
"emirati_music_v2_174","hard600","song:entaha:lyricist",,"من كتب كلمات أغنية بلقيس «انتهى»؟","Who wrote the lyrics of Balqees's Entaha?","مشاري إبراهيم","Mshari Al Ibrahim","Balqees — official Entaha credits","https://www.youtube.com/watch?v=FK574gDKiM4","2021 recording by Balqees; lyrics Mshari Al Ibrahim; composer Abdulaziz Louis; arranger Ali Al Matrook; director Dan Haddad. Verified 2026-10-08.","2026-10-08"
"emirati_music_v2_175","hard600","song:maktoum:lyricist",,"من كتب كلمات أغنية عيضة المنهالي «مكتوم عنواني»؟","Who wrote the lyrics of Eida Al Menhali's Maktoum Onwani?","أحمد المرّي","Ahmad Al Marri","Fayez Al Saeed — official Maktoum Onwani credits","https://www.youtube.com/watch?v=5_lx1lHVsOI","Singer Eida Al Menhali; composer Fayez Al Saeed; poem Ahmad Al Marri; qanun Hasan Faleh; oud Sadiq Jafar. Verified 2026-10-08.","2026-10-08"
"emirati_music_v2_176","hard600","song:dighewa:director",,"من أخرج فيديو أغنية فايز السعيد «دق هيوه»؟","Who directed Fayez Al Saeed's Dig Hewa music video?","ياسر الياسري","Yasir Al Yasiri","Fayez Al Saeed — official Dig Hewa video credits","https://www.youtube.com/watch?v=PA6AA5ge-Gk","Fayez Al Saeed Sound and Media copyright; singer Fayez Al Saeed; lyrics Firas Al Shathar; music Ammar Al Ani. Director Yasir Al Yasiri corroborated by his own upload https://www.youtube.com/watch?v=p7COh1VyCh0. Verified 2026-10-08.","2026-10-08"
"emirati_music_v2_177","hard600","ensemble:youthdubai:directorvienna",,"من المديرة الفنية لأوركسترا دبي الوطنية للشباب المذكورة في تقرير رحلتها إلى فيينا؟","Who was the artistic director of National Youth Orchestra Dubai named in the report of its Vienna trip?","أميرة فؤاد","Amira Fouad","WAM — National Youth Orchestra Dubai in Vienna","https://www.wam.ae/en/article/c149mfh-national-youth-orchestra-dubai-makes-history-with","Festival opening premiered Ihab Darwish's Threads of Light; National Youth Orchestra Dubai performed in Vienna including Musikverein Golden Hall. Artistic director Amira Fouad. Verified 2026-10-08.","2026-10-08"
"emirati_music_v2_178","hard600","album:abri:soloepyear",,"في أي عام أصدر حمدان العبري أول أسطوانة قصيرة منفردة له بعد نشاطه مع فرقة «عبري»؟","In which year did Hamdan Al Abri release his first solo EP after his work with the band Abri?","2011","2011","Dubai Culture — Hamdan Al Abri music profile","https://artsandculture.google.com/story/dubai-39-s-flourishing-music-scene-hamdan-al-abri-dubai-culture-arts-authority/bQXBGlfXgms0fg?hl=en","Hamdan Al Abri: band albums Sunchild/Blank Notes; solo EP 2011; (Re)birth on CSI S12E3; Falling on Ringer S1E7; Mallam album with Elie Afif; Dreamfleet with Mostyn Rischmueller/Adriano Konialidis. Verified 2026-10-08.","2026-10-08"
"emirati_music_v2_179","hard600","work:fairouzthird:title",,"ما عنوان السيمفونية الثالثة لمحمد فيروز؟","What is the title of Mohammed Fairouz's third symphony?","قصائد وصلوات","Poems and Prayers","Mohammed Fairouz — official biography","https://www.mohammedfairouz.com/","Follow, Poet released by Deutsche Grammophon 2015; includes Audenesque song cycle and Sadat ballet. Third symphony Poems and Prayers, fourth In the Shadow of No Towers premiered Carnegie Hall 2013. Verified 2026-10-08.","2026-10-08"
"emirati_music_v2_180","hard600","song:hazzaaljaw:writer",,"من كتب كلمات أغنية هزاع «الجو لندني»؟","Who wrote the lyrics of Hazza's Al Jaw Londani?","علي الخوار","Ali Al Khawar","Al Khawar Art Production — original Al Jaw Londani credits","https://www.youtube.com/watch?v=Ay2RLF5mnfA","Official producer recording: singer/composer Hazza; lyricist Ali Al Khawar. Original audio marked 2015. Verified 2026-10-08.","2026-10-08"
"emirati_music_v2_181","hard600","song:fayezselfie:writer",,"من كتب كلمات أغنية فايز السعيد «سيلفي» الصادرة عام 2014؟","Who wrote the lyrics of Fayez Al Saeed's 2014 Selfie?","تركي الشريف","Turki Al Sharif","Fayez Al Saeed — official Selfie video","https://www.youtube.com/watch?v=ee0TU5IdXeg","Official artist recording marked 2014; vocals Fayez Al Saeed, lyrics Turki Al Sharif. Distinct from Rashed Al Majid's song of same title. Verified 2026-10-08.","2026-10-08"
"emirati_music_v2_182","hard600","song:mayeseh:writer",,"من كتب كلمات أغنية أحلام «ما يصح إلا الصحيح»؟","Who wrote the lyrics of Ahlam's Ma Yeseh Ela Al Saheh?","سامي الجمعان","Sami Al Jamaan","Ahlam — official Ma Yeseh Ela Al Saheh performance","https://www.youtube.com/watch?v=tn5Ddmd7Nc8","Ahlam Saudi National Day 89 performance in Riyadh: words Sami Al Jamaan; music Aref Al Zayani. Verified 2026-10-08.","2026-10-08"
"emirati_music_v2_183","hard600","song:malhoufa:writer",,"من كتب كلمات أغنية أحلام «ملهوفة لصوتك»؟","Who wrote the lyrics of Ahlam's Malhofa Le Soutak?","أحمد علوي","Ahmad Alawi","Ahlam — official Malhofa Le Soutak recording","https://www.youtube.com/watch?v=rUUzgT_2pIs","Official artist recording: lyrics Ahmad Alawi; composition Talal. No album date inferred. Verified 2026-10-08.","2026-10-08"
"emirati_music_v2_184","hard600","song:moajaba:writer",,"من كتب كلمات أغنية شمة حمدان «معجبة»؟","Who wrote the lyrics of Shamma Hamdan's Moajaba?","أحمد الصانع","Ahmad Al Sanea","Shamma Hamdan — official Moajaba credits","https://www.youtube.com/watch?v=E7ylGYzl-j8","Official original 2016 recording: lyrics Ahmad Al Sanea; music and vocals Shamma Hamdan. Verified 2026-10-08.","2026-10-08"
"emirati_music_v2_185","hard600","song:sersaada:writer",,"من كتب كلمات أغنية حسين الجسمي «سر السعادة» لإعلان رمضان 2021؟","Who wrote the lyrics of Hussain Al Jassmi's Ser El Saada for the 2021 Ramadan advertisement?","نصر الدين ناجي","Nasr El Din Nagy","Hussain Al Jassmi — official Ser El Saada credits","https://www.youtube.com/watch?v=NkTJp-Qx23s","Official 2021 Mountain View Ramadan recording: vocals Hussain Al Jassmi; lyrics Nasr El Din Nagy; composition Ahmad Farhat. Verified 2026-10-08.","2026-10-08"
"emirati_music_v2_186","hard600","song:pieceheart:writer",,"من كتب كلمات أغنية حسين الجسمي «حتة من قلبي» عام 2021؟","Who wrote the lyrics of Hussain Al Jassmi's 2021 Piece of My Heart?","أيمن بهجت قمر","Ayman Bahgat Qamar","Hussain Al Jassmi — official Piece of My Heart recording","https://www.youtube.com/watch?v=f54g9F05ld8","2021 original: lyrics Ayman Bahgat Qamar; composition and vocals Hussain Al Jassmi. Verified 2026-10-08.","2026-10-08"
"emirati_music_v2_187","hard600","song:wayyakkhedni:writer",,"من كتب كلمات أغنية بلقيس «وياك خذني»؟","Who wrote the lyrics of Balqees's Wayyak Khedni?","فراس الحبيب","Firas Al Habeeb","Balqees — official Wayyak Khedni video","https://www.youtube.com/watch?v=z0Srp-n6C88","Artist's official video credits words Firas Al Habeeb; music Ali Saber; arrangement Mohib Al Rawi. Verified 2026-10-08.","2026-10-08"
"emirati_music_v2_188","hard600","institution:baitaloud:founded",,"في أي عام تأسّس بيت العود في أبوظبي؟","In which year was Bait Al Oud in Abu Dhabi founded?","2008","2008","Department of Culture and Tourism — Bait Al Oud","https://abudhabiculture.ae/en/cultural-sites/culture-centers/bait-al-oud","Abu Dhabi institute founded 2008, led by Naseer Shamma; introduced rebabah classes in 2017. Verified 2026-10-08.","2026-10-08"
"emirati_music_v2_189","hard600","person:noura:musicbook",,"من الموسيقية الإماراتية التي ألّفت كتاب «الشفاء بالموسيقى» بدعم من مؤسسة أبوظبي للموسيقى والفنون؟","Which Emirati musician wrote Healing through Music with support from Abu Dhabi Music & Arts Foundation?","نورة المزروعي","Noura Al Mazrouei","Abu Dhabi Festival — Emirati recital artist biographies","https://www.abudhabifestival.ae/events/emirati-recital-series","Bait Al Oud in Abu Dhabi founded 2008 under Naseer Shamma; Saif Al Naqbi oud; Noura Al Mazrouei qanun and author of Healing through Music; Ahmed Al Mansouri Ookhtul Qamar album. Biographical facts only; planned December 2026 concert not claimed to have occurred. Verified 2026-10-08.","2026-10-08"
"emirati_music_v2_190","hard600","song:qahwawadaa:writer",,"من كتب كلمات أغنية حسين الجسمي «قهوة وداع»؟","Who wrote the lyrics of Hussain Al Jassmi's Qahwat Wadaa?","أحمد بن ظاهر","Ahmad bin Thaher","Hussain Al Jassmi — official Qahwat Wadaa credits","https://www.youtube.com/watch?v=BKX5G_zmQA0","2016 original: singer Hussain Al Jassmi; lyrics Ahmad bin Thaher; music Ahmad Al Harmi. Verified 2026-10-08.","2026-10-08"
"emirati_music_v2_191","hard600","song:yensa:writer",,"ما الاسم الفني لكاتب كلمات أغنية فايز السعيد «ينسى»؟","What is the pen name of the lyricist of Fayez Al Saeed's Yensa?","مشاعر دبي","Mashaer Dubai","Fayez Al Saeed — Yensa official artist credits","https://www.youtube.com/watch?v=9z7-rOr40eg","Artist release links FayezOfficial accounts; singer Fayez Al Saeed; words Mashaer Dubai; music Waleed Al Shami; arrangement Walid Fayed. Verified 2026-10-08.","2026-10-08"
"emirati_music_v2_192","hard600","person:mazam:oudteacher",,"من علّم محمد المازم أسس الموسيقى والعزف على العود بحسب حديثه عام 2001؟","Who taught Mohamed Al Mazam music fundamentals and oud playing, according to his 2001 interview?","عيد الفرج","Eid Al Faraj","Arabiyat — direct Mohamed Al Mazam interview, 12 April 2001","https://www.arabiyat.com/content/media/764.html","Artist recalls singing and drums in school band, oud tuition from Eid Al Faraj, 2001 Oyouni album and Janadriyah appearance. Verified 2026-10-08.","2026-10-08"
"emirati_music_v2_193","hard600","album:mazam:2001",,"ما اسم الألبوم الذي كان محمد المازم يقدّمه لجمهوره في حديثه إلى «عربيات» عام 2001؟","Which album was Mohamed Al Mazam presenting to his audience in his 2001 Arabiyat interview?","عيوني","Oyouni","Arabiyat — direct Mohamed Al Mazam interview, 12 April 2001","https://www.arabiyat.com/content/media/764.html","Artist recalls singing and drums in school band, oud tuition from Eid Al Faraj, 2001 Oyouni album and Janadriyah appearance. Verified 2026-10-08.","2026-10-08"
"emirati_music_v2_194","hard600","person:alya:mothermusicmentor",,"ما اسم المغنية البريطانية والدة علياء التي ساعدتها في تناغم الأصوات أثناء تسجيل «هانغ أب»؟","What is the name of Alya's British singer mother who helped with vocal harmonies while recording Hung Up?","كلوي باتلر","Chloe Butler","The National — direct Alya interview, 12 November 2020","https://www.thenationalnews.com/arts-culture/music/after-now-united-auditions-emirati-singer-alya-is-going-solo-i-haven-t-looked-back-1.1109683","Alya auditioned for Now United before solo debut Hung Up, signed Universal; her singer mother Chloe Butler coached studio harmonies; Hung Up video bowling alley. Verified 2026-10-08.","2026-10-08"
"emirati_music_v2_195","hard600","song:saqani:poet",,"بأي اسم أدبي تُعرف الشاعرة الإماراتية التي كتبت «سقاني الحب» لحمد العامري؟","By which pen name is the Emirati poet who wrote Hamad Al Ameri's Saqani Al Hob known?","الميم","Al Meem","Hamad Al Ameri — official Saqani Al Hob recording","https://www.youtube.com/watch?v=EoMdR4J4drY","Official 2017 recording; singer Hamad Al Ameri; lyrics Emirati poet Al Meem. Verified 2026-10-08.","2026-10-08"
"emirati_music_v2_196","hard600","person:hamadtaee:virtualorchestrayear",,"في أي عام كوّن حمد الطائي أوركسترا افتراضية خلال جائحة كورونا؟","In which year did Hamad Al Taee form a virtual orchestra during the coronavirus pandemic?","2020","2020","Al Etihad — direct interview with Hamad Al Taee","https://www.aletihad.ae/news/%D8%AF%D9%86%D9%8A%D8%A7/4113338/%D8%AD%D9%85%D8%AF-%D8%A7%D9%84%D8%B7%D8%A7%D8%A6%D9%8A----%D8%A7%D9%84%D9%85%D9%88%D8%B3%D9%8A%D9%82%D9%8A-%D8%A7%D9%84%D8%B7%D9%8A%D8%A7%D8%B1","Emirati pianist/composer and pilot; formed virtual orchestra in 2020 pandemic. Avoid current size/participation totals. Verified 2026-10-08.","2026-10-08"
"emirati_music_v2_197","hard600","work:fairouzfour:recordingconductor",,"من قاد فرقة النفخ بجامعة كانساس في تسجيل «إن ذا شادو أوف نو تاورز» لمحمد فيروز؟","Who conducted the University of Kansas wind ensemble in the recording of Mohammed Fairouz's In the Shadow of No Towers?","بول دبليو بوبييل","Paul W. Popiel","Mohammed Fairouz — official discography","https://mohammedfairouz.com/discography/","In the Shadow of No Towers based on Art Spiegelman's graphic novel, performed University of Kansas wind ensemble conducted Paul W. Popiel. Verified 2026-10-08.","2026-10-08"
"emirati_music_v2_198","hard600","person:jassmi:2018christmasconcert",,"ما اسم الحفل الخيري الإيطالي الذي شارك فيه حسين الجسمي احتفالاً بعيد الميلاد عام 2018؟","What was the name of the Italian charity Christmas concert in which Hussain Al Jassmi participated in 2018?","كونشيرتو دي ناتالي","Concerto di Natale","Hussain Al Jassmi — official biography","https://www.hussainaljassmi.com/copy-of-contact-us","Born in Khorfakkan; pianist and composer; Concerto di Natale appearance in 2018; honorary doctorates from Egyptian Academy of Arts 2015 and Cape Breton University 2017. Avoid promotional superlatives and changing audience totals. Verified 2026-10-07.","2026-10-08"
"emirati_music_v2_199","hard600","song:shammaaheb:writer",,"من كتب كلمات أغنية شمة حمدان «أحبك» الصادرة عام 2016؟","Who wrote the lyrics of Shamma Hamdan's 2016 Ahebk?","أحمد الصانع","Ahmad Al Sanea","Shamma Hamdan — official Ahebk credits","https://www.youtube.com/watch?v=nPD8l7B_NQQ","2016 original: music/vocals Shamma Hamdan; words Ahmad Al Sanea. Verified 2026-10-08.","2026-10-08"
"emirati_music_v2_200","hard600","song:dayemabali:instrument",,"ما الآلة ذات المفاتيح التي أدخلها ميحد حمد إلى «دايم ع بالي» بحسب تقرير «ذا ناشيونال»؟","Which keyboard instrument did Mehad Hamad incorporate into Dayem 3bali, according to The National's profile?","البيانو الكهربائي","Electric piano","The National — Mehad Hamad profile and direct recollections","https://www.thenationalnews.com/arts-culture/music/why-emirati-singer-mehad-hamad-is-the-uaes-johnny-cash-1.908712","Ma Tredni Hudood album (romanized La Tardini Hudud in article; Arabic title corroborated by official https://www.youtube.com/watch?v=mqEeZ-LXi3A) discussed at 2014 press conference. Gifted an oud to Tyrese in Abu Dhabi during Furious 7 filming. Dayem Abali incorporates electric piano; Sert Batwaada flamenco guitar. Verified 2026-10-08.","2026-10-08"
"emirati_music_v2_201","hard600","song:hathana:2019orchestraleader",,"من قاد الأوركسترا المصاحبة لأحلام في أداء «هذا أنا» بدار الأوبرا السلطانية عام 2019؟","Who led Ahlam's accompanying orchestra for Hatha Ana at the Royal Opera House in 2019?","أمير عبدالمجيد","Amir Abdelmeguid","Ahlam — official Hatha Ana Muscat performance credits","https://www.youtube.com/watch?v=O8jqtF8pJQQ","5 December 2019 Royal Opera House Muscat performance; lyrics Faisal Mohamed Al Sudairi; music Sahm; orchestra led by Amir Abdelmeguid. Verified 2026-10-08.","2026-10-08"
"emirati_music_v2_202","hard600","song:alyahungup:videosetting",,"في أي مكان رياضي دارت أحداث فيديو «هانغ أب» لعلياء؟","In which sporting venue was Alya's Hung Up video set?","صالة بولينغ","A bowling alley","The National — direct Alya interview, 12 November 2020","https://www.thenationalnews.com/arts-culture/music/after-now-united-auditions-emirati-singer-alya-is-going-solo-i-haven-t-looked-back-1.1109683","Alya auditioned for Now United before solo debut Hung Up, signed Universal; her singer mother Chloe Butler coached studio harmonies; Hung Up video bowling alley. Verified 2026-10-08.","2026-10-08"
"emirati_music_v2_203","hard600","song:sersaada:director",,"من أخرج إعلان «سر السعادة» الذي غنّاه حسين الجسمي لماونتن ڤيو في رمضان 2021؟","Who directed the Mountain View 2021 Ramadan Ser El Saada advertisement sung by Hussain Al Jassmi?","عمر هلال","Omar Hilal","Hussain Al Jassmi — official Ser El Saada credits","https://www.youtube.com/watch?v=NkTJp-Qx23s","Official 2021 Mountain View Ramadan recording: vocals Hussain Al Jassmi; lyrics Nasr El Din Nagy; composition Ahmad Farhat. Verified 2026-10-08.","2026-10-08"
"emirati_music_v2_204","hard600","song:ajalail:mawwalwriter",,"من كتب كلمات الموال المصاحب لأغنية حسين الجسمي «إجا الليل»؟","Who wrote the words of the mawwal accompanying Hussain Al Jassmi's Aja Al Lail?","رامي العبودي","Rami Al Aboudi","Hussain Al Jassmi — official Aja Al Lail Opera House performance","https://www.youtube.com/watch?v=jC4jty-nyuU","Official 2019 Egyptian Opera House performance: singer Hussain Al Jassmi; music Ali Saber; introductory mawwal words Rami Al Aboudi. Verified 2026-10-08.","2026-10-08"
