"pair","hash","decision","reason"
"arabic_music_v2_079/uae_general_v2_094","d106e747321781f497e22ce5b3cb2af032caebca9672d8bc088e018b19ab6e71","distinct","Assistant inspected heritage:iraqimaqam:inscriptionyear: In which year was Iraqi Maqam inscribed on UNESCO's Representative List of Intangible Cultural Heritage? (2008) against culture:talli:unesco-year: In which year was Emirati Talli inscribed on UNESCO's Intangible Cultural Heritage list? (2022). These identify different works, different institutions or different artist attributes. The review compares every completed bank, including Egyptian Music; ambiguous or unsupported release credits were excluded during research. Different song credits, artist instruments, labels, collaborators and musical genres remain separate relations; no retained pair asks the same relation about the same entity."
"arabic_music_v2_079/uae_general_v2_121","d09ba2746177cc41d33c7ce2938c4c3afc7ed9ad29e95bd26899b1c30386335a","distinct","Assistant inspected heritage:iraqimaqam:inscriptionyear: In which year was Iraqi Maqam inscribed on UNESCO's Representative List of Intangible Cultural Heritage? (2008) against heritage:faya:unesco-year: In which year was the Faya Palaeolandscape inscribed on UNESCO's World Heritage List? (2025). These identify different works, different institutions or different artist attributes. The review compares every completed bank, including Egyptian Music; ambiguous or unsupported release credits were excluded during research. Different song credits, artist instruments, labels, collaborators and musical genres remain separate relations; no retained pair asks the same relation about the same entity."
"arabic_music_v2_080/uae_general_v2_094","463391084693d368a7db9be3711c384ef1b7156f20e93da00dcb030f04cd7ca7","distinct","Assistant inspected heritage:qudoud:inscriptionyear: In which year was Al-Qudoud al-Halabiya inscribed on UNESCO's Representative List of Intangible Cultural Heritage? (2021) against culture:talli:unesco-year: In which year was Emirati Talli inscribed on UNESCO's Intangible Cultural Heritage list? (2022). These identify different works, different institutions or different artist attributes. The review compares every completed bank, including Egyptian Music; ambiguous or unsupported release credits were excluded during research. Different song credits, artist instruments, labels, collaborators and musical genres remain separate relations; no retained pair asks the same relation about the same entity."
"arabic_music_v2_104/uae_general_v2_094","cb385ecb5f28ff80f0bfb12730c3664ce91b11efa0ba3f2a38cfde74617c1100","distinct","Assistant inspected heritage:gnawa:inscriptionyear: In which year was Gnawa inscribed on UNESCO's Representative List of Intangible Cultural Heritage? (2019) against culture:talli:unesco-year: In which year was Emirati Talli inscribed on UNESCO's Intangible Cultural Heritage list? (2022). These identify different works, different institutions or different artist attributes. The review compares every completed bank, including Egyptian Music; ambiguous or unsupported release credits were excluded during research. Different song credits, artist instruments, labels, collaborators and musical genres remain separate relations; no retained pair asks the same relation about the same entity."
"arabic_music_v2_104/uae_general_v2_121","930a90c775d550481c797ce846e04559d23a0cc1bbdf37c1519c3c84cce3ddc3","distinct","Assistant inspected heritage:gnawa:inscriptionyear: In which year was Gnawa inscribed on UNESCO's Representative List of Intangible Cultural Heritage? (2019) against heritage:faya:unesco-year: In which year was the Faya Palaeolandscape inscribed on UNESCO's World Heritage List? (2025). These identify different works, different institutions or different artist attributes. The review compares every completed bank, including Egyptian Music; ambiguous or unsupported release credits were excluded during research. Different song credits, artist instruments, labels, collaborators and musical genres remain separate relations; no retained pair asks the same relation about the same entity."
"arabic_music_v2_105/uae_general_v2_094","883c44d59807dc493ae3631767ed5209b74aef5905ab8aad2a7ae890519f02a7","distinct","Assistant inspected heritage:rai:inscriptionyear: In which year was Algeria's Rai singing inscribed on UNESCO's Representative List of Intangible Cultural Heritage? (2022) against culture:talli:unesco-year: In which year was Emirati Talli inscribed on UNESCO's Intangible Cultural Heritage list? (2022). These identify different works, different institutions or different artist attributes. The review compares every completed bank, including Egyptian Music; ambiguous or unsupported release credits were excluded during research. Different song credits, artist instruments, labels, collaborators and musical genres remain separate relations; no retained pair asks the same relation about the same entity."
"arabic_music_v2_079/uae_heritage_v2_132","9fb94f041e2dbc26b919fbb01b0b93cf7fb221e5694c36966a43994137b7aab7","distinct","Assistant inspected heritage:iraqimaqam:inscriptionyear: In which year was Iraqi Maqam inscribed on UNESCO's Representative List of Intangible Cultural Heritage? (2008) against unesco:ayyala:year: In which year was Al Ayyala inscribed on UNESCO's intangible cultural heritage list? (2014). These identify different works, different institutions or different artist attributes. The review compares every completed bank, including Egyptian Music; ambiguous or unsupported release credits were excluded during research. Different song credits, artist instruments, labels, collaborators and musical genres remain separate relations; no retained pair asks the same relation about the same entity."
"arabic_music_v2_079/uae_heritage_v2_133","d5dac0a9210826d403058dbea18f88f37e1b6ac2a4daf9e41f06e63b6c30b1be","distinct","Assistant inspected heritage:iraqimaqam:inscriptionyear: In which year was Iraqi Maqam inscribed on UNESCO's Representative List of Intangible Cultural Heritage? (2008) against unesco:razfa:year: In which year was Al Razfa inscribed on the Representative List of Intangible Cultural Heritage? (2015). These identify different works, different institutions or different artist attributes. The review compares every completed bank, including Egyptian Music; ambiguous or unsupported release credits were excluded during research. Different song credits, artist instruments, labels, collaborators and musical genres remain separate relations; no retained pair asks the same relation about the same entity."
"arabic_music_v2_080/uae_heritage_v2_132","86caa26ee96b3b13c9396933849b2223a223cfbb2194c8f3909e85f7404897ff","distinct","Assistant inspected heritage:qudoud:inscriptionyear: In which year was Al-Qudoud al-Halabiya inscribed on UNESCO's Representative List of Intangible Cultural Heritage? (2021) against unesco:ayyala:year: In which year was Al Ayyala inscribed on UNESCO's intangible cultural heritage list? (2014). These identify different works, different institutions or different artist attributes. The review compares every completed bank, including Egyptian Music; ambiguous or unsupported release credits were excluded during research. Different song credits, artist instruments, labels, collaborators and musical genres remain separate relations; no retained pair asks the same relation about the same entity."
"arabic_music_v2_080/uae_heritage_v2_133","121351de2a091f648079f5666bb5f1ac81baa7300a2a7474e813a88d388363ce","distinct","Assistant inspected heritage:qudoud:inscriptionyear: In which year was Al-Qudoud al-Halabiya inscribed on UNESCO's Representative List of Intangible Cultural Heritage? (2021) against unesco:razfa:year: In which year was Al Razfa inscribed on the Representative List of Intangible Cultural Heritage? (2015). These identify different works, different institutions or different artist attributes. The review compares every completed bank, including Egyptian Music; ambiguous or unsupported release credits were excluded during research. Different song credits, artist instruments, labels, collaborators and musical genres remain separate relations; no retained pair asks the same relation about the same entity."
"arabic_music_v2_104/uae_heritage_v2_132","b3d2acc50c8c791b169e49268bc1713cc4c57d06827892a8bd58e4b49f2d9778","distinct","Assistant inspected heritage:gnawa:inscriptionyear: In which year was Gnawa inscribed on UNESCO's Representative List of Intangible Cultural Heritage? (2019) against unesco:ayyala:year: In which year was Al Ayyala inscribed on UNESCO's intangible cultural heritage list? (2014). These identify different works, different institutions or different artist attributes. The review compares every completed bank, including Egyptian Music; ambiguous or unsupported release credits were excluded during research. Different song credits, artist instruments, labels, collaborators and musical genres remain separate relations; no retained pair asks the same relation about the same entity."
"arabic_music_v2_104/uae_heritage_v2_133","fe0e6ebe00b9fc349e73e57c32b9f335feb283d1ba59eeca8956b7692b59c52b","distinct","Assistant inspected heritage:gnawa:inscriptionyear: In which year was Gnawa inscribed on UNESCO's Representative List of Intangible Cultural Heritage? (2019) against unesco:razfa:year: In which year was Al Razfa inscribed on the Representative List of Intangible Cultural Heritage? (2015). These identify different works, different institutions or different artist attributes. The review compares every completed bank, including Egyptian Music; ambiguous or unsupported release credits were excluded during research. Different song credits, artist instruments, labels, collaborators and musical genres remain separate relations; no retained pair asks the same relation about the same entity."
"arabic_music_v2_105/uae_heritage_v2_132","4b8f3d9e24467a670ab3a35ea3788c1f8e5a4a2f6b1f543c2ac7cd0282c18ad7","distinct","Assistant inspected heritage:rai:inscriptionyear: In which year was Algeria's Rai singing inscribed on UNESCO's Representative List of Intangible Cultural Heritage? (2022) against unesco:ayyala:year: In which year was Al Ayyala inscribed on UNESCO's intangible cultural heritage list? (2014). These identify different works, different institutions or different artist attributes. The review compares every completed bank, including Egyptian Music; ambiguous or unsupported release credits were excluded during research. Different song credits, artist instruments, labels, collaborators and musical genres remain separate relations; no retained pair asks the same relation about the same entity."
"arabic_music_v2_105/uae_heritage_v2_133","5af38536ad2d431cdb55ba9ad7d16b429c4becaa378f4d3a6a66a60c4626fcca","distinct","Assistant inspected heritage:rai:inscriptionyear: In which year was Algeria's Rai singing inscribed on UNESCO's Representative List of Intangible Cultural Heritage? (2022) against unesco:razfa:year: In which year was Al Razfa inscribed on the Representative List of Intangible Cultural Heritage? (2015). These identify different works, different institutions or different artist attributes. The review compares every completed bank, including Egyptian Music; ambiguous or unsupported release credits were excluded during research. Different song credits, artist instruments, labels, collaborators and musical genres remain separate relations; no retained pair asks the same relation about the same entity."
"arabic_music_v2_079/kuwait_general_v2_100","d7d73801dcd1d1dc12d88a81411dcd0c70303b3f4a4b92575095716d1dea2b7d","distinct","Assistant inspected heritage:iraqimaqam:inscriptionyear: In which year was Iraqi Maqam inscribed on UNESCO's Representative List of Intangible Cultural Heritage? (2008) against diwaniya:unesco:year: In which year was Kuwait's Diwaniya inscribed on UNESCO's intangible cultural heritage list? (2025). These identify different works, different institutions or different artist attributes. The review compares every completed bank, including Egyptian Music; ambiguous or unsupported release credits were excluded during research. Different song credits, artist instruments, labels, collaborators and musical genres remain separate relations; no retained pair asks the same relation about the same entity."
"arabic_music_v2_080/kuwait_general_v2_100","75ed99a44d93dd152a9fcf40ca7e08aa2ebb30c2765874ee195f55531550e866","distinct","Assistant inspected heritage:qudoud:inscriptionyear: In which year was Al-Qudoud al-Halabiya inscribed on UNESCO's Representative List of Intangible Cultural Heritage? (2021) against diwaniya:unesco:year: In which year was Kuwait's Diwaniya inscribed on UNESCO's intangible cultural heritage list? (2025). These identify different works, different institutions or different artist attributes. The review compares every completed bank, including Egyptian Music; ambiguous or unsupported release credits were excluded during research. Different song credits, artist instruments, labels, collaborators and musical genres remain separate relations; no retained pair asks the same relation about the same entity."
"arabic_music_v2_104/kuwait_general_v2_100","95160304f429e48d9abf5dd2c4fb2ffcea7501c532ef5a40c7368c98a3c2acda","distinct","Assistant inspected heritage:gnawa:inscriptionyear: In which year was Gnawa inscribed on UNESCO's Representative List of Intangible Cultural Heritage? (2019) against diwaniya:unesco:year: In which year was Kuwait's Diwaniya inscribed on UNESCO's intangible cultural heritage list? (2025). These identify different works, different institutions or different artist attributes. The review compares every completed bank, including Egyptian Music; ambiguous or unsupported release credits were excluded during research. Different song credits, artist instruments, labels, collaborators and musical genres remain separate relations; no retained pair asks the same relation about the same entity."
"arabic_music_v2_105/kuwait_general_v2_100","752c633886e7f6eadb064ae75b6bf168a2651b9582069d65741548b458c3712c","distinct","Assistant inspected heritage:rai:inscriptionyear: In which year was Algeria's Rai singing inscribed on UNESCO's Representative List of Intangible Cultural Heritage? (2022) against diwaniya:unesco:year: In which year was Kuwait's Diwaniya inscribed on UNESCO's intangible cultural heritage list? (2025). These identify different works, different institutions or different artist attributes. The review compares every completed bank, including Egyptian Music; ambiguous or unsupported release credits were excluded during research. Different song credits, artist instruments, labels, collaborators and musical genres remain separate relations; no retained pair asks the same relation about the same entity."
"arabic_music_v2_130/kuwait_general_v2_090","6e04574e572355b90e2deb05b61ce06a48c5c4284fb8499129d7529facabbca2","distinct","Assistant inspected festival:baalbek:foundation: In which year was the Baalbeck International Festival founded? (1956) against museum:rajab:opening: In which year was the Tareq Rajab Museum founded? (1980). These identify different works, different institutions or different artist attributes. The review compares every completed bank, including Egyptian Music; ambiguous or unsupported release credits were excluded during research. Different song credits, artist instruments, labels, collaborators and musical genres remain separate relations; no retained pair asks the same relation about the same entity."
"arabic_music_v2_161/kuwait_general_v2_075","811f8b069fdaa31d0f7157a4d0ae5111e99e76875b88515daf9242208aa64bb5","distinct","Assistant inspected song:ayshalak:lyricist: Who wrote the lyrics of Elissa's Ayshalak? (Mohammed Rifai) against anthem:lyrics:writer: Who wrote the lyrics of Kuwait's national anthem? (Ahmad Meshari Al-Adwani). These identify different works, different institutions or different artist attributes. The review compares every completed bank, including Egyptian Music; ambiguous or unsupported release credits were excluded during research. Different song credits, artist instruments, labels, collaborators and musical genres remain separate relations; no retained pair asks the same relation about the same entity."
"arabic_music_v2_169/kuwait_general_v2_075","db305ae6c7c8badcb3a8699222da197b5fb9568aec5d42bd53ae717be46e5980","distinct","Assistant inspected song:majbour:lyricist: Who wrote the lyrics of Nassif Zeytoun's Majbour? (Ali Al Mawla) against anthem:lyrics:writer: Who wrote the lyrics of Kuwait's national anthem? (Ahmad Meshari Al-Adwani). These identify different works, different institutions or different artist attributes. The review compares every completed bank, including Egyptian Music; ambiguous or unsupported release credits were excluded during research. Different song credits, artist instruments, labels, collaborators and musical genres remain separate relations; no retained pair asks the same relation about the same entity."
"arabic_music_v2_002/emirati_music_v2_049","6e7f01d40329324c7171078588005933d093ddb50e6f403893d086db82211d0c","distinct","Assistant inspected song:saalounyelnas:singer: Which Lebanese singer performs Saalouny El Nas? (Fairuz) against song:diplomacy:singer: Which female singer performed Diplomacy? (Balqees). These identify different works, different institutions or different artist attributes. The review compares every completed bank, including Egyptian Music; ambiguous or unsupported release credits were excluded during research. Different song credits, artist instruments, labels, collaborators and musical genres remain separate relations; no retained pair asks the same relation about the same entity."
"arabic_music_v2_013/emirati_music_v2_049","6124e5568a288731e42a62e1b8b1f128ae68385f618c4562d1dddeed70a91343","distinct","Assistant inspected song:waedmenni:singer: Which Iraqi singer performs Waed Menni? (Rahma Riad) against song:diplomacy:singer: Which female singer performed Diplomacy? (Balqees). These identify different works, different institutions or different artist attributes. The review compares every completed bank, including Egyptian Music; ambiguous or unsupported release credits were excluded during research. Different song credits, artist instruments, labels, collaborators and musical genres remain separate relations; no retained pair asks the same relation about the same entity."
"arabic_music_v2_018/emirati_music_v2_013","0a825f3987f17014f89f30052ca42f9e7e8d70a0216d863ee54f2bd7e159ffb6","distinct","Assistant inspected song:saharni:singer: Which Lebanese singer released the song and album Saharni? (Najwa Karam) against song:talaa:singer: Which Emirati singer released the song and album Talaa Asheq in 2011? (Mansour Zayed). These identify different works, different institutions or different artist attributes. The review compares every completed bank, including Egyptian Music; ambiguous or unsupported release credits were excluded during research. Different song credits, artist instruments, labels, collaborators and musical genres remain separate relations; no retained pair asks the same relation about the same entity."
"arabic_music_v2_018/emirati_music_v2_049","bf7f4f9f7c082be172c3a8c626e234184db36653fa485db0a9eb55883a995ab3","distinct","Assistant inspected song:saharni:singer: Which Lebanese singer released the song and album Saharni? (Najwa Karam) against song:diplomacy:singer: Which female singer performed Diplomacy? (Balqees). These identify different works, different institutions or different artist attributes. The review compares every completed bank, including Egyptian Music; ambiguous or unsupported release credits were excluded during research. Different song credits, artist instruments, labels, collaborators and musical genres remain separate relations; no retained pair asks the same relation about the same entity."
"arabic_music_v2_019/emirati_music_v2_049","172621a38a496d8558436644d16b7ab79d6e9f523b9a740ca654b879bb107218","distinct","Assistant inspected song:twassafeyi:singer: Which Lebanese singer performs Twassa Feyi? (Yara) against song:diplomacy:singer: Which female singer performed Diplomacy? (Balqees). These identify different works, different institutions or different artist attributes. The review compares every completed bank, including Egyptian Music; ambiguous or unsupported release credits were excluded during research. Different song credits, artist instruments, labels, collaborators and musical genres remain separate relations; no retained pair asks the same relation about the same entity."
"arabic_music_v2_027/emirati_music_v2_049","35cad4b8d2da95482c7172fa8b52a1f0a99bb44c97bde5887c9bd646ce9296a8","distinct","Assistant inspected song:ayshalak:singer: Which Lebanese singer performs Ayshalak? (Elissa) against song:diplomacy:singer: Which female singer performed Diplomacy? (Balqees). These identify different works, different institutions or different artist attributes. The review compares every completed bank, including Egyptian Music; ambiguous or unsupported release credits were excluded during research. Different song credits, artist instruments, labels, collaborators and musical genres remain separate relations; no retained pair asks the same relation about the same entity."
"arabic_music_v2_027/emirati_music_v2_060","da04a1ef8b5facbefb678485ea20cbe64da052e4dd94707adab5d43fe1baae41","distinct","Assistant inspected song:ayshalak:singer: Which Lebanese singer performs Ayshalak? (Elissa) against song:yalazem:singer: Which female singer performs Yalazemni Khayalak? (Ahlam). These identify different works, different institutions or different artist attributes. The review compares every completed bank, including Egyptian Music; ambiguous or unsupported release credits were excluded during research. Different song credits, artist instruments, labels, collaborators and musical genres remain separate relations; no retained pair asks the same relation about the same entity."
"arabic_music_v2_031/emirati_music_v2_049","c443817925d02292eefdade1ed7c5fb006adf84695aeea7e27259fbd85edfad3","distinct","Assistant inspected song:ellayali:singer: Which singer performs El Layali? (Nawal El Zoghbi) against song:diplomacy:singer: Which female singer performed Diplomacy? (Balqees). These identify different works, different institutions or different artist attributes. The review compares every completed bank, including Egyptian Music; ambiguous or unsupported release credits were excluded during research. Different song credits, artist instruments, labels, collaborators and musical genres remain separate relations; no retained pair asks the same relation about the same entity."
"arabic_music_v2_031/emirati_music_v2_060","4229aba08bcedb608fbac515967b834c4917cd7e0661b416d04094aa0a8ff237","distinct","Assistant inspected song:ellayali:singer: Which singer performs El Layali? (Nawal El Zoghbi) against song:yalazem:singer: Which female singer performs Yalazemni Khayalak? (Ahlam). These identify different works, different institutions or different artist attributes. The review compares every completed bank, including Egyptian Music; ambiguous or unsupported release credits were excluded during research. Different song credits, artist instruments, labels, collaborators and musical genres remain separate relations; no retained pair asks the same relation about the same entity."
"arabic_music_v2_031/emirati_music_v2_066","8f8731491d22909faafe30cdf88f4ccb539b1bdf39a9c96d82b4ce021ac29903","distinct","Assistant inspected song:ellayali:singer: Which singer performs El Layali? (Nawal El Zoghbi) against song:seta:singer: Which Emirati singer performs Seta El Sobah? (Hussain Al Jassmi). These identify different works, different institutions or different artist attributes. The review compares every completed bank, including Egyptian Music; ambiguous or unsupported release credits were excluded during research. Different song credits, artist instruments, labels, collaborators and musical genres remain separate relations; no retained pair asks the same relation about the same entity."
"arabic_music_v2_033/emirati_music_v2_049","179115329e679e6eccb60605559648a94b25ef598856356c1a1ac3d0c52253b7","distinct","Assistant inspected song:etazaltelgharam:singer: Which Lebanese singer performs Etazalt El Gharam? (Majida El Roumi) against song:diplomacy:singer: Which female singer performed Diplomacy? (Balqees). These identify different works, different institutions or different artist attributes. The review compares every completed bank, including Egyptian Music; ambiguous or unsupported release credits were excluded during research. Different song credits, artist instruments, labels, collaborators and musical genres remain separate relations; no retained pair asks the same relation about the same entity."
"arabic_music_v2_042/emirati_music_v2_044","d4ce471cc75fe8c7b977a91dda647e5178b8066954e19ee2069ae447a6c5a540","distinct","Assistant inspected song:didi:singer: Which Algerian singer performs Didi? (Khaled) against song:fakadtek:singer: Which Emirati singer performed Fakadtak? (Hussain Al Jassmi). These identify different works, different institutions or different artist attributes. The review compares every completed bank, including Egyptian Music; ambiguous or unsupported release credits were excluded during research. Different song credits, artist instruments, labels, collaborators and musical genres remain separate relations; no retained pair asks the same relation about the same entity."
"arabic_music_v2_045/emirati_music_v2_049","4f2975f893dbac50c61e455ebb3857f1310c112b1e80eb47541525dddf1bd812","distinct","Assistant inspected song:ghirenta:singer: Which Algerian singer performs Ghir Enta? (Souad Massi) against song:diplomacy:singer: Which female singer performed Diplomacy? (Balqees). These identify different works, different institutions or different artist attributes. The review compares every completed bank, including Egyptian Music; ambiguous or unsupported release credits were excluded during research. Different song credits, artist instruments, labels, collaborators and musical genres remain separate relations; no retained pair asks the same relation about the same entity."
"arabic_music_v2_047/emirati_music_v2_049","d06328272f533100ca6306269efa08683916806abb280e8e4c9317b73337c14d","distinct","Assistant inspected song:hafla:singer: Which female singer performs Hafla? (Nawal El Zoghbi) against song:diplomacy:singer: Which female singer performed Diplomacy? (Balqees). These identify different works, different institutions or different artist attributes. The review compares every completed bank, including Egyptian Music; ambiguous or unsupported release credits were excluded during research. Different song credits, artist instruments, labels, collaborators and musical genres remain separate relations; no retained pair asks the same relation about the same entity."
"arabic_music_v2_047/emirati_music_v2_060","8e2f616c87a212fd100583a475b60ecf47da3ef6158c60cb2f244c2847c18f91","distinct","Assistant inspected song:hafla:singer: Which female singer performs Hafla? (Nawal El Zoghbi) against song:yalazem:singer: Which female singer performs Yalazemni Khayalak? (Ahlam). These identify different works, different institutions or different artist attributes. The review compares every completed bank, including Egyptian Music; ambiguous or unsupported release credits were excluded during research. Different song credits, artist instruments, labels, collaborators and musical genres remain separate relations; no retained pair asks the same relation about the same entity."
"arabic_music_v2_053/emirati_music_v2_045","a24ca11207b84276db8fdfcab47ba4bcd35ed3ae65cc26914e4e5753b3f8d552","distinct","Assistant inspected song:kon:singer: Who performs Kon? (Joseph Attieh) against song:hamadtezaal:singer: Who sings Tezaal W Aradeek? (Hamad Al Ameri). These identify different works, different institutions or different artist attributes. The review compares every completed bank, including Egyptian Music; ambiguous or unsupported release credits were excluded during research. Different song credits, artist instruments, labels, collaborators and musical genres remain separate relations; no retained pair asks the same relation about the same entity."
"arabic_music_v2_054/emirati_music_v2_045","6714fde5b14d7ccc393a4447bb65179bb6849e0363c336cbd07808556794b054","distinct","Assistant inspected song:baghdada:singer: Who performs Al Baghdada? (Joseph Attieh) against song:hamadtezaal:singer: Who sings Tezaal W Aradeek? (Hamad Al Ameri). These identify different works, different institutions or different artist attributes. The review compares every completed bank, including Egyptian Music; ambiguous or unsupported release credits were excluded during research. Different song credits, artist instruments, labels, collaborators and musical genres remain separate relations; no retained pair asks the same relation about the same entity."
"arabic_music_v2_055/emirati_music_v2_049","494c15792b5b48c2e1eb210c00c7bd973812bbf68fb0f1bb4aa45b83c58a6435","distinct","Assistant inspected song:motallaqa:singer: Which female singer performs El Motallaqa? (Carole Samaha) against song:diplomacy:singer: Which female singer performed Diplomacy? (Balqees). These identify different works, different institutions or different artist attributes. The review compares every completed bank, including Egyptian Music; ambiguous or unsupported release credits were excluded during research. Different song credits, artist instruments, labels, collaborators and musical genres remain separate relations; no retained pair asks the same relation about the same entity."
"arabic_music_v2_055/emirati_music_v2_060","c2e8faaeb4086f25c92f8eeadf59a47086869e90ee0feaf27c71455d038403ec","distinct","Assistant inspected song:motallaqa:singer: Which female singer performs El Motallaqa? (Carole Samaha) against song:yalazem:singer: Which female singer performs Yalazemni Khayalak? (Ahlam). These identify different works, different institutions or different artist attributes. The review compares every completed bank, including Egyptian Music; ambiguous or unsupported release credits were excluded during research. Different song credits, artist instruments, labels, collaborators and musical genres remain separate relations; no retained pair asks the same relation about the same entity."
"arabic_music_v2_058/emirati_music_v2_049","ee799b1fe89e7ed28d93402f68aa4d1bc91429339f49d80cccd2892e692c16d5","distinct","Assistant inspected song:saken:singer: Which singer performs Saken? (Diana Haddad) against song:diplomacy:singer: Which female singer performed Diplomacy? (Balqees). These identify different works, different institutions or different artist attributes. The review compares every completed bank, including Egyptian Music; ambiguous or unsupported release credits were excluded during research. Different song credits, artist instruments, labels, collaborators and musical genres remain separate relations; no retained pair asks the same relation about the same entity."
"arabic_music_v2_058/emirati_music_v2_060","29a0896928bdda7182bab49dfd2f74c0349d72cb78410a909a16f57e90aeb09c","distinct","Assistant inspected song:saken:singer: Which singer performs Saken? (Diana Haddad) against song:yalazem:singer: Which female singer performs Yalazemni Khayalak? (Ahlam). These identify different works, different institutions or different artist attributes. The review compares every completed bank, including Egyptian Music; ambiguous or unsupported release credits were excluded during research. Different song credits, artist instruments, labels, collaborators and musical genres remain separate relations; no retained pair asks the same relation about the same entity."
"arabic_music_v2_061/emirati_music_v2_044","bb8894233a686c9ef4541fda2ef072b2aac1db53e0aa877f0e03795492545f32","distinct","Assistant inspected song:aashanak:singer: Which singer performs Aashanak? (Siilawy) against song:fakadtek:singer: Which Emirati singer performed Fakadtak? (Hussain Al Jassmi). These identify different works, different institutions or different artist attributes. The review compares every completed bank, including Egyptian Music; ambiguous or unsupported release credits were excluded during research. Different song credits, artist instruments, labels, collaborators and musical genres remain separate relations; no retained pair asks the same relation about the same entity."
"arabic_music_v2_061/emirati_music_v2_066","7222e8e641353d018e8d4dfbcf20cd18e504695dc3299e060fe3789820526c70","distinct","Assistant inspected song:aashanak:singer: Which singer performs Aashanak? (Siilawy) against song:seta:singer: Which Emirati singer performs Seta El Sobah? (Hussain Al Jassmi). These identify different works, different institutions or different artist attributes. The review compares every completed bank, including Egyptian Music; ambiguous or unsupported release credits were excluded during research. Different song credits, artist instruments, labels, collaborators and musical genres remain separate relations; no retained pair asks the same relation about the same entity."
"arabic_music_v2_062/emirati_music_v2_045","61ea96386b71e58c919806d19d673824ecf879d60f1876eb03039f08fa524c8d","distinct","Assistant inspected song:wbtir:singer: Who sings W Btir? (Ziad Bourji) against song:hamadtezaal:singer: Who sings Tezaal W Aradeek? (Hamad Al Ameri). These identify different works, different institutions or different artist attributes. The review compares every completed bank, including Egyptian Music; ambiguous or unsupported release credits were excluded during research. Different song credits, artist instruments, labels, collaborators and musical genres remain separate relations; no retained pair asks the same relation about the same entity."
"arabic_music_v2_096/emirati_music_v2_096","7ede91baf63456bf7a22dacee6338678f19a7eb3df854f954872e4b587eb5b6a","distinct","Assistant inspected song:kelelqasayed:writercomposer: Who wrote and composed Kel El Qasayed? (Marwan Khoury) against song:jabbar:writercomposer: Who wrote and composed Balqees's Jabbar? (Rami Shafei). These identify different works, different institutions or different artist attributes. The review compares every completed bank, including Egyptian Music; ambiguous or unsupported release credits were excluded during research. Different song credits, artist instruments, labels, collaborators and musical genres remain separate relations; no retained pair asks the same relation about the same entity."
"arabic_music_v2_109/emirati_music_v2_086","79714243dc9a18780009d8c746e694e98f097ecc5421857b95f88fb11abd24ae","distinct","Assistant inspected song:didi:writercomposer: Who wrote and composed Didi? (Khaled) against song:zanzibar:writercomposer: Who wrote and composed Abdullah Bilkhair's Zanzibar? (Ibrahim Juma). These identify different works, different institutions or different artist attributes. The review compares every completed bank, including Egyptian Music; ambiguous or unsupported release credits were excluded during research. Different song credits, artist instruments, labels, collaborators and musical genres remain separate relations; no retained pair asks the same relation about the same entity."
"arabic_music_v2_109/emirati_music_v2_096","599c1cc855276194f2903bbc9f965cb0c868a7d97681143e985eda95bd12a1bf","distinct","Assistant inspected song:didi:writercomposer: Who wrote and composed Didi? (Khaled) against song:jabbar:writercomposer: Who wrote and composed Balqees's Jabbar? (Rami Shafei). These identify different works, different institutions or different artist attributes. The review compares every completed bank, including Egyptian Music; ambiguous or unsupported release credits were excluded during research. Different song credits, artist instruments, labels, collaborators and musical genres remain separate relations; no retained pair asks the same relation about the same entity."
"arabic_music_v2_138/emirati_music_v2_114","43b47de1ac1f071139eb9c45f0ad94806325b97d549c06559c3d6aedfa36691d","distinct","Assistant inspected song:intaeih:lyricist: Who wrote the lyrics of Nancy Ajram's Inta Eih? (Mostafa Morsi) against song:diplomacy:writer: Who wrote the lyrics of Balqees's Diplomacy? (Aziz El Shaafei). These identify different works, different institutions or different artist attributes. The review compares every completed bank, including Egyptian Music; ambiguous or unsupported release credits were excluded during research. Different song credits, artist instruments, labels, collaborators and musical genres remain separate relations; no retained pair asks the same relation about the same entity."
"arabic_music_v2_138/emirati_music_v2_172","2cabf308321f69f9e5044926b4897cc6f86f6cd86d098bc45ec67f6b151c4ab1","distinct","Assistant inspected song:intaeih:lyricist: Who wrote the lyrics of Nancy Ajram's Inta Eih? (Mostafa Morsi) against song:mestaghreb:lyricist: Who wrote the lyrics of Ahlam's WeMestaghrb? (Abdulrahman Al Othman). These identify different works, different institutions or different artist attributes. The review compares every completed bank, including Egyptian Music; ambiguous or unsupported release credits were excluded during research. Different song credits, artist instruments, labels, collaborators and musical genres remain separate relations; no retained pair asks the same relation about the same entity."
"arabic_music_v2_138/emirati_music_v2_174","4789ad8768d353f5174eeb90b74b499886d07365f8ec80736437297f4831d83b","distinct","Assistant inspected song:intaeih:lyricist: Who wrote the lyrics of Nancy Ajram's Inta Eih? (Mostafa Morsi) against song:entaha:lyricist: Who wrote the lyrics of Balqees's Entaha? (Mshari Al Ibrahim). These identify different works, different institutions or different artist attributes. The review compares every completed bank, including Egyptian Music; ambiguous or unsupported release credits were excluded during research. Different song credits, artist instruments, labels, collaborators and musical genres remain separate relations; no retained pair asks the same relation about the same entity."
"arabic_music_v2_149/emirati_music_v2_114","523f814ba3681c2f9a35447f77ce99ce2c526fee08a8e84442e34a55e79ca9f5","distinct","Assistant inspected song:waedmenni:lyricist: Who wrote the lyrics of Rahma Riad's Waed Menni? (Ramy Al Abody) against song:diplomacy:writer: Who wrote the lyrics of Balqees's Diplomacy? (Aziz El Shaafei). These identify different works, different institutions or different artist attributes. The review compares every completed bank, including Egyptian Music; ambiguous or unsupported release credits were excluded during research. Different song credits, artist instruments, labels, collaborators and musical genres remain separate relations; no retained pair asks the same relation about the same entity."
"arabic_music_v2_149/emirati_music_v2_172","7f84086fd49cb7dc9a92b6d07e38fd69c1f4014ea136808669fa11b6ae7954fb","distinct","Assistant inspected song:waedmenni:lyricist: Who wrote the lyrics of Rahma Riad's Waed Menni? (Ramy Al Abody) against song:mestaghreb:lyricist: Who wrote the lyrics of Ahlam's WeMestaghrb? (Abdulrahman Al Othman). These identify different works, different institutions or different artist attributes. The review compares every completed bank, including Egyptian Music; ambiguous or unsupported release credits were excluded during research. Different song credits, artist instruments, labels, collaborators and musical genres remain separate relations; no retained pair asks the same relation about the same entity."
"arabic_music_v2_149/emirati_music_v2_174","1e6ebee0c5a4de93652ecf9735a6c60d1790c7c058817dccd5272eacf2f314ec","distinct","Assistant inspected song:waedmenni:lyricist: Who wrote the lyrics of Rahma Riad's Waed Menni? (Ramy Al Abody) against song:entaha:lyricist: Who wrote the lyrics of Balqees's Entaha? (Mshari Al Ibrahim). These identify different works, different institutions or different artist attributes. The review compares every completed bank, including Egyptian Music; ambiguous or unsupported release credits were excluded during research. Different song credits, artist instruments, labels, collaborators and musical genres remain separate relations; no retained pair asks the same relation about the same entity."
"arabic_music_v2_152/emirati_music_v2_114","c7a89b8ae8ab1c67884ba29c8dd175a900724f91532ea998110d311a58b8ab98","distinct","Assistant inspected song:dalliedhaki:lyricist: Who wrote the lyrics of Melhem Zein's Dalli Edhaki? (Fadi Morjan) against song:diplomacy:writer: Who wrote the lyrics of Balqees's Diplomacy? (Aziz El Shaafei). These identify different works, different institutions or different artist attributes. The review compares every completed bank, including Egyptian Music; ambiguous or unsupported release credits were excluded during research. Different song credits, artist instruments, labels, collaborators and musical genres remain separate relations; no retained pair asks the same relation about the same entity."
"arabic_music_v2_152/emirati_music_v2_172","dba403f52224c7b85e31dd98199b7af6076d89437f937852fd302a2ac3d32925","distinct","Assistant inspected song:dalliedhaki:lyricist: Who wrote the lyrics of Melhem Zein's Dalli Edhaki? (Fadi Morjan) against song:mestaghreb:lyricist: Who wrote the lyrics of Ahlam's WeMestaghrb? (Abdulrahman Al Othman). These identify different works, different institutions or different artist attributes. The review compares every completed bank, including Egyptian Music; ambiguous or unsupported release credits were excluded during research. Different song credits, artist instruments, labels, collaborators and musical genres remain separate relations; no retained pair asks the same relation about the same entity."
"arabic_music_v2_152/emirati_music_v2_174","b99653b6a5b5e08697193b3584b4e48d8ba07463a4aa6543bf348ef6b78f9b24","distinct","Assistant inspected song:dalliedhaki:lyricist: Who wrote the lyrics of Melhem Zein's Dalli Edhaki? (Fadi Morjan) against song:entaha:lyricist: Who wrote the lyrics of Balqees's Entaha? (Mshari Al Ibrahim). These identify different works, different institutions or different artist attributes. The review compares every completed bank, including Egyptian Music; ambiguous or unsupported release credits were excluded during research. Different song credits, artist instruments, labels, collaborators and musical genres remain separate relations; no retained pair asks the same relation about the same entity."
"arabic_music_v2_153/emirati_music_v2_114","f277cba945f8e81912c6155e87dca95dc6c3fa87f1e42ae9b6787b3f0762d1bb","distinct","Assistant inspected song:madareet:lyricist: Who wrote the lyrics of Saif Nabeel's Ma Dareet? (Saif Al Fares) against song:diplomacy:writer: Who wrote the lyrics of Balqees's Diplomacy? (Aziz El Shaafei). These identify different works, different institutions or different artist attributes. The review compares every completed bank, including Egyptian Music; ambiguous or unsupported release credits were excluded during research. Different song credits, artist instruments, labels, collaborators and musical genres remain separate relations; no retained pair asks the same relation about the same entity."
"arabic_music_v2_153/emirati_music_v2_172","0220e88cf7e64c7290a3b5dcb716ad3440ae400cb991488833d43f87093fa01f","distinct","Assistant inspected song:madareet:lyricist: Who wrote the lyrics of Saif Nabeel's Ma Dareet? (Saif Al Fares) against song:mestaghreb:lyricist: Who wrote the lyrics of Ahlam's WeMestaghrb? (Abdulrahman Al Othman). These identify different works, different institutions or different artist attributes. The review compares every completed bank, including Egyptian Music; ambiguous or unsupported release credits were excluded during research. Different song credits, artist instruments, labels, collaborators and musical genres remain separate relations; no retained pair asks the same relation about the same entity."
"arabic_music_v2_153/emirati_music_v2_174","212f8279ec7a2f74ccead15a49617aa494d56a9c27c0e67bf27675b72619c553","distinct","Assistant inspected song:madareet:lyricist: Who wrote the lyrics of Saif Nabeel's Ma Dareet? (Saif Al Fares) against song:entaha:lyricist: Who wrote the lyrics of Balqees's Entaha? (Mshari Al Ibrahim). These identify different works, different institutions or different artist attributes. The review compares every completed bank, including Egyptian Music; ambiguous or unsupported release credits were excluded during research. Different song credits, artist instruments, labels, collaborators and musical genres remain separate relations; no retained pair asks the same relation about the same entity."
"arabic_music_v2_161/emirati_music_v2_079","3b5797ac91c64e44ef65580bcb659344e84ccae88d79e2f1e7d00af6ad81005d","distinct","Assistant inspected song:ayshalak:lyricist: Who wrote the lyrics of Elissa's Ayshalak? (Mohammed Rifai) against song:fakadtek:lyricist: Who wrote the lyrics of Hussain Al Jassmi's Fakadtak? (Faisal Al Yami). These identify different works, different institutions or different artist attributes. The review compares every completed bank, including Egyptian Music; ambiguous or unsupported release credits were excluded during research. Different song credits, artist instruments, labels, collaborators and musical genres remain separate relations; no retained pair asks the same relation about the same entity."
"arabic_music_v2_161/emirati_music_v2_082","a523ff01262e04b01d4650278586985b9da9c014c467d351ad1c947c08bc2cbb","distinct","Assistant inspected song:ayshalak:lyricist: Who wrote the lyrics of Elissa's Ayshalak? (Mohammed Rifai) against song:ahebak:lyricist: Who wrote the lyrics of Hussain Al Jassmi's Ahebak? (Ahmad Al Sanea). These identify different works, different institutions or different artist attributes. The review compares every completed bank, including Egyptian Music; ambiguous or unsupported release credits were excluded during research. Different song credits, artist instruments, labels, collaborators and musical genres remain separate relations; no retained pair asks the same relation about the same entity."
"arabic_music_v2_161/emirati_music_v2_114","b14692a9746bf52a1dacbee41bea3de5fb4c726b566b288fba4ca4d6a133e045","distinct","Assistant inspected song:ayshalak:lyricist: Who wrote the lyrics of Elissa's Ayshalak? (Mohammed Rifai) against song:diplomacy:writer: Who wrote the lyrics of Balqees's Diplomacy? (Aziz El Shaafei). These identify different works, different institutions or different artist attributes. The review compares every completed bank, including Egyptian Music; ambiguous or unsupported release credits were excluded during research. Different song credits, artist instruments, labels, collaborators and musical genres remain separate relations; no retained pair asks the same relation about the same entity."
"arabic_music_v2_161/emirati_music_v2_150","7818d8b1580893c92e1a4653ed229dd401022e3d05a7d6cecc4c50a8996047f8","distinct","Assistant inspected song:ayshalak:lyricist: Who wrote the lyrics of Elissa's Ayshalak? (Mohammed Rifai) against song:hathana:lyricist: Who wrote the lyrics of Ahlam's Hatha Ana? (Faisal Mohamed Al Sudairi). These identify different works, different institutions or different artist attributes. The review compares every completed bank, including Egyptian Music; ambiguous or unsupported release credits were excluded during research. Different song credits, artist instruments, labels, collaborators and musical genres remain separate relations; no retained pair asks the same relation about the same entity."
"arabic_music_v2_161/emirati_music_v2_159","aa418ae5d7937470a8fa852e2ea6e5eb9b16f87850a339b7fa41dfb2764706bf","distinct","Assistant inspected song:ayshalak:lyricist: Who wrote the lyrics of Elissa's Ayshalak? (Mohammed Rifai) against song:lawahasayef:poet: Who wrote the lyrics of Aryam's La Wa Hasayef? (Khaled bin Saud Al Kabeer). These identify different works, different institutions or different artist attributes. The review compares every completed bank, including Egyptian Music; ambiguous or unsupported release credits were excluded during research. Different song credits, artist instruments, labels, collaborators and musical genres remain separate relations; no retained pair asks the same relation about the same entity."
"arabic_music_v2_161/emirati_music_v2_172","896a60f73707b8925df80bda490b7c8ae9bdb8a2af99991c95542b035f5767b7","distinct","Assistant inspected song:ayshalak:lyricist: Who wrote the lyrics of Elissa's Ayshalak? (Mohammed Rifai) against song:mestaghreb:lyricist: Who wrote the lyrics of Ahlam's WeMestaghrb? (Abdulrahman Al Othman). These identify different works, different institutions or different artist attributes. The review compares every completed bank, including Egyptian Music; ambiguous or unsupported release credits were excluded during research. Different song credits, artist instruments, labels, collaborators and musical genres remain separate relations; no retained pair asks the same relation about the same entity."
"arabic_music_v2_161/emirati_music_v2_174","89206e30d6dbf4e65e4a406585c0932f1dba177415857ee74bd69547d70dbf0e","distinct","Assistant inspected song:ayshalak:lyricist: Who wrote the lyrics of Elissa's Ayshalak? (Mohammed Rifai) against song:entaha:lyricist: Who wrote the lyrics of Balqees's Entaha? (Mshari Al Ibrahim). These identify different works, different institutions or different artist attributes. The review compares every completed bank, including Egyptian Music; ambiguous or unsupported release credits were excluded during research. Different song credits, artist instruments, labels, collaborators and musical genres remain separate relations; no retained pair asks the same relation about the same entity."
"arabic_music_v2_161/emirati_music_v2_180","13b7a4915356972a2b6d50fdde6ee3c72331f636a59665c988ec924114d1071e","distinct","Assistant inspected song:ayshalak:lyricist: Who wrote the lyrics of Elissa's Ayshalak? (Mohammed Rifai) against song:hazzaaljaw:writer: Who wrote the lyrics of Hazza's Al Jaw Londani? (Ali Al Khawar). These identify different works, different institutions or different artist attributes. The review compares every completed bank, including Egyptian Music; ambiguous or unsupported release credits were excluded during research. Different song credits, artist instruments, labels, collaborators and musical genres remain separate relations; no retained pair asks the same relation about the same entity."
"arabic_music_v2_161/emirati_music_v2_183","59cd7097a3cd0cf54e8f1232719c312a33d962c97cb67f4debb116322d09713e","distinct","Assistant inspected song:ayshalak:lyricist: Who wrote the lyrics of Elissa's Ayshalak? (Mohammed Rifai) against song:malhoufa:writer: Who wrote the lyrics of Ahlam's Malhofa Le Soutak? (Ahmad Alawi). These identify different works, different institutions or different artist attributes. The review compares every completed bank, including Egyptian Music; ambiguous or unsupported release credits were excluded during research. Different song credits, artist instruments, labels, collaborators and musical genres remain separate relations; no retained pair asks the same relation about the same entity."
"arabic_music_v2_161/emirati_music_v2_184","2214af1fc0ee786b74a3160ec1d29b06a67d994f70cd37c85c09bde3ff2bd484","distinct","Assistant inspected song:ayshalak:lyricist: Who wrote the lyrics of Elissa's Ayshalak? (Mohammed Rifai) against song:moajaba:writer: Who wrote the lyrics of Shamma Hamdan's Moajaba? (Ahmad Al Sanea). These identify different works, different institutions or different artist attributes. The review compares every completed bank, including Egyptian Music; ambiguous or unsupported release credits were excluded during research. Different song credits, artist instruments, labels, collaborators and musical genres remain separate relations; no retained pair asks the same relation about the same entity."
"arabic_music_v2_161/emirati_music_v2_187","f6289652e0120f2c33a0badeb02819485d7929be72d84760bb5691986999262d","distinct","Assistant inspected song:ayshalak:lyricist: Who wrote the lyrics of Elissa's Ayshalak? (Mohammed Rifai) against song:wayyakkhedni:writer: Who wrote the lyrics of Balqees's Wayyak Khedni? (Firas Al Habeeb). These identify different works, different institutions or different artist attributes. The review compares every completed bank, including Egyptian Music; ambiguous or unsupported release credits were excluded during research. Different song credits, artist instruments, labels, collaborators and musical genres remain separate relations; no retained pair asks the same relation about the same entity."
"arabic_music_v2_161/emirati_music_v2_199","4e897b6b1f682a0d9565b026e2a6cc0755cbf2be09f9936fa982e507efac3d63","distinct","Assistant inspected song:ayshalak:lyricist: Who wrote the lyrics of Elissa's Ayshalak? (Mohammed Rifai) against song:shammaaheb:writer: Who wrote the lyrics of Shamma Hamdan's 2016 Ahebk? (Ahmad Al Sanea). These identify different works, different institutions or different artist attributes. The review compares every completed bank, including Egyptian Music; ambiguous or unsupported release credits were excluded during research. Different song credits, artist instruments, labels, collaborators and musical genres remain separate relations; no retained pair asks the same relation about the same entity."
"arabic_music_v2_165/emirati_music_v2_114","a6c206b1be3294fb197891bf69100b7dd0cea3ba4b80aae74195a642fe75e620","distinct","Assistant inspected song:omrikellou:lyricist: Who wrote the lyrics of Wael Kfoury's Omri Kellou? (Samir Nakhleh) against song:diplomacy:writer: Who wrote the lyrics of Balqees's Diplomacy? (Aziz El Shaafei). These identify different works, different institutions or different artist attributes. The review compares every completed bank, including Egyptian Music; ambiguous or unsupported release credits were excluded during research. Different song credits, artist instruments, labels, collaborators and musical genres remain separate relations; no retained pair asks the same relation about the same entity."
"arabic_music_v2_165/emirati_music_v2_172","a18f1607735d5501ab0749a4c43714d9429bb67790d4ae79d6c0d8f4b9cc84c9","distinct","Assistant inspected song:omrikellou:lyricist: Who wrote the lyrics of Wael Kfoury's Omri Kellou? (Samir Nakhleh) against song:mestaghreb:lyricist: Who wrote the lyrics of Ahlam's WeMestaghrb? (Abdulrahman Al Othman). These identify different works, different institutions or different artist attributes. The review compares every completed bank, including Egyptian Music; ambiguous or unsupported release credits were excluded during research. Different song credits, artist instruments, labels, collaborators and musical genres remain separate relations; no retained pair asks the same relation about the same entity."
"arabic_music_v2_165/emirati_music_v2_174","0b9e856fb1a80a8b007a2ddf39401db1cfe033e6a05193f796763740de08a800","distinct","Assistant inspected song:omrikellou:lyricist: Who wrote the lyrics of Wael Kfoury's Omri Kellou? (Samir Nakhleh) against song:entaha:lyricist: Who wrote the lyrics of Balqees's Entaha? (Mshari Al Ibrahim). These identify different works, different institutions or different artist attributes. The review compares every completed bank, including Egyptian Music; ambiguous or unsupported release credits were excluded during research. Different song credits, artist instruments, labels, collaborators and musical genres remain separate relations; no retained pair asks the same relation about the same entity."
"arabic_music_v2_169/emirati_music_v2_114","5a43785caec5177fc36ea7f77fbbcc87c5539d5b1a9876adda514d3f4f85a5ba","distinct","Assistant inspected song:majbour:lyricist: Who wrote the lyrics of Nassif Zeytoun's Majbour? (Ali Al Mawla) against song:diplomacy:writer: Who wrote the lyrics of Balqees's Diplomacy? (Aziz El Shaafei). These identify different works, different institutions or different artist attributes. The review compares every completed bank, including Egyptian Music; ambiguous or unsupported release credits were excluded during research. Different song credits, artist instruments, labels, collaborators and musical genres remain separate relations; no retained pair asks the same relation about the same entity."
"arabic_music_v2_169/emirati_music_v2_150","51ef4acf6a5a3225d9b73cabeba9bf943264f2d24809acd7e2cab9ade7671711","distinct","Assistant inspected song:majbour:lyricist: Who wrote the lyrics of Nassif Zeytoun's Majbour? (Ali Al Mawla) against song:hathana:lyricist: Who wrote the lyrics of Ahlam's Hatha Ana? (Faisal Mohamed Al Sudairi). These identify different works, different institutions or different artist attributes. The review compares every completed bank, including Egyptian Music; ambiguous or unsupported release credits were excluded during research. Different song credits, artist instruments, labels, collaborators and musical genres remain separate relations; no retained pair asks the same relation about the same entity."
"arabic_music_v2_169/emirati_music_v2_172","8b781e4d17b4d5f4d68b90d83854bf0f60880a0051650f2a7e189831604bf6ae","distinct","Assistant inspected song:majbour:lyricist: Who wrote the lyrics of Nassif Zeytoun's Majbour? (Ali Al Mawla) against song:mestaghreb:lyricist: Who wrote the lyrics of Ahlam's WeMestaghrb? (Abdulrahman Al Othman). These identify different works, different institutions or different artist attributes. The review compares every completed bank, including Egyptian Music; ambiguous or unsupported release credits were excluded during research. Different song credits, artist instruments, labels, collaborators and musical genres remain separate relations; no retained pair asks the same relation about the same entity."
"arabic_music_v2_169/emirati_music_v2_174","e3d10bfd1544729884ed2830bc48ff8b13632ebc23b9a05795503e4219bb0a2b","distinct","Assistant inspected song:majbour:lyricist: Who wrote the lyrics of Nassif Zeytoun's Majbour? (Ali Al Mawla) against song:entaha:lyricist: Who wrote the lyrics of Balqees's Entaha? (Mshari Al Ibrahim). These identify different works, different institutions or different artist attributes. The review compares every completed bank, including Egyptian Music; ambiguous or unsupported release credits were excluded during research. Different song credits, artist instruments, labels, collaborators and musical genres remain separate relations; no retained pair asks the same relation about the same entity."
"arabic_music_v2_169/emirati_music_v2_184","e1e648af6eaa0897235d33799e5ea272e7989771f9602b7b0ea8bbb5fccc74c3","distinct","Assistant inspected song:majbour:lyricist: Who wrote the lyrics of Nassif Zeytoun's Majbour? (Ali Al Mawla) against song:moajaba:writer: Who wrote the lyrics of Shamma Hamdan's Moajaba? (Ahmad Al Sanea). These identify different works, different institutions or different artist attributes. The review compares every completed bank, including Egyptian Music; ambiguous or unsupported release credits were excluded during research. Different song credits, artist instruments, labels, collaborators and musical genres remain separate relations; no retained pair asks the same relation about the same entity."
"arabic_music_v2_169/emirati_music_v2_187","d99fa6762e15f0156cc0ea111c3283aa690bbf08a06afe23a07f53cbc9a3afb4","distinct","Assistant inspected song:majbour:lyricist: Who wrote the lyrics of Nassif Zeytoun's Majbour? (Ali Al Mawla) against song:wayyakkhedni:writer: Who wrote the lyrics of Balqees's Wayyak Khedni? (Firas Al Habeeb). These identify different works, different institutions or different artist attributes. The review compares every completed bank, including Egyptian Music; ambiguous or unsupported release credits were excluded during research. Different song credits, artist instruments, labels, collaborators and musical genres remain separate relations; no retained pair asks the same relation about the same entity."
"arabic_music_v2_170/emirati_music_v2_114","16d49508819fe24542c95ad2b9d953315c7cc07890a59f082453e7c29419ebe2","distinct","Assistant inspected song:mabzon:lyricist: Who wrote the lyrics of Nassif Zeytoun's Ma Bzon? (Amer Lawand) against song:diplomacy:writer: Who wrote the lyrics of Balqees's Diplomacy? (Aziz El Shaafei). These identify different works, different institutions or different artist attributes. The review compares every completed bank, including Egyptian Music; ambiguous or unsupported release credits were excluded during research. Different song credits, artist instruments, labels, collaborators and musical genres remain separate relations; no retained pair asks the same relation about the same entity."
"arabic_music_v2_170/emirati_music_v2_172","bff630f5d0cb9f458b3e2a9e30f94b0575201090bf8d2ee784a16b1b6c92e7c9","distinct","Assistant inspected song:mabzon:lyricist: Who wrote the lyrics of Nassif Zeytoun's Ma Bzon? (Amer Lawand) against song:mestaghreb:lyricist: Who wrote the lyrics of Ahlam's WeMestaghrb? (Abdulrahman Al Othman). These identify different works, different institutions or different artist attributes. The review compares every completed bank, including Egyptian Music; ambiguous or unsupported release credits were excluded during research. Different song credits, artist instruments, labels, collaborators and musical genres remain separate relations; no retained pair asks the same relation about the same entity."
"arabic_music_v2_170/emirati_music_v2_174","e951bca9a1fe1ddc31760984b8d393bb48f1904021a5acc29b4946127c55d735","distinct","Assistant inspected song:mabzon:lyricist: Who wrote the lyrics of Nassif Zeytoun's Ma Bzon? (Amer Lawand) against song:entaha:lyricist: Who wrote the lyrics of Balqees's Entaha? (Mshari Al Ibrahim). These identify different works, different institutions or different artist attributes. The review compares every completed bank, including Egyptian Music; ambiguous or unsupported release credits were excluded during research. Different song credits, artist instruments, labels, collaborators and musical genres remain separate relations; no retained pair asks the same relation about the same entity."
"arabic_music_v2_006/gulf_music_v2_023","c2ca5a50adb36b4ecd25523701ec3d6fc83b1ca02363b1dee13067c8d2d544cf","distinct","Assistant inspected song:intaeih:singer: Which Lebanese singer performs the famous recording of Inta Eih? (Nancy Ajram) against song:maqadir:singer: Which singer made the famous recording of Maqadir? (Talal Maddah). These identify different works, different institutions or different artist attributes. The review compares every completed bank, including Egyptian Music; ambiguous or unsupported release credits were excluded during research. Different song credits, artist instruments, labels, collaborators and musical genres remain separate relations; no retained pair asks the same relation about the same entity."
"arabic_music_v2_007/gulf_music_v2_015","b3608776b0e632bdb5232599860584a6bf8b53ce08f5be7e93cdda5087f9a386","distinct","Assistant inspected song:nasinieldonya:singer: Which Lebanese singer performs Nasini El Donya? (Ragheb Alama) against song:alamaken:singer: Which singer performs Al Amaken? (Mohammed Abdu). These identify different works, different institutions or different artist attributes. The review compares every completed bank, including Egyptian Music; ambiguous or unsupported release credits were excluded during research. Different song credits, artist instruments, labels, collaborators and musical genres remain separate relations; no retained pair asks the same relation about the same entity."
"arabic_music_v2_007/gulf_music_v2_052","006b1bbecbfb0b288a2dc74fa00c76543fb0362bad72f6e9ac2b3ff2cb98b1a8","distinct","Assistant inspected song:nasinieldonya:singer: Which Lebanese singer performs Nasini El Donya? (Ragheb Alama) against song:mozhela:singer: Which singer recorded Mozhela? (Mohammed Abdu). These identify different works, different institutions or different artist attributes. The review compares every completed bank, including Egyptian Music; ambiguous or unsupported release credits were excluded during research. Different song credits, artist instruments, labels, collaborators and musical genres remain separate relations; no retained pair asks the same relation about the same entity."
"arabic_music_v2_007/gulf_music_v2_066","0a5ea60ff45aabdafbb8efaf95ab9604a04266c5777ceb34b80c0ebf58846bb7","distinct","Assistant inspected song:nasinieldonya:singer: Which Lebanese singer performs Nasini El Donya? (Ragheb Alama) against song:tenadeek:singer: Which singer recorded Tenadeek? (Majid Al Mohandis). These identify different works, different institutions or different artist attributes. The review compares every completed bank, including Egyptian Music; ambiguous or unsupported release credits were excluded during research. Different song credits, artist instruments, labels, collaborators and musical genres remain separate relations; no retained pair asks the same relation about the same entity."
"arabic_music_v2_015/gulf_music_v2_015","b35a3025b84a836d42871ed6e0b3269c28b4a974e14f3e3bf2f64bf65e30e811","distinct","Assistant inspected song:dalliedhaki:singer: Which Lebanese singer performs Dalli Edhaki? (Melhem Zein) against song:alamaken:singer: Which singer performs Al Amaken? (Mohammed Abdu). These identify different works, different institutions or different artist attributes. The review compares every completed bank, including Egyptian Music; ambiguous or unsupported release credits were excluded during research. Different song credits, artist instruments, labels, collaborators and musical genres remain separate relations; no retained pair asks the same relation about the same entity."
"arabic_music_v2_015/gulf_music_v2_052","27f6dd2e6a3b9468bf5571b66fad3e9547571c88e29a6e361e01c349aee2d28b","distinct","Assistant inspected song:dalliedhaki:singer: Which Lebanese singer performs Dalli Edhaki? (Melhem Zein) against song:mozhela:singer: Which singer recorded Mozhela? (Mohammed Abdu). These identify different works, different institutions or different artist attributes. The review compares every completed bank, including Egyptian Music; ambiguous or unsupported release credits were excluded during research. Different song credits, artist instruments, labels, collaborators and musical genres remain separate relations; no retained pair asks the same relation about the same entity."
"arabic_music_v2_015/gulf_music_v2_066","737ce18b2a38376e710eeea722b4918379c56f2ace3b720183f2114a1cfc22c8","distinct","Assistant inspected song:dalliedhaki:singer: Which Lebanese singer performs Dalli Edhaki? (Melhem Zein) against song:tenadeek:singer: Which singer recorded Tenadeek? (Majid Al Mohandis). These identify different works, different institutions or different artist attributes. The review compares every completed bank, including Egyptian Music; ambiguous or unsupported release credits were excluded during research. Different song credits, artist instruments, labels, collaborators and musical genres remain separate relations; no retained pair asks the same relation about the same entity."
"arabic_music_v2_017/gulf_music_v2_015","f2b19b0849f901ab4f610c6416519eadb00fd4dfae5967343d34463ae07d58b8","distinct","Assistant inspected song:kalamelnas:singer: Which Syrian singer performs Kalam El Nas? (George Wassouf) against song:alamaken:singer: Which singer performs Al Amaken? (Mohammed Abdu). These identify different works, different institutions or different artist attributes. The review compares every completed bank, including Egyptian Music; ambiguous or unsupported release credits were excluded during research. Different song credits, artist instruments, labels, collaborators and musical genres remain separate relations; no retained pair asks the same relation about the same entity."
"arabic_music_v2_017/gulf_music_v2_052","ce9f03ed8cefc2e3e94032a5de576a3269011c40089eae17933c1f766452060b","distinct","Assistant inspected song:kalamelnas:singer: Which Syrian singer performs Kalam El Nas? (George Wassouf) against song:mozhela:singer: Which singer recorded Mozhela? (Mohammed Abdu). These identify different works, different institutions or different artist attributes. The review compares every completed bank, including Egyptian Music; ambiguous or unsupported release credits were excluded during research. Different song credits, artist instruments, labels, collaborators and musical genres remain separate relations; no retained pair asks the same relation about the same entity."
"arabic_music_v2_017/gulf_music_v2_066","489381def55d3f96b56adf526d9f137ab866d7825790fc7c809bbc7bcdb08ae7","distinct","Assistant inspected song:kalamelnas:singer: Which Syrian singer performs Kalam El Nas? (George Wassouf) against song:tenadeek:singer: Which singer recorded Tenadeek? (Majid Al Mohandis). These identify different works, different institutions or different artist attributes. The review compares every completed bank, including Egyptian Music; ambiguous or unsupported release credits were excluded during research. Different song credits, artist instruments, labels, collaborators and musical genres remain separate relations; no retained pair asks the same relation about the same entity."
"arabic_music_v2_018/gulf_music_v2_020","996f1dfa1827e117c60087991e45dceb69c648a19078bf49716c525972b27745","distinct","Assistant inspected song:saharni:singer: Which Lebanese singer released the song and album Saharni? (Najwa Karam) against song:sedqni:singer: Which singer released the song and album Sedqni in 2008? (Rabeh Saqer). These identify different works, different institutions or different artist attributes. The review compares every completed bank, including Egyptian Music; ambiguous or unsupported release credits were excluded during research. Different song credits, artist instruments, labels, collaborators and musical genres remain separate relations; no retained pair asks the same relation about the same entity."
"arabic_music_v2_020/gulf_music_v2_015","e2aa0834bc3bd982b4b435c274b7008fafd11826322ecbbf9e425cd9561fda8b","distinct","Assistant inspected song:anawaleila:singer: Which Iraqi singer performs Ana Wa Leila? (Kadim Al Sahir) against song:alamaken:singer: Which singer performs Al Amaken? (Mohammed Abdu). These identify different works, different institutions or different artist attributes. The review compares every completed bank, including Egyptian Music; ambiguous or unsupported release credits were excluded during research. Different song credits, artist instruments, labels, collaborators and musical genres remain separate relations; no retained pair asks the same relation about the same entity."
"arabic_music_v2_020/gulf_music_v2_052","1b9e142da3190ce315d6543f3c0bb77192ce7e6e88e775a123b69eff73d24e8a","distinct","Assistant inspected song:anawaleila:singer: Which Iraqi singer performs Ana Wa Leila? (Kadim Al Sahir) against song:mozhela:singer: Which singer recorded Mozhela? (Mohammed Abdu). These identify different works, different institutions or different artist attributes. The review compares every completed bank, including Egyptian Music; ambiguous or unsupported release credits were excluded during research. Different song credits, artist instruments, labels, collaborators and musical genres remain separate relations; no retained pair asks the same relation about the same entity."
"arabic_music_v2_020/gulf_music_v2_066","709650a82c73fe66c985d902723ca13a5b604175d53754c58e8ca69af13e2c8e","distinct","Assistant inspected song:anawaleila:singer: Which Iraqi singer performs Ana Wa Leila? (Kadim Al Sahir) against song:tenadeek:singer: Which singer recorded Tenadeek? (Majid Al Mohandis). These identify different works, different institutions or different artist attributes. The review compares every completed bank, including Egyptian Music; ambiguous or unsupported release credits were excluded during research. Different song credits, artist instruments, labels, collaborators and musical genres remain separate relations; no retained pair asks the same relation about the same entity."
"arabic_music_v2_027/gulf_music_v2_039","738cdc12973bad531ecb3c01498b1c76da44bae623d780106a7029210cbdc631","distinct","Assistant inspected song:ayshalak:singer: Which Lebanese singer performs Ayshalak? (Elissa) against song:qulubsahiya:singer: Which female singer recorded Al Quloub Al Sahiya? (Nawal). These identify different works, different institutions or different artist attributes. The review compares every completed bank, including Egyptian Music; ambiguous or unsupported release credits were excluded during research. Different song credits, artist instruments, labels, collaborators and musical genres remain separate relations; no retained pair asks the same relation about the same entity."
"arabic_music_v2_028/gulf_music_v2_015","91156cdc656683f1fe5753d5caed60ae5265a1cad8e42ce9902acef16cf8115c","distinct","Assistant inspected song:kelelqasayed:singer: Which Lebanese singer performs Kel El Qasayed? (Marwan Khoury) against song:alamaken:singer: Which singer performs Al Amaken? (Mohammed Abdu). These identify different works, different institutions or different artist attributes. The review compares every completed bank, including Egyptian Music; ambiguous or unsupported release credits were excluded during research. Different song credits, artist instruments, labels, collaborators and musical genres remain separate relations; no retained pair asks the same relation about the same entity."
"arabic_music_v2_028/gulf_music_v2_052","a5b25f9329bee20e8fb3bcc30d0db7a4418319d30188c4eba79017a9a808d543","distinct","Assistant inspected song:kelelqasayed:singer: Which Lebanese singer performs Kel El Qasayed? (Marwan Khoury) against song:mozhela:singer: Which singer recorded Mozhela? (Mohammed Abdu). These identify different works, different institutions or different artist attributes. The review compares every completed bank, including Egyptian Music; ambiguous or unsupported release credits were excluded during research. Different song credits, artist instruments, labels, collaborators and musical genres remain separate relations; no retained pair asks the same relation about the same entity."
"arabic_music_v2_028/gulf_music_v2_066","4aa15f8db9770c79ae527db88114b492db01377d01f6297c32f49b5c583fd908","distinct","Assistant inspected song:kelelqasayed:singer: Which Lebanese singer performs Kel El Qasayed? (Marwan Khoury) against song:tenadeek:singer: Which singer recorded Tenadeek? (Majid Al Mohandis). These identify different works, different institutions or different artist attributes. The review compares every completed bank, including Egyptian Music; ambiguous or unsupported release credits were excluded during research. Different song credits, artist instruments, labels, collaborators and musical genres remain separate relations; no retained pair asks the same relation about the same entity."
"arabic_music_v2_029/gulf_music_v2_015","0a9f48f248a39440e96c33d2898e44f16c359d37ff70428e75890a51a030a867","distinct","Assistant inspected song:kheleseldamaa:singer: Which Lebanese singer performs Kheles El Dame'a? (Adam) against song:alamaken:singer: Which singer performs Al Amaken? (Mohammed Abdu). These identify different works, different institutions or different artist attributes. The review compares every completed bank, including Egyptian Music; ambiguous or unsupported release credits were excluded during research. Different song credits, artist instruments, labels, collaborators and musical genres remain separate relations; no retained pair asks the same relation about the same entity."
"arabic_music_v2_029/gulf_music_v2_052","764d2cb1148b37933fd04eb12c3a071bd19fca40478fe7f50a8170aab460826a","distinct","Assistant inspected song:kheleseldamaa:singer: Which Lebanese singer performs Kheles El Dame'a? (Adam) against song:mozhela:singer: Which singer recorded Mozhela? (Mohammed Abdu). These identify different works, different institutions or different artist attributes. The review compares every completed bank, including Egyptian Music; ambiguous or unsupported release credits were excluded during research. Different song credits, artist instruments, labels, collaborators and musical genres remain separate relations; no retained pair asks the same relation about the same entity."
"arabic_music_v2_029/gulf_music_v2_066","d814d1e135904b6c69c3e3fb04f00c43b4090acff5ba45cbf97f6959651b5d2f","distinct","Assistant inspected song:kheleseldamaa:singer: Which Lebanese singer performs Kheles El Dame'a? (Adam) against song:tenadeek:singer: Which singer recorded Tenadeek? (Majid Al Mohandis). These identify different works, different institutions or different artist attributes. The review compares every completed bank, including Egyptian Music; ambiguous or unsupported release credits were excluded during research. Different song credits, artist instruments, labels, collaborators and musical genres remain separate relations; no retained pair asks the same relation about the same entity."
"arabic_music_v2_030/gulf_music_v2_015","4d02f784c5cdff8b52df32b3a31593ab3b5a94c01d4a300886e20198a3b15193","distinct","Assistant inspected song:omrikellou:singer: Which Lebanese singer performs Omri Kellou? (Wael Kfoury) against song:alamaken:singer: Which singer performs Al Amaken? (Mohammed Abdu). These identify different works, different institutions or different artist attributes. The review compares every completed bank, including Egyptian Music; ambiguous or unsupported release credits were excluded during research. Different song credits, artist instruments, labels, collaborators and musical genres remain separate relations; no retained pair asks the same relation about the same entity."
"arabic_music_v2_030/gulf_music_v2_052","119e4f812209f0326169dc8101c9e26b9824415ea05cd5285ad1dd9a0f3075f4","distinct","Assistant inspected song:omrikellou:singer: Which Lebanese singer performs Omri Kellou? (Wael Kfoury) against song:mozhela:singer: Which singer recorded Mozhela? (Mohammed Abdu). These identify different works, different institutions or different artist attributes. The review compares every completed bank, including Egyptian Music; ambiguous or unsupported release credits were excluded during research. Different song credits, artist instruments, labels, collaborators and musical genres remain separate relations; no retained pair asks the same relation about the same entity."
"arabic_music_v2_030/gulf_music_v2_066","e45ee6b3819fd4922ce6afc5aa6d2a8af579ffb338318e13eb33493e5abc594e","distinct","Assistant inspected song:omrikellou:singer: Which Lebanese singer performs Omri Kellou? (Wael Kfoury) against song:tenadeek:singer: Which singer recorded Tenadeek? (Majid Al Mohandis). These identify different works, different institutions or different artist attributes. The review compares every completed bank, including Egyptian Music; ambiguous or unsupported release credits were excluded during research. Different song credits, artist instruments, labels, collaborators and musical genres remain separate relations; no retained pair asks the same relation about the same entity."
"arabic_music_v2_031/gulf_music_v2_039","2edf1fef8757783e2137e8f2bc00edf47e96ca74fefa8a705c92abcfbba2f68a","distinct","Assistant inspected song:ellayali:singer: Which singer performs El Layali? (Nawal El Zoghbi) against song:qulubsahiya:singer: Which female singer recorded Al Quloub Al Sahiya? (Nawal). These identify different works, different institutions or different artist attributes. The review compares every completed bank, including Egyptian Music; ambiguous or unsupported release credits were excluded during research. Different song credits, artist instruments, labels, collaborators and musical genres remain separate relations; no retained pair asks the same relation about the same entity."
"arabic_music_v2_032/gulf_music_v2_023","4ebea452b21ecd0fc86e7201fd7cf414c53bde114768381380368272fba49e29","distinct","Assistant inspected song:aatenielnay:singer: Which Lebanese singer made the famous recording of Aateny El Nay Wa Ghanni? (Fairuz) against song:maqadir:singer: Which singer made the famous recording of Maqadir? (Talal Maddah). These identify different works, different institutions or different artist attributes. The review compares every completed bank, including Egyptian Music; ambiguous or unsupported release credits were excluded during research. Different song credits, artist instruments, labels, collaborators and musical genres remain separate relations; no retained pair asks the same relation about the same entity."
"arabic_music_v2_042/gulf_music_v2_002","db95181275bb2b372c282d6b6688c262eedbb88c1539bbb83ea19e14befd0f96","distinct","Assistant inspected song:didi:singer: Which Algerian singer performs Didi? (Khaled) against song:iyar:singer: Which Omani singer performs Iyar? (Salah Al Zadjali). These identify different works, different institutions or different artist attributes. The review compares every completed bank, including Egyptian Music; ambiguous or unsupported release credits were excluded during research. Different song credits, artist instruments, labels, collaborators and musical genres remain separate relations; no retained pair asks the same relation about the same entity."
"arabic_music_v2_042/gulf_music_v2_015","fd20922715a9da88621220806f850580ed9a253905d3d45f1a9f79b8aa61c5eb","distinct","Assistant inspected song:didi:singer: Which Algerian singer performs Didi? (Khaled) against song:alamaken:singer: Which singer performs Al Amaken? (Mohammed Abdu). These identify different works, different institutions or different artist attributes. The review compares every completed bank, including Egyptian Music; ambiguous or unsupported release credits were excluded during research. Different song credits, artist instruments, labels, collaborators and musical genres remain separate relations; no retained pair asks the same relation about the same entity."
"arabic_music_v2_042/gulf_music_v2_016","f4159773e21625b636c47b2d3096a078257f1f11e3ca3c2e4fd36d25cb095ff1","distinct","Assistant inspected song:didi:singer: Which Algerian singer performs Didi? (Khaled) against song:yabadahom:singer: Which singer performs Ya Badohom? (Abdul Majeed Abdullah). These identify different works, different institutions or different artist attributes. The review compares every completed bank, including Egyptian Music; ambiguous or unsupported release credits were excluded during research. Different song credits, artist instruments, labels, collaborators and musical genres remain separate relations; no retained pair asks the same relation about the same entity."
"arabic_music_v2_042/gulf_music_v2_017","5925407028d69123b6e0504b252f08bb38420af7b73ffb79bf99176cc14ad9f7","distinct","Assistant inspected song:didi:singer: Which Algerian singer performs Didi? (Khaled) against song:rahalty:singer: Which Kuwaiti singer performs Rahalty? (Abdullah Al Rowaished). These identify different works, different institutions or different artist attributes. The review compares every completed bank, including Egyptian Music; ambiguous or unsupported release credits were excluded during research. Different song credits, artist instruments, labels, collaborators and musical genres remain separate relations; no retained pair asks the same relation about the same entity."
"arabic_music_v2_042/gulf_music_v2_022","7bd8a098872afccd98a3dc61bcb0bf51784b78f89cce91bd2a6f895bb7062a9e","distinct","Assistant inspected song:didi:singer: Which Algerian singer performs Didi? (Khaled) against song:sheratan:singer: Which singer performs Sheratan Al Thahab? (Rashed Al Majid). These identify different works, different institutions or different artist attributes. The review compares every completed bank, including Egyptian Music; ambiguous or unsupported release credits were excluded during research. Different song credits, artist instruments, labels, collaborators and musical genres remain separate relations; no retained pair asks the same relation about the same entity."
"arabic_music_v2_042/gulf_music_v2_037","bf62a69c8e16423e0ab759d5cd5b60062d0035d26f0aadf456fc4c3058c0d269","distinct","Assistant inspected song:didi:singer: Which Algerian singer performs Didi? (Khaled) against song:duniaalwalah:singer: Which singer recorded Dunia Al Walah? (Abdullah Al Rowaished). These identify different works, different institutions or different artist attributes. The review compares every completed bank, including Egyptian Music; ambiguous or unsupported release credits were excluded during research. Different song credits, artist instruments, labels, collaborators and musical genres remain separate relations; no retained pair asks the same relation about the same entity."
"arabic_music_v2_042/gulf_music_v2_052","e2a92a6278c9e3fec0c24da2f7438d9ae0f52a91fe38e0a6d1d688684a97252a","distinct","Assistant inspected song:didi:singer: Which Algerian singer performs Didi? (Khaled) against song:mozhela:singer: Which singer recorded Mozhela? (Mohammed Abdu). These identify different works, different institutions or different artist attributes. The review compares every completed bank, including Egyptian Music; ambiguous or unsupported release credits were excluded during research. Different song credits, artist instruments, labels, collaborators and musical genres remain separate relations; no retained pair asks the same relation about the same entity."
"arabic_music_v2_042/gulf_music_v2_056","1dfe2c6521c11104b72e6eee9a398900cfc3a70c93e76a41dee71e1f8ce99fc7","distinct","Assistant inspected song:didi:singer: Which Algerian singer performs Didi? (Khaled) against song:qalootara:singer: Which singer recorded Qaloo Tara? (Abadi Al Johar). These identify different works, different institutions or different artist attributes. The review compares every completed bank, including Egyptian Music; ambiguous or unsupported release credits were excluded during research. Different song credits, artist instruments, labels, collaborators and musical genres remain separate relations; no retained pair asks the same relation about the same entity."
"arabic_music_v2_042/gulf_music_v2_066","86a5d09501b07bdbb893486646b5dcb99eb2b378f0338354759e033196403e30","distinct","Assistant inspected song:didi:singer: Which Algerian singer performs Didi? (Khaled) against song:tenadeek:singer: Which singer recorded Tenadeek? (Majid Al Mohandis). These identify different works, different institutions or different artist attributes. The review compares every completed bank, including Egyptian Music; ambiguous or unsupported release credits were excluded during research. Different song credits, artist instruments, labels, collaborators and musical genres remain separate relations; no retained pair asks the same relation about the same entity."
"arabic_music_v2_044/gulf_music_v2_015","a0ea88467d36421326c705c231db4330dc907218d690b640f2d2ce76e625b130","distinct","Assistant inspected song:avavainouva:singer: Which Algerian singer performs A Vava Inouva? (Idir) against song:alamaken:singer: Which singer performs Al Amaken? (Mohammed Abdu). These identify different works, different institutions or different artist attributes. The review compares every completed bank, including Egyptian Music; ambiguous or unsupported release credits were excluded during research. Different song credits, artist instruments, labels, collaborators and musical genres remain separate relations; no retained pair asks the same relation about the same entity."
"arabic_music_v2_044/gulf_music_v2_052","33f50d414885816716074b07bb8b4860d84b5b6b45ff5762aca6a3a213733851","distinct","Assistant inspected song:avavainouva:singer: Which Algerian singer performs A Vava Inouva? (Idir) against song:mozhela:singer: Which singer recorded Mozhela? (Mohammed Abdu). These identify different works, different institutions or different artist attributes. The review compares every completed bank, including Egyptian Music; ambiguous or unsupported release credits were excluded during research. Different song credits, artist instruments, labels, collaborators and musical genres remain separate relations; no retained pair asks the same relation about the same entity."
"arabic_music_v2_044/gulf_music_v2_066","e506d735d75cd05d5b0f33693695b7be0eb5dafcd88d99f6fee5ee422255efbb","distinct","Assistant inspected song:avavainouva:singer: Which Algerian singer performs A Vava Inouva? (Idir) against song:tenadeek:singer: Which singer recorded Tenadeek? (Majid Al Mohandis). These identify different works, different institutions or different artist attributes. The review compares every completed bank, including Egyptian Music; ambiguous or unsupported release credits were excluded during research. Different song credits, artist instruments, labels, collaborators and musical genres remain separate relations; no retained pair asks the same relation about the same entity."
"arabic_music_v2_046/gulf_music_v2_023","814f88a73fef7a8570b8a0b06d10f907f288935ec0f5bb17225dc628e40dcf79","distinct","Assistant inspected song:aicha:singer: Which Algerian singer made the famous 1996 recording of Aicha? (Khaled) against song:maqadir:singer: Which singer made the famous recording of Maqadir? (Talal Maddah). These identify different works, different institutions or different artist attributes. The review compares every completed bank, including Egyptian Music; ambiguous or unsupported release credits were excluded during research. Different song credits, artist instruments, labels, collaborators and musical genres remain separate relations; no retained pair asks the same relation about the same entity."
"arabic_music_v2_047/gulf_music_v2_039","a62579a7544ca4f6c0ed6a93bd7e8e39ba8d308022aa9fb00f43dc2aadfc3702","distinct","Assistant inspected song:hafla:singer: Which female singer performs Hafla? (Nawal El Zoghbi) against song:qulubsahiya:singer: Which female singer recorded Al Quloub Al Sahiya? (Nawal). These identify different works, different institutions or different artist attributes. The review compares every completed bank, including Egyptian Music; ambiguous or unsupported release credits were excluded during research. Different song credits, artist instruments, labels, collaborators and musical genres remain separate relations; no retained pair asks the same relation about the same entity."
"arabic_music_v2_053/gulf_music_v2_015","cb9d4fd2c565111498088a2909638386a763c311efdbd372b7e06affa5c2d023","distinct","Assistant inspected song:kon:singer: Who performs Kon? (Joseph Attieh) against song:alamaken:singer: Which singer performs Al Amaken? (Mohammed Abdu). These identify different works, different institutions or different artist attributes. The review compares every completed bank, including Egyptian Music; ambiguous or unsupported release credits were excluded during research. Different song credits, artist instruments, labels, collaborators and musical genres remain separate relations; no retained pair asks the same relation about the same entity."
"arabic_music_v2_053/gulf_music_v2_052","365d02a7b418973f3e64b79ec336b41c6490a224044695694d14368e45fc9f06","distinct","Assistant inspected song:kon:singer: Who performs Kon? (Joseph Attieh) against song:mozhela:singer: Which singer recorded Mozhela? (Mohammed Abdu). These identify different works, different institutions or different artist attributes. The review compares every completed bank, including Egyptian Music; ambiguous or unsupported release credits were excluded during research. Different song credits, artist instruments, labels, collaborators and musical genres remain separate relations; no retained pair asks the same relation about the same entity."
"arabic_music_v2_053/gulf_music_v2_066","0df5e79b441e007342b6f13955dbc3c1c1d6b7c4c85e270b676418d569dd2710","distinct","Assistant inspected song:kon:singer: Who performs Kon? (Joseph Attieh) against song:tenadeek:singer: Which singer recorded Tenadeek? (Majid Al Mohandis). These identify different works, different institutions or different artist attributes. The review compares every completed bank, including Egyptian Music; ambiguous or unsupported release credits were excluded during research. Different song credits, artist instruments, labels, collaborators and musical genres remain separate relations; no retained pair asks the same relation about the same entity."
"arabic_music_v2_054/gulf_music_v2_015","521977171319c1f408f9d070ba371a71869190800f9c2ea32fe7c46dbbb605d6","distinct","Assistant inspected song:baghdada:singer: Who performs Al Baghdada? (Joseph Attieh) against song:alamaken:singer: Which singer performs Al Amaken? (Mohammed Abdu). These identify different works, different institutions or different artist attributes. The review compares every completed bank, including Egyptian Music; ambiguous or unsupported release credits were excluded during research. Different song credits, artist instruments, labels, collaborators and musical genres remain separate relations; no retained pair asks the same relation about the same entity."
"arabic_music_v2_054/gulf_music_v2_052","fea4f85ee92d2bd10ce148c7c8badef9d9658aebad02f8b6373145cea99e45fc","distinct","Assistant inspected song:baghdada:singer: Who performs Al Baghdada? (Joseph Attieh) against song:mozhela:singer: Which singer recorded Mozhela? (Mohammed Abdu). These identify different works, different institutions or different artist attributes. The review compares every completed bank, including Egyptian Music; ambiguous or unsupported release credits were excluded during research. Different song credits, artist instruments, labels, collaborators and musical genres remain separate relations; no retained pair asks the same relation about the same entity."
"arabic_music_v2_054/gulf_music_v2_066","93c1127c33067381d21c81f1a154052aeb9d9f4d45f42522ce36b2c1b2d3c044","distinct","Assistant inspected song:baghdada:singer: Who performs Al Baghdada? (Joseph Attieh) against song:tenadeek:singer: Which singer recorded Tenadeek? (Majid Al Mohandis). These identify different works, different institutions or different artist attributes. The review compares every completed bank, including Egyptian Music; ambiguous or unsupported release credits were excluded during research. Different song credits, artist instruments, labels, collaborators and musical genres remain separate relations; no retained pair asks the same relation about the same entity."
"arabic_music_v2_055/gulf_music_v2_039","7e6c9aed592eb22c4884e5052fe954fd94559bdc1e6ab5d0b8676bf9196790e0","distinct","Assistant inspected song:motallaqa:singer: Which female singer performs El Motallaqa? (Carole Samaha) against song:qulubsahiya:singer: Which female singer recorded Al Quloub Al Sahiya? (Nawal). These identify different works, different institutions or different artist attributes. The review compares every completed bank, including Egyptian Music; ambiguous or unsupported release credits were excluded during research. Different song credits, artist instruments, labels, collaborators and musical genres remain separate relations; no retained pair asks the same relation about the same entity."
"arabic_music_v2_056/gulf_music_v2_040","0a68d18e36001439adad1e19a41a4b89048f87416ab30327837f4bc5021083a7","distinct","Assistant inspected song:habibiduo:singer: Which duo performed the 2021 release of Habibi? (Assi El Hallani and Al Walid El Hallani) against song:yaibnalawadem:singer: Who sang Ya Ibn Alawadem in its 2021 release? (Abdul Majeed Abdullah). These identify different works, different institutions or different artist attributes. The review compares every completed bank, including Egyptian Music; ambiguous or unsupported release credits were excluded during research. Different song credits, artist instruments, labels, collaborators and musical genres remain separate relations; no retained pair asks the same relation about the same entity."
"arabic_music_v2_056/gulf_music_v2_048","30d9619912a68b655e91b8c664143da0cf6b532eba99f0a154bef446768210d6","distinct","Assistant inspected song:habibiduo:singer: Which duo performed the 2021 release of Habibi? (Assi El Hallani and Al Walid El Hallani) against song:ygolon:singer: Who sang Ygolon in its 2021 release? (Nabeel Shuail). These identify different works, different institutions or different artist attributes. The review compares every completed bank, including Egyptian Music; ambiguous or unsupported release credits were excluded during research. Different song credits, artist instruments, labels, collaborators and musical genres remain separate relations; no retained pair asks the same relation about the same entity."
"arabic_music_v2_058/gulf_music_v2_002","c69bb530785c46b0b76ac7a9e3dc41833d7bfd4d2e17f10c5a645bb3dc5a9eaa","distinct","Assistant inspected song:saken:singer: Which singer performs Saken? (Diana Haddad) against song:iyar:singer: Which Omani singer performs Iyar? (Salah Al Zadjali). These identify different works, different institutions or different artist attributes. The review compares every completed bank, including Egyptian Music; ambiguous or unsupported release credits were excluded during research. Different song credits, artist instruments, labels, collaborators and musical genres remain separate relations; no retained pair asks the same relation about the same entity."
"arabic_music_v2_058/gulf_music_v2_015","23244a4c146f7856b753c9e4360879a2ca7c78fe81ab100b353863f161df2157","distinct","Assistant inspected song:saken:singer: Which singer performs Saken? (Diana Haddad) against song:alamaken:singer: Which singer performs Al Amaken? (Mohammed Abdu). These identify different works, different institutions or different artist attributes. The review compares every completed bank, including Egyptian Music; ambiguous or unsupported release credits were excluded during research. Different song credits, artist instruments, labels, collaborators and musical genres remain separate relations; no retained pair asks the same relation about the same entity."
"arabic_music_v2_058/gulf_music_v2_016","5085a4897e06dff5cc6cdf01677b2931f7f8db1fc268c037d9897a8c9249cbc2","distinct","Assistant inspected song:saken:singer: Which singer performs Saken? (Diana Haddad) against song:yabadahom:singer: Which singer performs Ya Badohom? (Abdul Majeed Abdullah). These identify different works, different institutions or different artist attributes. The review compares every completed bank, including Egyptian Music; ambiguous or unsupported release credits were excluded during research. Different song credits, artist instruments, labels, collaborators and musical genres remain separate relations; no retained pair asks the same relation about the same entity."
"arabic_music_v2_058/gulf_music_v2_017","f9b5248707b6623ea29c0913c746221ef950a09cf8ec36a4ce46587dbcb4fa00","distinct","Assistant inspected song:saken:singer: Which singer performs Saken? (Diana Haddad) against song:rahalty:singer: Which Kuwaiti singer performs Rahalty? (Abdullah Al Rowaished). These identify different works, different institutions or different artist attributes. The review compares every completed bank, including Egyptian Music; ambiguous or unsupported release credits were excluded during research. Different song credits, artist instruments, labels, collaborators and musical genres remain separate relations; no retained pair asks the same relation about the same entity."
"arabic_music_v2_058/gulf_music_v2_039","da15a802e6125e44087bd5e6f1b0ecb41f6e8daa4cf05fca0fa66ed6fa7e1167","distinct","Assistant inspected song:saken:singer: Which singer performs Saken? (Diana Haddad) against song:qulubsahiya:singer: Which female singer recorded Al Quloub Al Sahiya? (Nawal). These identify different works, different institutions or different artist attributes. The review compares every completed bank, including Egyptian Music; ambiguous or unsupported release credits were excluded during research. Different song credits, artist instruments, labels, collaborators and musical genres remain separate relations; no retained pair asks the same relation about the same entity."
"arabic_music_v2_060/gulf_music_v2_016","0b5f87ca614ee813c88bf9bee994a719acdae26ae60383bbf1cac9084d13bfc0","distinct","Assistant inspected song:yaleilyalein:singer: Which Syrian singer performs Ya Leil W Yal Ein? (Al Shami) against song:yabadahom:singer: Which singer performs Ya Badohom? (Abdul Majeed Abdullah). These identify different works, different institutions or different artist attributes. The review compares every completed bank, including Egyptian Music; ambiguous or unsupported release credits were excluded during research. Different song credits, artist instruments, labels, collaborators and musical genres remain separate relations; no retained pair asks the same relation about the same entity."
"arabic_music_v2_061/gulf_music_v2_002","9e6f33183826a7600bcaf00dc28c529e33a6edc0f623f6601e4be1239718aa6c","distinct","Assistant inspected song:aashanak:singer: Which singer performs Aashanak? (Siilawy) against song:iyar:singer: Which Omani singer performs Iyar? (Salah Al Zadjali). These identify different works, different institutions or different artist attributes. The review compares every completed bank, including Egyptian Music; ambiguous or unsupported release credits were excluded during research. Different song credits, artist instruments, labels, collaborators and musical genres remain separate relations; no retained pair asks the same relation about the same entity."
"arabic_music_v2_061/gulf_music_v2_009","9ca0aed8c32d3f1179fce79b4b6ff7b62d51958e14525cc7a04e85573d00c135","distinct","Assistant inspected song:aashanak:singer: Which singer performs Aashanak? (Siilawy) against song:adelqissa:singer: Which Bahraini singer performs Qissa Jadidah? (Adel Mahmood). These identify different works, different institutions or different artist attributes. The review compares every completed bank, including Egyptian Music; ambiguous or unsupported release credits were excluded during research. Different song credits, artist instruments, labels, collaborators and musical genres remain separate relations; no retained pair asks the same relation about the same entity."
"arabic_music_v2_061/gulf_music_v2_013","d50dda58c2fc9f031590e6bd6fac6f286b96f2cc5b6c54af94d079daddaa6383","distinct","Assistant inspected song:aashanak:singer: Which singer performs Aashanak? (Siilawy) against song:yashams:singer: Which Kuwaiti singer performs Ya Shams? (Nabeel Shuail). These identify different works, different institutions or different artist attributes. The review compares every completed bank, including Egyptian Music; ambiguous or unsupported release credits were excluded during research. Different song credits, artist instruments, labels, collaborators and musical genres remain separate relations; no retained pair asks the same relation about the same entity."
"arabic_music_v2_061/gulf_music_v2_015","0f3337f60830d246e41d56e802d019472da45efa2aedf6f4fa86d29507aa0e19","distinct","Assistant inspected song:aashanak:singer: Which singer performs Aashanak? (Siilawy) against song:alamaken:singer: Which singer performs Al Amaken? (Mohammed Abdu). These identify different works, different institutions or different artist attributes. The review compares every completed bank, including Egyptian Music; ambiguous or unsupported release credits were excluded during research. Different song credits, artist instruments, labels, collaborators and musical genres remain separate relations; no retained pair asks the same relation about the same entity."
"arabic_music_v2_061/gulf_music_v2_016","ddf099135eb7e8cd62fe6765617b1b1ff3f75f657193b0d6c6105a423c8fe3ea","distinct","Assistant inspected song:aashanak:singer: Which singer performs Aashanak? (Siilawy) against song:yabadahom:singer: Which singer performs Ya Badohom? (Abdul Majeed Abdullah). These identify different works, different institutions or different artist attributes. The review compares every completed bank, including Egyptian Music; ambiguous or unsupported release credits were excluded during research. Different song credits, artist instruments, labels, collaborators and musical genres remain separate relations; no retained pair asks the same relation about the same entity."
"arabic_music_v2_061/gulf_music_v2_017","82d384e4ad29007742c074319d7ddee7e54dcd90ba9b3acf60710cd23b5364a9","distinct","Assistant inspected song:aashanak:singer: Which singer performs Aashanak? (Siilawy) against song:rahalty:singer: Which Kuwaiti singer performs Rahalty? (Abdullah Al Rowaished). These identify different works, different institutions or different artist attributes. The review compares every completed bank, including Egyptian Music; ambiguous or unsupported release credits were excluded during research. Different song credits, artist instruments, labels, collaborators and musical genres remain separate relations; no retained pair asks the same relation about the same entity."
"arabic_music_v2_061/gulf_music_v2_022","e54f2315e4a6bb01248bd6cc286e253d93f61e1275c56148957cf880d3b88aef","distinct","Assistant inspected song:aashanak:singer: Which singer performs Aashanak? (Siilawy) against song:sheratan:singer: Which singer performs Sheratan Al Thahab? (Rashed Al Majid). These identify different works, different institutions or different artist attributes. The review compares every completed bank, including Egyptian Music; ambiguous or unsupported release credits were excluded during research. Different song credits, artist instruments, labels, collaborators and musical genres remain separate relations; no retained pair asks the same relation about the same entity."
"arabic_music_v2_061/gulf_music_v2_037","bbaf2eee119d26a89473c5ffcb7014c0b3a7ad44d4837c11f3f224f50a8a7059","distinct","Assistant inspected song:aashanak:singer: Which singer performs Aashanak? (Siilawy) against song:duniaalwalah:singer: Which singer recorded Dunia Al Walah? (Abdullah Al Rowaished). These identify different works, different institutions or different artist attributes. The review compares every completed bank, including Egyptian Music; ambiguous or unsupported release credits were excluded during research. Different song credits, artist instruments, labels, collaborators and musical genres remain separate relations; no retained pair asks the same relation about the same entity."
"arabic_music_v2_061/gulf_music_v2_052","493b64b848019c05618063e5e4f593b8cf005490a822203570d773a461d22776","distinct","Assistant inspected song:aashanak:singer: Which singer performs Aashanak? (Siilawy) against song:mozhela:singer: Which singer recorded Mozhela? (Mohammed Abdu). These identify different works, different institutions or different artist attributes. The review compares every completed bank, including Egyptian Music; ambiguous or unsupported release credits were excluded during research. Different song credits, artist instruments, labels, collaborators and musical genres remain separate relations; no retained pair asks the same relation about the same entity."
"arabic_music_v2_061/gulf_music_v2_056","7749b12001998c21a427ebfb966a84aefbfaa940397078076774a52a3c6c3663","distinct","Assistant inspected song:aashanak:singer: Which singer performs Aashanak? (Siilawy) against song:qalootara:singer: Which singer recorded Qaloo Tara? (Abadi Al Johar). These identify different works, different institutions or different artist attributes. The review compares every completed bank, including Egyptian Music; ambiguous or unsupported release credits were excluded during research. Different song credits, artist instruments, labels, collaborators and musical genres remain separate relations; no retained pair asks the same relation about the same entity."
"arabic_music_v2_061/gulf_music_v2_066","1c6a3037c1f60e1d20d96f3eff2fc71b46649bd31f1301685c8527393de49280","distinct","Assistant inspected song:aashanak:singer: Which singer performs Aashanak? (Siilawy) against song:tenadeek:singer: Which singer recorded Tenadeek? (Majid Al Mohandis). These identify different works, different institutions or different artist attributes. The review compares every completed bank, including Egyptian Music; ambiguous or unsupported release credits were excluded during research. Different song credits, artist instruments, labels, collaborators and musical genres remain separate relations; no retained pair asks the same relation about the same entity."
"arabic_music_v2_089/gulf_music_v2_073","6a4108c367862517e5d3cb1e29742509fad2951225f08f07e18a8a24c22fa7f7","distinct","Assistant inspected album:souad:secondalbum: What is the title of Souad Massi's second album, released in 2003? (Deb) against album:ala:brouvat: What is the title of Ala Ghawas's Arabic album released in 2021? (Brouvat Mout). These identify different works, different institutions or different artist attributes. The review compares every completed bank, including Egyptian Music; ambiguous or unsupported release credits were excluded during research. Different song credits, artist instruments, labels, collaborators and musical genres remain separate relations; no retained pair asks the same relation about the same entity."
"arabic_music_v2_099/gulf_music_v2_086","fe92cea89eef13226cad89bf65c0d4a4fefff4a15d67b1f1271e66800abf1142","distinct","Assistant inspected song:ellayali:composer: Who composed Nawal El Zoghbi's El Layali? (Mohammed Rahim) against song:anamasoul:composer: Who composed Nawal's Ana El Masoul? (Nasser Al Saleh). These identify different works, different institutions or different artist attributes. The review compares every completed bank, including Egyptian Music; ambiguous or unsupported release credits were excluded during research. Different song credits, artist instruments, labels, collaborators and musical genres remain separate relations; no retained pair asks the same relation about the same entity."
"arabic_music_v2_099/gulf_music_v2_098","e727f255d1dc24d01cb01bd18ab1a510dc0853b541af81256395eeb82e6c9123","distinct","Assistant inspected song:ellayali:composer: Who composed Nawal El Zoghbi's El Layali? (Mohammed Rahim) against song:qulubsahiya:composer: Who composed Nawal's Al Quloub Al Sahiya? (Ali Al Jabr). These identify different works, different institutions or different artist attributes. The review compares every completed bank, including Egyptian Music; ambiguous or unsupported release credits were excluded during research. Different song credits, artist instruments, labels, collaborators and musical genres remain separate relations; no retained pair asks the same relation about the same entity."
"arabic_music_v2_099/gulf_music_v2_105","ae169a83ab00447a3ee11514f936cae97e46195bb95b622c4916a6221dd92f26","distinct","Assistant inspected song:ellayali:composer: Who composed Nawal El Zoghbi's El Layali? (Mohammed Rahim) against song:tahadedninawal:composer: Who composed Nawal's Tahadedni? (Badee Masoud). These identify different works, different institutions or different artist attributes. The review compares every completed bank, including Egyptian Music; ambiguous or unsupported release credits were excluded during research. Different song credits, artist instruments, labels, collaborators and musical genres remain separate relations; no retained pair asks the same relation about the same entity."
"arabic_music_v2_099/gulf_music_v2_116","fa6cd6dfdbbb1c8b3963938ea64d75606b5e4d154862110770d10b33af01dba5","distinct","Assistant inspected song:ellayali:composer: Who composed Nawal El Zoghbi's El Layali? (Mohammed Rahim) against song:methlnaseem:composer: Who composed Nawal's Methl Al Naseem? (Yaser Bu Ali). These identify different works, different institutions or different artist attributes. The review compares every completed bank, including Egyptian Music; ambiguous or unsupported release credits were excluded during research. Different song credits, artist instruments, labels, collaborators and musical genres remain separate relations; no retained pair asks the same relation about the same entity."
"arabic_music_v2_111/gulf_music_v2_096","7ee5a50ba831d13281fb5d2f5b20572cf05ad4cecb9c417848f05cb84bbeb4e7","distinct","Assistant inspected artist:idir:stagename: By which stage name is the Kabyle singer Hamid Cheriet known? (Idir) against artist:sultankhalifa:stagename: What stage name is singer Sultan Khalifa known by? (Haqroos). These identify different works, different institutions or different artist attributes. The review compares every completed bank, including Egyptian Music; ambiguous or unsupported release credits were excluded during research. Different song credits, artist instruments, labels, collaborators and musical genres remain separate relations; no retained pair asks the same relation about the same entity."
"arabic_music_v2_114/gulf_music_v2_086","b53b50e5e6be344738e973e9235abce9d92c8c821eb7f67926508bdd9cec4c93","distinct","Assistant inspected song:hafla:composer: Who composed Nawal El Zoghbi's Hafla? (Ahmed Zaeem) against song:anamasoul:composer: Who composed Nawal's Ana El Masoul? (Nasser Al Saleh). These identify different works, different institutions or different artist attributes. The review compares every completed bank, including Egyptian Music; ambiguous or unsupported release credits were excluded during research. Different song credits, artist instruments, labels, collaborators and musical genres remain separate relations; no retained pair asks the same relation about the same entity."
"arabic_music_v2_114/gulf_music_v2_098","a2e33e403f52e46f8f36447bf53a4c39ac89d60ffe7dec28277dc0d6f97e8b9d","distinct","Assistant inspected song:hafla:composer: Who composed Nawal El Zoghbi's Hafla? (Ahmed Zaeem) against song:qulubsahiya:composer: Who composed Nawal's Al Quloub Al Sahiya? (Ali Al Jabr). These identify different works, different institutions or different artist attributes. The review compares every completed bank, including Egyptian Music; ambiguous or unsupported release credits were excluded during research. Different song credits, artist instruments, labels, collaborators and musical genres remain separate relations; no retained pair asks the same relation about the same entity."
"arabic_music_v2_114/gulf_music_v2_105","14f0b50d891d341678be9aca41efeb5e92ae871cdbb6cb171d3e97d8e69d2a9d","distinct","Assistant inspected song:hafla:composer: Who composed Nawal El Zoghbi's Hafla? (Ahmed Zaeem) against song:tahadedninawal:composer: Who composed Nawal's Tahadedni? (Badee Masoud). These identify different works, different institutions or different artist attributes. The review compares every completed bank, including Egyptian Music; ambiguous or unsupported release credits were excluded during research. Different song credits, artist instruments, labels, collaborators and musical genres remain separate relations; no retained pair asks the same relation about the same entity."
"arabic_music_v2_114/gulf_music_v2_116","a6b226588dbdc86c2377dc7ddde459c437729f4325122462843b93d01b594d5f","distinct","Assistant inspected song:hafla:composer: Who composed Nawal El Zoghbi's Hafla? (Ahmed Zaeem) against song:methlnaseem:composer: Who composed Nawal's Methl Al Naseem? (Yaser Bu Ali). These identify different works, different institutions or different artist attributes. The review compares every completed bank, including Egyptian Music; ambiguous or unsupported release credits were excluded during research. Different song credits, artist instruments, labels, collaborators and musical genres remain separate relations; no retained pair asks the same relation about the same entity."
"arabic_music_v2_130/gulf_music_v2_187","8a17a13792b363c9894559bcbf4e267302ea459dd3f796b9116ada96e8c241a1","distinct","Assistant inspected festival:baalbek:foundation: In which year was the Baalbeck International Festival founded? (1956) against ensemble:bahrainphilharmonic:foundingyear: In which year was the Bahrain Philharmonic Orchestra founded? (2022). These identify different works, different institutions or different artist attributes. The review compares every completed bank, including Egyptian Music; ambiguous or unsupported release credits were excluded during research. Different song credits, artist instruments, labels, collaborators and musical genres remain separate relations; no retained pair asks the same relation about the same entity."
"arabic_music_v2_138/gulf_music_v2_150","a229583e7e4dd9e54fcf2a19ede169463e1f2914ff28aa63d76f39351fb12f7d","distinct","Assistant inspected song:intaeih:lyricist: Who wrote the lyrics of Nancy Ajram's Inta Eih? (Mostafa Morsi) against song:tabra:lyricist: Who wrote the lyrics of Nawal's Tabra? (Abdul Latif Al Bannai). These identify different works, different institutions or different artist attributes. The review compares every completed bank, including Egyptian Music; ambiguous or unsupported release credits were excluded during research. Different song credits, artist instruments, labels, collaborators and musical genres remain separate relations; no retained pair asks the same relation about the same entity."
"arabic_music_v2_138/gulf_music_v2_171","381f60035ef11d068fdf770cd873bed7eafec449c32cfcc851ba72f522471195","distinct","Assistant inspected song:intaeih:lyricist: Who wrote the lyrics of Nancy Ajram's Inta Eih? (Mostafa Morsi) against song:nasetni:lyricist: Who wrote the lyrics of Ayed's Nasetni? (Fahad Al Mosaed). These identify different works, different institutions or different artist attributes. The review compares every completed bank, including Egyptian Music; ambiguous or unsupported release credits were excluded during research. Different song credits, artist instruments, labels, collaborators and musical genres remain separate relations; no retained pair asks the same relation about the same entity."
"arabic_music_v2_138/gulf_music_v2_184","8630ddd3057f25d76829524d05747b5fcd790ed82113f766734edc8affa6ce08","distinct","Assistant inspected song:intaeih:lyricist: Who wrote the lyrics of Nancy Ajram's Inta Eih? (Mostafa Morsi) against song:tahadedninawal:lyricist: Who wrote the lyrics of Nawal's Tahadedni? (Saud Al Shubrmi). These identify different works, different institutions or different artist attributes. The review compares every completed bank, including Egyptian Music; ambiguous or unsupported release credits were excluded during research. Different song credits, artist instruments, labels, collaborators and musical genres remain separate relations; no retained pair asks the same relation about the same entity."
"arabic_music_v2_140/gulf_music_v2_161","1545e7eaaaa9645de6eee0c6c38535170ece7db0c91487f3e9e483cabbbc9edf","distinct","Assistant inspected song:nasinieldonya:lyricist: Who wrote the lyrics of Ragheb Alama's Nasini El Donya? (Assem Hussein) against song:anamasoul:lyricist: Who wrote the lyrics of Nawal's Ana El Masoul? (Mohamed Al Mansour). These identify different works, different institutions or different artist attributes. The review compares every completed bank, including Egyptian Music; ambiguous or unsupported release credits were excluded during research. Different song credits, artist instruments, labels, collaborators and musical genres remain separate relations; no retained pair asks the same relation about the same entity."
"arabic_music_v2_149/gulf_music_v2_150","096e5ece4d3fcba78ea88c0cc0acca7637a4745f12cbe4063af7394e6db5debb","distinct","Assistant inspected song:waedmenni:lyricist: Who wrote the lyrics of Rahma Riad's Waed Menni? (Ramy Al Abody) against song:tabra:lyricist: Who wrote the lyrics of Nawal's Tabra? (Abdul Latif Al Bannai). These identify different works, different institutions or different artist attributes. The review compares every completed bank, including Egyptian Music; ambiguous or unsupported release credits were excluded during research. Different song credits, artist instruments, labels, collaborators and musical genres remain separate relations; no retained pair asks the same relation about the same entity."
"arabic_music_v2_149/gulf_music_v2_171","08d0da29fecb46f3ef264351dfdf4d9a33739236e352cccf96c2af54c4cbae87","distinct","Assistant inspected song:waedmenni:lyricist: Who wrote the lyrics of Rahma Riad's Waed Menni? (Ramy Al Abody) against song:nasetni:lyricist: Who wrote the lyrics of Ayed's Nasetni? (Fahad Al Mosaed). These identify different works, different institutions or different artist attributes. The review compares every completed bank, including Egyptian Music; ambiguous or unsupported release credits were excluded during research. Different song credits, artist instruments, labels, collaborators and musical genres remain separate relations; no retained pair asks the same relation about the same entity."
"arabic_music_v2_149/gulf_music_v2_184","177c922b8c5206f01cfebdaf3884ee6213d6032c37130bdb1595309e06a1e833","distinct","Assistant inspected song:waedmenni:lyricist: Who wrote the lyrics of Rahma Riad's Waed Menni? (Ramy Al Abody) against song:tahadedninawal:lyricist: Who wrote the lyrics of Nawal's Tahadedni? (Saud Al Shubrmi). These identify different works, different institutions or different artist attributes. The review compares every completed bank, including Egyptian Music; ambiguous or unsupported release credits were excluded during research. Different song credits, artist instruments, labels, collaborators and musical genres remain separate relations; no retained pair asks the same relation about the same entity."
"arabic_music_v2_152/gulf_music_v2_150","9db95bbdefbf50016e6d708ab775d1d740c8889b6b8c16b15354c7d118b94ad0","distinct","Assistant inspected song:dalliedhaki:lyricist: Who wrote the lyrics of Melhem Zein's Dalli Edhaki? (Fadi Morjan) against song:tabra:lyricist: Who wrote the lyrics of Nawal's Tabra? (Abdul Latif Al Bannai). These identify different works, different institutions or different artist attributes. The review compares every completed bank, including Egyptian Music; ambiguous or unsupported release credits were excluded during research. Different song credits, artist instruments, labels, collaborators and musical genres remain separate relations; no retained pair asks the same relation about the same entity."
"arabic_music_v2_152/gulf_music_v2_171","3e14a5ebd1fc8facad4c614d2be9c0609b366ec998891c3184e70c01becf8d85","distinct","Assistant inspected song:dalliedhaki:lyricist: Who wrote the lyrics of Melhem Zein's Dalli Edhaki? (Fadi Morjan) against song:nasetni:lyricist: Who wrote the lyrics of Ayed's Nasetni? (Fahad Al Mosaed). These identify different works, different institutions or different artist attributes. The review compares every completed bank, including Egyptian Music; ambiguous or unsupported release credits were excluded during research. Different song credits, artist instruments, labels, collaborators and musical genres remain separate relations; no retained pair asks the same relation about the same entity."
"arabic_music_v2_152/gulf_music_v2_184","3f3644fb23ccb2acf665a7fe2fd4e33ed7e49ae093e96ba23696a6433492209e","distinct","Assistant inspected song:dalliedhaki:lyricist: Who wrote the lyrics of Melhem Zein's Dalli Edhaki? (Fadi Morjan) against song:tahadedninawal:lyricist: Who wrote the lyrics of Nawal's Tahadedni? (Saud Al Shubrmi). These identify different works, different institutions or different artist attributes. The review compares every completed bank, including Egyptian Music; ambiguous or unsupported release credits were excluded during research. Different song credits, artist instruments, labels, collaborators and musical genres remain separate relations; no retained pair asks the same relation about the same entity."
"arabic_music_v2_153/gulf_music_v2_135","b68fbefed0c3942c6068634370b092af271f2026c967fe27909f1e9e055c6004","distinct","Assistant inspected song:madareet:lyricist: Who wrote the lyrics of Saif Nabeel's Ma Dareet? (Saif Al Fares) against song:sikkasafar:lyricist: Who wrote the lyrics of Nabeel Shuail's Sikka Safar? (Abdul Latif Al Bannai). These identify different works, different institutions or different artist attributes. The review compares every completed bank, including Egyptian Music; ambiguous or unsupported release credits were excluded during research. Different song credits, artist instruments, labels, collaborators and musical genres remain separate relations; no retained pair asks the same relation about the same entity."
"arabic_music_v2_153/gulf_music_v2_150","4d688920163c4dee65410c01bc501010e5bedfad1824cd5fe37c73b1788bcf0e","distinct","Assistant inspected song:madareet:lyricist: Who wrote the lyrics of Saif Nabeel's Ma Dareet? (Saif Al Fares) against song:tabra:lyricist: Who wrote the lyrics of Nawal's Tabra? (Abdul Latif Al Bannai). These identify different works, different institutions or different artist attributes. The review compares every completed bank, including Egyptian Music; ambiguous or unsupported release credits were excluded during research. Different song credits, artist instruments, labels, collaborators and musical genres remain separate relations; no retained pair asks the same relation about the same entity."
"arabic_music_v2_153/gulf_music_v2_151","0ef48323f91008ff1ddfed27ceff851a2b13a880f29b2d463d291131f21120dd","distinct","Assistant inspected song:madareet:lyricist: Who wrote the lyrics of Saif Nabeel's Ma Dareet? (Saif Al Fares) against song:yashams:lyricist: Who wrote the lyrics of Nabeel Shuail's Ya Shams? (Abdul Latif Al Bannai). These identify different works, different institutions or different artist attributes. The review compares every completed bank, including Egyptian Music; ambiguous or unsupported release credits were excluded during research. Different song credits, artist instruments, labels, collaborators and musical genres remain separate relations; no retained pair asks the same relation about the same entity."
"arabic_music_v2_153/gulf_music_v2_171","125bf32fc4cb06935ee7b5dded2c05737e61d1096ecaad71454f64204102403f","distinct","Assistant inspected song:madareet:lyricist: Who wrote the lyrics of Saif Nabeel's Ma Dareet? (Saif Al Fares) against song:nasetni:lyricist: Who wrote the lyrics of Ayed's Nasetni? (Fahad Al Mosaed). These identify different works, different institutions or different artist attributes. The review compares every completed bank, including Egyptian Music; ambiguous or unsupported release credits were excluded during research. Different song credits, artist instruments, labels, collaborators and musical genres remain separate relations; no retained pair asks the same relation about the same entity."
"arabic_music_v2_153/gulf_music_v2_184","5ad133848530721d88d9c9a86c72b0be822c64ee2bb67b9d4e1153b5d7e5214a","distinct","Assistant inspected song:madareet:lyricist: Who wrote the lyrics of Saif Nabeel's Ma Dareet? (Saif Al Fares) against song:tahadedninawal:lyricist: Who wrote the lyrics of Nawal's Tahadedni? (Saud Al Shubrmi). These identify different works, different institutions or different artist attributes. The review compares every completed bank, including Egyptian Music; ambiguous or unsupported release credits were excluded during research. Different song credits, artist instruments, labels, collaborators and musical genres remain separate relations; no retained pair asks the same relation about the same entity."
"arabic_music_v2_153/gulf_music_v2_186","a5a2209e9555fab395f6f358a30b13696a587bcbb07ebf9e7b44d2a234b8380f","distinct","Assistant inspected song:madareet:lyricist: Who wrote the lyrics of Saif Nabeel's Ma Dareet? (Saif Al Fares) against song:ygolon:lyricist: Who wrote the lyrics of Nabeel Shuail's Ygolon? (Ahmad Al Sanea). These identify different works, different institutions or different artist attributes. The review compares every completed bank, including Egyptian Music; ambiguous or unsupported release credits were excluded during research. Different song credits, artist instruments, labels, collaborators and musical genres remain separate relations; no retained pair asks the same relation about the same entity."
"arabic_music_v2_154/gulf_music_v2_161","990a5e0dab484b2864a36d9209234040d27984db9d181a4aa0a2f0cc88cab094","distinct","Assistant inspected song:kalamelnas:lyricist: Who wrote the lyrics of George Wassouf's Kalam El Nas? (Ahmed Sheta) against song:anamasoul:lyricist: Who wrote the lyrics of Nawal's Ana El Masoul? (Mohamed Al Mansour). These identify different works, different institutions or different artist attributes. The review compares every completed bank, including Egyptian Music; ambiguous or unsupported release credits were excluded during research. Different song credits, artist instruments, labels, collaborators and musical genres remain separate relations; no retained pair asks the same relation about the same entity."
"arabic_music_v2_161/gulf_music_v2_135","34c4a5a10ca7eab7f0bddec4de3afe374359769451a1a11e3c49227d8fab10c2","distinct","Assistant inspected song:ayshalak:lyricist: Who wrote the lyrics of Elissa's Ayshalak? (Mohammed Rifai) against song:sikkasafar:lyricist: Who wrote the lyrics of Nabeel Shuail's Sikka Safar? (Abdul Latif Al Bannai). These identify different works, different institutions or different artist attributes. The review compares every completed bank, including Egyptian Music; ambiguous or unsupported release credits were excluded during research. Different song credits, artist instruments, labels, collaborators and musical genres remain separate relations; no retained pair asks the same relation about the same entity."
"arabic_music_v2_161/gulf_music_v2_147","a44718e0248b360736e38cd42b7b046a84e2b50fa116f62d17042a7a980de168","distinct","Assistant inspected song:ayshalak:lyricist: Who wrote the lyrics of Elissa's Ayshalak? (Mohammed Rifai) against song:tarban:lyricist: Who wrote the lyrics of Salah Al Zadjali's Tarban? (Haitham Al Busaidi). These identify different works, different institutions or different artist attributes. The review compares every completed bank, including Egyptian Music; ambiguous or unsupported release credits were excluded during research. Different song credits, artist instruments, labels, collaborators and musical genres remain separate relations; no retained pair asks the same relation about the same entity."
"arabic_music_v2_161/gulf_music_v2_149","ac1789359978f9bc6f6bf7afec181b52f32a2c3622d0afce220351cfa88e28de","distinct","Assistant inspected song:ayshalak:lyricist: Who wrote the lyrics of Elissa's Ayshalak? (Mohammed Rifai) against song:batalna:lyricist: Who wrote the lyrics of Fahad Al Kubaisi's Batalna? (Saad Al Mosallam). These identify different works, different institutions or different artist attributes. The review compares every completed bank, including Egyptian Music; ambiguous or unsupported release credits were excluded during research. Different song credits, artist instruments, labels, collaborators and musical genres remain separate relations; no retained pair asks the same relation about the same entity."
"arabic_music_v2_161/gulf_music_v2_150","5e8fb3ad96d26bc6454edb0e5f7615cc0c09021fb6f12a2101301c4935d9e7c3","distinct","Assistant inspected song:ayshalak:lyricist: Who wrote the lyrics of Elissa's Ayshalak? (Mohammed Rifai) against song:tabra:lyricist: Who wrote the lyrics of Nawal's Tabra? (Abdul Latif Al Bannai). These identify different works, different institutions or different artist attributes. The review compares every completed bank, including Egyptian Music; ambiguous or unsupported release credits were excluded during research. Different song credits, artist instruments, labels, collaborators and musical genres remain separate relations; no retained pair asks the same relation about the same entity."
"arabic_music_v2_161/gulf_music_v2_151","49cf99dd4c52ea4cdc06b056ef488dccad1e074dc4d6c81fd28618f875735368","distinct","Assistant inspected song:ayshalak:lyricist: Who wrote the lyrics of Elissa's Ayshalak? (Mohammed Rifai) against song:yashams:lyricist: Who wrote the lyrics of Nabeel Shuail's Ya Shams? (Abdul Latif Al Bannai). These identify different works, different institutions or different artist attributes. The review compares every completed bank, including Egyptian Music; ambiguous or unsupported release credits were excluded during research. Different song credits, artist instruments, labels, collaborators and musical genres remain separate relations; no retained pair asks the same relation about the same entity."
"arabic_music_v2_161/gulf_music_v2_152","d5e4e70ace46bb62844596d09657f9ba6b862578e4f2b678bbdf0593fd67546d","distinct","Assistant inspected song:ayshalak:lyricist: Who wrote the lyrics of Elissa's Ayshalak? (Mohammed Rifai) against song:musafir:lyricist: Who wrote the lyrics of Rashed Al Majid's Al Musafir? (Badr bin Abdulmohsen). These identify different works, different institutions or different artist attributes. The review compares every completed bank, including Egyptian Music; ambiguous or unsupported release credits were excluded during research. Different song credits, artist instruments, labels, collaborators and musical genres remain separate relations; no retained pair asks the same relation about the same entity."
"arabic_music_v2_161/gulf_music_v2_153","7a4512ae7300f378d0fdb784bda282c99a367738991b8ae8b2ca901eec2bad0b","distinct","Assistant inspected song:ayshalak:lyricist: Who wrote the lyrics of Elissa's Ayshalak? (Mohammed Rifai) against song:alamaken:lyricist: Who wrote the lyrics of Mohammed Abdu's Al Amaken? (Mansour Al Shadi). These identify different works, different institutions or different artist attributes. The review compares every completed bank, including Egyptian Music; ambiguous or unsupported release credits were excluded during research. Different song credits, artist instruments, labels, collaborators and musical genres remain separate relations; no retained pair asks the same relation about the same entity."
"arabic_music_v2_161/gulf_music_v2_154","600f7658bc1bff1b6f0968e186e834b1aee65855fc838e6615d86c609f7d81a9","distinct","Assistant inspected song:ayshalak:lyricist: Who wrote the lyrics of Elissa's Ayshalak? (Mohammed Rifai) against song:rahalty:lyricist: Who wrote the lyrics of Abdullah Al Rowaished's Rahalty? (Abdul Latif Al Bannai). These identify different works, different institutions or different artist attributes. The review compares every completed bank, including Egyptian Music; ambiguous or unsupported release credits were excluded during research. Different song credits, artist instruments, labels, collaborators and musical genres remain separate relations; no retained pair asks the same relation about the same entity."
"arabic_music_v2_161/gulf_music_v2_155","72f1a38a97fde8672dd8d553267467492b706a0ef0095518433dd1a07de44678","distinct","Assistant inspected song:ayshalak:lyricist: Who wrote the lyrics of Elissa's Ayshalak? (Mohammed Rifai) against song:sedqni:lyricist: Who wrote the lyrics of Rabeh Saqer's Sedqni? (Mansour Al Shadi). These identify different works, different institutions or different artist attributes. The review compares every completed bank, including Egyptian Music; ambiguous or unsupported release credits were excluded during research. Different song credits, artist instruments, labels, collaborators and musical genres remain separate relations; no retained pair asks the same relation about the same entity."
"arabic_music_v2_161/gulf_music_v2_161","5f3c349da020518e1f80cab755b05eecf860face588a04d7cacd75be8e377d7f","distinct","Assistant inspected song:ayshalak:lyricist: Who wrote the lyrics of Elissa's Ayshalak? (Mohammed Rifai) against song:anamasoul:lyricist: Who wrote the lyrics of Nawal's Ana El Masoul? (Mohamed Al Mansour). These identify different works, different institutions or different artist attributes. The review compares every completed bank, including Egyptian Music; ambiguous or unsupported release credits were excluded during research. Different song credits, artist instruments, labels, collaborators and musical genres remain separate relations; no retained pair asks the same relation about the same entity."
"arabic_music_v2_161/gulf_music_v2_166","beb178c3680b1ce40215910d41750a2aa2e30236e2a6790b0e752644cf035d19","distinct","Assistant inspected song:ayshalak:lyricist: Who wrote the lyrics of Elissa's Ayshalak? (Mohammed Rifai) against song:maqadir:lyricist: Who wrote the lyrics of Talal Maddah's Maqadir? (Prince Mohammed Al Abdullah Al Faisal). These identify different works, different institutions or different artist attributes. The review compares every completed bank, including Egyptian Music; ambiguous or unsupported release credits were excluded during research. Different song credits, artist instruments, labels, collaborators and musical genres remain separate relations; no retained pair asks the same relation about the same entity."
"arabic_music_v2_161/gulf_music_v2_171","ed3244ee407c88fafd4a63e2f297d833679804fc92d6d97f3928646c477891bb","distinct","Assistant inspected song:ayshalak:lyricist: Who wrote the lyrics of Elissa's Ayshalak? (Mohammed Rifai) against song:nasetni:lyricist: Who wrote the lyrics of Ayed's Nasetni? (Fahad Al Mosaed). These identify different works, different institutions or different artist attributes. The review compares every completed bank, including Egyptian Music; ambiguous or unsupported release credits were excluded during research. Different song credits, artist instruments, labels, collaborators and musical genres remain separate relations; no retained pair asks the same relation about the same entity."
"arabic_music_v2_161/gulf_music_v2_174","05d0671e5393674e067ef1a0374d9643cdbb98211ce60e5c0a5474d1d1e25d63","distinct","Assistant inspected song:ayshalak:lyricist: Who wrote the lyrics of Elissa's Ayshalak? (Mohammed Rifai) against song:qulubsahiya:lyricist: Who wrote the lyrics of Nawal's Al Quloub Al Sahiya? (Yousef Al Sabri). These identify different works, different institutions or different artist attributes. The review compares every completed bank, including Egyptian Music; ambiguous or unsupported release credits were excluded during research. Different song credits, artist instruments, labels, collaborators and musical genres remain separate relations; no retained pair asks the same relation about the same entity."
"arabic_music_v2_161/gulf_music_v2_184","e26eb85319f985707b98752c82d6c600af0df3b520e66179ae99a7d52fdbc7cf","distinct","Assistant inspected song:ayshalak:lyricist: Who wrote the lyrics of Elissa's Ayshalak? (Mohammed Rifai) against song:tahadedninawal:lyricist: Who wrote the lyrics of Nawal's Tahadedni? (Saud Al Shubrmi). These identify different works, different institutions or different artist attributes. The review compares every completed bank, including Egyptian Music; ambiguous or unsupported release credits were excluded during research. Different song credits, artist instruments, labels, collaborators and musical genres remain separate relations; no retained pair asks the same relation about the same entity."
"arabic_music_v2_161/gulf_music_v2_185","58fc95c8328166b84b24cb075fc79a0e529551456ae6616244e7607be9785885","distinct","Assistant inspected song:ayshalak:lyricist: Who wrote the lyrics of Elissa's Ayshalak? (Mohammed Rifai) against song:esmaani:lyricist: Who wrote the lyrics of Abdul Majeed Abdullah's Esmaani? (Saud bin Mohammed Al Abdullah). These identify different works, different institutions or different artist attributes. The review compares every completed bank, including Egyptian Music; ambiguous or unsupported release credits were excluded during research. Different song credits, artist instruments, labels, collaborators and musical genres remain separate relations; no retained pair asks the same relation about the same entity."
"arabic_music_v2_161/gulf_music_v2_186","22f16b43a442dfbd3b2348ea35d018e834affbaabb9486a778e54ffb7652e7d0","distinct","Assistant inspected song:ayshalak:lyricist: Who wrote the lyrics of Elissa's Ayshalak? (Mohammed Rifai) against song:ygolon:lyricist: Who wrote the lyrics of Nabeel Shuail's Ygolon? (Ahmad Al Sanea). These identify different works, different institutions or different artist attributes. The review compares every completed bank, including Egyptian Music; ambiguous or unsupported release credits were excluded during research. Different song credits, artist instruments, labels, collaborators and musical genres remain separate relations; no retained pair asks the same relation about the same entity."
"arabic_music_v2_161/gulf_music_v2_190","b9f640a1d15f4df75f102afc18007c32f5e42551e79e389d143ad795fd303114","distinct","Assistant inspected song:ayshalak:lyricist: Who wrote the lyrics of Elissa's Ayshalak? (Mohammed Rifai) against song:lelatkhamis:lyricist: Who wrote the lyrics of Mohammed Abdu's Lelat Khamis? (Prince Khaled bin Yazid). These identify different works, different institutions or different artist attributes. The review compares every completed bank, including Egyptian Music; ambiguous or unsupported release credits were excluded during research. Different song credits, artist instruments, labels, collaborators and musical genres remain separate relations; no retained pair asks the same relation about the same entity."
"arabic_music_v2_161/gulf_music_v2_193","78820c71db638d6ae76ac5e0651bd518ce8437ee8e96ae8664fa3ab0aa9d7c3f","distinct","Assistant inspected song:ayshalak:lyricist: Who wrote the lyrics of Elissa's Ayshalak? (Mohammed Rifai) against song:mozhela:lyricist: Who wrote the lyrics of Mohammed Abdu's Mozhela? (Prince Abdulrahman bin Musaed). These identify different works, different institutions or different artist attributes. The review compares every completed bank, including Egyptian Music; ambiguous or unsupported release credits were excluded during research. Different song credits, artist instruments, labels, collaborators and musical genres remain separate relations; no retained pair asks the same relation about the same entity."
"arabic_music_v2_161/gulf_music_v2_194","a5ecfc265b74d04718025d33a90cf207cd9712ec3d7741a946b16143cb2303af","distinct","Assistant inspected song:ayshalak:lyricist: Who wrote the lyrics of Elissa's Ayshalak? (Mohammed Rifai) against song:absher:lyricist: Who wrote the lyrics of Rashed Al Majid's Absher? (Rashed bin Juaythen). These identify different works, different institutions or different artist attributes. The review compares every completed bank, including Egyptian Music; ambiguous or unsupported release credits were excluded during research. Different song credits, artist instruments, labels, collaborators and musical genres remain separate relations; no retained pair asks the same relation about the same entity."
"arabic_music_v2_161/gulf_music_v2_197","4977ceb2a4a19bc76b55e67f309cf8168be6ceb59cef6ceccade766e61625f1f","distinct","Assistant inspected song:ayshalak:lyricist: Who wrote the lyrics of Elissa's Ayshalak? (Mohammed Rifai) against song:methlnaseem:lyricist: Who wrote the lyrics of Nawal's Methl Al Naseem? (Fahad Al Mosaed). These identify different works, different institutions or different artist attributes. The review compares every completed bank, including Egyptian Music; ambiguous or unsupported release credits were excluded during research. Different song credits, artist instruments, labels, collaborators and musical genres remain separate relations; no retained pair asks the same relation about the same entity."
"arabic_music_v2_161/gulf_music_v2_203","9e4b3a2e42edf65770ba678ea82812a2878b137313beabe7b79f611972eeeea3","distinct","Assistant inspected song:ayshalak:lyricist: Who wrote the lyrics of Elissa's Ayshalak? (Mohammed Rifai) against song:tenadeek:lyricist: Who wrote the lyrics of Majid Al Mohandis's Tenadeek? (Yasser Al Twaijri). These identify different works, different institutions or different artist attributes. The review compares every completed bank, including Egyptian Music; ambiguous or unsupported release credits were excluded during research. Different song credits, artist instruments, labels, collaborators and musical genres remain separate relations; no retained pair asks the same relation about the same entity."
"arabic_music_v2_163/gulf_music_v2_161","475a98673cd8b54dadf941e3ae6f15ec015a4524d436d4680035119956b8f5f9","distinct","Assistant inspected song:kheleseldamaa:lyricist: Who wrote the lyrics of Adam's Kheles El Dame'a? (Hassan Munajjed) against song:anamasoul:lyricist: Who wrote the lyrics of Nawal's Ana El Masoul? (Mohamed Al Mansour). These identify different works, different institutions or different artist attributes. The review compares every completed bank, including Egyptian Music; ambiguous or unsupported release credits were excluded during research. Different song credits, artist instruments, labels, collaborators and musical genres remain separate relations; no retained pair asks the same relation about the same entity."
"arabic_music_v2_165/gulf_music_v2_150","e33eca7bdd015261068a029aad4e3f69bba73e3de850379b7387a2e323ce4dcb","distinct","Assistant inspected song:omrikellou:lyricist: Who wrote the lyrics of Wael Kfoury's Omri Kellou? (Samir Nakhleh) against song:tabra:lyricist: Who wrote the lyrics of Nawal's Tabra? (Abdul Latif Al Bannai). These identify different works, different institutions or different artist attributes. The review compares every completed bank, including Egyptian Music; ambiguous or unsupported release credits were excluded during research. Different song credits, artist instruments, labels, collaborators and musical genres remain separate relations; no retained pair asks the same relation about the same entity."
"arabic_music_v2_165/gulf_music_v2_171","f32ceb3d53fcd22962f9d571ed3b6a78fec0769f8122295b13e9b9ae7340d93f","distinct","Assistant inspected song:omrikellou:lyricist: Who wrote the lyrics of Wael Kfoury's Omri Kellou? (Samir Nakhleh) against song:nasetni:lyricist: Who wrote the lyrics of Ayed's Nasetni? (Fahad Al Mosaed). These identify different works, different institutions or different artist attributes. The review compares every completed bank, including Egyptian Music; ambiguous or unsupported release credits were excluded during research. Different song credits, artist instruments, labels, collaborators and musical genres remain separate relations; no retained pair asks the same relation about the same entity."
"arabic_music_v2_165/gulf_music_v2_184","f43fb6cc16bcc2d5d6feb574dbec44cfdd0aeb266c0a8bea06e78711ea5a33e1","distinct","Assistant inspected song:omrikellou:lyricist: Who wrote the lyrics of Wael Kfoury's Omri Kellou? (Samir Nakhleh) against song:tahadedninawal:lyricist: Who wrote the lyrics of Nawal's Tahadedni? (Saud Al Shubrmi). These identify different works, different institutions or different artist attributes. The review compares every completed bank, including Egyptian Music; ambiguous or unsupported release credits were excluded during research. Different song credits, artist instruments, labels, collaborators and musical genres remain separate relations; no retained pair asks the same relation about the same entity."
"arabic_music_v2_168/gulf_music_v2_161","71eae2e11d5dd0af68017d350a1dbc0daa9cb2c7dc1eacd5e9d7f46a48b5cb06","distinct","Assistant inspected song:etazaltelgharam:lyricist: Who wrote the lyrics of Majida El Roumi's Etazalt El Gharam? (Nizar Francis) against song:anamasoul:lyricist: Who wrote the lyrics of Nawal's Ana El Masoul? (Mohamed Al Mansour). These identify different works, different institutions or different artist attributes. The review compares every completed bank, including Egyptian Music; ambiguous or unsupported release credits were excluded during research. Different song credits, artist instruments, labels, collaborators and musical genres remain separate relations; no retained pair asks the same relation about the same entity."
"arabic_music_v2_169/gulf_music_v2_150","a05bb032511e54751eed49198250c58a35cb9c4a9e43abb3253b2d8c57d6e491","distinct","Assistant inspected song:majbour:lyricist: Who wrote the lyrics of Nassif Zeytoun's Majbour? (Ali Al Mawla) against song:tabra:lyricist: Who wrote the lyrics of Nawal's Tabra? (Abdul Latif Al Bannai). These identify different works, different institutions or different artist attributes. The review compares every completed bank, including Egyptian Music; ambiguous or unsupported release credits were excluded during research. Different song credits, artist instruments, labels, collaborators and musical genres remain separate relations; no retained pair asks the same relation about the same entity."
"arabic_music_v2_169/gulf_music_v2_155","2ff52ff1ce384445f62a72774ab0e31803bc655576b61c7f0d1870144ce843ae","distinct","Assistant inspected song:majbour:lyricist: Who wrote the lyrics of Nassif Zeytoun's Majbour? (Ali Al Mawla) against song:sedqni:lyricist: Who wrote the lyrics of Rabeh Saqer's Sedqni? (Mansour Al Shadi). These identify different works, different institutions or different artist attributes. The review compares every completed bank, including Egyptian Music; ambiguous or unsupported release credits were excluded during research. Different song credits, artist instruments, labels, collaborators and musical genres remain separate relations; no retained pair asks the same relation about the same entity."
"arabic_music_v2_169/gulf_music_v2_166","4922bca36d35dad408b12d7ea478193772c8c62f2430e8077c504c5c7240bddc","distinct","Assistant inspected song:majbour:lyricist: Who wrote the lyrics of Nassif Zeytoun's Majbour? (Ali Al Mawla) against song:maqadir:lyricist: Who wrote the lyrics of Talal Maddah's Maqadir? (Prince Mohammed Al Abdullah Al Faisal). These identify different works, different institutions or different artist attributes. The review compares every completed bank, including Egyptian Music; ambiguous or unsupported release credits were excluded during research. Different song credits, artist instruments, labels, collaborators and musical genres remain separate relations; no retained pair asks the same relation about the same entity."
"arabic_music_v2_169/gulf_music_v2_171","72a1b6df9d0fc8b740ec9070bb70e89d6196ad3c01a2703f94d4ef153bc3db20","distinct","Assistant inspected song:majbour:lyricist: Who wrote the lyrics of Nassif Zeytoun's Majbour? (Ali Al Mawla) against song:nasetni:lyricist: Who wrote the lyrics of Ayed's Nasetni? (Fahad Al Mosaed). These identify different works, different institutions or different artist attributes. The review compares every completed bank, including Egyptian Music; ambiguous or unsupported release credits were excluded during research. Different song credits, artist instruments, labels, collaborators and musical genres remain separate relations; no retained pair asks the same relation about the same entity."
"arabic_music_v2_169/gulf_music_v2_184","f94dd5b13d1f6bd210118e06eb46d79d6b502e161cf16b26aec05e869742542d","distinct","Assistant inspected song:majbour:lyricist: Who wrote the lyrics of Nassif Zeytoun's Majbour? (Ali Al Mawla) against song:tahadedninawal:lyricist: Who wrote the lyrics of Nawal's Tahadedni? (Saud Al Shubrmi). These identify different works, different institutions or different artist attributes. The review compares every completed bank, including Egyptian Music; ambiguous or unsupported release credits were excluded during research. Different song credits, artist instruments, labels, collaborators and musical genres remain separate relations; no retained pair asks the same relation about the same entity."
"arabic_music_v2_169/gulf_music_v2_186","ae7d86246b209ad9ad43ac5a4bb7fb822f31bc47171b8bff7a0500be2c6a8754","distinct","Assistant inspected song:majbour:lyricist: Who wrote the lyrics of Nassif Zeytoun's Majbour? (Ali Al Mawla) against song:ygolon:lyricist: Who wrote the lyrics of Nabeel Shuail's Ygolon? (Ahmad Al Sanea). These identify different works, different institutions or different artist attributes. The review compares every completed bank, including Egyptian Music; ambiguous or unsupported release credits were excluded during research. Different song credits, artist instruments, labels, collaborators and musical genres remain separate relations; no retained pair asks the same relation about the same entity."
"arabic_music_v2_169/gulf_music_v2_193","6def47c3a436b5cd8401795be7d497d6a54a929dfecb21d48242757f63098d5f","distinct","Assistant inspected song:majbour:lyricist: Who wrote the lyrics of Nassif Zeytoun's Majbour? (Ali Al Mawla) against song:mozhela:lyricist: Who wrote the lyrics of Mohammed Abdu's Mozhela? (Prince Abdulrahman bin Musaed). These identify different works, different institutions or different artist attributes. The review compares every completed bank, including Egyptian Music; ambiguous or unsupported release credits were excluded during research. Different song credits, artist instruments, labels, collaborators and musical genres remain separate relations; no retained pair asks the same relation about the same entity."
"arabic_music_v2_170/gulf_music_v2_150","12e11aa9ae67a5b684e8c7ffb05f09f7bd5f6a69d3a1624f3de2199d3c004b51","distinct","Assistant inspected song:mabzon:lyricist: Who wrote the lyrics of Nassif Zeytoun's Ma Bzon? (Amer Lawand) against song:tabra:lyricist: Who wrote the lyrics of Nawal's Tabra? (Abdul Latif Al Bannai). These identify different works, different institutions or different artist attributes. The review compares every completed bank, including Egyptian Music; ambiguous or unsupported release credits were excluded during research. Different song credits, artist instruments, labels, collaborators and musical genres remain separate relations; no retained pair asks the same relation about the same entity."
"arabic_music_v2_170/gulf_music_v2_171","4d3b971d941e062ca9a5ac1685b7be3256c65b2aab407ff7f2960e4241b4216a","distinct","Assistant inspected song:mabzon:lyricist: Who wrote the lyrics of Nassif Zeytoun's Ma Bzon? (Amer Lawand) against song:nasetni:lyricist: Who wrote the lyrics of Ayed's Nasetni? (Fahad Al Mosaed). These identify different works, different institutions or different artist attributes. The review compares every completed bank, including Egyptian Music; ambiguous or unsupported release credits were excluded during research. Different song credits, artist instruments, labels, collaborators and musical genres remain separate relations; no retained pair asks the same relation about the same entity."
"arabic_music_v2_170/gulf_music_v2_184","78c678b1e6c93184901fd88aa83af17e15434ac33d4109c1a4b3402c714e4e82","distinct","Assistant inspected song:mabzon:lyricist: Who wrote the lyrics of Nassif Zeytoun's Ma Bzon? (Amer Lawand) against song:tahadedninawal:lyricist: Who wrote the lyrics of Nawal's Tahadedni? (Saud Al Shubrmi). These identify different works, different institutions or different artist attributes. The review compares every completed bank, including Egyptian Music; ambiguous or unsupported release credits were excluded during research. Different song credits, artist instruments, labels, collaborators and musical genres remain separate relations; no retained pair asks the same relation about the same entity."
"arabic_music_v2_174/gulf_music_v2_153","a1597a82917af4e76bd2cc2051f50fecbb9f9a571028aed0d31e101124346efe","distinct","Assistant inspected song:asmaryasaher:poet: Who wrote the lyrics of Mohammed Al Amin's Asmar Ya Saher? (Khalifa Al Sadiq) against song:alamaken:lyricist: Who wrote the lyrics of Mohammed Abdu's Al Amaken? (Mansour Al Shadi). These identify different works, different institutions or different artist attributes. The review compares every completed bank, including Egyptian Music; ambiguous or unsupported release credits were excluded during research. Different song credits, artist instruments, labels, collaborators and musical genres remain separate relations; no retained pair asks the same relation about the same entity."
"arabic_music_v2_174/gulf_music_v2_193","08842fa618b8f70dbf044b34bc6df25e13cbec0c56f1201401215709800104c9","distinct","Assistant inspected song:asmaryasaher:poet: Who wrote the lyrics of Mohammed Al Amin's Asmar Ya Saher? (Khalifa Al Sadiq) against song:mozhela:lyricist: Who wrote the lyrics of Mohammed Abdu's Mozhela? (Prince Abdulrahman bin Musaed). These identify different works, different institutions or different artist attributes. The review compares every completed bank, including Egyptian Music; ambiguous or unsupported release credits were excluded during research. Different song credits, artist instruments, labels, collaborators and musical genres remain separate relations; no retained pair asks the same relation about the same entity."
"arabic_music_v2_174/gulf_music_v2_199","cdecca4466830468bb54480141d62148e5af38abe5d79d514ee96fd58be9016e","distinct","Assistant inspected song:asmaryasaher:poet: Who wrote the lyrics of Mohammed Al Amin's Asmar Ya Saher? (Khalifa Al Sadiq) against song:yarahleen:lyricist: Who wrote the lyrics of Salah Al Zadjali's Ya Rahleen? (Hameed Al Bloushi). These identify different works, different institutions or different artist attributes. The review compares every completed bank, including Egyptian Music; ambiguous or unsupported release credits were excluded during research. Different song credits, artist instruments, labels, collaborators and musical genres remain separate relations; no retained pair asks the same relation about the same entity."
"arabic_music_v2_182/gulf_music_v2_150","b6c93389d68953acd1b6ecf6c6c2dfc721b24df125299f83d3e9480fb559cc15","distinct","Assistant inspected song:hafla:lyricist: Who wrote the lyrics for Nawal El Zoghbi's Hafla? (Hany Sarou) against song:tabra:lyricist: Who wrote the lyrics of Nawal's Tabra? (Abdul Latif Al Bannai). These identify different works, different institutions or different artist attributes. The review compares every completed bank, including Egyptian Music; ambiguous or unsupported release credits were excluded during research. Different song credits, artist instruments, labels, collaborators and musical genres remain separate relations; no retained pair asks the same relation about the same entity."
"arabic_music_v2_182/gulf_music_v2_161","ae77f1054c709d9a77664f848d90363a67e1139ad4c22a9e250c61c4fd658824","distinct","Assistant inspected song:hafla:lyricist: Who wrote the lyrics for Nawal El Zoghbi's Hafla? (Hany Sarou) against song:anamasoul:lyricist: Who wrote the lyrics of Nawal's Ana El Masoul? (Mohamed Al Mansour). These identify different works, different institutions or different artist attributes. The review compares every completed bank, including Egyptian Music; ambiguous or unsupported release credits were excluded during research. Different song credits, artist instruments, labels, collaborators and musical genres remain separate relations; no retained pair asks the same relation about the same entity."
"arabic_music_v2_182/gulf_music_v2_174","c7ad0146742a74722a667c8911bc16ad6a4e1fbc8b375d17b27f197e8b741bf9","distinct","Assistant inspected song:hafla:lyricist: Who wrote the lyrics for Nawal El Zoghbi's Hafla? (Hany Sarou) against song:qulubsahiya:lyricist: Who wrote the lyrics of Nawal's Al Quloub Al Sahiya? (Yousef Al Sabri). These identify different works, different institutions or different artist attributes. The review compares every completed bank, including Egyptian Music; ambiguous or unsupported release credits were excluded during research. Different song credits, artist instruments, labels, collaborators and musical genres remain separate relations; no retained pair asks the same relation about the same entity."
"arabic_music_v2_182/gulf_music_v2_184","aeb0ac139a33dd226bee5a2491bb44e1659cfe4c6df68073ae8012c96f2f2051","distinct","Assistant inspected song:hafla:lyricist: Who wrote the lyrics for Nawal El Zoghbi's Hafla? (Hany Sarou) against song:tahadedninawal:lyricist: Who wrote the lyrics of Nawal's Tahadedni? (Saud Al Shubrmi). These identify different works, different institutions or different artist attributes. The review compares every completed bank, including Egyptian Music; ambiguous or unsupported release credits were excluded during research. Different song credits, artist instruments, labels, collaborators and musical genres remain separate relations; no retained pair asks the same relation about the same entity."
"arabic_music_v2_027/kuwaiti_music_v2_016","e0bf54e822bb019967fb81484442dc2b37ad678de4b5a32ad3c56574748a1e94","distinct","Assistant inspected song:ayshalak:singer: Which Lebanese singer performs Ayshalak? (Elissa) against song:akoumislek:singer: Which female singer performs Akou Mislek? (Nawal). These identify different works, different institutions or different artist attributes. The review compares every completed bank, including Egyptian Music; ambiguous or unsupported release credits were excluded during research. Different song credits, artist instruments, labels, collaborators and musical genres remain separate relations; no retained pair asks the same relation about the same entity."
"arabic_music_v2_027/kuwaiti_music_v2_033","2ae88aeb4f213e4065d4c23852f4278f308366e29148f2990101b55a6f5512b3","distinct","Assistant inspected song:ayshalak:singer: Which Lebanese singer performs Ayshalak? (Elissa) against song:sadqah:singer: Which Kuwaiti female singer performs Sadqah? (Maram). These identify different works, different institutions or different artist attributes. The review compares every completed bank, including Egyptian Music; ambiguous or unsupported release credits were excluded during research. Different song credits, artist instruments, labels, collaborators and musical genres remain separate relations; no retained pair asks the same relation about the same entity."
"arabic_music_v2_027/kuwaiti_music_v2_041","43e6ae998d46958806e0963a3b8139e13bb66f01dfd1a7f821e00b83a351adbe","distinct","Assistant inspected song:ayshalak:singer: Which Lebanese singer performs Ayshalak? (Elissa) against song:mughroura:singer: Which Kuwaiti female singer performs Mughroura? (Maram). These identify different works, different institutions or different artist attributes. The review compares every completed bank, including Egyptian Music; ambiguous or unsupported release credits were excluded during research. Different song credits, artist instruments, labels, collaborators and musical genres remain separate relations; no retained pair asks the same relation about the same entity."
"arabic_music_v2_031/kuwaiti_music_v2_016","4bf4ea660ce9d64fbd3b56817e185c281cfc8da60f70caf9d5bba824e726e1c3","distinct","Assistant inspected song:ellayali:singer: Which singer performs El Layali? (Nawal El Zoghbi) against song:akoumislek:singer: Which female singer performs Akou Mislek? (Nawal). These identify different works, different institutions or different artist attributes. The review compares every completed bank, including Egyptian Music; ambiguous or unsupported release credits were excluded during research. Different song credits, artist instruments, labels, collaborators and musical genres remain separate relations; no retained pair asks the same relation about the same entity."
"arabic_music_v2_031/kuwaiti_music_v2_033","5b6111c661be3065e7c146e01c4aff79677cc9b037a553e398f7812b69b59033","distinct","Assistant inspected song:ellayali:singer: Which singer performs El Layali? (Nawal El Zoghbi) against song:sadqah:singer: Which Kuwaiti female singer performs Sadqah? (Maram). These identify different works, different institutions or different artist attributes. The review compares every completed bank, including Egyptian Music; ambiguous or unsupported release credits were excluded during research. Different song credits, artist instruments, labels, collaborators and musical genres remain separate relations; no retained pair asks the same relation about the same entity."
"arabic_music_v2_031/kuwaiti_music_v2_041","c4fca9bdfecb0645b5f3483f60468aa34767e85ca3d4e61970005a23cf200442","distinct","Assistant inspected song:ellayali:singer: Which singer performs El Layali? (Nawal El Zoghbi) against song:mughroura:singer: Which Kuwaiti female singer performs Mughroura? (Maram). These identify different works, different institutions or different artist attributes. The review compares every completed bank, including Egyptian Music; ambiguous or unsupported release credits were excluded during research. Different song credits, artist instruments, labels, collaborators and musical genres remain separate relations; no retained pair asks the same relation about the same entity."
"arabic_music_v2_036/kuwaiti_music_v2_048","2dc4fbc9f0df29c9af755c2211370122053fd944f0a843bf597e071b551ae439","distinct","Assistant inspected song:alkawkab:singer: Which Iraqi singer performs the 2021 song Al Kawkab? (Rahma Riad) against song:samihni:singer: Which Kuwaiti singer released Samihni in 2015? (Shaymaa Sulaiman). These identify different works, different institutions or different artist attributes. The review compares every completed bank, including Egyptian Music; ambiguous or unsupported release credits were excluded during research. Different song credits, artist instruments, labels, collaborators and musical genres remain separate relations; no retained pair asks the same relation about the same entity."
"arabic_music_v2_036/kuwaiti_music_v2_051","af9053fce07fdf0448b12745144f041400afdc556d9042973af663bb0deec602","distinct","Assistant inspected song:alkawkab:singer: Which Iraqi singer performs the 2021 song Al Kawkab? (Rahma Riad) against song:khatelkhatar:singer: Who released Khat El Khatar in 2021? (Shams). These identify different works, different institutions or different artist attributes. The review compares every completed bank, including Egyptian Music; ambiguous or unsupported release credits were excluded during research. Different song credits, artist instruments, labels, collaborators and musical genres remain separate relations; no retained pair asks the same relation about the same entity."
"arabic_music_v2_042/kuwaiti_music_v2_012","0076bedd86e7fd700fc9881f60a1c0302e7c8cfa339d1abe7eaff0f5e9fa9f26","distinct","Assistant inspected song:didi:singer: Which Algerian singer performs Didi? (Khaled) against song:etmaen:singer: Which Kuwaiti singer performs Etmaen? (Hammoud Naser). These identify different works, different institutions or different artist attributes. The review compares every completed bank, including Egyptian Music; ambiguous or unsupported release credits were excluded during research. Different song credits, artist instruments, labels, collaborators and musical genres remain separate relations; no retained pair asks the same relation about the same entity."
"arabic_music_v2_047/kuwaiti_music_v2_016","96f9c997f18d023a685c626417c7eaa3ec2337b70bc359c4c610e5a27867f795","distinct","Assistant inspected song:hafla:singer: Which female singer performs Hafla? (Nawal El Zoghbi) against song:akoumislek:singer: Which female singer performs Akou Mislek? (Nawal). These identify different works, different institutions or different artist attributes. The review compares every completed bank, including Egyptian Music; ambiguous or unsupported release credits were excluded during research. Different song credits, artist instruments, labels, collaborators and musical genres remain separate relations; no retained pair asks the same relation about the same entity."
"arabic_music_v2_047/kuwaiti_music_v2_033","940af2bd96f040d3a2230efc869755aa745f66ed432b70b895854b7b20e2c391","distinct","Assistant inspected song:hafla:singer: Which female singer performs Hafla? (Nawal El Zoghbi) against song:sadqah:singer: Which Kuwaiti female singer performs Sadqah? (Maram). These identify different works, different institutions or different artist attributes. The review compares every completed bank, including Egyptian Music; ambiguous or unsupported release credits were excluded during research. Different song credits, artist instruments, labels, collaborators and musical genres remain separate relations; no retained pair asks the same relation about the same entity."
"arabic_music_v2_047/kuwaiti_music_v2_041","414daef9224796f264a4afa8505493712ab04f7d63624e0eb7a21d860d74d03a","distinct","Assistant inspected song:hafla:singer: Which female singer performs Hafla? (Nawal El Zoghbi) against song:mughroura:singer: Which Kuwaiti female singer performs Mughroura? (Maram). These identify different works, different institutions or different artist attributes. The review compares every completed bank, including Egyptian Music; ambiguous or unsupported release credits were excluded during research. Different song credits, artist instruments, labels, collaborators and musical genres remain separate relations; no retained pair asks the same relation about the same entity."
"arabic_music_v2_049/kuwaiti_music_v2_045","8881930481bf17173fe45c7e4fa8aadf7bc64d591831897779f840985cb52607","distinct","Assistant inspected song:estimara:singer: Who performs Estimara 6? (Ragheb Alama) against song:fahhmouh:singer: Who sings Fahhmouh? (Mutrif Al Mutrif). These identify different works, different institutions or different artist attributes. The review compares every completed bank, including Egyptian Music; ambiguous or unsupported release credits were excluded during research. Different song credits, artist instruments, labels, collaborators and musical genres remain separate relations; no retained pair asks the same relation about the same entity."
"arabic_music_v2_049/kuwaiti_music_v2_053","b754400e69594b50a0168dd9813b3173b14457714927dcc80f49287214d04f51","distinct","Assistant inspected song:estimara:singer: Who performs Estimara 6? (Ragheb Alama) against song:qanabel:singer: Who sings Qanabel? (Essa Al Marzouq). These identify different works, different institutions or different artist attributes. The review compares every completed bank, including Egyptian Music; ambiguous or unsupported release credits were excluded during research. Different song credits, artist instruments, labels, collaborators and musical genres remain separate relations; no retained pair asks the same relation about the same entity."
"arabic_music_v2_053/kuwaiti_music_v2_045","e4ce3179b96e85feb7e2bb839b1b1146150e218c62f9bcf8f6d294dde12afaaf","distinct","Assistant inspected song:kon:singer: Who performs Kon? (Joseph Attieh) against song:fahhmouh:singer: Who sings Fahhmouh? (Mutrif Al Mutrif). These identify different works, different institutions or different artist attributes. The review compares every completed bank, including Egyptian Music; ambiguous or unsupported release credits were excluded during research. Different song credits, artist instruments, labels, collaborators and musical genres remain separate relations; no retained pair asks the same relation about the same entity."
"arabic_music_v2_053/kuwaiti_music_v2_053","729f53d0102ce1d98a6dccf8c78ff2e3dd8556bad55a43f1646a1826fbb3756c","distinct","Assistant inspected song:kon:singer: Who performs Kon? (Joseph Attieh) against song:qanabel:singer: Who sings Qanabel? (Essa Al Marzouq). These identify different works, different institutions or different artist attributes. The review compares every completed bank, including Egyptian Music; ambiguous or unsupported release credits were excluded during research. Different song credits, artist instruments, labels, collaborators and musical genres remain separate relations; no retained pair asks the same relation about the same entity."
"arabic_music_v2_053/kuwaiti_music_v2_061","27274ff839a384a4d2590dd7bf6496c8ff833403887ccf3531b36d89cb25f7e9","distinct","Assistant inspected song:kon:singer: Who performs Kon? (Joseph Attieh) against song:dandinmai:singer: Who sings Dandin Ma'i? (Humood Al Khudher). These identify different works, different institutions or different artist attributes. The review compares every completed bank, including Egyptian Music; ambiguous or unsupported release credits were excluded during research. Different song credits, artist instruments, labels, collaborators and musical genres remain separate relations; no retained pair asks the same relation about the same entity."
"arabic_music_v2_054/kuwaiti_music_v2_045","28844c5c6caab7bcb8a806018bf5bf4a9551d1923cfa2939450d909bab00a91b","distinct","Assistant inspected song:baghdada:singer: Who performs Al Baghdada? (Joseph Attieh) against song:fahhmouh:singer: Who sings Fahhmouh? (Mutrif Al Mutrif). These identify different works, different institutions or different artist attributes. The review compares every completed bank, including Egyptian Music; ambiguous or unsupported release credits were excluded during research. Different song credits, artist instruments, labels, collaborators and musical genres remain separate relations; no retained pair asks the same relation about the same entity."
"arabic_music_v2_054/kuwaiti_music_v2_053","7d81855b1423dca709b5195a949141d52b9f448c6b1482d508f8a579c243f3e4","distinct","Assistant inspected song:baghdada:singer: Who performs Al Baghdada? (Joseph Attieh) against song:qanabel:singer: Who sings Qanabel? (Essa Al Marzouq). These identify different works, different institutions or different artist attributes. The review compares every completed bank, including Egyptian Music; ambiguous or unsupported release credits were excluded during research. Different song credits, artist instruments, labels, collaborators and musical genres remain separate relations; no retained pair asks the same relation about the same entity."
"arabic_music_v2_054/kuwaiti_music_v2_061","2f3fe5beea666e81a578dfb34dfb458c0ca075b0a3613871a1ac1299cf173881","distinct","Assistant inspected song:baghdada:singer: Who performs Al Baghdada? (Joseph Attieh) against song:dandinmai:singer: Who sings Dandin Ma'i? (Humood Al Khudher). These identify different works, different institutions or different artist attributes. The review compares every completed bank, including Egyptian Music; ambiguous or unsupported release credits were excluded during research. Different song credits, artist instruments, labels, collaborators and musical genres remain separate relations; no retained pair asks the same relation about the same entity."
"arabic_music_v2_055/kuwaiti_music_v2_016","91bcbe3efb43c011a399b7d2bddae79b9764b40c9ae54878452737d33ca1d1f5","distinct","Assistant inspected song:motallaqa:singer: Which female singer performs El Motallaqa? (Carole Samaha) against song:akoumislek:singer: Which female singer performs Akou Mislek? (Nawal). These identify different works, different institutions or different artist attributes. The review compares every completed bank, including Egyptian Music; ambiguous or unsupported release credits were excluded during research. Different song credits, artist instruments, labels, collaborators and musical genres remain separate relations; no retained pair asks the same relation about the same entity."
"arabic_music_v2_055/kuwaiti_music_v2_033","89f8d817d1af1916c656b9797eae775ff6f628eb152e967c26963e08e3cead22","distinct","Assistant inspected song:motallaqa:singer: Which female singer performs El Motallaqa? (Carole Samaha) against song:sadqah:singer: Which Kuwaiti female singer performs Sadqah? (Maram). These identify different works, different institutions or different artist attributes. The review compares every completed bank, including Egyptian Music; ambiguous or unsupported release credits were excluded during research. Different song credits, artist instruments, labels, collaborators and musical genres remain separate relations; no retained pair asks the same relation about the same entity."
"arabic_music_v2_055/kuwaiti_music_v2_041","b18aa7fa4d758888ce6865b0c491ac07b8774d444ece7903f0d6d0264ac2f2d6","distinct","Assistant inspected song:motallaqa:singer: Which female singer performs El Motallaqa? (Carole Samaha) against song:mughroura:singer: Which Kuwaiti female singer performs Mughroura? (Maram). These identify different works, different institutions or different artist attributes. The review compares every completed bank, including Egyptian Music; ambiguous or unsupported release credits were excluded during research. Different song credits, artist instruments, labels, collaborators and musical genres remain separate relations; no retained pair asks the same relation about the same entity."
"arabic_music_v2_058/kuwaiti_music_v2_012","b186bd4d409a9c725a855ff5cf72dd9898dbe0fc876c35eb5db670471718c1be","distinct","Assistant inspected song:saken:singer: Which singer performs Saken? (Diana Haddad) against song:etmaen:singer: Which Kuwaiti singer performs Etmaen? (Hammoud Naser). These identify different works, different institutions or different artist attributes. The review compares every completed bank, including Egyptian Music; ambiguous or unsupported release credits were excluded during research. Different song credits, artist instruments, labels, collaborators and musical genres remain separate relations; no retained pair asks the same relation about the same entity."
"arabic_music_v2_058/kuwaiti_music_v2_016","162fbd3b16fa53e5fab83f4ee637525c66373128f61d242e4650d1d3c4fea556","distinct","Assistant inspected song:saken:singer: Which singer performs Saken? (Diana Haddad) against song:akoumislek:singer: Which female singer performs Akou Mislek? (Nawal). These identify different works, different institutions or different artist attributes. The review compares every completed bank, including Egyptian Music; ambiguous or unsupported release credits were excluded during research. Different song credits, artist instruments, labels, collaborators and musical genres remain separate relations; no retained pair asks the same relation about the same entity."
"arabic_music_v2_058/kuwaiti_music_v2_033","3b5ec8fec6284122391065bf6fc49c2dd1bc24e54bd044203592980872e85c24","distinct","Assistant inspected song:saken:singer: Which singer performs Saken? (Diana Haddad) against song:sadqah:singer: Which Kuwaiti female singer performs Sadqah? (Maram). These identify different works, different institutions or different artist attributes. The review compares every completed bank, including Egyptian Music; ambiguous or unsupported release credits were excluded during research. Different song credits, artist instruments, labels, collaborators and musical genres remain separate relations; no retained pair asks the same relation about the same entity."
"arabic_music_v2_058/kuwaiti_music_v2_041","13e23233bbb62c76371a3f68ec97a7b660c8155986d98de5d2108393e2970a36","distinct","Assistant inspected song:saken:singer: Which singer performs Saken? (Diana Haddad) against song:mughroura:singer: Which Kuwaiti female singer performs Mughroura? (Maram). These identify different works, different institutions or different artist attributes. The review compares every completed bank, including Egyptian Music; ambiguous or unsupported release credits were excluded during research. Different song credits, artist instruments, labels, collaborators and musical genres remain separate relations; no retained pair asks the same relation about the same entity."
"arabic_music_v2_061/kuwaiti_music_v2_012","470dfd00c85b5066f3b848e467bd9fe8c29fdb9e025697da709edebbc7ad23f2","distinct","Assistant inspected song:aashanak:singer: Which singer performs Aashanak? (Siilawy) against song:etmaen:singer: Which Kuwaiti singer performs Etmaen? (Hammoud Naser). These identify different works, different institutions or different artist attributes. The review compares every completed bank, including Egyptian Music; ambiguous or unsupported release credits were excluded during research. Different song credits, artist instruments, labels, collaborators and musical genres remain separate relations; no retained pair asks the same relation about the same entity."
"arabic_music_v2_061/kuwaiti_music_v2_045","a2869ce0b400c13e22edd7c3b8087245f86eda63f354af535e6d954db0fa1de2","distinct","Assistant inspected song:aashanak:singer: Which singer performs Aashanak? (Siilawy) against song:fahhmouh:singer: Who sings Fahhmouh? (Mutrif Al Mutrif). These identify different works, different institutions or different artist attributes. The review compares every completed bank, including Egyptian Music; ambiguous or unsupported release credits were excluded during research. Different song credits, artist instruments, labels, collaborators and musical genres remain separate relations; no retained pair asks the same relation about the same entity."
"arabic_music_v2_061/kuwaiti_music_v2_053","598a0754b048c6225c21e6eff3fdb01cc855fd747b3508567b7458a9c13e8306","distinct","Assistant inspected song:aashanak:singer: Which singer performs Aashanak? (Siilawy) against song:qanabel:singer: Who sings Qanabel? (Essa Al Marzouq). These identify different works, different institutions or different artist attributes. The review compares every completed bank, including Egyptian Music; ambiguous or unsupported release credits were excluded during research. Different song credits, artist instruments, labels, collaborators and musical genres remain separate relations; no retained pair asks the same relation about the same entity."
"arabic_music_v2_089/kuwaiti_music_v2_103","74e600a0f62d2e6662766a66a5239edc1f29550a0f1e2b91514a0f0b1ee505ea","distinct","Assistant inspected album:souad:secondalbum: What is the title of Souad Massi's second album, released in 2003? (Deb) against miami:sabouha:firstalbum: What is the title of Miami Band's first album, released in 1991? (Sabouha). These identify different works, different institutions or different artist attributes. The review compares every completed bank, including Egyptian Music; ambiguous or unsupported release credits were excluded during research. Different song credits, artist instruments, labels, collaborators and musical genres remain separate relations; no retained pair asks the same relation about the same entity."
"arabic_music_v2_099/kuwaiti_music_v2_086","c812f7c45a9840821062986632dcc0cc8a2cf44dec2052e0be2ccaba90cc360f","distinct","Assistant inspected song:ellayali:composer: Who composed Nawal El Zoghbi's El Layali? (Mohammed Rahim) against song:akoumislek:composer: Who composed Nawal's Akou Mislek? (Meshaal Al Arouj). These identify different works, different institutions or different artist attributes. The review compares every completed bank, including Egyptian Music; ambiguous or unsupported release credits were excluded during research. Different song credits, artist instruments, labels, collaborators and musical genres remain separate relations; no retained pair asks the same relation about the same entity."
"arabic_music_v2_109/kuwaiti_music_v2_071","7493723302a06fe566876ef60799228c058a32150fee77b7eccffe006a487e6d","distinct","Assistant inspected song:didi:writercomposer: Who wrote and composed Didi? (Khaled) against song:bastans:writercomposer: Who wrote and composed Miami Band's Bastans? (Yousef Al Omani). These identify different works, different institutions or different artist attributes. The review compares every completed bank, including Egyptian Music; ambiguous or unsupported release credits were excluded during research. Different song credits, artist instruments, labels, collaborators and musical genres remain separate relations; no retained pair asks the same relation about the same entity."
"arabic_music_v2_109/kuwaiti_music_v2_096","8f342074585211172d0e9c68998ccb3d506e2b30c339d59e53ba372e3385e7a1","distinct","Assistant inspected song:didi:writercomposer: Who wrote and composed Didi? (Khaled) against song:haanatha:writercomposer: Who wrote and composed Humood AlKhudher's Ha Anatha? (Saif Fadhel). These identify different works, different institutions or different artist attributes. The review compares every completed bank, including Egyptian Music; ambiguous or unsupported release credits were excluded during research. Different song credits, artist instruments, labels, collaborators and musical genres remain separate relations; no retained pair asks the same relation about the same entity."
"arabic_music_v2_113/kuwaiti_music_v2_124","17e97a7191c4ffa561a0e41828a8c3a37470e5f291756f0b19916bcedfa37410","distinct","Assistant inspected song:aicha:composer: Who composed Khaled's Aicha? (Jean-Jacques Goldman) against song:habait:composer: Who composed Khaled Al Mudhaffar's Habait? (Muteb Al Faraj). These identify different works, different institutions or different artist attributes. The review compares every completed bank, including Egyptian Music; ambiguous or unsupported release credits were excluded during research. Different song credits, artist instruments, labels, collaborators and musical genres remain separate relations; no retained pair asks the same relation about the same entity."
"arabic_music_v2_114/kuwaiti_music_v2_086","e4447b8b65d667dd50d4f9c79759793aa8532c9e4413c868a513c6b42c0a94cc","distinct","Assistant inspected song:hafla:composer: Who composed Nawal El Zoghbi's Hafla? (Ahmed Zaeem) against song:akoumislek:composer: Who composed Nawal's Akou Mislek? (Meshaal Al Arouj). These identify different works, different institutions or different artist attributes. The review compares every completed bank, including Egyptian Music; ambiguous or unsupported release credits were excluded during research. Different song credits, artist instruments, labels, collaborators and musical genres remain separate relations; no retained pair asks the same relation about the same entity."
"arabic_music_v2_137/kuwaiti_music_v2_198","91a74e87f1d5d15330792eb20c7dafb4f92cbe82bf7f3c425c2fa524607469cd","distinct","Assistant inspected song:ghabetshamselhaq:lyricist: Who wrote the lyrics of Julia Boutros's Ghabet Shams El Haq? (Nabil Abu Abdo) against song:khatelkhatar:lyricist: Who wrote the lyrics of Shams's Khat El Khatar? (Qusay Issa). These identify different works, different institutions or different artist attributes. The review compares every completed bank, including Egyptian Music; ambiguous or unsupported release credits were excluded during research. Different song credits, artist instruments, labels, collaborators and musical genres remain separate relations; no retained pair asks the same relation about the same entity."
"arabic_music_v2_137/kuwaiti_music_v2_199","9f3c3cfbf94c64ed5aff7188766e682c60d78375b7e6833440939f66238db2a0","distinct","Assistant inspected song:ghabetshamselhaq:lyricist: Who wrote the lyrics of Julia Boutros's Ghabet Shams El Haq? (Nabil Abu Abdo) against song:zahqanamellait:lyricist: Who wrote the lyrics of Shams's Zahqana Mellait? (Adnan Al Amir). These identify different works, different institutions or different artist attributes. The review compares every completed bank, including Egyptian Music; ambiguous or unsupported release credits were excluded during research. Different song credits, artist instruments, labels, collaborators and musical genres remain separate relations; no retained pair asks the same relation about the same entity."
"arabic_music_v2_138/kuwaiti_music_v2_187","e4bda8fe0928747072ec8db9b31b0a42c8597a284dec83a76722f6928315e48e","distinct","Assistant inspected song:intaeih:lyricist: Who wrote the lyrics of Nancy Ajram's Inta Eih? (Mostafa Morsi) against song:mughroura:lyricist: Who wrote the lyrics of Maram's Mughroura? (Khaled Al Bathal). These identify different works, different institutions or different artist attributes. The review compares every completed bank, including Egyptian Music; ambiguous or unsupported release credits were excluded during research. Different song credits, artist instruments, labels, collaborators and musical genres remain separate relations; no retained pair asks the same relation about the same entity."
"arabic_music_v2_140/kuwaiti_music_v2_198","6a621634740ee67adfa3056b191416a04175cb1294a48b804fab30b5206fff51","distinct","Assistant inspected song:nasinieldonya:lyricist: Who wrote the lyrics of Ragheb Alama's Nasini El Donya? (Assem Hussein) against song:khatelkhatar:lyricist: Who wrote the lyrics of Shams's Khat El Khatar? (Qusay Issa). These identify different works, different institutions or different artist attributes. The review compares every completed bank, including Egyptian Music; ambiguous or unsupported release credits were excluded during research. Different song credits, artist instruments, labels, collaborators and musical genres remain separate relations; no retained pair asks the same relation about the same entity."
"arabic_music_v2_149/kuwaiti_music_v2_187","128f8ed041bc58c357100005728016885bce4eca1a59ac5ae2eb932056fbb076","distinct","Assistant inspected song:waedmenni:lyricist: Who wrote the lyrics of Rahma Riad's Waed Menni? (Ramy Al Abody) against song:mughroura:lyricist: Who wrote the lyrics of Maram's Mughroura? (Khaled Al Bathal). These identify different works, different institutions or different artist attributes. The review compares every completed bank, including Egyptian Music; ambiguous or unsupported release credits were excluded during research. Different song credits, artist instruments, labels, collaborators and musical genres remain separate relations; no retained pair asks the same relation about the same entity."
"arabic_music_v2_152/kuwaiti_music_v2_187","2753b15d0d292d1c7ef474ca71443ee1bab9186d1017ebd8ac4241adb1950321","distinct","Assistant inspected song:dalliedhaki:lyricist: Who wrote the lyrics of Melhem Zein's Dalli Edhaki? (Fadi Morjan) against song:mughroura:lyricist: Who wrote the lyrics of Maram's Mughroura? (Khaled Al Bathal). These identify different works, different institutions or different artist attributes. The review compares every completed bank, including Egyptian Music; ambiguous or unsupported release credits were excluded during research. Different song credits, artist instruments, labels, collaborators and musical genres remain separate relations; no retained pair asks the same relation about the same entity."
"arabic_music_v2_153/kuwaiti_music_v2_145","7e7fbde945db2af934c8196c6d2f7d992508eb730fb99f83b87a6f1133a33799","distinct","Assistant inspected song:madareet:lyricist: Who wrote the lyrics of Saif Nabeel's Ma Dareet? (Saif Al Fares) against song:yaassal:lyricist: Who wrote the lyrics of Nabeel Shuail's Ya Assal? (Ahmed Alawi). These identify different works, different institutions or different artist attributes. The review compares every completed bank, including Egyptian Music; ambiguous or unsupported release credits were excluded during research. Different song credits, artist instruments, labels, collaborators and musical genres remain separate relations; no retained pair asks the same relation about the same entity."
"arabic_music_v2_153/kuwaiti_music_v2_187","35e1b8da44e31bad98fa4e580b5fde713e899cb4150a40137604f4131f6c01bf","distinct","Assistant inspected song:madareet:lyricist: Who wrote the lyrics of Saif Nabeel's Ma Dareet? (Saif Al Fares) against song:mughroura:lyricist: Who wrote the lyrics of Maram's Mughroura? (Khaled Al Bathal). These identify different works, different institutions or different artist attributes. The review compares every completed bank, including Egyptian Music; ambiguous or unsupported release credits were excluded during research. Different song credits, artist instruments, labels, collaborators and musical genres remain separate relations; no retained pair asks the same relation about the same entity."
"arabic_music_v2_154/kuwaiti_music_v2_198","7b0935c8a48c61cd1f31d4e380928b80c32330bb59205b1103aaf4fe344fa239","distinct","Assistant inspected song:kalamelnas:lyricist: Who wrote the lyrics of George Wassouf's Kalam El Nas? (Ahmed Sheta) against song:khatelkhatar:lyricist: Who wrote the lyrics of Shams's Khat El Khatar? (Qusay Issa). These identify different works, different institutions or different artist attributes. The review compares every completed bank, including Egyptian Music; ambiguous or unsupported release credits were excluded during research. Different song credits, artist instruments, labels, collaborators and musical genres remain separate relations; no retained pair asks the same relation about the same entity."
"arabic_music_v2_161/kuwaiti_music_v2_073","72ae45387e19697652876252ef1e7e2681f6a47cf3d8230d0d18f5e94e19de00","distinct","Assistant inspected song:ayshalak:lyricist: Who wrote the lyrics of Elissa's Ayshalak? (Mohammed Rifai) against song:kunanta:lyricist: Who wrote the lyrics of Humood AlKhudher's Kun Anta? (Saif Fadhel). These identify different works, different institutions or different artist attributes. The review compares every completed bank, including Egyptian Music; ambiguous or unsupported release credits were excluded during research. Different song credits, artist instruments, labels, collaborators and musical genres remain separate relations; no retained pair asks the same relation about the same entity."
"arabic_music_v2_161/kuwaiti_music_v2_109","3fca4d044ce3e896faa843a3eb0a1f1289509c3648436e4337ce1c9555cb2341","distinct","Assistant inspected song:ayshalak:lyricist: Who wrote the lyrics of Elissa's Ayshalak? (Mohammed Rifai) against song:abeek:lyricist: Who wrote the lyrics of Abdullah Al Rowaished's Abeek? (Abdul Latif Al Bannai). These identify different works, different institutions or different artist attributes. The review compares every completed bank, including Egyptian Music; ambiguous or unsupported release credits were excluded during research. Different song credits, artist instruments, labels, collaborators and musical genres remain separate relations; no retained pair asks the same relation about the same entity."
"arabic_music_v2_161/kuwaiti_music_v2_137","aaedb4fb46ead5b25af850b20c425ec09356bb4fabfcbb3182ba3332e1a18499","distinct","Assistant inspected song:ayshalak:lyricist: Who wrote the lyrics of Elissa's Ayshalak? (Mohammed Rifai) against song:ajorelsout:lyricist: Who wrote the lyrics of AbdulKarim AbdulQader's Ajor Elsoot? (AbdulLatif Al Bannai). These identify different works, different institutions or different artist attributes. The review compares every completed bank, including Egyptian Music; ambiguous or unsupported release credits were excluded during research. Different song credits, artist instruments, labels, collaborators and musical genres remain separate relations; no retained pair asks the same relation about the same entity."
"arabic_music_v2_161/kuwaiti_music_v2_142","d1e6805f235529e2b229e0baba54ae53fcadaa79198839240a413a40ee7dcf7c","distinct","Assistant inspected song:ayshalak:lyricist: Who wrote the lyrics of Elissa's Ayshalak? (Mohammed Rifai) against song:zenatayyami:lyricist: Who wrote the lyrics of Nawal's Zenat Ayyami? (Bader Borsli). These identify different works, different institutions or different artist attributes. The review compares every completed bank, including Egyptian Music; ambiguous or unsupported release credits were excluded during research. Different song credits, artist instruments, labels, collaborators and musical genres remain separate relations; no retained pair asks the same relation about the same entity."
"arabic_music_v2_161/kuwaiti_music_v2_145","842c77c2ea0102d30e7b64afeb64a88b62069e261345250fef550240ee1d7f7d","distinct","Assistant inspected song:ayshalak:lyricist: Who wrote the lyrics of Elissa's Ayshalak? (Mohammed Rifai) against song:yaassal:lyricist: Who wrote the lyrics of Nabeel Shuail's Ya Assal? (Ahmed Alawi). These identify different works, different institutions or different artist attributes. The review compares every completed bank, including Egyptian Music; ambiguous or unsupported release credits were excluded during research. Different song credits, artist instruments, labels, collaborators and musical genres remain separate relations; no retained pair asks the same relation about the same entity."
"arabic_music_v2_161/kuwaiti_music_v2_147","80db9d7411c2d6d743e0e94558eb530c5f238771e20b14abab5aae7cbb854719","distinct","Assistant inspected song:ayshalak:lyricist: Who wrote the lyrics of Elissa's Ayshalak? (Mohammed Rifai) against song:wayedwayed:lyricist: Who wrote the lyrics of Mustafa Ahmed's Wayed Wayed? (Khalifa Al Abdullah). These identify different works, different institutions or different artist attributes. The review compares every completed bank, including Egyptian Music; ambiguous or unsupported release credits were excluded during research. Different song credits, artist instruments, labels, collaborators and musical genres remain separate relations; no retained pair asks the same relation about the same entity."
"arabic_music_v2_161/kuwaiti_music_v2_149","81272e14d6ee79f0bd71304bce10b5df7a41647a3c04ddb289fd6e181b590645","distinct","Assistant inspected song:ayshalak:lyricist: Who wrote the lyrics of Elissa's Ayshalak? (Mohammed Rifai) against song:halaftomri:lyricist: Who wrote the lyrics of Hussein Jassim's Halaft Omri? (Majed Sultan). These identify different works, different institutions or different artist attributes. The review compares every completed bank, including Egyptian Music; ambiguous or unsupported release credits were excluded during research. Different song credits, artist instruments, labels, collaborators and musical genres remain separate relations; no retained pair asks the same relation about the same entity."
"arabic_music_v2_161/kuwaiti_music_v2_153","5187c6a3f541c5e4b3da2e1680a0020b881f1ae7f2a240ba5a4a36ef4fd44b5e","distinct","Assistant inspected song:ayshalak:lyricist: Who wrote the lyrics of Elissa's Ayshalak? (Mohammed Rifai) against song:etmaen:lyricist: Who wrote the lyrics of Hammoud Naser's Etmaen? (Ali Al Matouq). These identify different works, different institutions or different artist attributes. The review compares every completed bank, including Egyptian Music; ambiguous or unsupported release credits were excluded during research. Different song credits, artist instruments, labels, collaborators and musical genres remain separate relations; no retained pair asks the same relation about the same entity."
"arabic_music_v2_161/kuwaiti_music_v2_156","1cdfb137f41d43d060e9d3fa35e97e3f0546d14dd1741768217d920bb376dd73","distinct","Assistant inspected song:ayshalak:lyricist: Who wrote the lyrics of Elissa's Ayshalak? (Mohammed Rifai) against song:hikayatbahar:lyricist: Who wrote the lyrics of Hussein Jassim's Hikayat Bahar? (Khaled Al Ayaf). These identify different works, different institutions or different artist attributes. The review compares every completed bank, including Egyptian Music; ambiguous or unsupported release credits were excluded during research. Different song credits, artist instruments, labels, collaborators and musical genres remain separate relations; no retained pair asks the same relation about the same entity."
"arabic_music_v2_161/kuwaiti_music_v2_157","f59244324607f7e1124e7eaa9e360433283ab20f82e8d2ae5ce8cca510368e53","distinct","Assistant inspected song:ayshalak:lyricist: Who wrote the lyrics of Elissa's Ayshalak? (Mohammed Rifai) against song:yamuairis:lyricist: Who wrote the lyrics of Hussein Jassim's Ya Muairis? (Mubarak Al Hudaibi). These identify different works, different institutions or different artist attributes. The review compares every completed bank, including Egyptian Music; ambiguous or unsupported release credits were excluded during research. Different song credits, artist instruments, labels, collaborators and musical genres remain separate relations; no retained pair asks the same relation about the same entity."
"arabic_music_v2_161/kuwaiti_music_v2_162","d9f902a1094f813ad22fed70b12f39f08ec43f66be84011cbf09ee69d017d583","distinct","Assistant inspected song:ayshalak:lyricist: Who wrote the lyrics of Elissa's Ayshalak? (Mohammed Rifai) against song:akoumislek:lyricist: Who wrote the lyrics of Nawal's Akou Mislek? (Bader Borsli). These identify different works, different institutions or different artist attributes. The review compares every completed bank, including Egyptian Music; ambiguous or unsupported release credits were excluded during research. Different song credits, artist instruments, labels, collaborators and musical genres remain separate relations; no retained pair asks the same relation about the same entity."
"arabic_music_v2_161/kuwaiti_music_v2_167","fb994aad5d945c4ba637b71fc291a3eb12ec63db46a6a427c6d31beaa97c6bb0","distinct","Assistant inspected song:ayshalak:lyricist: Who wrote the lyrics of Elissa's Ayshalak? (Mohammed Rifai) against song:weshjabni:lyricist: Who wrote the lyrics of Fattouma's Wesh Jabni? (Hisham Al Shurooqi). These identify different works, different institutions or different artist attributes. The review compares every completed bank, including Egyptian Music; ambiguous or unsupported release credits were excluded during research. Different song credits, artist instruments, labels, collaborators and musical genres remain separate relations; no retained pair asks the same relation about the same entity."
"arabic_music_v2_161/kuwaiti_music_v2_169","ce51b892f984f1362ce7bfc2ef88a72fbf89560006faaaa94351f9b4f7872788","distinct","Assistant inspected song:ayshalak:lyricist: Who wrote the lyrics of Elissa's Ayshalak? (Mohammed Rifai) against song:ghamza:lyricist: Who wrote the lyrics of Ibrahim Dashti's Ghamza? (Mushrif Al Attabi). These identify different works, different institutions or different artist attributes. The review compares every completed bank, including Egyptian Music; ambiguous or unsupported release credits were excluded during research. Different song credits, artist instruments, labels, collaborators and musical genres remain separate relations; no retained pair asks the same relation about the same entity."
"arabic_music_v2_161/kuwaiti_music_v2_179","8656cdf68059113c67ae273425e25e4d37a383e5b22f1c6c4046f0e9272c2fe8","distinct","Assistant inspected song:ayshalak:lyricist: Who wrote the lyrics of Elissa's Ayshalak? (Mohammed Rifai) against song:mistajela:lyricist: Who wrote the lyrics of Mesaed Al Baloushy's Mistajela? (Saud Al Fulaih). These identify different works, different institutions or different artist attributes. The review compares every completed bank, including Egyptian Music; ambiguous or unsupported release credits were excluded during research. Different song credits, artist instruments, labels, collaborators and musical genres remain separate relations; no retained pair asks the same relation about the same entity."
"arabic_music_v2_161/kuwaiti_music_v2_187","5917c516d718820aad6777c01de694e93865ef706de2a01e605dc05adb950c9e","distinct","Assistant inspected song:ayshalak:lyricist: Who wrote the lyrics of Elissa's Ayshalak? (Mohammed Rifai) against song:mughroura:lyricist: Who wrote the lyrics of Maram's Mughroura? (Khaled Al Bathal). These identify different works, different institutions or different artist attributes. The review compares every completed bank, including Egyptian Music; ambiguous or unsupported release credits were excluded during research. Different song credits, artist instruments, labels, collaborators and musical genres remain separate relations; no retained pair asks the same relation about the same entity."
"arabic_music_v2_161/kuwaiti_music_v2_190","2698256fc36dbd201c990b46fd0a4bfc1a4f9d23ea03fa70734f88b2981eac5d","distinct","Assistant inspected song:ayshalak:lyricist: Who wrote the lyrics of Elissa's Ayshalak? (Mohammed Rifai) against song:fahhmouh:lyricist: Who wrote the lyrics of Mutrif Al Mutrif's Fahhmouh? (Saad Al Musallam). These identify different works, different institutions or different artist attributes. The review compares every completed bank, including Egyptian Music; ambiguous or unsupported release credits were excluded during research. Different song credits, artist instruments, labels, collaborators and musical genres remain separate relations; no retained pair asks the same relation about the same entity."
"arabic_music_v2_161/kuwaiti_music_v2_192","990ace7d65d8f1d804a5ee85bf163c210ffe2dc82000696611e616443e6c68f2","distinct","Assistant inspected song:ayshalak:lyricist: Who wrote the lyrics of Elissa's Ayshalak? (Mohammed Rifai) against song:tawaadna:lyricist: Who wrote the lyrics of Abdul Qader Hadhoud's Tawaadna? (Al Ghaim). These identify different works, different institutions or different artist attributes. The review compares every completed bank, including Egyptian Music; ambiguous or unsupported release credits were excluded during research. Different song credits, artist instruments, labels, collaborators and musical genres remain separate relations; no retained pair asks the same relation about the same entity."
"arabic_music_v2_161/kuwaiti_music_v2_194","8d69a85c0b564644d5c16be71e355b9120f7925158f92ab74d1a02229cf0108f","distinct","Assistant inspected song:ayshalak:lyricist: Who wrote the lyrics of Elissa's Ayshalak? (Mohammed Rifai) against song:samihni:lyricist: Who wrote the lyrics of Shaymaa Sulaiman's Samihni? (Sulaiman Bu Shait). These identify different works, different institutions or different artist attributes. The review compares every completed bank, including Egyptian Music; ambiguous or unsupported release credits were excluded during research. Different song credits, artist instruments, labels, collaborators and musical genres remain separate relations; no retained pair asks the same relation about the same entity."
"arabic_music_v2_161/kuwaiti_music_v2_198","1c7d1769fc5dd8bb74a31cc088e6279de3a4cf61566f6bafd2cb7a3e3ba51084","distinct","Assistant inspected song:ayshalak:lyricist: Who wrote the lyrics of Elissa's Ayshalak? (Mohammed Rifai) against song:khatelkhatar:lyricist: Who wrote the lyrics of Shams's Khat El Khatar? (Qusay Issa). These identify different works, different institutions or different artist attributes. The review compares every completed bank, including Egyptian Music; ambiguous or unsupported release credits were excluded during research. Different song credits, artist instruments, labels, collaborators and musical genres remain separate relations; no retained pair asks the same relation about the same entity."
"arabic_music_v2_161/kuwaiti_music_v2_199","4916c021136d198d772620551bd54acac531948ae3a6927dbffcbd3583c974e2","distinct","Assistant inspected song:ayshalak:lyricist: Who wrote the lyrics of Elissa's Ayshalak? (Mohammed Rifai) against song:zahqanamellait:lyricist: Who wrote the lyrics of Shams's Zahqana Mellait? (Adnan Al Amir). These identify different works, different institutions or different artist attributes. The review compares every completed bank, including Egyptian Music; ambiguous or unsupported release credits were excluded during research. Different song credits, artist instruments, labels, collaborators and musical genres remain separate relations; no retained pair asks the same relation about the same entity."
"arabic_music_v2_161/kuwaiti_music_v2_200","4409f651484607cafae2de0b4786e6a2f9e643a6711f948d13b49121c76d9edb","distinct","Assistant inspected song:ayshalak:lyricist: Who wrote the lyrics of Elissa's Ayshalak? (Mohammed Rifai) against song:wenwen:lyricist: Who wrote the lyrics of Hamad Al Qattan's Wen Wen? (Abdullah Al Omani). These identify different works, different institutions or different artist attributes. The review compares every completed bank, including Egyptian Music; ambiguous or unsupported release credits were excluded during research. Different song credits, artist instruments, labels, collaborators and musical genres remain separate relations; no retained pair asks the same relation about the same entity."
"arabic_music_v2_161/kuwaiti_music_v2_202","2437adaf067593a6de8b64b720e680cf84daccb205514b7561c309eb96a9b8e3","distinct","Assistant inspected song:ayshalak:lyricist: Who wrote the lyrics of Elissa's Ayshalak? (Mohammed Rifai) against song:masmouh:lyricist: Who wrote the lyrics of Ghareed Al Shati's Masmouh? (Bader Borsli). These identify different works, different institutions or different artist attributes. The review compares every completed bank, including Egyptian Music; ambiguous or unsupported release credits were excluded during research. Different song credits, artist instruments, labels, collaborators and musical genres remain separate relations; no retained pair asks the same relation about the same entity."
"arabic_music_v2_163/kuwaiti_music_v2_198","fb673a45ab40bbf93565f3e8c4fece47923335b6cb6ba92920c96a7ce0b00822","distinct","Assistant inspected song:kheleseldamaa:lyricist: Who wrote the lyrics of Adam's Kheles El Dame'a? (Hassan Munajjed) against song:khatelkhatar:lyricist: Who wrote the lyrics of Shams's Khat El Khatar? (Qusay Issa). These identify different works, different institutions or different artist attributes. The review compares every completed bank, including Egyptian Music; ambiguous or unsupported release credits were excluded during research. Different song credits, artist instruments, labels, collaborators and musical genres remain separate relations; no retained pair asks the same relation about the same entity."
"arabic_music_v2_165/kuwaiti_music_v2_149","47caa4a506f32e2c1f29710e793c07f78bfc30d6de80da365b68a4ba0faee8e8","distinct","Assistant inspected song:omrikellou:lyricist: Who wrote the lyrics of Wael Kfoury's Omri Kellou? (Samir Nakhleh) against song:halaftomri:lyricist: Who wrote the lyrics of Hussein Jassim's Halaft Omri? (Majed Sultan). These identify different works, different institutions or different artist attributes. The review compares every completed bank, including Egyptian Music; ambiguous or unsupported release credits were excluded during research. Different song credits, artist instruments, labels, collaborators and musical genres remain separate relations; no retained pair asks the same relation about the same entity."
"arabic_music_v2_165/kuwaiti_music_v2_187","f6b55f0bd5b89b901bc99bae3c6f8f2973304de5278078faa606eec267cddad5","distinct","Assistant inspected song:omrikellou:lyricist: Who wrote the lyrics of Wael Kfoury's Omri Kellou? (Samir Nakhleh) against song:mughroura:lyricist: Who wrote the lyrics of Maram's Mughroura? (Khaled Al Bathal). These identify different works, different institutions or different artist attributes. The review compares every completed bank, including Egyptian Music; ambiguous or unsupported release credits were excluded during research. Different song credits, artist instruments, labels, collaborators and musical genres remain separate relations; no retained pair asks the same relation about the same entity."
"arabic_music_v2_168/kuwaiti_music_v2_198","dda4a7cc85e4f1915584c00a0b4e62c84325e6d941135b176c9df09486220d75","distinct","Assistant inspected song:etazaltelgharam:lyricist: Who wrote the lyrics of Majida El Roumi's Etazalt El Gharam? (Nizar Francis) against song:khatelkhatar:lyricist: Who wrote the lyrics of Shams's Khat El Khatar? (Qusay Issa). These identify different works, different institutions or different artist attributes. The review compares every completed bank, including Egyptian Music; ambiguous or unsupported release credits were excluded during research. Different song credits, artist instruments, labels, collaborators and musical genres remain separate relations; no retained pair asks the same relation about the same entity."
"arabic_music_v2_169/kuwaiti_music_v2_142","cf84fd401e24b1965c75aa2908b1f50ddf8dfedd6df99675e0716ee2ee03557e","distinct","Assistant inspected song:majbour:lyricist: Who wrote the lyrics of Nassif Zeytoun's Majbour? (Ali Al Mawla) against song:zenatayyami:lyricist: Who wrote the lyrics of Nawal's Zenat Ayyami? (Bader Borsli). These identify different works, different institutions or different artist attributes. The review compares every completed bank, including Egyptian Music; ambiguous or unsupported release credits were excluded during research. Different song credits, artist instruments, labels, collaborators and musical genres remain separate relations; no retained pair asks the same relation about the same entity."
"arabic_music_v2_169/kuwaiti_music_v2_147","551a0bb8954963506157336c0bf8d2a94379870e17b9c81075598241124b29e5","distinct","Assistant inspected song:majbour:lyricist: Who wrote the lyrics of Nassif Zeytoun's Majbour? (Ali Al Mawla) against song:wayedwayed:lyricist: Who wrote the lyrics of Mustafa Ahmed's Wayed Wayed? (Khalifa Al Abdullah). These identify different works, different institutions or different artist attributes. The review compares every completed bank, including Egyptian Music; ambiguous or unsupported release credits were excluded during research. Different song credits, artist instruments, labels, collaborators and musical genres remain separate relations; no retained pair asks the same relation about the same entity."
"arabic_music_v2_169/kuwaiti_music_v2_153","48bc28141f78f06850f7a3a53ddefd1b2dbd3f70447a20be6e64557274d33327","distinct","Assistant inspected song:majbour:lyricist: Who wrote the lyrics of Nassif Zeytoun's Majbour? (Ali Al Mawla) against song:etmaen:lyricist: Who wrote the lyrics of Hammoud Naser's Etmaen? (Ali Al Matouq). These identify different works, different institutions or different artist attributes. The review compares every completed bank, including Egyptian Music; ambiguous or unsupported release credits were excluded during research. Different song credits, artist instruments, labels, collaborators and musical genres remain separate relations; no retained pair asks the same relation about the same entity."
"arabic_music_v2_169/kuwaiti_music_v2_162","c91bc49e87ad5944d1d2d4a524a492038a9b9d888ea9c4a1a1dc20ed1337c60f","distinct","Assistant inspected song:majbour:lyricist: Who wrote the lyrics of Nassif Zeytoun's Majbour? (Ali Al Mawla) against song:akoumislek:lyricist: Who wrote the lyrics of Nawal's Akou Mislek? (Bader Borsli). These identify different works, different institutions or different artist attributes. The review compares every completed bank, including Egyptian Music; ambiguous or unsupported release credits were excluded during research. Different song credits, artist instruments, labels, collaborators and musical genres remain separate relations; no retained pair asks the same relation about the same entity."
"arabic_music_v2_169/kuwaiti_music_v2_167","c5f18ad80ab23715cb061c852ed49c5f43dd847699295a249f8549b6a4b41e7d","distinct","Assistant inspected song:majbour:lyricist: Who wrote the lyrics of Nassif Zeytoun's Majbour? (Ali Al Mawla) against song:weshjabni:lyricist: Who wrote the lyrics of Fattouma's Wesh Jabni? (Hisham Al Shurooqi). These identify different works, different institutions or different artist attributes. The review compares every completed bank, including Egyptian Music; ambiguous or unsupported release credits were excluded during research. Different song credits, artist instruments, labels, collaborators and musical genres remain separate relations; no retained pair asks the same relation about the same entity."
"arabic_music_v2_169/kuwaiti_music_v2_169","e7cd158fc3bf6b9d7e4e07e78ba438f5769a6751a85db87d260e0b3e91f621b5","distinct","Assistant inspected song:majbour:lyricist: Who wrote the lyrics of Nassif Zeytoun's Majbour? (Ali Al Mawla) against song:ghamza:lyricist: Who wrote the lyrics of Ibrahim Dashti's Ghamza? (Mushrif Al Attabi). These identify different works, different institutions or different artist attributes. The review compares every completed bank, including Egyptian Music; ambiguous or unsupported release credits were excluded during research. Different song credits, artist instruments, labels, collaborators and musical genres remain separate relations; no retained pair asks the same relation about the same entity."
"arabic_music_v2_169/kuwaiti_music_v2_187","1fb0ec5b79f2525004bb6ef6ea7cab245c91ebefa37a04024c5243e6a47ad67b","distinct","Assistant inspected song:majbour:lyricist: Who wrote the lyrics of Nassif Zeytoun's Majbour? (Ali Al Mawla) against song:mughroura:lyricist: Who wrote the lyrics of Maram's Mughroura? (Khaled Al Bathal). These identify different works, different institutions or different artist attributes. The review compares every completed bank, including Egyptian Music; ambiguous or unsupported release credits were excluded during research. Different song credits, artist instruments, labels, collaborators and musical genres remain separate relations; no retained pair asks the same relation about the same entity."
"arabic_music_v2_169/kuwaiti_music_v2_190","17830bc4254fdd767ec7a864b7a9eea657820a8a089d84ddb57e10f80c41189d","distinct","Assistant inspected song:majbour:lyricist: Who wrote the lyrics of Nassif Zeytoun's Majbour? (Ali Al Mawla) against song:fahhmouh:lyricist: Who wrote the lyrics of Mutrif Al Mutrif's Fahhmouh? (Saad Al Musallam). These identify different works, different institutions or different artist attributes. The review compares every completed bank, including Egyptian Music; ambiguous or unsupported release credits were excluded during research. Different song credits, artist instruments, labels, collaborators and musical genres remain separate relations; no retained pair asks the same relation about the same entity."
"arabic_music_v2_169/kuwaiti_music_v2_194","ff972dd165a6aaef608e3d820ae7955df56def0edacb3cf563f54924825e0e37","distinct","Assistant inspected song:majbour:lyricist: Who wrote the lyrics of Nassif Zeytoun's Majbour? (Ali Al Mawla) against song:samihni:lyricist: Who wrote the lyrics of Shaymaa Sulaiman's Samihni? (Sulaiman Bu Shait). These identify different works, different institutions or different artist attributes. The review compares every completed bank, including Egyptian Music; ambiguous or unsupported release credits were excluded during research. Different song credits, artist instruments, labels, collaborators and musical genres remain separate relations; no retained pair asks the same relation about the same entity."
"arabic_music_v2_169/kuwaiti_music_v2_199","2155be591b6a1ca2853a3d799f48118f8f57382bd6dddd8bcc0d836292ff178c","distinct","Assistant inspected song:majbour:lyricist: Who wrote the lyrics of Nassif Zeytoun's Majbour? (Ali Al Mawla) against song:zahqanamellait:lyricist: Who wrote the lyrics of Shams's Zahqana Mellait? (Adnan Al Amir). These identify different works, different institutions or different artist attributes. The review compares every completed bank, including Egyptian Music; ambiguous or unsupported release credits were excluded during research. Different song credits, artist instruments, labels, collaborators and musical genres remain separate relations; no retained pair asks the same relation about the same entity."
"arabic_music_v2_170/kuwaiti_music_v2_187","d52a4886c24cafb14508e11832e01295ee9000f263f494ef86985fb1dfdf555b","distinct","Assistant inspected song:mabzon:lyricist: Who wrote the lyrics of Nassif Zeytoun's Ma Bzon? (Amer Lawand) against song:mughroura:lyricist: Who wrote the lyrics of Maram's Mughroura? (Khaled Al Bathal). These identify different works, different institutions or different artist attributes. The review compares every completed bank, including Egyptian Music; ambiguous or unsupported release credits were excluded during research. Different song credits, artist instruments, labels, collaborators and musical genres remain separate relations; no retained pair asks the same relation about the same entity."
"arabic_music_v2_174/kuwaiti_music_v2_135","c1927c295ce5ae331d35bfd6ce693657b0453de6ae02b4d589a1dd639ecd83ce","distinct","Assistant inspected song:asmaryasaher:poet: Who wrote the lyrics of Mohammed Al Amin's Asmar Ya Saher? (Khalifa Al Sadiq) against song:yakafialshar:lyricist: Who wrote the lyrics of Mesaed Al Baloushy's Ya Kafi Al Shar? (Mansour Al Fadhli). These identify different works, different institutions or different artist attributes. The review compares every completed bank, including Egyptian Music; ambiguous or unsupported release credits were excluded during research. Different song credits, artist instruments, labels, collaborators and musical genres remain separate relations; no retained pair asks the same relation about the same entity."
"arabic_music_v2_174/kuwaiti_music_v2_190","0ca6134e74a61b4b1c2e987dbff13aab04df34d1ee4cdb1459c64f7fa66660de","distinct","Assistant inspected song:asmaryasaher:poet: Who wrote the lyrics of Mohammed Al Amin's Asmar Ya Saher? (Khalifa Al Sadiq) against song:fahhmouh:lyricist: Who wrote the lyrics of Mutrif Al Mutrif's Fahhmouh? (Saad Al Musallam). These identify different works, different institutions or different artist attributes. The review compares every completed bank, including Egyptian Music; ambiguous or unsupported release credits were excluded during research. Different song credits, artist instruments, labels, collaborators and musical genres remain separate relations; no retained pair asks the same relation about the same entity."
"arabic_music_v2_174/kuwaiti_music_v2_193","59e433ee4575ddc8c3801b5c1a80e9b5f3b4b7fa412aae7f374dab8cd77e5c81","distinct","Assistant inspected song:asmaryasaher:poet: Who wrote the lyrics of Mohammed Al Amin's Asmar Ya Saher? (Khalifa Al Sadiq) against song:abshiriyaain:lyricist: Who wrote the lyrics of Aisha Al Marta's Abshiri Ya Ain? (Yousef Al Munee'). These identify different works, different institutions or different artist attributes. The review compares every completed bank, including Egyptian Music; ambiguous or unsupported release credits were excluded during research. Different song credits, artist instruments, labels, collaborators and musical genres remain separate relations; no retained pair asks the same relation about the same entity."
"arabic_music_v2_182/kuwaiti_music_v2_162","f6585c1a428eb3a9791cb4ad65dc7af20ba69a884058899ab12c9c48feaca52b","distinct","Assistant inspected song:hafla:lyricist: Who wrote the lyrics for Nawal El Zoghbi's Hafla? (Hany Sarou) against song:akoumislek:lyricist: Who wrote the lyrics of Nawal's Akou Mislek? (Bader Borsli). These identify different works, different institutions or different artist attributes. The review compares every completed bank, including Egyptian Music; ambiguous or unsupported release credits were excluded during research. Different song credits, artist instruments, labels, collaborators and musical genres remain separate relations; no retained pair asks the same relation about the same entity."
"arabic_music_v2_020/saudi_music_v2_028","39295c91506795f470752c2a14085a6a8b2d03c04b26b39135cf645a082e1314","distinct","Assistant inspected song:anawaleila:singer: Which Iraqi singer performs Ana Wa Leila? (Kadim Al Sahir) against song:anaalabyad:singer: Which Saudi singer performs Ana Al Abyad? (Rashed Al Majid). These identify different works, different institutions or different artist attributes. The review compares every completed bank, including Egyptian Music; ambiguous or unsupported release credits were excluded during research. Different song credits, artist instruments, labels, collaborators and musical genres remain separate relations; no retained pair asks the same relation about the same entity."
"arabic_music_v2_031/saudi_music_v2_007","56c50c4afc00afb15a7b49eae38aee49df6ff85c0a40851d45a22809e668ffc2","distinct","Assistant inspected song:ellayali:singer: Which singer performs El Layali? (Nawal El Zoghbi) against song:kathamumkin:singer: Which Saudi female singer performs Katha Mumkin? (Dalia Mubarak). These identify different works, different institutions or different artist attributes. The review compares every completed bank, including Egyptian Music; ambiguous or unsupported release credits were excluded during research. Different song credits, artist instruments, labels, collaborators and musical genres remain separate relations; no retained pair asks the same relation about the same entity."
"arabic_music_v2_031/saudi_music_v2_015","e9c024fa69a4c36ef736b7ec64197b512d9e195dcf51161142419d3478e14811","distinct","Assistant inspected song:ellayali:singer: Which singer performs El Layali? (Nawal El Zoghbi) against song:wardabaida:singer: Which Saudi female singer performs Elwarda Elbaida? (Zena Emad). These identify different works, different institutions or different artist attributes. The review compares every completed bank, including Egyptian Music; ambiguous or unsupported release credits were excluded during research. Different song credits, artist instruments, labels, collaborators and musical genres remain separate relations; no retained pair asks the same relation about the same entity."
"arabic_music_v2_031/saudi_music_v2_048","2d14058267f5b2e68561d91469cfe51437a68a8ba783f3ecb9ac5d495766efd7","distinct","Assistant inspected song:ellayali:singer: Which singer performs El Layali? (Nawal El Zoghbi) against song:etjammal:singer: Which Saudi female singer performs Etjammal Lenafsi? (Dalia Mubarak). These identify different works, different institutions or different artist attributes. The review compares every completed bank, including Egyptian Music; ambiguous or unsupported release credits were excluded during research. Different song credits, artist instruments, labels, collaborators and musical genres remain separate relations; no retained pair asks the same relation about the same entity."
"arabic_music_v2_031/saudi_music_v2_055","1bf14f4c0063819f68910d3755335145821287c2b335a768e5ae6a2033a6aae7","distinct","Assistant inspected song:ellayali:singer: Which singer performs El Layali? (Nawal El Zoghbi) against song:lataht:singer: Which Saudi female singer performs La Taht? (Dalia Mubarak). These identify different works, different institutions or different artist attributes. The review compares every completed bank, including Egyptian Music; ambiguous or unsupported release credits were excluded during research. Different song credits, artist instruments, labels, collaborators and musical genres remain separate relations; no retained pair asks the same relation about the same entity."
"arabic_music_v2_042/saudi_music_v2_002","0429093ebea3c12f5af51f2c16de18fa5b8b0410c3c38b51373c063fc42d426e","distinct","Assistant inspected song:didi:singer: Which Algerian singer performs Didi? (Khaled) against song:ikhtalafna:singer: Which Saudi singer performs Ikhtalafna? (Mohammed Abdu). These identify different works, different institutions or different artist attributes. The review compares every completed bank, including Egyptian Music; ambiguous or unsupported release credits were excluded during research. Different song credits, artist instruments, labels, collaborators and musical genres remain separate relations; no retained pair asks the same relation about the same entity."
"arabic_music_v2_042/saudi_music_v2_010","499629fb3916da85e21052c878a3dcaad44ae666d2324cd8e802870bf8732c18","distinct","Assistant inspected song:didi:singer: Which Algerian singer performs Didi? (Khaled) against song:azzah:singer: Which Saudi singer performs Azzah? (Rashed Al Fares). These identify different works, different institutions or different artist attributes. The review compares every completed bank, including Egyptian Music; ambiguous or unsupported release credits were excluded during research. Different song credits, artist instruments, labels, collaborators and musical genres remain separate relations; no retained pair asks the same relation about the same entity."
"arabic_music_v2_042/saudi_music_v2_023","84d61ceb7ace8680bb711bddee1921388f001c92f4309d3bad814dfcb8a42cc9","distinct","Assistant inspected song:didi:singer: Which Algerian singer performs Didi? (Khaled) against song:aghrab:singer: Which Saudi singer performs Aghrab? (Talal Maddah). These identify different works, different institutions or different artist attributes. The review compares every completed bank, including Egyptian Music; ambiguous or unsupported release credits were excluded during research. Different song credits, artist instruments, labels, collaborators and musical genres remain separate relations; no retained pair asks the same relation about the same entity."
"arabic_music_v2_042/saudi_music_v2_034","4a525353a54548fa737975ed0f390ce9c5a74ab74a38dbd9a033fb80f14780fc","distinct","Assistant inspected song:didi:singer: Which Algerian singer performs Didi? (Khaled) against song:nadet:singer: Which Saudi singer performs Nadet? (Abbas Ibrahim). These identify different works, different institutions or different artist attributes. The review compares every completed bank, including Egyptian Music; ambiguous or unsupported release credits were excluded during research. Different song credits, artist instruments, labels, collaborators and musical genres remain separate relations; no retained pair asks the same relation about the same entity."
"arabic_music_v2_042/saudi_music_v2_039","e9c8084aeb05bede35ed3e348e17229a885dbce660cb01955e18e332d53bf089","distinct","Assistant inspected song:didi:singer: Which Algerian singer performs Didi? (Khaled) against song:radinak:singer: Which Saudi singer performs Radinak? (Talal Salamah). These identify different works, different institutions or different artist attributes. The review compares every completed bank, including Egyptian Music; ambiguous or unsupported release credits were excluded during research. Different song credits, artist instruments, labels, collaborators and musical genres remain separate relations; no retained pair asks the same relation about the same entity."
"arabic_music_v2_042/saudi_music_v2_046","95534f54d04c9290911eac22733ac8c55d83cd74f62b39fe85b0df951401c1cb","distinct","Assistant inspected song:didi:singer: Which Algerian singer performs Didi? (Khaled) against song:allamtni:singer: Which Saudi singer performs Allamtni? (Rashed Al Majid). These identify different works, different institutions or different artist attributes. The review compares every completed bank, including Egyptian Music; ambiguous or unsupported release credits were excluded during research. Different song credits, artist instruments, labels, collaborators and musical genres remain separate relations; no retained pair asks the same relation about the same entity."
"arabic_music_v2_042/saudi_music_v2_047","a2c3f1274b23eb0713f1a4d8c417cf7a9d2ae81ecdacaa1ab932ad37ee9098ea","distinct","Assistant inspected song:didi:singer: Which Algerian singer performs Didi? (Khaled) against song:tahamaltak:singer: Which Saudi singer performs Tahamaltak? (Rabeh Saqer). These identify different works, different institutions or different artist attributes. The review compares every completed bank, including Egyptian Music; ambiguous or unsupported release credits were excluded during research. Different song credits, artist instruments, labels, collaborators and musical genres remain separate relations; no retained pair asks the same relation about the same entity."
"arabic_music_v2_042/saudi_music_v2_054","2d487c66afd23f08d1014ce22ee57e2c59f57d28f24daaf07dec4a6f41e111e2","distinct","Assistant inspected song:didi:singer: Which Algerian singer performs Didi? (Khaled) against song:minkobraha:singer: Which Saudi singer performs Min Kobraha? (Rabeh Saqer). These identify different works, different institutions or different artist attributes. The review compares every completed bank, including Egyptian Music; ambiguous or unsupported release credits were excluded during research. Different song credits, artist instruments, labels, collaborators and musical genres remain separate relations; no retained pair asks the same relation about the same entity."
"arabic_music_v2_042/saudi_music_v2_065","4b48d0f0393a6593781e5da0e8d312e858be014c59f0c8808548f760c17224c1","distinct","Assistant inspected song:didi:singer: Which Algerian singer performs Didi? (Khaled) against song:mendala:singer: Which Saudi singer performs Men Dalaak? (Khalid Abdulrahman). These identify different works, different institutions or different artist attributes. The review compares every completed bank, including Egyptian Music; ambiguous or unsupported release credits were excluded during research. Different song credits, artist instruments, labels, collaborators and musical genres remain separate relations; no retained pair asks the same relation about the same entity."
"arabic_music_v2_047/saudi_music_v2_007","118e145da2bca4e76219ca7a038d92b46c90b01da1da8b75737d5e2ab8a504b0","distinct","Assistant inspected song:hafla:singer: Which female singer performs Hafla? (Nawal El Zoghbi) against song:kathamumkin:singer: Which Saudi female singer performs Katha Mumkin? (Dalia Mubarak). These identify different works, different institutions or different artist attributes. The review compares every completed bank, including Egyptian Music; ambiguous or unsupported release credits were excluded during research. Different song credits, artist instruments, labels, collaborators and musical genres remain separate relations; no retained pair asks the same relation about the same entity."
"arabic_music_v2_047/saudi_music_v2_015","ed280d25553b4ab3078d8be6eb3bb343f0b50e91eb98d67ea2993edafc923480","distinct","Assistant inspected song:hafla:singer: Which female singer performs Hafla? (Nawal El Zoghbi) against song:wardabaida:singer: Which Saudi female singer performs Elwarda Elbaida? (Zena Emad). These identify different works, different institutions or different artist attributes. The review compares every completed bank, including Egyptian Music; ambiguous or unsupported release credits were excluded during research. Different song credits, artist instruments, labels, collaborators and musical genres remain separate relations; no retained pair asks the same relation about the same entity."
"arabic_music_v2_047/saudi_music_v2_048","0da8f0e70f2ebc06f45a55295e9b1b4cd8f8ea950f3361fa53fe3cbf2e3c9e4b","distinct","Assistant inspected song:hafla:singer: Which female singer performs Hafla? (Nawal El Zoghbi) against song:etjammal:singer: Which Saudi female singer performs Etjammal Lenafsi? (Dalia Mubarak). These identify different works, different institutions or different artist attributes. The review compares every completed bank, including Egyptian Music; ambiguous or unsupported release credits were excluded during research. Different song credits, artist instruments, labels, collaborators and musical genres remain separate relations; no retained pair asks the same relation about the same entity."
"arabic_music_v2_047/saudi_music_v2_055","785c06432a91cf9725637a0934dff873045de8ebff2f73bdca3da7ebd01b4b4b","distinct","Assistant inspected song:hafla:singer: Which female singer performs Hafla? (Nawal El Zoghbi) against song:lataht:singer: Which Saudi female singer performs La Taht? (Dalia Mubarak). These identify different works, different institutions or different artist attributes. The review compares every completed bank, including Egyptian Music; ambiguous or unsupported release credits were excluded during research. Different song credits, artist instruments, labels, collaborators and musical genres remain separate relations; no retained pair asks the same relation about the same entity."
"arabic_music_v2_049/saudi_music_v2_041","707cd8cd86ee2361c121b8b4b8cd81667a50749525c2c4a3882869f09955b205","distinct","Assistant inspected song:estimara:singer: Who performs Estimara 6? (Ragheb Alama) against song:rasayel:singer: Who sings Al Rasayel? (Mohammed Abdu). These identify different works, different institutions or different artist attributes. The review compares every completed bank, including Egyptian Music; ambiguous or unsupported release credits were excluded during research. Different song credits, artist instruments, labels, collaborators and musical genres remain separate relations; no retained pair asks the same relation about the same entity."
"arabic_music_v2_053/saudi_music_v2_004","4b1924f55cd05ec30c782b7b2b72aeded73aa320cc5532b24e7d2296d0694405","distinct","Assistant inspected song:kon:singer: Who performs Kon? (Joseph Attieh) against song:weshloonmaghleek:singer: Who sings Weshloon Maghleek? (Khalid Abdulrahman). These identify different works, different institutions or different artist attributes. The review compares every completed bank, including Egyptian Music; ambiguous or unsupported release credits were excluded during research. Different song credits, artist instruments, labels, collaborators and musical genres remain separate relations; no retained pair asks the same relation about the same entity."
"arabic_music_v2_053/saudi_music_v2_027","0c622ef7d16bcb1083a05c922f610e7e78a1d70ff2015e1e99133a3d9d92326b","distinct","Assistant inspected song:kon:singer: Who performs Kon? (Joseph Attieh) against song:bentelnour:singer: Who sings Bent El Nour? (Mohammed Abdu). These identify different works, different institutions or different artist attributes. The review compares every completed bank, including Egyptian Music; ambiguous or unsupported release credits were excluded during research. Different song credits, artist instruments, labels, collaborators and musical genres remain separate relations; no retained pair asks the same relation about the same entity."
"arabic_music_v2_053/saudi_music_v2_033","3e20de1f8a15c1aeaeb2b668a5916d741aa9d750e83fe40eb481bf97fc10fbcd","distinct","Assistant inspected song:kon:singer: Who performs Kon? (Joseph Attieh) against song:hebrwarag:singer: Who sings Hebr W Warag? (Abadi Al Johar). These identify different works, different institutions or different artist attributes. The review compares every completed bank, including Egyptian Music; ambiguous or unsupported release credits were excluded during research. Different song credits, artist instruments, labels, collaborators and musical genres remain separate relations; no retained pair asks the same relation about the same entity."
"arabic_music_v2_053/saudi_music_v2_036","bba4db2f5d60c38de79b6d6092bdda79218ce5997d4ae933cf0400baa9fb5257","distinct","Assistant inspected song:kon:singer: Who performs Kon? (Joseph Attieh) against song:tahdooh:singer: Who sings Tahdooh Al Bashar? (Rashed Al Majid). These identify different works, different institutions or different artist attributes. The review compares every completed bank, including Egyptian Music; ambiguous or unsupported release credits were excluded during research. Different song credits, artist instruments, labels, collaborators and musical genres remain separate relations; no retained pair asks the same relation about the same entity."
"arabic_music_v2_053/saudi_music_v2_041","38af1f6f04cf0ffbcc4a1b9df1fd686b80d11983ed230e9086561c9036161325","distinct","Assistant inspected song:kon:singer: Who performs Kon? (Joseph Attieh) against song:rasayel:singer: Who sings Al Rasayel? (Mohammed Abdu). These identify different works, different institutions or different artist attributes. The review compares every completed bank, including Egyptian Music; ambiguous or unsupported release credits were excluded during research. Different song credits, artist instruments, labels, collaborators and musical genres remain separate relations; no retained pair asks the same relation about the same entity."
"arabic_music_v2_053/saudi_music_v2_068","ceafc32145dfa6b4e52455d30b9ee41078430acbbb074dafecf1545ffa2ccb24","distinct","Assistant inspected song:kon:singer: Who performs Kon? (Joseph Attieh) against song:atni:singer: Who sings Atni Al Mahabba? (Talal Maddah). These identify different works, different institutions or different artist attributes. The review compares every completed bank, including Egyptian Music; ambiguous or unsupported release credits were excluded during research. Different song credits, artist instruments, labels, collaborators and musical genres remain separate relations; no retained pair asks the same relation about the same entity."
"arabic_music_v2_054/saudi_music_v2_004","34dd59d633c6cc9d293017f1b1b093ea0429b3f62193b522a21b63b01ea6ff10","distinct","Assistant inspected song:baghdada:singer: Who performs Al Baghdada? (Joseph Attieh) against song:weshloonmaghleek:singer: Who sings Weshloon Maghleek? (Khalid Abdulrahman). These identify different works, different institutions or different artist attributes. The review compares every completed bank, including Egyptian Music; ambiguous or unsupported release credits were excluded during research. Different song credits, artist instruments, labels, collaborators and musical genres remain separate relations; no retained pair asks the same relation about the same entity."
"arabic_music_v2_054/saudi_music_v2_027","a8ad39cc1b1c691591fa94e8565846031bb628bfa15224a75b20f8bb68c83b4b","distinct","Assistant inspected song:baghdada:singer: Who performs Al Baghdada? (Joseph Attieh) against song:bentelnour:singer: Who sings Bent El Nour? (Mohammed Abdu). These identify different works, different institutions or different artist attributes. The review compares every completed bank, including Egyptian Music; ambiguous or unsupported release credits were excluded during research. Different song credits, artist instruments, labels, collaborators and musical genres remain separate relations; no retained pair asks the same relation about the same entity."
"arabic_music_v2_054/saudi_music_v2_033","ea5d0b37d07a474816820612fc76f0f36f2be556c85c04fcb028b608b06e459e","distinct","Assistant inspected song:baghdada:singer: Who performs Al Baghdada? (Joseph Attieh) against song:hebrwarag:singer: Who sings Hebr W Warag? (Abadi Al Johar). These identify different works, different institutions or different artist attributes. The review compares every completed bank, including Egyptian Music; ambiguous or unsupported release credits were excluded during research. Different song credits, artist instruments, labels, collaborators and musical genres remain separate relations; no retained pair asks the same relation about the same entity."
"arabic_music_v2_054/saudi_music_v2_036","e9c8ba648584a919bde1cc57e4e99745855ae6c7871d447e091858bcef8e313d","distinct","Assistant inspected song:baghdada:singer: Who performs Al Baghdada? (Joseph Attieh) against song:tahdooh:singer: Who sings Tahdooh Al Bashar? (Rashed Al Majid). These identify different works, different institutions or different artist attributes. The review compares every completed bank, including Egyptian Music; ambiguous or unsupported release credits were excluded during research. Different song credits, artist instruments, labels, collaborators and musical genres remain separate relations; no retained pair asks the same relation about the same entity."
"arabic_music_v2_054/saudi_music_v2_041","5e2404e3c394c08517ddde5d66df44e849f955030dde869f4902656a45086c02","distinct","Assistant inspected song:baghdada:singer: Who performs Al Baghdada? (Joseph Attieh) against song:rasayel:singer: Who sings Al Rasayel? (Mohammed Abdu). These identify different works, different institutions or different artist attributes. The review compares every completed bank, including Egyptian Music; ambiguous or unsupported release credits were excluded during research. Different song credits, artist instruments, labels, collaborators and musical genres remain separate relations; no retained pair asks the same relation about the same entity."
"arabic_music_v2_054/saudi_music_v2_068","ca21e1d798f1f1dfab712ea74431dd647738742cd94f6d8171c6ff6d118bfb9f","distinct","Assistant inspected song:baghdada:singer: Who performs Al Baghdada? (Joseph Attieh) against song:atni:singer: Who sings Atni Al Mahabba? (Talal Maddah). These identify different works, different institutions or different artist attributes. The review compares every completed bank, including Egyptian Music; ambiguous or unsupported release credits were excluded during research. Different song credits, artist instruments, labels, collaborators and musical genres remain separate relations; no retained pair asks the same relation about the same entity."
"arabic_music_v2_055/saudi_music_v2_007","45a03844eca81d5172be035a7ce9d474eda8ef7bda35eec7a897d7722b94ab17","distinct","Assistant inspected song:motallaqa:singer: Which female singer performs El Motallaqa? (Carole Samaha) against song:kathamumkin:singer: Which Saudi female singer performs Katha Mumkin? (Dalia Mubarak). These identify different works, different institutions or different artist attributes. The review compares every completed bank, including Egyptian Music; ambiguous or unsupported release credits were excluded during research. Different song credits, artist instruments, labels, collaborators and musical genres remain separate relations; no retained pair asks the same relation about the same entity."
"arabic_music_v2_055/saudi_music_v2_015","0b99e33edc98e35481cd4668925e50325458a959502c1a1a952b2fdf4747d3ac","distinct","Assistant inspected song:motallaqa:singer: Which female singer performs El Motallaqa? (Carole Samaha) against song:wardabaida:singer: Which Saudi female singer performs Elwarda Elbaida? (Zena Emad). These identify different works, different institutions or different artist attributes. The review compares every completed bank, including Egyptian Music; ambiguous or unsupported release credits were excluded during research. Different song credits, artist instruments, labels, collaborators and musical genres remain separate relations; no retained pair asks the same relation about the same entity."
"arabic_music_v2_055/saudi_music_v2_048","77387d71aebb865d770e18378c591e167acff6617f2defab8b3a735ecd3091fb","distinct","Assistant inspected song:motallaqa:singer: Which female singer performs El Motallaqa? (Carole Samaha) against song:etjammal:singer: Which Saudi female singer performs Etjammal Lenafsi? (Dalia Mubarak). These identify different works, different institutions or different artist attributes. The review compares every completed bank, including Egyptian Music; ambiguous or unsupported release credits were excluded during research. Different song credits, artist instruments, labels, collaborators and musical genres remain separate relations; no retained pair asks the same relation about the same entity."
"arabic_music_v2_055/saudi_music_v2_055","498f82e14353ae5d077f5fa8db61b9159ba3ec1029092f9687f8bb50e8312efc","distinct","Assistant inspected song:motallaqa:singer: Which female singer performs El Motallaqa? (Carole Samaha) against song:lataht:singer: Which Saudi female singer performs La Taht? (Dalia Mubarak). These identify different works, different institutions or different artist attributes. The review compares every completed bank, including Egyptian Music; ambiguous or unsupported release credits were excluded during research. Different song credits, artist instruments, labels, collaborators and musical genres remain separate relations; no retained pair asks the same relation about the same entity."
"arabic_music_v2_058/saudi_music_v2_002","7d005e00f3f7028cf2136386bf869380306f2ebce3412a62a26bdff54a986839","distinct","Assistant inspected song:saken:singer: Which singer performs Saken? (Diana Haddad) against song:ikhtalafna:singer: Which Saudi singer performs Ikhtalafna? (Mohammed Abdu). These identify different works, different institutions or different artist attributes. The review compares every completed bank, including Egyptian Music; ambiguous or unsupported release credits were excluded during research. Different song credits, artist instruments, labels, collaborators and musical genres remain separate relations; no retained pair asks the same relation about the same entity."
"arabic_music_v2_058/saudi_music_v2_007","a694f5679a58c607139b0a1aeaadcb4e10f152b33181e2217676eeb71a8b0035","distinct","Assistant inspected song:saken:singer: Which singer performs Saken? (Diana Haddad) against song:kathamumkin:singer: Which Saudi female singer performs Katha Mumkin? (Dalia Mubarak). These identify different works, different institutions or different artist attributes. The review compares every completed bank, including Egyptian Music; ambiguous or unsupported release credits were excluded during research. Different song credits, artist instruments, labels, collaborators and musical genres remain separate relations; no retained pair asks the same relation about the same entity."
"arabic_music_v2_058/saudi_music_v2_010","51adc918b987bc3a4c2fd07f9ea2d5ab8d991e1a3306452ee29b0bc58203bfef","distinct","Assistant inspected song:saken:singer: Which singer performs Saken? (Diana Haddad) against song:azzah:singer: Which Saudi singer performs Azzah? (Rashed Al Fares). These identify different works, different institutions or different artist attributes. The review compares every completed bank, including Egyptian Music; ambiguous or unsupported release credits were excluded during research. Different song credits, artist instruments, labels, collaborators and musical genres remain separate relations; no retained pair asks the same relation about the same entity."
"arabic_music_v2_058/saudi_music_v2_015","44d792cfc5b3b8196e59fbd4ac9fb3ea19da05ddcc07f4d90d562a3f142a124f","distinct","Assistant inspected song:saken:singer: Which singer performs Saken? (Diana Haddad) against song:wardabaida:singer: Which Saudi female singer performs Elwarda Elbaida? (Zena Emad). These identify different works, different institutions or different artist attributes. The review compares every completed bank, including Egyptian Music; ambiguous or unsupported release credits were excluded during research. Different song credits, artist instruments, labels, collaborators and musical genres remain separate relations; no retained pair asks the same relation about the same entity."
"arabic_music_v2_058/saudi_music_v2_023","67b59a638818979a65833dadf360b016f745c57077ef2fb85fd3ce96eff9946e","distinct","Assistant inspected song:saken:singer: Which singer performs Saken? (Diana Haddad) against song:aghrab:singer: Which Saudi singer performs Aghrab? (Talal Maddah). These identify different works, different institutions or different artist attributes. The review compares every completed bank, including Egyptian Music; ambiguous or unsupported release credits were excluded during research. Different song credits, artist instruments, labels, collaborators and musical genres remain separate relations; no retained pair asks the same relation about the same entity."
"arabic_music_v2_058/saudi_music_v2_034","851c3c4f025a48d621c8b94ed173cbbd03c514dd41d6955ac2dc9f2a429660a4","distinct","Assistant inspected song:saken:singer: Which singer performs Saken? (Diana Haddad) against song:nadet:singer: Which Saudi singer performs Nadet? (Abbas Ibrahim). These identify different works, different institutions or different artist attributes. The review compares every completed bank, including Egyptian Music; ambiguous or unsupported release credits were excluded during research. Different song credits, artist instruments, labels, collaborators and musical genres remain separate relations; no retained pair asks the same relation about the same entity."
"arabic_music_v2_058/saudi_music_v2_039","07c16af16add8745b826741bb1b1587b50a398fe857c1391fbb7ed01edeae222","distinct","Assistant inspected song:saken:singer: Which singer performs Saken? (Diana Haddad) against song:radinak:singer: Which Saudi singer performs Radinak? (Talal Salamah). These identify different works, different institutions or different artist attributes. The review compares every completed bank, including Egyptian Music; ambiguous or unsupported release credits were excluded during research. Different song credits, artist instruments, labels, collaborators and musical genres remain separate relations; no retained pair asks the same relation about the same entity."
"arabic_music_v2_058/saudi_music_v2_046","d4f1795ed654eb7b64f44711dbcc21ef2bcb0f4cb9be942899688dc1e4e6b167","distinct","Assistant inspected song:saken:singer: Which singer performs Saken? (Diana Haddad) against song:allamtni:singer: Which Saudi singer performs Allamtni? (Rashed Al Majid). These identify different works, different institutions or different artist attributes. The review compares every completed bank, including Egyptian Music; ambiguous or unsupported release credits were excluded during research. Different song credits, artist instruments, labels, collaborators and musical genres remain separate relations; no retained pair asks the same relation about the same entity."
"arabic_music_v2_058/saudi_music_v2_047","928a8aed09752c7a7da19bcad16046771d8111e4fbf073ba25f2cc019d46ef66","distinct","Assistant inspected song:saken:singer: Which singer performs Saken? (Diana Haddad) against song:tahamaltak:singer: Which Saudi singer performs Tahamaltak? (Rabeh Saqer). These identify different works, different institutions or different artist attributes. The review compares every completed bank, including Egyptian Music; ambiguous or unsupported release credits were excluded during research. Different song credits, artist instruments, labels, collaborators and musical genres remain separate relations; no retained pair asks the same relation about the same entity."
"arabic_music_v2_058/saudi_music_v2_048","1823f2d4c330e687648fede15e3fada858174e8880c90cbcbdc557c04737ed32","distinct","Assistant inspected song:saken:singer: Which singer performs Saken? (Diana Haddad) against song:etjammal:singer: Which Saudi female singer performs Etjammal Lenafsi? (Dalia Mubarak). These identify different works, different institutions or different artist attributes. The review compares every completed bank, including Egyptian Music; ambiguous or unsupported release credits were excluded during research. Different song credits, artist instruments, labels, collaborators and musical genres remain separate relations; no retained pair asks the same relation about the same entity."
"arabic_music_v2_058/saudi_music_v2_055","b9b7aeb9255d0ba55a209da5bfa6b9f91909c59d5d4460de8f341c771e27a25c","distinct","Assistant inspected song:saken:singer: Which singer performs Saken? (Diana Haddad) against song:lataht:singer: Which Saudi female singer performs La Taht? (Dalia Mubarak). These identify different works, different institutions or different artist attributes. The review compares every completed bank, including Egyptian Music; ambiguous or unsupported release credits were excluded during research. Different song credits, artist instruments, labels, collaborators and musical genres remain separate relations; no retained pair asks the same relation about the same entity."
"arabic_music_v2_061/saudi_music_v2_002","0d49d6f3a50d08138abf0a5210df457e2682408daa716f54b9b808ee7961c30e","distinct","Assistant inspected song:aashanak:singer: Which singer performs Aashanak? (Siilawy) against song:ikhtalafna:singer: Which Saudi singer performs Ikhtalafna? (Mohammed Abdu). These identify different works, different institutions or different artist attributes. The review compares every completed bank, including Egyptian Music; ambiguous or unsupported release credits were excluded during research. Different song credits, artist instruments, labels, collaborators and musical genres remain separate relations; no retained pair asks the same relation about the same entity."
"arabic_music_v2_061/saudi_music_v2_003","c5fb6500ccb89164e8b9c9f7aa2e46c84b828ebd2ba3f17e37fb18600f4d991b","distinct","Assistant inspected song:aashanak:singer: Which singer performs Aashanak? (Siilawy) against song:roohitehebbek:singer: Which Saudi singer performs Roohi Tehebbek? (Abdul Majeed Abdullah). These identify different works, different institutions or different artist attributes. The review compares every completed bank, including Egyptian Music; ambiguous or unsupported release credits were excluded during research. Different song credits, artist instruments, labels, collaborators and musical genres remain separate relations; no retained pair asks the same relation about the same entity."
"arabic_music_v2_061/saudi_music_v2_010","6edc132fc8381a3c8a213649ee0c8d6ae6bec7b61f78fe3352f7c6c1ec875d9e","distinct","Assistant inspected song:aashanak:singer: Which singer performs Aashanak? (Siilawy) against song:azzah:singer: Which Saudi singer performs Azzah? (Rashed Al Fares). These identify different works, different institutions or different artist attributes. The review compares every completed bank, including Egyptian Music; ambiguous or unsupported release credits were excluded during research. Different song credits, artist instruments, labels, collaborators and musical genres remain separate relations; no retained pair asks the same relation about the same entity."
"arabic_music_v2_061/saudi_music_v2_013","cfff05c18cc62586eedf3d79ff0292bdc246a0e9b7735000b515a3bb47d89f6e","distinct","Assistant inspected song:aashanak:singer: Which singer performs Aashanak? (Siilawy) against song:feztbek:singer: Which Saudi singer performs Fezt Bek? (Sultan Al Murshed). These identify different works, different institutions or different artist attributes. The review compares every completed bank, including Egyptian Music; ambiguous or unsupported release credits were excluded during research. Different song credits, artist instruments, labels, collaborators and musical genres remain separate relations; no retained pair asks the same relation about the same entity."
"arabic_music_v2_061/saudi_music_v2_023","4ed2e40f622b0b30374576079f067d0808da97ca6ce4979b8b4a35648595624e","distinct","Assistant inspected song:aashanak:singer: Which singer performs Aashanak? (Siilawy) against song:aghrab:singer: Which Saudi singer performs Aghrab? (Talal Maddah). These identify different works, different institutions or different artist attributes. The review compares every completed bank, including Egyptian Music; ambiguous or unsupported release credits were excluded during research. Different song credits, artist instruments, labels, collaborators and musical genres remain separate relations; no retained pair asks the same relation about the same entity."
"arabic_music_v2_061/saudi_music_v2_025","3f5e550892def9f3422acf85178adabcc05688901268ab077b28b3f0c150cecc","distinct","Assistant inspected song:aashanak:singer: Which singer performs Aashanak? (Siilawy) against song:entehel:singer: Which Saudi singer performs Entehel Shakhsetak? (Abdul Majeed Abdullah). These identify different works, different institutions or different artist attributes. The review compares every completed bank, including Egyptian Music; ambiguous or unsupported release credits were excluded during research. Different song credits, artist instruments, labels, collaborators and musical genres remain separate relations; no retained pair asks the same relation about the same entity."
"arabic_music_v2_061/saudi_music_v2_026","dce2eb5e81b15e22b96bab76a680ac0bf59c3c88d9cad7ea1fc3572071566db2","distinct","Assistant inspected song:aashanak:singer: Which singer performs Aashanak? (Siilawy) against song:montaha:singer: Which Saudi singer performs Montaha Al Riqqa? (Rabeh Saqer). These identify different works, different institutions or different artist attributes. The review compares every completed bank, including Egyptian Music; ambiguous or unsupported release credits were excluded during research. Different song credits, artist instruments, labels, collaborators and musical genres remain separate relations; no retained pair asks the same relation about the same entity."
"arabic_music_v2_061/saudi_music_v2_028","e37b3bceaedbc06ac46806c713c5882975905ff202ad4dc910a38687828b6fd9","distinct","Assistant inspected song:aashanak:singer: Which singer performs Aashanak? (Siilawy) against song:anaalabyad:singer: Which Saudi singer performs Ana Al Abyad? (Rashed Al Majid). These identify different works, different institutions or different artist attributes. The review compares every completed bank, including Egyptian Music; ambiguous or unsupported release credits were excluded during research. Different song credits, artist instruments, labels, collaborators and musical genres remain separate relations; no retained pair asks the same relation about the same entity."
"arabic_music_v2_061/saudi_music_v2_030","0703683003aa1a329cf5c51d0f8263667fe3ac1df8bd15aa8299cf2dbdd3c09c","distinct","Assistant inspected song:aashanak:singer: Which singer performs Aashanak? (Siilawy) against song:mawedthani:singer: Which Saudi singer performs Al Mawed Al Thani? (Talal Maddah). These identify different works, different institutions or different artist attributes. The review compares every completed bank, including Egyptian Music; ambiguous or unsupported release credits were excluded during research. Different song credits, artist instruments, labels, collaborators and musical genres remain separate relations; no retained pair asks the same relation about the same entity."
"arabic_music_v2_061/saudi_music_v2_034","f8f733df3f7b425b9c7cd0d90a1f30c1d1d05f66074b04765414bacfa7b309ae","distinct","Assistant inspected song:aashanak:singer: Which singer performs Aashanak? (Siilawy) against song:nadet:singer: Which Saudi singer performs Nadet? (Abbas Ibrahim). These identify different works, different institutions or different artist attributes. The review compares every completed bank, including Egyptian Music; ambiguous or unsupported release credits were excluded during research. Different song credits, artist instruments, labels, collaborators and musical genres remain separate relations; no retained pair asks the same relation about the same entity."
"arabic_music_v2_061/saudi_music_v2_039","8c420e2c1e2bd12515b481490baad12353ca8ccaa9e932d41810b39a51ce81e9","distinct","Assistant inspected song:aashanak:singer: Which singer performs Aashanak? (Siilawy) against song:radinak:singer: Which Saudi singer performs Radinak? (Talal Salamah). These identify different works, different institutions or different artist attributes. The review compares every completed bank, including Egyptian Music; ambiguous or unsupported release credits were excluded during research. Different song credits, artist instruments, labels, collaborators and musical genres remain separate relations; no retained pair asks the same relation about the same entity."
"arabic_music_v2_061/saudi_music_v2_041","5e8ff39ca13ca1732f5e9a36ae654fed884be2df842214bba229883b0b5bcd22","distinct","Assistant inspected song:aashanak:singer: Which singer performs Aashanak? (Siilawy) against song:rasayel:singer: Who sings Al Rasayel? (Mohammed Abdu). These identify different works, different institutions or different artist attributes. The review compares every completed bank, including Egyptian Music; ambiguous or unsupported release credits were excluded during research. Different song credits, artist instruments, labels, collaborators and musical genres remain separate relations; no retained pair asks the same relation about the same entity."
"arabic_music_v2_061/saudi_music_v2_042","a47d03115b0bcb6c705872c17413e6da2b397273f5738114d34c22d7a66ae511","distinct","Assistant inspected song:aashanak:singer: Which singer performs Aashanak? (Siilawy) against song:sayedi:singer: Which Saudi singer performs Sayedi Qum? (Talal Maddah). These identify different works, different institutions or different artist attributes. The review compares every completed bank, including Egyptian Music; ambiguous or unsupported release credits were excluded during research. Different song credits, artist instruments, labels, collaborators and musical genres remain separate relations; no retained pair asks the same relation about the same entity."
"arabic_music_v2_061/saudi_music_v2_046","32e71f0b1cf48f1eb061e0bbd4ac432299e9d7cc036cd13300f6e947df9baad1","distinct","Assistant inspected song:aashanak:singer: Which singer performs Aashanak? (Siilawy) against song:allamtni:singer: Which Saudi singer performs Allamtni? (Rashed Al Majid). These identify different works, different institutions or different artist attributes. The review compares every completed bank, including Egyptian Music; ambiguous or unsupported release credits were excluded during research. Different song credits, artist instruments, labels, collaborators and musical genres remain separate relations; no retained pair asks the same relation about the same entity."
"arabic_music_v2_061/saudi_music_v2_047","577f75a9949f2fc23ad6ec2ae8505b8664af317a439ee96cef1ffb326807ef70","distinct","Assistant inspected song:aashanak:singer: Which singer performs Aashanak? (Siilawy) against song:tahamaltak:singer: Which Saudi singer performs Tahamaltak? (Rabeh Saqer). These identify different works, different institutions or different artist attributes. The review compares every completed bank, including Egyptian Music; ambiguous or unsupported release credits were excluded during research. Different song credits, artist instruments, labels, collaborators and musical genres remain separate relations; no retained pair asks the same relation about the same entity."
"arabic_music_v2_061/saudi_music_v2_049","1b970854d3b3c5db6bfef296e4c5a5157bac3123932afcc524f96ee64a496bca","distinct","Assistant inspected song:aashanak:singer: Which singer performs Aashanak? (Siilawy) against song:hujja:singer: Which Saudi singer performs Hujjat Al Ghayeb? (Rashed Al Majid). These identify different works, different institutions or different artist attributes. The review compares every completed bank, including Egyptian Music; ambiguous or unsupported release credits were excluded during research. Different song credits, artist instruments, labels, collaborators and musical genres remain separate relations; no retained pair asks the same relation about the same entity."
"arabic_music_v2_061/saudi_music_v2_054","c82cdfb396773d4a5ebecb77becc7d1956eceebc194edc0066236a2e7eaf6d64","distinct","Assistant inspected song:aashanak:singer: Which singer performs Aashanak? (Siilawy) against song:minkobraha:singer: Which Saudi singer performs Min Kobraha? (Rabeh Saqer). These identify different works, different institutions or different artist attributes. The review compares every completed bank, including Egyptian Music; ambiguous or unsupported release credits were excluded during research. Different song credits, artist instruments, labels, collaborators and musical genres remain separate relations; no retained pair asks the same relation about the same entity."
"arabic_music_v2_061/saudi_music_v2_059","67e2e6a669c253e682a1e40d050474164ce6317a220798c4e98d3296877bb442","distinct","Assistant inspected song:aashanak:singer: Which singer performs Aashanak? (Siilawy) against song:saqiatash:singer: Which Saudi singer performs Saqi Al Atash? (Ayed). These identify different works, different institutions or different artist attributes. The review compares every completed bank, including Egyptian Music; ambiguous or unsupported release credits were excluded during research. Different song credits, artist instruments, labels, collaborators and musical genres remain separate relations; no retained pair asks the same relation about the same entity."
"arabic_music_v2_061/saudi_music_v2_060","d71a3e0650d4f97aa5c015ce0dce1ca6c63ae64f1a319b95936240d11d55d068","distinct","Assistant inspected song:aashanak:singer: Which singer performs Aashanak? (Siilawy) against song:istiraha:singer: Which Saudi singer performs Estrahet Mohareb? (Ayed). These identify different works, different institutions or different artist attributes. The review compares every completed bank, including Egyptian Music; ambiguous or unsupported release credits were excluded during research. Different song credits, artist instruments, labels, collaborators and musical genres remain separate relations; no retained pair asks the same relation about the same entity."
"arabic_music_v2_061/saudi_music_v2_065","13f0f1ba14e8cce13e752143df09773a4241f431f1f76a5e0348cf1cf56f3a0c","distinct","Assistant inspected song:aashanak:singer: Which singer performs Aashanak? (Siilawy) against song:mendala:singer: Which Saudi singer performs Men Dalaak? (Khalid Abdulrahman). These identify different works, different institutions or different artist attributes. The review compares every completed bank, including Egyptian Music; ambiguous or unsupported release credits were excluded during research. Different song credits, artist instruments, labels, collaborators and musical genres remain separate relations; no retained pair asks the same relation about the same entity."
"arabic_music_v2_062/saudi_music_v2_033","9aa2f7008641fb4e248b59112692801e5d087b456ab8eba8dc65e0a3639518ae","distinct","Assistant inspected song:wbtir:singer: Who sings W Btir? (Ziad Bourji) against song:hebrwarag:singer: Who sings Hebr W Warag? (Abadi Al Johar). These identify different works, different institutions or different artist attributes. The review compares every completed bank, including Egyptian Music; ambiguous or unsupported release credits were excluded during research. Different song credits, artist instruments, labels, collaborators and musical genres remain separate relations; no retained pair asks the same relation about the same entity."
"arabic_music_v2_161/saudi_music_v2_147","5eb13f9242f6ad492f2bd2bf5c776162245e903f47db7b330de29eae5788d9e8","distinct","Assistant inspected song:ayshalak:lyricist: Who wrote the lyrics of Elissa's Ayshalak? (Mohammed Rifai) against song:wardabaida:lyricist: Who wrote the lyrics of Zena Emad's Elwarda Elbaida? (Amr Al Masry). These identify different works, different institutions or different artist attributes. The review compares every completed bank, including Egyptian Music; ambiguous or unsupported release credits were excluded during research. Different song credits, artist instruments, labels, collaborators and musical genres remain separate relations; no retained pair asks the same relation about the same entity."
"arabic_music_v2_161/saudi_music_v2_180","be276780b36dc3ba038021b8cee6f5147fe87970d96dcd0caa2ee9d75677b85a","distinct","Assistant inspected song:ayshalak:lyricist: Who wrote the lyrics of Elissa's Ayshalak? (Mohammed Rifai) against song:allamtni:lyricist: Who wrote the lyrics of Rashed Al Majid's Allamtni? (Talal Al Rasheed). These identify different works, different institutions or different artist attributes. The review compares every completed bank, including Egyptian Music; ambiguous or unsupported release credits were excluded during research. Different song credits, artist instruments, labels, collaborators and musical genres remain separate relations; no retained pair asks the same relation about the same entity."
"arabic_music_v2_161/saudi_music_v2_186","ae9352fc6439296048bf662a88dac712a7cd91b3d2f6eecd4657558894df6abe","distinct","Assistant inspected song:ayshalak:lyricist: Who wrote the lyrics of Elissa's Ayshalak? (Mohammed Rifai) against song:ikhtafat:lyricist: Who wrote the lyrics of Abadi Al Johar's Ikhtafat? (Mohammed bin Khaled). These identify different works, different institutions or different artist attributes. The review compares every completed bank, including Egyptian Music; ambiguous or unsupported release credits were excluded during research. Different song credits, artist instruments, labels, collaborators and musical genres remain separate relations; no retained pair asks the same relation about the same entity."
"arabic_music_v2_161/saudi_music_v2_188","7fd5c0737d9b10029fc593db745dc859b71735a0c63f6988dd8bf9a4d2f0c46f","distinct","Assistant inspected song:ayshalak:lyricist: Who wrote the lyrics of Elissa's Ayshalak? (Mohammed Rifai) against song:minkobraha:lyricist: Who wrote the lyrics of Rabeh Saqer's Min Kobraha? (Saud Al Babtain). These identify different works, different institutions or different artist attributes. The review compares every completed bank, including Egyptian Music; ambiguous or unsupported release credits were excluded during research. Different song credits, artist instruments, labels, collaborators and musical genres remain separate relations; no retained pair asks the same relation about the same entity."
"arabic_music_v2_007/egyptian_music_v2_042","e2ddd2ef8efb4a08a757ea15c9474bccb55c9453db93e16ff4ad18df7d265227","distinct","Assistant inspected song:nasinieldonya:singer: Which Lebanese singer performs Nasini El Donya? (Ragheb Alama) against song:monaya:singer: Who sings Monaya? (Moustafa Amar). These identify different works, different institutions or different artist attributes. The review compares every completed bank, including Egyptian Music; ambiguous or unsupported release credits were excluded during research. Different song credits, artist instruments, labels, collaborators and musical genres remain separate relations; no retained pair asks the same relation about the same entity."
"arabic_music_v2_015/egyptian_music_v2_042","87de8257baade0b3ad9fbde940f5e5c9333f826f0ac096eb021f5305857ffeda","distinct","Assistant inspected song:dalliedhaki:singer: Which Lebanese singer performs Dalli Edhaki? (Melhem Zein) against song:monaya:singer: Who sings Monaya? (Moustafa Amar). These identify different works, different institutions or different artist attributes. The review compares every completed bank, including Egyptian Music; ambiguous or unsupported release credits were excluded during research. Different song credits, artist instruments, labels, collaborators and musical genres remain separate relations; no retained pair asks the same relation about the same entity."
"arabic_music_v2_017/egyptian_music_v2_042","5e8b28ed0f2cbc016056fe9088f08db4abf35a7bda8a4a389aec7869587aecc1","distinct","Assistant inspected song:kalamelnas:singer: Which Syrian singer performs Kalam El Nas? (George Wassouf) against song:monaya:singer: Who sings Monaya? (Moustafa Amar). These identify different works, different institutions or different artist attributes. The review compares every completed bank, including Egyptian Music; ambiguous or unsupported release credits were excluded during research. Different song credits, artist instruments, labels, collaborators and musical genres remain separate relations; no retained pair asks the same relation about the same entity."
"arabic_music_v2_018/egyptian_music_v2_019","31d4183a423d4eb6d427ea1ac679dbaa2cc7d2680e5cf543c1866ddf7d5b897b","distinct","Assistant inspected song:saharni:singer: Which Lebanese singer released the song and album Saharni? (Najwa Karam) against song:nassay:singer: Which Egyptian female singer released the song and album Nassay? (Sherine Abdel Wahab). These identify different works, different institutions or different artist attributes. The review compares every completed bank, including Egyptian Music; ambiguous or unsupported release credits were excluded during research. Different song credits, artist instruments, labels, collaborators and musical genres remain separate relations; no retained pair asks the same relation about the same entity."
"arabic_music_v2_020/egyptian_music_v2_039","45a000c473fcdbd873ac7bb0d65b10d9db0d1c7fb32c126f8b279fb1353eb0a8","distinct","Assistant inspected song:anawaleila:singer: Which Iraqi singer performs Ana Wa Leila? (Kadim Al Sahir) against song:analawhabibak:singer: Which Egyptian singer performs Ana Law Habibak? (Mohamed Fouad). These identify different works, different institutions or different artist attributes. The review compares every completed bank, including Egyptian Music; ambiguous or unsupported release credits were excluded during research. Different song credits, artist instruments, labels, collaborators and musical genres remain separate relations; no retained pair asks the same relation about the same entity."
"arabic_music_v2_020/egyptian_music_v2_042","87e91d71d9f200b5360429a1aaec5479cac6a8f37280525a22304c448b7a72ea","distinct","Assistant inspected song:anawaleila:singer: Which Iraqi singer performs Ana Wa Leila? (Kadim Al Sahir) against song:monaya:singer: Who sings Monaya? (Moustafa Amar). These identify different works, different institutions or different artist attributes. The review compares every completed bank, including Egyptian Music; ambiguous or unsupported release credits were excluded during research. Different song credits, artist instruments, labels, collaborators and musical genres remain separate relations; no retained pair asks the same relation about the same entity."
"arabic_music_v2_027/egyptian_music_v2_046","b26530986ef576c5da7324c464bd8020ed9dc5909d7998aca566f3b7824a5452","distinct","Assistant inspected song:ayshalak:singer: Which Lebanese singer performs Ayshalak? (Elissa) against song:amarain:singer: Which singer performs Amarain? (Amr Diab). These identify different works, different institutions or different artist attributes. The review compares every completed bank, including Egyptian Music; ambiguous or unsupported release credits were excluded during research. Different song credits, artist instruments, labels, collaborators and musical genres remain separate relations; no retained pair asks the same relation about the same entity."
"arabic_music_v2_028/egyptian_music_v2_042","a884c6bc10b2c07ad9d7b042ae32bd243e133a450fc596aa9235775f71d5d392","distinct","Assistant inspected song:kelelqasayed:singer: Which Lebanese singer performs Kel El Qasayed? (Marwan Khoury) against song:monaya:singer: Who sings Monaya? (Moustafa Amar). These identify different works, different institutions or different artist attributes. The review compares every completed bank, including Egyptian Music; ambiguous or unsupported release credits were excluded during research. Different song credits, artist instruments, labels, collaborators and musical genres remain separate relations; no retained pair asks the same relation about the same entity."
"arabic_music_v2_029/egyptian_music_v2_042","b2aa7031288c52f7efddc818dad3c40159cbecd4a0b2b325d8bfad83030a27d6","distinct","Assistant inspected song:kheleseldamaa:singer: Which Lebanese singer performs Kheles El Dame'a? (Adam) against song:monaya:singer: Who sings Monaya? (Moustafa Amar). These identify different works, different institutions or different artist attributes. The review compares every completed bank, including Egyptian Music; ambiguous or unsupported release credits were excluded during research. Different song credits, artist instruments, labels, collaborators and musical genres remain separate relations; no retained pair asks the same relation about the same entity."
"arabic_music_v2_030/egyptian_music_v2_042","873ad209ec0510a51e360e509943a033b950a6e52802947a0fa81ff22e556b9a","distinct","Assistant inspected song:omrikellou:singer: Which Lebanese singer performs Omri Kellou? (Wael Kfoury) against song:monaya:singer: Who sings Monaya? (Moustafa Amar). These identify different works, different institutions or different artist attributes. The review compares every completed bank, including Egyptian Music; ambiguous or unsupported release credits were excluded during research. Different song credits, artist instruments, labels, collaborators and musical genres remain separate relations; no retained pair asks the same relation about the same entity."
"arabic_music_v2_031/egyptian_music_v2_003","ba6c5ed2cc59b594b5b77dc73e9a2057fd2c63384ffcfceeaf89dd73fb533e8f","distinct","Assistant inspected song:ellayali:singer: Which singer performs El Layali? (Nawal El Zoghbi) against song:siretelhob:singer: Which Egyptian female singer performs Siret El Hob? (Umm Kulthum). These identify different works, different institutions or different artist attributes. The review compares every completed bank, including Egyptian Music; ambiguous or unsupported release credits were excluded during research. Different song credits, artist instruments, labels, collaborators and musical genres remain separate relations; no retained pair asks the same relation about the same entity."
"arabic_music_v2_031/egyptian_music_v2_006","819a1c603c3a5cea62b4476d08b27c6d3bd70319af02e10519be9b65c8a3cf86","distinct","Assistant inspected song:ellayali:singer: Which singer performs El Layali? (Nawal El Zoghbi) against song:yamsaharni:singer: Which Egyptian female singer performs Ya Msaharni? (Umm Kulthum). These identify different works, different institutions or different artist attributes. The review compares every completed bank, including Egyptian Music; ambiguous or unsupported release credits were excluded during research. Different song credits, artist instruments, labels, collaborators and musical genres remain separate relations; no retained pair asks the same relation about the same entity."
"arabic_music_v2_031/egyptian_music_v2_014","37c04065cabf43aef030cac35f857789276c0858831bdce3f8383451eaa6aca3","distinct","Assistant inspected song:ellayali:singer: Which singer performs El Layali? (Nawal El Zoghbi) against song:sidiwesalak:singer: Which Egyptian female singer performs Sidi Wesalak? (Angham). These identify different works, different institutions or different artist attributes. The review compares every completed bank, including Egyptian Music; ambiguous or unsupported release credits were excluded during research. Different song credits, artist instruments, labels, collaborators and musical genres remain separate relations; no retained pair asks the same relation about the same entity."
"arabic_music_v2_031/egyptian_music_v2_019","b2f5d3f70ae23e636cda7ec83832a011626fc275124382b30b75ea2ddb3dbd90","distinct","Assistant inspected song:ellayali:singer: Which singer performs El Layali? (Nawal El Zoghbi) against song:nassay:singer: Which Egyptian female singer released the song and album Nassay? (Sherine Abdel Wahab). These identify different works, different institutions or different artist attributes. The review compares every completed bank, including Egyptian Music; ambiguous or unsupported release credits were excluded during research. Different song credits, artist instruments, labels, collaborators and musical genres remain separate relations; no retained pair asks the same relation about the same entity."
"arabic_music_v2_031/egyptian_music_v2_020","dcf9f40bf048fdccc74993284b12683ebce576e5d0dd00d33589bbee56ff9a0a","distinct","Assistant inspected song:ellayali:singer: Which singer performs El Layali? (Nawal El Zoghbi) against song:hobboganna:singer: Which Egyptian female singer performs Hobbo Ganna? (Sherine Abdel Wahab). These identify different works, different institutions or different artist attributes. The review compares every completed bank, including Egyptian Music; ambiguous or unsupported release credits were excluded during research. Different song credits, artist instruments, labels, collaborators and musical genres remain separate relations; no retained pair asks the same relation about the same entity."
"arabic_music_v2_031/egyptian_music_v2_021","d7815ebe54509b4bc1c7f815c7582b1abcbc9e0a39c8171a73125e3f2dde6293","distinct","Assistant inspected song:ellayali:singer: Which singer performs El Layali? (Nawal El Zoghbi) against song:watarhassas:singer: Which Egyptian female singer performs El Watar El Hassas? (Sherine Abdel Wahab). These identify different works, different institutions or different artist attributes. The review compares every completed bank, including Egyptian Music; ambiguous or unsupported release credits were excluded during research. Different song credits, artist instruments, labels, collaborators and musical genres remain separate relations; no retained pair asks the same relation about the same entity."
"arabic_music_v2_031/egyptian_music_v2_046","a30dd9738fcc45bc26299a16e1699a3c7531ca27be33d1b741d1852558da32de","distinct","Assistant inspected song:ellayali:singer: Which singer performs El Layali? (Nawal El Zoghbi) against song:amarain:singer: Which singer performs Amarain? (Amr Diab). These identify different works, different institutions or different artist attributes. The review compares every completed bank, including Egyptian Music; ambiguous or unsupported release credits were excluded during research. Different song credits, artist instruments, labels, collaborators and musical genres remain separate relations; no retained pair asks the same relation about the same entity."
"arabic_music_v2_034/egyptian_music_v2_046","0557f73fc6e2dca7c8a14bd51dd2c702e87325cea6a35277de2f1c39ad07ca69","distinct","Assistant inspected song:majbour:singer: Which singer performed Majbour for the series Al Hayba? (Nassif Zeytoun) against song:amarain:singer: Which singer performs Amarain? (Amr Diab). These identify different works, different institutions or different artist attributes. The review compares every completed bank, including Egyptian Music; ambiguous or unsupported release credits were excluded during research. Different song credits, artist instruments, labels, collaborators and musical genres remain separate relations; no retained pair asks the same relation about the same entity."
"arabic_music_v2_035/egyptian_music_v2_013","fad363c5f7c52cc55ec1d5676017d9aacbfad1f841ee4d4df77ce4e383566edc","distinct","Assistant inspected song:mabzon:singer: Which Syrian singer performs the 2019 song Ma Bzon? (Nassif Zeytoun) against song:yastar:singer: Which Egyptian singer performs the 2019 song Ya Sattar? (Mohamed Hamaki). These identify different works, different institutions or different artist attributes. The review compares every completed bank, including Egyptian Music; ambiguous or unsupported release credits were excluded during research. Different song credits, artist instruments, labels, collaborators and musical genres remain separate relations; no retained pair asks the same relation about the same entity."
"arabic_music_v2_042/egyptian_music_v2_042","55008d7984de71bbc7e05e29617ebcc9121987965e3f01c184a40bd800638e35","distinct","Assistant inspected song:didi:singer: Which Algerian singer performs Didi? (Khaled) against song:monaya:singer: Who sings Monaya? (Moustafa Amar). These identify different works, different institutions or different artist attributes. The review compares every completed bank, including Egyptian Music; ambiguous or unsupported release credits were excluded during research. Different song credits, artist instruments, labels, collaborators and musical genres remain separate relations; no retained pair asks the same relation about the same entity."
"arabic_music_v2_042/egyptian_music_v2_046","5c46562f26653a43f0985621a664c47f990cedc1a2c5840d03fb709a4a9015c7","distinct","Assistant inspected song:didi:singer: Which Algerian singer performs Didi? (Khaled) against song:amarain:singer: Which singer performs Amarain? (Amr Diab). These identify different works, different institutions or different artist attributes. The review compares every completed bank, including Egyptian Music; ambiguous or unsupported release credits were excluded during research. Different song credits, artist instruments, labels, collaborators and musical genres remain separate relations; no retained pair asks the same relation about the same entity."
"arabic_music_v2_044/egyptian_music_v2_042","533292a0cdf9ca71c5dfee591478e71a856035b55ed1c0d9a832dac45b8fc7db","distinct","Assistant inspected song:avavainouva:singer: Which Algerian singer performs A Vava Inouva? (Idir) against song:monaya:singer: Who sings Monaya? (Moustafa Amar). These identify different works, different institutions or different artist attributes. The review compares every completed bank, including Egyptian Music; ambiguous or unsupported release credits were excluded during research. Different song credits, artist instruments, labels, collaborators and musical genres remain separate relations; no retained pair asks the same relation about the same entity."
"arabic_music_v2_046/egyptian_music_v2_001","2433b565265a1ae18bc7b21f1c332c716eee782c4b0d5591f7147b87e02805e2","distinct","Assistant inspected song:aicha:singer: Which Algerian singer made the famous 1996 recording of Aicha? (Khaled) against song:entaomri:singer: Which Egyptian female singer made the famous recording of Enta Omri? (Umm Kulthum). These identify different works, different institutions or different artist attributes. The review compares every completed bank, including Egyptian Music; ambiguous or unsupported release credits were excluded during research. Different song credits, artist instruments, labels, collaborators and musical genres remain separate relations; no retained pair asks the same relation about the same entity."
"arabic_music_v2_047/egyptian_music_v2_003","f56bc0231c812e965402755370c6cea188f9c2971df6a4951debbe3a0bd86497","distinct","Assistant inspected song:hafla:singer: Which female singer performs Hafla? (Nawal El Zoghbi) against song:siretelhob:singer: Which Egyptian female singer performs Siret El Hob? (Umm Kulthum). These identify different works, different institutions or different artist attributes. The review compares every completed bank, including Egyptian Music; ambiguous or unsupported release credits were excluded during research. Different song credits, artist instruments, labels, collaborators and musical genres remain separate relations; no retained pair asks the same relation about the same entity."
"arabic_music_v2_047/egyptian_music_v2_006","0c809bef9fea8a928d3d67926159540f5fb81aecc0d2222856664b1a3a681588","distinct","Assistant inspected song:hafla:singer: Which female singer performs Hafla? (Nawal El Zoghbi) against song:yamsaharni:singer: Which Egyptian female singer performs Ya Msaharni? (Umm Kulthum). These identify different works, different institutions or different artist attributes. The review compares every completed bank, including Egyptian Music; ambiguous or unsupported release credits were excluded during research. Different song credits, artist instruments, labels, collaborators and musical genres remain separate relations; no retained pair asks the same relation about the same entity."
"arabic_music_v2_047/egyptian_music_v2_014","5c94a1658e0d00c8f14173917c18311fc21b80c4fddd3273a27fed3d470e94ae","distinct","Assistant inspected song:hafla:singer: Which female singer performs Hafla? (Nawal El Zoghbi) against song:sidiwesalak:singer: Which Egyptian female singer performs Sidi Wesalak? (Angham). These identify different works, different institutions or different artist attributes. The review compares every completed bank, including Egyptian Music; ambiguous or unsupported release credits were excluded during research. Different song credits, artist instruments, labels, collaborators and musical genres remain separate relations; no retained pair asks the same relation about the same entity."
"arabic_music_v2_047/egyptian_music_v2_019","6cca719b34820ddc55f4159df9d5c03f836085416c5bc627a80cd269100ed2a7","distinct","Assistant inspected song:hafla:singer: Which female singer performs Hafla? (Nawal El Zoghbi) against song:nassay:singer: Which Egyptian female singer released the song and album Nassay? (Sherine Abdel Wahab). These identify different works, different institutions or different artist attributes. The review compares every completed bank, including Egyptian Music; ambiguous or unsupported release credits were excluded during research. Different song credits, artist instruments, labels, collaborators and musical genres remain separate relations; no retained pair asks the same relation about the same entity."
"arabic_music_v2_047/egyptian_music_v2_020","a2af92475ae35894c8b3c3daebf416db4138528f9891836f836576170f3b24a9","distinct","Assistant inspected song:hafla:singer: Which female singer performs Hafla? (Nawal El Zoghbi) against song:hobboganna:singer: Which Egyptian female singer performs Hobbo Ganna? (Sherine Abdel Wahab). These identify different works, different institutions or different artist attributes. The review compares every completed bank, including Egyptian Music; ambiguous or unsupported release credits were excluded during research. Different song credits, artist instruments, labels, collaborators and musical genres remain separate relations; no retained pair asks the same relation about the same entity."
"arabic_music_v2_047/egyptian_music_v2_021","98275f6b1c9ec25cc3b72bdc6eccdd79952243b79a2bfd7b063911ed3d7f514a","distinct","Assistant inspected song:hafla:singer: Which female singer performs Hafla? (Nawal El Zoghbi) against song:watarhassas:singer: Which Egyptian female singer performs El Watar El Hassas? (Sherine Abdel Wahab). These identify different works, different institutions or different artist attributes. The review compares every completed bank, including Egyptian Music; ambiguous or unsupported release credits were excluded during research. Different song credits, artist instruments, labels, collaborators and musical genres remain separate relations; no retained pair asks the same relation about the same entity."
"arabic_music_v2_047/egyptian_music_v2_046","cf265ed21e53cf607872e8789551567d817f63afb9e398145419adc9f6938b35","distinct","Assistant inspected song:hafla:singer: Which female singer performs Hafla? (Nawal El Zoghbi) against song:amarain:singer: Which singer performs Amarain? (Amr Diab). These identify different works, different institutions or different artist attributes. The review compares every completed bank, including Egyptian Music; ambiguous or unsupported release credits were excluded during research. Different song credits, artist instruments, labels, collaborators and musical genres remain separate relations; no retained pair asks the same relation about the same entity."
"arabic_music_v2_049/egyptian_music_v2_045","3d0a3657d2b9b44cd964e74deb963e4199d8c77a746d8ce52d9ce0dc1b451230","distinct","Assistant inspected song:estimara:singer: Who performs Estimara 6? (Ragheb Alama) against song:wemalo:singer: Who sings We Malo? (Amr Diab). These identify different works, different institutions or different artist attributes. The review compares every completed bank, including Egyptian Music; ambiguous or unsupported release credits were excluded during research. Different song credits, artist instruments, labels, collaborators and musical genres remain separate relations; no retained pair asks the same relation about the same entity."
"arabic_music_v2_053/egyptian_music_v2_040","d4ffe4c82be912d0edaea40c0a9e2675f4483cb12c2baae2a41a414d80edd370","distinct","Assistant inspected song:kon:singer: Who performs Kon? (Joseph Attieh) against song:fadyshewaya:singer: Who sings Fady Shewaya? (Hamza Namira). These identify different works, different institutions or different artist attributes. The review compares every completed bank, including Egyptian Music; ambiguous or unsupported release credits were excluded during research. Different song credits, artist instruments, labels, collaborators and musical genres remain separate relations; no retained pair asks the same relation about the same entity."
"arabic_music_v2_053/egyptian_music_v2_042","dc0e986e48e45151eafa0510c2144f0f241b4d4a7906ba600e87e179484fb514","distinct","Assistant inspected song:kon:singer: Who performs Kon? (Joseph Attieh) against song:monaya:singer: Who sings Monaya? (Moustafa Amar). These identify different works, different institutions or different artist attributes. The review compares every completed bank, including Egyptian Music; ambiguous or unsupported release credits were excluded during research. Different song credits, artist instruments, labels, collaborators and musical genres remain separate relations; no retained pair asks the same relation about the same entity."
"arabic_music_v2_053/egyptian_music_v2_045","ac83ede3ab89253bf86e208230f081c8e0a6e2e8b246426a64e920669805b818","distinct","Assistant inspected song:kon:singer: Who performs Kon? (Joseph Attieh) against song:wemalo:singer: Who sings We Malo? (Amr Diab). These identify different works, different institutions or different artist attributes. The review compares every completed bank, including Egyptian Music; ambiguous or unsupported release credits were excluded during research. Different song credits, artist instruments, labels, collaborators and musical genres remain separate relations; no retained pair asks the same relation about the same entity."
"arabic_music_v2_054/egyptian_music_v2_040","4e2f8428dce7c6ef1ea9f8d1266cc065865639842892479d028586fa60b13de8","distinct","Assistant inspected song:baghdada:singer: Who performs Al Baghdada? (Joseph Attieh) against song:fadyshewaya:singer: Who sings Fady Shewaya? (Hamza Namira). These identify different works, different institutions or different artist attributes. The review compares every completed bank, including Egyptian Music; ambiguous or unsupported release credits were excluded during research. Different song credits, artist instruments, labels, collaborators and musical genres remain separate relations; no retained pair asks the same relation about the same entity."
"arabic_music_v2_054/egyptian_music_v2_042","2441bc0dc6367c55b173c0d11992921a52565c26c008f684878ac36169fc13d0","distinct","Assistant inspected song:baghdada:singer: Who performs Al Baghdada? (Joseph Attieh) against song:monaya:singer: Who sings Monaya? (Moustafa Amar). These identify different works, different institutions or different artist attributes. The review compares every completed bank, including Egyptian Music; ambiguous or unsupported release credits were excluded during research. Different song credits, artist instruments, labels, collaborators and musical genres remain separate relations; no retained pair asks the same relation about the same entity."
"arabic_music_v2_054/egyptian_music_v2_045","6857e62002308ff12aa3052f4427708903d19f400bec768fcaeeb512524a2061","distinct","Assistant inspected song:baghdada:singer: Who performs Al Baghdada? (Joseph Attieh) against song:wemalo:singer: Who sings We Malo? (Amr Diab). These identify different works, different institutions or different artist attributes. The review compares every completed bank, including Egyptian Music; ambiguous or unsupported release credits were excluded during research. Different song credits, artist instruments, labels, collaborators and musical genres remain separate relations; no retained pair asks the same relation about the same entity."
"arabic_music_v2_055/egyptian_music_v2_003","7d25a81e0f0845b4317e29f5764b898f789d9c95cf68424bb5898b9df072e8dc","distinct","Assistant inspected song:motallaqa:singer: Which female singer performs El Motallaqa? (Carole Samaha) against song:siretelhob:singer: Which Egyptian female singer performs Siret El Hob? (Umm Kulthum). These identify different works, different institutions or different artist attributes. The review compares every completed bank, including Egyptian Music; ambiguous or unsupported release credits were excluded during research. Different song credits, artist instruments, labels, collaborators and musical genres remain separate relations; no retained pair asks the same relation about the same entity."
"arabic_music_v2_055/egyptian_music_v2_006","3fe6172f3b9f5e6d68408866cf44e76e7ccc439e2ede4dbecd10419045995744","distinct","Assistant inspected song:motallaqa:singer: Which female singer performs El Motallaqa? (Carole Samaha) against song:yamsaharni:singer: Which Egyptian female singer performs Ya Msaharni? (Umm Kulthum). These identify different works, different institutions or different artist attributes. The review compares every completed bank, including Egyptian Music; ambiguous or unsupported release credits were excluded during research. Different song credits, artist instruments, labels, collaborators and musical genres remain separate relations; no retained pair asks the same relation about the same entity."
"arabic_music_v2_055/egyptian_music_v2_014","0e3ad1adc4d683b78e4d6a1b50d012f857a6af0c88e0245aa2abd7317dd1026c","distinct","Assistant inspected song:motallaqa:singer: Which female singer performs El Motallaqa? (Carole Samaha) against song:sidiwesalak:singer: Which Egyptian female singer performs Sidi Wesalak? (Angham). These identify different works, different institutions or different artist attributes. The review compares every completed bank, including Egyptian Music; ambiguous or unsupported release credits were excluded during research. Different song credits, artist instruments, labels, collaborators and musical genres remain separate relations; no retained pair asks the same relation about the same entity."
"arabic_music_v2_055/egyptian_music_v2_019","efdb5970e16b6bfe1bc90d0a2c62c1c75a96b9f9806b57f0517fe0c612419217","distinct","Assistant inspected song:motallaqa:singer: Which female singer performs El Motallaqa? (Carole Samaha) against song:nassay:singer: Which Egyptian female singer released the song and album Nassay? (Sherine Abdel Wahab). These identify different works, different institutions or different artist attributes. The review compares every completed bank, including Egyptian Music; ambiguous or unsupported release credits were excluded during research. Different song credits, artist instruments, labels, collaborators and musical genres remain separate relations; no retained pair asks the same relation about the same entity."
"arabic_music_v2_055/egyptian_music_v2_020","a8f8e61df5ba2f68dd9f617dddb922ba981d3023b6f201397577688babdc2cb3","distinct","Assistant inspected song:motallaqa:singer: Which female singer performs El Motallaqa? (Carole Samaha) against song:hobboganna:singer: Which Egyptian female singer performs Hobbo Ganna? (Sherine Abdel Wahab). These identify different works, different institutions or different artist attributes. The review compares every completed bank, including Egyptian Music; ambiguous or unsupported release credits were excluded during research. Different song credits, artist instruments, labels, collaborators and musical genres remain separate relations; no retained pair asks the same relation about the same entity."
"arabic_music_v2_055/egyptian_music_v2_021","a209c950e69d77b6642978ce3bddc6b75886ec30371e4b879a8eb6f8d30ce9b0","distinct","Assistant inspected song:motallaqa:singer: Which female singer performs El Motallaqa? (Carole Samaha) against song:watarhassas:singer: Which Egyptian female singer performs El Watar El Hassas? (Sherine Abdel Wahab). These identify different works, different institutions or different artist attributes. The review compares every completed bank, including Egyptian Music; ambiguous or unsupported release credits were excluded during research. Different song credits, artist instruments, labels, collaborators and musical genres remain separate relations; no retained pair asks the same relation about the same entity."
"arabic_music_v2_058/egyptian_music_v2_003","c069e1dc24cfa9be9df7a0891bba4b957d7df9a142fd547efa875ff7aff3f16d","distinct","Assistant inspected song:saken:singer: Which singer performs Saken? (Diana Haddad) against song:siretelhob:singer: Which Egyptian female singer performs Siret El Hob? (Umm Kulthum). These identify different works, different institutions or different artist attributes. The review compares every completed bank, including Egyptian Music; ambiguous or unsupported release credits were excluded during research. Different song credits, artist instruments, labels, collaborators and musical genres remain separate relations; no retained pair asks the same relation about the same entity."
"arabic_music_v2_058/egyptian_music_v2_006","b7e1ec600e120a6a4315a2d3581aafc4a1b6b4653352b085f7a5172714f0072f","distinct","Assistant inspected song:saken:singer: Which singer performs Saken? (Diana Haddad) against song:yamsaharni:singer: Which Egyptian female singer performs Ya Msaharni? (Umm Kulthum). These identify different works, different institutions or different artist attributes. The review compares every completed bank, including Egyptian Music; ambiguous or unsupported release credits were excluded during research. Different song credits, artist instruments, labels, collaborators and musical genres remain separate relations; no retained pair asks the same relation about the same entity."
"arabic_music_v2_058/egyptian_music_v2_014","d4e1b6ee3b532ed0e10f24d0cea85652db3de4ec62848155b77ccd3c8f87ae46","distinct","Assistant inspected song:saken:singer: Which singer performs Saken? (Diana Haddad) against song:sidiwesalak:singer: Which Egyptian female singer performs Sidi Wesalak? (Angham). These identify different works, different institutions or different artist attributes. The review compares every completed bank, including Egyptian Music; ambiguous or unsupported release credits were excluded during research. Different song credits, artist instruments, labels, collaborators and musical genres remain separate relations; no retained pair asks the same relation about the same entity."
"arabic_music_v2_058/egyptian_music_v2_019","7b55418b8cc1a4fd122bb2802f173ec07d7c407f865bf18a5ea25f7f2d505294","distinct","Assistant inspected song:saken:singer: Which singer performs Saken? (Diana Haddad) against song:nassay:singer: Which Egyptian female singer released the song and album Nassay? (Sherine Abdel Wahab). These identify different works, different institutions or different artist attributes. The review compares every completed bank, including Egyptian Music; ambiguous or unsupported release credits were excluded during research. Different song credits, artist instruments, labels, collaborators and musical genres remain separate relations; no retained pair asks the same relation about the same entity."
"arabic_music_v2_058/egyptian_music_v2_020","8f6615e5b12ec0357cd24a9d5a4e3b7e5b5df46fd8189ea772925b8aaeec7219","distinct","Assistant inspected song:saken:singer: Which singer performs Saken? (Diana Haddad) against song:hobboganna:singer: Which Egyptian female singer performs Hobbo Ganna? (Sherine Abdel Wahab). These identify different works, different institutions or different artist attributes. The review compares every completed bank, including Egyptian Music; ambiguous or unsupported release credits were excluded during research. Different song credits, artist instruments, labels, collaborators and musical genres remain separate relations; no retained pair asks the same relation about the same entity."
"arabic_music_v2_058/egyptian_music_v2_021","7e1c0632ecb61d517793ae6a925366b765f31ba77551d5a55666840303196f6c","distinct","Assistant inspected song:saken:singer: Which singer performs Saken? (Diana Haddad) against song:watarhassas:singer: Which Egyptian female singer performs El Watar El Hassas? (Sherine Abdel Wahab). These identify different works, different institutions or different artist attributes. The review compares every completed bank, including Egyptian Music; ambiguous or unsupported release credits were excluded during research. Different song credits, artist instruments, labels, collaborators and musical genres remain separate relations; no retained pair asks the same relation about the same entity."
"arabic_music_v2_058/egyptian_music_v2_046","dc2434083388ce80b194aadce2d3e30c6ac6e55234c61403c4f8dac2a86edffb","distinct","Assistant inspected song:saken:singer: Which singer performs Saken? (Diana Haddad) against song:amarain:singer: Which singer performs Amarain? (Amr Diab). These identify different works, different institutions or different artist attributes. The review compares every completed bank, including Egyptian Music; ambiguous or unsupported release credits were excluded during research. Different song credits, artist instruments, labels, collaborators and musical genres remain separate relations; no retained pair asks the same relation about the same entity."
"arabic_music_v2_060/egyptian_music_v2_063","40fb0e46928744770996003f2215f63024cf20c52bf44e64324497001ad86cfd","distinct","Assistant inspected song:yaleilyalein:singer: Which Syrian singer performs Ya Leil W Yal Ein? (Al Shami) against song:ahyaeinyyaleil:singer: Which Egyptian singer performs Ah Ya Einy Ya Leil? (Louay). These identify different works, different institutions or different artist attributes. The review compares every completed bank, including Egyptian Music; ambiguous or unsupported release credits were excluded during research. Different song credits, artist instruments, labels, collaborators and musical genres remain separate relations; no retained pair asks the same relation about the same entity."
"arabic_music_v2_061/egyptian_music_v2_007","98b82e0494224d4111a2a49420c98664a6e7aaf2195464b66a9098ce1bd1fc62","distinct","Assistant inspected song:aashanak:singer: Which singer performs Aashanak? (Siilawy) against song:tamallymaak:singer: Which Egyptian singer performs Tamally Maak? (Amr Diab). These identify different works, different institutions or different artist attributes. The review compares every completed bank, including Egyptian Music; ambiguous or unsupported release credits were excluded during research. Different song credits, artist instruments, labels, collaborators and musical genres remain separate relations; no retained pair asks the same relation about the same entity."
"arabic_music_v2_061/egyptian_music_v2_018","6a483f01197aba3ab170ae2d33f990e44bcdbdcf0320e843e267879d6fa4327a","distinct","Assistant inspected song:aashanak:singer: Which singer performs Aashanak? (Siilawy) against song:ymkenkher:singer: Which Egyptian singer performs Ymken Kher? (Ramy Sabry). These identify different works, different institutions or different artist attributes. The review compares every completed bank, including Egyptian Music; ambiguous or unsupported release credits were excluded during research. Different song credits, artist instruments, labels, collaborators and musical genres remain separate relations; no retained pair asks the same relation about the same entity."
"arabic_music_v2_061/egyptian_music_v2_023","5ee5965ca037879206677c69198b996efaf31f11f231bef134594c59b90959b1","distinct","Assistant inspected song:aashanak:singer: Which singer performs Aashanak? (Siilawy) against song:oloosamah:singer: Which Egyptian singer performs Oloolo Samah? (Tamer Ashour). These identify different works, different institutions or different artist attributes. The review compares every completed bank, including Egyptian Music; ambiguous or unsupported release credits were excluded during research. Different song credits, artist instruments, labels, collaborators and musical genres remain separate relations; no retained pair asks the same relation about the same entity."
"arabic_music_v2_061/egyptian_music_v2_042","65ac7e66e5edced5317ee7556dbcb574b23952a7af2ed4822b296cc366139c85","distinct","Assistant inspected song:aashanak:singer: Which singer performs Aashanak? (Siilawy) against song:monaya:singer: Who sings Monaya? (Moustafa Amar). These identify different works, different institutions or different artist attributes. The review compares every completed bank, including Egyptian Music; ambiguous or unsupported release credits were excluded during research. Different song credits, artist instruments, labels, collaborators and musical genres remain separate relations; no retained pair asks the same relation about the same entity."
"arabic_music_v2_061/egyptian_music_v2_045","fa06bf83005efa624af8a3a61bbf5da91d2a6993209d5f22e9a6780cc9826a86","distinct","Assistant inspected song:aashanak:singer: Which singer performs Aashanak? (Siilawy) against song:wemalo:singer: Who sings We Malo? (Amr Diab). These identify different works, different institutions or different artist attributes. The review compares every completed bank, including Egyptian Music; ambiguous or unsupported release credits were excluded during research. Different song credits, artist instruments, labels, collaborators and musical genres remain separate relations; no retained pair asks the same relation about the same entity."
"arabic_music_v2_061/egyptian_music_v2_046","a0973b378176b397f6e6d0ad3c939c9abef67792a764c35ee55322d2cbe18fcd","distinct","Assistant inspected song:aashanak:singer: Which singer performs Aashanak? (Siilawy) against song:amarain:singer: Which singer performs Amarain? (Amr Diab). These identify different works, different institutions or different artist attributes. The review compares every completed bank, including Egyptian Music; ambiguous or unsupported release credits were excluded during research. Different song credits, artist instruments, labels, collaborators and musical genres remain separate relations; no retained pair asks the same relation about the same entity."
"arabic_music_v2_061/egyptian_music_v2_047","0f7077c076c1b7eaff7a7265c1b7df5103331fcbf0aa2ef7910f7e3be2206ebc","distinct","Assistant inspected song:aashanak:singer: Which singer performs Aashanak? (Siilawy) against song:tetragafeya:singer: Which Egyptian singer performs Tetraga Feya? (Ehab Tawfik). These identify different works, different institutions or different artist attributes. The review compares every completed bank, including Egyptian Music; ambiguous or unsupported release credits were excluded during research. Different song credits, artist instruments, labels, collaborators and musical genres remain separate relations; no retained pair asks the same relation about the same entity."
"arabic_music_v2_138/egyptian_music_v2_153","dbe390b42978450af3d45ae2288d3caf71b39927d40f0f89b2134028e529fb90","distinct","Assistant inspected song:intaeih:lyricist: Who wrote the lyrics of Nancy Ajram's Inta Eih? (Mostafa Morsi) against song:nassay:lyricist: Who wrote the lyrics of Sherine's Nassay? (Tamer Hussein). These identify different works, different institutions or different artist attributes. The review compares every completed bank, including Egyptian Music; ambiguous or unsupported release credits were excluded during research. Different song credits, artist instruments, labels, collaborators and musical genres remain separate relations; no retained pair asks the same relation about the same entity."
"arabic_music_v2_138/egyptian_music_v2_156","b7e629db1da786703540f6432b90f98c1b509969ce9394320ce5daa80f358905","distinct","Assistant inspected song:intaeih:lyricist: Who wrote the lyrics of Nancy Ajram's Inta Eih? (Mostafa Morsi) against song:kadabeen:lyricist: Who wrote the lyrics of Sherine's Kadabeen? (Ayman Bahgat Amar). These identify different works, different institutions or different artist attributes. The review compares every completed bank, including Egyptian Music; ambiguous or unsupported release credits were excluded during research. Different song credits, artist instruments, labels, collaborators and musical genres remain separate relations; no retained pair asks the same relation about the same entity."
"arabic_music_v2_140/egyptian_music_v2_155","b56f6069e8ce98a155aac38483f0890442782bb4d59b6cc3ebbc1c063825ace8","distinct","Assistant inspected song:nasinieldonya:lyricist: Who wrote the lyrics of Ragheb Alama's Nasini El Donya? (Assem Hussein) against song:watarhassas:lyricist: Who wrote the lyrics of Sherine's El Watar El Hassas? (Saud Al Sharbatly). These identify different works, different institutions or different artist attributes. The review compares every completed bank, including Egyptian Music; ambiguous or unsupported release credits were excluded during research. Different song credits, artist instruments, labels, collaborators and musical genres remain separate relations; no retained pair asks the same relation about the same entity."
"arabic_music_v2_149/egyptian_music_v2_153","a28399cf7339cc5cf1b4da1af1667536c371e8027fa13322bd643dfe08f12fda","distinct","Assistant inspected song:waedmenni:lyricist: Who wrote the lyrics of Rahma Riad's Waed Menni? (Ramy Al Abody) against song:nassay:lyricist: Who wrote the lyrics of Sherine's Nassay? (Tamer Hussein). These identify different works, different institutions or different artist attributes. The review compares every completed bank, including Egyptian Music; ambiguous or unsupported release credits were excluded during research. Different song credits, artist instruments, labels, collaborators and musical genres remain separate relations; no retained pair asks the same relation about the same entity."
"arabic_music_v2_149/egyptian_music_v2_156","b66e9f2cadd580f112a56e336f33a2adb671f8f9fa4c0598c032a1718d6ab63a","distinct","Assistant inspected song:waedmenni:lyricist: Who wrote the lyrics of Rahma Riad's Waed Menni? (Ramy Al Abody) against song:kadabeen:lyricist: Who wrote the lyrics of Sherine's Kadabeen? (Ayman Bahgat Amar). These identify different works, different institutions or different artist attributes. The review compares every completed bank, including Egyptian Music; ambiguous or unsupported release credits were excluded during research. Different song credits, artist instruments, labels, collaborators and musical genres remain separate relations; no retained pair asks the same relation about the same entity."
"arabic_music_v2_152/egyptian_music_v2_153","44dc809cd30e2c3dcd6085c56af662639b36bfd4611f9a208fee8cfab700d3f0","distinct","Assistant inspected song:dalliedhaki:lyricist: Who wrote the lyrics of Melhem Zein's Dalli Edhaki? (Fadi Morjan) against song:nassay:lyricist: Who wrote the lyrics of Sherine's Nassay? (Tamer Hussein). These identify different works, different institutions or different artist attributes. The review compares every completed bank, including Egyptian Music; ambiguous or unsupported release credits were excluded during research. Different song credits, artist instruments, labels, collaborators and musical genres remain separate relations; no retained pair asks the same relation about the same entity."
"arabic_music_v2_152/egyptian_music_v2_156","413a1356cd1430b64a2a61318adab6129d2a1386e205923a3934f7f79a2d4d6a","distinct","Assistant inspected song:dalliedhaki:lyricist: Who wrote the lyrics of Melhem Zein's Dalli Edhaki? (Fadi Morjan) against song:kadabeen:lyricist: Who wrote the lyrics of Sherine's Kadabeen? (Ayman Bahgat Amar). These identify different works, different institutions or different artist attributes. The review compares every completed bank, including Egyptian Music; ambiguous or unsupported release credits were excluded during research. Different song credits, artist instruments, labels, collaborators and musical genres remain separate relations; no retained pair asks the same relation about the same entity."
"arabic_music_v2_153/egyptian_music_v2_153","671cdebab97ff13492e4c5e2a66c2280d3825e6c8f43eee73a89257a69f72f78","distinct","Assistant inspected song:madareet:lyricist: Who wrote the lyrics of Saif Nabeel's Ma Dareet? (Saif Al Fares) against song:nassay:lyricist: Who wrote the lyrics of Sherine's Nassay? (Tamer Hussein). These identify different works, different institutions or different artist attributes. The review compares every completed bank, including Egyptian Music; ambiguous or unsupported release credits were excluded during research. Different song credits, artist instruments, labels, collaborators and musical genres remain separate relations; no retained pair asks the same relation about the same entity."
"arabic_music_v2_153/egyptian_music_v2_156","16c78ef18c00c035e57e404beb694e512b88d9f8e69ad60573342632cbb136af","distinct","Assistant inspected song:madareet:lyricist: Who wrote the lyrics of Saif Nabeel's Ma Dareet? (Saif Al Fares) against song:kadabeen:lyricist: Who wrote the lyrics of Sherine's Kadabeen? (Ayman Bahgat Amar). These identify different works, different institutions or different artist attributes. The review compares every completed bank, including Egyptian Music; ambiguous or unsupported release credits were excluded during research. Different song credits, artist instruments, labels, collaborators and musical genres remain separate relations; no retained pair asks the same relation about the same entity."
"arabic_music_v2_154/egyptian_music_v2_155","1c367e82ba5440a274925cf3451a6fcc0b221e1ded78e55346d0c16fce1e07af","distinct","Assistant inspected song:kalamelnas:lyricist: Who wrote the lyrics of George Wassouf's Kalam El Nas? (Ahmed Sheta) against song:watarhassas:lyricist: Who wrote the lyrics of Sherine's El Watar El Hassas? (Saud Al Sharbatly). These identify different works, different institutions or different artist attributes. The review compares every completed bank, including Egyptian Music; ambiguous or unsupported release credits were excluded during research. Different song credits, artist instruments, labels, collaborators and musical genres remain separate relations; no retained pair asks the same relation about the same entity."
"arabic_music_v2_161/egyptian_music_v2_085","535e1e18e4193401ceda7698c9d38dbf003666af1c63125e86d86ac66eb13cd0","distinct","Assistant inspected song:ayshalak:lyricist: Who wrote the lyrics of Elissa's Ayshalak? (Mohammed Rifai) against song:noqtabeida:lyricist: Who wrote the lyrics of Cairokee's Noqta Beida? (Amir Eid). These identify different works, different institutions or different artist attributes. The review compares every completed bank, including Egyptian Music; ambiguous or unsupported release credits were excluded during research. Different song credits, artist instruments, labels, collaborators and musical genres remain separate relations; no retained pair asks the same relation about the same entity."
"arabic_music_v2_161/egyptian_music_v2_137","1d352275d4c7b768809f169ab4a931e3139f57c9415d7f95e54c48c7e3ef7692","distinct","Assistant inspected song:ayshalak:lyricist: Who wrote the lyrics of Elissa's Ayshalak? (Mohammed Rifai) against song:entaomri:lyricist: Who wrote the lyrics of Umm Kulthum's Enta Omri? (Ahmed Shafiq Kamel). These identify different works, different institutions or different artist attributes. The review compares every completed bank, including Egyptian Music; ambiguous or unsupported release credits were excluded during research. Different song credits, artist instruments, labels, collaborators and musical genres remain separate relations; no retained pair asks the same relation about the same entity."
"arabic_music_v2_161/egyptian_music_v2_141","d72153113af8c562d77b11831abe122000a9d456285dd2001b70e7188dc37943","distinct","Assistant inspected song:ayshalak:lyricist: Who wrote the lyrics of Elissa's Ayshalak? (Mohammed Rifai) against song:yamsaharni:lyricist: Who wrote the lyrics of Umm Kulthum's Ya Msaharni? (Ahmed Rami). These identify different works, different institutions or different artist attributes. The review compares every completed bank, including Egyptian Music; ambiguous or unsupported release credits were excluded during research. Different song credits, artist instruments, labels, collaborators and musical genres remain separate relations; no retained pair asks the same relation about the same entity."
"arabic_music_v2_161/egyptian_music_v2_142","d8947de18b1184ba4066a6a4d4ca224a4bf5833a04eb034695678f45fa85fac6","distinct","Assistant inspected song:ayshalak:lyricist: Who wrote the lyrics of Elissa's Ayshalak? (Mohammed Rifai) against song:tamallymaak:lyricist: Who wrote the lyrics of Amr Diab's Tamally Maak? (Ahmed Ali Moussa). These identify different works, different institutions or different artist attributes. The review compares every completed bank, including Egyptian Music; ambiguous or unsupported release credits were excluded during research. Different song credits, artist instruments, labels, collaborators and musical genres remain separate relations; no retained pair asks the same relation about the same entity."
"arabic_music_v2_161/egyptian_music_v2_143","8875643d43b883d855233b7607dea898dace097859650d45b857c500853da673","distinct","Assistant inspected song:ayshalak:lyricist: Who wrote the lyrics of Elissa's Ayshalak? (Mohammed Rifai) against song:mashaer:lyricist: Who wrote the lyrics of Sherine Abdel Wahab's Mashaer? (Ahmed Marzouk). These identify different works, different institutions or different artist attributes. The review compares every completed bank, including Egyptian Music; ambiguous or unsupported release credits were excluded during research. Different song credits, artist instruments, labels, collaborators and musical genres remain separate relations; no retained pair asks the same relation about the same entity."
"arabic_music_v2_161/egyptian_music_v2_144","7f03b61102f9a6150196a9ae6baced7e3fb2972496f6b129ce2fe7d7a56088d5","distinct","Assistant inspected song:ayshalak:lyricist: Who wrote the lyrics of Elissa's Ayshalak? (Mohammed Rifai) against song:eishbeshoak:lyricist: Who wrote the lyrics of Tamer Hosny's Eish Beshoak? (Mostafa Hassan). These identify different works, different institutions or different artist attributes. The review compares every completed bank, including Egyptian Music; ambiguous or unsupported release credits were excluded during research. Different song credits, artist instruments, labels, collaborators and musical genres remain separate relations; no retained pair asks the same relation about the same entity."
"arabic_music_v2_161/egyptian_music_v2_147","75f7651084f50a4feceb8bcc9834e6a2d0c1daf559c31a8d6197a0be8ff73cb1","distinct","Assistant inspected song:ayshalak:lyricist: Who wrote the lyrics of Elissa's Ayshalak? (Mohammed Rifai) against song:yastar:lyricist: Who wrote the lyrics of Hamaki's Ya Sattar? (Ayman Bahgat Amar). These identify different works, different institutions or different artist attributes. The review compares every completed bank, including Egyptian Music; ambiguous or unsupported release credits were excluded during research. Different song credits, artist instruments, labels, collaborators and musical genres remain separate relations; no retained pair asks the same relation about the same entity."
"arabic_music_v2_161/egyptian_music_v2_148","79d7ec28f79c4fa73773b8bbb28285ab0919c50b5d52f61f1b00dda5a6ed17da","distinct","Assistant inspected song:ayshalak:lyricist: Who wrote the lyrics of Elissa's Ayshalak? (Mohammed Rifai) against song:sidiwesalak:lyricist: Who wrote the lyrics of Angham's Sidi Wesalak? (Ezzat El Gendi). These identify different works, different institutions or different artist attributes. The review compares every completed bank, including Egyptian Music; ambiguous or unsupported release credits were excluded during research. Different song credits, artist instruments, labels, collaborators and musical genres remain separate relations; no retained pair asks the same relation about the same entity."
"arabic_music_v2_161/egyptian_music_v2_151","a3c6c55c24c972f584c49a9411a94d9fcba91b59a6e31c3d59b1e27905a2a073","distinct","Assistant inspected song:ayshalak:lyricist: Who wrote the lyrics of Elissa's Ayshalak? (Mohammed Rifai) against song:halakhasagedan:lyricist: Who wrote the lyrics of Angham's Hala Khasa Gedan? (Amir Teima). These identify different works, different institutions or different artist attributes. The review compares every completed bank, including Egyptian Music; ambiguous or unsupported release credits were excluded during research. Different song credits, artist instruments, labels, collaborators and musical genres remain separate relations; no retained pair asks the same relation about the same entity."
"arabic_music_v2_161/egyptian_music_v2_152","3833d9845f0c07e6308eb4a74c1f9016450df3022924895415c332335b285bdb","distinct","Assistant inspected song:ayshalak:lyricist: Who wrote the lyrics of Elissa's Ayshalak? (Mohammed Rifai) against song:ymkenkher:lyricist: Who wrote the lyrics of Ramy Sabry's Ymken Kher? (Ahmed Ali Moussa). These identify different works, different institutions or different artist attributes. The review compares every completed bank, including Egyptian Music; ambiguous or unsupported release credits were excluded during research. Different song credits, artist instruments, labels, collaborators and musical genres remain separate relations; no retained pair asks the same relation about the same entity."
"arabic_music_v2_161/egyptian_music_v2_153","8135e1e3863b671af6619da241622702272731c04990cb3420d338d4f556ca34","distinct","Assistant inspected song:ayshalak:lyricist: Who wrote the lyrics of Elissa's Ayshalak? (Mohammed Rifai) against song:nassay:lyricist: Who wrote the lyrics of Sherine's Nassay? (Tamer Hussein). These identify different works, different institutions or different artist attributes. The review compares every completed bank, including Egyptian Music; ambiguous or unsupported release credits were excluded during research. Different song credits, artist instruments, labels, collaborators and musical genres remain separate relations; no retained pair asks the same relation about the same entity."
"arabic_music_v2_161/egyptian_music_v2_154","f4357e45365986bf8f183b968f5eb7e554c5a8d306d81d29a7be60e486cf94b7","distinct","Assistant inspected song:ayshalak:lyricist: Who wrote the lyrics of Elissa's Ayshalak? (Mohammed Rifai) against song:hobboganna:lyricist: Who wrote the lyrics of Sherine's Hobbo Ganna? (Mohamed Atef). These identify different works, different institutions or different artist attributes. The review compares every completed bank, including Egyptian Music; ambiguous or unsupported release credits were excluded during research. Different song credits, artist instruments, labels, collaborators and musical genres remain separate relations; no retained pair asks the same relation about the same entity."
"arabic_music_v2_161/egyptian_music_v2_155","bd9d8d0e0192671fd24eda383700a57191e93fd5fec3c26099f13f9504e16b0d","distinct","Assistant inspected song:ayshalak:lyricist: Who wrote the lyrics of Elissa's Ayshalak? (Mohammed Rifai) against song:watarhassas:lyricist: Who wrote the lyrics of Sherine's El Watar El Hassas? (Saud Al Sharbatly). These identify different works, different institutions or different artist attributes. The review compares every completed bank, including Egyptian Music; ambiguous or unsupported release credits were excluded during research. Different song credits, artist instruments, labels, collaborators and musical genres remain separate relations; no retained pair asks the same relation about the same entity."
"arabic_music_v2_161/egyptian_music_v2_156","fdd7004930a1901e6ef41ef91bf7a9a698ab1876b89981a937c600bd5287cf52","distinct","Assistant inspected song:ayshalak:lyricist: Who wrote the lyrics of Elissa's Ayshalak? (Mohammed Rifai) against song:kadabeen:lyricist: Who wrote the lyrics of Sherine's Kadabeen? (Ayman Bahgat Amar). These identify different works, different institutions or different artist attributes. The review compares every completed bank, including Egyptian Music; ambiguous or unsupported release credits were excluded during research. Different song credits, artist instruments, labels, collaborators and musical genres remain separate relations; no retained pair asks the same relation about the same entity."
"arabic_music_v2_161/egyptian_music_v2_157","93b0928c88e5a1fdbe6089f39c396a5ab6a8cea9a257d8301025975012795fdf","distinct","Assistant inspected song:ayshalak:lyricist: Who wrote the lyrics of Elissa's Ayshalak? (Mohammed Rifai) against song:oloosamah:lyricist: Who wrote the lyrics of Tamer Ashour's Oloolo Samah? (Ahmed El Malaky). These identify different works, different institutions or different artist attributes. The review compares every completed bank, including Egyptian Music; ambiguous or unsupported release credits were excluded during research. Different song credits, artist instruments, labels, collaborators and musical genres remain separate relations; no retained pair asks the same relation about the same entity."
"arabic_music_v2_161/egyptian_music_v2_161","31c67862489b3b585153496adc761742c99cf0f56f234e5b361a7cd238148002","distinct","Assistant inspected song:ayshalak:lyricist: Who wrote the lyrics of Elissa's Ayshalak? (Mohammed Rifai) against song:yahabibtiyamasr:lyricist: Who wrote the lyrics of Shadia's Ya Habibti Ya Masr? (Mohamed Hamza). These identify different works, different institutions or different artist attributes. The review compares every completed bank, including Egyptian Music; ambiguous or unsupported release credits were excluded during research. Different song credits, artist instruments, labels, collaborators and musical genres remain separate relations; no retained pair asks the same relation about the same entity."
"arabic_music_v2_161/egyptian_music_v2_162","6cc586b4aad0cf4053bc575dcf9bbcbb9d90542978d31747ae621157fbb2beba","distinct","Assistant inspected song:ayshalak:lyricist: Who wrote the lyrics of Elissa's Ayshalak? (Mohammed Rifai) against song:sawah:lyricist: Who wrote the lyrics of Abdel Halim Hafez's Sawwah? (Mohamed Hamza). These identify different works, different institutions or different artist attributes. The review compares every completed bank, including Egyptian Music; ambiguous or unsupported release credits were excluded during research. Different song credits, artist instruments, labels, collaborators and musical genres remain separate relations; no retained pair asks the same relation about the same entity."
"arabic_music_v2_161/egyptian_music_v2_163","af80fb0e7d3b2c96e5849c5c47bd4900a2564a62a13ebb1ccc4c1f3a5bdb9bdb","distinct","Assistant inspected song:ayshalak:lyricist: Who wrote the lyrics of Elissa's Ayshalak? (Mohammed Rifai) against song:ahwak:lyricist: Who wrote the lyrics of Abdel Halim Hafez's Ahwak? (Hussein El Sayed). These identify different works, different institutions or different artist attributes. The review compares every completed bank, including Egyptian Music; ambiguous or unsupported release credits were excluded during research. Different song credits, artist instruments, labels, collaborators and musical genres remain separate relations; no retained pair asks the same relation about the same entity."
"arabic_music_v2_161/egyptian_music_v2_169","c89af8de2ee9727e4add74a5b18fbdb7b306abd8ee90e3fd07a1e2a405424551","distinct","Assistant inspected song:ayshalak:lyricist: Who wrote the lyrics of Elissa's Ayshalak? (Mohammed Rifai) against song:saaf:lyricist: Who wrote the lyrics of Ramy Gamal's Saaf? (Mostafa Hassan). These identify different works, different institutions or different artist attributes. The review compares every completed bank, including Egyptian Music; ambiguous or unsupported release credits were excluded during research. Different song credits, artist instruments, labels, collaborators and musical genres remain separate relations; no retained pair asks the same relation about the same entity."
"arabic_music_v2_161/egyptian_music_v2_171","798df8c49530fc3c5311b06078719b382954847945281e56f72b9df7f785b1be","distinct","Assistant inspected song:ayshalak:lyricist: Who wrote the lyrics of Elissa's Ayshalak? (Mohammed Rifai) against song:fadyshewaya:lyricist: Who wrote the lyrics of Hamza Namira's Fady Shewaya? (Khalil Ezz El Din). These identify different works, different institutions or different artist attributes. The review compares every completed bank, including Egyptian Music; ambiguous or unsupported release credits were excluded during research. Different song credits, artist instruments, labels, collaborators and musical genres remain separate relations; no retained pair asks the same relation about the same entity."
"arabic_music_v2_161/egyptian_music_v2_173","5abf6c2dbd31e9e5c78b61c3183c2686a21249f0edc1c76361d260f5ea1fbf1e","distinct","Assistant inspected song:ayshalak:lyricist: Who wrote the lyrics of Elissa's Ayshalak? (Mohammed Rifai) against song:monaya:lyricist: Who wrote the lyrics of Moustafa Amar's Monaya? (Amir Teima). These identify different works, different institutions or different artist attributes. The review compares every completed bank, including Egyptian Music; ambiguous or unsupported release credits were excluded during research. Different song credits, artist instruments, labels, collaborators and musical genres remain separate relations; no retained pair asks the same relation about the same entity."
"arabic_music_v2_161/egyptian_music_v2_174","41d43373a703f0b635d3d6d915ebcffd3baadecda0d3107f4de746e2d88194f0","distinct","Assistant inspected song:ayshalak:lyricist: Who wrote the lyrics of Elissa's Ayshalak? (Mohammed Rifai) against song:betwanesbeek:lyricist: Who wrote the lyrics of Warda's Betwanes Beek? (Omar Batisha). These identify different works, different institutions or different artist attributes. The review compares every completed bank, including Egyptian Music; ambiguous or unsupported release credits were excluded during research. Different song credits, artist instruments, labels, collaborators and musical genres remain separate relations; no retained pair asks the same relation about the same entity."
"arabic_music_v2_161/egyptian_music_v2_175","f64674edab08fb42b210d8aa2b2a99a586b960072919d14ca8794d73b9a5b49d","distinct","Assistant inspected song:ayshalak:lyricist: Who wrote the lyrics of Elissa's Ayshalak? (Mohammed Rifai) against song:leilynahary:lyricist: Who wrote the lyrics of Amr Diab's Leily Nahary? (Khaled Tag El Din). These identify different works, different institutions or different artist attributes. The review compares every completed bank, including Egyptian Music; ambiguous or unsupported release credits were excluded during research. Different song credits, artist instruments, labels, collaborators and musical genres remain separate relations; no retained pair asks the same relation about the same entity."
"arabic_music_v2_161/egyptian_music_v2_176","5f7cd4ed6a9f326a2125412574ebd2887b836ca4f8cbb93d4b1a0b52622f7b3f","distinct","Assistant inspected song:ayshalak:lyricist: Who wrote the lyrics of Elissa's Ayshalak? (Mohammed Rifai) against song:wemalo:lyricist: Who wrote the lyrics of Amr Diab's We Malo? (Khaled Tag El Din). These identify different works, different institutions or different artist attributes. The review compares every completed bank, including Egyptian Music; ambiguous or unsupported release credits were excluded during research. Different song credits, artist instruments, labels, collaborators and musical genres remain separate relations; no retained pair asks the same relation about the same entity."
"arabic_music_v2_161/egyptian_music_v2_177","8003b29d58913d1197501209f43f97dc642d6eb462524c26a7d9f3b6c01f39c3","distinct","Assistant inspected song:ayshalak:lyricist: Who wrote the lyrics of Elissa's Ayshalak? (Mohammed Rifai) against song:amarain:lyricist: Who wrote the lyrics of Amr Diab's Amarain? (Mohamed Refai). These identify different works, different institutions or different artist attributes. The review compares every completed bank, including Egyptian Music; ambiguous or unsupported release credits were excluded during research. Different song credits, artist instruments, labels, collaborators and musical genres remain separate relations; no retained pair asks the same relation about the same entity."
"arabic_music_v2_161/egyptian_music_v2_178","a9454b7403fecec1881bc8c93a5ce33e4fa47a36129739bdc5c2ec39195f1481","distinct","Assistant inspected song:ayshalak:lyricist: Who wrote the lyrics of Elissa's Ayshalak? (Mohammed Rifai) against song:tetragafeya:lyricist: Who wrote the lyrics of Ehab Tawfik's Tetraga Feya? (Bahaa El Din Mohammed). These identify different works, different institutions or different artist attributes. The review compares every completed bank, including Egyptian Music; ambiguous or unsupported release credits were excluded during research. Different song credits, artist instruments, labels, collaborators and musical genres remain separate relations; no retained pair asks the same relation about the same entity."
"arabic_music_v2_161/egyptian_music_v2_200","da50d5fa2fefbd2246d817c11bfdc83d19aab2459a3f68bb5a8df7500984a375","distinct","Assistant inspected song:ayshalak:lyricist: Who wrote the lyrics of Elissa's Ayshalak? (Mohammed Rifai) against song:kamannana:lyricist: Who wrote the lyrics of Mohamed Fouad's Kamannana? (Antar Hilal). These identify different works, different institutions or different artist attributes. The review compares every completed bank, including Egyptian Music; ambiguous or unsupported release credits were excluded during research. Different song credits, artist instruments, labels, collaborators and musical genres remain separate relations; no retained pair asks the same relation about the same entity."
"arabic_music_v2_163/egyptian_music_v2_155","193d2b5ed3d49bc9aa72f6793bc4efffebe7453535356fd7b7197d2822717097","distinct","Assistant inspected song:kheleseldamaa:lyricist: Who wrote the lyrics of Adam's Kheles El Dame'a? (Hassan Munajjed) against song:watarhassas:lyricist: Who wrote the lyrics of Sherine's El Watar El Hassas? (Saud Al Sharbatly). These identify different works, different institutions or different artist attributes. The review compares every completed bank, including Egyptian Music; ambiguous or unsupported release credits were excluded during research. Different song credits, artist instruments, labels, collaborators and musical genres remain separate relations; no retained pair asks the same relation about the same entity."
"arabic_music_v2_165/egyptian_music_v2_137","e2a722334696a2574d90773cce9589a75bafd60145c8eaac6d870eca75693f80","distinct","Assistant inspected song:omrikellou:lyricist: Who wrote the lyrics of Wael Kfoury's Omri Kellou? (Samir Nakhleh) against song:entaomri:lyricist: Who wrote the lyrics of Umm Kulthum's Enta Omri? (Ahmed Shafiq Kamel). These identify different works, different institutions or different artist attributes. The review compares every completed bank, including Egyptian Music; ambiguous or unsupported release credits were excluded during research. Different song credits, artist instruments, labels, collaborators and musical genres remain separate relations; no retained pair asks the same relation about the same entity."
"arabic_music_v2_165/egyptian_music_v2_153","9207fae56a7bc006aa5806276b404983aedcfb4f1ea3d0de1955529304315c54","distinct","Assistant inspected song:omrikellou:lyricist: Who wrote the lyrics of Wael Kfoury's Omri Kellou? (Samir Nakhleh) against song:nassay:lyricist: Who wrote the lyrics of Sherine's Nassay? (Tamer Hussein). These identify different works, different institutions or different artist attributes. The review compares every completed bank, including Egyptian Music; ambiguous or unsupported release credits were excluded during research. Different song credits, artist instruments, labels, collaborators and musical genres remain separate relations; no retained pair asks the same relation about the same entity."
"arabic_music_v2_165/egyptian_music_v2_156","2c7a6fc0ca6415a85199729291f6fc569db5214500fb3211fe9579725c20fda6","distinct","Assistant inspected song:omrikellou:lyricist: Who wrote the lyrics of Wael Kfoury's Omri Kellou? (Samir Nakhleh) against song:kadabeen:lyricist: Who wrote the lyrics of Sherine's Kadabeen? (Ayman Bahgat Amar). These identify different works, different institutions or different artist attributes. The review compares every completed bank, including Egyptian Music; ambiguous or unsupported release credits were excluded during research. Different song credits, artist instruments, labels, collaborators and musical genres remain separate relations; no retained pair asks the same relation about the same entity."
"arabic_music_v2_168/egyptian_music_v2_155","a9382d17e2c051e58896810442844ef1e0e6baaec0bd145c6e3e4121a61f5b21","distinct","Assistant inspected song:etazaltelgharam:lyricist: Who wrote the lyrics of Majida El Roumi's Etazalt El Gharam? (Nizar Francis) against song:watarhassas:lyricist: Who wrote the lyrics of Sherine's El Watar El Hassas? (Saud Al Sharbatly). These identify different works, different institutions or different artist attributes. The review compares every completed bank, including Egyptian Music; ambiguous or unsupported release credits were excluded during research. Different song credits, artist instruments, labels, collaborators and musical genres remain separate relations; no retained pair asks the same relation about the same entity."
"arabic_music_v2_169/egyptian_music_v2_085","eb5c5cc01d31f489638a5cef15b6666075fcca02b50999508d0d60556f1a6744","distinct","Assistant inspected song:majbour:lyricist: Who wrote the lyrics of Nassif Zeytoun's Majbour? (Ali Al Mawla) against song:noqtabeida:lyricist: Who wrote the lyrics of Cairokee's Noqta Beida? (Amir Eid). These identify different works, different institutions or different artist attributes. The review compares every completed bank, including Egyptian Music; ambiguous or unsupported release credits were excluded during research. Different song credits, artist instruments, labels, collaborators and musical genres remain separate relations; no retained pair asks the same relation about the same entity."
"arabic_music_v2_169/egyptian_music_v2_147","1f86cd9b7b0b870cf3914a9e7ce921163f6a586481c19b2fa291a5953ba547be","distinct","Assistant inspected song:majbour:lyricist: Who wrote the lyrics of Nassif Zeytoun's Majbour? (Ali Al Mawla) against song:yastar:lyricist: Who wrote the lyrics of Hamaki's Ya Sattar? (Ayman Bahgat Amar). These identify different works, different institutions or different artist attributes. The review compares every completed bank, including Egyptian Music; ambiguous or unsupported release credits were excluded during research. Different song credits, artist instruments, labels, collaborators and musical genres remain separate relations; no retained pair asks the same relation about the same entity."
"arabic_music_v2_169/egyptian_music_v2_148","488abda3be30002bdb8b568ddaf62c7f593ac7cdbd04c2bd0b31d9bb167a0ea4","distinct","Assistant inspected song:majbour:lyricist: Who wrote the lyrics of Nassif Zeytoun's Majbour? (Ali Al Mawla) against song:sidiwesalak:lyricist: Who wrote the lyrics of Angham's Sidi Wesalak? (Ezzat El Gendi). These identify different works, different institutions or different artist attributes. The review compares every completed bank, including Egyptian Music; ambiguous or unsupported release credits were excluded during research. Different song credits, artist instruments, labels, collaborators and musical genres remain separate relations; no retained pair asks the same relation about the same entity."
"arabic_music_v2_169/egyptian_music_v2_153","8bc1c0063dd59f2d9376ced1eb24a8c379b4f41cc38643b9de7416a1284eaea8","distinct","Assistant inspected song:majbour:lyricist: Who wrote the lyrics of Nassif Zeytoun's Majbour? (Ali Al Mawla) against song:nassay:lyricist: Who wrote the lyrics of Sherine's Nassay? (Tamer Hussein). These identify different works, different institutions or different artist attributes. The review compares every completed bank, including Egyptian Music; ambiguous or unsupported release credits were excluded during research. Different song credits, artist instruments, labels, collaborators and musical genres remain separate relations; no retained pair asks the same relation about the same entity."
"arabic_music_v2_169/egyptian_music_v2_154","6c7f552f0b74272e407d8eb1a8970d4c61fb1e51878d939b6e0026f9c1e58140","distinct","Assistant inspected song:majbour:lyricist: Who wrote the lyrics of Nassif Zeytoun's Majbour? (Ali Al Mawla) against song:hobboganna:lyricist: Who wrote the lyrics of Sherine's Hobbo Ganna? (Mohamed Atef). These identify different works, different institutions or different artist attributes. The review compares every completed bank, including Egyptian Music; ambiguous or unsupported release credits were excluded during research. Different song credits, artist instruments, labels, collaborators and musical genres remain separate relations; no retained pair asks the same relation about the same entity."
"arabic_music_v2_169/egyptian_music_v2_156","721705281194e13397972d20fec13862dfe664e8de52357da01b896921966b4d","distinct","Assistant inspected song:majbour:lyricist: Who wrote the lyrics of Nassif Zeytoun's Majbour? (Ali Al Mawla) against song:kadabeen:lyricist: Who wrote the lyrics of Sherine's Kadabeen? (Ayman Bahgat Amar). These identify different works, different institutions or different artist attributes. The review compares every completed bank, including Egyptian Music; ambiguous or unsupported release credits were excluded during research. Different song credits, artist instruments, labels, collaborators and musical genres remain separate relations; no retained pair asks the same relation about the same entity."
"arabic_music_v2_169/egyptian_music_v2_169","23cd1d06f2b5ad4fe96ef06c67b4e0cbb6c5354a508673a3a595381bb62cabe7","distinct","Assistant inspected song:majbour:lyricist: Who wrote the lyrics of Nassif Zeytoun's Majbour? (Ali Al Mawla) against song:saaf:lyricist: Who wrote the lyrics of Ramy Gamal's Saaf? (Mostafa Hassan). These identify different works, different institutions or different artist attributes. The review compares every completed bank, including Egyptian Music; ambiguous or unsupported release credits were excluded during research. Different song credits, artist instruments, labels, collaborators and musical genres remain separate relations; no retained pair asks the same relation about the same entity."
"arabic_music_v2_169/egyptian_music_v2_173","f74bf06e1e8ef33b59bf20cfba5fb8acb66b5f64ae4f37af15e715b213664f9a","distinct","Assistant inspected song:majbour:lyricist: Who wrote the lyrics of Nassif Zeytoun's Majbour? (Ali Al Mawla) against song:monaya:lyricist: Who wrote the lyrics of Moustafa Amar's Monaya? (Amir Teima). These identify different works, different institutions or different artist attributes. The review compares every completed bank, including Egyptian Music; ambiguous or unsupported release credits were excluded during research. Different song credits, artist instruments, labels, collaborators and musical genres remain separate relations; no retained pair asks the same relation about the same entity."
"arabic_music_v2_169/egyptian_music_v2_174","602195c2a11e02ad04fb3fce36f8f22b99682076d2c7c93a27735b7db6385ae6","distinct","Assistant inspected song:majbour:lyricist: Who wrote the lyrics of Nassif Zeytoun's Majbour? (Ali Al Mawla) against song:betwanesbeek:lyricist: Who wrote the lyrics of Warda's Betwanes Beek? (Omar Batisha). These identify different works, different institutions or different artist attributes. The review compares every completed bank, including Egyptian Music; ambiguous or unsupported release credits were excluded during research. Different song credits, artist instruments, labels, collaborators and musical genres remain separate relations; no retained pair asks the same relation about the same entity."
"arabic_music_v2_169/egyptian_music_v2_177","5d4b67ed4d483abd1106266d8865140b0d1ebd5cd015bdb20c7eaf05272868b4","distinct","Assistant inspected song:majbour:lyricist: Who wrote the lyrics of Nassif Zeytoun's Majbour? (Ali Al Mawla) against song:amarain:lyricist: Who wrote the lyrics of Amr Diab's Amarain? (Mohamed Refai). These identify different works, different institutions or different artist attributes. The review compares every completed bank, including Egyptian Music; ambiguous or unsupported release credits were excluded during research. Different song credits, artist instruments, labels, collaborators and musical genres remain separate relations; no retained pair asks the same relation about the same entity."
"arabic_music_v2_169/egyptian_music_v2_200","7239ae77afe23123501259c60fb497ce9071f3cde9c300bbd73ff562184dc6bf","distinct","Assistant inspected song:majbour:lyricist: Who wrote the lyrics of Nassif Zeytoun's Majbour? (Ali Al Mawla) against song:kamannana:lyricist: Who wrote the lyrics of Mohamed Fouad's Kamannana? (Antar Hilal). These identify different works, different institutions or different artist attributes. The review compares every completed bank, including Egyptian Music; ambiguous or unsupported release credits were excluded during research. Different song credits, artist instruments, labels, collaborators and musical genres remain separate relations; no retained pair asks the same relation about the same entity."
"arabic_music_v2_170/egyptian_music_v2_153","8e12e40dc38f4d15fe0e44ed0a56c8ba214d67d69999aff8fa606562218e5749","distinct","Assistant inspected song:mabzon:lyricist: Who wrote the lyrics of Nassif Zeytoun's Ma Bzon? (Amer Lawand) against song:nassay:lyricist: Who wrote the lyrics of Sherine's Nassay? (Tamer Hussein). These identify different works, different institutions or different artist attributes. The review compares every completed bank, including Egyptian Music; ambiguous or unsupported release credits were excluded during research. Different song credits, artist instruments, labels, collaborators and musical genres remain separate relations; no retained pair asks the same relation about the same entity."
"arabic_music_v2_170/egyptian_music_v2_156","4d1400433a1c35e3460a270701c3131f54dba9bd4db636bcf7d1d214e4472a20","distinct","Assistant inspected song:mabzon:lyricist: Who wrote the lyrics of Nassif Zeytoun's Ma Bzon? (Amer Lawand) against song:kadabeen:lyricist: Who wrote the lyrics of Sherine's Kadabeen? (Ayman Bahgat Amar). These identify different works, different institutions or different artist attributes. The review compares every completed bank, including Egyptian Music; ambiguous or unsupported release credits were excluded during research. Different song credits, artist instruments, labels, collaborators and musical genres remain separate relations; no retained pair asks the same relation about the same entity."
"arabic_music_v2_174/egyptian_music_v2_147","75f22191e171624f116e097201db47efb7731f43301cc4108941e62e2759f193","distinct","Assistant inspected song:asmaryasaher:poet: Who wrote the lyrics of Mohammed Al Amin's Asmar Ya Saher? (Khalifa Al Sadiq) against song:yastar:lyricist: Who wrote the lyrics of Hamaki's Ya Sattar? (Ayman Bahgat Amar). These identify different works, different institutions or different artist attributes. The review compares every completed bank, including Egyptian Music; ambiguous or unsupported release credits were excluded during research. Different song credits, artist instruments, labels, collaborators and musical genres remain separate relations; no retained pair asks the same relation about the same entity."
"arabic_music_v2_174/egyptian_music_v2_182","e1c36e4f392b52b02d3cca028ec1462b63ea632a5ca8c0ee3ff9fde6e05776af","distinct","Assistant inspected song:asmaryasaher:poet: Who wrote the lyrics of Mohammed Al Amin's Asmar Ya Saher? (Khalifa Al Sadiq) against song:fakrakyanasini:lyricist: Who wrote the lyrics of Mohamed Fouad's Fakrak Ya Nasini? (Ahmed Sheta). These identify different works, different institutions or different artist attributes. The review compares every completed bank, including Egyptian Music; ambiguous or unsupported release credits were excluded during research. Different song credits, artist instruments, labels, collaborators and musical genres remain separate relations; no retained pair asks the same relation about the same entity."
"arabic_music_v2_174/egyptian_music_v2_199","6aa6d153755d749c904bf16f8b57675630c37e7e21daeb2d80d1afbb57ae4ee1","distinct","Assistant inspected song:asmaryasaher:poet: Who wrote the lyrics of Mohammed Al Amin's Asmar Ya Saher? (Khalifa Al Sadiq) against song:yamestaagelferaqi:lyricist: Who wrote the lyrics of Mohamed Tharwat's Ya Mestaagel Feraqi? (Tamer Hussein). These identify different works, different institutions or different artist attributes. The review compares every completed bank, including Egyptian Music; ambiguous or unsupported release credits were excluded during research. Different song credits, artist instruments, labels, collaborators and musical genres remain separate relations; no retained pair asks the same relation about the same entity."
