"id","difficulty","factKey","topic","questionAr","questionEn","answerAr","answerEn","sourceName","sourceUrl","evidence","lastVerified"
"bundesliga_v2_001","easy200","history:bundesliga:firstchampion",,"أي نادٍ فاز بأول نسخة من البوندسليغا في موسم 1963–1964؟","Which club won the first Bundesliga season in 1963–1964?","كولن","Cologne","Bundesliga: German champions in the Bundesliga","https://www.bundesliga.com/en/faq/10-things-on-the-bundesliga/german-champions-in-the-bundesliga-10554","Cologne won the inaugural 1963/64 Bundesliga under Georg Knopfle; the league started with 16 teams.","2026-10-07"
"bundesliga_v2_002","easy200","record:bundesliga:careergoals",,"من الهداف التاريخي للبوندسليغا برصيد 365 هدفًا؟","Who is the Bundesliga's all-time leading scorer with 365 goals?","غيرد مولر","Gerd Muller","Bundesliga: Player and club records","https://www.bundesliga.com/en/bundesliga/news/bundesliga-records-goals-titles-attendances-for-players-and-clubs-10555","Gerd Muller scored 365 career goals; Lewandowski scored 41 in 2020/21; Dieter Muller scored six for Cologne against Bremen in August 1977.","2026-10-07"
"bundesliga_v2_003","easy200","coach:leverkusen:2024",,"من قاد باير ليفركوزن إلى أول لقب له في البوندسليغا عام 2024؟","Who coached Bayer Leverkusen to their first Bundesliga title in 2024?","تشابي ألونسو","Xabi Alonso","Bundesliga: Bayer Leverkusen are 2023/24 champions","https://www.bundesliga.com/en/bundesliga/news/bayer-leverkusen-are-2023-24-bundesliga-champions-26930","Xabi Alonso led Leverkusen to their first Bundesliga title in 2024.","2026-10-07"
"bundesliga_v2_004","easy200","record:bayern:eleventitles",,"أي نادٍ فاز بـ11 لقبًا متتاليًا للبوندسليغا بين موسمي 2012–2013 و2022–2023؟","Which club won 11 consecutive Bundesliga titles from 2012–2013 to 2022–2023?","بايرن ميونخ","Bayern Munich","Bundesliga: Ten things on the Bundesliga","https://www.bundesliga.com/en/faq/10-things-on-the-bundesliga","Bayern won eleven successive Bundesliga titles from 2012/13 to 2022/23; Gladbach first defended the title in 1970/71.","2026-10-07"
"bundesliga_v2_005","easy200","stadium:dortmund:yellowwall",,"أي نادٍ ألماني تشتهر مدرجاته بـ«الجدار الأصفر»؟","Which German club is famous for its Yellow Wall terrace?","بوروسيا دورتموند","Borussia Dortmund","Bundesliga: Borussia Dortmund historical guide","https://www.bundesliga.com/en/bundesliga/news/borussia-dortmund-bundesliga-club-by-club-historical-guide-klopp-reus-zorc-24117","Dortmund's Yellow Wall is its south terrace; Klopp won the 2011/12 titles and Sammer the 2002 title; Zorc made 463 Bundesliga appearances. Bochum and Schalke played the first Bundesliga match at Westfalenstadion in April 1974.","2026-10-07"
"bundesliga_v2_006","easy200","derby:revier:clubs",,"أي ناديين يتواجهان في «ديربي الرور» المعروف باسم ريفير ديربي؟","Which two clubs contest the Ruhr's Revierderby?","بوروسيا دورتموند وشالكه","Borussia Dortmund and Schalke","Bundesliga: Schalke historical guide","https://www.bundesliga.com/en/bundesliga/news/fc-schalke-04-bundesliga-club-by-club-historical-guide-24140","Schalke contest the Revierderby with Dortmund; Die Knappen means miners; Neuer developed in its academy.","2026-10-07"
"bundesliga_v2_007","easy200","nickname:gladbach:foals",,"أي نادٍ ألماني يعرف بلقب «المهور»؟","Which German club is nicknamed the Foals?","بوروسيا مونشنغلادباخ","Borussia Monchengladbach","Bundesliga: Borussia Monchengladbach historical guide","https://www.bundesliga.com/en/bundesliga/news/borussia-monchengladbach-bundesliga-club-by-club-historical-guide-heynckes-netzer-24134","Gladbach are the Foals; Weisweiler built the attacking team. Their 1978 Dortmund win was 12-0. Laumen broke a wooden post against Bremen in 1971; their former ground was Bokelbergstadion.","2026-10-07"
"bundesliga_v2_008","easy200","history:hamburg:everpresentuntil2018",,"أي نادٍ ظل حاضرًا في كل مواسم البوندسليغا منذ تأسيسها حتى هبوطه عام 2018؟","Which club played in every Bundesliga season from its foundation until relegation in 2018?","هامبورغ","Hamburg","Bundesliga: Hamburger SV historical guide","https://www.bundesliga.com/en/bundesliga/news/hamburger-sv-bundesliga-club-by-club-historical-guide-keegan-seeler-24135","Hamburg were ever-present until relegation in 2018. Seeler was first league top scorer with 30 goals; a giant right-foot statue honours him outside Volksparkstadion.","2026-10-07"
"bundesliga_v2_009","easy200","player:neuer:schalkeacademy",,"في أكاديمية أي نادٍ ألماني نشأ مانويل نوير قبل تألقه مع بايرن ميونخ؟","At which German club's academy did Manuel Neuer develop before starring for Bayern Munich?","شالكه","Schalke","Bundesliga: Schalke historical guide","https://www.bundesliga.com/en/bundesliga/news/fc-schalke-04-bundesliga-club-by-club-historical-guide-24140","Schalke contest the Revierderby with Dortmund; Die Knappen means miners; Neuer developed in its academy.","2026-10-07"
"bundesliga_v2_010","easy200","coach:dortmund:kloppdouble",,"من قاد دورتموند إلى لقبي البوندسليغا عامي 2011 و2012؟","Who led Dortmund to the Bundesliga titles in 2011 and 2012?","يورغن كلوب","Jurgen Klopp","Bundesliga: Borussia Dortmund historical guide","https://www.bundesliga.com/en/bundesliga/news/borussia-dortmund-bundesliga-club-by-club-historical-guide-klopp-reus-zorc-24117","Dortmund's Yellow Wall is its south terrace; Klopp won the 2011/12 titles and Sammer the 2002 title; Zorc made 463 Bundesliga appearances. Bochum and Schalke played the first Bundesliga match at Westfalenstadion in April 1974.","2026-10-07"
"bundesliga_v2_011","easy200","title:kaiserslautern:promotedchampion",,"أي نادٍ فاز بالبوندسليغا عام 1998 مباشرة بعد صعوده من الدرجة الثانية؟","Which club won the Bundesliga in 1998 immediately after promotion from the second division?","كايزرسلاوترن","Kaiserslautern","Bundesliga: Kaiserslautern historical guide","https://www.bundesliga.com/en/bundesliga/news/kaiserslautern-bundesliga-club-by-club-historical-guide-rehhagel-24160","Lautern won the league in 1998 immediately after promotion. Fritz Walter captained Germany in 1954 and the stadium bears his name. Josef Pirrung scored twice in the 1973 7-4 Bayern comeback.","2026-10-07"
"bundesliga_v2_012","easy200","player:kimmich:stuttgartacademy",,"في أكاديمية أي نادٍ ألماني نشأ يوزوا كيميش؟","At which German club's academy did Joshua Kimmich develop?","شتوتغارت","Stuttgart","Bundesliga: Stuttgart historical guide","https://www.bundesliga.com/en/bundesliga/news/vfb-stuttgart-bundesliga-club-by-club-historical-guide-klinsmann-werner-khedira-24118","Kimmich developed at Stuttgart; white shirts have a red hoop. Elber, Bobic and Balakov formed the Magic Triangle; Hildebrand went 884 minutes unbeaten in 2003. Khedira scored the 2007 title clincher. Allgower has 338 Bundesliga appearances and 129 goals for Stuttgart.","2026-10-07"
"bundesliga_v2_013","easy200","rule:fiftyplusone:voting",,"ما نوع الأغلبية التي تحفظها قاعدة «50+1» لأعضاء النادي الألماني في إدارة كرة القدم؟","What type of majority does Germany's 50+1 rule preserve for club members in football governance?","أغلبية حقوق التصويت","A majority of voting rights","Bundesliga: The 50+1 rule explained","https://www.bundesliga.com/en/faq/what-are-the-rules-and-regulations-of-soccer/50-1-fifty-plus-one-german-football-soccer-rule-explained-ownership-22832","The rule refers to club members retaining 50 percent plus one vote, a majority of voting rights.","2026-10-07"
"bundesliga_v2_014","easy200","kit:stuttgart:redhoop",,"ما لون الشريط الأفقي المميز على قميص شتوتغارت الأبيض؟","What colour is the distinctive horizontal hoop on Stuttgart's white shirt?","الأحمر","Red","Bundesliga: Stuttgart historical guide","https://www.bundesliga.com/en/bundesliga/news/vfb-stuttgart-bundesliga-club-by-club-historical-guide-klinsmann-werner-khedira-24118","Kimmich developed at Stuttgart; white shirts have a red hoop. Elber, Bobic and Balakov formed the Magic Triangle; Hildebrand went 884 minutes unbeaten in 2003. Khedira scored the 2007 title clincher. Allgower has 338 Bundesliga appearances and 129 goals for Stuttgart.","2026-10-07"
"bundesliga_v2_015","easy200","crest:frankfurt:eagle",,"ما الطائر الذي يظهر في شعار آينتراخت فرانكفورت ويمنحه لقب «النسور»؟","Which bird appears on Eintracht Frankfurt's crest and gives them the Eagles nickname?","النسر","Eagle","Bundesliga: Frankfurt historical guide","https://www.bundesliga.com/en/bundesliga/news/eintracht-frankfurt-bundesliga-club-by-club-historical-guide-europa-24142","Frankfurt's crest has an eagle; live eagle Attila began flying in 2006. Eintracht means unity; Korbel played 602 Bundesliga matches. Glasner won the 2022 Europa League unbeaten.","2026-10-07"
"bundesliga_v2_016","easy200","coach:bayern:flicksextuple",,"من المدرب الذي حقق بايرن ميونخ تحت قيادته سداسية الألقاب المرتبطة بموسم 2019–2020؟","Under which coach did Bayern Munich achieve the six-trophy sweep associated with the 2019–2020 season?","هانزي فليك","Hansi Flick","Bundesliga: Bayern Munich historical guide","https://www.bundesliga.com/en/bundesliga/news/bayern-munich-bundesliga-club-by-club-historical-guide-lewandowski-muller-24115","Bayern won a sextuple under Flick linked to 2019/20; their first Bundesliga game was a 1-0 loss to 1860 in 1965.","2026-10-07"
"bundesliga_v2_017","easy200","coach:klopp:mainzpromotion",,"أي نادٍ قاده يورغن كلوب إلى البوندسليغا لأول مرة عام 2004 قبل انتقاله لاحقًا إلى دورتموند؟","Which club did Jurgen Klopp lead into the Bundesliga for the first time in 2004 before later moving to Dortmund?","ماينتس","Mainz","Bundesliga: Mainz historical guide","https://www.bundesliga.com/en/bundesliga/news/mainz-bundesliga-club-by-club-historical-guide-klopp-tuchel-24188","Klopp led first promotion in 2004; fair play gave 2005/06 UEFA Cup entry. Andersen secured 2009 promotion but was dismissed four days before kickoff; Tuchel succeeded him after winning the U19 national title.","2026-10-07"
"bundesliga_v2_018","easy200","nickname:leverkusen:werkself",,"أي نادٍ ألماني يعرف بلقب «فيركس إلف» أي فريق المصنع؟","Which German club is known as Die Werkself, the Factory XI?","باير ليفركوزن","Bayer Leverkusen","Bundesliga: Bayer Leverkusen historical guide","https://www.bundesliga.com/en/bundesliga/news/bayer-leverkusen-club-by-club-historical-guide-havertz-wirtz-ballack-24153","Bayer pharmaceutical workers founded the Factory XI; Kirsten scored 182 club Bundesliga goals. Butt scored 26 league penalties; Hanke lobbed him from kickoff in 2003/04. Ballack's own goal came at Unterhaching on the final day in 2000. Erroneous 2000/01 treble caption and Wirtz academy claim excluded.","2026-10-07"
"bundesliga_v2_019","easy200","coach:nagelsmann:youngappointment",,"مع أي نادٍ أصبح يوليان ناغلسمان أصغر مدرب دائم في تاريخ البوندسليغا عام 2016 وهو في الـ28؟","At which club did Julian Nagelsmann become the Bundesliga's youngest permanent head coach in 2016, aged 28?","هوفنهايم","Hoffenheim","Bundesliga: Hoffenheim historical guide","https://www.bundesliga.com/en/bundesliga/news/hoffenheim-club-by-club-historical-guide-nagelsmann-hopp-24189","Nagelsmann became youngest permanent Bundesliga coach at 28 in 2016. Rangnick led successive promotions, reaching the Bundesliga in 2008. Hopp co-founded SAP; Compper first represented Germany while at Hoffenheim in November 2008.","2026-10-07"
"bundesliga_v2_020","easy200","nickname:leipzig:redbulls",,"أي نادٍ ألماني يعرف بلقب «الثيران الحمراء»؟","Which German club is nicknamed the Red Bulls?","آر بي لايبزيغ","RB Leipzig","Bundesliga: RB Leipzig historical guide","https://www.bundesliga.com/en/bundesliga/news/rb-leipzig-club-by-club-historical-guide-red-bull-24199","Leipzig are the Red Bulls; Red Bull purchased SSV Markranstadt playing rights in 2009. Erroneous Rangnick first-season coach attribution excluded.","2026-10-07"
"bundesliga_v2_021","easy200","attack:wolfsburg:2009duo",,"من شكّل ثنائي هجوم فولفسبورغ الشهير في موسم لقب الدوري عام 2009؟","Who formed Wolfsburg's famous strike partnership in their 2009 title-winning season?","إدين دجيكو وغرافيتي","Edin Dzeko and Grafite","Bundesliga: Wolfsburg historical guide","https://www.bundesliga.com/en/bundesliga/news/wolfsburg-club-by-club-historical-guide-volkswagen-de-bruyne-dzeko-magath-24167","Volkswagen staff founded Wolfsburg; Magath coached the 2009 title side with Dzeko and Grafite, the 28-goal top scorer. Mount Magath was a training hill. McClaren became first English Bundesliga coach in 2010.","2026-10-07"
"bundesliga_v2_022","easy200","business:wolfsburg:volkswagen",,"ما شركة السيارات التي أسس موظفوها نادي فولفسبورغ وتملك النادي؟","Which car manufacturer founded Wolfsburg through its employees and owns the club?","فولكسفاغن","Volkswagen","Bundesliga: Wolfsburg historical guide","https://www.bundesliga.com/en/bundesliga/news/wolfsburg-club-by-club-historical-guide-volkswagen-de-bruyne-dzeko-magath-24167","Volkswagen staff founded Wolfsburg; Magath coached the 2009 title side with Dzeko and Grafite, the 28-goal top scorer. Mount Magath was a training hill. McClaren became first English Bundesliga coach in 2010.","2026-10-07"
"bundesliga_v2_023","easy200","stadium:hertha:olympiastadion",,"ما الملعب الأولمبي الشهير الذي يستضيف مباريات هيرتا برلين؟","Which famous Olympic stadium hosts Hertha Berlin's home matches?","الملعب الأولمبي في برلين","Berlin Olympiastadion","Bundesliga: Hertha Berlin historical guide","https://www.bundesliga.com/en/bundesliga/news/hertha-berlin-bundesliga-club-by-club-historical-guide-24161","Hertha play at Berlin Olympiastadion; their name came from a steamboat and nickname is Old Lady. Dardai holds the Bundesliga appearance record; Boateng brothers debuted professionally at Hertha. Record 88,075 attendance came against Cologne in September 1969.","2026-10-07"
"bundesliga_v2_024","easy200","culture:union:christmassongs",,"في أي مناسبة يجتمع مشجعو أونيون برلين في ملعبهم لغناء الأغاني الاحتفالية، في تقليد بدأ عام 2003؟","For which occasion do Union Berlin supporters gather at their stadium to sing festive songs, in a tradition begun in 2003?","عيد الميلاد","Christmas","Bundesliga: Union Berlin historical guide","https://www.bundesliga.com/en/bundesliga/news/union-berlin-club-by-club-historical-guide-24212","Fischer led the first Bundesliga promotion in 2019. Fans donated earnings from paid blood donations; rebuilt Alte Forsterei; and have gathered to sing Christmas songs since 2003.","2026-10-07"
"bundesliga_v2_025","easy200","nickname:beckenbauer:kaiser",,"أي أسطورة لبايرن ميونخ عرف بلقب «القيصر»؟","Which Bayern Munich legend was known as the Kaiser?","فرانتس بيكنباور","Franz Beckenbauer","FC Bayern Hall of Fame: Franz Beckenbauer","https://fcbayern.com/en/club/hall-of-fame/franz-beckenbauer","Beckenbauer is known as the Kaiser; after Bayern he played for New York Cosmos and Hamburg.","2026-10-07"
"bundesliga_v2_026","easy200","nickname:thomasmuller:raumdeuter",,"أي نجم لبايرن وصف أسلوبه بلقب «راومدويتر»، أي مفسر المساحات؟","Which Bayern star described his style as Raumdeuter, the interpreter of space?","توماس مولر","Thomas Muller","FC Bayern: Thomas Muller farewell interview","https://fcbayern.com/de/news/2025/05/zurueck-ins-funkhaus-thomas-mueller-im-abschieds-interview","Thomas Muller coined Raumdeuter for his style based on space and positioning without the ball.","2026-10-07"
"bundesliga_v2_027","easy200","nickname:kahn:titan",,"أي حارس مرمى ألماني اشتهر بلقب «التيتان»؟","Which German goalkeeper was famously nicknamed the Titan?","أوليفر كان","Oliver Kahn","FC Bayern Hall of Fame: Oliver Kahn","https://fcbayern.com/en/club/hall-of-fame/oliver-kahn","Kahn is the Titan; he joined from Karlsruher SC in 1994 after 128 Bundesliga appearances there.","2026-10-07"
"bundesliga_v2_028","easy200","attack:bayern:robbery",,"من الجناحان اللذان شكلا ثنائي بايرن الشهير «روبري»؟","Which two wingers formed Bayern's famous Robbery partnership?","آريين روبن وفرانك ريبيري","Arjen Robben and Franck Ribery","Bundesliga: Bayern's Robbery partnership","https://www.bundesliga.com/en/bundesliga/news/luis-diaz-michael-olise-have-bayern-munich-got-their-new-robbery-35520","Robbery refers to the Arjen Robben and Franck Ribery partnership.","2026-10-07"
"bundesliga_v2_029","easy200","match:haaland:debutscorer",,"من المهاجم النرويجي الذي سجل ثلاثية بعد نزوله بديلًا في أول مباراة له بالبوندسليغا مع دورتموند عام 2020؟","Which Norwegian striker scored a hat-trick after coming off the bench on his Bundesliga debut for Dortmund in 2020?","إرلينغ هالاند","Erling Haaland","Bundesliga: Remembering Haaland's Dortmund debut hat-trick","https://www.bundesliga.com/en/bundesliga/news/remembering-erling-haaland-debut-hat-trick-borussia-dortmund-augsburg-17469","Haaland came on and scored three in Dortmund's 5-3 Augsburg victory on 18 January 2020. Exact elapsed-time claims excluded because league articles differ.","2026-10-07"
"bundesliga_v2_030","easy200","player:son:bundesidentity",,"من النجم الكوري الجنوبي الذي لعب لهامبورغ وليفركوزن قبل تألقه مع توتنهام؟","Which South Korean star played for Hamburg and Leverkusen before starring for Tottenham?","سون هيونغ مين","Son Heung-min","Bundesliga: Son, made in the Bundesliga","https://www.bundesliga.com/en/bundesliga/news/heung-min-son-tottenham-spurs-leverkusen-hamburg-made-in-bundesliga-3293-2268","South Korea's Son played for Hamburg and Leverkusen before Tottenham.","2026-10-07"
"bundesliga_v2_031","easy200","player:davies:canada",,"أي منتخب يمثله ظهير بايرن ميونخ ألفونسو ديفيز؟","Which national team does Bayern Munich full-back Alphonso Davies represent?","كندا","Canada","FC Bayern: Alphonso Davies profile","https://fcbayern.com/en/teams/first-team/alphonso-davies","Davies is a Canadian international; he joined Bayern from Vancouver Whitecaps in January 2019.","2026-10-07"
"bundesliga_v2_032","easy200","nickname:podolski:prinzpoldi",,"أي نجم لكولن وبايرن عرف بلقب «برينتس بولدي»؟","Which Cologne and Bayern star was known as Prinz Poldi?","لوكاس بودولسكي","Lukas Podolski","Bundesliga: Retired club shirt numbers","https://www.bundesliga.com/de/bundesliga/news/franz-beckenbauer-lukas-podolski-fc-bayern-munchen-1-fc-koln-trikotnummern-nicht-mehr-vergeben-30058","Lukas Podolski is called Prinz Poldi; Cologne reserved his number 10. Bayern retired Beckenbauer's five in 2024.","2026-10-07"
"bundesliga_v2_033","easy200","match:lewandowski:fiveinnine",,"من مهاجم بايرن الذي سجل خمسة أهداف في نحو تسع دقائق أمام فولفسبورغ عام 2015؟","Which Bayern striker scored five goals in about nine minutes against Wolfsburg in 2015?","روبرت ليفاندوفسكي","Robert Lewandowski","Bundesliga: Ten things on the Bundesliga","https://www.bundesliga.com/en/faq/10-things-on-the-bundesliga","Bayern won eleven successive Bundesliga titles from 2012/13 to 2022/23; Gladbach first defended the title in 1970/71.","2026-10-07"
"bundesliga_v2_034","easy200","match:okocha:kahnslalom",,"من نجم فرانكفورت الذي سجل هدفه الاستعراضي الشهير أمام أوليفر كان وكارلسروه عام 1993؟","Which Frankfurt star scored his famous solo wondergoal against Oliver Kahn and Karlsruhe in 1993?","جاي جاي أوكوتشا","Jay-Jay Okocha","Bundesliga: Okocha's wondergoal against Kahn","https://www.bundesliga.com/en/bundesliga/videos/watch/watch-okocha-s-wondergoal-against-kahn-wIby4JtN","Okocha scored the famous Frankfurt solo goal against Karlsruhe and Kahn in 1993.","2026-10-07"
"bundesliga_v2_035","easy200","transfer:raul:schalke2010",,"أي أسطورة إسبانية لريال مدريد انضم إلى شالكه عام 2010؟","Which Spanish Real Madrid legend joined Schalke in 2010?","راؤول","Raul","Bundesliga: Raul's move to Schalke in 2010","https://www.bundesliga.com/de/2bundesliga/news/fc-schalke-04-edin-dzeko-weekly-ipp-35797","Raul Gonzalez Blanco moved to Schalke in 2010 after his Real Madrid career.","2026-10-07"
"bundesliga_v2_036","easy200","transfer:kane:bayerntottenham",,"من أي نادٍ إنجليزي انتقل هاري كين إلى بايرن ميونخ عام 2023؟","From which English club did Harry Kane join Bayern Munich in 2023?","توتنهام هوتسبير","Tottenham Hotspur","FC Bayern: Harry Kane signed from the Premier League","https://fcbayern.com/de/news/2023/08/wechsel-aus-der-premier-league-fc-bayern-nimmt-harry-kane-unter-vertrag","Kane joined Bayern from Tottenham Hotspur on 12 August 2023.","2026-10-07"
"bundesliga_v2_037","easy200","trophy:bundesliga:meisterschale",,"ما اسم درع بطل البوندسليغا الشهير الذي يشبه طبقًا دائريًا؟","What is the name of the famous circular shield awarded to the Bundesliga champions?","مايسترشاله","Meisterschale","Bundesliga: Meisterschale explained","https://www.bundesliga.com/en/bundesliga/news/title-meisterschale-explainer-champions-bayern-munich-leverkusen-dortmund-32100","The Meisterschale is the champion's shield; Elisabeth Treskow designed it; in 1949 it replaced the lost Viktoria statue.","2026-10-07"
"bundesliga_v2_038","easy200","award:torjagerkanone:criterion",,"على أي إنجاز تمنح جائزة «تور ياغر كانونِه» في البوندسليغا؟","Which achievement earns the Torjagerkanone award in the Bundesliga?","تصدّر هدافي الموسم","Finishing as the season's top scorer","Bundesliga: Kane wins top-scoring award","https://www.bundesliga.com/en/bundesliga/news/harry-kane-top-scorer-2025-26-third-time-bayern-munich-37407/","Torjagerkanone is the award for the Bundesliga season's top scorer.","2026-10-07"
"bundesliga_v2_039","easy200","player:kagawa:japan",,"أي بلد آسيوي يمثله نجم دورتموند السابق شينجي كاغاوا؟","Which Asian country does former Dortmund star Shinji Kagawa represent?","اليابان","Japan","Bundesliga: Dortmund's Japan tour and Kagawa","https://www.bundesliga.com/de/bundesliga/news/borussia-dortmund-vorbereitung-2026-27-tour-japan-sommer-ruckkehr-37153","Kagawa is Japanese and played for Dortmund in 2010-2012 and 2014-2019.","2026-10-07"
"bundesliga_v2_040","easy200","coach:heynckes:2013treble",,"من قاد بايرن ميونخ إلى أول ثلاثية في تاريخه عام 2013؟","Who coached Bayern Munich to the first treble in their history in 2013?","يوب هاينكس","Jupp Heynckes","FC Bayern: Robben and Ribery congratulate Heynckes","https://fcbayern.com/en/news/2025/05/robben-and-ribery-congratulate-jupp-heynckes","Jupp Heynckes coached Bayern to their first treble in 2013.","2026-10-07"
"bundesliga_v2_041","easy200","cologne:mascot:animal",,"ما الحيوان الذي يمثله «هينيس»، تميمة كولن الحية؟","What animal is Hennes, Cologne's living mascot?","ماعز","A goat","Bundesliga: Hennes the goat","https://www.bundesliga.com/en/bundesliga/news/hennes-goat-cologne-living-mascot-25002","Cologne's living mascot is a goat called Hennes, gifted by circus director Carola Williams in 1950.","2026-10-07"
"bundesliga_v2_042","easy200","duisburg:nickname:zebras",,"أي نادٍ ألماني يُلقب بـ«الحمر الوحشية» بسبب قمصانه المخططة؟","Which German club is nicknamed the Zebras because of its striped shirts?","دويسبورغ","Duisburg","Bundesliga: Animal team names","https://www.bundesliga.com/en/bundesliga/news/clubs-with-animal-names-germany-eagles-wolves-goats-foals-lions-25000","Duisburg are the Zebras because of striped shirts; Kiel are the Storks; Duisburg's Zebratwist in 1963 was the first official Bundesliga club anthem.","2026-10-07"
"bundesliga_v2_043","easy200","darmstadt:nickname:lilies",,"أي نادٍ ألماني يُعرف بلقب «الزنابق» المأخوذ من شعار المدينة والنادي؟","Which German club is known as the Lilies, after the flower on its city and club crests?","دارمشتات","Darmstadt","Bundesliga: Darmstadt historical guide","https://www.bundesliga.com/en/bundesliga/news/darmstadt-club-by-club-historical-guide-24215","Darmstadt are the Lilies; their part-time 1978 team trained after work; the stadium was renamed in memory of Jonathan Heimes in 2016; Dirk Schuster coached their 2015/16 survival season.","2026-10-07"
"bundesliga_v2_044","easy200","marmoush:frankfurt:egypt",,"من المهاجم المصري الذي تألق مع فرانكفورت قبل انتقاله إلى مانشستر سيتي في يناير 2025؟","Which Egyptian striker starred for Frankfurt before joining Manchester City in January 2025?","عمر مرموش","Omar Marmoush","Bundesliga: Marmoush says goodbye","https://www.bundesliga.com/en/bundesliga/news/omar-marmoush-goodbye-eintracht-frankfurt-manchester-city-move-confirmed-30507","Egyptian striker Omar Marmoush left Frankfurt for Manchester City in January 2025.","2026-10-07"
"bundesliga_v2_045","easy200","hakimi:dortmund:nation",,"أي منتخب يمثله أشرف حكيمي الذي لعب مع دورتموند على سبيل الإعارة؟","Which national team does Achraf Hakimi, who played on loan at Dortmund, represent?","المغرب","Morocco","Bundesliga: Achraf Hakimi made in the Bundesliga","https://www.bundesliga.com/en/bundesliga/news/achraf-hakimi-10-things-borussia-dortmund-real-madrid-morocco-10940","Morocco international Hakimi joined Dortmund on loan from Real Madrid in 2018.","2026-10-07"
"bundesliga_v2_046","easy200","streich:freiburg:longtenure",,"من المدرب الذي ودعه فرايبورغ عام 2024 بعد أكثر من 12 عاماً على رأس الفريق؟","Which coach did Freiburg farewell in 2024 after more than 12 years in charge?","كريستيان شترايش","Christian Streich","Bundesliga: Christian Streich announces departure","https://www.bundesliga.com/en/bundesliga/news/christian-streich-announces-departure-from-freiburg-after-12-years-as-coach-26621","Streich left Freiburg in 2024 after more than twelve years as head coach; won the DFB Julius Hirsch Honorary Prize in 2023 for combating discrimination.","2026-10-07"
"bundesliga_v2_047","easy200","dortmund:emma:animal",,"ما الحشرة التي تمثلها «إيما»، تميمة بوروسيا دورتموند؟","Which insect is EMMA, Borussia Dortmund's mascot?","نحلة","A bee","Borussia Dortmund: EMMA glossary","https://www.bvb.de/de/en/borussia-dortmund/glossary/emma.html","EMMA is a bee; the mascot is named after Lothar Emmerich.","2026-10-07"
"bundesliga_v2_048","easy200","hamburg:cityrival:stpauli",,"من المنافس المحلي لهامبورغ في ديربي المدينة، المعروف بثقافة جماهيره البديلة؟","Who are Hamburg's local city-derby rivals, known for their alternative fan culture?","سانت باولي","St. Pauli","Bundesliga: St Pauli historical guide","https://www.bundesliga.com/en/bundesliga/news/st-pauli-club-by-club-historical-guide-hamburg-reeperbahn-kultclub-24198","Hamburg rivals St Pauli play at the Millerntor; skull and crossbones are a fan symbol; the 2003 rescue campaign sold Retter shirts; Football Koalas watched from trees; the club beat Intercontinental champions Bayern in 2002.","2026-10-07"
"bundesliga_v2_049","easy200","stpauli:fans:piratesymbol",,"ما الرمز الشهير المستوحى من القراصنة الذي تتبناه جماهير سانت باولي؟","What famous pirate-inspired symbol do St. Pauli fans use?","جمجمة وعظمتان متقاطعتان","A skull and crossbones","Bundesliga: St Pauli historical guide","https://www.bundesliga.com/en/bundesliga/news/st-pauli-club-by-club-historical-guide-hamburg-reeperbahn-kultclub-24198","Hamburg rivals St Pauli play at the Millerntor; skull and crossbones are a fan symbol; the 2003 rescue campaign sold Retter shirts; Football Koalas watched from trees; the club beat Intercontinental champions Bayern in 2002.","2026-10-07"
"bundesliga_v2_050","easy200","sane:schalke:development",,"في أي نادٍ ألماني برز ليروي ساني قبل انتقاله إلى مانشستر سيتي؟","At which German club did Leroy Sane emerge before joining Manchester City?","شالكه","Schalke","Bundesliga: Sane's move to Galatasaray","https://www.bundesliga.com/en/bundesliga/news/leroy-sane-joins-galatasaray-from-bayern-munich-32626","Sane came through at Schalke before Manchester City and Bayern.","2026-10-07"
"bundesliga_v2_051","easy200","musiala:youth:nation",,"أي منتخب مثّل جمال موسيالا في الفئات السنية قبل اختياره ألمانيا؟","Which national team did Jamal Musiala represent at youth level before choosing Germany?","إنجلترا","England","Bundesliga: Ten things on Musiala","https://www.bundesliga.com/en/bundesliga/news/jamal-musiala-10-things-on-the-bayern-munich-and-german-midfielder-31124","Musiala represented England's youth teams before choosing Germany in 2021; joined Bayern from Chelsea's academy in 2019. Exclude erroneous age 17 for the 2019 move.","2026-10-07"
"bundesliga_v2_052","easy200","auba:dortmund:superheromasks",,"من مهاجم دورتموند الذي اشتهر بالاحتفال بأقنعة باتمان وسبايدرمان؟","Which Dortmund striker became famous for celebrating in Batman and Spider-Man masks?","بيير إيمريك أوباميانغ","Pierre-Emerick Aubameyang","Bundesliga: Aubameyang's spectacular celebrations","https://www.bundesliga.com/de/bundesliga/news/pierre-emerick-aubameyang-sprints-tore-masken-jubel-24375","Aubameyang wore Batman and Spider-Man masks; Reus wore Robin's mask in the 2015 derby celebration.","2026-10-07"
"bundesliga_v2_053","easy200","bellingham:origin:birmingham",,"من أي نادٍ إنجليزي انتقل جود بيلينغهام إلى دورتموند عام 2020؟","From which English club did Jude Bellingham join Dortmund in 2020?","برمنغهام سيتي","Birmingham City","Bundesliga: Dortmund's talents turned stars","https://www.bundesliga.com/en/bundesliga/news/bellingham-haaland-lewandowksi-youngsters-turned-stars-dortmund-23792","Bellingham joined from Birmingham City in 2020; Lewandowski joined from Lech Poznan in 2010.","2026-10-07"
"bundesliga_v2_054","easy200","moukoko:debut:16",,"من مهاجم دورتموند الذي ظهر في البوندسليغا وعمره 16 عاماً ويوم واحد؟","Which Dortmund striker made his Bundesliga debut aged 16 years and one day?","يوسوفا موكوكو","Youssoufa Moukoko","Bundesliga: Youngest league players","https://www.bundesliga.com/en/bundesliga/news/gio-reyna-moukoko-top-10-youngest-players-in-league-history-9529","Moukoko debuted aged 16 years and one day for Dortmund against Hertha; replaced Haaland. Exclude erroneous calendar date in the article.","2026-10-07"
"bundesliga_v2_055","easy200","pizarro:oldestscorer:2019",,"من مهاجم بريمن البيروفي الذي سجل في البوندسليغا بعد سن الأربعين وحطم رقم أكبر هداف سناً عام 2019؟","Which Peruvian Bremen striker scored in the Bundesliga after turning 40 and broke the oldest-scorer record in 2019?","كلاوديو بيتزارو","Claudio Pizarro","Bundesliga: Goal records","https://www.bundesliga.com/en/bundesliga/news/from-robert-lewandowski-to-gerd-muller-bundesliga-goal-records-24333","Claudio Pizarro became the oldest scorer for Bremen and extended the record in May 2019; do not use conflicting Stoppelkamp distance stated on this page.","2026-10-07"
"bundesliga_v2_056","easy200","history:leverkusen:factoryindustry",,"في أي صناعة تعمل شركة باير التي أسس عمالها نادي ليفركوزن؟","In which industry does Bayer, the company whose workers founded Leverkusen, operate?","الصناعات الدوائية","Pharmaceuticals","Bundesliga: Bayer Leverkusen historical guide","https://www.bundesliga.com/en/bundesliga/news/bayer-leverkusen-club-by-club-historical-guide-havertz-wirtz-ballack-24153","Bayer pharmaceutical workers founded the Factory XI; Kirsten scored 182 club Bundesliga goals. Butt scored 26 league penalties; Hanke lobbed him from kickoff in 2003/04. Ballack's own goal came at Unterhaching on the final day in 2000. Erroneous 2000/01 treble caption and Wirtz academy claim excluded.","2026-10-07"
"bundesliga_v2_057","easy200","format:current:teamcount",,"كم فريقاً يشارك في موسم البوندسليغا وفق نظامها ذي 34 مباراة لكل فريق؟","How many teams participate in a Bundesliga season under its 34-match-per-team format?","18 فريقاً","18 teams","Bundesliga: League structure FAQ","https://www.bundesliga.com/en/faq/what-are-the-rules-and-regulations-of-soccer/how-is-european-soccer-structured-with-leagues-and-cup-competitions-10568","The Bundesliga has 18 teams and each club plays 34 league games. Exclude outdated Ligue 1 team count.","2026-10-07"
"bundesliga_v2_058","easy200","klose:nickname:salto",,"أي مهاجم ألماني لعب لبريمن وبايرن واشتهر باحتفال الشقلبة ولقب «سالتو»؟","Which German striker played for Bremen and Bayern and was known for his somersault celebration and Salto nickname?","ميروسلاف كلوزه","Miroslav Klose","Bundesliga: Miroslav Klose legend","https://www.bundesliga.com/en/bundesliga/news/miroslav-klose-germany-fifa-world-cup-legend-bayern-munich-lazio-werder-bremen-17848/","Klose was nicknamed Salto Klose for his somersault goal celebration. Do not use potentially erroneous club statistics on this page.","2026-10-07"
"bundesliga_v2_059","easy200","dortmund1995:1996:coach",,"من المدرب الذي قاد دورتموند إلى لقبي الدوري المتتاليين عامي 1995 و1996؟","Which coach led Dortmund to successive league titles in 1995 and 1996?","أوتمار هيتسفيلد","Ottmar Hitzfeld","Bundesliga: German champions history","https://www.bundesliga.com/en/bundesliga/news/german-champions-in-the-bundesliga-bayern-munich-borussia-dortmund-24221","Hitzfeld coached Dortmund's 1995 and 1996 champions; Feldkamp coached Kaiserslautern's 1991 title; Christoph Daum coached Stuttgart's 1992 title; the 1995/96 season first awarded three points for a win.","2026-10-07"
"bundesliga_v2_060","easy200","alaba:nation:austria",,"أي منتخب يمثله دافيد ألابا الذي فاز بعشرة ألقاب بوندسليغا مع بايرن؟","Which national team does David Alaba, who won ten Bundesliga titles with Bayern, represent?","النمسا","Austria","Bundesliga: Top Austrian players","https://www.bundesliga.com/en/bundesliga/news/david-alaba-marcel-sabitzer-trimmel-herzog-polster-25377","Alaba is Austrian and was loaned to Hoffenheim in January 2011; Sabitzer scored in Leipzig's first Bundesliga game.","2026-10-07"
"bundesliga_v2_061","easy200","dortmund2017:cup:coach",,"من المدرب الذي فاز مع دورتموند بكأس ألمانيا عام 2017؟","Which coach won the German Cup with Dortmund in 2017?","توماس توخيل","Thomas Tuchel","Bundesliga: Greatest free transfers","https://www.bundesliga.com/en/bundesliga/news/german-football-s-greatest-free-transfers-lewandowski-marmoush-31474","Dortmund won the 2017 DFB Cup under Thomas Tuchel.","2026-10-07"
"bundesliga_v2_062","easy200","bayern2013:thiago:origin",,"من أي نادٍ إسباني انضم تياغو ألكانتارا إلى بايرن عام 2013؟","From which Spanish club did Thiago Alcantara join Bayern in 2013?","برشلونة","Barcelona","Bundesliga: Bayern's Spanish players and coach","https://www.bundesliga.com/en/bundesliga/news/bayern-munich-spanish-players-alonso-guardiola-thiago-martinez-zaragoza-26154","Thiago joined from Barcelona in 2013; Guardiola succeeded Heynckes; Martinez was the first Spaniard to play for Bayern in 2012; Alonso registered 204 touches against Cologne in 2014. Exclude the incorrect Thiago eight Bundesliga titles claim.","2026-10-07"
"bundesliga_v2_063","easy200","bayern2024:kompany:appointment",,"من قائد مانشستر سيتي السابق الذي تولى تدريب بايرن عام 2024؟","Which former Manchester City captain became Bayern coach in 2024?","فينسنت كومباني","Vincent Kompany","Bundesliga: Kompany appointed Bayern coach","https://www.bundesliga.com/en/bundesliga/news/vincent-kompany-new-bayern-munich-coach-succeeds-tuchel-27534/","Vincent Kompany succeeded Tuchel in 2024 after coaching Burnley; previously played for Hamburg from 2006 to 2008.","2026-10-07"
"bundesliga_v2_064","easy200","bayern2013:guardiola:appointment",,"من المدرب الإسباني الذي خلف يوب هاينكس في بايرن بعد ثلاثية 2013؟","Which Spanish coach succeeded Jupp Heynckes at Bayern after the 2013 treble?","بيب غوارديولا","Pep Guardiola","Bundesliga: Bayern's Spanish players and coach","https://www.bundesliga.com/en/bundesliga/news/bayern-munich-spanish-players-alonso-guardiola-thiago-martinez-zaragoza-26154","Thiago joined from Barcelona in 2013; Guardiola succeeded Heynckes; Martinez was the first Spaniard to play for Bayern in 2012; Alonso registered 204 touches against Cologne in 2014. Exclude the incorrect Thiago eight Bundesliga titles claim.","2026-10-07"
"bundesliga_v2_065","easy200","ribery2007:origin:marseille",,"من أي نادٍ فرنسي انضم فرانك ريبيري إلى بايرن عام 2007؟","From which French club did Franck Ribery join Bayern in 2007?","مارسيليا","Marseille","Bundesliga: Ribery, twelve unforgettable Bayern moments","https://www.bundesliga.com/en/bundesliga/news/franck-ribery-retires-12-seasons-at-bayern-munich-12-best-moments-1829","Robben and Ribery first shared the pitch for Bayern against Wolfsburg on 29 August 2009 in a 3-0 win.","2026-10-07"
"bundesliga_v2_066","easy200","robben2009:origin:real",,"من أي نادٍ إسباني انضم آريين روبن إلى بايرن عام 2009؟","From which Spanish club did Arjen Robben join Bayern in 2009?","ريال مدريد","Real Madrid","Bundesliga: Ribery, twelve unforgettable Bayern moments","https://www.bundesliga.com/en/bundesliga/news/franck-ribery-retires-12-seasons-at-bayern-munich-12-best-moments-1829","Robben and Ribery first shared the pitch for Bayern against Wolfsburg on 29 August 2009 in a 3-0 win.","2026-10-07"
"bundesliga_v2_067","easy200","wirtz:2024:playerseason",,"من نجم ليفركوزن الذي فاز بجائزة لاعب موسم البوندسليغا 2023/24؟","Which Leverkusen star won the Bundesliga Player of the Season award for 2023/24?","فلوريان فيرتز","Florian Wirtz","Bundesliga: Wirtz Player of the Season 2023/24","https://www.bundesliga.com/en/bundesliga/news/florian-wirtz-player-of-the-season-2023-24-ea-sports-27424","Wirtz won the 2023/24 Player of the Season award.","2026-10-07"
"bundesliga_v2_068","easy200","transfer:reus:gladbach2012",,"من أي نادٍ عاد ماركو رويس إلى دورتموند عام 2012؟","From which club did Marco Reus return to Dortmund in 2012?","بوروسيا مونشنغلادباخ","Borussia Monchengladbach","Bundesliga: Reus announces Dortmund departure","https://www.bundesliga.com/en/bundesliga/news/marco-reus-announces-departure-from-borussia-dortmund-27217/","Reus returned to Dortmund from Gladbach in 2012.","2026-10-07"
"bundesliga_v2_069","medium400","record:lewandowski:season41",,"كم هدفًا سجل روبرت ليفاندوفسكي في موسم البوندسليغا 2020–2021 محطمًا الرقم القياسي لموسم واحد؟","How many goals did Robert Lewandowski score in the 2020–2021 Bundesliga season to break the single-season record?","41 هدفًا","41 goals","Bundesliga: Player and club records","https://www.bundesliga.com/en/bundesliga/news/bundesliga-records-goals-titles-attendances-for-players-and-clubs-10555","Gerd Muller scored 365 career goals; Lewandowski scored 41 in 2020/21; Dieter Muller scored six for Cologne against Bremen in August 1977.","2026-10-07"
"bundesliga_v2_070","medium400","record:fastest:jointscorers",,"من اللاعبان اللذان سجلا هدفي البوندسليغا القياسيين بعد تسع ثوانٍ، مع ليفركوزن وهوفنهايم؟","Which two players scored the record nine-second Bundesliga goals for Leverkusen and Hoffenheim?","كريم بلعربي وكيفن فولاند","Karim Bellarabi and Kevin Volland","Bundesliga: Bellarabi, Volland and fastest goals","https://www.bundesliga.com/en/bundesliga/news/bellarabi-volland-musiala-the-fastest-goals-in-bundesliga-history-24353","Bellarabi for Leverkusen and Volland for Hoffenheim each scored after nine seconds.","2026-10-07"
"bundesliga_v2_071","medium400","nickname:schalke:miners",,"إلى أي مهنة تاريخية يشير لقب شالكه «دي كنابن»؟","Which historic occupation does Schalke's nickname Die Knappen refer to?","عمال المناجم","Miners","Bundesliga: Schalke historical guide","https://www.bundesliga.com/en/bundesliga/news/fc-schalke-04-bundesliga-club-by-club-historical-guide-24140","Schalke contest the Revierderby with Dortmund; Die Knappen means miners; Neuer developed in its academy.","2026-10-07"
"bundesliga_v2_072","medium400","coach:gladbach:weisweiler",,"من المدرب الذي بنى فريق مونشنغلادباخ الهجومي الشهير وأحرز معه ألقاب الدوري في السبعينيات؟","Which coach built Gladbach's famous attacking side and won league titles with them in the 1970s?","هينيس فايسفايلر","Hennes Weisweiler","Bundesliga: Borussia Monchengladbach historical guide","https://www.bundesliga.com/en/bundesliga/news/borussia-monchengladbach-bundesliga-club-by-club-historical-guide-heynckes-netzer-24134","Gladbach are the Foals; Weisweiler built the attacking team. Their 1978 Dortmund win was 12-0. Laumen broke a wooden post against Bremen in 1971; their former ground was Bokelbergstadion.","2026-10-07"
"bundesliga_v2_073","medium400","record:gladbach:largestwin",,"ما نتيجة فوز مونشنغلادباخ القياسي على دورتموند في الجولة الأخيرة من موسم 1977–1978؟","What was the score of Gladbach's record victory over Dortmund on the last day of 1977–1978?","12–0","12–0","Bundesliga: Borussia Monchengladbach historical guide","https://www.bundesliga.com/en/bundesliga/news/borussia-monchengladbach-bundesliga-club-by-club-historical-guide-heynckes-netzer-24134","Gladbach are the Foals; Weisweiler built the attacking team. Their 1978 Dortmund win was 12-0. Laumen broke a wooden post against Bremen in 1971; their former ground was Bokelbergstadion.","2026-10-07"
"bundesliga_v2_074","medium400","award:seeler:firsttopscorer",,"من مهاجم هامبورغ الذي أصبح أول هداف للبوندسليغا برصيد 30 هدفًا في موسمها الأول؟","Which Hamburg striker became the first Bundesliga top scorer with 30 goals in its inaugural season?","أوفه زيلر","Uwe Seeler","Bundesliga: Hamburger SV historical guide","https://www.bundesliga.com/en/bundesliga/news/hamburger-sv-bundesliga-club-by-club-historical-guide-keegan-seeler-24135","Hamburg were ever-present until relegation in 2018. Seeler was first league top scorer with 30 goals; a giant right-foot statue honours him outside Volksparkstadion.","2026-10-07"
"bundesliga_v2_075","medium400","record:zorc:dortmundappearances",,"من صاحب الرقم القياسي في المشاركات بالبوندسليغا مع دورتموند برصيد 463 مباراة؟","Who holds Dortmund's Bundesliga appearance record with 463 matches?","ميشائيل تسورك","Michael Zorc","Bundesliga: Borussia Dortmund historical guide","https://www.bundesliga.com/en/bundesliga/news/borussia-dortmund-bundesliga-club-by-club-historical-guide-klopp-reus-zorc-24117","Dortmund's Yellow Wall is its south terrace; Klopp won the 2011/12 titles and Sammer the 2002 title; Zorc made 463 Bundesliga appearances. Bochum and Schalke played the first Bundesliga match at Westfalenstadion in April 1974.","2026-10-07"
"bundesliga_v2_076","medium400","coach:bremen:2004double",,"من قاد فيردر بريمن إلى ثنائية الدوري وكأس ألمانيا عام 2004؟","Who coached Werder Bremen to the league and DFB Cup double in 2004?","توماس شاف","Thomas Schaaf","Bundesliga: Werder Bremen historical guide","https://www.bundesliga.com/en/bundesliga/news/werder-bremen-bundesliga-club-by-club-historical-guide-ozil-pizarro-rehhagel-24116","King Otto Rehhagel won Bremen's 1988/1993 titles; Schaaf won the 2004 double; Ozil scored the 2009 cup final's only goal. Werder means a small river island and Weserstadion is named after the Weser.","2026-10-07"
"bundesliga_v2_077","medium400","attack:stuttgart:magictriangle",,"من اللاعبون الثلاثة الذين شكلوا «المثلث السحري» في هجوم شتوتغارت في التسعينيات؟","Which three players formed Stuttgart's Magic Triangle attack in the 1990s?","جيوفاني إلبر وفريدي بوبيتش وكراسيمير بالاكوف","Giovane Elber, Fredi Bobic and Krassimir Balakov","Bundesliga: Stuttgart historical guide","https://www.bundesliga.com/en/bundesliga/news/vfb-stuttgart-bundesliga-club-by-club-historical-guide-klinsmann-werner-khedira-24118","Kimmich developed at Stuttgart; white shirts have a red hoop. Elber, Bobic and Balakov formed the Magic Triangle; Hildebrand went 884 minutes unbeaten in 2003. Khedira scored the 2007 title clincher. Allgower has 338 Bundesliga appearances and 129 goals for Stuttgart.","2026-10-07"
"bundesliga_v2_078","medium400","record:hildebrand:884minutes",,"أي حارس لشتوتغارت حافظ على شباكه دون هدف لمدة 884 دقيقة متتالية بالبوندسليغا عام 2003؟","Which Stuttgart goalkeeper went 884 consecutive Bundesliga minutes without conceding in 2003?","تيمو هيلدبراند","Timo Hildebrand","Bundesliga: Stuttgart historical guide","https://www.bundesliga.com/en/bundesliga/news/vfb-stuttgart-bundesliga-club-by-club-historical-guide-klinsmann-werner-khedira-24118","Kimmich developed at Stuttgart; white shirts have a red hoop. Elber, Bobic and Balakov formed the Magic Triangle; Hildebrand went 884 minutes unbeaten in 2003. Khedira scored the 2007 title clincher. Allgower has 338 Bundesliga appearances and 129 goals for Stuttgart.","2026-10-07"
"bundesliga_v2_079","medium400","stadium:bremen:weserriver",,"يحمل ملعب فيردر بريمن اسم أي نهر يمر بجواره؟","Werder Bremen's stadium is named after which river that flows alongside it?","نهر فيزر","The Weser","Bundesliga: Werder Bremen historical guide","https://www.bundesliga.com/en/bundesliga/news/werder-bremen-bundesliga-club-by-club-historical-guide-ozil-pizarro-rehhagel-24116","King Otto Rehhagel won Bremen's 1988/1993 titles; Schaaf won the 2004 double; Ozil scored the 2009 cup final's only goal. Werder means a small river island and Weserstadion is named after the Weser.","2026-10-07"
"bundesliga_v2_080","medium400","match:stuttgart2007:clinchscorer",,"من سجل هدف الفوز لشتوتغارت أمام إنرغي كوتبوس في مباراة حسم لقب الدوري عام 2007؟","Who scored Stuttgart's winner against Energie Cottbus in the match that clinched the 2007 league title?","سامي خضيرة","Sami Khedira","Bundesliga: Stuttgart historical guide","https://www.bundesliga.com/en/bundesliga/news/vfb-stuttgart-bundesliga-club-by-club-historical-guide-klinsmann-werner-khedira-24118","Kimmich developed at Stuttgart; white shirts have a red hoop. Elber, Bobic and Balakov formed the Magic Triangle; Hildebrand went 884 minutes unbeaten in 2003. Khedira scored the 2007 title clincher. Allgower has 338 Bundesliga appearances and 129 goals for Stuttgart.","2026-10-07"
"bundesliga_v2_081","medium400","stadium:lautern:walternamesake",,"ما اسم قائد ألمانيا بطل العالم عام 1954 الذي يحمل ملعب كايزرسلاوترن اسمه؟","What is the name of Germany's 1954 World Cup-winning captain whose name Kaiserslautern's stadium bears?","فريتز فالتر","Fritz Walter","Bundesliga: Kaiserslautern historical guide","https://www.bundesliga.com/en/bundesliga/news/kaiserslautern-bundesliga-club-by-club-historical-guide-rehhagel-24160","Lautern won the league in 1998 immediately after promotion. Fritz Walter captained Germany in 1954 and the stadium bears his name. Josef Pirrung scored twice in the 1973 7-4 Bayern comeback.","2026-10-07"
"bundesliga_v2_082","medium400","europe:mainz:fairplay2005",,"بأي طريق تأهل ماينتس إلى كأس الاتحاد الأوروبي موسم 2005–2006 دون أن يحصل على مركز أوروبي في الدوري؟","Through which route did Mainz enter the 2005–2006 UEFA Cup without earning a European place through the league table?","اللعب النظيف","Fair play","Bundesliga: Mainz historical guide","https://www.bundesliga.com/en/bundesliga/news/mainz-bundesliga-club-by-club-historical-guide-klopp-tuchel-24188","Klopp led first promotion in 2004; fair play gave 2005/06 UEFA Cup entry. Andersen secured 2009 promotion but was dismissed four days before kickoff; Tuchel succeeded him after winning the U19 national title.","2026-10-07"
"bundesliga_v2_083","medium400","culture:union:bleedfundraiser",,"في حملة «انزف من أجل أونيون»، ماذا فعل المشجعون للحصول على مال يتبرعون به للنادي؟","In the Bleed for Union campaign, what did supporters do to earn money to donate to the club?","تبرعوا بالدم مقابل أجر","Donated blood for payment","Bundesliga: Union Berlin historical guide","https://www.bundesliga.com/en/bundesliga/news/union-berlin-club-by-club-historical-guide-24212","Fischer led the first Bundesliga promotion in 2019. Fans donated earnings from paid blood donations; rebuilt Alte Forsterei; and have gathered to sing Christmas songs since 2003.","2026-10-07"
"bundesliga_v2_084","medium400","stadium:union:alteforsterei",,"ما اسم ملعب أونيون برلين التاريخي الذي ساعد المشجعون في إعادة بنائه؟","What is the name of Union Berlin's historic stadium that supporters helped rebuild?","أن دير ألتن فورستراي","An der Alten Forsterei","Bundesliga: Union Berlin historical guide","https://www.bundesliga.com/en/bundesliga/news/union-berlin-club-by-club-historical-guide-24212","Fischer led the first Bundesliga promotion in 2019. Fans donated earnings from paid blood donations; rebuilt Alte Forsterei; and have gathered to sing Christmas songs since 2003.","2026-10-07"
"bundesliga_v2_085","medium400","coach:frankfurt:2022europe",,"من قاد آينتراخت فرانكفورت للفوز بالدوري الأوروبي عام 2022 دون خسارة في البطولة؟","Who coached Eintracht Frankfurt to the 2022 Europa League title without a defeat in the competition?","أوليفر غلاسنر","Oliver Glasner","Bundesliga: Frankfurt historical guide","https://www.bundesliga.com/en/bundesliga/news/eintracht-frankfurt-bundesliga-club-by-club-historical-guide-europa-24142","Frankfurt's crest has an eagle; live eagle Attila began flying in 2006. Eintracht means unity; Korbel played 602 Bundesliga matches. Glasner won the 2022 Europa League unbeaten.","2026-10-07"
"bundesliga_v2_086","medium400","record:korbel:602appearances",,"من صاحب الرقم القياسي في مشاركات البوندسليغا برصيد 602 مباراة، كلها مع فرانكفورت؟","Who holds the Bundesliga appearance record with 602 matches, all for Frankfurt?","كارل هاينتس كوربل","Karl-Heinz Korbel","Bundesliga: Frankfurt historical guide","https://www.bundesliga.com/en/bundesliga/news/eintracht-frankfurt-bundesliga-club-by-club-historical-guide-europa-24142","Frankfurt's crest has an eagle; live eagle Attila began flying in 2006. Eintracht means unity; Korbel played 602 Bundesliga matches. Glasner won the 2022 Europa League unbeaten.","2026-10-07"
"bundesliga_v2_087","medium400","family:boateng:herthabrothers",,"من الشقيقان اللذان قدمهما هيرتا برلين لكرة القدم الاحترافية، وأصبح أحدهما بطل العالم مع ألمانيا عام 2014؟","Which brothers did Hertha Berlin introduce to professional football, one becoming a 2014 World Cup winner with Germany?","جيروم وكيفن برينس بواتينغ","Jerome and Kevin-Prince Boateng","Bundesliga: Hertha Berlin historical guide","https://www.bundesliga.com/en/bundesliga/news/hertha-berlin-bundesliga-club-by-club-historical-guide-24161","Hertha play at Berlin Olympiastadion; their name came from a steamboat and nickname is Old Lady. Dardai holds the Bundesliga appearance record; Boateng brothers debuted professionally at Hertha. Record 88,075 attendance came against Cologne in September 1969.","2026-10-07"
"bundesliga_v2_088","medium400","makaay:nickname:phantom",,"أي مهاجم هولندي في بايرن لُقب بـ«الشبح»؟","Which Dutch Bayern striker was nicknamed The Phantom?","روي ماكاي","Roy Makaay","FC Bayern: Roy Makaay legends profile","https://fcbayern.com/en/teams/fc-bayern-legends/players/roy-makaay","Makaay was nicknamed The Phantom; scored Bayern's 3000th Bundesliga goal in August 2006; returned to the Netherlands with Feyenoord in 2007.","2026-10-07"
"bundesliga_v2_089","medium400","record:butt:scoringkeeper",,"أي حارس مرمى سجل 26 هدفًا بالبوندسليغا، كلها من ركلات جزاء؟","Which goalkeeper scored 26 Bundesliga goals, all from penalties?","هانس يورغ بوت","Hans-Jorg Butt","Bundesliga: Bayer Leverkusen historical guide","https://www.bundesliga.com/en/bundesliga/news/bayer-leverkusen-club-by-club-historical-guide-havertz-wirtz-ballack-24153","Bayer pharmaceutical workers founded the Factory XI; Kirsten scored 182 club Bundesliga goals. Butt scored 26 league penalties; Hanke lobbed him from kickoff in 2003/04. Ballack's own goal came at Unterhaching on the final day in 2000. Erroneous 2000/01 treble caption and Wirtz academy claim excluded.","2026-10-07"
"bundesliga_v2_090","medium400","record:kirsten:bayergoals",,"من هداف ليفركوزن التاريخي في البوندسليغا برصيد 182 هدفًا؟","Who is Leverkusen's all-time Bundesliga top scorer with 182 goals?","أولف كيرستن","Ulf Kirsten","Bundesliga: Bayer Leverkusen historical guide","https://www.bundesliga.com/en/bundesliga/news/bayer-leverkusen-club-by-club-historical-guide-havertz-wirtz-ballack-24153","Bayer pharmaceutical workers founded the Factory XI; Kirsten scored 182 club Bundesliga goals. Butt scored 26 league penalties; Hanke lobbed him from kickoff in 2003/04. Ballack's own goal came at Unterhaching on the final day in 2000. Erroneous 2000/01 treble caption and Wirtz academy claim excluded.","2026-10-07"
"bundesliga_v2_091","medium400","coach:hoffenheim:backtobackpromotion",,"من قاد هوفنهايم إلى صعودين متتاليين من الدرجة الثالثة إلى البوندسليغا بين 2006 و2008؟","Who led Hoffenheim to back-to-back promotions from the third tier to the Bundesliga between 2006 and 2008?","رالف رانغنيك","Ralf Rangnick","Bundesliga: Hoffenheim historical guide","https://www.bundesliga.com/en/bundesliga/news/hoffenheim-club-by-club-historical-guide-nagelsmann-hopp-24189","Nagelsmann became youngest permanent Bundesliga coach at 28 in 2016. Rangnick led successive promotions, reaching the Bundesliga in 2008. Hopp co-founded SAP; Compper first represented Germany while at Hoffenheim in November 2008.","2026-10-07"
"bundesliga_v2_092","medium400","business:hopp:sap",,"ما شركة البرمجيات التي شارك في تأسيسها ديتمار هوب، الداعم الرئيسي لهوفنهايم؟","Which software company did Hoffenheim's major backer Dietmar Hopp co-found?","إس إيه بي","SAP","Bundesliga: Hoffenheim historical guide","https://www.bundesliga.com/en/bundesliga/news/hoffenheim-club-by-club-historical-guide-nagelsmann-hopp-24189","Nagelsmann became youngest permanent Bundesliga coach at 28 in 2016. Rangnick led successive promotions, reaching the Bundesliga in 2008. Hopp co-founded SAP; Compper first represented Germany while at Hoffenheim in November 2008.","2026-10-07"
"bundesliga_v2_093","medium400","europe:augsburg:2016opponent",,"أي نادٍ إنجليزي أنهى رحلة أوغسبورغ الأولى بالدوري الأوروبي في دور الـ32 عام 2016؟","Which English club ended Augsburg's first Europa League campaign in the round of 32 in 2016?","ليفربول","Liverpool","Bundesliga: Augsburg historical guide","https://www.bundesliga.com/en/bundesliga/news/augsburg-club-by-club-historical-guide-bavaria-24196","Hain scored the 2011 promotion-clinching goal against FSV Frankfurt. Liverpool ended the first Europa League campaign in the 2016 round of 32. Haller returned in 1973 after winning Italian titles with Bologna and Juventus.","2026-10-07"
"bundesliga_v2_094","medium400","coach:wolfsburg:2009",,"من قاد فولفسبورغ للفوز بالبوندسليغا عام 2009؟","Who coached Wolfsburg to the Bundesliga title in 2009?","فيليكس ماغات","Felix Magath","Bundesliga: Wolfsburg historical guide","https://www.bundesliga.com/en/bundesliga/news/wolfsburg-club-by-club-historical-guide-volkswagen-de-bruyne-dzeko-magath-24167","Volkswagen staff founded Wolfsburg; Magath coached the 2009 title side with Dzeko and Grafite, the 28-goal top scorer. Mount Magath was a training hill. McClaren became first English Bundesliga coach in 2010.","2026-10-07"
"bundesliga_v2_095","medium400","award:grafite:2009",,"من مهاجم فولفسبورغ البرازيلي الذي تصدر هدافي البوندسليغا عام 2009 برصيد 28 هدفًا؟","Which Brazilian Wolfsburg striker topped the Bundesliga scoring chart in 2009 with 28 goals?","غرافيتي","Grafite","Bundesliga: Wolfsburg historical guide","https://www.bundesliga.com/en/bundesliga/news/wolfsburg-club-by-club-historical-guide-volkswagen-de-bruyne-dzeko-magath-24167","Volkswagen staff founded Wolfsburg; Magath coached the 2009 title side with Dzeko and Grafite, the 28-goal top scorer. Mount Magath was a training hill. McClaren became first English Bundesliga coach in 2010.","2026-10-07"
"bundesliga_v2_096","medium400","nickname:hertha:oldlady",,"أي نادٍ من برلين يعرف بلقب «السيدة العجوز»؟","Which Berlin club is nicknamed the Old Lady?","هيرتا برلين","Hertha Berlin","Bundesliga: Hertha Berlin historical guide","https://www.bundesliga.com/en/bundesliga/news/hertha-berlin-bundesliga-club-by-club-historical-guide-24161","Hertha play at Berlin Olympiastadion; their name came from a steamboat and nickname is Old Lady. Dardai holds the Bundesliga appearance record; Boateng brothers debuted professionally at Hertha. Record 88,075 attendance came against Cologne in September 1969.","2026-10-07"
"bundesliga_v2_097","medium400","history:hertha:steamboatname",,"على اسم أي نوع من وسائل النقل سُمّي نادي هيرتا برلين؟","Hertha Berlin was named after which type of transport?","باخرة","A steamboat","Bundesliga: Hertha Berlin historical guide","https://www.bundesliga.com/en/bundesliga/news/hertha-berlin-bundesliga-club-by-club-historical-guide-24161","Hertha play at Berlin Olympiastadion; their name came from a steamboat and nickname is Old Lady. Dardai holds the Bundesliga appearance record; Boateng brothers debuted professionally at Hertha. Record 88,075 attendance came against Cologne in September 1969.","2026-10-07"
"bundesliga_v2_098","medium400","record:dardai:herthaappearances",,"من اللاعب المجري الذي يحمل الرقم القياسي في مشاركات البوندسليغا مع هيرتا برلين؟","Which Hungarian player holds Hertha Berlin's Bundesliga appearance record?","بال دارداي","Pal Dardai","Bundesliga: Hertha Berlin historical guide","https://www.bundesliga.com/en/bundesliga/news/hertha-berlin-bundesliga-club-by-club-historical-guide-24161","Hertha play at Berlin Olympiastadion; their name came from a steamboat and nickname is Old Lady. Dardai holds the Bundesliga appearance record; Boateng brothers debuted professionally at Hertha. Record 88,075 attendance came against Cologne in September 1969.","2026-10-07"
"bundesliga_v2_099","medium400","nickname:cherundolo:captainamerica",,"أي لاعب أمريكي قضى مسيرته الاحترافية مع هانوفر واشتهر بلقب «كابتن أمريكا»؟","Which American player spent his professional career at Hannover and was known as Captain America?","ستيف تشيروندولو","Steve Cherundolo","Bundesliga: Hannover historical guide","https://www.bundesliga.com/en/bundesliga/news/hannover-club-by-club-historical-guide-cherundolo-zieler-24165","Cherundolo is Captain America. Hannover scored three own goals against Gladbach in December 2009; Diouf got two yellow cards in 12 minutes in October 2013.","2026-10-07"
"bundesliga_v2_100","medium400","history:nuremberg:relegatedchampion",,"أي نادٍ هبط من البوندسليغا عام 1969، بعد موسم واحد من فوزه باللقب؟","Which club was relegated from the Bundesliga in 1969, one season after winning the title?","نورمبرغ","Nuremberg","Bundesliga: Nuremberg historical guide","https://www.bundesliga.com/en/bundesliga/news/nuremberg-club-by-club-historical-guide-gundogan-max-morlock-24164","Nuremberg were relegated in 1969 after winning in 1968; Max Morlock was first German World Cup final scorer and stadium namesake. Fifth-tier Ulm beat Nuremberg 2-1 in the 2001/02 DFB Cup.","2026-10-07"
"bundesliga_v2_101","medium400","stadium:nuremberg:morlocknamesake",,"ما اسم أسطورة نورمبرغ، أول ألماني يسجل في نهائي كأس العالم، الذي يحمل ملعب النادي اسمه؟","What is the name of the Nuremberg legend, the first German to score in a World Cup final, whose name the club's stadium bears?","ماكس مورلوك","Max Morlock","Bundesliga: Nuremberg historical guide","https://www.bundesliga.com/en/bundesliga/news/nuremberg-club-by-club-historical-guide-gundogan-max-morlock-24164","Nuremberg were relegated in 1969 after winning in 1968; Max Morlock was first German World Cup final scorer and stadium namesake. Fifth-tier Ulm beat Nuremberg 2-1 in the 2001/02 DFB Cup.","2026-10-07"
"bundesliga_v2_102","medium400","transfer:kahn:karlsruhe",,"من أي نادٍ انتقل أوليفر كان إلى بايرن ميونخ عام 1994؟","From which club did Oliver Kahn join Bayern Munich in 1994?","كارلسروه","Karlsruher SC","FC Bayern Hall of Fame: Oliver Kahn","https://fcbayern.com/en/club/hall-of-fame/oliver-kahn","Kahn is the Titan; he joined from Karlsruher SC in 1994 after 128 Bundesliga appearances there.","2026-10-07"
"bundesliga_v2_103","medium400","player:beckenbauer:hamburgreturn",,"مع أي نادٍ عاد بيكنباور للعب في ألمانيا بعد تجربته مع نيويورك كوزموس؟","With which club did Beckenbauer return to playing in Germany after his spell at New York Cosmos?","هامبورغ","Hamburg","FC Bayern Hall of Fame: Franz Beckenbauer","https://fcbayern.com/en/club/hall-of-fame/franz-beckenbauer","Beckenbauer is known as the Kaiser; after Bayern he played for New York Cosmos and Hamburg.","2026-10-07"
"bundesliga_v2_104","medium400","match:naldo:derbyequaliser2017",,"من سجل هدف التعادل المتأخر لشالكه في العودة من التأخر 4–0 إلى التعادل 4–4 مع دورتموند عام 2017؟","Who scored Schalke's late equaliser in their comeback from 4–0 down to draw 4–4 with Dortmund in 2017?","نالدو","Naldo","Bundesliga: Dortmund-Schalke, matchday 13 in 2017/18","https://www.bundesliga.com/en/bundesliga/matchday/2017-2018/13/borussia-dortmund-vs-fc-schalke-04/liveticker","Schalke trailed 4-0 and drew 4-4; Naldo scored in the fourth minute of stoppage time.","2026-10-07"
"bundesliga_v2_105","medium400","match:kiessling:ghostgoal2013",,"من مهاجم ليفركوزن الذي احتُسبت له رأسية «هدف شبح» بعدما دخلت الكرة عبر ثقب في جانب الشباك أمام هوفنهايم عام 2013؟","Which Leverkusen striker was awarded a headed ghost goal after the ball entered through a hole in the side netting against Hoffenheim in 2013?","شتيفان كيسلينغ","Stefan Kiessling","Bundesliga: Two bizarre ghost goals","https://www.bundesliga.com/en/bundesliga/news/bizarre-ghost-goals-bayern-munich-bayer-leverkusen-kiessling-24771","Helmer's 1994 ghost goal against Nuremberg led to a replay; Kiessling's 2013 header entered through a hole against Hoffenheim. Goal-line technology began in 2015/16.","2026-10-07"
"bundesliga_v2_106","medium400","attack:frankfurt:buffaloherd",,"من شكل ثلاثي فرانكفورت الهجومي المعروف بـ«قطيع الجاموس» موسم 2018–2019؟","Who formed Frankfurt's Buffalo Herd attacking trio in 2018–2019?","لوكا يوفيتش وأنتي ريبيتش وسيباستيان هالر","Luka Jovic, Ante Rebic and Sebastien Haller","Bundesliga: Frankfurt's great attacking tradition","https://www.bundesliga.com/en/bundesliga/news/hugo-ekitike-omar-marmoush-eintracht-frankfurt-great-strike-partnerships-28778","Jovic, Rebic and Haller formed the Buffalo Herd in 2018/19.","2026-10-07"
"bundesliga_v2_107","medium400","coach:rehhagel:kingotto",,"ما اسم المدرب الملقب بـ«الملك أوتو» الذي قاد فيردر بريمن إلى لقبي الدوري عامي 1988 و1993؟","What is the name of the coach nicknamed King Otto who led Werder Bremen to the 1988 and 1993 league titles?","أوتو ريهاغل","Otto Rehhagel","Bundesliga: Werder Bremen historical guide","https://www.bundesliga.com/en/bundesliga/news/werder-bremen-bundesliga-club-by-club-historical-guide-ozil-pizarro-rehhagel-24116","King Otto Rehhagel won Bremen's 1988/1993 titles; Schaaf won the 2004 double; Ozil scored the 2009 cup final's only goal. Werder means a small river island and Weserstadion is named after the Weser.","2026-10-07"
"bundesliga_v2_108","medium400","gladbach1977:ballondor",,"من نجم مونشنغلادباخ الدنماركي الذي فاز بالكرة الذهبية عام 1977؟","Which Danish Monchengladbach star won the Ballon d'Or in 1977?","آلان سيمونسن","Allan Simonsen","Borussia Monchengladbach: FohlenWelt museum","https://buchung.borussia.de/event/fohlenwelt-nnljpp","The museum displays Allan Simonsen's 1977 Ballon d'Or.","2026-10-07"
"bundesliga_v2_109","medium400","award:huntelaar:2012",,"من مهاجم شالكه الهولندي الذي توج هدافًا للبوندسليغا موسم 2011–2012 برصيد 29 هدفًا؟","Which Dutch Schalke striker won the Bundesliga scoring title in 2011–2012 with 29 goals?","كلاس يان هونتيلار","Klaas-Jan Huntelaar","Bundesliga: History of top scorers by season","https://www.bundesliga.com/en/bundesliga/news/a-history-of-top-scorers-by-season-lewandowski-muller-aubameyang-19353","Huntelaar scored 29 for Schalke to top the chart in 2011/12; Frankfurt's Meier won in 2014/15 despite missing the final six rounds.","2026-10-07"
"bundesliga_v2_110","medium400","coach:veh:2007title",,"من المدرب الذي قاد شتوتغارت إلى لقب البوندسليغا عام 2007؟","Which coach led Stuttgart to the Bundesliga title in 2007?","أرمين فيه","Armin Veh","Bundesliga: Stuttgart's 2006/07 title winners","https://www.bundesliga.com/en/bundesliga/news/iconic-teams-stuttgart-2006-07-title-winners-khedira-hitzlsperger-gomez-24931","Armin Veh succeeded Giovanni Trapattoni in February 2006 and won the 2007 league; Pavel Pardo and Ricardo Osorio were Mexican members of the title team.","2026-10-07"
"bundesliga_v2_111","medium400","karlsruhe1990s:coach:schafer",,"من المدرب الذي قاد كارلسروه إلى حقبته الأوروبية في التسعينيات بعد توليه المهمة عام 1986؟","Which coach led Karlsruhe's European era in the 1990s after taking charge in 1986?","وينفريد شيفر","Winfried Schafer","Bundesliga: Karlsruhe historical guide","https://www.bundesliga.com/en/bundesliga/news/karlsruhe-club-by-club-historical-guide-oliver-kahn-schafer-24171","Winfried Schafer coached Karlsruhe's 1990s European run; Mehmet Scholl developed there; Austria Salzburg eliminated them on away goals in the 1994 UEFA Cup semi-final.","2026-10-07"
"bundesliga_v2_112","medium400","bayern2001:titleclinchscorer",,"من سجل الركلة الحرة غير المباشرة في الوقت بدل الضائع التي حسمت لقب 2001 لبايرن في هامبورغ؟","Who scored the stoppage-time indirect free kick in Hamburg that secured Bayern's 2001 title?","باتريك أندرسون","Patrik Andersson","Bundesliga: The dramatic 2001 title finish","https://www.bundesliga.com/en/bundesliga/news/bayern-munich-schalke-most-dramatic-title-finish-2001-24146","Patrik Andersson's stoppage-time indirect free kick in Hamburg secured Bayern's title. Exclude the article's inaccurate description of Rudi Assauer as coach.","2026-10-07"
"bundesliga_v2_113","medium400","coach:union:firstpromotion",,"من المدرب السويسري الذي قاد أونيون برلين إلى صعوده الأول للبوندسليغا عام 2019؟","Which Swiss coach led Union Berlin to their first Bundesliga promotion in 2019?","أورس فيشر","Urs Fischer","Bundesliga: Union Berlin historical guide","https://www.bundesliga.com/en/bundesliga/news/union-berlin-club-by-club-historical-guide-24212","Fischer led the first Bundesliga promotion in 2019. Fans donated earnings from paid blood donations; rebuilt Alte Forsterei; and have gathered to sing Christmas songs since 2003.","2026-10-07"
"bundesliga_v2_114","medium400","goretzka:youthclub",,"في أي نادٍ نشأ ليون غوريتسكا قبل انتقاله إلى شالكه؟","At which club did Leon Goretzka develop before moving to Schalke?","بوخوم","Bochum","Bundesliga: Goretzka meets his boyhood club","https://www.bundesliga.com/de/bundesliga/news/leon-goretzka-fc-bayern-munchen-vfl-bochum-1848-31206","Leon Goretzka grew up in Bochum and played for his youth club VfL Bochum.","2026-10-07"
"bundesliga_v2_115","medium400","cottbus:2001:foreignXI",,"أي نادٍ أشرك أول تشكيلة أساسية في البوندسليغا بلا أي لاعب ألماني عام 2001؟","Which club fielded the first Bundesliga starting XI without a German player in 2001?","إنرغي كوتبوس","Energie Cottbus","Bundesliga: Energie Cottbus historical guide","https://www.bundesliga.com/en/bundesliga/news/energie-cottbus-club-by-club-historical-guide-24204","Cottbus fielded the first Bundesliga starting XI with no German players against Wolfsburg in April 2001; reached the 1997 cup final from outside the top two tiers and lost to Stuttgart.","2026-10-07"
"bundesliga_v2_116","medium400","kiel:nickname:storks",,"ما الطائر الذي يُطلق لقبه على نادي هولشتاين كيل؟","Which bird gives Holstein Kiel its nickname?","اللقلق","The stork","Bundesliga: Animal team names","https://www.bundesliga.com/en/bundesliga/news/clubs-with-animal-names-germany-eagles-wolves-goats-foals-lions-25000","Duisburg are the Zebras because of striped shirts; Kiel are the Storks; Duisburg's Zebratwist in 1963 was the first official Bundesliga club anthem.","2026-10-07"
"bundesliga_v2_117","medium400","heidenheim:firstpromotion:coach",,"من المدرب الذي قاد هايدنهايم إلى أول صعود للبوندسليغا عام 2023 بعد توليه المهمة عام 2007؟","Which coach led Heidenheim to their first Bundesliga promotion in 2023 after taking charge in 2007?","فرانك شميت","Frank Schmidt","Bundesliga: Heidenheim historical guide","https://www.bundesliga.com/en/bundesliga/news/1-fc-heidenheim-1846-club-by-club-historical-guide-24332","Frank Schmidt led the club's first Bundesliga promotion in 2023; the Voith Arena is 555 metres above sea level; their first European competition was the Conference League in 2024/25.","2026-10-07"
"bundesliga_v2_118","medium400","karlsruhe:scholl:youthclub",,"أي نادٍ ألماني طور موهبة محمد شول قبل انتقاله إلى بايرن؟","Which German club developed Mehmet Scholl before he moved to Bayern?","كارلسروه","Karlsruhe","Bundesliga: Karlsruhe historical guide","https://www.bundesliga.com/en/bundesliga/news/karlsruhe-club-by-club-historical-guide-oliver-kahn-schafer-24171","Winfried Schafer coached Karlsruhe's 1990s European run; Mehmet Scholl developed there; Austria Salzburg eliminated them on away goals in the 1994 UEFA Cup semi-final.","2026-10-07"
"bundesliga_v2_119","medium400","stpauli:stadium:millerntor",,"ما اسم ملعب سانت باولي الشهير في هامبورغ؟","What is the name of St. Pauli's famous stadium in Hamburg?","ميلرنتور","Millerntor","Bundesliga: St Pauli historical guide","https://www.bundesliga.com/en/bundesliga/news/st-pauli-club-by-club-historical-guide-hamburg-reeperbahn-kultclub-24198","Hamburg rivals St Pauli play at the Millerntor; skull and crossbones are a fan symbol; the 2003 rescue campaign sold Retter shirts; Football Koalas watched from trees; the club beat Intercontinental champions Bayern in 2002.","2026-10-07"
"bundesliga_v2_120","medium400","heidenheim:firsteurope:competition",,"في أي بطولة أوروبية شارك هايدنهايم لأول مرة بعد موسمه الأول في البوندسليغا؟","In which European competition did Heidenheim first participate after their debut Bundesliga season?","دوري المؤتمر الأوروبي","UEFA Conference League","Bundesliga: Heidenheim historical guide","https://www.bundesliga.com/en/bundesliga/news/1-fc-heidenheim-1846-club-by-club-historical-guide-24332","Frank Schmidt led the club's first Bundesliga promotion in 2023; the Voith Arena is 555 metres above sea level; their first European competition was the Conference League in 2024/25.","2026-10-07"
"bundesliga_v2_121","medium400","fortuna:allofs:brothers",,"ما اسما الأخوين ألوفس اللذين تألقا مع فورتونا دوسلدورف في حقبة السبعينيات؟","What are the first names of the Allofs brothers who starred for Fortuna Dusseldorf in the 1970s era?","كلاوس وتوماس","Klaus and Thomas","Bundesliga: Fortuna Dusseldorf historical guide","https://www.bundesliga.com/en/bundesliga/news/fortuna-dusseldorf-club-by-club-historical-guide-free-tickets-allofs-24168","Klaus and Thomas Allofs starred for Fortuna; the Fortuna For All scheme aims for free home tickets; a bread-factory carriage inspired the name; Gerd Zewe made 440 Bundesliga appearances; Fortuna beat Bayern 7-1 in December 1978.","2026-10-07"
"bundesliga_v2_122","medium400","fortuna:free:initiative",,"ما اسم مبادرة فورتونا دوسلدورف التي تستهدف إتاحة مباريات الفريق على أرضه مجاناً للجماهير؟","What is Fortuna Dusseldorf's initiative aiming to make home matches free for fans called?","فورتونا للجميع","Fortuna For All","Bundesliga: Fortuna Dusseldorf historical guide","https://www.bundesliga.com/en/bundesliga/news/fortuna-dusseldorf-club-by-club-historical-guide-free-tickets-allofs-24168","Klaus and Thomas Allofs starred for Fortuna; the Fortuna For All scheme aims for free home tickets; a bread-factory carriage inspired the name; Gerd Zewe made 440 Bundesliga appearances; Fortuna beat Bayern 7-1 in December 1978.","2026-10-07"
"bundesliga_v2_123","medium400","bellingham:captain:2022",,"من لاعب دورتموند الذي أصبح في أكتوبر 2022 أصغر قائد فريق في البوندسليغا منذ بدء سجلات القادة عام 1995؟","Which Dortmund player became the youngest Bundesliga captain in October 2022 since captaincy records began in 1995?","جود بيلينغهام","Jude Bellingham","Bundesliga: Bellingham's captaincy","https://www.bundesliga.com/en/bundesliga/news/jude-bellingham-borussia-dortmund-captaincy-a-dream-come-true-21408","Bellingham captained Dortmund against Cologne aged 19 on 1 October 2022, the youngest Bundesliga captain since records began in 1995.","2026-10-07"
"bundesliga_v2_124","medium400","musiala:academy:chelsea",,"من أكاديمية أي نادٍ لندني انضم جمال موسيالا إلى بايرن عام 2019؟","From which London club's academy did Jamal Musiala join Bayern in 2019?","تشيلسي","Chelsea","Bundesliga: Ten things on Musiala","https://www.bundesliga.com/en/bundesliga/news/jamal-musiala-10-things-on-the-bayern-munich-and-german-midfielder-31124","Musiala represented England's youth teams before choosing Germany in 2021; joined Bayern from Chelsea's academy in 2019. Exclude erroneous age 17 for the 2019 move.","2026-10-07"
"bundesliga_v2_125","medium400","lewandowski:2010:origin",,"من أي نادٍ بولندي انتقل ليفاندوفسكي إلى دورتموند عام 2010؟","From which Polish club did Lewandowski join Dortmund in 2010?","ليخ بوزنان","Lech Poznan","Bundesliga: Dortmund's talents turned stars","https://www.bundesliga.com/en/bundesliga/news/bellingham-haaland-lewandowksi-youngsters-turned-stars-dortmund-23792","Bellingham joined from Birmingham City in 2020; Lewandowski joined from Lech Poznan in 2010.","2026-10-07"
"bundesliga_v2_126","medium400","lahm:loan:stuttgart",,"إلى أي نادٍ أعير فيليب لام من بايرن ليصبح لاعباً أساسياً تحت قيادة فيليكس ماغات؟","To which club was Philipp Lahm loaned from Bayern, becoming a regular under Felix Magath?","شتوتغارت","Stuttgart","FC Bayern: Lahm's career in pictures","https://fcbayern.com/en/photos/2017/05/gallery-philipp-lahms-career","Lahm went on loan to Stuttgart, established himself under Felix Magath and first wore number 21 there.","2026-10-07"
"bundesliga_v2_127","medium400","klinsmann:trade:baker",,"في أي مهنة تدرب يورغن كلينسمان في مشروع عائلته قبل التفرغ لكرة القدم؟","In what trade did Jurgen Klinsmann apprentice in his family's business before focusing on football?","خباز","Baker","Bundesliga: Ten things on Klinsmann","https://amp.bundesliga.com/en/bundesliga/news/jurgen-klinsmann-10-things-on-the-germany-legend-and-hertha-berlin-coach-usmnt-9887","Klinsmann trained as a baker and gained a commercial helicopter pilot licence; played under the alias Jay Goppingen in the United States.","2026-10-07"
"bundesliga_v2_128","medium400","leipzig:rb:expansion",,"ما الكلمة التي يمثلها الحرفان RB في الاسم الرسمي لنادي لايبزيغ؟","What word do the letters RB stand for in Leipzig's official club name?","راسن بال شبورت","RasenBallsport","Bundesliga: RB Leipzig historical guide","https://www.bundesliga.com/en/bundesliga/news/rb-leipzig-club-by-club-historical-guide-red-bull-24199","Leipzig are the Red Bulls; Red Bull purchased SSV Markranstadt playing rights in 2009. Erroneous Rangnick first-season coach attribution excluded.","2026-10-07"
"bundesliga_v2_129","medium400","bayer1988:final:opponent",,"أي نادٍ إسباني هزمه ليفركوزن بركلات الترجيح في نهائي كأس الاتحاد الأوروبي عام 1988؟","Which Spanish club did Leverkusen beat on penalties in the 1988 UEFA Cup final?","إسبانيول","Espanyol","Bundesliga: Leverkusen's historic comeback","https://www.bundesliga.com/en/bundesliga/news/5-reasons-why-bayer-leverkusen-will-progress-against-bayern-munich-champions-league-wirtz-alonso-31137","Leverkusen overcame Espanyol in the 1988 UEFA Cup final; Cha Bum-kun scored the aggregate equaliser and Rudiger Vollborn saved in the shootout.","2026-10-07"
"bundesliga_v2_130","medium400","stuttgart1992:title:coach",,"من المدرب الذي قاد شتوتغارت إلى لقب الدوري عام 1992؟","Which coach led Stuttgart to the league title in 1992?","كريستوف داوم","Christoph Daum","Bundesliga: German champions history","https://www.bundesliga.com/en/bundesliga/news/german-champions-in-the-bundesliga-bayern-munich-borussia-dortmund-24221","Hitzfeld coached Dortmund's 1995 and 1996 champions; Feldkamp coached Kaiserslautern's 1991 title; Christoph Daum coached Stuttgart's 1992 title; the 1995/96 season first awarded three points for a win.","2026-10-07"
"bundesliga_v2_131","medium400","alaba2011:loan:hoffenheim",,"إلى أي نادٍ أعير دافيد ألابا من بايرن في يناير 2011؟","To which club was David Alaba loaned from Bayern in January 2011?","هوفنهايم","Hoffenheim","Bundesliga: Top Austrian players","https://www.bundesliga.com/en/bundesliga/news/david-alaba-marcel-sabitzer-trimmel-herzog-polster-25377","Alaba is Austrian and was loaned to Hoffenheim in January 2011; Sabitzer scored in Leipzig's first Bundesliga game.","2026-10-07"
"bundesliga_v2_132","medium400","freiburg2024:coachsuccession",,"من خلف كريستيان شترايش في تدريب فرايبورغ عام 2024؟","Who succeeded Christian Streich as Freiburg coach in 2024?","يوليان شوستر","Julian Schuster","Bundesliga: Schuster's Freiburg","https://www.bundesliga.com/en/bundesliga/news/how-julian-schuster-has-boosted-freiburg-after-streich-grifo-adamu-29066","Julian Schuster took over Freiburg after Christian Streich in 2024.","2026-10-07"
"bundesliga_v2_133","medium400","petersen:substitutegoals:34",,"من مهاجم فرايبورغ الذي أنهى مسيرته عام 2023 وفي رصيده 34 هدفاً في البوندسليغا كبديل؟","Which Freiburg striker retired in 2023 with 34 Bundesliga goals scored as a substitute?","نيلس بيترسن","Nils Petersen","Bundesliga: Petersen the substitute scorer","https://www.bundesliga.com/en/bundesliga/news/nils-petersen-remembering-bundesliga-record-substitute-goalscorer-freiburg-24350","Petersen scored 34 Bundesliga goals as a substitute before retiring in 2023.","2026-10-07"
"bundesliga_v2_134","medium400","diego2007:aachen:longgoal",,"من صانع ألعاب بريمن البرازيلي الذي سجل هدفاً شهيراً من مسافة بعيدة ضد آخن عام 2007؟","Which Brazilian Bremen playmaker scored a famous long-range goal against Aachen in 2007?","دييغو","Diego","Bundesliga: Diego's Bremen testimonial","https://www.bundesliga.com/en/bundesliga/news/werder-bremen-diego-testimonial-weserstadion-cafu-mertesacker-31397","Diego scored a famous long-range goal against Alemannia Aachen in 2007. Do not use disputed exact distance.","2026-10-07"
"bundesliga_v2_135","medium400","lehmann1997:openplaygoal",,"من حارس شالكه الذي أصبح أول حارس يسجل من اللعب المفتوح في البوندسليغا، برأسية ضد دورتموند عام 1997؟","Which Schalke goalkeeper became the first goalkeeper to score from open play in the Bundesliga, with a header against Dortmund in 1997?","ينس ليمان","Jens Lehmann","Bundesliga: Jens Lehmann goalkeeping legend","https://www.bundesliga.com/en/bundesliga/news/jens-lehmann-arsenal-invincible-germany-argentina-penalties-2006-kahn-24728","Lehmann scored the first Bundesliga goalkeeper goal from open play in the 1997 Dortmund derby.","2026-10-07"
"bundesliga_v2_136","medium400","wolfsburg2015:assistmaker",,"من صانع الألعاب البلجيكي الذي قدم 20 تمريرة حاسمة لفولفسبورغ في موسم 2014/15؟","Which Belgian playmaker supplied 20 assists for Wolfsburg in 2014/15?","كيفن دي بروين","Kevin De Bruyne","Bundesliga: German top-flight club histories","https://www.bundesliga.com/en/bundesliga/news/all-clubs-that-have-played-in-germany-s-top-flight-bayern-munich-dortmund-24106","De Bruyne provided 20 assists in Wolfsburg's 2014/15 runners-up season. Use only this historical season; exclude unrelated erroneous guide claims.","2026-10-07"
"bundesliga_v2_137","hard600","match:dietermuller:sixgoals",,"من سجل ستة أهداف لكولن أمام فيردر بريمن في مباراة واحدة بالبوندسليغا عام 1977؟","Who scored six goals for Cologne against Werder Bremen in one Bundesliga match in 1977?","ديتر مولر","Dieter Muller","Bundesliga: Player and club records","https://www.bundesliga.com/en/bundesliga/news/bundesliga-records-goals-titles-attendances-for-players-and-clubs-10555","Gerd Muller scored 365 career goals; Lewandowski scored 41 in 2020/21; Dieter Muller scored six for Cologne against Bremen in August 1977.","2026-10-07"
"bundesliga_v2_138","hard600","match:stoppelkamp:82metres",,"من سجل هدف بادربورن الشهير من مسافة 82 مترًا أمام هانوفر عام 2014؟","Who scored Paderborn's famous goal from 82 metres against Hannover in 2014?","موريتس شتوبلكامب","Moritz Stoppelkamp","Bundesliga: Goals and records","https://www.bundesliga.com/en/bundesliga/news/bundesliga-records-goals-titles-attendances-for-players-and-clubs-24220","Stoppelkamp scored from 82 metres for Paderborn against Hannover in September 2014.","2026-10-07"
"bundesliga_v2_139","hard600","coach:koln:firsttitle",,"من درب كولن عندما فاز بأول نسخة للبوندسليغا عام 1964؟","Who coached Cologne when they won the first Bundesliga championship in 1964?","غيورغ كنوبفله","Georg Knopfle","Bundesliga: German champions in the Bundesliga","https://www.bundesliga.com/en/faq/10-things-on-the-bundesliga/german-champions-in-the-bundesliga-10554","Cologne won the inaugural 1963/64 Bundesliga under Georg Knopfle; the league started with 16 teams.","2026-10-07"
"bundesliga_v2_140","hard600","stadium:westfalen:firstleaguefixture",,"أي فريقين لعبا أول مباراة بوندسليغا في ملعب فيستفالن شتاديون عام 1974، قبل عودة دورتموند للدرجة الأولى؟","Which two teams played the first Bundesliga match at the Westfalenstadion in 1974, before Dortmund returned to the top flight?","بوخوم وشالكه","Bochum and Schalke","Bundesliga: Borussia Dortmund historical guide","https://www.bundesliga.com/en/bundesliga/news/borussia-dortmund-bundesliga-club-by-club-historical-guide-klopp-reus-zorc-24117","Dortmund's Yellow Wall is its south terrace; Klopp won the 2011/12 titles and Sammer the 2002 title; Zorc made 463 Bundesliga appearances. Bochum and Schalke played the first Bundesliga match at Westfalenstadion in April 1974.","2026-10-07"
"bundesliga_v2_141","hard600","match:gladbach1971:brokenpost",,"أي لاعب لمونشنغلادباخ علق في الشباك وتسبب في كسر قائم المرمى أمام بريمن عام 1971؟","Which Gladbach player got caught in the net and broke a goalpost against Bremen in 1971?","هربرت لاومن","Herbert Laumen","Bundesliga: Borussia Monchengladbach historical guide","https://www.bundesliga.com/en/bundesliga/news/borussia-monchengladbach-bundesliga-club-by-club-historical-guide-heynckes-netzer-24134","Gladbach are the Foals; Weisweiler built the attacking team. Their 1978 Dortmund win was 12-0. Laumen broke a wooden post against Bremen in 1971; their former ground was Bokelbergstadion.","2026-10-07"
"bundesliga_v2_142","hard600","stadium:gladbach:formerhome",,"ما ملعب مونشنغلادباخ القديم قبل انتقاله إلى بوروسيا بارك عام 2004؟","What was Gladbach's former home before moving to Borussia-Park in 2004?","بوكِلبرغ شتاديون","Bokelbergstadion","Bundesliga: Borussia Monchengladbach historical guide","https://www.bundesliga.com/en/bundesliga/news/borussia-monchengladbach-bundesliga-club-by-club-historical-guide-heynckes-netzer-24134","Gladbach are the Foals; Weisweiler built the attacking team. Their 1978 Dortmund win was 12-0. Laumen broke a wooden post against Bremen in 1971; their former ground was Bokelbergstadion.","2026-10-07"
"bundesliga_v2_143","hard600","stadium:hamburg:footstatue",,"أي أسطورة لهامبورغ تخلد قدمه اليمنى بتمثال ضخم أمام ملعب فولكسبارك؟","Which Hamburg legend has his right foot commemorated by a giant statue outside the Volksparkstadion?","أوفه زيلر","Uwe Seeler","Bundesliga: Hamburger SV historical guide","https://www.bundesliga.com/en/bundesliga/news/hamburger-sv-bundesliga-club-by-club-historical-guide-keegan-seeler-24135","Hamburg were ever-present until relegation in 2018. Seeler was first league top scorer with 30 goals; a giant right-foot statue honours him outside Volksparkstadion.","2026-10-07"
"bundesliga_v2_144","hard600","coach:dortmund:2002",,"أي لاعب سابق لدورتموند قاده مدربًا إلى لقب البوندسليغا عام 2002؟","Which former Dortmund player coached them to the Bundesliga title in 2002?","ماتياس زامر","Matthias Sammer","Bundesliga: Borussia Dortmund historical guide","https://www.bundesliga.com/en/bundesliga/news/borussia-dortmund-bundesliga-club-by-club-historical-guide-klopp-reus-zorc-24117","Dortmund's Yellow Wall is its south terrace; Klopp won the 2011/12 titles and Sammer the 2002 title; Zorc made 463 Bundesliga appearances. Bochum and Schalke played the first Bundesliga match at Westfalenstadion in April 1974.","2026-10-07"
"bundesliga_v2_145","hard600","coach:freiburg:finkepromotion",,"من المدرب الذي قاد فرايبورغ إلى صعوده الأول للبوندسليغا عام 1993 ثم المركز الثالث عام 1995؟","Which coach led Freiburg to their first Bundesliga promotion in 1993 and third place in 1995?","فولكر فينكه","Volker Finke","Bundesliga: Freiburg historical guide","https://www.bundesliga.com/en/bundesliga/news/freiburg-club-by-club-historical-guide-streich-finke-petersen-24172","Volker Finke led Freiburg's first promotion in 1993 and third-place finish in 1994/95. The body text is used rather than its erroneous 1991-promotion image caption.","2026-10-07"
"bundesliga_v2_146","hard600","language:werder:riverisland",,"ما المعنى الجغرافي لكلمة «فيردر» في اسم فيردر بريمن؟","What geographical feature does Werder in Werder Bremen's name mean?","جزيرة صغيرة في نهر","A small island in a river","Bundesliga: Werder Bremen historical guide","https://www.bundesliga.com/en/bundesliga/news/werder-bremen-bundesliga-club-by-club-historical-guide-ozil-pizarro-rehhagel-24116","King Otto Rehhagel won Bremen's 1988/1993 titles; Schaaf won the 2004 double; Ozil scored the 2009 cup final's only goal. Werder means a small river island and Weserstadion is named after the Weser.","2026-10-07"
"bundesliga_v2_147","hard600","final:bremen2009:ozilwinner",,"من سجل هدف بريمن الوحيد في نهائي كأس ألمانيا أمام ليفركوزن عام 2009؟","Who scored Bremen's only goal in the 2009 DFB Cup final against Leverkusen?","مسعود أوزيل","Mesut Ozil","Bundesliga: Werder Bremen historical guide","https://www.bundesliga.com/en/bundesliga/news/werder-bremen-bundesliga-club-by-club-historical-guide-ozil-pizarro-rehhagel-24116","King Otto Rehhagel won Bremen's 1988/1993 titles; Schaaf won the 2004 double; Ozil scored the 2009 cup final's only goal. Werder means a small river island and Weserstadion is named after the Weser.","2026-10-07"
"bundesliga_v2_148","hard600","match:lautern1973:pirrungbrace",,"من لاعب كايزرسلاوترن الذي سجل هدفين في العودة التاريخية من التأخر 4–1 إلى الفوز 7–4 على بايرن عام 1973؟","Which Kaiserslautern player scored twice in the historic comeback from 4–1 down to a 7–4 win over Bayern in 1973?","يوزف بيرونغ","Josef Pirrung","Bundesliga: Kaiserslautern historical guide","https://www.bundesliga.com/en/bundesliga/news/kaiserslautern-bundesliga-club-by-club-historical-guide-rehhagel-24160","Lautern won the league in 1998 immediately after promotion. Fritz Walter captained Germany in 1954 and the stadium bears his name. Josef Pirrung scored twice in the 1973 7-4 Bayern comeback.","2026-10-07"
"bundesliga_v2_149","hard600","record:allgower:stuttgart",,"من صاحب الرقم القياسي لشتوتغارت في مشاركات البوندسليغا وأهدافها برصيد 338 مباراة و129 هدفًا؟","Who holds Stuttgart's Bundesliga records for appearances and goals with 338 matches and 129 goals?","كارل ألغوفر","Karl Allgower","Bundesliga: Stuttgart historical guide","https://www.bundesliga.com/en/bundesliga/news/vfb-stuttgart-bundesliga-club-by-club-historical-guide-klinsmann-werner-khedira-24118","Kimmich developed at Stuttgart; white shirts have a red hoop. Elber, Bobic and Balakov formed the Magic Triangle; Hildebrand went 884 minutes unbeaten in 2003. Khedira scored the 2007 title clincher. Allgower has 338 Bundesliga appearances and 129 goals for Stuttgart.","2026-10-07"
"bundesliga_v2_150","hard600","coach:tuchel:mainzyouthtitle",,"أي مدرب تولى فريق ماينتس الأول عام 2009 بعدما قاد فريق النادي تحت 19 عامًا إلى لقب ألمانيا؟","Which coach took over Mainz's first team in 2009 after leading the club's U19s to the German title?","توماس توخيل","Thomas Tuchel","Bundesliga: Mainz historical guide","https://www.bundesliga.com/en/bundesliga/news/mainz-bundesliga-club-by-club-historical-guide-klopp-tuchel-24188","Klopp led first promotion in 2004; fair play gave 2005/06 UEFA Cup entry. Andersen secured 2009 promotion but was dismissed four days before kickoff; Tuchel succeeded him after winning the U19 national title.","2026-10-07"
"bundesliga_v2_151","hard600","coach:mainz:promotion2009",,"من المدرب الذي أعاد ماينتس إلى البوندسليغا عام 2009 ثم أقيل قبل انطلاق الموسم بأربعة أيام؟","Which coach returned Mainz to the Bundesliga in 2009 but was dismissed four days before the season began?","يورن أندرسن","Jorn Andersen","Bundesliga: Mainz historical guide","https://www.bundesliga.com/en/bundesliga/news/mainz-bundesliga-club-by-club-historical-guide-klopp-tuchel-24188","Klopp led first promotion in 2004; fair play gave 2005/06 UEFA Cup entry. Andersen secured 2009 promotion but was dismissed four days before kickoff; Tuchel succeeded him after winning the U19 national title.","2026-10-07"
"bundesliga_v2_152","hard600","bochum:anthem:artist",,"من الفنان الذي تُشغَّل أغنيته «بوخوم» في ملعب النادي؟","Which artist's song Bochum is played at the club's stadium?","هيربرت غرونماير","Herbert Gronemeyer","Bundesliga: Bochum derby celebrations","https://www.bundesliga.com/de/bundesliga/news/vfl-bochum-borussia-dortmund-sieg-masouras-tore-horn-hecking-30946","Herbert Gronemeyer's Bochum is the stadium anthem.","2026-10-07"
"bundesliga_v2_153","hard600","match:bayern:firstleagueopponent",,"أمام أي منافس محلي خسر بايرن ميونخ أول مباراة بوندسليغا له 1–0 عام 1965؟","Against which city rival did Bayern Munich lose their first Bundesliga match 1–0 in 1965?","ميونخ 1860","1860 Munich","Bundesliga: Bayern Munich historical guide","https://www.bundesliga.com/en/bundesliga/news/bayern-munich-bundesliga-club-by-club-historical-guide-lewandowski-muller-24115","Bayern won a sextuple under Flick linked to 2019/20; their first Bundesliga game was a 1-0 loss to 1860 in 1965.","2026-10-07"
"bundesliga_v2_154","hard600","mascot:frankfurt:attila",,"ما اسم النسر الحي الذي بدأ التحليق قبل مباريات فرانكفورت عام 2006؟","What is the name of the live eagle that began flying before Frankfurt matches in 2006?","أتيلا","Attila","Bundesliga: Frankfurt historical guide","https://www.bundesliga.com/en/bundesliga/news/eintracht-frankfurt-bundesliga-club-by-club-historical-guide-europa-24142","Frankfurt's crest has an eagle; live eagle Attila began flying in 2006. Eintracht means unity; Korbel played 602 Bundesliga matches. Glasner won the 2022 Europa League unbeaten.","2026-10-07"
"bundesliga_v2_155","hard600","language:eintracht:unity",,"ما معنى كلمة «آينتراخت» في اسم نادي فرانكفورت؟","What does Eintracht in Frankfurt's club name mean?","الوحدة","Unity","Bundesliga: Frankfurt historical guide","https://www.bundesliga.com/en/bundesliga/news/eintracht-frankfurt-bundesliga-club-by-club-historical-guide-europa-24142","Frankfurt's crest has an eagle; live eagle Attila began flying in 2006. Eintracht means unity; Korbel played 602 Bundesliga matches. Glasner won the 2022 Europa League unbeaten.","2026-10-07"
"bundesliga_v2_156","hard600","stadium:allianz:firstopeningopponent",,"أي فريق واجه ميونخ 1860 في المباراة التي افتتحت أليانز أرينا رسميًا في مايو 2005؟","Which team faced 1860 Munich in the match that officially opened the Allianz Arena in May 2005?","نورمبرغ","Nuremberg","Bundesliga: 1860 Munich historical guide","https://www.bundesliga.com/en/bundesliga/news/1860-munich-club-by-club-historical-guide-bayern-24181","1860 Munich officially opened Allianz Arena against Nuremberg on 30 May 2005.","2026-10-07"
"bundesliga_v2_157","hard600","coach:munich1860:1966",,"من قاد ميونخ 1860 إلى لقب البوندسليغا عام 1966؟","Who coached 1860 Munich to the Bundesliga title in 1966?","ماكس ميركل","Max Merkel","Bundesliga: German champions in the Bundesliga","https://www.bundesliga.com/en/faq/10-things-on-the-bundesliga/german-champions-in-the-bundesliga-10554","Cologne won the inaugural 1963/64 Bundesliga under Georg Knopfle; the league started with 16 teams.","2026-10-07"
"bundesliga_v2_158","hard600","match:bayer2000:finaldayopponent",,"أمام أي فريق سجل مايكل بالاك هدفًا عكسيًا في الجولة الأخيرة عام 2000 التي ضاع فيها لقب الدوري من ليفركوزن؟","Against which team did Michael Ballack score an own goal on the final day in 2000 as Leverkusen lost the league title?","أونترهاخينغ","Unterhaching","Bundesliga: Bayer Leverkusen historical guide","https://www.bundesliga.com/en/bundesliga/news/bayer-leverkusen-club-by-club-historical-guide-havertz-wirtz-ballack-24153","Bayer pharmaceutical workers founded the Factory XI; Kirsten scored 182 club Bundesliga goals. Butt scored 26 league penalties; Hanke lobbed him from kickoff in 2003/04. Ballack's own goal came at Unterhaching on the final day in 2000. Erroneous 2000/01 treble caption and Wirtz academy claim excluded.","2026-10-07"
"bundesliga_v2_159","hard600","match:hanke:buttkickofflob",,"من سجل لشالكه من ضربة البداية عام 2004 مستغلاً تأخر حارس ليفركوزن بوت في العودة إلى مرماه بعد الاحتفال بهدفه؟","Which Schalke player scored from the kick-off in 2004 after goalkeeper Hans-Jorg Butt was slow to return from celebrating his own goal?","مايك هانكه","Mike Hanke","Bundesliga: Bayer Leverkusen historical guide","https://www.bundesliga.com/en/bundesliga/news/bayer-leverkusen-club-by-club-historical-guide-havertz-wirtz-ballack-24153","Bayer pharmaceutical workers founded the Factory XI; Kirsten scored 182 club Bundesliga goals. Butt scored 26 league penalties; Hanke lobbed him from kickoff in 2003/04. Ballack's own goal came at Unterhaching on the final day in 2000. Erroneous 2000/01 treble caption and Wirtz academy claim excluded.","2026-10-07"
"bundesliga_v2_160","hard600","player:compper:firsthoffenheimcap",,"من أول لاعب لهوفنهايم مثّل منتخب ألمانيا الأول في نوفمبر 2008؟","Who became the first Hoffenheim player to represent Germany's senior national team in November 2008?","مارفن كومبر","Marvin Compper","Bundesliga: Hoffenheim historical guide","https://www.bundesliga.com/en/bundesliga/news/hoffenheim-club-by-club-historical-guide-nagelsmann-hopp-24189","Nagelsmann became youngest permanent Bundesliga coach at 28 in 2016. Rangnick led successive promotions, reaching the Bundesliga in 2008. Hopp co-founded SAP; Compper first represented Germany while at Hoffenheim in November 2008.","2026-10-07"
"bundesliga_v2_161","hard600","history:leipzig:playingrights",,"من أي نادٍ اشترت ريد بول حقوق المشاركة التي بدأ بها لايبزيغ مشواره عام 2009؟","From which club did Red Bull buy the playing rights used to launch Leipzig in 2009?","إس إس في ماركرانشتات","SSV Markranstadt","Bundesliga: RB Leipzig historical guide","https://www.bundesliga.com/en/bundesliga/news/rb-leipzig-club-by-club-historical-guide-red-bull-24199","Leipzig are the Red Bulls; Red Bull purchased SSV Markranstadt playing rights in 2009. Erroneous Rangnick first-season coach attribution excluded.","2026-10-07"
"bundesliga_v2_162","hard600","match:augsburg2011:promotionwinner",,"من سجل هدف أوغسبورغ المتأخر أمام إف إس في فرانكفورت الذي حسم صعوده الأول للبوندسليغا عام 2011؟","Who scored Augsburg's late winner against FSV Frankfurt that secured their first Bundesliga promotion in 2011?","شتيفان هاين","Stephan Hain","Bundesliga: Augsburg historical guide","https://www.bundesliga.com/en/bundesliga/news/augsburg-club-by-club-historical-guide-bavaria-24196","Hain scored the 2011 promotion-clinching goal against FSV Frankfurt. Liverpool ended the first Europa League campaign in the 2016 round of 32. Haller returned in 1973 after winning Italian titles with Bologna and Juventus.","2026-10-07"
"bundesliga_v2_163","hard600","player:haller:augsburgreturn",,"أي نجم ألماني عاد إلى أوغسبورغ عام 1973 بعد الفوز بالدوري الإيطالي مع بولونيا ويوفنتوس؟","Which German star returned to Augsburg in 1973 after winning the Italian league with Bologna and Juventus?","هيلموت هالر","Helmut Haller","Bundesliga: Augsburg historical guide","https://www.bundesliga.com/en/bundesliga/news/augsburg-club-by-club-historical-guide-bavaria-24196","Hain scored the 2011 promotion-clinching goal against FSV Frankfurt. Liverpool ended the first Europa League campaign in the 2016 round of 32. Haller returned in 1973 after winning Italian titles with Bologna and Juventus.","2026-10-07"
"bundesliga_v2_164","hard600","training:wolfsburg:mountmagath",,"ما الاسم الذي أطلق على التل الذي بناه فولفسبورغ ليجري عليه اللاعبون ضمن تدريبات مدربه الصارمة؟","What name was given to the hill Wolfsburg built for players to run up as part of their coach's demanding training?","جبل ماغات","Mount Magath","Bundesliga: Wolfsburg historical guide","https://www.bundesliga.com/en/bundesliga/news/wolfsburg-club-by-club-historical-guide-volkswagen-de-bruyne-dzeko-magath-24167","Volkswagen staff founded Wolfsburg; Magath coached the 2009 title side with Dzeko and Grafite, the 28-goal top scorer. Mount Magath was a training hill. McClaren became first English Bundesliga coach in 2010.","2026-10-07"
"bundesliga_v2_165","hard600","coach:mclaren:firstenglish",,"من أصبح أول مدرب إنجليزي في البوندسليغا عند تعيينه في فولفسبورغ عام 2010؟","Who became the first English Bundesliga coach when Wolfsburg appointed him in 2010?","ستيف مكلارين","Steve McClaren","Bundesliga: Wolfsburg historical guide","https://www.bundesliga.com/en/bundesliga/news/wolfsburg-club-by-club-historical-guide-volkswagen-de-bruyne-dzeko-magath-24167","Volkswagen staff founded Wolfsburg; Magath coached the 2009 title side with Dzeko and Grafite, the 28-goal top scorer. Mount Magath was a training hill. McClaren became first English Bundesliga coach in 2010.","2026-10-07"
"bundesliga_v2_166","hard600","match:hertha1969:attendanceopponent",,"أمام أي فريق سجل هيرتا برلين رقم حضور البوندسليغا القياسي البالغ 88,075 مشجعًا عام 1969؟","Against which team did Hertha Berlin set the Bundesliga attendance record of 88,075 spectators in 1969?","كولن","Cologne","Bundesliga: Hertha Berlin historical guide","https://www.bundesliga.com/en/bundesliga/news/hertha-berlin-bundesliga-club-by-club-historical-guide-24161","Hertha play at Berlin Olympiastadion; their name came from a steamboat and nickname is Old Lady. Dardai holds the Bundesliga appearance record; Boateng brothers debuted professionally at Hertha. Record 88,075 attendance came against Cologne in September 1969.","2026-10-07"
"bundesliga_v2_167","hard600","match:hannover2009:threeowngoals",,"أي فريق سجل ثلاثة أهداف عكسية في خسارته 5–3 أمام مونشنغلادباخ في ديسمبر 2009؟","Which team scored three own goals in a 5–3 defeat to Gladbach in December 2009?","هانوفر","Hannover","Bundesliga: Hannover historical guide","https://www.bundesliga.com/en/bundesliga/news/hannover-club-by-club-historical-guide-cherundolo-zieler-24165","Cherundolo is Captain America. Hannover scored three own goals against Gladbach in December 2009; Diouf got two yellow cards in 12 minutes in October 2013.","2026-10-07"
"bundesliga_v2_168","hard600","record:diouf:earliestsecondyellow",,"من لاعب هانوفر الذي طرد بعد 12 دقيقة ببطاقتين صفراوين أمام هوفنهايم عام 2013؟","Which Hannover player was sent off after 12 minutes for two yellow cards against Hoffenheim in 2013?","مامي بيرام ضيوف","Mame Biram Diouf","Bundesliga: League records FAQ","https://www.bundesliga.com/en/faq/10-things-on-the-bundesliga/bundesliga-records-goals-titles-attendances-for-players-and-clubs-10555","Diouf received two yellow cards by the twelfth minute against Hoffenheim in October 2013.","2026-10-07"
"bundesliga_v2_169","hard600","cup:ulm:nurembergupset2001",,"أي فريق من الدرجة الخامسة أقصى نورمبرغ من كأس ألمانيا بالفوز 2–1 موسم 2001–2002؟","Which fifth-tier team knocked Nuremberg out of the DFB Cup with a 2–1 win in 2001–2002?","أولم","Ulm","Bundesliga: Nuremberg historical guide","https://www.bundesliga.com/en/bundesliga/news/nuremberg-club-by-club-historical-guide-gundogan-max-morlock-24164","Nuremberg were relegated in 1969 after winning in 1968; Max Morlock was first German World Cup final scorer and stadium namesake. Fifth-tier Ulm beat Nuremberg 2-1 in the 2001/02 DFB Cup.","2026-10-07"
"bundesliga_v2_170","hard600","match:helmer:ghostgoal1994",,"من لاعب بايرن الذي احتُسب له «هدف شبح» أمام نورمبرغ عام 1994، وتقرر بعدها إعادة المباراة؟","Which Bayern player was awarded a ghost goal against Nuremberg in 1994, after which the match was ordered to be replayed?","توماس هيلمر","Thomas Helmer","Bundesliga: Two bizarre ghost goals","https://www.bundesliga.com/en/bundesliga/news/bizarre-ghost-goals-bayern-munich-bayer-leverkusen-kiessling-24771","Helmer's 1994 ghost goal against Nuremberg led to a replay; Kiessling's 2013 header entered through a hole against Hoffenheim. Goal-line technology began in 2015/16.","2026-10-07"
"bundesliga_v2_171","hard600","technology:goalline:firstseason",,"في أي موسم أدخلت البوندسليغا تقنية خط المرمى؟","In which season did the Bundesliga introduce goal-line technology?","2015–2016","2015–2016","Bundesliga: Two bizarre ghost goals","https://www.bundesliga.com/en/bundesliga/news/bizarre-ghost-goals-bayern-munich-bayer-leverkusen-kiessling-24771","Helmer's 1994 ghost goal against Nuremberg led to a replay; Kiessling's 2013 header entered through a hole against Hoffenheim. Goal-line technology began in 2015/16.","2026-10-07"
"bundesliga_v2_172","hard600","match:robbery:firstsharedopponent",,"أمام أي فريق لعب روبن وريبيري معًا لأول مرة في بايرن، في فوز 3–0 عام 2009؟","Against which team did Robben and Ribery first play together for Bayern in a 3–0 win in 2009?","فولفسبورغ","Wolfsburg","Bundesliga: Ribery, twelve unforgettable Bayern moments","https://www.bundesliga.com/en/bundesliga/news/franck-ribery-retires-12-seasons-at-bayern-munich-12-best-moments-1829","Robben and Ribery first shared the pitch for Bayern against Wolfsburg on 29 August 2009 in a 3-0 win.","2026-10-07"
"bundesliga_v2_173","hard600","history:konietzka:firstgoal",,"من سجل أول هدف في تاريخ البوندسليغا لدورتموند أمام فيردر بريمن عام 1963؟","Who scored the first goal in Bundesliga history for Dortmund against Werder Bremen in 1963?","فريدهيلم «تيمو» كونييتسكا","Friedhelm Timo Konietzka","Bundesliga: Borussia Dortmund historical guide","https://www.bundesliga.com/en/bundesliga/news/borussia-dortmund-bundesliga-club-by-club-historical-guide-klopp-reus-zorc-24117","Dortmund's Yellow Wall is its south terrace; Klopp won the 2011/12 titles and Sammer the 2002 title; Zorc made 463 Bundesliga appearances. Bochum and Schalke played the first Bundesliga match at Westfalenstadion in April 1974.","2026-10-07"
"bundesliga_v2_174","hard600","trophy:meisterschale:designer",,"من أستاذة الفنون التي صممت درع «مايسترشاله»؟","Which art professor designed the Meisterschale trophy?","إليزابيث تريسكوف","Elisabeth Treskow","Bundesliga: Meisterschale explained","https://www.bundesliga.com/en/bundesliga/news/title-meisterschale-explainer-champions-bayern-munich-leverkusen-dortmund-32100","The Meisterschale is the champion's shield; Elisabeth Treskow designed it; in 1949 it replaced the lost Viktoria statue.","2026-10-07"
"bundesliga_v2_175","hard600","trophy:meisterschale:predecessor",,"ما اسم التمثال الذي حل محله درع بطولة ألمانيا عام 1949؟","What was the name of the statue replaced by the German championship shield in 1949?","فيكتوريا","Viktoria","Bundesliga: Meisterschale explained","https://www.bundesliga.com/en/bundesliga/news/title-meisterschale-explainer-champions-bayern-munich-leverkusen-dortmund-32100","The Meisterschale is the champion's shield; Elisabeth Treskow designed it; in 1949 it replaced the lost Viktoria statue.","2026-10-07"
"bundesliga_v2_176","hard600","award:meier:2015",,"من نجم فرانكفورت الذي تصدر هدافي البوندسليغا عام 2015 رغم غيابه عن الجولات الست الأخيرة للإصابة؟","Which Frankfurt star topped the Bundesliga scoring chart in 2015 despite missing the last six rounds through injury?","ألكسندر ماير","Alexander Meier","Bundesliga: History of top scorers by season","https://www.bundesliga.com/en/bundesliga/news/a-history-of-top-scorers-by-season-lewandowski-muller-aubameyang-19353","Huntelaar scored 29 for Schalke to top the chart in 2011/12; Frankfurt's Meier won in 2014/15 despite missing the final six rounds.","2026-10-07"
"bundesliga_v2_177","hard600","stuttgart2006:vehpredecessor",,"أي مدرب إيطالي خلفه أرمين فيه في تدريب شتوتغارت في فبراير 2006؟","Which Italian coach did Armin Veh succeed at Stuttgart in February 2006?","جوفاني تراباتوني","Giovanni Trapattoni","Bundesliga: Stuttgart's 2006/07 title winners","https://www.bundesliga.com/en/bundesliga/news/iconic-teams-stuttgart-2006-07-title-winners-khedira-hitzlsperger-gomez-24931","Armin Veh succeeded Giovanni Trapattoni in February 2006 and won the 2007 league; Pavel Pardo and Ricardo Osorio were Mexican members of the title team.","2026-10-07"
"bundesliga_v2_178","hard600","title2001:keeper:schober",,"من حارس هامبورغ الذي أدى إمساكه بالكرة إلى الركلة الحرة غير المباشرة الحاسمة في ختام الدوري عام 2001؟","Which Hamburg goalkeeper's handling of the ball led to the decisive indirect free kick on the final day in 2001?","ماتياس شوبر","Mathias Schober","Bundesliga: Meisterdrama 2001","https://www.bundesliga.com/de/bundesliga/news/fc-bayern-munchen-fc-schalke-04-meisterdrama-2001-historisch-24061","Hamburg goalkeeper Mathias Schober handled the ball before the indirect free kick that decided the title.","2026-10-07"
"bundesliga_v2_179","hard600","hennes:1950:donor",,"من مديرة السيرك التي أهدت كولن أول ماعز «هينيس» عام 1950؟","Which circus director gave Cologne the first Hennes goat in 1950?","كارولا ويليامز","Carola Williams","Bundesliga: Hennes the goat","https://www.bundesliga.com/en/bundesliga/news/hennes-goat-cologne-living-mascot-25002","Cologne's living mascot is a goat called Hennes, gifted by circus director Carola Williams in 1950.","2026-10-07"
"bundesliga_v2_180","hard600","darmstadt:2016:stadiumtribute",,"تكريماً لأي مشجع أعاد دارمشتات تسمية ملعبه مؤقتاً عام 2016؟","In honour of which fan did Darmstadt temporarily rename their stadium in 2016?","يوناثان هايمس","Jonathan Heimes","Bundesliga: Darmstadt historical guide","https://www.bundesliga.com/en/bundesliga/news/darmstadt-club-by-club-historical-guide-24215","Darmstadt are the Lilies; their part-time 1978 team trained after work; the stadium was renamed in memory of Jonathan Heimes in 2016; Dirk Schuster coached their 2015/16 survival season.","2026-10-07"
"bundesliga_v2_181","hard600","darmstadt:1978:training",,"لماذا كان لاعبو دارمشتات في أول موسم بوندسليغا لهم عام 1978/79 يتدربون مساءً فقط؟","Why did Darmstadt's players train only in the evenings in their first Bundesliga season, 1978/79?","لأنهم كانوا يعملون في وظائف خارج كرة القدم","Because they held jobs outside football","Bundesliga: Darmstadt historical guide","https://www.bundesliga.com/en/bundesliga/news/darmstadt-club-by-club-historical-guide-24215","Darmstadt are the Lilies; their part-time 1978 team trained after work; the stadium was renamed in memory of Jonathan Heimes in 2016; Dirk Schuster coached their 2015/16 survival season.","2026-10-07"
"bundesliga_v2_182","hard600","marmoush:academy:wadidegla",,"في أي أكاديمية مصرية نشأ عمر مرموش قبل انضمامه إلى رديف فولفسبورغ عام 2017؟","At which Egyptian academy did Omar Marmoush develop before joining Wolfsburg's reserves in 2017?","وادي دجلة","Wadi Degla","Bundesliga: Who is Omar Marmoush?","https://www.bundesliga.com/en/bundesliga/news/who-is-omar-marmoush-eintracht-frankfurt-egypt-canada-forward-salah-davies-17290","Marmoush developed at Wadi Degla in Cairo before joining Wolfsburg's reserves in 2017.","2026-10-07"
"bundesliga_v2_183","hard600","duisburg:1963:anthem",,"ما اسم أغنية دويسبورغ التي أصبحت أول نشيد رسمي لنادٍ في البوندسليغا عام 1963؟","What was the Duisburg song that became the first official Bundesliga club anthem in 1963?","زيبرا تويست","Zebratwist","Bundesliga: Animal team names","https://www.bundesliga.com/en/bundesliga/news/clubs-with-animal-names-germany-eagles-wolves-goats-foals-lions-25000","Duisburg are the Zebras because of striped shirts; Kiel are the Storks; Duisburg's Zebratwist in 1963 was the first official Bundesliga club anthem.","2026-10-07"
"bundesliga_v2_184","hard600","streich:2023:antidiscriminationprize",,"ما الجائزة الفخرية التي منحها الاتحاد الألماني لكريستيان شترايش عام 2023 لمكافحة التمييز؟","Which honorary prize did the German FA award Christian Streich in 2023 for combating discrimination?","جائزة يوليوس هيرش الفخرية","The Julius Hirsch Honorary Prize","Bundesliga: Christian Streich announces departure","https://www.bundesliga.com/en/bundesliga/news/christian-streich-announces-departure-from-freiburg-after-12-years-as-coach-26621","Streich left Freiburg in 2024 after more than twelve years as head coach; won the DFB Julius Hirsch Honorary Prize in 2023 for combating discrimination.","2026-10-07"
"bundesliga_v2_185","hard600","emma:namesake:emmerich",,"نسبةً إلى أي أسطورة لدورتموند سُميت تميمة النادي «إيما»؟","After which Dortmund legend was the club mascot EMMA named?","لوثار إيمريش","Lothar Emmerich","Borussia Dortmund: EMMA glossary","https://www.bvb.de/de/en/borussia-dortmund/glossary/emma.html","EMMA is a bee; the mascot is named after Lothar Emmerich.","2026-10-07"
"bundesliga_v2_186","hard600","heidenheim:voith:altitude",,"على أي ارتفاع عن سطح البحر يقع ملعب فويت أرينا في هايدنهايم؟","At what altitude above sea level is Heidenheim's Voith Arena?","555 متراً","555 metres","Bundesliga: Heidenheim historical guide","https://www.bundesliga.com/en/bundesliga/news/1-fc-heidenheim-1846-club-by-club-historical-guide-24332","Frank Schmidt led the club's first Bundesliga promotion in 2023; the Voith Arena is 555 metres above sea level; their first European competition was the Conference League in 2024/25.","2026-10-07"
"bundesliga_v2_187","hard600","karlsruhe1994:semifinal:opponent",,"أي فريق أخرج كارلسروه بقاعدة أهداف خارج الأرض من نصف نهائي كأس الاتحاد الأوروبي عام 1994؟","Which team eliminated Karlsruhe on away goals in the 1994 UEFA Cup semi-final?","أوستريا سالزبورغ","Austria Salzburg","Bundesliga: Karlsruhe historical guide","https://www.bundesliga.com/en/bundesliga/news/karlsruhe-club-by-club-historical-guide-oliver-kahn-schafer-24171","Winfried Schafer coached Karlsruhe's 1990s European run; Mehmet Scholl developed there; Austria Salzburg eliminated them on away goals in the 1994 UEFA Cup semi-final.","2026-10-07"
"bundesliga_v2_188","hard600","stpauli2003:rescue:shirtword",,"ما الكلمة الألمانية التي ظهرت على قمصان حملة إنقاذ سانت باولي عام 2003 وتعني «منقذ»؟","What German word meaning saviour appeared on St. Pauli's 2003 rescue-campaign shirts?","ريتّر","Retter","Bundesliga: St Pauli historical guide","https://www.bundesliga.com/en/bundesliga/news/st-pauli-club-by-club-historical-guide-hamburg-reeperbahn-kultclub-24198","Hamburg rivals St Pauli play at the Millerntor; skull and crossbones are a fan symbol; the 2003 rescue campaign sold Retter shirts; Football Koalas watched from trees; the club beat Intercontinental champions Bayern in 2002.","2026-10-07"
"bundesliga_v2_189","hard600","stpauli:fans:treewatchers",,"ما اللقب الذي أطلقته صحيفة محلية على مشجعي سانت باولي الذين تسلقوا الأشجار لمشاهدة المباريات؟","What nickname did a local newspaper give St. Pauli fans who climbed trees to watch matches?","كوالا كرة القدم","Football Koalas","Bundesliga: St Pauli historical guide","https://www.bundesliga.com/en/bundesliga/news/st-pauli-club-by-club-historical-guide-hamburg-reeperbahn-kultclub-24198","Hamburg rivals St Pauli play at the Millerntor; skull and crossbones are a fan symbol; the 2003 rescue campaign sold Retter shirts; Football Koalas watched from trees; the club beat Intercontinental champions Bayern in 2002.","2026-10-07"
"bundesliga_v2_190","hard600","fortuna:name:breadcarriage",,"عربة أي نوع من المصانع ألهمت اسم «فورتونا» لدى مؤسسي نادي دوسلدورف؟","A carriage from what type of factory inspired the name Fortuna for the Dusseldorf club's founders?","مصنع خبز","A bread factory","Bundesliga: Fortuna Dusseldorf historical guide","https://www.bundesliga.com/en/bundesliga/news/fortuna-dusseldorf-club-by-club-historical-guide-free-tickets-allofs-24168","Klaus and Thomas Allofs starred for Fortuna; the Fortuna For All scheme aims for free home tickets; a bread-factory carriage inspired the name; Gerd Zewe made 440 Bundesliga appearances; Fortuna beat Bayern 7-1 in December 1978.","2026-10-07"
"bundesliga_v2_191","hard600","fortuna:appearance:zewe",,"من صاحب الرقم القياسي لفورتونا دوسلدورف بـ440 مشاركة في البوندسليغا؟","Who holds Fortuna Dusseldorf's Bundesliga appearance record with 440 games?","غيرد تسيڤه","Gerd Zewe","Bundesliga: Fortuna Dusseldorf historical guide","https://www.bundesliga.com/en/bundesliga/news/fortuna-dusseldorf-club-by-club-historical-guide-free-tickets-allofs-24168","Klaus and Thomas Allofs starred for Fortuna; the Fortuna For All scheme aims for free home tickets; a bread-factory carriage inspired the name; Gerd Zewe made 440 Bundesliga appearances; Fortuna beat Bayern 7-1 in December 1978.","2026-10-07"
"bundesliga_v2_192","hard600","fortuna1978:bayern:score",,"بأي نتيجة هزم فورتونا دوسلدورف بايرن ميونخ في ديسمبر 1978؟","By what score did Fortuna Dusseldorf beat Bayern Munich in December 1978?","7–1","7–1","Bundesliga: Fortuna Dusseldorf historical guide","https://www.bundesliga.com/en/bundesliga/news/fortuna-dusseldorf-club-by-club-historical-guide-free-tickets-allofs-24168","Klaus and Thomas Allofs starred for Fortuna; the Fortuna For All scheme aims for free home tickets; a bread-factory carriage inspired the name; Gerd Zewe made 440 Bundesliga appearances; Fortuna beat Bayern 7-1 in December 1978.","2026-10-07"
"bundesliga_v2_193","hard600","reus:2015:robinmask",,"من نجم دورتموند الذي ظهر بقناع «روبين» إلى جانب أوباميانغ في احتفال ديربي شالكه عام 2015؟","Which Dortmund star wore a Robin mask alongside Aubameyang during the 2015 Schalke derby celebration?","ماركو رويس","Marco Reus","Bundesliga: Aubameyang's spectacular celebrations","https://www.bundesliga.com/de/bundesliga/news/pierre-emerick-aubameyang-sprints-tore-masken-jubel-24375","Aubameyang wore Batman and Spider-Man masks; Reus wore Robin's mask in the 2015 derby celebration.","2026-10-07"
"bundesliga_v2_194","hard600","makaay:bayern:3000thgoal",,"من سجل هدف بايرن رقم 3000 في البوندسليغا في أغسطس 2006؟","Who scored Bayern's 3,000th Bundesliga goal in August 2006?","روي ماكاي","Roy Makaay","FC Bayern: Roy Makaay legends profile","https://fcbayern.com/en/teams/fc-bayern-legends/players/roy-makaay","Makaay was nicknamed The Phantom; scored Bayern's 3000th Bundesliga goal in August 2006; returned to the Netherlands with Feyenoord in 2007.","2026-10-07"
"bundesliga_v2_195","hard600","klinsmann:usa:alias",,"بأي اسم مستعار لعب يورغن كلينسمان في فريق أمريكي بعد اعتزاله الاحتراف؟","Under what alias did Jurgen Klinsmann play for an American team after retiring from professional football?","جاي غوبينغن","Jay Goppingen","Bundesliga: Ten things on Klinsmann","https://amp.bundesliga.com/en/bundesliga/news/jurgen-klinsmann-10-things-on-the-germany-legend-and-hertha-berlin-coach-usmnt-9887","Klinsmann trained as a baker and gained a commercial helicopter pilot licence; played under the alias Jay Goppingen in the United States.","2026-10-07"
"bundesliga_v2_196","hard600","bayer1988:aggregateequaliser",,"من سجل الهدف الثالث لليفركوزن في إياب نهائي كأس الاتحاد الأوروبي عام 1988 ليعادل مجموع المباراتين؟","Who scored Leverkusen's third goal in the second leg of the 1988 UEFA Cup final to level the aggregate score?","تشا بوم كون","Cha Bum-kun","Bundesliga: Leverkusen's historic comeback","https://www.bundesliga.com/en/bundesliga/news/5-reasons-why-bayer-leverkusen-will-progress-against-bayern-munich-champions-league-wirtz-alonso-31137","Leverkusen overcame Espanyol in the 1988 UEFA Cup final; Cha Bum-kun scored the aggregate equaliser and Rudiger Vollborn saved in the shootout.","2026-10-07"
"bundesliga_v2_197","hard600","bayer1988:shootout:keeper",,"من حارس ليفركوزن الذي تألق في ترجيح نهائي كأس الاتحاد الأوروبي عام 1988؟","Which Leverkusen goalkeeper starred in the 1988 UEFA Cup final penalty shootout?","روديغر فولبورن","Rudiger Vollborn","Bundesliga: Leverkusen's historic comeback","https://www.bundesliga.com/en/bundesliga/news/5-reasons-why-bayer-leverkusen-will-progress-against-bayern-munich-champions-league-wirtz-alonso-31137","Leverkusen overcame Espanyol in the 1988 UEFA Cup final; Cha Bum-kun scored the aggregate equaliser and Rudiger Vollborn saved in the shootout.","2026-10-07"
"bundesliga_v2_198","hard600","lautern1991:title:coach",,"من قاد كايزرسلاوترن إلى لقب البوندسليغا عام 1991، قبل سبعة أعوام من لقب ريهاجل؟","Who led Kaiserslautern to the Bundesliga title in 1991, seven years before Rehhagel's triumph?","كارل هاينز فيلدكامب","Karl-Heinz Feldkamp","Bundesliga: German champions history","https://www.bundesliga.com/en/bundesliga/news/german-champions-in-the-bundesliga-bayern-munich-borussia-dortmund-24221","Hitzfeld coached Dortmund's 1995 and 1996 champions; Feldkamp coached Kaiserslautern's 1991 title; Christoph Daum coached Stuttgart's 1992 title; the 1995/96 season first awarded three points for a win.","2026-10-07"
"bundesliga_v2_199","hard600","rule:threepoints:firstseason",,"في أي موسم اعتمدت البوندسليغا ثلاث نقاط للفوز لأول مرة؟","In which season did the Bundesliga first award three points for a win?","1995/96","1995/96","Bundesliga: German champions history","https://www.bundesliga.com/en/bundesliga/news/german-champions-in-the-bundesliga-bayern-munich-borussia-dortmund-24221","Hitzfeld coached Dortmund's 1995 and 1996 champions; Feldkamp coached Kaiserslautern's 1991 title; Christoph Daum coached Stuttgart's 1992 title; the 1995/96 season first awarded three points for a win.","2026-10-07"
"bundesliga_v2_200","hard600","supercup1995:dortmund:scorer",,"من سجل هدف فوز دورتموند على مونشنغلادباخ في كأس السوبر الألماني عام 1995؟","Who scored Dortmund's winner against Monchengladbach in the 1995 German Supercup?","جوليو سيزار","Julio Cesar","Bundesliga: Supercup match history","https://www.bundesliga.com/en/bundesliga/news/history-of-the-supercup-records-goals-all-matches-bayern-dortmund-leipzig-20635","Julio Cesar scored Dortmund's winning goal in the 1995 Supercup against Gladbach.","2026-10-07"
"bundesliga_v2_201","hard600","bayern:firstspanishplayer",,"من أصبح أول لاعب إسباني يشارك مع بايرن ميونخ عام 2012؟","Who became the first Spanish player to appear for Bayern Munich in 2012?","خافي مارتينيز","Javi Martinez","Bundesliga: Bayern's Spanish players and coach","https://www.bundesliga.com/en/bundesliga/news/bayern-munich-spanish-players-alonso-guardiola-thiago-martinez-zaragoza-26154","Thiago joined from Barcelona in 2013; Guardiola succeeded Heynckes; Martinez was the first Spaniard to play for Bayern in 2012; Alonso registered 204 touches against Cologne in 2014. Exclude the incorrect Thiago eight Bundesliga titles claim.","2026-10-07"
"bundesliga_v2_202","hard600","alonso2014:cologne:touches",,"كم لمسة سجل تشابي ألونسو في مباراة بايرن أمام كولن عام 2014 ليضع رقماً قياسياً للدوري؟","How many touches did Xabi Alonso register for Bayern against Cologne in 2014 to set a league record?","204 لمسات","204 touches","Bundesliga: Bayern's Spanish players and coach","https://www.bundesliga.com/en/bundesliga/news/bayern-munich-spanish-players-alonso-guardiola-thiago-martinez-zaragoza-26154","Thiago joined from Barcelona in 2013; Guardiola succeeded Heynckes; Martinez was the first Spaniard to play for Bayern in 2012; Alonso registered 204 touches against Cologne in 2014. Exclude the incorrect Thiago eight Bundesliga titles claim.","2026-10-07"
"bundesliga_v2_203","hard600","fichtel:43:appearance",,"من مدافع شالكه الذي شارك في البوندسليغا عام 1988 وعمره 43 عاماً؟","Which Schalke defender appeared in the Bundesliga in 1988 aged 43?","كلاوس فيشتل","Klaus Fichtel","Bundesliga: Oldest outfield players","https://www.bundesliga.com/en/bundesliga/news/top-5-oldest-outfield-players-makoto-hasebe-pizarro-votava-fichtel-burgsmuller-25976","Schalke's Klaus Fichtel played in the Bundesliga aged 43 in May 1988.","2026-10-07"
"bundesliga_v2_204","hard600","stuttgart2007:mexicanpair",,"ما اسما اللاعبين المكسيكيين في فريق شتوتغارت بطل الدوري عام 2007؟","Which two Mexican players were in Stuttgart's 2007 league-winning team?","بافيل باردو وريكاردو أوسوريو","Pavel Pardo and Ricardo Osorio","Bundesliga: Stuttgart's 2006/07 title winners","https://www.bundesliga.com/en/bundesliga/news/iconic-teams-stuttgart-2006-07-title-winners-khedira-hitzlsperger-gomez-24931","Armin Veh succeeded Giovanni Trapattoni in February 2006 and won the 2007 league; Pavel Pardo and Ricardo Osorio were Mexican members of the title team.","2026-10-07"
