"id","hash","factKey","source","evidenceVerified","translationParity","difficultyReviewed","distinctFact","reason"
"001","aeaf9c7bc6d400ddb7d6f9c14b98e17f3a63f9db18deee3dfbfc8bbfa7929186","legend:panenka:penaltyidentity","euro76","yes","yes","yes","yes","Assistant reviewed Which player gave his name to the chipped penalty after the EURO 1976 final? Answer: Antonin Panenka. Arabic asks the same fact with equivalent answer. Evidence: Antonin Panenka chipped the decisive penalty past Sepp Maier after Uli Hoeness missed West Germany's fourth attempt. Verified 2026-10-07. Accessible recognition of a famous nickname, player, celebration or major honour."
"002","adf84bfb7cefa946015b43ed2d598f9ed2c5b18a1edc5cf73a5aad911133005f","legend:torres:euro08winner","euro08","yes","yes","yes","yes","Assistant reviewed Which striker scored Spain's only goal against Germany in the EURO 2008 final? Answer: Fernando Torres. Arabic asks the same fact with equivalent answer. Evidence: Fernando Torres scored Spain's only goal in the 2008 final from Xavi's pass, beating Jens Lehmann after evading Philipp Lahm. Verified 2026-10-07. Accessible recognition of a famous nickname, player, celebration or major honour."
"003","c4f953eef1dac9f45f466b8f15354b12489e6eb4ce8ba0e2afb50f0d48339724","legend:trezeguet:euro00winner","euro00","yes","yes","yes","yes","Assistant reviewed Who scored the golden goal that won EURO 2000 for France? Answer: David Trezeguet. Arabic asks the same fact with equivalent answer. Evidence: David Trezeguet scored the golden goal after Sylvain Wiltord's late equaliser. Marco Delvecchio had put Italy ahead; Robert Pires supplied the winner. Verified 2026-10-07. Accessible recognition of a famous nickname, player, celebration or major honour."
"004","ab128736cb65f5b5c3f0deeca1b9e51aaf28c100bae0f76031428754e48dfd4d","legend:vanbasten:euro88volley","euro88","yes","yes","yes","yes","Assistant reviewed Which Dutch star scored the famous volley in the EURO 1988 final? Answer: Marco van Basten. Arabic asks the same fact with equivalent answer. Evidence: Marco van Basten's volley was the celebrated second Netherlands goal in the final. Verified 2026-10-07. Accessible recognition of a famous nickname, player, celebration or major honour."
"005","12aecad204c24a5a791c2c044bd3d109dd2da605fbdbd03d71e54ba1e76a24ac","legend:platini:euro84nine","euro84","yes","yes","yes","yes","Assistant reviewed Which French star scored nine goals at EURO 1984? Answer: Michel Platini. Arabic asks the same fact with equivalent answer. Evidence: Michel Platini scored nine goals at EURO 1984, including the opening goal in the final against Spain. Verified 2026-10-07. Accessible recognition of a famous nickname, player, celebration or major honour."
"006","52b54fa5c2913a46105165d27d314a991481f99a6a895fbd46e9c9e14c21e708","legend:schmeichel:euro92keeper","euro92","yes","yes","yes","yes","Assistant reviewed Who was Denmark's goalkeeper in their historic EURO 1992 triumph? Answer: Peter Schmeichel. Arabic asks the same fact with equivalent answer. Evidence: Peter Schmeichel kept goal for Denmark in the 1992 final; John Jensen and Kim Vilfort scored. Verified 2026-10-07. Accessible recognition of a famous nickname, player, celebration or major honour."
"007","2167bb5d00240cdefe77a425c987b9662ff6acac7aa19a137726c1f04b326e30","legend:garrincha:littlebird","garrincha","yes","yes","yes","yes","Assistant reviewed Which legendary Brazilian winger was nicknamed the Little Bird? Answer: Garrincha. Arabic asks the same fact with equivalent answer. Evidence: Garrincha was called the Little Bird. Verified 2026-10-07. Accessible recognition of a famous nickname, player, celebration or major honour."
"008","a702b5e5a9cce38b3dbcdf62d6e658fd390a38493c431e3042942fcd69f57908","legend:pele:realname","pele","yes","yes","yes","yes","Assistant reviewed What was Pele's real name? Answer: Edson Arantes do Nascimento. Arabic asks the same fact with equivalent answer. Evidence: Pele's name was Edson Arantes do Nascimento; Garrincha's was Manuel Francisco dos Santos. Verified 2026-10-07. Accessible recognition of a famous nickname, player, celebration or major honour."
"009","fd0a461713a7377c6a7ab04ada2e336c788462acbbdd96e706f057e6bbf493c9","legend:socrates:profession","socrates","yes","yes","yes","yes","Assistant reviewed What profession did Brazilian star Socrates practise outside football? Answer: Medicine. Arabic asks the same fact with equivalent answer. Evidence: Socrates practised medicine and was nicknamed the Doctor. Verified 2026-10-07. Accessible recognition of a famous nickname, player, celebration or major honour."
"010","17c2bc2b4a043fea05000f6018bbdbb65a75fba410d655717d7503571338b621","legend:yashin:ballonkeeper1963","yashin","yes","yes","yes","yes","Assistant reviewed Which goalkeeper won the Ballon d'Or in 1963? Answer: Lev Yashin. Arabic asks the same fact with equivalent answer. Evidence: Soviet goalkeeper Lev Yashin won the 1963 Ballon d'Or. Verified 2026-10-07. Accessible recognition of a famous nickname, player, celebration or major honour."
"011","981e13f6e5b32fb9485d0e3d990f6412a90888392cc8daebebaad32a366e463f","legend:milla:celebration","milla","yes","yes","yes","yes","Assistant reviewed Which Cameroonian legend became famous for dancing by the corner flag to celebrate goals? Answer: Roger Milla. Arabic asks the same fact with equivalent answer. Evidence: Roger Milla's trademark celebration was a corner-flag dance. Verified 2026-10-07. Accessible recognition of a famous nickname, player, celebration or major honour."
"012","ce998c6721fb3040655efec73c1b47332e8fc3829eb2735025809a369245a973","legend:weah:presidency","weah","yes","yes","yes","yes","Assistant reviewed Which football legend served as Liberia's president from 2018 to 2024? Answer: George Weah. Arabic asks the same fact with equivalent answer. Evidence: George Weah served as president of Liberia from 2018 to 2024. Verified 2026-10-07. Accessible recognition of a famous nickname, player, celebration or major honour."
"013","ff1a071fa7381bbe423abe485cbbcbb3bbc10a3f2a51883f9b0338a069fe8ab1","legend:higuita:scorpionsave","higuita","yes","yes","yes","yes","Assistant reviewed Which Colombian goalkeeper performed the famous scorpion save at Wembley in 1995? Answer: Rene Higuita. Arabic asks the same fact with equivalent answer. Evidence: Rene Higuita saved Jamie Redknapp's cross-shot with a scorpion kick against England at Wembley in September 1995. Verified 2026-10-07. Accessible recognition of a famous nickname, player, celebration or major honour."
"014","213dcdeade647d93cdbce8578f61d11c7a696d1a43ce0ea8f9e5d8e7b7588aa5","legend:valderrama:pibenickname","valderrama","yes","yes","yes","yes","Assistant reviewed Which Colombian star was known as El Pibe and for his thick blond hair? Answer: Carlos Valderrama. Arabic asks the same fact with equivalent answer. Evidence: Carlos Valderrama is called El Pibe; interview photographs show his characteristic blond curls. Verified 2026-10-07. Accessible recognition of a famous nickname, player, celebration or major honour."
"015","e13fe44332106a763053ea1c4febd04b60160f7b651b3fd245e657c255764c42","legend:eusebio:panthernickname","eusebio","yes","yes","yes","yes","Assistant reviewed Which Portuguese legend was nicknamed the Black Panther? Answer: Eusebio. Arabic asks the same fact with equivalent answer. Evidence: Eusebio was nicknamed the Black Panther and began his career at Sporting Club Lourenco Marques in Mozambique. Verified 2026-10-07. Accessible recognition of a famous nickname, player, celebration or major honour."
"016","77b66e2544795011fa1fb5ffa9238df6f751509b8d0093bd80bd9b91581b5a26","legend:hamm:firstfifaaward","hamm","yes","yes","yes","yes","Assistant reviewed Which American star won the first FIFA Women's World Player award in 2001? Answer: Mia Hamm. Arabic asks the same fact with equivalent answer. Evidence: Mia Hamm won the inaugural FIFA women's player award in 2001 and again in 2002; she and Michelle Akers were the two women in Pele's FIFA100. Verified 2026-10-07. Accessible recognition of a famous nickname, player, celebration or major honour."
"017","290301345caacdd6c8c9d8f9a88e304179ecd5bb67623a19943ed527b11c86d2","legend:marta:sixawards","marta","yes","yes","yes","yes","Assistant reviewed Which Brazilian star had won FIFA's women's best-player award six times by 2018? Answer: Marta. Arabic asks the same fact with equivalent answer. Evidence: Marta won FIFA's women's best-player awards in 2006, 2007, 2008, 2009, 2010 and 2018. Verified 2026-10-07. Accessible recognition of a famous nickname, player, celebration or major honour."
"018","ede3e894e2ea895380ce15e7cd786e6b9e264c69e8219b6b1c57b9741c7e7a8d","legend:neymar:rio16decisivepenalty","rio16","yes","yes","yes","yes","Assistant reviewed Who scored the decisive penalty that won Brazil men's football gold at Rio 2016? Answer: Neymar. Arabic asks the same fact with equivalent answer. Evidence: Neymar scored a free-kick and the decisive shoot-out penalty in Brazil's 2016 Olympic final against Germany. Verified 2026-10-07. Accessible recognition of a famous nickname, player, celebration or major honour."
"019","b1c3a7ff1f64c3a638883971268158ac4ae4ec35c2e5b712f3de2cef4c0a68ca","legend:cristiano:puskas2009","puskas09","yes","yes","yes","yes","Assistant reviewed Who won the first FIFA Puskas Award in 2009? Answer: Cristiano Ronaldo. Arabic asks the same fact with equivalent answer. Evidence: Cristiano Ronaldo won the inaugural award in 2009 for Manchester United's goal against Porto. Verified 2026-10-07. Accessible recognition of a famous nickname, player, celebration or major honour."
"020","093a92cb3432697e21eeca23980f1256c3edc3796244e814fe861838e2126df9","legend:dimaria:beijing08winner","beijing08","yes","yes","yes","yes","Assistant reviewed Who scored Argentina's only goal in the men's football final at Beijing 2008? Answer: Angel Di Maria. Arabic asks the same fact with equivalent answer. Evidence: Angel Di Maria scored the only goal against Nigeria in the 2008 Olympic final, assisted by Lionel Messi. Verified 2026-10-07. Accessible recognition of a famous nickname, player, celebration or major honour."
"021","d900307940070a048b9746c71dccd083f046b30f463147f7ff42803ab42cdefe","legend:eto:o:afcon18","etoafcon","yes","yes","yes","yes","Assistant reviewed Which Cameroon striker finished his AFCON appearances with 18 goals between 2000 and 2010? Answer: Samuel Eto'o. Arabic asks the same fact with equivalent answer. Evidence: Samuel Eto'o scored 18 AFCON goals between 2000 and 2010. Verified 2026-10-07. Accessible recognition of a famous nickname, player, celebration or major honour."
"022","8fb56820885306ec2f7a610996167fd2c2b960a595d5ee7dfe6aedb704e928de","legend:aboutrika:afcon08winner","afconguide","yes","yes","yes","yes","Assistant reviewed Who scored Egypt's winning goal against Cameroon in the 2008 AFCON final? Answer: Mohamed Aboutrika. Arabic asks the same fact with equivalent answer. Evidence: Mohamed Aboutrika scored Egypt's winner against Cameroon in the 2008 final. Verified 2026-10-07. Accessible recognition of a famous nickname, player, celebration or major honour."
"023","76314a8fa1055b0b7b14e2b0d538d6592c2a8402efb1334519d9e7ad1c2e3b1c","legend:mane:afcon21decisivekick","mane21","yes","yes","yes","yes","Assistant reviewed Who scored Senegal's decisive shoot-out penalty against Egypt in the 2021 AFCON final? Answer: Sadio Mane. Arabic asks the same fact with equivalent answer. Evidence: Sadio Mane converted Senegal's decisive penalty against Egypt in the 2021 AFCON final, played in 2022. Verified 2026-10-07. Accessible recognition of a famous nickname, player, celebration or major honour."
"024","e9746b5a2c017de7e76e702640aa6a6cefdf44f7f3039b3be84320cc110b7004","legend:bounedjah:afcon19winner","bounedjah19","yes","yes","yes","yes","Assistant reviewed Who scored Algeria's only goal against Senegal in the 2019 AFCON final? Answer: Baghdad Bounedjah. Arabic asks the same fact with equivalent answer. Evidence: Baghdad Bounedjah scored the only goal in the 2019 AFCON final against Senegal. Verified 2026-10-07. Accessible recognition of a famous nickname, player, celebration or major honour."
"025","4fdf6e6e4909ea4851fbbab0c0d0e0ac21d77fc1abea442bdd9719f6ac9340ce","legend:hadary:afconthreegloves","egyptduo","yes","yes","yes","yes","Assistant reviewed Which Egypt goalkeeper was named the best at AFCON in 2006, 2008 and 2010? Answer: Essam El Hadary. Arabic asks the same fact with equivalent answer. Evidence: Essam El Hadary won best goalkeeper in 2006, 2008 and 2010; he and Ahmed Hassan held four AFCON winners' medals each. Verified 2026-10-07. Accessible recognition of a famous nickname, player, celebration or major honour."
"026","a2d0266e641c7e89ffaab939b14b5443a59165f99dc32603e859198dbb6c61d3","legend:toure:fourconsecutiveawards","cafawards","yes","yes","yes","yes","Assistant reviewed Which Ivorian player won CAF African Player of the Year four consecutive times from 2011 to 2014? Answer: Yaya Toure. Arabic asks the same fact with equivalent answer. Evidence: Yaya Toure won in 2011-2014; Drogba in 2006 and 2009; Salah in 2017 and 2018; Mahrez in 2016. Verified 2026-10-07. Accessible recognition of a famous nickname, player, celebration or major honour."
"027","e314539d692e57d87f9af208ea620d67e618b22c0b7a0b9d8aa794a26ec639c3","legend:younis:asian07winner","younis07","yes","yes","yes","yes","Assistant reviewed Which Iraq captain scored the winning goal in the 2007 Asian Cup final? Answer: Younis Mahmoud. Arabic asks the same fact with equivalent answer. Evidence: Iraq captain Younis Mahmoud headed the winner against Saudi Arabia in the 2007 Asian Cup final. Verified 2026-10-07. Accessible recognition of a famous nickname, player, celebration or major honour."
"028","88336fe846d33e30a45ed226baf1e92e5bd8dfb097fa045e1bfe5ebd6b9c8bee","legend:karimi:asianmaradonanickname","karimi","yes","yes","yes","yes","Assistant reviewed Which Iranian star was nicknamed the Asian Maradona? Answer: Ali Karimi. Arabic asks the same fact with equivalent answer. Evidence: Ali Karimi was nicknamed Asian Maradona; scored twice against New Zealand in the 2003 AFC/OFC Challenge Cup 3-0 victory. Verified 2026-10-07. Accessible recognition of a famous nickname, player, celebration or major honour."
"029","a0d6266767065e43d7d856470d13ac1e47f24b6191b10531e98df9544251d07a","legend:robertocarlos:france97freekick","carlos97","yes","yes","yes","yes","Assistant reviewed Which Brazilian star scored the dramatically swerving free-kick against France in 1997? Answer: Roberto Carlos. Arabic asks the same fact with equivalent answer. Evidence: Roberto Carlos scored the celebrated swerving free-kick against France on 3 June 1997 in the Tournoi de France. Verified 2026-10-07. Accessible recognition of a famous nickname, player, celebration or major honour."
"030","4f795a336ebd60773d5e9307b3dad4e78e7466d86bcd7c3cae103e1c768754f4","legend:ronaldinho:fifa0405","ronaldinho","yes","yes","yes","yes","Assistant reviewed Which Brazilian star won FIFA World Player of the Year in both 2004 and 2005? Answer: Ronaldinho. Arabic asks the same fact with equivalent answer. Evidence: Ronaldinho won FIFA World Player in 2004 and 2005. Verified 2026-10-07. Accessible recognition of a famous nickname, player, celebration or major honour."
"031","1c08575609dc0b176f89971ef554f4b4d9ba226d8902caa6665308bd38fb4ca1","legend:bebeto:babycelebration","bebeto","yes","yes","yes","yes","Assistant reviewed Which Brazil striker celebrated his newborn with the baby-rocking gesture at the 1994 World Cup? Answer: Bebeto. Arabic asks the same fact with equivalent answer. Evidence: Bebeto performed the baby-rocking celebration to honour his newborn son in 1994. Verified 2026-10-07. Accessible recognition of a famous nickname, player, celebration or major honour."
"032","c0a3a1251f9645ca9649d6ba834c90c3ef45b58c29d85660eba2a7d3cb1cb1ac","legend:modric:ballon2018","modric18","yes","yes","yes","yes","Assistant reviewed Which Croatian star won the 2018 Ballon d'Or? Answer: Luka Modric. Arabic asks the same fact with equivalent answer. Evidence: Luka Modric won the 2018 Ballon d'Or. Verified 2026-10-07. Accessible recognition of a famous nickname, player, celebration or major honour."
"033","2df759cd6891a264cbd894f62f75a3807e4fa2e464a6c17849de34839c898509","legend:stoichkov:ballon1994","stoichkov","yes","yes","yes","yes","Assistant reviewed Which Bulgarian star won the 1994 Ballon d'Or? Answer: Hristo Stoichkov. Arabic asks the same fact with equivalent answer. Evidence: Hristo Stoichkov won the 1994 Ballon d'Or. Verified 2026-10-07. Accessible recognition of a famous nickname, player, celebration or major honour."
"034","cbda9398bdb16ea59df9d0f40496fb90f83e007581cfe480f3f3162031ce657c","legend:beckham:greece01freekick","beckham01","yes","yes","yes","yes","Assistant reviewed Who scored the late free-kick against Greece that secured England's qualification for the 2002 World Cup? Answer: David Beckham. Arabic asks the same fact with equivalent answer. Evidence: England's official channel documents David Beckham's late free-kick against Greece in 2001 that secured 2002 qualification. Verified 2026-10-07. Accessible recognition of a famous nickname, player, celebration or major honour."
"035","45ecbf98aa47f4f5ec9a45db5b3ffa5b6a1fb4d4c00d3897bf089ff9d6df7dcc","legend:puskas:goalawardhonoree","puskasaward","yes","yes","yes","yes","Assistant reviewed Which Hungarian legend gives his name to FIFA's award for the best goal? Answer: Ferenc Puskas. Arabic asks the same fact with equivalent answer. Evidence: The award is named for Ferenc Puskas. Verified 2026-10-07. Accessible recognition of a famous nickname, player, celebration or major honour."
"036","e9ac8242c5ab80d4cea7d8dbf585ab46c1e733bddf28641daf05c494b591fef7","legend:beckenbauer:playercoachworldtitles","franz","yes","yes","yes","yes","Assistant reviewed Who won the World Cup with West Germany as a player in 1974 and as coach in 1990? Answer: Franz Beckenbauer. Arabic asks the same fact with equivalent answer. Evidence: Franz Beckenbauer won in 1974 as player and 1990 as coach. Verified 2026-10-07. Accessible recognition of a famous nickname, player, celebration or major honour."
"037","32041e92448933d2e059c93574ffc60144647ea3a266a6149a4c6ed1bc06528f","legend:banks:peleheader1970","banks","yes","yes","yes","yes","Assistant reviewed Which England goalkeeper made the famous save from Pele's header at the 1970 World Cup? Answer: Gordon Banks. Arabic asks the same fact with equivalent answer. Evidence: Gordon Banks saved Pele's header in 1970. Verified 2026-10-07. Accessible recognition of a famous nickname, player, celebration or major honour."
"038","072f8e034e50f1625427e88f4dbd454a26c87f990cc2e12be9ed6b7b1e339c1a","legend:hegerberg:firstwomensballon","hegerberg","yes","yes","yes","yes","Assistant reviewed Which Norwegian star won the first women's Ballon d'Or in 2018? Answer: Ada Hegerberg. Arabic asks the same fact with equivalent answer. Evidence: Norwegian forward Ada Hegerberg won the inaugural women's Ballon d'Or in December 2018. Verified 2026-10-07. Accessible recognition of a famous nickname, player, celebration or major honour."
"039","a9895efa0608c042b662af5563e0615f3f82a1670bc2e737f665cbeab37f10b3","legend:pele:cosmosclub","pelecosmos","yes","yes","yes","yes","Assistant reviewed Which American club did Pele play for from 1975 to 1977? Answer: New York Cosmos. Arabic asks the same fact with equivalent answer. Evidence: Pele played at New York Cosmos from 1975 to 1977. Verified 2026-10-07. Accessible recognition of a famous nickname, player, celebration or major honour."
"040","bbcfa885f6268c15edce9e7947b27fb35ff282f5a4371b2a4f374c7e425b96b5","legend:best:beatlenickname","best","yes","yes","yes","yes","Assistant reviewed Which Manchester United legend was nicknamed El Beatle in reference to the Beatles? Answer: George Best. Arabic asks the same fact with equivalent answer. Evidence: George Best earned the nickname El Beatle. Verified 2026-10-07. Accessible recognition of a famous nickname, player, celebration or major honour."
"041","4f3ec6691a5b863fad2a542cfbf5768c372d788dffe8b816c5d57db2d070ee6a","legend:pele:benfica62hattrick","pele62","yes","yes","yes","yes","Assistant reviewed Which Santos star scored a hat-trick against Benfica in Lisbon in the 1962 Intercontinental Cup? Answer: Pele. Arabic asks the same fact with equivalent answer. Evidence: Pele's hat-trick in Lisbon crushed Benfica in the 1962 Intercontinental Cup. Verified 2026-10-07. Accessible recognition of a famous nickname, player, celebration or major honour."
"042","dd590793bd70072a06197155b8a515ebe71bec26ec735d58bfc159223a0ba8d2","legend:gascoigne:scotland96goal","gazza96","yes","yes","yes","yes","Assistant reviewed Which England star performed the dentist's-chair celebration after his famous goal against Scotland at EURO 1996? Answer: Paul Gascoigne. Arabic asks the same fact with equivalent answer. Evidence: Paul Gascoigne's goal against Scotland led to the dentist's-chair celebration. Verified 2026-10-07. Accessible recognition of a famous nickname, player, celebration or major honour."
"043","1680f8686d5ad293d14d85ad17274b84139adafbdc5a1ee4638169ce226e6786","legend:balotelli:germany12brace","balotelli12","yes","yes","yes","yes","Assistant reviewed Who scored both Italy goals against Germany in the EURO 2012 semi-final? Answer: Mario Balotelli. Arabic asks the same fact with equivalent answer. Evidence: Balotelli scored both Italian goals in the 2-1 semi-final win over Germany. Verified 2026-10-07. Accessible recognition of a famous nickname, player, celebration or major honour."
"044","e892541e1cfe2300922f0abb726e6a134d0d4815dea3be247f4bfdd5db55fb9a","legend:chilavert:setpieces","chilavert","yes","yes","yes","yes","Assistant reviewed Which Paraguay goalkeeper became famous for scoring free-kicks and penalties? Answer: Jose Luis Chilavert. Arabic asks the same fact with equivalent answer. Evidence: Paraguay goalkeeper Chilavert scored free-kicks and penalties; Cubillas's 1978 free-kick inspired him. Verified 2026-10-07. Accessible recognition of a famous nickname, player, celebration or major honour."
"045","36c5176b5d1b09c82e12ca0cbdde6537038a578e29dd4adf06694029f68d7d8a","legend:drogba:peaceappeal2005","drogbapeace","yes","yes","yes","yes","Assistant reviewed Which Ivorian star made a dressing-room appeal for peace after World Cup qualification in October 2005? Answer: Didier Drogba. Arabic asks the same fact with equivalent answer. Evidence: Drogba appealed for peace after qualification on 8 October 2005 in Omdurman; Aruna Dindane scored twice in the 3-1 win. Verified 2026-10-07. Accessible recognition of a famous nickname, player, celebration or major honour."
"046","4a4548754a690bc69177671dc18c08e47ed09f36678cd59aed4fb2a634fc7531","legend:figo:ballon2000","ballonhistory","yes","yes","yes","yes","Assistant reviewed Which Portuguese star won the Ballon d'Or in 2000? Answer: Luis Figo. Arabic asks the same fact with equivalent answer. Evidence: Eusebio won in 1965; Shevchenko in 2004; Figo in 2000; Rivaldo in 1999; Cannavaro in 2006. Verified 2026-10-07. Accessible recognition of a famous nickname, player, celebration or major honour."
"047","74bd34b36a6e33535f1d0099ef8764b045bd5239a867f364f773494101e30397","legend:rivaldo:ballon1999","ballonhistory","yes","yes","yes","yes","Assistant reviewed Which Brazilian star won the Ballon d'Or in 1999? Answer: Rivaldo. Arabic asks the same fact with equivalent answer. Evidence: Eusebio won in 1965; Shevchenko in 2004; Figo in 2000; Rivaldo in 1999; Cannavaro in 2006. Verified 2026-10-07. Accessible recognition of a famous nickname, player, celebration or major honour."
"048","3b1b6ec49233d4ad80c2e644886cda03687bc4b6646b7c9d44a47b316630202e","legend:cannavaro:ballon2006","ballonhistory","yes","yes","yes","yes","Assistant reviewed Which Italian defender won the Ballon d'Or in 2006? Answer: Fabio Cannavaro. Arabic asks the same fact with equivalent answer. Evidence: Eusebio won in 1965; Shevchenko in 2004; Figo in 2000; Rivaldo in 1999; Cannavaro in 2006. Verified 2026-10-07. Accessible recognition of a famous nickname, player, celebration or major honour."
"049","25481465c087ce585df1f9c2482f9f1553aa94363e4d1fc5db6cfc0b15308575","legend:ronaldo:haircut2002","ronaldotribute","yes","yes","yes","yes","Assistant reviewed Which Brazilian star wore a haircut with just a small patch at the front at the 2002 World Cup? Answer: Ronaldo Nazario. Arabic asks the same fact with equivalent answer. Evidence: Ronaldo's distinctive 2002 haircut diverted attention from his leg injury; Jairzinho discovered him and recommended him to Cruzeiro. Verified 2026-10-07. Accessible recognition of a famous nickname, player, celebration or major honour."
"050","72bc2ea01e782afc5643edbabe2e016d15111b48655dfb4e4b2f60a398ce79fe","legend:batistuta:batigol","batistuta93","yes","yes","yes","yes","Assistant reviewed Which Argentine striker is known as Batigol? Answer: Gabriel Batistuta. Arabic asks the same fact with equivalent answer. Evidence: Batigol is Gabriel Batistuta; he scored both Argentina goals in the 1993 Copa America final win over Mexico. Verified 2026-10-07. Accessible recognition of a famous nickname, player, celebration or major honour."
"051","6dfb7724c2106430d8f778e2f1357b18491e7bec448a582c11bf2fd1f4fc48b4","legend:zico:whitepele","zicoofficial","yes","yes","yes","yes","Assistant reviewed Which Brazilian playmaker is known as the White Pele? Answer: Zico. Arabic asks the same fact with equivalent answer. Evidence: Official biography identifies Zico as the White Pele abroad. Verified via indexed official page 2026-10-07; direct fetch returned 502. Accessible recognition of a famous nickname, player, celebration or major honour."
"052","6efb6d069ba3755d9622a126a8496d2d6c1f91550dbf992c61b2317e8f27d2df","legend:charlton:munichsurvivor","charltontribute","yes","yes","yes","yes","Assistant reviewed Which English star won the 1966 Ballon d'Or after surviving the 1958 Munich air disaster? Answer: Bobby Charlton. Arabic asks the same fact with equivalent answer. Evidence: Charlton survived the 1958 Munich air disaster and won the 1966 Ballon d'Or. Verified 2026-10-07; award corroborated by UEFA Ballon d'Or history. Accessible recognition of a famous nickname, player, celebration or major honour."
"053","a940525a39fe6d48204c4f511dfc965e1e13529464b37176f9237ffb1784a76f","legend:delpiero:tonguecelebration","delpierotongue","yes","yes","yes","yes","Assistant reviewed Which Juventus legend was known for the tongue-out celebration copied by Kenan Yildiz? Answer: Alessandro Del Piero. Arabic asks the same fact with equivalent answer. Evidence: Yildiz says his tongue-out celebration is inspired by Del Piero. Verified 2026-10-07. Accessible recognition of a famous nickname, player, celebration or major honour."
"054","a43d9ebfe873535cba4e00e276f1539c9abb88bc86063151249638621f5bcdd1","legend:romario:baixinho","romarionick","yes","yes","yes","yes","Assistant reviewed Which Brazilian striker was nicknamed Baixinho, meaning Shortie? Answer: Romario. Arabic asks the same fact with equivalent answer. Evidence: Romario is called Baixinho, translated as Shortie. Verified 2026-10-07. Accessible recognition of a famous nickname, player, celebration or major honour."
"055","1512eed7e83630d5894d2c54ade6f599b994a455a06841467fe6cc440cae60b4","legend:campos:colourfulkits","camposkits","yes","yes","yes","yes","Assistant reviewed Which Mexico goalkeeper was famous for his bright multicoloured shirts in the 1990s? Answer: Jorge Campos. Arabic asks the same fact with equivalent answer. Evidence: Campos is identified as the Mexican goalkeeper known for colourful jerseys. Verified 2026-10-07. Accessible recognition of a famous nickname, player, celebration or major honour."
"056","d4cb27fe909b9eb38e2e2438c3065e94e2393de522f4a51e60b7de3ee6dd4b48","legend:ibrahimovic:england12four","zlatanfour","yes","yes","yes","yes","Assistant reviewed Who scored all four Sweden goals, including a long-range overhead kick, against England in 2012? Answer: Zlatan Ibrahimovic. Arabic asks the same fact with equivalent answer. Evidence: Ibrahimovic scored all four in Sweden's 4-2 win over England in November 2012, including a long-range overhead kick. Verified 2026-10-07. Accessible recognition of a famous nickname, player, celebration or major honour."
"057","6cc46843a24f661677b7caa66c4d5d5335ec4d6a20f09c9c0b30f52e719f08c6","legend:cafu:pendolino","cafu","yes","yes","yes","yes","Assistant reviewed Which Brazilian full-back played for Roma and Milan and was nicknamed Il Pendolino, the Express Train? Answer: Cafu. Arabic asks the same fact with equivalent answer. Evidence: Cafu played in the 1994, 1998 and 2002 World Cup finals and was nicknamed Il Pendolino in Italy. Verified 2026-10-07. Accessible recognition of a famous nickname, player, celebration or major honour."
"058","44536e84dd9fbacd04768a70f3eaf96875e903ad27357729ada68f1b5143e32a","legend:morgan:teacelebration","morgantea","yes","yes","yes","yes","Assistant reviewed Which American star celebrated by pretending to sip tea after scoring against England at the 2019 Women's World Cup? Answer: Alex Morgan. Arabic asks the same fact with equivalent answer. Evidence: Morgan describes her tea-sipping celebration against England at France 2019. Verified from indexed full interview 2026-10-07. Accessible recognition of a famous nickname, player, celebration or major honour."
"059","27274743bef6f30ade0f86e384122e348d20ae15173daf6d04db06f84d4f9599","legend:kaka:fullnameidentity","kakareal","yes","yes","yes","yes","Assistant reviewed By which football name is Brazilian star Ricardo Izecson dos Santos Leite known? Answer: Kaka. Arabic asks the same fact with equivalent answer. Evidence: Kaka's full name is Ricardo Izecson dos Santos Leite. Verified 2026-10-07. Accessible recognition of a famous nickname, player, celebration or major honour."
"060","2f39c43666658630f43195c7fb866c3b202f18748fb4988e961766d708fc0ffb","legend:tevez:apache","tevezapache","yes","yes","yes","yes","Assistant reviewed Which Argentine forward played for Boca Juniors and Manchester City and was nicknamed El Apache? Answer: Carlos Tevez. Arabic asks the same fact with equivalent answer. Evidence: The interview identifies Carlos Tevez as El Apache. Verified 2026-10-07. Accessible recognition of a famous nickname, player, celebration or major honour."
"061","0ee553619600b4822e93f2be5c457925a016b427cafe80715261655a00fa4115","legend:mascherano:jefecito","mascheranonick","yes","yes","yes","yes","Assistant reviewed Which former Argentina midfielder played for Liverpool and Barcelona and was nicknamed El Jefecito, the Little Chief? Answer: Javier Mascherano. Arabic asks the same fact with equivalent answer. Evidence: Mascherano is nicknamed Jefecito; FIFA's German interview translates this as little chief. Verified 2026-10-07. Accessible recognition of a famous nickname, player, celebration or major honour."
"062","766ae28650c47dbf560498c2c6f0249c64078bfed854e1df14238be53aea0470","legend:higuita:loco","higuitaloco","yes","yes","yes","yes","Assistant reviewed Which Colombian goalkeeper was famously nicknamed El Loco, the Madman? Answer: Rene Higuita. Arabic asks the same fact with equivalent answer. Evidence: Higuita is nicknamed El Loco. Verified 2026-10-07. Accessible recognition of a famous nickname, player, celebration or major honour."
"063","f10fd3336870cec29984b1924078aa160987f1f13164a88a87ab35f005b91511","legend:puyol:oneclub","puyolcareer","yes","yes","yes","yes","Assistant reviewed With which club did Carles Puyol spend his entire professional career? Answer: Barcelona. Arabic asks the same fact with equivalent answer. Evidence: Puyol was a one-club player with Barcelona. Verified 2026-10-07. Accessible recognition of a famous nickname, player, celebration or major honour."
"064","ac53fae334b9a3483fcd3d0e9d9456aaf0a1e7bd88f92bd45885ad65a2577c4a","legend:messi:firstseniortitle","messicopa21","yes","yes","yes","yes","Assistant reviewed At which tournament did Messi win his first title with Argentina's senior national team in 2021? Answer: Copa America. Arabic asks the same fact with equivalent answer. Evidence: Messi won his first senior Argentina title at the 2021 Copa America. Youth and Olympic titles are excluded by question wording. Verified 2026-10-07. Accessible recognition of a famous nickname, player, celebration or major honour."
"065","b010b6f202f9ef7634b2fa1821416b7c6f0b3385fb5f8573aca5903c13f2421b","legend:ronaldinho:firstclub","ronaldinhogremio","yes","yes","yes","yes","Assistant reviewed At which Brazilian club did Ronaldinho begin his career before moving to Paris Saint-Germain? Answer: Gremio. Arabic asks the same fact with equivalent answer. Evidence: Ronaldinho began his career at Gremio before moving to Paris in 2001. Verified 2026-10-07. Accessible recognition of a famous nickname, player, celebration or major honour."
"066","af3a90ad71fa6dcf173cb5592477d07f21ef8f7d91a1a22663b740de898ee52e","legend:neymar:firstclub","neymardebut","yes","yes","yes","yes","Assistant reviewed Which Brazilian club gave Neymar his professional debut in 2009? Answer: Santos. Arabic asks the same fact with equivalent answer. Evidence: Neymar made his Santos first-team debut aged seventeen in 2009. Verified 2026-10-07; question uses historical club fact only. Accessible recognition of a famous nickname, player, celebration or major honour."
"067","cc88b358378e15bb2ac6cb08522f235d0ef7f70fd083439155de27628adbedd2","legend:ronaldo:airporthonour","ronaldoairport","yes","yes","yes","yes","Assistant reviewed Which Portuguese football star is honoured in the name of Madeira Airport? Answer: Cristiano Ronaldo. Arabic asks the same fact with equivalent answer. Evidence: Airport operator identifies Madeira Airport as Aeroporto Cristiano Ronaldo. Verified 2026-10-07. Accessible recognition of a famous nickname, player, celebration or major honour."
"068","8900aac8ad90ee3c869428db8fabe0f6294927030d06797676e416e7e6b4d307","legend:ramos:panenka12","euro12technical","yes","yes","yes","yes","Assistant reviewed Which Spanish defender scored a Panenka-style shoot-out kick against Portugal in the EURO 2012 semi-final? Answer: Sergio Ramos. Arabic asks the same fact with equivalent answer. Evidence: The report caption identifies Sergio Ramos scoring a Panenka against Portugal goalkeeper Rui Patricio. Verified 2026-10-07. Accessible recognition of a famous nickname, player, celebration or major honour."
"069","418936bd1199545c769e1e22233c236876c2fc4dfee65246e24dcdea3839aca2","legend:cafu:threefinalappearances","cafu","yes","yes","yes","yes","Assistant reviewed Which player appeared in all three World Cup finals in 1994, 1998 and 2002? Answer: Cafu. Arabic asks the same fact with equivalent answer. Evidence: Cafu played in the 1994, 1998 and 2002 World Cup finals and was nicknamed Il Pendolino in Italy. Verified 2026-10-07. Moderate recall of an international final, award, career milestone or notable achievement."
"070","2cf38f5c1ba28d3f4c8c3460af744b727deea1bcbdf7ddd5b45b36cb28432684","legend:xavi:euro08award","xavi08","yes","yes","yes","yes","Assistant reviewed Which Spanish midfielder was named Player of the Tournament at EURO 2008? Answer: Xavi Hernandez. Arabic asks the same fact with equivalent answer. Evidence: Xavi Hernandez won EURO 2008 Player of the Tournament. Verified 2026-10-07. Moderate recall of an international final, award, career milestone or notable achievement."
"071","6a20cfc0ae92feeed1a606e2b9215bc80748c75d754b0dfe000aa4e9065b44e8","legend:eder:euro16winner","euro16","yes","yes","yes","yes","Assistant reviewed Which Portugal substitute scored the winner against France in the EURO 2016 final? Answer: Eder. Arabic asks the same fact with equivalent answer. Evidence: Eder scored Portugal's extra-time winner in the 2016 final; Ricardo Quaresma replaced injured Cristiano Ronaldo. Verified 2026-10-07. Moderate recall of an international final, award, career milestone or notable achievement."
"072","3a96553721cbfdbf9b1aff7b45d065cb2682a0052b09e4060b1238243e75fc81","legend:charisteas:euro04winner","euro04","yes","yes","yes","yes","Assistant reviewed Which Greek striker scored against Portugal in the EURO 2004 final? Answer: Angelos Charisteas. Arabic asks the same fact with equivalent answer. Evidence: Angelos Charisteas headed the 2004 final winner from Angelos Basinas's corner. Verified 2026-10-07. Moderate recall of an international final, award, career milestone or notable achievement."
"073","743d29c9a39f0826f24f4ffd3f136ce2a3659fe389dc7193ef4c42aceb82cf2f","legend:bierhoff:euro96winner","euro96","yes","yes","yes","yes","Assistant reviewed Who scored both Germany goals, including the golden goal, in the EURO 1996 final? Answer: Oliver Bierhoff. Arabic asks the same fact with equivalent answer. Evidence: Oliver Bierhoff scored Germany's equaliser and golden goal in the 1996 final. Patrik Berger opened from the spot; Jurgen Klinsmann captained Germany. Verified 2026-10-07. Moderate recall of an international final, award, career milestone or notable achievement."
"074","b38c91da8aa39587552a8a32ff0155fd63d9640410b49676c775701b4122b656","legend:wiltord:euro00equaliser","euro00","yes","yes","yes","yes","Assistant reviewed Who rescued France with the stoppage-time equaliser in the EURO 2000 final? Answer: Sylvain Wiltord. Arabic asks the same fact with equivalent answer. Evidence: David Trezeguet scored the golden goal after Sylvain Wiltord's late equaliser. Marco Delvecchio had put Italy ahead; Robert Pires supplied the winner. Verified 2026-10-07. Moderate recall of an international final, award, career milestone or notable achievement."
"075","2745b6d3707d4d2ebca252ada5eaff67cc79e17b21f2342189d154a457bfdee6","legend:silva:euro12opener","euro12","yes","yes","yes","yes","Assistant reviewed Who headed Spain's opening goal in the EURO 2012 final? Answer: David Silva. Arabic asks the same fact with equivalent answer. Evidence: David Silva headed Spain ahead, Jordi Alba scored the second, Torres the third and Mata the fourth in the 2012 final. Verified 2026-10-07. Moderate recall of an international final, award, career milestone or notable achievement."
"076","25a704093a50405d6474bfed684a427dc743b8c63e6c9f4ed2d6ba4f1c2c662f","legend:zagorakis:euro04award","zagorakis04","yes","yes","yes","yes","Assistant reviewed Which Greece captain was named Player of the Tournament at EURO 2004? Answer: Theodoros Zagorakis. Arabic asks the same fact with equivalent answer. Evidence: Greece captain Theodoros Zagorakis won Player of the Tournament in 2004. Verified 2026-10-07. Moderate recall of an international final, award, career milestone or notable achievement."
"077","6c94bc942522d585d0d3a6684e2373c61d353b39d1e660cbeb081736f197a244","legend:sammer:euro96award","sammer96","yes","yes","yes","yes","Assistant reviewed Which German defender was named Player of the Tournament at EURO 1996? Answer: Matthias Sammer. Arabic asks the same fact with equivalent answer. Evidence: Matthias Sammer was EURO 1996 Player of the Tournament, playing sweeper. Verified 2026-10-07. Moderate recall of an international final, award, career milestone or notable achievement."
"078","ac1c21be5caed089c09d439e3b8ffb5412624a700953032ebef018d964f140ef","legend:gullit:euro88opener","euro88final","yes","yes","yes","yes","Assistant reviewed Which Netherlands captain opened the scoring with a header in the EURO 1988 final? Answer: Ruud Gullit. Arabic asks the same fact with equivalent answer. Evidence: Ruud Gullit headed the opening goal; Arnold Muhren crossed for Van Basten's volley; Hans van Breukelen saved Igor Belanov's penalty. Verified 2026-10-07. Moderate recall of an international final, award, career milestone or notable achievement."
"079","4b01898e91da9eaf5638c4c2d1a164059a9abed892e52780a845a992b4ac119c","legend:klinsmann:euro96captain","euro96","yes","yes","yes","yes","Assistant reviewed Who captained Germany on the pitch in the EURO 1996 final? Answer: Jurgen Klinsmann. Arabic asks the same fact with equivalent answer. Evidence: Oliver Bierhoff scored Germany's equaliser and golden goal in the 1996 final. Patrik Berger opened from the spot; Jurgen Klinsmann captained Germany. Verified 2026-10-07. Moderate recall of an international final, award, career milestone or notable achievement."
"080","594f48d10f18b0f6f696d493556a78d1dd46f71b3439d89f2081e0adfe9c3720","legend:kanu:atlanta96goldengoal","kanu96","yes","yes","yes","yes","Assistant reviewed Who scored the golden goal that eliminated Brazil against Nigeria in the 1996 Olympic semi-final? Answer: Nwankwo Kanu. Arabic asks the same fact with equivalent answer. Evidence: Nigeria captain Nwankwo Kanu scored the golden goal against Brazil in the 1996 Olympic semi-final. Verified 2026-10-07. Moderate recall of an international final, award, career milestone or notable achievement."
"081","3ca341635b4734ac671a0da07a086ef5ba6f5d2615227dbb1e29d8fc53cd1967","legend:hassan:afcon10award","hassan10","yes","yes","yes","yes","Assistant reviewed Which Egypt captain won the best-player award at AFCON 2010? Answer: Ahmed Hassan. Arabic asks the same fact with equivalent answer. Evidence: Ahmed Hassan won the 2010 MVP award. Verified 2026-10-07. Moderate recall of an international final, award, career milestone or notable achievement."
"082","069ff6754071529265b468b46587eff762fdab19b4565a62b8ee929ef0f89001","legend:aboubakar:afcon17winner","aboubakar17","yes","yes","yes","yes","Assistant reviewed Which Cameroon substitute settled the 2017 AFCON final with a late goal against Egypt? Answer: Vincent Aboubakar. Arabic asks the same fact with equivalent answer. Evidence: Substitute Vincent Aboubakar scored Cameroon's late winner against Egypt in the 2017 final. Verified 2026-10-07. Moderate recall of an international final, award, career milestone or notable achievement."
"083","a8f7801f11c7695bcd412dff0ec150cd781da47163f078b17449da825c89a478","legend:pokou:five1970","pokou","yes","yes","yes","yes","Assistant reviewed Which Ivorian star scored five goals against Ethiopia at AFCON 1970? Answer: Laurent Pokou. Arabic asks the same fact with equivalent answer. Evidence: Laurent Pokou scored five against Ethiopia in 1970; Pierre Ndaye Mulamba scored nine for Zaire in the 1974 tournament. Verified 2026-10-07. Moderate recall of an international final, award, career milestone or notable achievement."
"084","8334af04d1c17fd00248958908f3384c6c83f31522c065b68e8d99f94bab1f00","legend:daei:asian96four","daei96","yes","yes","yes","yes","Assistant reviewed Which Iran striker scored four goals against South Korea in the 1996 Asian Cup quarter-final? Answer: Ali Daei. Arabic asks the same fact with equivalent answer. Evidence: Ali Daei scored four in Iran's 6-2 quarter-final win over Korea Republic in 1996. Disputed modern international career totals are not used. Verified 2026-10-07. Moderate recall of an international final, award, career milestone or notable achievement."
"085","fd4fa6595d7c68cd8c3f5a9a2659ddef9942d769d431bdf6d2c4e29612161d7f","legend:nakata:consecutiveawards","afcawards","yes","yes","yes","yes","Assistant reviewed Who first won AFC Player of the Year in consecutive years, in 1997 and 1998? Answer: Hidetoshi Nakata. Arabic asks the same fact with equivalent answer. Evidence: Hidetoshi Nakata was the first back-to-back AFC Player of the Year winner in 1997 and 1998; Fan Zhiyi was China's first winner. Verified 2026-10-07. Moderate recall of an international final, award, career milestone or notable achievement."
"086","592754e065091dd6430b3e5648c15e4b24cc16db33b4ce33f143c59819ba9855","legend:chabumkun:chadurifather","chaduri","yes","yes","yes","yes","Assistant reviewed Which South Korean legend is defender Cha Du-ri's father? Answer: Cha Bum-kun. Arabic asks the same fact with equivalent answer. Evidence: Cha Bum-kun is the father of Cha Du-ri. Verified 2026-10-07. Moderate recall of an international final, award, career milestone or notable achievement."
"087","cad7856b2201b810a09e90f6f90bfdbe685a40edb012c6a77a43429b8f608cfc","legend:karimi:asian04award","karimi04","yes","yes","yes","yes","Assistant reviewed Which Iran player won AFC Player of the Year in 2004? Answer: Ali Karimi. Arabic asks the same fact with equivalent answer. Evidence: Karimi won AFC Player of the Year in 2004. Verified 2026-10-07. Moderate recall of an international final, award, career milestone or notable achievement."
"088","f1edeb29ed8118b94f6fa5b967201d1433f6f5e96ba35d15bcb866d762b87aef","legend:matthews:firstballon","matthews","yes","yes","yes","yes","Assistant reviewed Who won the inaugural Ballon d'Or in 1956? Answer: Stanley Matthews. Arabic asks the same fact with equivalent answer. Evidence: Stanley Matthews won the first Ballon d'Or in 1956. Verified 2026-10-07. Moderate recall of an international final, award, career milestone or notable achievement."
"089","4fab8919f2f2f4fc9086bc63be460dc636e8beedc5a193cf70bcfab2cd4a17a0","legend:shevchenko:ballon2004","ballonhistory","yes","yes","yes","yes","Assistant reviewed Which Ukrainian star won the 2004 Ballon d'Or? Answer: Andriy Shevchenko. Arabic asks the same fact with equivalent answer. Evidence: Eusebio won in 1965; Shevchenko in 2004; Figo in 2000; Rivaldo in 1999; Cannavaro in 2006. Verified 2026-10-07. Moderate recall of an international final, award, career milestone or notable achievement."
"090","6e398f8cd7818edc8dd7a9c07fa87a9cbec1d21ea4252cc1a8a0ee5631e1f15d","legend:eusebio:ballon1965","ballonhistory","yes","yes","yes","yes","Assistant reviewed Which Benfica legend won the 1965 Ballon d'Or? Answer: Eusebio. Arabic asks the same fact with equivalent answer. Evidence: Eusebio won in 1965; Shevchenko in 2004; Figo in 2000; Rivaldo in 1999; Cannavaro in 2006. Verified 2026-10-07. Moderate recall of an international final, award, career milestone or notable achievement."
"091","7e78033fd8dee494c907d60471ac66e9b9aeb62b5630f5b4f0b3127d5a21350d","legend:romario:vascobreakthrough","romarioprofile","yes","yes","yes","yes","Assistant reviewed With which Brazilian club did Romario break into the first team in 1985? Answer: Vasco da Gama. Arabic asks the same fact with equivalent answer. Evidence: Romario joined Vasco's senior team in 1985. Verified 2026-10-07. Moderate recall of an international final, award, career milestone or notable achievement."
"092","397b913e982d9e2ee44b1dcf26e07d21b14402623d082df9135bb1045a78a122","legend:zico:japan06coach","zicojapan","yes","yes","yes","yes","Assistant reviewed Which Brazilian legend coached Japan and led them to the 2006 World Cup? Answer: Zico. Arabic asks the same fact with equivalent answer. Evidence: Zico led Japan to the 2006 World Cup as coach and helped establish Kashima Antlers as player and adviser. Verified 2026-10-07. Moderate recall of an international final, award, career milestone or notable achievement."
"093","4f00879bcd2a6cf004cde729c9d2d309ca449aed5c46202b7bf88b9e940bcde9","legend:maradona:u20goldenball1979","maradonau20","yes","yes","yes","yes","Assistant reviewed Which Argentina star won the Golden Ball at the 1979 World Youth Championship in Japan? Answer: Diego Maradona. Arabic asks the same fact with equivalent answer. Evidence: Maradona won the 1979 youth championship Golden Ball in Japan. Verified 2026-10-07. Moderate recall of an international final, award, career milestone or notable achievement."
"094","5df01af0691ce4b42e7673710a9c3ec9ecb4f0c8a28cdc07b4f9b044dd350383","legend:messi:u20goldenboot2005","messiu20","yes","yes","yes","yes","Assistant reviewed How many goals did Messi score to win the Golden Boot at the 2005 World Youth Championship? Answer: 6 goals. Arabic asks the same fact with equivalent answer. Evidence: Messi scored six goals and won the Golden Boot in 2005. Verified 2026-10-07. Moderate recall of an international final, award, career milestone or notable achievement."
"095","d8397f2c41df8338fb22ced2262f4b633ad6fa318916fddbd402ba4f9372a524","legend:cantona:beachcoach2005","cantonabeach","yes","yes","yes","yes","Assistant reviewed Which French legend coached France to the 2005 Beach Soccer World Cup title? Answer: Eric Cantona. Arabic asks the same fact with equivalent answer. Evidence: Eric Cantona coached France's beach soccer team to the 2005 world title. Verified 2026-10-07. Moderate recall of an international final, award, career milestone or notable achievement."
"096","922668801f62006fa6b32743f127cc688e7856905c56a3aed4e5e0ed88efefde","legend:dimaria:copa21winner","copa21","yes","yes","yes","yes","Assistant reviewed Who scored Argentina's decisive goal against Brazil in the 2021 Copa America final? Answer: Angel Di Maria. Arabic asks the same fact with equivalent answer. Evidence: Angel Di Maria exploited Renan Lodi's space to score the winning goal against Brazil in the final. Verified 2026-10-07. Moderate recall of an international final, award, career milestone or notable achievement."
"097","c8fe040756fbaa8fa35b707848e9fac91b633d91d012592cd540fa539e7dd88a","legend:prinz:threefifaawards","fifawomenawards","yes","yes","yes","yes","Assistant reviewed Which German star won FIFA Women's World Player in 2003, 2004 and 2005? Answer: Birgit Prinz. Arabic asks the same fact with equivalent answer. Evidence: Birgit Prinz won the women's award in 2003, 2004 and 2005. Verified 2026-10-07. Moderate recall of an international final, award, career milestone or notable achievement."
"098","db5c5d59c9bc65c09d8da00b00e832067c2de0fda6ccbf6a01be42fdc64dd342","legend:sinclair:career190","sinclair","yes","yes","yes","yes","Assistant reviewed Which Canadian star scored 190 international goals before ending her national-team career in 2023? Answer: Christine Sinclair. Arabic asks the same fact with equivalent answer. Evidence: Christine Sinclair scored 190 international goals before retirement in 2023. Verified 2026-10-07. Moderate recall of an international final, award, career milestone or notable achievement."
"099","3f61f9429b6f47b079c8d7f3144e0b62a63ba5592a87c9ba170c8879d03953df","legend:wambach:brazil11header","wambach","yes","yes","yes","yes","Assistant reviewed Who headed the USA equaliser in the 122nd minute against Brazil at the 2011 Women's World Cup? Answer: Abby Wambach. Arabic asks the same fact with equivalent answer. Evidence: Abby Wambach headed Megan Rapinoe's cross for the 122nd-minute equaliser against Brazil in the 2011 quarter-final. Verified 2026-10-07. Moderate recall of an international final, award, career milestone or notable achievement."
"100","581ad2d08a7b7f6b000b73916218ea6f7de9cb247a50cb795b7d5c812460cfb0","legend:sawa:2011doubleawards","sawa","yes","yes","yes","yes","Assistant reviewed Which Japanese star won both the Golden Ball and Golden Boot at the 2011 Women's World Cup? Answer: Homare Sawa. Arabic asks the same fact with equivalent answer. Evidence: Homare Sawa won both awards in 2011 with five goals. Verified 2026-10-07. Moderate recall of an international final, award, career milestone or notable achievement."
"101","83348ce0c0b421c78f6dcc2cf0568cb0ddabb78d9f7edf748bcb895c327d9d97","legend:solo:twogoldengloves","solo","yes","yes","yes","yes","Assistant reviewed Which American goalkeeper won the Women's World Cup Golden Glove in both 2011 and 2015? Answer: Hope Solo. Arabic asks the same fact with equivalent answer. Evidence: Hope Solo won in 2011 and 2015. Verified 2026-10-07. Moderate recall of an international final, award, career milestone or notable achievement."
"102","de1b895161a4db44b81f1065e3c05ceba9f3fa0592514acd1010ab8f8061f049","legend:angerer:fifaaward2013","angerer13","yes","yes","yes","yes","Assistant reviewed Who became the first goalkeeper to win FIFA Women's World Player, in 2013? Answer: Nadine Angerer. Arabic asks the same fact with equivalent answer. Evidence: Angerer was the first female goalkeeper to win the world player award, in 2013. Verified 2026-10-07. Moderate recall of an international final, award, career milestone or notable achievement."
"103","9b81e0808fcf048045057b1eb83bc345b5864fd2d5be8592c38d6dbf17e940b4","legend:adriano:copa04equaliser","adriano04","yes","yes","yes","yes","Assistant reviewed Who scored Brazil's late equaliser against Argentina in the 2004 Copa America final? Answer: Adriano. Arabic asks the same fact with equivalent answer. Evidence: Adriano's late equaliser led to Brazil's final shoot-out win. Verified 2026-10-07. Moderate recall of an international final, award, career milestone or notable achievement."
"104","cb4c0b6f8ce93b250df307dc622042091134d4862c59c1f7a3021116c98e50a5","legend:francescoli:princenickname","copalegends","yes","yes","yes","yes","Assistant reviewed Which Uruguayan legend was nicknamed the Prince? Answer: Enzo Francescoli. Arabic asks the same fact with equivalent answer. Evidence: Enzo Francescoli was called the Prince; Pele scored eight in the Argentina 1959 tournament; Roque Santa Cruz scored a hat-trick against Colombia in 2007. Verified 2026-10-07. Moderate recall of an international final, award, career milestone or notable achievement."
"105","d6638b31366d6709af7d6dbd9d072381224fe9866abf594d0a6759a6c5d94669","legend:kempes:goldenball1978","kempes78","yes","yes","yes","yes","Assistant reviewed Who received the Golden Ball as the best player at the 1978 World Cup? Answer: Mario Kempes. Arabic asks the same fact with equivalent answer. Evidence: Mario Kempes won the 1978 Golden Ball. Verified 2026-10-07. Moderate recall of an international final, award, career milestone or notable achievement."
"106","aa4590a5d09cd15fdc6b422e109f7c6767d6ee672fa374578c0049a83ce88651","legend:ronaldo:uefacup98third","inter98","yes","yes","yes","yes","Assistant reviewed Who scored Inter's third goal against Lazio in the 1998 UEFA Cup final? Answer: Ronaldo Nazario. Arabic asks the same fact with equivalent answer. Evidence: Zamorano opened, Zanetti hit the second from distance, Ronaldo rounded the keeper for the third against Lazio. Verified 2026-10-07. Moderate recall of an international final, award, career milestone or notable achievement."
"107","386ac88008658519d9b9bf6834af281546c76caaa649269172e8e7c4356f5ce0","legend:hidegkuti:wembley53hat","hidegkuti","yes","yes","yes","yes","Assistant reviewed Who scored a hat-trick for Hungary in their famous 6–3 win over England at Wembley in 1953? Answer: Nandor Hidegkuti. Arabic asks the same fact with equivalent answer. Evidence: Hidegkuti scored three at Wembley in 1953 and coached Fiorentina's 1961 Cup Winners' Cup champions. Verified 2026-10-07. Moderate recall of an international final, award, career milestone or notable achievement."
"108","640dea85415a14f2451660bb99b2c708405b1c48acf5bbfa3dcff6cfcfdc03ae","legend:mortensen:facup53hattrick","mortensen","yes","yes","yes","yes","Assistant reviewed Who scored Blackpool's hat-trick in the 1953 FA Cup final known as the Matthews Final? Answer: Stan Mortensen. Arabic asks the same fact with equivalent answer. Evidence: Stan Mortensen scored the hat-trick in Blackpool's 1953 FA Cup final win. Verified 2026-10-07. Moderate recall of an international final, award, career milestone or notable achievement."
"109","81d96495a78ba5af9dd1e217bcd335f53d2d5c497d9f28d6b53f6a340cb1eaa4","legend:hrubesch:euro80brace","hrubesch80","yes","yes","yes","yes","Assistant reviewed Who scored both West Germany goals against Belgium in the EURO 1980 final? Answer: Horst Hrubesch. Arabic asks the same fact with equivalent answer. Evidence: Hrubesch scored both German goals in the 1980 final. Verified 2026-10-07. Moderate recall of an international final, award, career milestone or notable achievement."
"110","184e08be0ab7eb865be63d218119e90f7ae4aef559eecfba5be5dde0be31ba0e","legend:riva:euro68replayopener","riva68","yes","yes","yes","yes","Assistant reviewed Which Cagliari legend opened the scoring for Italy in the EURO 1968 final replay? Answer: Luigi Riva. Arabic asks the same fact with equivalent answer. Evidence: Luigi Riva scored the opening goal in the 1968 final replay. Verified 2026-10-07. Moderate recall of an international final, award, career milestone or notable achievement."
"111","c3a64c210172951df98eaee0fc91d71a279d87e3ec0055b352ba3f108782bec0","legend:poborsky:portugal96chip","poborsky96","yes","yes","yes","yes","Assistant reviewed Who scored the lob that eliminated Portugal against the Czech Republic at EURO 1996? Answer: Karel Poborsky. Arabic asks the same fact with equivalent answer. Evidence: Karel Poborsky lobbed Vitor Baia in the 1996 quarter-final win over Portugal. Verified 2026-10-07. Moderate recall of an international final, award, career milestone or notable achievement."
"112","f3be678544dca406876d2fa989450061423dfa0bbd4115b641d219e1f31bdd29","legend:platini:euro84hattrickopponents","platinihats","yes","yes","yes","yes","Assistant reviewed Against which two teams did Platini score consecutive hat-tricks at EURO 1984? Answer: Belgium and Yugoslavia. Arabic asks the same fact with equivalent answer. Evidence: Platini scored consecutive perfect hat-tricks against Belgium and Yugoslavia in 1984. Verified 2026-10-07. Moderate recall of an international final, award, career milestone or notable achievement."
"113","329a3f37e13156877ec6818d82a96a3ced6bc8ad585b1e9fb0af44844015ffc5","legend:maniche:euro04semifinalcurler","maniche04","yes","yes","yes","yes","Assistant reviewed Who scored Portugal's second goal with a curling shot against the Netherlands in the EURO 2004 semi-final? Answer: Maniche. Arabic asks the same fact with equivalent answer. Evidence: Ronaldo opened and Maniche scored the second in the 2004 semi-final against the Netherlands. Verified 2026-10-07. Moderate recall of an international final, award, career milestone or notable achievement."
"114","000fd24f121a6ba52ee5f1e378a26041192090820ebc562e2dfbe19b3aa2b7c9","legend:suker:denmark96chip","suker96","yes","yes","yes","yes","Assistant reviewed Which Croatia star scored a chip over Schmeichel at EURO 1996? Answer: Davor Suker. Arabic asks the same fact with equivalent answer. Evidence: Davor Suker chipped Peter Schmeichel at EURO 1996. Verified 2026-10-07. Moderate recall of an international final, award, career milestone or notable achievement."
"115","a116bd88162d37ee9916fd38d3b118ce0a4dc0fa96f41b9c2238a08701d89c33","legend:miura:santosdebut","miura","yes","yes","yes","yes","Assistant reviewed With which Brazilian club did Japan's Kazuyoshi Miura make his senior debut in 1986? Answer: Santos. Arabic asks the same fact with equivalent answer. Evidence: Miura made his senior debut at Santos in 1986 and represented Japan at the 2012 Futsal World Cup in Thailand. Verified 2026-10-07. Moderate recall of an international final, award, career milestone or notable achievement."
"116","c1f166f0575b779d626a509d61526a8c0538df38be9abea779634585948b8b7c","legend:didi:deadleaf","didi","yes","yes","yes","yes","Assistant reviewed Which Brazilian star pioneered the free-kick known as the dead leaf? Answer: Didi. Arabic asks the same fact with equivalent answer. Evidence: Didi pioneered the dead-leaf free-kick, scored the Maracana's inaugural goal and coached Peru at Mexico 1970. Verified 2026-10-07. Moderate recall of an international final, award, career milestone or notable achievement."
"117","25e54c2bae22b9881cd1b134b980b7e7fda2801511d769d83e5bf9db411c2efd","legend:klose:handballadmission","klosefair","yes","yes","yes","yes","Assistant reviewed Which German striker told the referee he had scored with his hand for Lazio against Napoli in 2012? Answer: Miroslav Klose. Arabic asks the same fact with equivalent answer. Evidence: Klose admitted a handball goal against Napoli for Lazio in 2012; DFB honoured his fair play. Verified 2026-10-07. Moderate recall of an international final, award, career milestone or notable achievement."
"118","5c73bbf44f4054c6fb159be627624e2416ed1e392575d2ead78fe10e3156c6f9","legend:rai:socratesbrother","raibrother","yes","yes","yes","yes","Assistant reviewed Who is Socrates's younger brother who played for Paris Saint-Germain and Brazil? Answer: Rai. Arabic asks the same fact with equivalent answer. Evidence: Rai is Socrates's younger brother. Verified 2026-10-07. Moderate recall of an international final, award, career milestone or notable achievement."
"119","1458c1fe4b27aca5d78a097b9e035321061fbae5be1e2489d7481793b458b933","legend:kanu:heartcharity","kanufoundation","yes","yes","yes","yes","Assistant reviewed Which Nigerian star founded a charity that helps children with heart disease obtain surgery? Answer: Nwankwo Kanu. Arabic asks the same fact with equivalent answer. Evidence: Official register identifies Kanu Nwankwo Heart Foundation and its provision of heart operations for children. Founder attribution corroborated by https://www.kanuheartfoundationng.com/about-us/. Historical purpose only; no current totals used. Verified 2026-10-07. Moderate recall of an international final, award, career milestone or notable achievement."
"120","4a542553b4b4e68141285837ff31a55be9ef67ae14e409c710d7d0ad0758d07d","legend:batistuta:copa93brace","batistuta93","yes","yes","yes","yes","Assistant reviewed Who scored both Argentina goals in the 2-1 win over Mexico in the 1993 Copa America final? Answer: Gabriel Batistuta. Arabic asks the same fact with equivalent answer. Evidence: Batigol is Gabriel Batistuta; he scored both Argentina goals in the 1993 Copa America final win over Mexico. Verified 2026-10-07. Moderate recall of an international final, award, career milestone or notable achievement."
"121","8dec85985bb600c5962af849fefb0ef563904c7254bf610c17cf87b688c0f118","legend:riquelme:libertadores07awaybrace","bocabrazil","yes","yes","yes","yes","Assistant reviewed Who scored both Boca Juniors goals in the away leg of the 2007 Libertadores final against Gremio? Answer: Juan Roman Riquelme. Arabic asks the same fact with equivalent answer. Evidence: Riquelme scored both goals in the away leg of the 2007 final; Barros Schelotto scored a hat-trick at Paysandu in 2003. Historical facts only. Verified 2026-10-07. Moderate recall of an international final, award, career milestone or notable achievement."
"122","767f690091c56e84d33911ccba883680c65c2b2e42bf40fd337b1f69e67a6f3e","legend:valderrama:firstmlsmvp","valderramamls","yes","yes","yes","yes","Assistant reviewed Which Colombian star won the first MLS Most Valuable Player award in 1996? Answer: Carlos Valderrama. Arabic asks the same fact with equivalent answer. Evidence: Valderrama was the first MLS MVP in 1996 with Tampa Bay Mutiny. Only historical career facts used; malformed birth-date field excluded. Verified 2026-10-07. Moderate recall of an international final, award, career milestone or notable achievement."
"123","2fbf7f00be2145dd926fc9ba5818581463bb21537f4841b3a6f2a53cbf9c0887","legend:tevez:athens04topscorer","athens04","yes","yes","yes","yes","Assistant reviewed Who topped the men's football scoring chart at Athens 2004 with eight goals? Answer: Carlos Tevez. Arabic asks the same fact with equivalent answer. Evidence: Carlos Tevez was the 2004 men's Olympic tournament top scorer with eight goals. Verified 2026-10-07. Moderate recall of an international final, award, career milestone or notable achievement."
"124","bb2d09b86a97bf1d35224af48a39083f2a9fde994401d4b0ec4e3abcf63f5295","legend:peralta:london12brace","peralta","yes","yes","yes","yes","Assistant reviewed Who scored both Mexico goals against Brazil in the London 2012 men's football final? Answer: Oribe Peralta. Arabic asks the same fact with equivalent answer. Evidence: Peralta scored both Mexico goals against Brazil in the 2012 men's Olympic final. Verified 2026-10-07. Moderate recall of an international final, award, career milestone or notable achievement."
"125","3c78f998aa83f1c19a4232a75a2ae4dfb8bed37ed1e89bf7cde4c27178efea9e","legend:ceni:hundredgoals","cenicentury","yes","yes","yes","yes","Assistant reviewed Which Sao Paulo goalkeeper scored his 100th career goal in March 2011? Answer: Rogerio Ceni. Arabic asks the same fact with equivalent answer. Evidence: Goalkeeper Ceni scored his hundredth career goal against Corinthians on 27 March 2011. Verified 2026-10-07. Moderate recall of an international final, award, career milestone or notable achievement."
"126","b6224e87439fb03a5ea929a518810a8d7c8d25582b45026a3c4dbe76bafdaea8","legend:maradona:firstproclub","maradonadebut","yes","yes","yes","yes","Assistant reviewed With which Argentine club did Diego Maradona make his professional debut at fifteen? Answer: Argentinos Juniors. Arabic asks the same fact with equivalent answer. Evidence: Maradona made his professional debut at Argentinos Juniors aged fifteen. Verified 2026-10-07. Moderate recall of an international final, award, career milestone or notable achievement."
"127","20867d55041a4aca716f26e986b662cf54e1fc766fe94ba2036f5b71c0b35965","legend:zidane:debutopponent","zidanedebut","yes","yes","yes","yes","Assistant reviewed Against which team did Zinedine Zidane make his France debut in August 1994? Answer: Czech Republic. Arabic asks the same fact with equivalent answer. Evidence: Zidane's first France cap was against the Czech Republic on 17 August 1994. Verified 2026-10-07; outdated World Cup final-scoring comparison excluded. Moderate recall of an international final, award, career milestone or notable achievement."
"128","9f929ad6847d4e5e6b37c1b3cff0c2fa87f72a3d4a56ca0ad085f49814cb68e1","legend:rapinoe:2019doubleaward","rapinoe2019","yes","yes","yes","yes","Assistant reviewed Who won both the Golden Ball and Golden Boot at the 2019 Women's World Cup? Answer: Megan Rapinoe. Arabic asks the same fact with equivalent answer. Evidence: Rapinoe won the Golden Ball and Golden Boot at France 2019. Verified 2026-10-07. Moderate recall of an international final, award, career milestone or notable achievement."
"129","f2fad4e21d0baf470f3b7c25be08efba6321ad35c57504804697daff1d993bf3","legend:akers:firstwomensboot","akers1991","yes","yes","yes","yes","Assistant reviewed Who led the scoring at the inaugural Women's World Cup in 1991 with ten goals? Answer: Michelle Akers. Arabic asks the same fact with equivalent answer. Evidence: Akers led the inaugural Women's World Cup scoring in 1991 with ten goals. Verified 2026-10-07. Moderate recall of an international final, award, career milestone or notable achievement."
"130","b7871c3c259b5c222ce16f2cbe0dc8caa446d2e1755c046837471525e0edd5d9","legend:puskas:greekcoach71","puskascoach","yes","yes","yes","yes","Assistant reviewed Which Hungarian legend coached Panathinaikos to the 1971 European Cup final? Answer: Ferenc Puskas. Arabic asks the same fact with equivalent answer. Evidence: Puskas coached Panathinaikos to the 1971 European Cup final. Verified 2026-10-07. Moderate recall of an international final, award, career milestone or notable achievement."
"131","27bdc71c39fea578f59e587ffad7b28141d2a865f5d5a59270c04954632b6f53","legend:baggio:buddhism","baggioprofile","yes","yes","yes","yes","Assistant reviewed Which religion did Roberto Baggio adopt, becoming known for quiet meditation before matches? Answer: Buddhism. Arabic asks the same fact with equivalent answer. Evidence: Baggio debuted for Italy against the Netherlands in November 1988, began his senior career at Lanerossi Vicenza in 1982, and adopted Buddhism during an injury layoff. Verified 2026-10-07; unrelated inaccurate dates in this profile are excluded. Moderate recall of an international final, award, career milestone or notable achievement."
"132","774e6204715a3675a16fb3221e4c9a109dbfae1a905cb28ddf3706f57797a292","legend:okocha:doublename","okochaskills","yes","yes","yes","yes","Assistant reviewed Which Nigerian playmaker inspired the fans' phrase that he was so good they named him twice? Answer: Jay-Jay Okocha. Arabic asks the same fact with equivalent answer. Evidence: FIFA records the fans' phrase about Okocha being so good they named him twice. Verified 2026-10-07. Moderate recall of an international final, award, career milestone or notable achievement."
"133","cf63f0416804a7f403d974f3b1fb1d169788a31362a4619505587e36db1028a2","legend:nakata:retirementage","nakataretire","yes","yes","yes","yes","Assistant reviewed How old was Hidetoshi Nakata when he retired from football after the 2006 World Cup? Answer: 29. Arabic asks the same fact with equivalent answer. Evidence: Nakata retired aged twenty-nine following the 2006 World Cup. Verified 2026-10-07. Moderate recall of an international final, award, career milestone or notable achievement."
"134","4bbe20d068c9028e20f923d19cb42e7c201a1089798a222327efd794c101e804","legend:lloyd:london12brace","lloydolympic","yes","yes","yes","yes","Assistant reviewed Who scored both United States goals against Japan in the London 2012 women's Olympic football final? Answer: Carli Lloyd. Arabic asks the same fact with equivalent answer. Evidence: Lloyd scored a brace against Japan in the USA's 2-1 London 2012 Olympic final victory. Verified 2026-10-07. Moderate recall of an international final, award, career milestone or notable achievement."
"135","ea8ff28619a95baf4a83f7bc37d0583ea37c3e92182e359448766f3b0aa30599","legend:mascherano:doubleolympic","mascheranogold","yes","yes","yes","yes","Assistant reviewed Which Argentine midfielder won football gold at Athens 2004 and repeated the achievement at Beijing 2008? Answer: Javier Mascherano. Arabic asks the same fact with equivalent answer. Evidence: Mascherano won Olympic football gold at Athens 2004 and Beijing 2008. Verified 2026-10-07. Moderate recall of an international final, award, career milestone or notable achievement."
"136","ef6e8e4aa43725ed808355c904e4ad6da74b1ff75f9d1155e212042017ddc990","legend:juliocesar:confed13glove","juliogloves","yes","yes","yes","yes","Assistant reviewed Which Brazil goalkeeper received the Golden Glove at the 2013 Confederations Cup? Answer: Julio Cesar. Arabic asks the same fact with equivalent answer. Evidence: FIFA photographer Friedemann Vogel's caption identifies Julio Cesar with the Golden Glove after the final on 30 June 2013. Verified 2026-10-07. Moderate recall of an international final, award, career milestone or notable achievement."
"137","6ff684633f4697203a18fccd23c779a8458b77ffa93bf3b07c0d3edb86823fea","legend:yashin:othersport","yashinhockey","yes","yes","yes","yes","Assistant reviewed In which other sport did Lev Yashin play as a goalkeeper for Dynamo Moscow? Answer: Ice hockey. Arabic asks the same fact with equivalent answer. Evidence: Yashin kept goal for Dynamo Moscow's football and ice hockey teams early in his career. Verified 2026-10-07. Specialist recall of an older match contribution, obscure career connection, precise incident or less familiar historical role."
"138","93c44f28f0d4fe7db7b64eded581e31098c66fc79a5abeba3b0e76e029b9b967","legend:panenka:euro76keeper","euro76","yes","yes","yes","yes","Assistant reviewed Which goalkeeper did Panenka beat with his decisive chipped penalty in the EURO 1976 final? Answer: Sepp Maier. Arabic asks the same fact with equivalent answer. Evidence: Antonin Panenka chipped the decisive penalty past Sepp Maier after Uli Hoeness missed West Germany's fourth attempt. Verified 2026-10-07. Specialist recall of an older match contribution, obscure career connection, precise incident or less familiar historical role."
"139","184ca526b7dc06d9d91f99eab6bd760759d008bde5538d94bf92c1325918d280","legend:higuita:scorpionshooter","higuita","yes","yes","yes","yes","Assistant reviewed Which England player's cross-shot did Higuita stop with his scorpion save in 1995? Answer: Jamie Redknapp. Arabic asks the same fact with equivalent answer. Evidence: Rene Higuita saved Jamie Redknapp's cross-shot with a scorpion kick against England at Wembley in September 1995. Verified 2026-10-07. Specialist recall of an older match contribution, obscure career connection, precise incident or less familiar historical role."
"140","4159723c2b0eee9648250c90b92477a06fc93d56b5b58f141eb458f42513708d","legend:hamm:fifa100otherwoman","hamm","yes","yes","yes","yes","Assistant reviewed Which player joined Mia Hamm as the only two women in the 2004 FIFA 100 list? Answer: Michelle Akers. Arabic asks the same fact with equivalent answer. Evidence: Mia Hamm won the inaugural FIFA women's player award in 2001 and again in 2002; she and Michelle Akers were the two women in Pele's FIFA100. Verified 2026-10-07. Specialist recall of an older match contribution, obscure career connection, precise incident or less familiar historical role."
"141","cf5a0a9bdcf19a844cd43c26a99dc10c16f94cd196adc000d11dd0b062e96249","legend:eusebio:firstclub","eusebio","yes","yes","yes","yes","Assistant reviewed At which Mozambican club did Eusebio begin his career before joining Benfica? Answer: Sporting Lourenco Marques. Arabic asks the same fact with equivalent answer. Evidence: Eusebio was nicknamed the Black Panther and began his career at Sporting Club Lourenco Marques in Mozambique. Verified 2026-10-07. Specialist recall of an older match contribution, obscure career connection, precise incident or less familiar historical role."
"142","eb1d224a906c4c65baa08f7fab58832e500ab1ca81563c29af4518633ee9eff2","legend:pires:euro00assist","euro00","yes","yes","yes","yes","Assistant reviewed Who supplied the pass for Trezeguet's golden goal in the EURO 2000 final? Answer: Robert Pires. Arabic asks the same fact with equivalent answer. Evidence: David Trezeguet scored the golden goal after Sylvain Wiltord's late equaliser. Marco Delvecchio had put Italy ahead; Robert Pires supplied the winner. Verified 2026-10-07. Specialist recall of an older match contribution, obscure career connection, precise incident or less familiar historical role."
"143","9dd90684693f7a6c8cf873a887fb8e4be93b2e63f1e0f5eb02588e6c7be8456e","legend:delvecchio:euro00opener","euro00","yes","yes","yes","yes","Assistant reviewed Who put Italy ahead before France's comeback in the EURO 2000 final? Answer: Marco Delvecchio. Arabic asks the same fact with equivalent answer. Evidence: David Trezeguet scored the golden goal after Sylvain Wiltord's late equaliser. Marco Delvecchio had put Italy ahead; Robert Pires supplied the winner. Verified 2026-10-07. Specialist recall of an older match contribution, obscure career connection, precise incident or less familiar historical role."
"144","d41951af087f0f2cc7b5dce0626220e3f2e82459a162915f6c3a632da574632b","legend:muhren:euro88assist","euro88final","yes","yes","yes","yes","Assistant reviewed Who crossed the ball for Van Basten's famous volley in the EURO 1988 final? Answer: Arnold Muhren. Arabic asks the same fact with equivalent answer. Evidence: Ruud Gullit headed the opening goal; Arnold Muhren crossed for Van Basten's volley; Hans van Breukelen saved Igor Belanov's penalty. Verified 2026-10-07. Specialist recall of an older match contribution, obscure career connection, precise incident or less familiar historical role."
"145","f3e796ed006c8e1793ceea108dd05835e1f390390c372336cb15644ed5cb3816","legend:belanov:euro88miss","euro88final","yes","yes","yes","yes","Assistant reviewed Which Soviet star had his penalty saved by Van Breukelen in the EURO 1988 final? Answer: Igor Belanov. Arabic asks the same fact with equivalent answer. Evidence: Ruud Gullit headed the opening goal; Arnold Muhren crossed for Van Basten's volley; Hans van Breukelen saved Igor Belanov's penalty. Verified 2026-10-07. Specialist recall of an older match contribution, obscure career connection, precise incident or less familiar historical role."
"146","ac4473e38a477db372927c66711a28521bc81c38ce3d279b2d7e49d1bee2c1fa","legend:basinas:euro04assist","euro04","yes","yes","yes","yes","Assistant reviewed Who took the corner from which Charisteas scored in the EURO 2004 final? Answer: Angelos Basinas. Arabic asks the same fact with equivalent answer. Evidence: Angelos Charisteas headed the 2004 final winner from Angelos Basinas's corner. Verified 2026-10-07. Specialist recall of an older match contribution, obscure career connection, precise incident or less familiar historical role."
"147","251a8946eb8824b370ba2e94617e53aed97ab9254c83032c8db57bcd86d82d46","legend:berger:euro96opener","euro96","yes","yes","yes","yes","Assistant reviewed Who scored the penalty that put the Czech Republic ahead in the EURO 1996 final? Answer: Patrik Berger. Arabic asks the same fact with equivalent answer. Evidence: Oliver Bierhoff scored Germany's equaliser and golden goal in the 1996 final. Patrik Berger opened from the spot; Jurgen Klinsmann captained Germany. Verified 2026-10-07. Specialist recall of an older match contribution, obscure career connection, precise incident or less familiar historical role."
"148","24da99fc033fb15bb2eaffadc0c7ce07b207170e96b5e1f62b0557c003d323f1","legend:ziege:euro96assist","euro96","yes","yes","yes","yes","Assistant reviewed Who took the free-kick that supplied Bierhoff's equaliser in the EURO 1996 final? Answer: Christian Ziege. Arabic asks the same fact with equivalent answer. Evidence: Oliver Bierhoff scored Germany's equaliser and golden goal in the 1996 final. Patrik Berger opened from the spot; Jurgen Klinsmann captained Germany. Verified 2026-10-07. Specialist recall of an older match contribution, obscure career connection, precise incident or less familiar historical role."
"149","889913a0b8f87fb781dc3f8ec14d6dd5fe47a5687c8710defd4f41a763a852f1","legend:mulamba:afcon74nine","pokou","yes","yes","yes","yes","Assistant reviewed Who scored nine goals for Zaire at AFCON 1974? Answer: Pierre Ndaye Mulamba. Arabic asks the same fact with equivalent answer. Evidence: Laurent Pokou scored five against Ethiopia in 1970; Pierre Ndaye Mulamba scored nine for Zaire in the 1974 tournament. Verified 2026-10-07. Specialist recall of an older match contribution, obscure career connection, precise incident or less familiar historical role."
"150","747df6ee91f8379c25502df90fda5c7c1cd7e961e366abd026ff5126ac7858af","legend:karimi:challenge2003opponent","karimi","yes","yes","yes","yes","Assistant reviewed Against which team did Ali Karimi score twice in Iran's 3–0 win in the 2003 AFC/OFC Challenge Cup? Answer: New Zealand. Arabic asks the same fact with equivalent answer. Evidence: Ali Karimi was nicknamed Asian Maradona; scored twice against New Zealand in the 2003 AFC/OFC Challenge Cup 3-0 victory. Verified 2026-10-07. Specialist recall of an older match contribution, obscure career connection, precise incident or less familiar historical role."
"151","99466c451d6989293ee44dc9c1cdd301910a08ba945c71919abafa105e0b9aec","legend:miyamoto:asian04captain","japan04","yes","yes","yes","yes","Assistant reviewed Who captained Japan to the 2004 Asian Cup title? Answer: Tsuneyasu Miyamoto. Arabic asks the same fact with equivalent answer. Evidence: Tsuneyasu Miyamoto captained Japan's 2004 champions. Verified 2026-10-07. Specialist recall of an older match contribution, obscure career connection, precise incident or less familiar historical role."
"152","1fbf1c9ee7448775ab78f9708e8429ee1ed4839b3be122be1062778ed4590b7c","legend:baggio:italydebutopponent","baggioprofile","yes","yes","yes","yes","Assistant reviewed Against which team did Roberto Baggio make his Italy debut in November 1988? Answer: Netherlands. Arabic asks the same fact with equivalent answer. Evidence: Baggio debuted for Italy against the Netherlands in November 1988, began his senior career at Lanerossi Vicenza in 1982, and adopted Buddhism during an injury layoff. Verified 2026-10-07; unrelated inaccurate dates in this profile are excluded. Specialist recall of an older match contribution, obscure career connection, precise incident or less familiar historical role."
"153","9b4480f773abbdba52039ea6268121ef8a47e85baf800925d23b1635b1326c95","legend:garrincha:realname","pele","yes","yes","yes","yes","Assistant reviewed What was Brazilian star Garrincha's real name? Answer: Manuel Francisco dos Santos. Arabic asks the same fact with equivalent answer. Evidence: Pele's name was Edson Arantes do Nascimento; Garrincha's was Manuel Francisco dos Santos. Verified 2026-10-07. Specialist recall of an older match contribution, obscure career connection, precise incident or less familiar historical role."
"154","307c68a208332f9bd24c7c5a32648d0948bb0c7e94cf3eb1c37f1ef9f3ef791b","legend:romario:qatarclub","romarioclubs","yes","yes","yes","yes","Assistant reviewed Which Qatari club did Romario represent during his career? Answer: Al Sadd. Arabic asks the same fact with equivalent answer. Evidence: Romario represented Al Sadd in Qatar and Adelaide United in Australia. Verified 2026-10-07. Specialist recall of an older match contribution, obscure career connection, precise incident or less familiar historical role."
"155","76ca331b7fe3d3311c666f61970c286be7e1801b91cc419a020f9b03bb1ebddf","legend:lilly:career354","lillycaps","yes","yes","yes","yes","Assistant reviewed Which American player finished her international career with 354 appearances? Answer: Kristine Lilly. Arabic asks the same fact with equivalent answer. Evidence: Kristine Lilly amassed 354 international caps and scored 130 goals. Verified 2026-10-07. Specialist recall of an older match contribution, obscure career connection, precise incident or less familiar historical role."
"156","cffd1e4bac496e0baa2cff7c439bee5c2841390473166a23741c4078f591dac9","legend:lilly:1999clearance","lilly99","yes","yes","yes","yes","Assistant reviewed Who saved the USA with a headed goal-line clearance in extra time of the 1999 Women's World Cup final? Answer: Kristine Lilly. Arabic asks the same fact with equivalent answer. Evidence: Kristine Lilly's headed goal-line clearance in the 1999 final saved the USA. Verified 2026-10-07. Specialist recall of an older match contribution, obscure career connection, precise incident or less familiar historical role."
"157","35f341cc90af4ec33704389eb77ac6ddf97f7b15081295c09c9bbbfef893a27f","legend:pele:copa1959goals","copalegends","yes","yes","yes","yes","Assistant reviewed How many goals did Pele score to top the scoring at the 1959 South American Championship in Argentina? Answer: 8 goals. Arabic asks the same fact with equivalent answer. Evidence: Enzo Francescoli was called the Prince; Pele scored eight in the Argentina 1959 tournament; Roque Santa Cruz scored a hat-trick against Colombia in 2007. Verified 2026-10-07. Specialist recall of an older match contribution, obscure career connection, precise incident or less familiar historical role."
"158","4f7843726e3f09da1d7f0d3f2fa4edf7dd399c7d79cd5e3fdea342c106fe7883","legend:santacruz:copa2007hattrickopponent","copalegends","yes","yes","yes","yes","Assistant reviewed Against which team did Roque Santa Cruz score a hat-trick at the 2007 Copa America? Answer: Colombia. Arabic asks the same fact with equivalent answer. Evidence: Enzo Francescoli was called the Prince; Pele scored eight in the Argentina 1959 tournament; Roque Santa Cruz scored a hat-trick against Colombia in 2007. Verified 2026-10-07. Specialist recall of an older match contribution, obscure career connection, precise incident or less familiar historical role."
"159","15bddf998ebc314b3601b3133a6c4455a04703399ae7aeed174ff333e6b62531","legend:zanetti:uefacup98second","inter98","yes","yes","yes","yes","Assistant reviewed Who scored Inter's second goal with a shot from outside the box in the 1998 UEFA Cup final? Answer: Javier Zanetti. Arabic asks the same fact with equivalent answer. Evidence: Zamorano opened, Zanetti hit the second from distance, Ronaldo rounded the keeper for the third against Lazio. Verified 2026-10-07. Specialist recall of an older match contribution, obscure career connection, precise incident or less familiar historical role."
"160","d5700928175f6d1f70411e6fa681d6ad5b2a12127d5f250e78dd87f756a19f26","legend:careca:uefacup89firstlegwinner","napoli89","yes","yes","yes","yes","Assistant reviewed Who scored Napoli's winner in the 2–1 first-leg victory over Stuttgart in the 1989 UEFA Cup final? Answer: Careca. Arabic asks the same fact with equivalent answer. Evidence: Maradona equalised and Careca scored the first-leg winner against Stuttgart in 1989. Verified 2026-10-07. Specialist recall of an older match contribution, obscure career connection, precise incident or less familiar historical role."
"161","37a927bb0b734addc21fbee00694f2d33ccb913c8e8306351f39d42ba4197ac6","legend:hidegkuti:fiorentinacoach61","hidegkuti","yes","yes","yes","yes","Assistant reviewed Which former Hungary star coached Fiorentina to the 1961 European Cup Winners' Cup title? Answer: Nandor Hidegkuti. Arabic asks the same fact with equivalent answer. Evidence: Hidegkuti scored three at Wembley in 1953 and coached Fiorentina's 1961 Cup Winners' Cup champions. Verified 2026-10-07. Specialist recall of an older match contribution, obscure career connection, precise incident or less familiar historical role."
"162","f57bb7f78067fd4a3b87d9093ef061e44b9e6d2c7e8e9434180e6e3359ebfa7e","legend:marcelino:euro64winner","spain64","yes","yes","yes","yes","Assistant reviewed Who headed Spain's winner against the Soviet Union in the EURO 1964 final? Answer: Marcelino Martinez. Arabic asks the same fact with equivalent answer. Evidence: Marcelino headed the winner from Jesus Maria Pereda's cross. Verified 2026-10-07. Specialist recall of an older match contribution, obscure career connection, precise incident or less familiar historical role."
"163","4a8093b5f63b8aa883a0af23d453002dc785cb94ec7c238921bb1e844fa147f9","legend:anastasi:euro68second","italy68","yes","yes","yes","yes","Assistant reviewed Who scored Italy's second goal with a volley in the EURO 1968 final replay? Answer: Pietro Anastasi. Arabic asks the same fact with equivalent answer. Evidence: Pietro Anastasi volleyed Italy's second goal from De Sisti's pass. Verified 2026-10-07. Specialist recall of an older match contribution, obscure career connection, precise incident or less familiar historical role."
"164","04a4bda3e7446a180b88522417c9aa5f22fab1a6176fbfd46cfc2367f85faac0","legend:metreveli:euro60equaliser","ussr60","yes","yes","yes","yes","Assistant reviewed Who equalised for the Soviet Union against Yugoslavia in the EURO 1960 final? Answer: Slava Metreveli. Arabic asks the same fact with equivalent answer. Evidence: Slava Metreveli equalised and Viktor Ponedelnik headed the extra-time winner in the final. Verified 2026-10-07. Specialist recall of an older match contribution, obscure career connection, precise incident or less familiar historical role."
"165","c5be17d15f171518ee31dcf78b0bdc9381f8761d2f14aeb6d8ffab05813ff0d6","legend:ponedelnik:euro60winner","ussr60","yes","yes","yes","yes","Assistant reviewed Who headed the extra-time winner in the first European Championship final in 1960? Answer: Viktor Ponedelnik. Arabic asks the same fact with equivalent answer. Evidence: Slava Metreveli equalised and Viktor Ponedelnik headed the extra-time winner in the final. Verified 2026-10-07. Specialist recall of an older match contribution, obscure career connection, precise incident or less familiar historical role."
"166","0e0628f97b0f43903ee80081257f8fe19d39d972635ea2ecd317437e1619459f","legend:pereda:euro64provider","spain64","yes","yes","yes","yes","Assistant reviewed Who crossed for Marcelino's decisive goal in the EURO 1964 final? Answer: Jesus Maria Pereda. Arabic asks the same fact with equivalent answer. Evidence: Marcelino headed the winner from Jesus Maria Pereda's cross. Verified 2026-10-07. Specialist recall of an older match contribution, obscure career connection, precise incident or less familiar historical role."
"167","2941446bc7f1e6e80b4f66844a29f65244e61cd568a55ca43df3086a8ca0d98c","legend:hendry:gascoigne96defender","gazzaprofile","yes","yes","yes","yes","Assistant reviewed Which Scotland defender did Gascoigne flick the ball over before his EURO 1996 goal? Answer: Colin Hendry. Arabic asks the same fact with equivalent answer. Evidence: Gascoigne flicked over Colin Hendry before scoring against Scotland in 1996. Verified 2026-10-07. Specialist recall of an older match contribution, obscure career connection, precise incident or less familiar historical role."
"168","04e6b498aca1c03b67eb007232209ab74eedb8916b7a1da8bc1ddbceefcbccae","legend:baia:poborsky96keeper","poborsky96","yes","yes","yes","yes","Assistant reviewed Which goalkeeper did Poborsky beat with his famous lob at EURO 1996? Answer: Vitor Baia. Arabic asks the same fact with equivalent answer. Evidence: Karel Poborsky lobbed Vitor Baia in the 1996 quarter-final win over Portugal. Verified 2026-10-07. Specialist recall of an older match contribution, obscure career connection, precise incident or less familiar historical role."
"169","85e69e885afb9438b0a31ad29a76d93569de1b949dba6ffed4e2424bba5b6b04","legend:cruyff:sixgoals70","cruyffsix","yes","yes","yes","yes","Assistant reviewed Against which club did Johan Cruyff score six goals in Ajax's 8–1 win in November 1970? Answer: AZ '67. Arabic asks the same fact with equivalent answer. Evidence: Cruyff scored six against AZ 67 in Ajax's 8-1 win on 29 November 1970. Verified 2026-10-07. Specialist recall of an older match contribution, obscure career connection, precise incident or less familiar historical role."
"170","281bedbb7494ae09db58f9ef3e7b9e13169fac59992dfbbdc5d4bbfe6bb74ee7","legend:miura:futsal2012","miura","yes","yes","yes","yes","Assistant reviewed At which edition of the Futsal World Cup did Kazuyoshi Miura represent Japan? Answer: Thailand 2012. Arabic asks the same fact with equivalent answer. Evidence: Miura made his senior debut at Santos in 1986 and represented Japan at the 2012 Futsal World Cup in Thailand. Verified 2026-10-07. Specialist recall of an older match contribution, obscure career connection, precise incident or less familiar historical role."
"171","a27ac130d1c0a265740457abdf8c2679ef551be2eba7d171acf89d5117eb8c41","legend:didi:perucoach1970","didi","yes","yes","yes","yes","Assistant reviewed Which national team did Brazilian legend Didi coach to the 1970 World Cup quarter-finals? Answer: Peru. Arabic asks the same fact with equivalent answer. Evidence: Didi pioneered the dead-leaf free-kick, scored the Maracana's inaugural goal and coached Peru at Mexico 1970. Verified 2026-10-07. Specialist recall of an older match contribution, obscure career connection, precise incident or less familiar historical role."
"172","adaf8ef9968efef270b9cdae77189537313d7dacfa430f1e052218719be422ed","legend:didi:firstmaracanagoal","didi","yes","yes","yes","yes","Assistant reviewed Who scored the first goal in the Maracana stadium's inaugural match in 1950? Answer: Didi. Arabic asks the same fact with equivalent answer. Evidence: Didi pioneered the dead-leaf free-kick, scored the Maracana's inaugural goal and coached Peru at Mexico 1970. Verified 2026-10-07. Specialist recall of an older match contribution, obscure career connection, precise incident or less familiar historical role."
"173","880d3565e6c34db7be2830edf38e14d4bae5574051bf0b0bf5213a07716bbad4","legend:dindane:sudan2005brace","drogbapeace","yes","yes","yes","yes","Assistant reviewed Who scored twice for Cote d'Ivoire in the 3-1 win over Sudan that secured its first World Cup qualification in October 2005? Answer: Aruna Dindane. Arabic asks the same fact with equivalent answer. Evidence: Drogba appealed for peace after qualification on 8 October 2005 in Omdurman; Aruna Dindane scored twice in the 3-1 win. Verified 2026-10-07. Specialist recall of an older match contribution, obscure career connection, precise incident or less familiar historical role."
"174","d136c162f3451d030ffb687105c8f47eeca3f3a985594d8086dc974a3633d644","legend:juninho:river98freekick","vascocontinent","yes","yes","yes","yes","Assistant reviewed Against which Argentine club did Juninho Pernambucano score the famous free-kick that took Vasco to the 1998 Libertadores final? Answer: River Plate. Arabic asks the same fact with equivalent answer. Evidence: Juninho Pernambucano's free-kick against River in 1998 secured a final place; Romario scored a hat-trick in the 4-3 Mercosur decider against Palmeiras in 2000. Historical facts only. Verified 2026-10-07. Specialist recall of an older match contribution, obscure career connection, precise incident or less familiar historical role."
"175","7233e77ff93ce95730ecd8ce5aad01e1c570d851b6831aea4a5dfc3a87760ecd","legend:romario:mercosur2000hattrick","vascocontinent","yes","yes","yes","yes","Assistant reviewed Who scored a hat-trick for Vasco in the comeback from 3-0 down to a 4-3 win over Palmeiras in the 2000 Mercosur Cup decider? Answer: Romario. Arabic asks the same fact with equivalent answer. Evidence: Juninho Pernambucano's free-kick against River in 1998 secured a final place; Romario scored a hat-trick in the 4-3 Mercosur decider against Palmeiras in 2000. Historical facts only. Verified 2026-10-07. Specialist recall of an older match contribution, obscure career connection, precise incident or less familiar historical role."
"176","ed2609854ac1a4027d7980290068465ac470c70e40f48084b9b27d26e885e9f8","legend:zico:japaneseclub","zicojapan","yes","yes","yes","yes","Assistant reviewed Which Japanese club did Zico help shape as a player and adviser when the professional league began? Answer: Kashima Antlers. Arabic asks the same fact with equivalent answer. Evidence: Zico led Japan to the 2006 World Cup as coach and helped establish Kashima Antlers as player and adviser. Verified 2026-10-07. Specialist recall of an older match contribution, obscure career connection, precise incident or less familiar historical role."
"177","bdb8c9d03f3bd576af73dffd83f9874bd51f08fd251fccf4152aae8d5009ad0d","legend:schelotto:paysandu03hat","bocabrazil","yes","yes","yes","yes","Assistant reviewed Who scored a hat-trick for Boca in the 4-2 away win over Paysandu in the 2003 Libertadores round of 16? Answer: Guillermo Barros Schelotto. Arabic asks the same fact with equivalent answer. Evidence: Riquelme scored both goals in the away leg of the 2007 final; Barros Schelotto scored a hat-trick at Paysandu in 2003. Historical facts only. Verified 2026-10-07. Specialist recall of an older match contribution, obscure career connection, precise incident or less familiar historical role."
"178","206739c0c0725f3a89a15cd986e8475db603e5a4280a6b0e68b2696850f37ca7","legend:amunike:olympic96winner","nigeriaolympic","yes","yes","yes","yes","Assistant reviewed Who scored Nigeria's last-minute winner against Argentina in the 1996 Olympic final? Answer: Emmanuel Amunike. Arabic asks the same fact with equivalent answer. Evidence: Amokachi equalised in the 74th minute and Amunike scored the last-minute winner in the final against Argentina. Verified 2026-10-07. Specialist recall of an older match contribution, obscure career connection, precise incident or less familiar historical role."
"179","fde5f04d6a1910581a2d9a604f6a2641de107b9b51a9c5a38328cdcde2d17f94","legend:amokachi:olympic96equaliser","nigeriaolympic","yes","yes","yes","yes","Assistant reviewed Who brought Nigeria level at 2-2 in the 74th minute of the 1996 Olympic final? Answer: Daniel Amokachi. Arabic asks the same fact with equivalent answer. Evidence: Amokachi equalised in the 74th minute and Amunike scored the last-minute winner in the final against Argentina. Verified 2026-10-07. Specialist recall of an older match contribution, obscure career connection, precise incident or less familiar historical role."
"180","6a04f124d67074f926afbc9735cd5f85fe82a62b51c6b39324da1c01bef490db","legend:zamorano:firsteuropeanclub","zamoranosum","yes","yes","yes","yes","Assistant reviewed Which Swiss club was Ivan Zamorano's first European stop before Sevilla and Real Madrid? Answer: St Gallen. Arabic asks the same fact with equivalent answer. Evidence: Zamorano wore 1+8 after giving Ronaldo his number 9; St Gallen was his first European club. Verified 2026-10-07. Specialist recall of an older match contribution, obscure career connection, precise incident or less familiar historical role."
"181","530aba6fbf48f10c6233c251ffeda1f00c84c1a194370c331694b5c361520b07","legend:jairzinho:ronaldoscouter","ronaldotribute","yes","yes","yes","yes","Assistant reviewed Which Brazilian star from the 1970 World Cup generation discovered Ronaldo and recommended him to Cruzeiro? Answer: Jairzinho. Arabic asks the same fact with equivalent answer. Evidence: Ronaldo's distinctive 2002 haircut diverted attention from his leg injury; Jairzinho discovered him and recommended him to Cruzeiro. Verified 2026-10-07. Specialist recall of an older match contribution, obscure career connection, precise incident or less familiar historical role."
"182","721be03bd279851e93cda3bf7dc6adf169e08338d52537ff660ab9245226d45b","legend:maradona:firstargentinaopponent","maradona60","yes","yes","yes","yes","Assistant reviewed Against which team did Maradona make his Argentina debut in February 1977? Answer: Hungary. Arabic asks the same fact with equivalent answer. Evidence: Maradona's first senior Argentina appearance was against Hungary in February 1977. Verified 2026-10-07. Specialist recall of an older match contribution, obscure career connection, precise incident or less familiar historical role."
"183","b460662b69d137ea194e5e558ed60f1f2a10ca99e5de7efaf5405e2189880bd9","legend:sissi:1999sharedboot","sissi1999","yes","yes","yes","yes","Assistant reviewed With which Chinese star did Brazil's Sissi share the Golden Boot at the 1999 Women's World Cup? Answer: Sun Wen. Arabic asks the same fact with equivalent answer. Evidence: Sissi shared the 1999 Golden Boot with China's Sun Wen. Verified 2026-10-07. Specialist recall of an older match contribution, obscure career connection, precise incident or less familiar historical role."
"184","dcf1f9eac02dc09d3c26125d5e98bf29b683b67fcf53638d6eb86833ad07d097","legend:cristiane:olympicboots","cristianeolympic","yes","yes","yes","yes","Assistant reviewed Which Brazilian forward won the Golden Boot at both Athens 2004 and Beijing 2008 with five goals at each tournament? Answer: Cristiane. Arabic asks the same fact with equivalent answer. Evidence: Cristiane won the Golden Boot at Athens 2004 and Beijing 2008 with five goals at each. Verified 2026-10-07. Specialist recall of an older match contribution, obscure career connection, precise incident or less familiar historical role."
"185","93975204b3f52e92150456f1c9ac21fa8b29a293ca8b839df3fd5a9e980b6606","legend:hong:bronzeball02","hongbronze","yes","yes","yes","yes","Assistant reviewed Which Korea Republic captain received the Bronze Ball at the 2002 World Cup? Answer: Hong Myung-bo. Arabic asks the same fact with equivalent answer. Evidence: Hong Myung-bo received the Bronze Ball in 2002. Verified 2026-10-07. Specialist recall of an older match contribution, obscure career connection, precise incident or less familiar historical role."
"186","2b7d0e30485e1e258d4338fe3ded7b648838b2ac9fef86e5ec6bc1fd7d49f028","legend:chilavert:hattrickopponent","chilahat","yes","yes","yes","yes","Assistant reviewed Against which Argentine club did goalkeeper Chilavert score a hat-trick of penalties in 1999? Answer: Ferro Carril Oeste. Arabic asks the same fact with equivalent answer. Evidence: Chilavert scored three penalties against Ferro in Velez's 6-1 win on 28 November 1999. Verified 2026-10-07. Specialist recall of an older match contribution, obscure career connection, precise incident or less familiar historical role."
"187","44b19fefa0b3b2ef34b0cb1cbf907ea0a954befd69e2a9ce308ecf16f90fc215","legend:keita:firstafricanaward","keitaaward","yes","yes","yes","yes","Assistant reviewed Who was the first African Footballer of the Year award winner in 1970? Answer: Salif Keita. Arabic asks the same fact with equivalent answer. Evidence: Salif Keita was the first recipient in 1970. Verified 2026-10-07; question does not misattribute the original France Football award to CAF administration. Specialist recall of an older match contribution, obscure career connection, precise incident or less familiar historical role."
"188","fc5efa9a390b76c2f6e4fa9d846721068c71d515c86754f1cb055270d6c2d076","legend:rivelino:lastclub","rivelinohilal","yes","yes","yes","yes","Assistant reviewed At which Saudi club did Brazil's Rivelino finish his playing career? Answer: Al Hilal. Arabic asks the same fact with equivalent answer. Evidence: Rivelino finished his playing career at Riyadh club Al Hilal. Verified 2026-10-07. Specialist recall of an older match contribution, obscure career connection, precise incident or less familiar historical role."
"189","c4eefb2419b7e9175f647f0ce07954a4a77f0b4c3a54f45ecde9eac5968c68a5","legend:davids:barnetplayercoach","davidsbarnet","yes","yes","yes","yes","Assistant reviewed At which English club was Edgar Davids player-manager from 2012 to 2014? Answer: Barnet. Arabic asks the same fact with equivalent answer. Evidence: The club archive lists Davids as player-manager from 2012 to 2014. Verified 2026-10-07. Specialist recall of an older match contribution, obscure career connection, precise incident or less familiar historical role."
"190","71b47bb10f20d30b749bd18c019ab2efcf8a861f9fc95e022412183300a371f5","legend:cantona:filmdirector","cantonalooking","yes","yes","yes","yes","Assistant reviewed Who directed the 2009 film Looking for Eric, which featured Eric Cantona? Answer: Ken Loach. Arabic asks the same fact with equivalent answer. Evidence: Looking for Eric is a 2009 Ken Loach film featuring Eric Cantona. Verified 2026-10-07. Specialist recall of an older match contribution, obscure career connection, precise incident or less familiar historical role."
"191","f489fddc20cd3a7c2d5d415ccdcb95dd001823eec651d43a4a08b4e99fbca10c","legend:pele:escapetovictory","pelefilm","yes","yes","yes","yes","Assistant reviewed In which 1981 John Huston film did Pele appear alongside Sylvester Stallone and Michael Caine? Answer: Escape to Victory. Arabic asks the same fact with equivalent answer. Evidence: John Huston cast Pele in 1981's Escape to Victory alongside Michael Caine and Sylvester Stallone. Verified 2026-10-07. Specialist recall of an older match contribution, obscure career connection, precise incident or less familiar historical role."
"192","6324f3b56d5def344c8e09af7c0d0d696adb6b64ba9370e73623d818c240e9ec","legend:seedorf:brazilmove","seedorfbotafogo","yes","yes","yes","yes","Assistant reviewed Which Brazilian club did Clarence Seedorf join in 2012 after his spell at AC Milan? Answer: Botafogo. Arabic asks the same fact with equivalent answer. Evidence: The club records Seedorf's arrival in 2012. Verified 2026-10-07. Specialist recall of an older match contribution, obscure career connection, precise incident or less familiar historical role."
"193","5a44f1c3e00107702ae9e06f922c9df789ec2f79383a67d041a8e46edb02e7b1","legend:rivaldo:fatherandsonclub","rivaldofamily","yes","yes","yes","yes","Assistant reviewed For which Brazilian club did Rivaldo and his son Rivaldinho score in the same match against Macae in 2015? Answer: Mogi Mirim. Arabic asks the same fact with equivalent answer. Evidence: Rivaldo and Rivaldinho scored for Mogi Mirim in the same 2015 match against Macae. Verified 2026-10-07. Specialist recall of an older match contribution, obscure career connection, precise incident or less familiar historical role."
"194","a41d2928c405f53df93ecf44a173b2dc3074bb848a944e371d037013b9b8a6b4","legend:aljaber:englishloan","aljaberloan","yes","yes","yes","yes","Assistant reviewed Which English club signed Saudi striker Sami Al Jaber on loan from Al Hilal during his career? Answer: Wolverhampton Wanderers. Arabic asks the same fact with equivalent answer. Evidence: Al Jaber's loan spell at Wolves ended after five appearances. Verified 2026-10-07. Specialist recall of an older match contribution, obscure career connection, precise incident or less familiar historical role."
"195","68971e61d2881206eb90bb6fdb2529e93616039238d154e1b66ceedec9c175b9","legend:stoichkov:firstmlsclub","stoichkovmls","yes","yes","yes","yes","Assistant reviewed With which team did Hristo Stoichkov begin his MLS career in 2000? Answer: Chicago Fire. Arabic asks the same fact with equivalent answer. Evidence: Stoichkov began playing in MLS at Chicago Fire in 2000 before later joining DC United. Verified 2026-10-07. Specialist recall of an older match contribution, obscure career connection, precise incident or less familiar historical role."
"196","47d176502219878b641fcaa15e782f3aa845c25ff542fb9291c0023aa308e3d5","legend:socrates:italianclub","socratesitaly","yes","yes","yes","yes","Assistant reviewed Which Italian club did Socrates play for in the 1984–85 season? Answer: Fiorentina. Arabic asks the same fact with equivalent answer. Evidence: Socrates played for Fiorentina in 1984-85 and returned to playing with Garforth Town in 2004 aged fifty. Verified 2026-10-07. Specialist recall of an older match contribution, obscure career connection, precise incident or less familiar historical role."
"197","6d05340f5b35e51e5bd70bb0e64c6a1432fab8e01589980a6b75034fdde11cc8","legend:weah:farewellvenue","weahfarewell","yes","yes","yes","yes","Assistant reviewed At which French stadium was George Weah's 2005 farewell match held, in which he scored a hat-trick? Answer: Stade Velodrome. Arabic asks the same fact with equivalent answer. Evidence: Weah scored a hat-trick in his farewell match at Marseille's Stade Velodrome on 11 June 2005. Verified 2026-10-07. Specialist recall of an older match contribution, obscure career connection, precise incident or less familiar historical role."
"198","6f47ba22274112ea8d6cae6e7edca57b905947d5713e4f8d796655bf0c5bd797","legend:distefano:colombianclub","distefanocolombia","yes","yes","yes","yes","Assistant reviewed At which Colombian club did Alfredo Di Stefano star before joining Real Madrid? Answer: Millonarios. Arabic asks the same fact with equivalent answer. Evidence: Di Stefano left Millonarios for Real Madrid in 1953. Verified 2026-10-07. Specialist recall of an older match contribution, obscure career connection, precise incident or less familiar historical role."
"199","2b1e2008ba2a0963e395322f4609b285902011ca98951fda3cb5682e8b857f67","legend:pedernera:colombiacoach","pederneracoach","yes","yes","yes","yes","Assistant reviewed Which Argentine legend from La Maquina coached Colombia to their first World Cup in 1962? Answer: Adolfo Pedernera. Arabic asks the same fact with equivalent answer. Evidence: River Plate legend Pedernera coached Colombia to their first World Cup at Chile 1962. Verified 2026-10-07. Specialist recall of an older match contribution, obscure career connection, precise incident or less familiar historical role."
"200","4d1d4d81d536287ceffccd55ba11ca3f26c1739846542ad6e70e3e877221aa76","legend:socrates:garforthcomeback","socratesitaly","yes","yes","yes","yes","Assistant reviewed With which English non-league club did Socrates return to playing at fifty in 2004? Answer: Garforth Town. Arabic asks the same fact with equivalent answer. Evidence: Socrates played for Fiorentina in 1984-85 and returned to playing with Garforth Town in 2004 aged fifty. Verified 2026-10-07. Specialist recall of an older match contribution, obscure career connection, precise incident or less familiar historical role."
"201","8a5bf5925567b582e388492d466d42abca2f890a05008c68f28dd6b2d0b89986","legend:baggio:firstclub","baggioprofile","yes","yes","yes","yes","Assistant reviewed At which club did Roberto Baggio begin his senior career in 1982 before moving to Fiorentina? Answer: Lanerossi Vicenza. Arabic asks the same fact with equivalent answer. Evidence: Baggio debuted for Italy against the Netherlands in November 1988, began his senior career at Lanerossi Vicenza in 1982, and adopted Buddhism during an injury layoff. Verified 2026-10-07; unrelated inaccurate dates in this profile are excluded. Specialist recall of an older match contribution, obscure career connection, precise incident or less familiar historical role."
"202","523187bf14ed2e738aabaa838922cd0e9df73167bb5442e2903902dc7f94bddc","legend:panenka:pragueclub","panenkabohemians","yes","yes","yes","yes","Assistant reviewed At which Prague club did Antonin Panenka play from 1967 to 1981? Answer: Bohemians Praha. Arabic asks the same fact with equivalent answer. Evidence: Panenka played for Bohemians from 1967 to 1981. Verified 2026-10-07. Specialist recall of an older match contribution, obscure career connection, precise incident or less familiar historical role."
"203","88cf7104ddedf89bd09c9b9951fe0bf7263d3718c8a38cb424409d3b0f3cadcc","legend:garrincha:worldcupdebutopponent","garrinchadebut","yes","yes","yes","yes","Assistant reviewed Against which team did Garrincha make his 1958 World Cup debut after missing Brazil's first two matches? Answer: Soviet Union. Arabic asks the same fact with equivalent answer. Evidence: Garrincha and Pele entered Brazil's 1958 World Cup team for the third game against the Soviet Union. Verified 2026-10-07. Specialist recall of an older match contribution, obscure career connection, precise incident or less familiar historical role."
"204","52c9b48e336352eebabcb65bb9d698f5880b0a503b2fbf2e9b9cbc4f0344a833","legend:suarezmiramontes:spain90coach","suarezcoach","yes","yes","yes","yes","Assistant reviewed Which Spanish former Barcelona and Inter player coached Spain at the 1990 World Cup? Answer: Luis Suarez Miramontes. Arabic asks the same fact with equivalent answer. Evidence: Luis Suarez Miramontes coached Spain at the 1990 World Cup. Verified 2026-10-07. Specialist recall of an older match contribution, obscure career connection, precise incident or less familiar historical role."
