"id","difficulty","factKey","topic","questionAr","questionEn","answerAr","answerEn","sourceName","sourceUrl","evidence","lastVerified"
"football_legends_v2_001","easy200","legend:panenka:penaltyidentity",,"من اللاعب الذي حملت ركلة الجزاء الساقطة اسمه بعد نهائي يورو 1976؟","Which player gave his name to the chipped penalty after the EURO 1976 final?","أنتونين بانينكا","Antonin Panenka","UEFA — Panenka makes his name in the 1976 final","https://www.uefa.com/uefaeuro/history/news/0253-0d7b2fd33353-cdc961ca4218-1000--panenka-makes-his-name-as-czechoslovakia-beat-west-german/","Antonin Panenka chipped the decisive penalty past Sepp Maier after Uli Hoeness missed West Germany's fourth attempt. Verified 2026-10-07.","2026-10-07"
"football_legends_v2_002","easy200","legend:torres:euro08winner",,"من المهاجم الذي سجل هدف إسبانيا الوحيد أمام ألمانيا في نهائي يورو 2008؟","Which striker scored Spain's only goal against Germany in the EURO 2008 final?","فرناندو توريس","Fernando Torres","UEFA — Torres ends Spain's wait","https://www.uefa.com/uefaeuro/history/news/0253-0d7bf22a29ef-26dfed1fc03e-1000--torres-ends-spain-s-long-wait-for-glory/","Fernando Torres scored Spain's only goal in the 2008 final from Xavi's pass, beating Jens Lehmann after evading Philipp Lahm. Verified 2026-10-07.","2026-10-07"
"football_legends_v2_003","easy200","legend:trezeguet:euro00winner",,"من سجل الهدف الذهبي الذي منح فرنسا لقب يورو 2000؟","Who scored the golden goal that won EURO 2000 for France?","دافيد تريزيغيه","David Trezeguet","UEFA — Trezeguet's golden goal","https://www.uefa.com/uefaeuro/history/news/0253-0d7b3013529f-3e15ce8dc46b-1000--trezeguet-s-golden-goal-sinks-italy-as-france-make-history-a/","David Trezeguet scored the golden goal after Sylvain Wiltord's late equaliser. Marco Delvecchio had put Italy ahead; Robert Pires supplied the winner. Verified 2026-10-07.","2026-10-07"
"football_legends_v2_004","easy200","legend:vanbasten:euro88volley",,"من النجم الهولندي صاحب التسديدة الطائرة الشهيرة في نهائي يورو 1988؟","Which Dutch star scored the famous volley in the EURO 1988 final?","ماركو فان باستن","Marco van Basten","UEFA — EURO 1988 history","https://www.uefa.com/uefaeuro/history/seasons/1988/","Marco van Basten's volley was the celebrated second Netherlands goal in the final. Verified 2026-10-07.","2026-10-07"
"football_legends_v2_005","easy200","legend:platini:euro84nine",,"أي نجم فرنسي سجل تسعة أهداف في بطولة يورو 1984؟","Which French star scored nine goals at EURO 1984?","ميشيل بلاتيني","Michel Platini","UEFA — Platini shines for France","https://www.uefa.com/uefaeuro/history/news/0253-0d7bc6ae8332-462b43181bbe-1000--platini-shines-for-flamboyant-france/","Michel Platini scored nine goals at EURO 1984, including the opening goal in the final against Spain. Verified 2026-10-07.","2026-10-07"
"football_legends_v2_006","easy200","legend:schmeichel:euro92keeper",,"من حارس الدنمارك الذي تألق في فوزها التاريخي بيورو 1992؟","Who was Denmark's goalkeeper in their historic EURO 1992 triumph?","بيتر شمايكل","Peter Schmeichel","UEFA — Denmark down Germany","https://www.uefa.com/uefaeuro/history/news/0253-0d7b301f026e-4388f32eaa87-1000--gatecrashing-denmark-down-germany-in-euro-1992-final/","Peter Schmeichel kept goal for Denmark in the 1992 final; John Jensen and Kim Vilfort scored. Verified 2026-10-07.","2026-10-07"
"football_legends_v2_007","easy200","legend:garrincha:littlebird",,"أي جناح برازيلي أسطوري اشتهر بلقب «الطائر الصغير»؟","Which legendary Brazilian winger was nicknamed the Little Bird?","غارينشا","Garrincha","FIFA — Chile bows to Garrincha","https://www.fifa.com/en/articles/89-days-to-go-qatar-2022-garrincha-brazil-chile-1962-fifa-world-cup","Garrincha was called the Little Bird. Verified 2026-10-07.","2026-10-07"
"football_legends_v2_008","easy200","legend:pele:realname",,"ما الاسم الحقيقي لبيليه؟","What was Pele's real name?","إدسون أرانتيس دو ناسيمنتو","Edson Arantes do Nascimento","FIFA — A tribute to Pele","https://www.fifa.com/en/fr/mens/worldcup/articles/a-tribute-to-pele-brazil-santos-new-york-cosmos-legend-fifa-world-cup","Pele's name was Edson Arantes do Nascimento; Garrincha's was Manuel Francisco dos Santos. Verified 2026-10-07.","2026-10-07"
"football_legends_v2_009","easy200","legend:socrates:profession",,"ما المهنة التي مارسها النجم البرازيلي سقراط خارج كرة القدم؟","What profession did Brazilian star Socrates practise outside football?","الطب","Medicine","FIFA — Brazil's end of an era","https://www.fifa.com/en/articles/brazil-france-1986-fifa-world-cup-end-of-an-era-zico-socrates-junior-careca","Socrates practised medicine and was nicknamed the Doctor. Verified 2026-10-07.","2026-10-07"
"football_legends_v2_010","easy200","legend:yashin:ballonkeeper1963",,"من حارس المرمى الذي فاز بالكرة الذهبية عام 1963؟","Which goalkeeper won the Ballon d'Or in 1963?","ليف ياشين","Lev Yashin","FIFA — Tribute to Lev Yashin","https://www.fifa.com/es/tournaments/mens/worldcup/articles/lev-yashin-union-sovietica-portero","Soviet goalkeeper Lev Yashin won the 1963 Ballon d'Or. Verified 2026-10-07.","2026-10-07"
"football_legends_v2_011","easy200","legend:milla:celebration",,"أي أسطورة كاميرونية اشتهرت بالرقص بجوار راية الركنية احتفالاً بالأهداف؟","Which Cameroonian legend became famous for dancing by the corner flag to celebrate goals?","روجيه ميلا","Roger Milla","FIFA — Milla on football and politics","https://inside.fifa.com/campaigns/football-unites-the-world/news/milla-some-might-say-football-is-more-important-than-politics","Roger Milla's trademark celebration was a corner-flag dance. Verified 2026-10-07.","2026-10-07"
"football_legends_v2_012","easy200","legend:weah:presidency",,"أي أسطورة كرة قدم تولّى رئاسة ليبيريا من 2018 إلى 2024؟","Which football legend served as Liberia's president from 2018 to 2024?","جورج ويا","George Weah","FIFA — George Weah and the Players' Voice Panel","https://inside.fifa.com/campaigns/no-discrimination/media-releases/players-voice-panel-honorary-captain-george-weah-determined-to-rid-football-of-disease-of-racism","George Weah served as president of Liberia from 2018 to 2024. Verified 2026-10-07.","2026-10-07"
"football_legends_v2_013","easy200","legend:higuita:scorpionsave",,"من الحارس الكولومبي صاحب تصدّي «العقرب» الشهير في ويمبلي عام 1995؟","Which Colombian goalkeeper performed the famous scorpion save at Wembley in 1995?","رينيه هيغيتا","Rene Higuita","FIFA — Skrabb's scorpion kick","https://inside.fifa.com/en/news/skrabb-s-scorpion-kick-finds-the-top-corner-2856735-x7355","Rene Higuita saved Jamie Redknapp's cross-shot with a scorpion kick against England at Wembley in September 1995. Verified 2026-10-07.","2026-10-07"
"football_legends_v2_014","easy200","legend:valderrama:pibenickname",,"أي نجم كولومبي اشتهر بلقب «إل بيبي» وبشعره الأشقر الكثيف؟","Which Colombian star was known as El Pibe and for his thick blond hair?","كارلوس فالديراما","Carlos Valderrama","FIFA — Valderrama interview","https://inside.fifa.com/en/news/valderrama-to-be-the-best-you-have-to-love-football-2902657","Carlos Valderrama is called El Pibe; interview photographs show his characteristic blond curls. Verified 2026-10-07.","2026-10-07"
"football_legends_v2_015","easy200","legend:eusebio:panthernickname",,"أي أسطورة برتغالية لُقّبت بـ«الفهد الأسود»؟","Which Portuguese legend was nicknamed the Black Panther?","أوزيبيو","Eusebio","FIFA — Eusebio the Black Panther","https://inside.fifa.com/fr/news/panthere-noire-montre-route-portugal-2926976","Eusebio was nicknamed the Black Panther and began his career at Sporting Club Lourenco Marques in Mozambique. Verified 2026-10-07.","2026-10-07"
"football_legends_v2_016","easy200","legend:hamm:firstfifaaward",,"من النجمة الأمريكية التي فازت بأول جائزة من فيفا لأفضل لاعبة في العالم عام 2001؟","Which American star won the first FIFA Women's World Player award in 2001?","ميا هام","Mia Hamm","FIFA — Mia Hamm","https://inside.fifa.com/en/news/mia-hamm-usa-2908130","Mia Hamm won the inaugural FIFA women's player award in 2001 and again in 2002; she and Michelle Akers were the two women in Pele's FIFA100. Verified 2026-10-07.","2026-10-07"
"football_legends_v2_017","easy200","legend:marta:sixawards",,"أي نجمة برازيلية فازت بجائزة فيفا لأفضل لاعبة في العالم ست مرات حتى 2018؟","Which Brazilian star had won FIFA's women's best-player award six times by 2018?","مارتا","Marta","FIFA — Marta's special award","https://www.fifa.com/en/the-best-fifa-football-awards/articles/incredible-marta-honoured-with-special-award","Marta won FIFA's women's best-player awards in 2006, 2007, 2008, 2009, 2010 and 2018. Verified 2026-10-07.","2026-10-07"
"football_legends_v2_018","easy200","legend:neymar:rio16decisivepenalty",,"من سجل ركلة الترجيح التي حسمت للبرازيل ذهبية كرة القدم للرجال في أولمبياد ريو 2016؟","Who scored the decisive penalty that won Brazil men's football gold at Rio 2016?","نيمار","Neymar","UEFA — Neymar and Brazil strike Olympic gold","https://www.uefa.com/uefachampionsleague/news/0230-0e94bd68d3b7-aa46e5284e07-1000--neymar-and-brazil-strike-olympic-gold-on-penalties/","Neymar scored a free-kick and the decisive shoot-out penalty in Brazil's 2016 Olympic final against Germany. Verified 2026-10-07.","2026-10-07"
"football_legends_v2_019","easy200","legend:cristiano:puskas2009",,"من فاز بأول جائزة بوشكاش من فيفا عام 2009؟","Who won the first FIFA Puskas Award in 2009?","كريستيانو رونالدو","Cristiano Ronaldo","FIFA — Puskas Award winners","https://www.fifa.com/en/the-best-fifa-football-awards/articles/fifa-puskas-award-winners-ronaldo-zlatan-son-neymar-salah-giroud-the-best","Cristiano Ronaldo won the inaugural award in 2009 for Manchester United's goal against Porto. Verified 2026-10-07.","2026-10-07"
"football_legends_v2_020","easy200","legend:dimaria:beijing08winner",,"من سجل هدف الأرجنتين الوحيد في نهائي كرة القدم للرجال بأولمبياد بكين 2008؟","Who scored Argentina's only goal in the men's football final at Beijing 2008?","أنخيل دي ماريا","Angel Di Maria","FIFA — Messi and Argentina grab gold","https://inside.fifa.com/tournaments/mens/mensolympic/beijing2008/news/messi-and-argentina-grab-gold-in-beijing","Angel Di Maria scored the only goal against Nigeria in the 2008 Olympic final, assisted by Lionel Messi. Verified 2026-10-07.","2026-10-07"
"football_legends_v2_021","easy200","legend:eto:o:afcon18",,"أي مهاجم كاميروني أنهى مشاركاته في كأس أمم أفريقيا برصيد 18 هدفاً بين 2000 و2010؟","Which Cameroon striker finished his AFCON appearances with 18 goals between 2000 and 2010?","صامويل إيتو","Samuel Eto'o","CAF — Eto'o's scoring record","https://www.cafonline.com/caf-africa-cup-of-nations/news/afcon-records-no-one-scores-like-eto-o","Samuel Eto'o scored 18 AFCON goals between 2000 and 2010. Verified 2026-10-07.","2026-10-07"
"football_legends_v2_022","easy200","legend:aboutrika:afcon08winner",,"من سجل هدف فوز مصر على الكاميرون في نهائي كأس أمم أفريقيا 2008؟","Who scored Egypt's winning goal against Cameroon in the 2008 AFCON final?","محمد أبو تريكة","Mohamed Aboutrika","CAF — AFCON 2025 official media guide","https://www.cafonline.com/media/05ebfeih/ultimate-media-guide-afcon25.pdf","Mohamed Aboutrika scored Egypt's winner against Cameroon in the 2008 final. Verified 2026-10-07.","2026-10-07"
"football_legends_v2_023","easy200","legend:mane:afcon21decisivekick",,"من سجل ركلة الترجيح الحاسمة للسنغال أمام مصر في نهائي كأس أمم أفريقيا 2021؟","Who scored Senegal's decisive shoot-out penalty against Egypt in the 2021 AFCON final?","ساديو ماني","Sadio Mane","CAF — Mane wins the MVP award","https://www.cafonline.com/caf-africa-cup-of-nations/news/totalenergies-afcon-2021-inspiring-sadio-mane-gets-mvp-award","Sadio Mane converted Senegal's decisive penalty against Egypt in the 2021 AFCON final, played in 2022. Verified 2026-10-07.","2026-10-07"
"football_legends_v2_024","easy200","legend:bounedjah:afcon19winner",,"من سجل هدف الجزائر الوحيد أمام السنغال في نهائي كأس أمم أفريقيا 2019؟","Who scored Algeria's only goal against Senegal in the 2019 AFCON final?","بغداد بونجاح","Baghdad Bounedjah","FIFA — Algeria edge Senegal","https://inside.fifa.com/news/algeria-edge-senegal-to-win-first-title-in-29-years","Baghdad Bounedjah scored the only goal in the 2019 AFCON final against Senegal. Verified 2026-10-07.","2026-10-07"
"football_legends_v2_025","easy200","legend:hadary:afconthreegloves",,"من حارس مصر الذي اختير الأفضل في كأس أمم أفريقيا في 2006 و2008 و2010؟","Which Egypt goalkeeper was named the best at AFCON in 2006, 2008 and 2010?","عصام الحضري","Essam El Hadary","CAF — Ahmed Hassan and El Hadary","https://www.cafonline.com/afcon2025/news/ahmed-hassan-and-el-hadary-four-titles-each-to-their-names/","Essam El Hadary won best goalkeeper in 2006, 2008 and 2010; he and Ahmed Hassan held four AFCON winners' medals each. Verified 2026-10-07.","2026-10-07"
"football_legends_v2_026","easy200","legend:toure:fourconsecutiveawards",,"أي لاعب إيفواري فاز بجائزة الكاف لأفضل لاعب أفريقي أربع مرات متتالية من 2011 إلى 2014؟","Which Ivorian player won CAF African Player of the Year four consecutive times from 2011 to 2014?","يايا توريه","Yaya Toure","CAF — 2023 award announcement","https://www.cafonline.com/news/caf-awards-return-to-morocco-to-celebrate-africas-finest-on-11-december/","Yaya Toure won in 2011-2014; Drogba in 2006 and 2009; Salah in 2017 and 2018; Mahrez in 2016. Verified 2026-10-07.","2026-10-07"
"football_legends_v2_027","easy200","legend:younis:asian07winner",,"من قائد العراق الذي سجل هدف الفوز في نهائي كأس آسيا 2007؟","Which Iraq captain scored the winning goal in the 2007 Asian Cup final?","يونس محمود","Younis Mahmoud","AFC — Younis Mahmoud's iconic triumph","https://www.the-afc.com/en/national/afc_asian_cup/news/2007_afc_asian_cup%E2%84%A2_lookback_1.html","Iraq captain Younis Mahmoud headed the winner against Saudi Arabia in the 2007 Asian Cup final. Verified 2026-10-07.","2026-10-07"
"football_legends_v2_028","easy200","legend:karimi:asianmaradonanickname",,"أي نجم إيراني اشتهر بلقب «مارادونا آسيا»؟","Which Iranian star was nicknamed the Asian Maradona?","علي كريمي","Ali Karimi","AFC — Ali Karimi, a true Asian Icon","https://www.the-afc.com/en/more/news/afc_60th_anniversary_ali_karimi_a_true_asian_icon.html","Ali Karimi was nicknamed Asian Maradona; scored twice against New Zealand in the 2003 AFC/OFC Challenge Cup 3-0 victory. Verified 2026-10-07.","2026-10-07"
"football_legends_v2_029","easy200","legend:robertocarlos:france97freekick",,"من النجم البرازيلي الذي سجل الركلة الحرة شديدة الانحناء أمام فرنسا عام 1997؟","Which Brazilian star scored the dramatically swerving free-kick against France in 1997?","روبرتو كارلوس","Roberto Carlos","FIFA — Famous free-kicks","https://inside.fifa.com/fr/news/des-coups-franchement-decisifs-1550853","Roberto Carlos scored the celebrated swerving free-kick against France on 3 June 1997 in the Tournoi de France. Verified 2026-10-07.","2026-10-07"
"football_legends_v2_030","easy200","legend:ronaldinho:fifa0405",,"من النجم البرازيلي الذي فاز بجائزة فيفا لأفضل لاعب في العالم عامي 2004 و2005؟","Which Brazilian star won FIFA World Player of the Year in both 2004 and 2005?","رونالدينيو","Ronaldinho","FIFA — Ronaldinho retires","https://inside.fifa.com/en/news/ronaldinho-calls-time-on-mesmerising-career-2926508","Ronaldinho won FIFA World Player in 2004 and 2005. Verified 2026-10-07.","2026-10-07"
"football_legends_v2_031","easy200","legend:bebeto:babycelebration",,"من المهاجم البرازيلي الذي احتفل بمولوده بحركة هزّ الطفل في مونديال 1994؟","Which Brazil striker celebrated his newborn with the baby-rocking gesture at the 1994 World Cup?","بيبيتو","Bebeto","FIFA — Old rivals rock the baby","https://www.fifa.com/en/articles/94-days-to-go-qatar-2022-romario-bebeto-brazil-1994-fifa-world-cup","Bebeto performed the baby-rocking celebration to honour his newborn son in 1994. Verified 2026-10-07.","2026-10-07"
"football_legends_v2_032","easy200","legend:modric:ballon2018",,"أي نجم كرواتي فاز بالكرة الذهبية لعام 2018؟","Which Croatian star won the 2018 Ballon d'Or?","لوكا مودريتش","Luka Modric","Real Madrid — Modric's 2018 Ballon d'Or","https://www.realmadrid.com/en-US/news/football/first-team/special-features/modric-ballon-dor-2018","Luka Modric won the 2018 Ballon d'Or. Verified 2026-10-07.","2026-10-07"
"football_legends_v2_033","easy200","legend:stoichkov:ballon1994",,"أي نجم بلغاري فاز بالكرة الذهبية لعام 1994؟","Which Bulgarian star won the 1994 Ballon d'Or?","خريستو ستويتشكوف","Hristo Stoichkov","FC Barcelona — Stoichkov's player archive","https://players.fcbarcelona.com/en/player/854-stoitxkov-hristo-stoitxkov","Hristo Stoichkov won the 1994 Ballon d'Or. Verified 2026-10-07.","2026-10-07"
"football_legends_v2_034","easy200","legend:beckham:greece01freekick",,"من سجل الركلة الحرة المتأخرة أمام اليونان التي ضمنت تأهل إنجلترا لمونديال 2002؟","Who scored the late free-kick against Greece that secured England's qualification for the 2002 World Cup?","ديفيد بيكهام","David Beckham","The FA — Beckham against Greece archive","https://www.youtube.com/watch?v=Fo5y3Ydyhtc","England's official channel documents David Beckham's late free-kick against Greece in 2001 that secured 2002 qualification. Verified 2026-10-07.","2026-10-07"
"football_legends_v2_035","easy200","legend:puskas:goalawardhonoree",,"أي أسطورة مجرية تحمل جائزة فيفا لأجمل هدف اسمها؟","Which Hungarian legend gives his name to FIFA's award for the best goal?","فيرينتس بوشكاش","Ferenc Puskas","FIFA — Puskas Award history","https://www.fifa.com/en/the-best-fifa-football-awards/articles/watch-every-puskas-award-winner","The award is named for Ferenc Puskas. Verified 2026-10-07.","2026-10-07"
"football_legends_v2_036","easy200","legend:beckenbauer:playercoachworldtitles",,"من فاز بكأس العالم لاعباً مع ألمانيا الغربية عام 1974 ومدرباً لها عام 1990؟","Who won the World Cup with West Germany as a player in 1974 and as coach in 1990?","فرانتس بيكنباور","Franz Beckenbauer","FIFA — Der Kaiser turns 75","https://inside.fifa.com/en/news/der-kaiser-turns-75","Franz Beckenbauer won in 1974 as player and 1990 as coach. Verified 2026-10-07.","2026-10-07"
"football_legends_v2_037","easy200","legend:banks:peleheader1970",,"من الحارس الإنجليزي الذي تصدّى لرأسية بيليه الشهيرة في مونديال 1970؟","Which England goalkeeper made the famous save from Pele's header at the 1970 World Cup?","غوردون بانكس","Gordon Banks","FIFA — Brilliant Banks denies Pele","https://inside.fifa.com/tournaments/mens/worldcup/1970mexico/news/brilliant-banks-denies-pele-header-2842873","Gordon Banks saved Pele's header in 1970. Verified 2026-10-07.","2026-10-07"
"football_legends_v2_038","easy200","legend:hegerberg:firstwomensballon",,"من النجمة النرويجية التي فازت بأول كرة ذهبية للسيدات عام 2018؟","Which Norwegian star won the first women's Ballon d'Or in 2018?","آدا هيغربرغ","Ada Hegerberg","UEFA — Ada Hegerberg's history","https://www.uefa.com/news-media/news/0252-0ce4d6fbe983-c6ecd00d29ad-1000--ol-lyonnes-and-norway-forward-ada-hegerberg-a-salute-to-th/","Norwegian forward Ada Hegerberg won the inaugural women's Ballon d'Or in December 2018. Verified 2026-10-07.","2026-10-07"
"football_legends_v2_039","easy200","legend:pele:cosmosclub",,"ما النادي الأمريكي الذي لعب له بيليه من 1975 إلى 1977؟","Which American club did Pele play for from 1975 to 1977?","نيويورك كوزموس","New York Cosmos","FIFA — World champions in New York","https://www.fifa.com/en/tournaments/mens/worldcup/canadamexicousa2026/articles/world-champions-who-played-in-new-york","Pele played at New York Cosmos from 1975 to 1977. Verified 2026-10-07.","2026-10-07"
"football_legends_v2_040","easy200","legend:best:beatlenickname",,"أي أسطورة لمانشستر يونايتد لُقّبت بـ«إل بيتل» تشبيهاً بنجوم البيتلز؟","Which Manchester United legend was nicknamed El Beatle in reference to the Beatles?","جورج بيست","George Best","Manchester United — El Beatle","https://www.manutd.com/en/mutv/videos/detail/el-beatle","George Best earned the nickname El Beatle. Verified 2026-10-07.","2026-10-07"
"football_legends_v2_041","easy200","legend:pele:benfica62hattrick",,"أي نجم لسانتوس سجل هاتريك أمام بنفيكا في لشبونة بكأس الإنتركونتيننتال 1962؟","Which Santos star scored a hat-trick against Benfica in Lisbon in the 1962 Intercontinental Cup?","بيليه","Pele","FIFA — Santos's world titles","https://www.fifa.com/en/tournaments/mens/fifa-club-world-cup/saudi-arabia-2023/articles/santos-win-world-title-ac-milan-1963","Pele's hat-trick in Lisbon crushed Benfica in the 1962 Intercontinental Cup. Verified 2026-10-07.","2026-10-07"
"football_legends_v2_042","easy200","legend:gascoigne:scotland96goal",,"أي نجم إنجليزي احتفل بحركة «كرسي طبيب الأسنان» بعد هدفه الشهير أمام اسكتلندا في يورو 1996؟","Which England star performed the dentist's-chair celebration after his famous goal against Scotland at EURO 1996?","بول غاسكوين","Paul Gascoigne","UEFA — Gascoigne's EURO 1996 celebration","https://www.uefa.com/uefaeuro/history/news/0253-0d8126e46adc-b66fd040cabb-1000--snap-shot-gazza-lights-up-euro-96/","Paul Gascoigne's goal against Scotland led to the dentist's-chair celebration. Verified 2026-10-07.","2026-10-07"
"football_legends_v2_043","easy200","legend:balotelli:germany12brace",,"من سجل هدفي إيطاليا أمام ألمانيا في نصف نهائي يورو 2012؟","Who scored both Italy goals against Germany in the EURO 2012 semi-final?","ماريو بالوتيلي","Mario Balotelli","UEFA — Balotelli sends Italy to the final","https://www.uefa.com/uefaeuro/history/news/0254-0d7e1aa1ca2b-de24f2c01e09-1000--balotelli-sends-italy-past-germany-to-euro-2012-final/","Balotelli scored both Italian goals in the 2-1 semi-final win over Germany. Verified 2026-10-07.","2026-10-07"
"football_legends_v2_044","easy200","legend:chilavert:setpieces",,"أي حارس باراغواي اشتهر بتسجيل الركلات الحرة وركلات الجزاء؟","Which Paraguay goalkeeper became famous for scoring free-kicks and penalties?","خوسيه لويس تشيلافيرت","Jose Luis Chilavert","FIFA — Chilavert goes for goal","https://inside.fifa.com/tournaments/mens/worldcup/2002korea-japan/news/chilavert-goes-for-goal-in-jeju-2925877","Paraguay goalkeeper Chilavert scored free-kicks and penalties; Cubillas's 1978 free-kick inspired him. Verified 2026-10-07.","2026-10-07"
"football_legends_v2_045","easy200","legend:drogba:peaceappeal2005",,"أي نجم إيفواري وجّه نداءً للسلام من غرفة الملابس بعد التأهل للمونديال في أكتوبر 2005؟","Which Ivorian star made a dressing-room appeal for peace after World Cup qualification in October 2005?","ديدييه دروغبا","Didier Drogba","FIFA — Drogba's international memories","https://inside.fifa.com/fr/news/drogba-les-memoires-d-un-elephant-2418312","Drogba appealed for peace after qualification on 8 October 2005 in Omdurman; Aruna Dindane scored twice in the 3-1 win. Verified 2026-10-07.","2026-10-07"
"football_legends_v2_046","easy200","legend:figo:ballon2000",,"من النجم البرتغالي الفائز بالكرة الذهبية عام 2000؟","Which Portuguese star won the Ballon d'Or in 2000?","لويس فيغو","Luis Figo","UEFA — Ballon d'Or history","https://www.uefa.com/news-media/news/0287-195e642735da-0594342b9554-1000--history-of-the-ballon-d-or/","Eusebio won in 1965; Shevchenko in 2004; Figo in 2000; Rivaldo in 1999; Cannavaro in 2006. Verified 2026-10-07.","2026-10-07"
"football_legends_v2_047","easy200","legend:rivaldo:ballon1999",,"من النجم البرازيلي الفائز بالكرة الذهبية عام 1999؟","Which Brazilian star won the Ballon d'Or in 1999?","ريفالدو","Rivaldo","UEFA — Ballon d'Or history","https://www.uefa.com/news-media/news/0287-195e642735da-0594342b9554-1000--history-of-the-ballon-d-or/","Eusebio won in 1965; Shevchenko in 2004; Figo in 2000; Rivaldo in 1999; Cannavaro in 2006. Verified 2026-10-07.","2026-10-07"
"football_legends_v2_048","easy200","legend:cannavaro:ballon2006",,"من المدافع الإيطالي الذي فاز بالكرة الذهبية عام 2006؟","Which Italian defender won the Ballon d'Or in 2006?","فابيو كانافارو","Fabio Cannavaro","UEFA — Ballon d'Or history","https://www.uefa.com/news-media/news/0287-195e642735da-0594342b9554-1000--history-of-the-ballon-d-or/","Eusebio won in 1965; Shevchenko in 2004; Figo in 2000; Rivaldo in 1999; Cannavaro in 2006. Verified 2026-10-07.","2026-10-07"
"football_legends_v2_049","easy200","legend:ronaldo:haircut2002",,"أي نجم برازيلي ظهر في مونديال 2002 بقصّة شعر تركت خصلة صغيرة في مقدمة الرأس؟","Which Brazilian star wore a haircut with just a small patch at the front at the 2002 World Cup?","رونالدو نازاريو","Ronaldo Nazario","FIFA — Ronaldo tribute","https://www.fifa.com/en/tournaments/mens/worldcup/articles/tribute-ronaldo-fenomeno-brazil-moments-goal-stats-videos","Ronaldo's distinctive 2002 haircut diverted attention from his leg injury; Jairzinho discovered him and recommended him to Cruzeiro. Verified 2026-10-07.","2026-10-07"
"football_legends_v2_050","easy200","legend:batistuta:batigol",,"من المهاجم الأرجنتيني المعروف بلقب «باتيغول»؟","Which Argentine striker is known as Batigol?","غابرييل باتيستوتا","Gabriel Batistuta","FIFA — Batistuta lived and breathed football","https://inside.fifa.com/en/news/batistuta-i-lived-and-breathed-football-2900564","Batigol is Gabriel Batistuta; he scored both Argentina goals in the 1993 Copa America final win over Mexico. Verified 2026-10-07.","2026-10-07"
"football_legends_v2_051","easy200","legend:zico:whitepele",,"من صانع الألعاب البرازيلي المعروف بلقب «بيليه الأبيض»؟","Which Brazilian playmaker is known as the White Pele?","زيكو","Zico","Zico — Official career statistics and biography","https://www.zico.com.br/","Official biography identifies Zico as the White Pele abroad. Verified via indexed official page 2026-10-07; direct fetch returned 502.","2026-10-07"
"football_legends_v2_052","easy200","legend:charlton:munichsurvivor",,"أي نجم إنجليزي فاز بالكرة الذهبية 1966 بعدما نجا من كارثة ميونيخ الجوية عام 1958؟","Which English star won the 1966 Ballon d'Or after surviving the 1958 Munich air disaster?","بوبي تشارلتون","Bobby Charlton","FIFA — Tribute to Sir Bobby Charlton","https://inside.fifa.com/news/a-tribute-to-sir-bobby-charlton-1937-2023","Charlton survived the 1958 Munich air disaster and won the 1966 Ballon d'Or. Verified 2026-10-07; award corroborated by UEFA Ballon d'Or history.","2026-10-07"
"football_legends_v2_053","easy200","legend:delpiero:tonguecelebration",,"أي أسطورة ليوفنتوس اشتهرت باحتفال إخراج اللسان الذي قلّده كينان يلدز؟","Which Juventus legend was known for the tongue-out celebration copied by Kenan Yildiz?","أليساندرو ديل بييرو","Alessandro Del Piero","Juventus — Comments after Frosinone Juventus","https://www.juventus.com/en/news/articles/press-room-comments-after-frosinone-juventus","Yildiz says his tongue-out celebration is inspired by Del Piero. Verified 2026-10-07.","2026-10-07"
"football_legends_v2_054","easy200","legend:romario:baixinho",,"أي مهاجم برازيلي اشتهر بلقب «بايشينيو»، أي «القصير»؟","Which Brazilian striker was nicknamed Baixinho, meaning Shortie?","روماريو","Romario","FIFA — Jorginho remembers Brazil 1994","https://www.fifa.com/en/tournaments/mens/worldcup/articles/jorginho-brazil-usa-1994","Romario is called Baixinho, translated as Shortie. Verified 2026-10-07.","2026-10-07"
"football_legends_v2_055","easy200","legend:campos:colourfulkits",,"من حارس المكسيك الذي اشتهر بقمصانه الزاهية متعددة الألوان في التسعينيات؟","Which Mexico goalkeeper was famous for his bright multicoloured shirts in the 1990s?","خورخي كامبوس","Jorge Campos","FIFA Collect — Mexico, France 1998","https://collect.fifa.com/it-IT/marketplace/ML_001","Campos is identified as the Mexican goalkeeper known for colourful jerseys. Verified 2026-10-07.","2026-10-07"
"football_legends_v2_056","easy200","legend:ibrahimovic:england12four",,"من سجل أهداف السويد الأربعة، ومنها ضربة خلفية بعيدة، أمام إنجلترا عام 2012؟","Who scored all four Sweden goals, including a long-range overhead kick, against England in 2012?","زلاتان إبراهيموفيتش","Zlatan Ibrahimovic","UEFA — Ibrahimovic scores four against England","https://www.uefa.com/news-media/news/0203-0e13bacbbd84-fe67bba74113-1000--ibrahimovic-scores-four-as-sweden-beat-england/","Ibrahimovic scored all four in Sweden's 4-2 win over England in November 2012, including a long-range overhead kick. Verified 2026-10-07.","2026-10-07"
"football_legends_v2_057","easy200","legend:cafu:pendolino",,"أي ظهير برازيلي لعب لروما وميلان واشتهر بلقب «إيل بيندولينو» أو «القطار السريع»؟","Which Brazilian full-back played for Roma and Milan and was nicknamed Il Pendolino, the Express Train?","كافو","Cafu","FIFA — Behind Cafu's record","https://inside.fifa.com/en/tournaments/mens/worldcup/2002korea-japan/news/behind-the-world-cup-record-cafu-2878937","Cafu played in the 1994, 1998 and 2002 World Cup finals and was nicknamed Il Pendolino in Italy. Verified 2026-10-07.","2026-10-07"
"football_legends_v2_058","easy200","legend:morgan:teacelebration",,"من النجمة الأمريكية التي احتفلت بتقليد شرب الشاي بعد هدفها أمام إنجلترا في مونديال السيدات 2019؟","Which American star celebrated by pretending to sip tea after scoring against England at the 2019 Women's World Cup?","أليكس مورغان","Alex Morgan","FIFA — Alex Morgan interview","https://www.fifa.com/en/tournaments/womens/womensworldcup/articles/alex-morgan-interview","Morgan describes her tea-sipping celebration against England at France 2019. Verified from indexed full interview 2026-10-07.","2026-10-07"
"football_legends_v2_059","easy200","legend:kaka:fullnameidentity",,"بأي اسم كروي اشتهر النجم البرازيلي ريكاردو إزيكسون دوس سانتوس ليتي؟","By which football name is Brazilian star Ricardo Izecson dos Santos Leite known?","كاكا","Kaka","Real Madrid — Kaka legend profile","https://www.realmadrid.com/en-US/the-club/history/football-legends/ricardo-izecson-dos-santos-leite/","Kaka's full name is Ricardo Izecson dos Santos Leite. Verified 2026-10-07.","2026-10-07"
"football_legends_v2_060","easy200","legend:tevez:apache",,"أي مهاجم أرجنتيني لعب لبوكا جونيورز ومانشستر سيتي واشتهر بلقب «الأباتشي»؟","Which Argentine forward played for Boca Juniors and Manchester City and was nicknamed El Apache?","كارلوس تيفيز","Carlos Tevez","FIFA — Blackburn interview","https://inside.fifa.com/es/news/blackburn-no-podemos-regalar-nada","The interview identifies Carlos Tevez as El Apache. Verified 2026-10-07.","2026-10-07"
"football_legends_v2_061","easy200","legend:mascherano:jefecito",,"من نجم وسط الأرجنتين السابق الذي لعب لليفربول وبرشلونة وعُرف بلقب «الخيفيسيتو»، أي «الرئيس الصغير»؟","Which former Argentina midfielder played for Liverpool and Barcelona and was nicknamed El Jefecito, the Little Chief?","خافيير ماسكيرانو","Javier Mascherano","FC Barcelona — Javier Mascherano player archive","https://players.fcbarcelona.com/en/player/532-mascherano-javier-alejandro-mascherano","Mascherano is nicknamed Jefecito; FIFA's German interview translates this as little chief. Verified 2026-10-07.","2026-10-07"
"football_legends_v2_062","easy200","legend:higuita:loco",,"أي حارس مرمى كولومبي اشتهر بلقب «إل لوكو»، أي «المجنون»؟","Which Colombian goalkeeper was famously nicknamed El Loco, the Madman?","رينيه هيغيتا","Rene Higuita","FIFA — Colombia's scorpion king","https://inside.fifa.com/en/news/colombia-s-scorpion-king-25-years-on","Higuita is nicknamed El Loco. Verified 2026-10-07.","2026-10-07"
"football_legends_v2_063","easy200","legend:puyol:oneclub",,"مع أي نادٍ قضى كارليس بويول مسيرته الاحترافية كاملة؟","With which club did Carles Puyol spend his entire professional career?","برشلونة","Barcelona","FC Barcelona — Carles Puyol legend profile","https://www.fcbarcelona.com/en/football/barca-legends/players/3636694/puyol","Puyol was a one-club player with Barcelona. Verified 2026-10-07.","2026-10-07"
"football_legends_v2_064","easy200","legend:messi:firstseniortitle",,"ما البطولة التي أحرز فيها ميسي أول لقب مع منتخب الأرجنتين الأول عام 2021؟","At which tournament did Messi win his first title with Argentina's senior national team in 2021?","كوبا أمريكا","Copa America","CONMEBOL — Argentina's 2021 Copa America triumph","https://copaamerica.com/en/news/copa-america-2021-argentina-champions-after-28-years","Messi won his first senior Argentina title at the 2021 Copa America. Youth and Olympic titles are excluded by question wording. Verified 2026-10-07.","2026-10-07"
"football_legends_v2_065","easy200","legend:ronaldinho:firstclub",,"مع أي نادٍ برازيلي بدأ رونالدينيو مسيرته قبل الانتقال إلى باريس سان جيرمان؟","At which Brazilian club did Ronaldinho begin his career before moving to Paris Saint-Germain?","غريميو","Gremio","FIFA — Ronaldinho interview before 2025 Intercontinental final","https://www.fifa.com/en/tournaments/mens/intercontinentalcup/2025/articles/ronaldinho-paris-saint-germain-flamengo","Ronaldinho began his career at Gremio before moving to Paris in 2001. Verified 2026-10-07.","2026-10-07"
"football_legends_v2_066","easy200","legend:neymar:firstclub",,"أي نادٍ برازيلي شهد الظهور الاحترافي الأول لنيمار عام 2009؟","Which Brazilian club gave Neymar his professional debut in 2009?","سانتوس","Santos","FIFA — A tribute to Neymar","https://www.fifa.com/en/tournaments/mens/worldcup/canadamexicousa2026/articles/neymar-anniversary-highlights-stats-trivia","Neymar made his Santos first-team debut aged seventeen in 2009. Verified 2026-10-07; question uses historical club fact only.","2026-10-07"
"football_legends_v2_067","easy200","legend:ronaldo:airporthonour",,"أي نجم كرة قدم برتغالي يحمل مطار ماديرا اسمه تكريماً له؟","Which Portuguese football star is honoured in the name of Madeira Airport?","كريستيانو رونالدو","Cristiano Ronaldo","ANA Aeroportos de Portugal — Madeira Airport sixtieth anniversary","https://pt.newsroom.ana.pt/assets/pr-aeroporto-da-madeira-60-aniversario-pdf-dd05-4a6c7.html?dl=1","Airport operator identifies Madeira Airport as Aeroporto Cristiano Ronaldo. Verified 2026-10-07.","2026-10-07"
"football_legends_v2_068","easy200","legend:ramos:panenka12",,"أي مدافع إسباني نفذ ركلة ترجيح بطريقة «بانينكا» أمام البرتغال في نصف نهائي يورو 2012؟","Which Spanish defender scored a Panenka-style shoot-out kick against Portugal in the EURO 2012 semi-final?","سيرخيو راموس","Sergio Ramos","UEFA — EURO 2012 technical report","https://www.uefa.com/MultimediaFiles/Download/TechnicalReport/competitions/EURO/01/86/72/05/1867205_DOWNLOAD.pdf","The report caption identifies Sergio Ramos scoring a Panenka against Portugal goalkeeper Rui Patricio. Verified 2026-10-07.","2026-10-07"
"football_legends_v2_069","medium400","legend:cafu:threefinalappearances",,"أي لاعب شارك في نهائيات كأس العالم الثلاثة في 1994 و1998 و2002؟","Which player appeared in all three World Cup finals in 1994, 1998 and 2002?","كافو","Cafu","FIFA — Behind Cafu's record","https://inside.fifa.com/en/tournaments/mens/worldcup/2002korea-japan/news/behind-the-world-cup-record-cafu-2878937","Cafu played in the 1994, 1998 and 2002 World Cup finals and was nicknamed Il Pendolino in Italy. Verified 2026-10-07.","2026-10-07"
"football_legends_v2_070","medium400","legend:xavi:euro08award",,"من لاعب الوسط الإسباني الذي اختير أفضل لاعب في يورو 2008؟","Which Spanish midfielder was named Player of the Tournament at EURO 2008?","تشافي هيرنانديز","Xavi Hernandez","UEFA — Xavi emerges as EURO's top man","https://www.uefa.com/uefaeuro/history/news/0253-0d7bf41f947c-89e2a774fb12-1000--xavi-emerges-as-euro-s-top-man/","Xavi Hernandez won EURO 2008 Player of the Tournament. Verified 2026-10-07.","2026-10-07"
"football_legends_v2_071","medium400","legend:eder:euro16winner",,"من البديل البرتغالي الذي سجل هدف الفوز على فرنسا في نهائي يورو 2016؟","Which Portugal substitute scored the winner against France in the EURO 2016 final?","إيدر","Eder","UEFA — Portugal spoil France's party","https://www.uefa.com/uefaeuro/history/news/0253-0d81c3763c88-e741506b5589-1000--portugal-spoil-france-s-party-with-extra-time-win/","Eder scored Portugal's extra-time winner in the 2016 final; Ricardo Quaresma replaced injured Cristiano Ronaldo. Verified 2026-10-07.","2026-10-07"
"football_legends_v2_072","medium400","legend:charisteas:euro04winner",,"من المهاجم اليوناني الذي سجل هدف نهائي يورو 2004 أمام البرتغال؟","Which Greek striker scored against Portugal in the EURO 2004 final?","أنغيلوس خاريستياس","Angelos Charisteas","UEFA — Greece crowned kings of Europe","https://www.uefa.com/uefaeuro/history/news/0254-0d7b673abd33-d04e3bb2cd62-1000/","Angelos Charisteas headed the 2004 final winner from Angelos Basinas's corner. Verified 2026-10-07.","2026-10-07"
"football_legends_v2_073","medium400","legend:bierhoff:euro96winner",,"من سجل هدفي ألمانيا، ومنهما الهدف الذهبي، في نهائي يورو 1996؟","Who scored both Germany goals, including the golden goal, in the EURO 1996 final?","أوليفر بيرهوف","Oliver Bierhoff","UEFA — Bierhoff the final hero","https://www.uefa.com/uefaeuro/history/news/0253-0d7b2f43dce4-36bc8c73471c-1000--bierhoff-the-hero-of-germany-s-euro-96-final-win-against-czech-/","Oliver Bierhoff scored Germany's equaliser and golden goal in the 1996 final. Patrik Berger opened from the spot; Jurgen Klinsmann captained Germany. Verified 2026-10-07.","2026-10-07"
"football_legends_v2_074","medium400","legend:wiltord:euro00equaliser",,"من أنقذ فرنسا بهدف التعادل في الوقت بدل الضائع من نهائي يورو 2000؟","Who rescued France with the stoppage-time equaliser in the EURO 2000 final?","سيلفان ويلتورد","Sylvain Wiltord","UEFA — Trezeguet's golden goal","https://www.uefa.com/uefaeuro/history/news/0253-0d7b3013529f-3e15ce8dc46b-1000--trezeguet-s-golden-goal-sinks-italy-as-france-make-history-a/","David Trezeguet scored the golden goal after Sylvain Wiltord's late equaliser. Marco Delvecchio had put Italy ahead; Robert Pires supplied the winner. Verified 2026-10-07.","2026-10-07"
"football_legends_v2_075","medium400","legend:silva:euro12opener",,"من سجل الهدف الأول لإسبانيا برأسية في نهائي يورو 2012؟","Who headed Spain's opening goal in the EURO 2012 final?","دافيد سيلفا","David Silva","UEFA — Spain overpower Italy","https://www.uefa.com/news/0252-0cdc4f07099d-36a02f333f87-1000--spain-overpower-exhausted-italy-to-win-uefa-euro-2012-final/","David Silva headed Spain ahead, Jordi Alba scored the second, Torres the third and Mata the fourth in the 2012 final. Verified 2026-10-07.","2026-10-07"
"football_legends_v2_076","medium400","legend:zagorakis:euro04award",,"من قائد اليونان الذي اختير أفضل لاعب في يورو 2004؟","Which Greece captain was named Player of the Tournament at EURO 2004?","ثيودوروس زاغوراكيس","Theodoros Zagorakis","UEFA — EURO 2004 team","https://www.uefa.com/uefaeuro/history/news/0253-0d7da72393c9-783fb60a56f0-1000--euro-2004-team-of-the-tournament/","Greece captain Theodoros Zagorakis won Player of the Tournament in 2004. Verified 2026-10-07.","2026-10-07"
"football_legends_v2_077","medium400","legend:sammer:euro96award",,"من المدافع الألماني الذي اختير أفضل لاعب في يورو 1996؟","Which German defender was named Player of the Tournament at EURO 1996?","ماتياس زامر","Matthias Sammer","UEFA — Germany's 1996 harmony","https://www.uefa.com/uefaeuro/history/news/0253-0d7da6abdace-07c473985042-1000--germany-s-96-harmony-strikes-chord-for-klinsmann/","Matthias Sammer was EURO 1996 Player of the Tournament, playing sweeper. Verified 2026-10-07.","2026-10-07"
"football_legends_v2_078","medium400","legend:gullit:euro88opener",,"من قائد هولندا الذي افتتح التسجيل برأسية في نهائي يورو 1988؟","Which Netherlands captain opened the scoring with a header in the EURO 1988 final?","رود خوليت","Ruud Gullit","UEFA — Van Basten's volley crowns the Netherlands","https://www.uefa.com/uefaeuro/history/news/0253-0d7b2f78ca99-40f24ef873fd-1000--van-basten-volley-crowns-netherlands-euro-1988-final-win-ag/","Ruud Gullit headed the opening goal; Arnold Muhren crossed for Van Basten's volley; Hans van Breukelen saved Igor Belanov's penalty. Verified 2026-10-07.","2026-10-07"
"football_legends_v2_079","medium400","legend:klinsmann:euro96captain",,"من قاد منتخب ألمانيا داخل الملعب في نهائي يورو 1996؟","Who captained Germany on the pitch in the EURO 1996 final?","يورغن كلينسمان","Jurgen Klinsmann","UEFA — Bierhoff the final hero","https://www.uefa.com/uefaeuro/history/news/0253-0d7b2f43dce4-36bc8c73471c-1000--bierhoff-the-hero-of-germany-s-euro-96-final-win-against-czech-/","Oliver Bierhoff scored Germany's equaliser and golden goal in the 1996 final. Patrik Berger opened from the spot; Jurgen Klinsmann captained Germany. Verified 2026-10-07.","2026-10-07"
"football_legends_v2_080","medium400","legend:kanu:atlanta96goldengoal",,"من سجل الهدف الذهبي الذي أقصى البرازيل أمام نيجيريا في نصف نهائي أولمبياد 1996؟","Who scored the golden goal that eliminated Brazil against Nigeria in the 1996 Olympic semi-final?","نوانكو كانو","Nwankwo Kanu","FIFA — Nigeria triumph at Atlanta","https://www.fifa.com/en/tournaments/olympicgames/paris2024/articles/nigeria-triumph-atlanta-1996","Nigeria captain Nwankwo Kanu scored the golden goal against Brazil in the 1996 Olympic semi-final. Verified 2026-10-07.","2026-10-07"
"football_legends_v2_081","medium400","legend:hassan:afcon10award",,"من قائد مصر الذي نال جائزة أفضل لاعب في كأس أمم أفريقيا 2010؟","Which Egypt captain won the best-player award at AFCON 2010?","أحمد حسن","Ahmed Hassan","CAF — AFCON MVPs","https://www.cafonline.com/afcon2025/news/afcon-mvps-of-the-past-decade-2012-2019/","Ahmed Hassan won the 2010 MVP award. Verified 2026-10-07.","2026-10-07"
"football_legends_v2_082","medium400","legend:aboubakar:afcon17winner",,"من البديل الكاميروني الذي حسم نهائي كأس أمم أفريقيا 2017 بهدف متأخر أمام مصر؟","Which Cameroon substitute settled the 2017 AFCON final with a late goal against Egypt?","فينسنت أبو بكر","Vincent Aboubakar","CAF — Aboubakar delivers the trophy","https://www.cafonline.com/caf-africa-cup-of-nations/news/aboubakar-delivers-cup-of-nations-for-cameroon","Substitute Vincent Aboubakar scored Cameroon's late winner against Egypt in the 2017 final. Verified 2026-10-07.","2026-10-07"
"football_legends_v2_083","medium400","legend:pokou:five1970",,"من النجم الإيفواري الذي سجل خمسة أهداف أمام إثيوبيا في كأس أمم أفريقيا 1970؟","Which Ivorian star scored five goals against Ethiopia at AFCON 1970?","لوران بوكو","Laurent Pokou","CAF — Mulamba and Pokou's records","https://www.cafonline.com/afcon2025/news/afcon-records-mulamba-s-famous-nine-five-star-pokou/","Laurent Pokou scored five against Ethiopia in 1970; Pierre Ndaye Mulamba scored nine for Zaire in the 1974 tournament. Verified 2026-10-07.","2026-10-07"
"football_legends_v2_084","medium400","legend:daei:asian96four",,"من المهاجم الإيراني الذي سجل أربعة أهداف أمام كوريا الجنوبية في ربع نهائي كأس آسيا 1996؟","Which Iran striker scored four goals against South Korea in the 1996 Asian Cup quarter-final?","علي دائي","Ali Daei","AFC — Ali Daei's 1996 masterclass","https://www.the-afc.com/en/national/afc_asian_cup/news/afc_asian_cup_archive_ali_daeis_1996_masterclass.html","Ali Daei scored four in Iran's 6-2 quarter-final win over Korea Republic in 1996. Disputed modern international career totals are not used. Verified 2026-10-07.","2026-10-07"
"football_legends_v2_085","medium400","legend:nakata:consecutiveawards",,"من أول لاعب فاز بجائزة الاتحاد الآسيوي لأفضل لاعب عامين متتاليين، في 1997 و1998؟","Who first won AFC Player of the Year in consecutive years, in 1997 and 1998?","هيديتوشي ناكاتا","Hidetoshi Nakata","AFC — Award milestones","https://www.the-afc.com/en/more/news/moments__milestones_and_the_winners_were%E2%80%A6_.html","Hidetoshi Nakata was the first back-to-back AFC Player of the Year winner in 1997 and 1998; Fan Zhiyi was China's first winner. Verified 2026-10-07.","2026-10-07"
"football_legends_v2_086","medium400","legend:chabumkun:chadurifather",,"من أسطورة كوريا الجنوبية ووالد المدافع تشا دو ري؟","Which South Korean legend is defender Cha Du-ri's father?","تشا بوم كون","Cha Bum-kun","AFC — Cha Du-ri's long read","https://www.the-afc.com/en/more/news/the_long_read_cha_du-ri.html","Cha Bum-kun is the father of Cha Du-ri. Verified 2026-10-07.","2026-10-07"
"football_legends_v2_087","medium400","legend:karimi:asian04award",,"من اللاعب الإيراني الذي فاز بجائزة أفضل لاعب في آسيا عام 2004؟","Which Iran player won AFC Player of the Year in 2004?","علي كريمي","Ali Karimi","AFC — Asian Icons Ali Karimi","https://www.the-afc.com/en/more/news/asian_icons_ali_karimi.html","Karimi won AFC Player of the Year in 2004. Verified 2026-10-07.","2026-10-07"
"football_legends_v2_088","medium400","legend:matthews:firstballon",,"من فاز بأول كرة ذهبية في تاريخ الجائزة عام 1956؟","Who won the inaugural Ballon d'Or in 1956?","ستانلي ماثيوز","Stanley Matthews","FIFA Museum — Ballon d'Or exhibition","https://inside.fifa.com/en/news/ballon-d-or-in-the-spotlight-at-fifa-world-football-museum-2754018","Stanley Matthews won the first Ballon d'Or in 1956. Verified 2026-10-07.","2026-10-07"
"football_legends_v2_089","medium400","legend:shevchenko:ballon2004",,"من النجم الأوكراني الذي فاز بالكرة الذهبية لعام 2004؟","Which Ukrainian star won the 2004 Ballon d'Or?","أندريه شيفتشينكو","Andriy Shevchenko","UEFA — Ballon d'Or history","https://www.uefa.com/news-media/news/0287-195e642735da-0594342b9554-1000--history-of-the-ballon-d-or/","Eusebio won in 1965; Shevchenko in 2004; Figo in 2000; Rivaldo in 1999; Cannavaro in 2006. Verified 2026-10-07.","2026-10-07"
"football_legends_v2_090","medium400","legend:eusebio:ballon1965",,"من أسطورة بنفيكا الذي فاز بالكرة الذهبية لعام 1965؟","Which Benfica legend won the 1965 Ballon d'Or?","أوزيبيو","Eusebio","UEFA — Ballon d'Or history","https://www.uefa.com/news-media/news/0287-195e642735da-0594342b9554-1000--history-of-the-ballon-d-or/","Eusebio won in 1965; Shevchenko in 2004; Figo in 2000; Rivaldo in 1999; Cannavaro in 2006. Verified 2026-10-07.","2026-10-07"
"football_legends_v2_091","medium400","legend:romario:vascobreakthrough",,"مع أي نادٍ برازيلي انطلق روماريو في الفريق الأول عام 1985؟","With which Brazilian club did Romario break into the first team in 1985?","فاسكو دا غاما","Vasco da Gama","FIFA — Romario's career","https://inside.fifa.com/fr/news/romario-de-l-inspiration-au-genie","Romario joined Vasco's senior team in 1985. Verified 2026-10-07.","2026-10-07"
"football_legends_v2_092","medium400","legend:zico:japan06coach",,"أي أسطورة برازيلية درّبت اليابان وقادتها إلى مونديال 2006؟","Which Brazilian legend coached Japan and led them to the 2006 World Cup?","زيكو","Zico","FIFA — Zico reflects on Japan","https://www.fifa.com/en/articles/world-cup-qatar-japan-zico-antlers-proud-en","Zico led Japan to the 2006 World Cup as coach and helped establish Kashima Antlers as player and adviser. Verified 2026-10-07.","2026-10-07"
"football_legends_v2_093","medium400","legend:maradona:u20goldenball1979",,"من نجم الأرجنتين الذي نال الكرة الذهبية في بطولة العالم للشباب 1979 باليابان؟","Which Argentina star won the Golden Ball at the 1979 World Youth Championship in Japan?","دييغو مارادونا","Diego Maradona","FIFA — Maradona's 60th birthday","https://inside.fifa.com/news/happy-60th-maradona","Maradona won the 1979 youth championship Golden Ball in Japan. Verified 2026-10-07.","2026-10-07"
"football_legends_v2_094","medium400","legend:messi:u20goldenboot2005",,"كم هدفاً سجل ميسي ليفوز بالحذاء الذهبي في بطولة العالم للشباب 2005؟","How many goals did Messi score to win the Golden Boot at the 2005 World Youth Championship?","6 أهداف","6 goals","FIFA — Youthful Messi dazzles","https://inside.fifa.com/tournaments/mens/u20worldcup/netherlands2005/news/world-cup-at-home-argentina-brazil-u20-world-cup-messi-3071371","Messi scored six goals and won the Golden Boot in 2005. Verified 2026-10-07.","2026-10-07"
"football_legends_v2_095","medium400","legend:cantona:beachcoach2005",,"أي أسطورة فرنسية درّبت منتخب فرنسا بطل كأس العالم للكرة الشاطئية 2005؟","Which French legend coached France to the 2005 Beach Soccer World Cup title?","إريك كانتونا","Eric Cantona","FFF — Eric Cantona official profile","https://www.fff.fr/equipe-nationale/joueur/8518-cantona-eric/fiche.html","Eric Cantona coached France's beach soccer team to the 2005 world title. Verified 2026-10-07.","2026-10-07"
"football_legends_v2_096","medium400","legend:dimaria:copa21winner",,"من سجل هدف الأرجنتين الحاسم أمام البرازيل في نهائي كوبا أمريكا 2021؟","Who scored Argentina's decisive goal against Brazil in the 2021 Copa America final?","أنخيل دي ماريا","Angel Di Maria","CONMEBOL — 2021 technical report","https://cdn.conmebol.com/wp-content/uploads/2025/02/GET_CA_2021_ENG.pdf","Angel Di Maria exploited Renan Lodi's space to score the winning goal against Brazil in the final. Verified 2026-10-07.","2026-10-07"
"football_legends_v2_097","medium400","legend:prinz:threefifaawards",,"أي نجمة ألمانية فازت بجائزة فيفا لأفضل لاعبة في العالم أعوام 2003 و2004 و2005؟","Which German star won FIFA Women's World Player in 2003, 2004 and 2005?","بيرغيت برينتس","Birgit Prinz","FIFA — Historical award winners","https://www.fifa.com/en/the-best-fifa-football-awards/articles/all-award-winners-history","Birgit Prinz won the women's award in 2003, 2004 and 2005. Verified 2026-10-07.","2026-10-07"
"football_legends_v2_098","medium400","legend:sinclair:career190",,"من النجمة الكندية التي سجلت 190 هدفاً دولياً قبل إنهاء مسيرتها مع المنتخب عام 2023؟","Which Canadian star scored 190 international goals before ending her national-team career in 2023?","كريستين سنكلير","Christine Sinclair","Canada Soccer — Sinclair's international retirement","https://news.canadasoccer.com/sinclair-to-leave-international-football-at-the-end-of-2023","Christine Sinclair scored 190 international goals before retirement in 2023. Verified 2026-10-07.","2026-10-07"
"football_legends_v2_099","medium400","legend:wambach:brazil11header",,"من سجلت رأسية التعادل في الدقيقة 122 للولايات المتحدة أمام البرازيل في كأس العالم للسيدات 2011؟","Who headed the USA equaliser in the 122nd minute against Brazil at the 2011 Women's World Cup?","آبي وامباك","Abby Wambach","FIFA — A goal for the ages","https://inside.fifa.com/en/womens-football/news/10-july-2011-goal-for-the-ages","Abby Wambach headed Megan Rapinoe's cross for the 122nd-minute equaliser against Brazil in the 2011 quarter-final. Verified 2026-10-07.","2026-10-07"
"football_legends_v2_100","medium400","legend:sawa:2011doubleawards",,"من النجمة اليابانية التي جمعت الكرة الذهبية والحذاء الذهبي في كأس العالم للسيدات 2011؟","Which Japanese star won both the Golden Ball and Golden Boot at the 2011 Women's World Cup?","هوماري ساوا","Homare Sawa","FIFA+ — Homare Sawa's Golden Boot campaign","https://www.plus.fifa.com/en/showcase/japans-12-strikes-to-world-cup-glory-in-2011/d02b5ffa-027a-4dc9-b98b-ed2adb381a76","Homare Sawa won both awards in 2011 with five goals. Verified 2026-10-07.","2026-10-07"
"football_legends_v2_101","medium400","legend:solo:twogoldengloves",,"من الحارسة الأمريكية التي فازت بالقفاز الذهبي في كأس العالم للسيدات عامي 2011 و2015؟","Which American goalkeeper won the Women's World Cup Golden Glove in both 2011 and 2015?","هوب سولو","Hope Solo","FIFA — Women's World Cup Golden Glove winners","https://www.fifa.com/es/tournaments/womens/womensworldcup/australia-new-zealand2023/articles/guante-de-oro-en-la-copa-mundial-femenina-de-la-fifa-ganadoras-quienes","Hope Solo won in 2011 and 2015. Verified 2026-10-07.","2026-10-07"
"football_legends_v2_102","medium400","legend:angerer:fifaaward2013",,"من أول حارسة مرمى تفوز بجائزة فيفا لأفضل لاعبة في العالم، عام 2013؟","Who became the first goalkeeper to win FIFA Women's World Player, in 2013?","نادين أنغيرر","Nadine Angerer","FIFA — Nadine Angerer interview","https://inside.fifa.com/tournaments/womens/womensworldcup/china2007/news/angerer-i-was-often-my-own-worst-enemy-2756358","Angerer was the first female goalkeeper to win the world player award, in 2013. Verified 2026-10-07.","2026-10-07"
"football_legends_v2_103","medium400","legend:adriano:copa04equaliser",,"من سجل التعادل المتأخر للبرازيل أمام الأرجنتين في نهائي كوبا أمريكا 2004؟","Who scored Brazil's late equaliser against Argentina in the 2004 Copa America final?","أدريانو","Adriano","CONMEBOL — Brazil in Peru 2004","https://copaamerica.com/en/news/brazil-regains-continental-supremacy-during-peru-2004","Adriano's late equaliser led to Brazil's final shoot-out win. Verified 2026-10-07.","2026-10-07"
"football_legends_v2_104","medium400","legend:francescoli:princenickname",,"أي أسطورة أوروغوايانية اشتهرت بلقب «الأمير»؟","Which Uruguayan legend was nicknamed the Prince?","إنزو فرانسيسكولي","Enzo Francescoli","CONMEBOL — South American legends","https://copaamerica.com/en/news/legends-history-copa-america","Enzo Francescoli was called the Prince; Pele scored eight in the Argentina 1959 tournament; Roque Santa Cruz scored a hat-trick against Colombia in 2007. Verified 2026-10-07.","2026-10-07"
"football_legends_v2_105","medium400","legend:kempes:goldenball1978",,"من نال جائزة الكرة الذهبية لأفضل لاعب في كأس العالم 1978؟","Who received the Golden Ball as the best player at the 1978 World Cup?","ماريو كيمبس","Mario Kempes","FIFA — Golden Ball winners","https://www.fifa.com/ar/tournaments/mens/worldcup/articles/golden-ball-winners-highlights-ar","Mario Kempes won the 1978 Golden Ball. Verified 2026-10-07.","2026-10-07"
"football_legends_v2_106","medium400","legend:ronaldo:uefacup98third",,"من سجل الهدف الثالث لإنتر أمام لاتسيو في نهائي كأس الاتحاد الأوروبي 1998؟","Who scored Inter's third goal against Lazio in the 1998 UEFA Cup final?","رونالدو نازاريو","Ronaldo Nazario","UEFA — Inter's 1998 final","https://www.uefa.com/uefaeuropaleague/news/025d-0f8032ad2ead-b02ef46421c6-1000--classics-1998-uefa-cup-final/","Zamorano opened, Zanetti hit the second from distance, Ronaldo rounded the keeper for the third against Lazio. Verified 2026-10-07.","2026-10-07"
"football_legends_v2_107","medium400","legend:hidegkuti:wembley53hat",,"من سجل هاتريك للمجر في فوزها الشهير 6–3 على إنجلترا بويمبلي عام 1953؟","Who scored a hat-trick for Hungary in their famous 6–3 win over England at Wembley in 1953?","ناندور هيديغكوتي","Nandor Hidegkuti","UEFA — Nandor Hidegkuti tribute","https://www.uefa.com/news-media/news/0182-0f843740d946-db3d74ac82d3-1000--magic-magyar-hidegkuti-dies/","Hidegkuti scored three at Wembley in 1953 and coached Fiorentina's 1961 Cup Winners' Cup champions. Verified 2026-10-07.","2026-10-07"
"football_legends_v2_108","medium400","legend:mortensen:facup53hattrick",,"من سجل هاتريك بلاكبول في نهائي كأس الاتحاد الإنجليزي 1953 المعروف باسم «نهائي ماثيوز»؟","Who scored Blackpool's hat-trick in the 1953 FA Cup final known as the Matthews Final?","ستان مورتنسن","Stan Mortensen","The FA — Matthews Cup special","https://www.thefa.com/news/2014/Jan/03/sir-stanley-matthews-interview-030114","Stan Mortensen scored the hat-trick in Blackpool's 1953 FA Cup final win. Verified 2026-10-07.","2026-10-07"
"football_legends_v2_109","medium400","legend:hrubesch:euro80brace",,"من سجل هدفي ألمانيا الغربية أمام بلجيكا في نهائي يورو 1980؟","Who scored both West Germany goals against Belgium in the EURO 1980 final?","هورست هروبيش","Horst Hrubesch","UEFA — Hrubesch, Germany's header monster","https://www.uefa.com/uefaeuro/history/news/0253-0d7bc8641399-9a5eed919451-1000--horst-hrubesch-germany-s-header-monster/","Hrubesch scored both German goals in the 1980 final. Verified 2026-10-07.","2026-10-07"
"football_legends_v2_110","medium400","legend:riva:euro68replayopener",,"من أسطورة كالياري الذي افتتح التسجيل لإيطاليا في إعادة نهائي يورو 1968؟","Which Cagliari legend opened the scoring for Italy in the EURO 1968 final replay?","لويجي ريفا","Luigi Riva","UEFA — Luigi Riva, 1968 hero","https://www.uefa.com/uefaeuro/history/news/0253-0d810d773f43-08705181da42-1000--euro-cult-heroes-luigi-riva-1968/","Luigi Riva scored the opening goal in the 1968 final replay. Verified 2026-10-07.","2026-10-07"
"football_legends_v2_111","medium400","legend:poborsky:portugal96chip",,"من صاحب الكرة الساقطة التي أقصت البرتغال أمام التشيك في يورو 1996؟","Who scored the lob that eliminated Portugal against the Czech Republic at EURO 1996?","كاريل بوبورسكي","Karel Poborsky","UEFA — Poborsky's lob","https://www.uefa.com/uefaeuro/history/news/0253-0d7b2faa23b3-b2ba125d28a1-1000--poborsky-lob-puts-czech-republic-into-uefaeuro96-semi-finals-as-po/","Karel Poborsky lobbed Vitor Baia in the 1996 quarter-final win over Portugal. Verified 2026-10-07.","2026-10-07"
"football_legends_v2_112","medium400","legend:platini:euro84hattrickopponents",,"أمام أي منتخبين سجل بلاتيني هاتريك متتالياً في يورو 1984؟","Against which two teams did Platini score consecutive hat-tricks at EURO 1984?","بلجيكا ويوغوسلافيا","Belgium and Yugoslavia","UEFA — Platini's perfect hat-tricks","https://www.uefa.com/uefaeuro/history/news/0254-0d7bc2add38e-d15a5b2546cb-1000--did-you-know-1984-6/","Platini scored consecutive perfect hat-tricks against Belgium and Yugoslavia in 1984. Verified 2026-10-07.","2026-10-07"
"football_legends_v2_113","medium400","legend:maniche:euro04semifinalcurler",,"من سجل هدف البرتغال الثاني بتسديدة ملتفة أمام هولندا في نصف نهائي يورو 2004؟","Who scored Portugal's second goal with a curling shot against the Netherlands in the EURO 2004 semi-final?","مانيش","Maniche","UEFA — Portugal's Netherlands record","https://www.uefa.com/uefaeuro/history/news/0254-0d7da5c53278-d51a23030829-1000--portugal-take-courage-from-dutch-record/","Ronaldo opened and Maniche scored the second in the 2004 semi-final against the Netherlands. Verified 2026-10-07.","2026-10-07"
"football_legends_v2_114","medium400","legend:suker:denmark96chip",,"من النجم الكرواتي الذي سجل كرة ساقطة فوق شمايكل في يورو 1996؟","Which Croatia star scored a chip over Schmeichel at EURO 1996?","دافور شوكر","Davor Suker","UEFA — Croatia's memorable moments","https://www.uefa.com/uefaeuro/history/news/0266-119775d2bb88-6a1726d960f8-1000--uefa-euro-2020-contenders-in-focus-croatia/","Davor Suker chipped Peter Schmeichel at EURO 1996. Verified 2026-10-07.","2026-10-07"
"football_legends_v2_115","medium400","legend:miura:santosdebut",,"مع أي نادٍ برازيلي بدأ الياباني كازويوشي ميورا مسيرته مع الفريق الأول عام 1986؟","With which Brazilian club did Japan's Kazuyoshi Miura make his senior debut in 1986?","سانتوس","Santos","FIFA — Kazu Miura, the indefatigable veteran","https://inside.fifa.com/news/kazu-miura-the-indefatigable-veteran-2868454","Miura made his senior debut at Santos in 1986 and represented Japan at the 2012 Futsal World Cup in Thailand. Verified 2026-10-07.","2026-10-07"
"football_legends_v2_116","medium400","legend:didi:deadleaf",,"أي نجم برازيلي كان رائداً في تنفيذ الركلة الحرة المعروفة باسم «الورقة الميتة»؟","Which Brazilian star pioneered the free-kick known as the dead leaf?","ديدي","Didi","FIFA — Brazil's prince and king of 1958","https://inside.fifa.com/en/tournaments/mens/worldcup/1958sweden/news/brazil-s-prince-and-king-of-58","Didi pioneered the dead-leaf free-kick, scored the Maracana's inaugural goal and coached Peru at Mexico 1970. Verified 2026-10-07.","2026-10-07"
"football_legends_v2_117","medium400","legend:klose:handballadmission",,"أي مهاجم ألماني اعترف للحكم بأنه سجل بيده للاتسيو أمام نابولي عام 2012؟","Which German striker told the referee he had scored with his hand for Lazio against Napoli in 2012?","ميروسلاف كلوزه","Miroslav Klose","DFB — Football A to Z","https://www.dfb.de/fileadmin/_dfbdam/61175-DFB_A-Z_UK_lowRes.pdf","Klose admitted a handball goal against Napoli for Lazio in 2012; DFB honoured his fair play. Verified 2026-10-07.","2026-10-07"
"football_legends_v2_118","medium400","legend:rai:socratesbrother",,"من شقيق سقراط الأصغر الذي لعب لباريس سان جيرمان ومنتخب البرازيل؟","Who is Socrates's younger brother who played for Paris Saint-Germain and Brazil?","راي","Rai","Paris Saint-Germain — Brazil at the Parc des Princes","https://en.psg.fr/teams/club/content/brazil-at-the-parc-des-princes-act-7-club-histoire-psg","Rai is Socrates's younger brother. Verified 2026-10-07.","2026-10-07"
"football_legends_v2_119","medium400","legend:kanu:heartcharity",,"أي نجم نيجيري أسس مؤسسة خيرية تساعد الأطفال المصابين بأمراض القلب على إجراء جراحات؟","Which Nigerian star founded a charity that helps children with heart disease obtain surgery?","نوانكو كانو","Nwankwo Kanu","UK Charity Commission — Kanu Nwankwo Heart Foundation","https://register-of-charities.charitycommission.gov.uk/en/charity-search/-/charity-details/3973928","Official register identifies Kanu Nwankwo Heart Foundation and its provision of heart operations for children. Founder attribution corroborated by https://www.kanuheartfoundationng.com/about-us/. Historical purpose only; no current totals used. Verified 2026-10-07.","2026-10-07"
"football_legends_v2_120","medium400","legend:batistuta:copa93brace",,"من سجل هدفي الأرجنتين في الفوز 2-1 على المكسيك بنهائي كوبا أمريكا 1993؟","Who scored both Argentina goals in the 2-1 win over Mexico in the 1993 Copa America final?","غابرييل باتيستوتا","Gabriel Batistuta","FIFA — Batistuta lived and breathed football","https://inside.fifa.com/en/news/batistuta-i-lived-and-breathed-football-2900564","Batigol is Gabriel Batistuta; he scored both Argentina goals in the 1993 Copa America final win over Mexico. Verified 2026-10-07.","2026-10-07"
"football_legends_v2_121","medium400","legend:riquelme:libertadores07awaybrace",,"من سجل هدفي بوكا جونيورز في إياب نهائي ليبرتادوريس 2007 أمام غريميو؟","Who scored both Boca Juniors goals in the away leg of the 2007 Libertadores final against Gremio?","خوان رومان ريكيلمي","Juan Roman Riquelme","CONMEBOL — Boca's history in Brazil","https://gol.conmebol.com/sudamericana/es/news/como-en-casa-boca-agiganta-su-leyenda-en-suelo-brasileno","Riquelme scored both goals in the away leg of the 2007 final; Barros Schelotto scored a hat-trick at Paysandu in 2003. Historical facts only. Verified 2026-10-07.","2026-10-07"
"football_legends_v2_122","medium400","legend:valderrama:firstmlsmvp",,"من النجم الكولومبي الذي فاز بأول جائزة لأفضل لاعب في الدوري الأمريكي MLS عام 1996؟","Which Colombian star won the first MLS Most Valuable Player award in 1996?","كارلوس فالديراما","Carlos Valderrama","MLS — Carlos Valderrama player profile","https://www.mlssoccer.com/players/carlos-valderrama/","Valderrama was the first MLS MVP in 1996 with Tampa Bay Mutiny. Only historical career facts used; malformed birth-date field excluded. Verified 2026-10-07.","2026-10-07"
"football_legends_v2_123","medium400","legend:tevez:athens04topscorer",,"من تصدّر هدافي كرة القدم للرجال في أولمبياد أثينا 2004 بثمانية أهداف؟","Who topped the men's football scoring chart at Athens 2004 with eight goals?","كارلوس تيفيز","Carlos Tevez","FIFA — Argentinian flame burns brightest","https://inside.fifa.com/tournaments/mens/mensolympic/athens2004/news/argentinian-flame-burns-brightest-94055","Carlos Tevez was the 2004 men's Olympic tournament top scorer with eight goals. Verified 2026-10-07.","2026-10-07"
"football_legends_v2_124","medium400","legend:peralta:london12brace",,"من سجل هدفي المكسيك أمام البرازيل في نهائي كرة القدم للرجال بأولمبياد لندن 2012؟","Who scored both Mexico goals against Brazil in the London 2012 men's football final?","أوريبي بيرالتا","Oribe Peralta","FIFA — Oribe Peralta interview","https://www.fifa.com/en/articles/oribe-peralta-mexico-olympics-club-world-cup","Peralta scored both Mexico goals against Brazil in the 2012 men's Olympic final. Verified 2026-10-07.","2026-10-07"
"football_legends_v2_125","medium400","legend:ceni:hundredgoals",,"أي حارس لساو باولو سجل هدفه الشخصي رقم 100 في مارس 2011؟","Which Sao Paulo goalkeeper scored his 100th career goal in March 2011?","روجيريو سيني","Rogerio Ceni","Sao Paulo FC — Ceni's hundredth goal","https://www.saopaulofc.net/o-centesimo-gol-de-rogerio-ceni/","Goalkeeper Ceni scored his hundredth career goal against Corinthians on 27 March 2011. Verified 2026-10-07.","2026-10-07"
"football_legends_v2_126","medium400","legend:maradona:firstproclub",,"مع أي نادٍ أرجنتيني خاض دييغو مارادونا أول مباراة احترافية وهو في الخامسة عشرة؟","With which Argentine club did Diego Maradona make his professional debut at fifteen?","أرجنتينوس جونيورز","Argentinos Juniors","FIFA — 2020 obituaries","https://publications.fifa.com/en/annual-report-2020/obituaries-20/","Maradona made his professional debut at Argentinos Juniors aged fifteen. Verified 2026-10-07.","2026-10-07"
"football_legends_v2_127","medium400","legend:zidane:debutopponent",,"أمام أي منتخب خاض زين الدين زيدان أول مباراة له مع فرنسا في أغسطس 1994؟","Against which team did Zinedine Zidane make his France debut in August 1994?","جمهورية التشيك","Czech Republic","FFF — Zinedine Zidane international profile","https://www.fff.fr/equipe-nationale/joueur/9772-zidane-zinedine/fiche.html","Zidane's first France cap was against the Czech Republic on 17 August 1994. Verified 2026-10-07; outdated World Cup final-scoring comparison excluded.","2026-10-07"
"football_legends_v2_128","medium400","legend:rapinoe:2019doubleaward",,"من فازت بالكرة الذهبية والحذاء الذهبي في كأس العالم للسيدات 2019؟","Who won both the Golden Ball and Golden Boot at the 2019 Women's World Cup?","ميغان رابينو","Megan Rapinoe","FIFA — Rapinoe in the words of others","https://inside.fifa.com/en/news/rapinoe-in-the-words-of-others","Rapinoe won the Golden Ball and Golden Boot at France 2019. Verified 2026-10-07.","2026-10-07"
"football_legends_v2_129","medium400","legend:akers:firstwomensboot",,"من تصدرت هدافات أول كأس عالم للسيدات عام 1991 بعشرة أهداف؟","Who led the scoring at the inaugural Women's World Cup in 1991 with ten goals?","ميشيل إيكرز","Michelle Akers","FIFA — Michelle Akers profile","https://inside.fifa.com/tournaments/womens/womensworldcup/france2019/news/michelle-akers-usa-2908118","Akers led the inaugural Women's World Cup scoring in 1991 with ten goals. Verified 2026-10-07.","2026-10-07"
"football_legends_v2_130","medium400","legend:puskas:greekcoach71",,"أي أسطورة مجرية درّبت باناثينايكوس وقادته إلى نهائي كأس أوروبا عام 1971؟","Which Hungarian legend coached Panathinaikos to the 1971 European Cup final?","فيرينتس بوشكاش","Ferenc Puskas","UEFA — Panathinaikos class of 1971","https://www.uefa.com/news-media/news/0253-0d7f4de51f55-1ef0afc69e52-1000--panathinaikos-class-of-71-get-their-due/","Puskas coached Panathinaikos to the 1971 European Cup final. Verified 2026-10-07.","2026-10-07"
"football_legends_v2_131","medium400","legend:baggio:buddhism",,"ما الديانة التي اعتنقها روبرتو باجيو، المعروف بتأمله الصامت قبل المباريات؟","Which religion did Roberto Baggio adopt, becoming known for quiet meditation before matches?","البوذية","Buddhism","FIFA — Roberto Baggio profile","https://inside.fifa.com/de/news/italiens-gottliche-grazie","Baggio debuted for Italy against the Netherlands in November 1988, began his senior career at Lanerossi Vicenza in 1982, and adopted Buddhism during an injury layoff. Verified 2026-10-07; unrelated inaccurate dates in this profile are excluded.","2026-10-07"
"football_legends_v2_132","medium400","legend:okocha:doublename",,"أي صانع ألعاب نيجيري وصفته عبارة المشجعين بأنه «جيد لدرجة أنهم سمّوه مرتين»؟","Which Nigerian playmaker inspired the fans' phrase that he was so good they named him twice?","جاي جاي أوكوتشا","Jay-Jay Okocha","FIFA — Okocha against Italy at USA 1994","https://www.fifa.com/en/news/articles/jay-jay-okocha-usa-1994-nigeria-italy","FIFA records the fans' phrase about Okocha being so good they named him twice. Verified 2026-10-07.","2026-10-07"
"football_legends_v2_133","medium400","legend:nakata:retirementage",,"كم كان عمر هيديتوشي ناكاتا حين اعتزل كرة القدم بعد مونديال 2006؟","How old was Hidetoshi Nakata when he retired from football after the 2006 World Cup?","29 عاماً","29","LALIGA — World Cup Legends Hidetoshi Nakata","https://www.laliga.com/en-GB/news/world-cup-legends-hidetoshi-nakata","Nakata retired aged twenty-nine following the 2006 World Cup. Verified 2026-10-07.","2026-10-07"
"football_legends_v2_134","medium400","legend:lloyd:london12brace",,"من سجلت هدفي الولايات المتحدة أمام اليابان في نهائي كرة القدم للسيدات بأولمبياد لندن 2012؟","Who scored both United States goals against Japan in the London 2012 women's Olympic football final?","كارلي لويد","Carli Lloyd","FIFA — Lloyd: One of the best moments ever","https://inside.fifa.com/news/lloyd-one-of-the-best-moments-ever-2755187","Lloyd scored a brace against Japan in the USA's 2-1 London 2012 Olympic final victory. Verified 2026-10-07.","2026-10-07"
"football_legends_v2_135","medium400","legend:mascherano:doubleolympic",,"أي لاعب وسط أرجنتيني فاز بذهبية كرة القدم في أثينا 2004 ثم كرر الإنجاز في بكين 2008؟","Which Argentine midfielder won football gold at Athens 2004 and repeated the achievement at Beijing 2008?","خافيير ماسكيرانو","Javier Mascherano","FIFA — Argentina Paris 2024 team profile","https://www.fifa.com/en/tournaments/olympicgames/paris2024/mens/articles/argentina-team-profile-olympics","Mascherano won Olympic football gold at Athens 2004 and Beijing 2008. Verified 2026-10-07.","2026-10-07"
"football_legends_v2_136","medium400","legend:juliocesar:confed13glove",,"من حارس البرازيل الذي نال القفاز الذهبي في كأس القارات 2013؟","Which Brazil goalkeeper received the Golden Glove at the 2013 Confederations Cup?","جوليو سيزار","Julio Cesar","FIFA photography via Getty — 2013 Confederations Cup final","https://www.gettyimages.no/detail/news-photo/julio-cesar-of-brazil-celebrates-with-the-adidas-golden-news-photo/172508268","FIFA photographer Friedemann Vogel's caption identifies Julio Cesar with the Golden Glove after the final on 30 June 2013. Verified 2026-10-07.","2026-10-07"
"football_legends_v2_137","hard600","legend:yashin:othersport",,"في أي رياضة أخرى لعب ليف ياشين حارساً مع دينامو موسكو؟","In which other sport did Lev Yashin play as a goalkeeper for Dynamo Moscow?","هوكي الجليد","Ice hockey","FIFA — Tribute to Lev Yashin","https://www.fifa.com/es/tournaments/mens/worldcup/articles/lev-yashin-union-sovietica-portero","Yashin kept goal for Dynamo Moscow's football and ice hockey teams early in his career. Verified 2026-10-07.","2026-10-07"
"football_legends_v2_138","hard600","legend:panenka:euro76keeper",,"من الحارس الذي تجاوزه بانينكا بركلته الساقطة الحاسمة في نهائي يورو 1976؟","Which goalkeeper did Panenka beat with his decisive chipped penalty in the EURO 1976 final?","سيب ماير","Sepp Maier","UEFA — Panenka makes his name in the 1976 final","https://www.uefa.com/uefaeuro/history/news/0253-0d7b2fd33353-cdc961ca4218-1000--panenka-makes-his-name-as-czechoslovakia-beat-west-german/","Antonin Panenka chipped the decisive penalty past Sepp Maier after Uli Hoeness missed West Germany's fourth attempt. Verified 2026-10-07.","2026-10-07"
"football_legends_v2_139","hard600","legend:higuita:scorpionshooter",,"من اللاعب الإنجليزي الذي أبعد هيغيتا كرته بتصدّي «العقرب» عام 1995؟","Which England player's cross-shot did Higuita stop with his scorpion save in 1995?","جيمي ريدناب","Jamie Redknapp","FIFA — Skrabb's scorpion kick","https://inside.fifa.com/en/news/skrabb-s-scorpion-kick-finds-the-top-corner-2856735-x7355","Rene Higuita saved Jamie Redknapp's cross-shot with a scorpion kick against England at Wembley in September 1995. Verified 2026-10-07.","2026-10-07"
"football_legends_v2_140","hard600","legend:hamm:fifa100otherwoman",,"من اللاعبة التي رافقت ميا هام بوصفهما المرأتين الوحيدتين في قائمة «فيفا 100» عام 2004؟","Which player joined Mia Hamm as the only two women in the 2004 FIFA 100 list?","ميشيل إيكرز","Michelle Akers","FIFA — Mia Hamm","https://inside.fifa.com/en/news/mia-hamm-usa-2908130","Mia Hamm won the inaugural FIFA women's player award in 2001 and again in 2002; she and Michelle Akers were the two women in Pele's FIFA100. Verified 2026-10-07.","2026-10-07"
"football_legends_v2_141","hard600","legend:eusebio:firstclub",,"ما النادي الموزمبيقي الذي بدأ فيه أوزيبيو مسيرته قبل الانتقال إلى بنفيكا؟","At which Mozambican club did Eusebio begin his career before joining Benfica?","سبورتينغ لورينسو ماركيش","Sporting Lourenco Marques","FIFA — Eusebio the Black Panther","https://inside.fifa.com/fr/news/panthere-noire-montre-route-portugal-2926976","Eusebio was nicknamed the Black Panther and began his career at Sporting Club Lourenco Marques in Mozambique. Verified 2026-10-07.","2026-10-07"
"football_legends_v2_142","hard600","legend:pires:euro00assist",,"من مرر الكرة التي سجل منها تريزيغيه الهدف الذهبي في نهائي يورو 2000؟","Who supplied the pass for Trezeguet's golden goal in the EURO 2000 final?","روبير بيريس","Robert Pires","UEFA — Trezeguet's golden goal","https://www.uefa.com/uefaeuro/history/news/0253-0d7b3013529f-3e15ce8dc46b-1000--trezeguet-s-golden-goal-sinks-italy-as-france-make-history-a/","David Trezeguet scored the golden goal after Sylvain Wiltord's late equaliser. Marco Delvecchio had put Italy ahead; Robert Pires supplied the winner. Verified 2026-10-07.","2026-10-07"
"football_legends_v2_143","hard600","legend:delvecchio:euro00opener",,"من وضع إيطاليا في المقدمة قبل العودة الفرنسية في نهائي يورو 2000؟","Who put Italy ahead before France's comeback in the EURO 2000 final?","ماركو ديلفيكيو","Marco Delvecchio","UEFA — Trezeguet's golden goal","https://www.uefa.com/uefaeuro/history/news/0253-0d7b3013529f-3e15ce8dc46b-1000--trezeguet-s-golden-goal-sinks-italy-as-france-make-history-a/","David Trezeguet scored the golden goal after Sylvain Wiltord's late equaliser. Marco Delvecchio had put Italy ahead; Robert Pires supplied the winner. Verified 2026-10-07.","2026-10-07"
"football_legends_v2_144","hard600","legend:muhren:euro88assist",,"من أرسل العرضية التي حولها فان باستن إلى تسديدته الطائرة الشهيرة في نهائي يورو 1988؟","Who crossed the ball for Van Basten's famous volley in the EURO 1988 final?","أرنولد مورين","Arnold Muhren","UEFA — Van Basten's volley crowns the Netherlands","https://www.uefa.com/uefaeuro/history/news/0253-0d7b2f78ca99-40f24ef873fd-1000--van-basten-volley-crowns-netherlands-euro-1988-final-win-ag/","Ruud Gullit headed the opening goal; Arnold Muhren crossed for Van Basten's volley; Hans van Breukelen saved Igor Belanov's penalty. Verified 2026-10-07.","2026-10-07"
"football_legends_v2_145","hard600","legend:belanov:euro88miss",,"من النجم السوفييتي الذي صد فان بروكيلين ركلة جزائه في نهائي يورو 1988؟","Which Soviet star had his penalty saved by Van Breukelen in the EURO 1988 final?","إيغور بيلانوف","Igor Belanov","UEFA — Van Basten's volley crowns the Netherlands","https://www.uefa.com/uefaeuro/history/news/0253-0d7b2f78ca99-40f24ef873fd-1000--van-basten-volley-crowns-netherlands-euro-1988-final-win-ag/","Ruud Gullit headed the opening goal; Arnold Muhren crossed for Van Basten's volley; Hans van Breukelen saved Igor Belanov's penalty. Verified 2026-10-07.","2026-10-07"
"football_legends_v2_146","hard600","legend:basinas:euro04assist",,"من نفذ الركنية التي سجل منها خاريستياس هدف نهائي يورو 2004؟","Who took the corner from which Charisteas scored in the EURO 2004 final?","أنغيلوس باسيناس","Angelos Basinas","UEFA — Greece crowned kings of Europe","https://www.uefa.com/uefaeuro/history/news/0254-0d7b673abd33-d04e3bb2cd62-1000/","Angelos Charisteas headed the 2004 final winner from Angelos Basinas's corner. Verified 2026-10-07.","2026-10-07"
"football_legends_v2_147","hard600","legend:berger:euro96opener",,"من سجل ركلة الجزاء التي تقدمت بها التشيك في نهائي يورو 1996؟","Who scored the penalty that put the Czech Republic ahead in the EURO 1996 final?","باتريك بيرغر","Patrik Berger","UEFA — Bierhoff the final hero","https://www.uefa.com/uefaeuro/history/news/0253-0d7b2f43dce4-36bc8c73471c-1000--bierhoff-the-hero-of-germany-s-euro-96-final-win-against-czech-/","Oliver Bierhoff scored Germany's equaliser and golden goal in the 1996 final. Patrik Berger opened from the spot; Jurgen Klinsmann captained Germany. Verified 2026-10-07.","2026-10-07"
"football_legends_v2_148","hard600","legend:ziege:euro96assist",,"من نفذ الركلة الحرة التي صنع بها هدف تعادل بيرهوف في نهائي يورو 1996؟","Who took the free-kick that supplied Bierhoff's equaliser in the EURO 1996 final?","كريستيان تسيغه","Christian Ziege","UEFA — Bierhoff the final hero","https://www.uefa.com/uefaeuro/history/news/0253-0d7b2f43dce4-36bc8c73471c-1000--bierhoff-the-hero-of-germany-s-euro-96-final-win-against-czech-/","Oliver Bierhoff scored Germany's equaliser and golden goal in the 1996 final. Patrik Berger opened from the spot; Jurgen Klinsmann captained Germany. Verified 2026-10-07.","2026-10-07"
"football_legends_v2_149","hard600","legend:mulamba:afcon74nine",,"من سجل تسعة أهداف لزائير في كأس أمم أفريقيا 1974؟","Who scored nine goals for Zaire at AFCON 1974?","بيير نداي مولامبا","Pierre Ndaye Mulamba","CAF — Mulamba and Pokou's records","https://www.cafonline.com/afcon2025/news/afcon-records-mulamba-s-famous-nine-five-star-pokou/","Laurent Pokou scored five against Ethiopia in 1970; Pierre Ndaye Mulamba scored nine for Zaire in the 1974 tournament. Verified 2026-10-07.","2026-10-07"
"football_legends_v2_150","hard600","legend:karimi:challenge2003opponent",,"أمام أي منتخب سجل علي كريمي هدفين في فوز إيران 3–0 بكأس التحدي الآسيوي الأوقيانوسي 2003؟","Against which team did Ali Karimi score twice in Iran's 3–0 win in the 2003 AFC/OFC Challenge Cup?","نيوزيلندا","New Zealand","AFC — Ali Karimi, a true Asian Icon","https://www.the-afc.com/en/more/news/afc_60th_anniversary_ali_karimi_a_true_asian_icon.html","Ali Karimi was nicknamed Asian Maradona; scored twice against New Zealand in the 2003 AFC/OFC Challenge Cup 3-0 victory. Verified 2026-10-07.","2026-10-07"
"football_legends_v2_151","hard600","legend:miyamoto:asian04captain",,"من قاد منتخب اليابان إلى لقب كأس آسيا 2004؟","Who captained Japan to the 2004 Asian Cup title?","تسونياسو مياموتو","Tsuneyasu Miyamoto","AFC — Japan 2004 flashback","https://www.the-afc.com/en/national/afc_asian_cup/news/flashback_japan_2004.html","Tsuneyasu Miyamoto captained Japan's 2004 champions. Verified 2026-10-07.","2026-10-07"
"football_legends_v2_152","hard600","legend:baggio:italydebutopponent",,"أمام أي منتخب خاض روبرتو باجيو مباراته الأولى مع إيطاليا في نوفمبر 1988؟","Against which team did Roberto Baggio make his Italy debut in November 1988?","هولندا","Netherlands","FIFA — Roberto Baggio profile","https://inside.fifa.com/de/news/italiens-gottliche-grazie","Baggio debuted for Italy against the Netherlands in November 1988, began his senior career at Lanerossi Vicenza in 1982, and adopted Buddhism during an injury layoff. Verified 2026-10-07; unrelated inaccurate dates in this profile are excluded.","2026-10-07"
"football_legends_v2_153","hard600","legend:garrincha:realname",,"ما الاسم الحقيقي للنجم البرازيلي غارينشا؟","What was Brazilian star Garrincha's real name?","مانويل فرانسيسكو دوس سانتوس","Manuel Francisco dos Santos","FIFA — A tribute to Pele","https://www.fifa.com/en/fr/mens/worldcup/articles/a-tribute-to-pele-brazil-santos-new-york-cosmos-legend-fifa-world-cup","Pele's name was Edson Arantes do Nascimento; Garrincha's was Manuel Francisco dos Santos. Verified 2026-10-07.","2026-10-07"
"football_legends_v2_154","hard600","legend:romario:qatarclub",,"أي نادٍ قطري مثّله روماريو خلال مسيرته؟","Which Qatari club did Romario represent during his career?","السد","Al Sadd","FIFA — Romario's club list","https://www.fifa.com/pt/tournaments/mens/worldcup/canadamexicousa2026/articles/video-todos-gols-romario-na-copa-do-mundo","Romario represented Al Sadd in Qatar and Adelaide United in Australia. Verified 2026-10-07.","2026-10-07"
"football_legends_v2_155","hard600","legend:lilly:career354",,"من اللاعبة الأمريكية التي أنهت مسيرتها الدولية برصيد 354 مباراة؟","Which American player finished her international career with 354 appearances?","كريستين ليلي","Kristine Lilly","U.S. Soccer — Kristine Lilly podcast","https://www.ussoccer.com/stories/2026/03/podcast-how-many-caps-does-uswnt-kristine-lilly-have-netflix-99ers-movie-1999-world-cup","Kristine Lilly amassed 354 international caps and scored 130 goals. Verified 2026-10-07.","2026-10-07"
"football_legends_v2_156","hard600","legend:lilly:1999clearance",,"من أنقذت الولايات المتحدة بإبعاد الكرة برأسها من خط المرمى في الوقت الإضافي لنهائي كأس العالم للسيدات 1999؟","Who saved the USA with a headed goal-line clearance in extra time of the 1999 Women's World Cup final?","كريستين ليلي","Kristine Lilly","U.S. Soccer — World champions and game changers","https://www.ussoccer.com/stories/2024/07/world-champions-and-game-changers","Kristine Lilly's headed goal-line clearance in the 1999 final saved the USA. Verified 2026-10-07.","2026-10-07"
"football_legends_v2_157","hard600","legend:pele:copa1959goals",,"كم هدفاً سجل بيليه ليكون هداف بطولة أمريكا الجنوبية 1959 في الأرجنتين؟","How many goals did Pele score to top the scoring at the 1959 South American Championship in Argentina?","8 أهداف","8 goals","CONMEBOL — South American legends","https://copaamerica.com/en/news/legends-history-copa-america","Enzo Francescoli was called the Prince; Pele scored eight in the Argentina 1959 tournament; Roque Santa Cruz scored a hat-trick against Colombia in 2007. Verified 2026-10-07.","2026-10-07"
"football_legends_v2_158","hard600","legend:santacruz:copa2007hattrickopponent",,"أمام أي منتخب سجل روكي سانتا كروز هاتريك في كوبا أمريكا 2007؟","Against which team did Roque Santa Cruz score a hat-trick at the 2007 Copa America?","كولومبيا","Colombia","CONMEBOL — South American legends","https://copaamerica.com/en/news/legends-history-copa-america","Enzo Francescoli was called the Prince; Pele scored eight in the Argentina 1959 tournament; Roque Santa Cruz scored a hat-trick against Colombia in 2007. Verified 2026-10-07.","2026-10-07"
"football_legends_v2_159","hard600","legend:zanetti:uefacup98second",,"من سجل تسديدة إنتر الثانية من خارج المنطقة في نهائي كأس الاتحاد الأوروبي 1998؟","Who scored Inter's second goal with a shot from outside the box in the 1998 UEFA Cup final?","خافيير زانيتي","Javier Zanetti","UEFA — Inter's 1998 final","https://www.uefa.com/uefaeuropaleague/news/025d-0f8032ad2ead-b02ef46421c6-1000--classics-1998-uefa-cup-final/","Zamorano opened, Zanetti hit the second from distance, Ronaldo rounded the keeper for the third against Lazio. Verified 2026-10-07.","2026-10-07"
"football_legends_v2_160","hard600","legend:careca:uefacup89firstlegwinner",,"من سجل هدف فوز نابولي 2–1 في ذهاب نهائي كأس الاتحاد الأوروبي 1989 أمام شتوتغارت؟","Who scored Napoli's winner in the 2–1 first-leg victory over Stuttgart in the 1989 UEFA Cup final?","كاريكا","Careca","UEFA — Maradona leads Napoli","https://www.uefa.com/uefaeuropaleague/news/00ea-0e6a0cc871e7-6a9bd3c50681-1000--1988-89-maradona-leads-the-way-for-napoli/","Maradona equalised and Careca scored the first-leg winner against Stuttgart in 1989. Verified 2026-10-07.","2026-10-07"
"football_legends_v2_161","hard600","legend:hidegkuti:fiorentinacoach61",,"أي نجم سابق للمجر درّب فيورنتينا وقاده للفوز بكأس الكؤوس الأوروبية 1961؟","Which former Hungary star coached Fiorentina to the 1961 European Cup Winners' Cup title?","ناندور هيديغكوتي","Nandor Hidegkuti","UEFA — Nandor Hidegkuti tribute","https://www.uefa.com/news-media/news/0182-0f843740d946-db3d74ac82d3-1000--magic-magyar-hidegkuti-dies/","Hidegkuti scored three at Wembley in 1953 and coached Fiorentina's 1961 Cup Winners' Cup champions. Verified 2026-10-07.","2026-10-07"
"football_legends_v2_162","hard600","legend:marcelino:euro64winner",,"من صاحب رأسية الفوز لإسبانيا أمام الاتحاد السوفييتي في نهائي يورو 1964؟","Who headed Spain's winner against the Soviet Union in the EURO 1964 final?","مارسيلينو مارتينيز","Marcelino Martinez","UEFA — Marcelino wins the 1964 final","https://www.uefa.com/uefaeuro/history/news/0253-0d7b2fe55184-528b8a894544-1000--marcelino-header-wins-euro-1964-for-spain/","Marcelino headed the winner from Jesus Maria Pereda's cross. Verified 2026-10-07.","2026-10-07"
"football_legends_v2_163","hard600","legend:anastasi:euro68second",,"من سجل الهدف الثاني لإيطاليا بتسديدة طائرة في إعادة نهائي يورو 1968؟","Who scored Italy's second goal with a volley in the EURO 1968 final replay?","بيترو أناستازي","Pietro Anastasi","UEFA — Italy's replay triumph","https://www.uefa.com/uefaeuro/history/news/0253-0d7bd1acf91a-9eeb61ade2f6-1000--riva-return-inspires-italy-triumph-in-1968/","Pietro Anastasi volleyed Italy's second goal from De Sisti's pass. Verified 2026-10-07.","2026-10-07"
"football_legends_v2_164","hard600","legend:metreveli:euro60equaliser",,"من سجل هدف تعادل الاتحاد السوفييتي أمام يوغوسلافيا في نهائي يورو 1960؟","Who equalised for the Soviet Union against Yugoslavia in the EURO 1960 final?","سلافا ميتريفيلي","Slava Metreveli","UEFA — EURO 1960 history","https://www.uefa.com/uefaeuro/history/news/025a-0eb0ecf360cc-a9532565e049-1000--euro-1960-all-you-need-to-know/","Slava Metreveli equalised and Viktor Ponedelnik headed the extra-time winner in the final. Verified 2026-10-07.","2026-10-07"
"football_legends_v2_165","hard600","legend:ponedelnik:euro60winner",,"من سجل رأسية الفوز في الوقت الإضافي لنهائي بطولة أوروبا الأولى عام 1960؟","Who headed the extra-time winner in the first European Championship final in 1960?","فيكتور بونيديلنيك","Viktor Ponedelnik","UEFA — EURO 1960 history","https://www.uefa.com/uefaeuro/history/news/025a-0eb0ecf360cc-a9532565e049-1000--euro-1960-all-you-need-to-know/","Slava Metreveli equalised and Viktor Ponedelnik headed the extra-time winner in the final. Verified 2026-10-07.","2026-10-07"
"football_legends_v2_166","hard600","legend:pereda:euro64provider",,"من أرسل عرضية هدف مارسيلينو الحاسم في نهائي يورو 1964؟","Who crossed for Marcelino's decisive goal in the EURO 1964 final?","خيسوس ماريا بيريدا","Jesus Maria Pereda","UEFA — Marcelino wins the 1964 final","https://www.uefa.com/uefaeuro/history/news/0253-0d7b2fe55184-528b8a894544-1000--marcelino-header-wins-euro-1964-for-spain/","Marcelino headed the winner from Jesus Maria Pereda's cross. Verified 2026-10-07.","2026-10-07"
"football_legends_v2_167","hard600","legend:hendry:gascoigne96defender",,"من المدافع الاسكتلندي الذي رفع غاسكوين الكرة فوقه قبل هدفه في يورو 1996؟","Which Scotland defender did Gascoigne flick the ball over before his EURO 1996 goal?","كولين هندري","Colin Hendry","UEFA — How brilliant was Gascoigne","https://www.uefa.com/uefaeuro/history/news/025c-0f231efb7884-0e610379e448-1000--euro-96-spotlight-how-brilliant-was-england-s-paul-gascoigne/","Gascoigne flicked over Colin Hendry before scoring against Scotland in 1996. Verified 2026-10-07.","2026-10-07"
"football_legends_v2_168","hard600","legend:baia:poborsky96keeper",,"من الحارس الذي تجاوزه بوبورسكي بكرته الساقطة الشهيرة في يورو 1996؟","Which goalkeeper did Poborsky beat with his famous lob at EURO 1996?","فيتور بايا","Vitor Baia","UEFA — Poborsky's lob","https://www.uefa.com/uefaeuro/history/news/0253-0d7b2faa23b3-b2ba125d28a1-1000--poborsky-lob-puts-czech-republic-into-uefaeuro96-semi-finals-as-po/","Karel Poborsky lobbed Vitor Baia in the 1996 quarter-final win over Portugal. Verified 2026-10-07.","2026-10-07"
"football_legends_v2_169","hard600","legend:cruyff:sixgoals70",,"أمام أي نادٍ سجل يوهان كرويف ستة أهداف في فوز أياكس 8–1 في نوفمبر 1970؟","Against which club did Johan Cruyff score six goals in Ajax's 8–1 win in November 1970?","ألكمار (AZ '67)","AZ '67","Ajax — Cruyff's last Ajax appearance retrospective","https://www.ajax.nl/artikelen/on-this-day-cruijff-schittert-voor-laatste-keer-in-amsterdamse-dienst","Cruyff scored six against AZ 67 in Ajax's 8-1 win on 29 November 1970. Verified 2026-10-07.","2026-10-07"
"football_legends_v2_170","hard600","legend:miura:futsal2012",,"في أي نسخة من كأس العالم لكرة الصالات مثّل كازويوشي ميورا اليابان؟","At which edition of the Futsal World Cup did Kazuyoshi Miura represent Japan?","تايلاند 2012","Thailand 2012","FIFA — Kazu Miura, the indefatigable veteran","https://inside.fifa.com/news/kazu-miura-the-indefatigable-veteran-2868454","Miura made his senior debut at Santos in 1986 and represented Japan at the 2012 Futsal World Cup in Thailand. Verified 2026-10-07.","2026-10-07"
"football_legends_v2_171","hard600","legend:didi:perucoach1970",,"أي منتخب درّبه النجم البرازيلي ديدي وبلغ معه ربع نهائي مونديال 1970؟","Which national team did Brazilian legend Didi coach to the 1970 World Cup quarter-finals?","بيرو","Peru","FIFA — Brazil's prince and king of 1958","https://inside.fifa.com/en/tournaments/mens/worldcup/1958sweden/news/brazil-s-prince-and-king-of-58","Didi pioneered the dead-leaf free-kick, scored the Maracana's inaugural goal and coached Peru at Mexico 1970. Verified 2026-10-07.","2026-10-07"
"football_legends_v2_172","hard600","legend:didi:firstmaracanagoal",,"من سجل أول هدف في المباراة الافتتاحية لملعب ماراكانا عام 1950؟","Who scored the first goal in the Maracana stadium's inaugural match in 1950?","ديدي","Didi","FIFA — Brazil's prince and king of 1958","https://inside.fifa.com/en/tournaments/mens/worldcup/1958sweden/news/brazil-s-prince-and-king-of-58","Didi pioneered the dead-leaf free-kick, scored the Maracana's inaugural goal and coached Peru at Mexico 1970. Verified 2026-10-07.","2026-10-07"
"football_legends_v2_173","hard600","legend:dindane:sudan2005brace",,"من سجل ثنائية كوت ديفوار في الفوز 3-1 على السودان الذي حسم تأهلها لأول مونديال في أكتوبر 2005؟","Who scored twice for Cote d'Ivoire in the 3-1 win over Sudan that secured its first World Cup qualification in October 2005?","أرونا ديندان","Aruna Dindane","FIFA — Drogba's international memories","https://inside.fifa.com/fr/news/drogba-les-memoires-d-un-elephant-2418312","Drogba appealed for peace after qualification on 8 October 2005 in Omdurman; Aruna Dindane scored twice in the 3-1 win. Verified 2026-10-07.","2026-10-07"
"football_legends_v2_174","hard600","legend:juninho:river98freekick",,"أمام أي نادٍ أرجنتيني سجل جونينيو بيرنامبوكانو ركلته الحرة الشهيرة التي قادت فاسكو لنهائي ليبرتادوريس 1998؟","Against which Argentine club did Juninho Pernambucano score the famous free-kick that took Vasco to the 1998 Libertadores final?","ريفر بليت","River Plate","CONMEBOL — Vasco's continental history","https://gol.conmebol.com/sudamericana/en/news/vasco-da-gama-seeks-reconquer-continent-conmebol-sudamericana","Juninho Pernambucano's free-kick against River in 1998 secured a final place; Romario scored a hat-trick in the 4-3 Mercosur decider against Palmeiras in 2000. Historical facts only. Verified 2026-10-07.","2026-10-07"
"football_legends_v2_175","hard600","legend:romario:mercosur2000hattrick",,"من سجل هاتريك لفاسكو في العودة من تأخر 3-0 إلى فوز 4-3 على بالميراس بحسم كأس ميركوسور 2000؟","Who scored a hat-trick for Vasco in the comeback from 3-0 down to a 4-3 win over Palmeiras in the 2000 Mercosur Cup decider?","روماريو","Romario","CONMEBOL — Vasco's continental history","https://gol.conmebol.com/sudamericana/en/news/vasco-da-gama-seeks-reconquer-continent-conmebol-sudamericana","Juninho Pernambucano's free-kick against River in 1998 secured a final place; Romario scored a hat-trick in the 4-3 Mercosur decider against Palmeiras in 2000. Historical facts only. Verified 2026-10-07.","2026-10-07"
"football_legends_v2_176","hard600","legend:zico:japaneseclub",,"أي نادٍ ياباني ساعد زيكو في بناء هويته لاعباً ومستشاراً خلال انطلاقة الدوري الاحترافي؟","Which Japanese club did Zico help shape as a player and adviser when the professional league began?","كاشيما أنتلرز","Kashima Antlers","FIFA — Zico reflects on Japan","https://www.fifa.com/en/articles/world-cup-qatar-japan-zico-antlers-proud-en","Zico led Japan to the 2006 World Cup as coach and helped establish Kashima Antlers as player and adviser. Verified 2026-10-07.","2026-10-07"
"football_legends_v2_177","hard600","legend:schelotto:paysandu03hat",,"من سجل هاتريك لبوكا في الفوز 4-2 على بايساندو بإياب دور الـ16 من ليبرتادوريس 2003؟","Who scored a hat-trick for Boca in the 4-2 away win over Paysandu in the 2003 Libertadores round of 16?","غييرمو باروس سكيلوتو","Guillermo Barros Schelotto","CONMEBOL — Boca's history in Brazil","https://gol.conmebol.com/sudamericana/es/news/como-en-casa-boca-agiganta-su-leyenda-en-suelo-brasileno","Riquelme scored both goals in the away leg of the 2007 final; Barros Schelotto scored a hat-trick at Paysandu in 2003. Historical facts only. Verified 2026-10-07.","2026-10-07"
"football_legends_v2_178","hard600","legend:amunike:olympic96winner",,"من سجل هدف نيجيريا الحاسم في الدقيقة الأخيرة أمام الأرجنتين بنهائي أولمبياد 1996؟","Who scored Nigeria's last-minute winner against Argentina in the 1996 Olympic final?","إيمانويل أمونيكي","Emmanuel Amunike","FIFA — Nigeria's Atlanta gold","https://www.fifa.com/en/tournaments/olympicgames/paris2024/articles/nigeria-triumph-atlanta-1996","Amokachi equalised in the 74th minute and Amunike scored the last-minute winner in the final against Argentina. Verified 2026-10-07.","2026-10-07"
"football_legends_v2_179","hard600","legend:amokachi:olympic96equaliser",,"من أعاد نيجيريا إلى التعادل 2-2 في الدقيقة 74 من نهائي أولمبياد 1996؟","Who brought Nigeria level at 2-2 in the 74th minute of the 1996 Olympic final?","دانيال أموكاشي","Daniel Amokachi","FIFA — Nigeria's Atlanta gold","https://www.fifa.com/en/tournaments/olympicgames/paris2024/articles/nigeria-triumph-atlanta-1996","Amokachi equalised in the 74th minute and Amunike scored the last-minute winner in the final against Argentina. Verified 2026-10-07.","2026-10-07"
"football_legends_v2_180","hard600","legend:zamorano:firsteuropeanclub",,"أي نادٍ سويسري كان أول محطة أوروبية لإيفان زامورانو قبل إشبيلية وريال مدريد؟","Which Swiss club was Ivan Zamorano's first European stop before Sevilla and Real Madrid?","سانت غالن","St Gallen","Inter — Zamorano's iconic shirt","https://www.inter.it/en/news/2017-01-18-zamorano-the-striker-who-fell-from-the-sky","Zamorano wore 1+8 after giving Ronaldo his number 9; St Gallen was his first European club. Verified 2026-10-07.","2026-10-07"
"football_legends_v2_181","hard600","legend:jairzinho:ronaldoscouter",,"أي نجم برازيلي من جيل مونديال 1970 اكتشف رونالدو وأوصى كروزيرو بالتعاقد معه؟","Which Brazilian star from the 1970 World Cup generation discovered Ronaldo and recommended him to Cruzeiro?","جيرزينيو","Jairzinho","FIFA — Ronaldo tribute","https://www.fifa.com/en/tournaments/mens/worldcup/articles/tribute-ronaldo-fenomeno-brazil-moments-goal-stats-videos","Ronaldo's distinctive 2002 haircut diverted attention from his leg injury; Jairzinho discovered him and recommended him to Cruzeiro. Verified 2026-10-07.","2026-10-07"
"football_legends_v2_182","hard600","legend:maradona:firstargentinaopponent",,"أمام أي منتخب خاض مارادونا أول مباراة دولية له مع الأرجنتين في فبراير 1977؟","Against which team did Maradona make his Argentina debut in February 1977?","المجر","Hungary","FIFA — Maradona's sixtieth birthday","https://inside.fifa.com/news/happy-60th-maradona","Maradona's first senior Argentina appearance was against Hungary in February 1977. Verified 2026-10-07.","2026-10-07"
"football_legends_v2_183","hard600","legend:sissi:1999sharedboot",,"مع أي نجمة صينية تقاسمت البرازيلية سيسي الحذاء الذهبي في مونديال السيدات 1999؟","With which Chinese star did Brazil's Sissi share the Golden Boot at the 1999 Women's World Cup?","سون وين","Sun Wen","FIFA — Sissi a Brazilian trailblazer","https://inside.fifa.com/tournaments/womens/womensworldcup/usa1999/news/sissi-a-brazilian-trailblazer-2821914","Sissi shared the 1999 Golden Boot with China's Sun Wen. Verified 2026-10-07.","2026-10-07"
"football_legends_v2_184","hard600","legend:cristiane:olympicboots",,"أي مهاجمة برازيلية فازت بالحذاء الذهبي في أولمبياد أثينا 2004 وبكين 2008 بخمسة أهداف في كل بطولة؟","Which Brazilian forward won the Golden Boot at both Athens 2004 and Beijing 2008 with five goals at each tournament?","كريستياني","Cristiane","FIFA — Cristiane Brazil have golden obligation","https://inside.fifa.com/news/cristiane-brazil-have-golden-obligation-2812506","Cristiane won the Golden Boot at Athens 2004 and Beijing 2008 with five goals at each. Verified 2026-10-07.","2026-10-07"
"football_legends_v2_185","hard600","legend:hong:bronzeball02",,"من قائد كوريا الجنوبية الذي حصل على الكرة البرونزية في مونديال 2002؟","Which Korea Republic captain received the Bronze Ball at the 2002 World Cup?","هونغ ميونغ بو","Hong Myung-bo","FIFA Plus — Hong Myung-bo Bronze Ball 2002","https://www.plus.fifa.com/en/content/hong-myung-bo-bronze-ball-award-2002-fifa-world-cup-korea-japan/f60e1899-3383-4880-b367-47d94daf4832","Hong Myung-bo received the Bronze Ball in 2002. Verified 2026-10-07.","2026-10-07"
"football_legends_v2_186","hard600","legend:chilavert:hattrickopponent",,"أمام أي نادٍ أرجنتيني سجل الحارس تشيلافيرت هاتريك من ركلات جزاء عام 1999؟","Against which Argentine club did goalkeeper Chilavert score a hat-trick of penalties in 1999?","فيرو كاريل أويستي","Ferro Carril Oeste","Velez Sarsfield — Chila al Guinness","https://velez.com.ar/futbol/notas/2020/04/13/191223_chila-al-guinness","Chilavert scored three penalties against Ferro in Velez's 6-1 win on 28 November 1999. Verified 2026-10-07.","2026-10-07"
"football_legends_v2_187","hard600","legend:keita:firstafricanaward",,"من أول لاعب فاز بجائزة أفضل لاعب أفريقي عام 1970؟","Who was the first African Footballer of the Year award winner in 1970?","ساليف كيتا","Salif Keita","CAF — History of African Footballer of the Year","https://www.cafonline.com/fr/infos/une-histoire-prestigieuse-du-prix-du-meilleur-joueur-africain-de-lannee-de-la-caf/","Salif Keita was the first recipient in 1970. Verified 2026-10-07; question does not misattribute the original France Football award to CAF administration.","2026-10-07"
"football_legends_v2_188","hard600","legend:rivelino:lastclub",,"مع أي نادٍ سعودي أنهى البرازيلي ريفيلينو مسيرته الكروية؟","At which Saudi club did Brazil's Rivelino finish his playing career?","الهلال","Al Hilal","FIFA — Carlos Eduardo interview","https://inside.fifa.com/es/tournaments/mens/clubworldcup/uae2017/news/carlos-eduardo-nuestro-objetivo-es-la-final-2914999","Rivelino finished his playing career at Riyadh club Al Hilal. Verified 2026-10-07.","2026-10-07"
"football_legends_v2_189","hard600","legend:davids:barnetplayercoach",,"في أي نادٍ إنجليزي عمل إدغار دافيدز لاعباً ومدرباً بين 2012 و2014؟","At which English club was Edgar Davids player-manager from 2012 to 2014?","بارنت","Barnet","Barnet FC — World Cup Bees Edgar Davids","https://barnetfc.com/feature-world-cup-bees-edgar-davids","The club archive lists Davids as player-manager from 2012 to 2014. Verified 2026-10-07.","2026-10-07"
"football_legends_v2_190","hard600","legend:cantona:filmdirector",,"من أخرج فيلم «Looking for Eric» عام 2009 الذي ظهر فيه إريك كانتونا؟","Who directed the 2009 film Looking for Eric, which featured Eric Cantona?","كين لوتش","Ken Loach","BFI — Looking for Eric film record","https://www.bfi.org.uk/film/b367a8fd-1d11-521a-b3be-8a099a44f4e3/looking-for-eric","Looking for Eric is a 2009 Ken Loach film featuring Eric Cantona. Verified 2026-10-07.","2026-10-07"
"football_legends_v2_191","hard600","legend:pele:escapetovictory",,"في أي فيلم أخرجه جون هيوستن عام 1981 ظهر بيليه مع سيلفستر ستالون ومايكل كين؟","In which 1981 John Huston film did Pele appear alongside Sylvester Stallone and Michael Caine?","الهروب إلى النصر (Escape to Victory)","Escape to Victory","FIFA — Regal images of football's king","https://inside.fifa.com/tournaments/mens/worldcup/1970mexico/news/regal-images-of-football-s-king-pele","John Huston cast Pele in 1981's Escape to Victory alongside Michael Caine and Sylvester Stallone. Verified 2026-10-07.","2026-10-07"
"football_legends_v2_192","hard600","legend:seedorf:brazilmove",,"إلى أي نادٍ برازيلي انتقل كلارنس سيدورف عام 2012 بعد انتهاء فترته مع ميلان؟","Which Brazilian club did Clarence Seedorf join in 2012 after his spell at AC Milan?","بوتافوغو","Botafogo","Botafogo — Seedorf forever","https://botafogo.com.br/noticias/seedorf-para-sempre","The club records Seedorf's arrival in 2012. Verified 2026-10-07.","2026-10-07"
"football_legends_v2_193","hard600","legend:rivaldo:fatherandsonclub",,"مع أي نادٍ برازيلي سجل ريفالدو وابنه ريفالدينيو في المباراة نفسها أمام ماكاي عام 2015؟","For which Brazilian club did Rivaldo and his son Rivaldinho score in the same match against Macae in 2015?","موجي ميريم","Mogi Mirim","FIFA — Father-son team-mates","https://inside.fifa.com/news/father-son-team-mates-2770898","Rivaldo and Rivaldinho scored for Mogi Mirim in the same 2015 match against Macae. Verified 2026-10-07.","2026-10-07"
"football_legends_v2_194","hard600","legend:aljaber:englishloan",,"أي نادٍ إنجليزي استعار المهاجم السعودي سامي الجابر من الهلال خلال مسيرته؟","Which English club signed Saudi striker Sami Al Jaber on loan from Al Hilal during his career?","وولفرهامبتون واندررز","Wolverhampton Wanderers","Sky Sports — Al Jaber completes loan spell","https://www.skysports.com/football/news/2202903/al-jaber-completes-loan-spell","Al Jaber's loan spell at Wolves ended after five appearances. Verified 2026-10-07.","2026-10-07"
"football_legends_v2_195","hard600","legend:stoichkov:firstmlsclub",,"مع أي فريق بدأ خريستو ستويتشكوف تجربته في الدوري الأمريكي عام 2000؟","With which team did Hristo Stoichkov begin his MLS career in 2000?","شيكاغو فاير","Chicago Fire","MLS — Stoichkov reflects on the league's growth","https://www.mlssoccer.com/news/fifa-club-world-cup-hristo-stoichkov-reflects-on-mls-s-growth-into-global-player","Stoichkov began playing in MLS at Chicago Fire in 2000 before later joining DC United. Verified 2026-10-07.","2026-10-07"
"football_legends_v2_196","hard600","legend:socrates:italianclub",,"ما النادي الإيطالي الذي لعب له سقراط في موسم 1984–1985؟","Which Italian club did Socrates play for in the 1984–85 season?","فيورنتينا","Fiorentina","UEFA — Italian tribute to Socrates","https://www.uefa.com/news-media/news/01f8-0f86510ebd3e-c669296e3efb-1000--italian-tribute-to-champion-socrates/","Socrates played for Fiorentina in 1984-85 and returned to playing with Garforth Town in 2004 aged fifty. Verified 2026-10-07.","2026-10-07"
"football_legends_v2_197","hard600","legend:weah:farewellvenue",,"في أي ملعب فرنسي أُقيمت مباراة اعتزال جورج ويا عام 2005 التي سجل فيها هاتريك؟","At which French stadium was George Weah's 2005 farewell match held, in which he scored a hat-trick?","ملعب فيلودروم","Stade Velodrome","UEFA — Weekend roundup 12 June 2005","https://www.uefa.com/news-media/news/01aa-0e6cd0b8f477-8cee4e6800cf-1000--sheringham-remains-at-west-ham/","Weah scored a hat-trick in his farewell match at Marseille's Stade Velodrome on 11 June 2005. Verified 2026-10-07.","2026-10-07"
"football_legends_v2_198","hard600","legend:distefano:colombianclub",,"مع أي نادٍ كولومبي تألق ألفريدو دي ستيفانو قبل الانتقال إلى ريال مدريد؟","At which Colombian club did Alfredo Di Stefano star before joining Real Madrid?","ميوناريوس","Millonarios","Millonarios — The end of Colombian El Dorado","https://millonarios.com.co/1953-el-fin-de-el-dorado-colombiano/","Di Stefano left Millonarios for Real Madrid in 1953. Verified 2026-10-07.","2026-10-07"
"football_legends_v2_199","hard600","legend:pedernera:colombiacoach",,"أي أسطورة أرجنتينية من جيل «لا ماكينا» درّبت كولومبيا وقادتها إلى أول مونديال لها عام 1962؟","Which Argentine legend from La Maquina coached Colombia to their first World Cup in 1962?","أدولفو بيديرنيرا","Adolfo Pedernera","FIFA — Pedernera the engine driver","https://inside.fifa.com/news/pedernera-the-twinkle-toed-engine-driver-2604360?rnd=1538956800160","River Plate legend Pedernera coached Colombia to their first World Cup at Chile 1962. Verified 2026-10-07.","2026-10-07"
"football_legends_v2_200","hard600","legend:socrates:garforthcomeback",,"مع أي نادٍ إنجليزي خارج دوريات المحترفين عاد سقراط إلى اللعب وهو في الخمسين عام 2004؟","With which English non-league club did Socrates return to playing at fifty in 2004?","غارفورث تاون","Garforth Town","UEFA — Italian tribute to Socrates","https://www.uefa.com/news-media/news/01f8-0f86510ebd3e-c669296e3efb-1000--italian-tribute-to-champion-socrates/","Socrates played for Fiorentina in 1984-85 and returned to playing with Garforth Town in 2004 aged fifty. Verified 2026-10-07.","2026-10-07"
"football_legends_v2_201","hard600","legend:baggio:firstclub",,"مع أي نادٍ بدأ روبرتو باجيو مسيرته مع الفريق الأول عام 1982 قبل انتقاله إلى فيورنتينا؟","At which club did Roberto Baggio begin his senior career in 1982 before moving to Fiorentina?","لانيروسي فيتشنزا","Lanerossi Vicenza","FIFA — Roberto Baggio profile","https://inside.fifa.com/de/news/italiens-gottliche-grazie","Baggio debuted for Italy against the Netherlands in November 1988, began his senior career at Lanerossi Vicenza in 1982, and adopted Buddhism during an injury layoff. Verified 2026-10-07; unrelated inaccurate dates in this profile are excluded.","2026-10-07"
"football_legends_v2_202","hard600","legend:panenka:pragueclub",,"في أي نادٍ من براغ قضى أنتونين بانينكا الفترة من 1967 إلى 1981؟","At which Prague club did Antonin Panenka play from 1967 to 1981?","بوهيميانز براغ","Bohemians Praha","UEFA — Prague's football history","https://www.uefa.com/uefaconferenceleague/news/0282-183082ec6b71-bfa99c41f8c8-1000--prague-s-football-history/","Panenka played for Bohemians from 1967 to 1981. Verified 2026-10-07.","2026-10-07"
"football_legends_v2_203","hard600","legend:garrincha:worldcupdebutopponent",,"أمام أي منتخب خاض غارينشا أول مباراة له في كأس العالم 1958 بعدما غاب عن أول مباراتين للبرازيل؟","Against which team did Garrincha make his 1958 World Cup debut after missing Brazil's first two matches?","الاتحاد السوفيتي","Soviet Union","FIFA — Garrincha's funeral and career","https://www.fifa.com/en/tournaments/mens/worldcup/articles/garrincha-death-funeral-brazil-rio-de-janeiro","Garrincha and Pele entered Brazil's 1958 World Cup team for the third game against the Soviet Union. Verified 2026-10-07.","2026-10-07"
"football_legends_v2_204","hard600","legend:suarezmiramontes:spain90coach",,"أي لاعب إسباني سابق لبرشلونة وإنتر درّب منتخب إسبانيا في مونديال 1990؟","Which Spanish former Barcelona and Inter player coached Spain at the 1990 World Cup?","لويس سواريز ميرامونتيس","Luis Suarez Miramontes","UEFA — Luis Suarez Spain's EURO superstar","https://www.uefa.com/uefaeuro/history/news/0253-0d80144ac44a-042b512864ec-1000--luis-suarez-spain-s-first-euro-superstar/","Luis Suarez Miramontes coached Spain at the 1990 World Cup. Verified 2026-10-07.","2026-10-07"
