"pair","hash","decision","reason"
"old_school_music_v2_138/kuwait_general_v2_075","38dee52577bccf878723fba6f5059f97dc9eb19bce2e080530be8214bffd2a9d","distinct","Assistant inspected song:saatsaat:lyricist: Who wrote the lyrics of Sabah's Saat Saat? (Abdel Rahman El Abnoudi) against anthem:lyrics:writer: Who wrote the lyrics of Kuwait's national anthem? (Ahmad Meshari Al-Adwani). These identify different works, different institutions or different artist attributes. The review compares every completed bank, including Egyptian Music and Arabic Music; ambiguous or unsupported release credits were excluded during research. Different song credits, artist instruments, labels, collaborators and musical genres remain separate relations; no retained pair asks the same relation about the same entity."
"old_school_music_v2_139/kuwait_general_v2_075","9028f62c98bfb1079187a5a3b470f05c15ed266c2a7d750ffc61843a65a88532","distinct","Assistant inspected song:akdebaleik:lyricist: Who wrote the lyrics of Warda's Akdeb Aleik? (Morsi Gamil Aziz) against anthem:lyrics:writer: Who wrote the lyrics of Kuwait's national anthem? (Ahmad Meshari Al-Adwani). These identify different works, different institutions or different artist attributes. The review compares every completed bank, including Egyptian Music and Arabic Music; ambiguous or unsupported release credits were excluded during research. Different song credits, artist instruments, labels, collaborators and musical genres remain separate relations; no retained pair asks the same relation about the same entity."
"old_school_music_v2_145/kuwait_general_v2_075","020459f2309bd91d2f08d9aeccd89fc36b65f26bd742ea7f3de4469a645d3e17","distinct","Assistant inspected song:haramt:lyricist: Who wrote the lyrics of Warda's Haramt Ahebak? (Omar Batisha) against anthem:lyrics:writer: Who wrote the lyrics of Kuwait's national anthem? (Ahmad Meshari Al-Adwani). These identify different works, different institutions or different artist attributes. The review compares every completed bank, including Egyptian Music and Arabic Music; ambiguous or unsupported release credits were excluded during research. Different song credits, artist instruments, labels, collaborators and musical genres remain separate relations; no retained pair asks the same relation about the same entity."
"old_school_music_v2_002/emirati_music_v2_022","e4ec5b49310629eef9377f83c2e88cee99849fc863ef7c84939281f529b76405","distinct","Assistant inspected song:saatsaat:singer: Which Lebanese singer is known for Saat Saat? (Sabah) against song:zanzibar:singer: Which Emirati singer is known for performing Zanzibar? (Abdullah Bilkhair). These identify different works, different institutions or different artist attributes. The review compares every completed bank, including Egyptian Music and Arabic Music; ambiguous or unsupported release credits were excluded during research. Different song credits, artist instruments, labels, collaborators and musical genres remain separate relations; no retained pair asks the same relation about the same entity."
"old_school_music_v2_009/emirati_music_v2_049","538e1c7977dee0f13be7c06ff71b94ef645e7a1cf631f0a398ef284cea3e15e2","distinct","Assistant inspected song:haramt:singer: Which singer performs Haramt Ahebak? (Warda Al Jazairia) against song:diplomacy:singer: Which female singer performed Diplomacy? (Balqees). These identify different works, different institutions or different artist attributes. The review compares every completed bank, including Egyptian Music and Arabic Music; ambiguous or unsupported release credits were excluded during research. Different song credits, artist instruments, labels, collaborators and musical genres remain separate relations; no retained pair asks the same relation about the same entity."
"old_school_music_v2_009/emirati_music_v2_060","d304f96b2bd3a15ef815cfcd6fd14b7e4da0083542c08129be43a2f08fe0e10e","distinct","Assistant inspected song:haramt:singer: Which singer performs Haramt Ahebak? (Warda Al Jazairia) against song:yalazem:singer: Which female singer performs Yalazemni Khayalak? (Ahlam). These identify different works, different institutions or different artist attributes. The review compares every completed bank, including Egyptian Music and Arabic Music; ambiguous or unsupported release credits were excluded during research. Different song credits, artist instruments, labels, collaborators and musical genres remain separate relations; no retained pair asks the same relation about the same entity."
"old_school_music_v2_010/emirati_music_v2_012","c17eea71a716b57eb86245e3d392ec4cc4f170406dc15b0e816269e2fdd9e99f","distinct","Assistant inspected song:libeirout:singer: Which singer performs Li Beirut? (Fairuz) against song:aanadt:singer: Which Emirati female singer performed Aanadt Feek? (Shamma Hamdan). These identify different works, different institutions or different artist attributes. The review compares every completed bank, including Egyptian Music and Arabic Music; ambiguous or unsupported release credits were excluded during research. Different song credits, artist instruments, labels, collaborators and musical genres remain separate relations; no retained pair asks the same relation about the same entity."
"old_school_music_v2_062/emirati_music_v2_044","0573e277c61206374da44a9fd7e290a0f7497a9b555483ea22d3b52af8bb7ee4","distinct","Assistant inspected song:jarida:singer: Which Sudanese singer performs Al Jarida? (Mohammed Al Amin) against song:fakadtek:singer: Which Emirati singer performed Fakadtak? (Hussain Al Jassmi). These identify different works, different institutions or different artist attributes. The review compares every completed bank, including Egyptian Music and Arabic Music; ambiguous or unsupported release credits were excluded during research. Different song credits, artist instruments, labels, collaborators and musical genres remain separate relations; no retained pair asks the same relation about the same entity."
"old_school_music_v2_138/emirati_music_v2_079","af639b06a9b3e49d84a9306c4686a6f54ca326a116a387a47abce4cb79a901d9","distinct","Assistant inspected song:saatsaat:lyricist: Who wrote the lyrics of Sabah's Saat Saat? (Abdel Rahman El Abnoudi) against song:fakadtek:lyricist: Who wrote the lyrics of Hussain Al Jassmi's Fakadtak? (Faisal Al Yami). These identify different works, different institutions or different artist attributes. The review compares every completed bank, including Egyptian Music and Arabic Music; ambiguous or unsupported release credits were excluded during research. Different song credits, artist instruments, labels, collaborators and musical genres remain separate relations; no retained pair asks the same relation about the same entity."
"old_school_music_v2_138/emirati_music_v2_082","87476f6bd4659ce9b32870c80bfff2a2cf28f3446d5ce118a7b7af7fea133d6a","distinct","Assistant inspected song:saatsaat:lyricist: Who wrote the lyrics of Sabah's Saat Saat? (Abdel Rahman El Abnoudi) against song:ahebak:lyricist: Who wrote the lyrics of Hussain Al Jassmi's Ahebak? (Ahmad Al Sanea). These identify different works, different institutions or different artist attributes. The review compares every completed bank, including Egyptian Music and Arabic Music; ambiguous or unsupported release credits were excluded during research. Different song credits, artist instruments, labels, collaborators and musical genres remain separate relations; no retained pair asks the same relation about the same entity."
"old_school_music_v2_138/emirati_music_v2_114","629917dad3db2ac79c40cfce9599902da3e30d345188310a9842c923d6651495","distinct","Assistant inspected song:saatsaat:lyricist: Who wrote the lyrics of Sabah's Saat Saat? (Abdel Rahman El Abnoudi) against song:diplomacy:writer: Who wrote the lyrics of Balqees's Diplomacy? (Aziz El Shaafei). These identify different works, different institutions or different artist attributes. The review compares every completed bank, including Egyptian Music and Arabic Music; ambiguous or unsupported release credits were excluded during research. Different song credits, artist instruments, labels, collaborators and musical genres remain separate relations; no retained pair asks the same relation about the same entity."
"old_school_music_v2_138/emirati_music_v2_150","c730c050b0972591f06fba8f73a9b7e63eabf1dbc85f572958b148c3ab9440cc","distinct","Assistant inspected song:saatsaat:lyricist: Who wrote the lyrics of Sabah's Saat Saat? (Abdel Rahman El Abnoudi) against song:hathana:lyricist: Who wrote the lyrics of Ahlam's Hatha Ana? (Faisal Mohamed Al Sudairi). These identify different works, different institutions or different artist attributes. The review compares every completed bank, including Egyptian Music and Arabic Music; ambiguous or unsupported release credits were excluded during research. Different song credits, artist instruments, labels, collaborators and musical genres remain separate relations; no retained pair asks the same relation about the same entity."
"old_school_music_v2_138/emirati_music_v2_159","e0a43393595cf1f60c12fea293bfdc686dc4079eb3c55306798ff8c629aec281","distinct","Assistant inspected song:saatsaat:lyricist: Who wrote the lyrics of Sabah's Saat Saat? (Abdel Rahman El Abnoudi) against song:lawahasayef:poet: Who wrote the lyrics of Aryam's La Wa Hasayef? (Khaled bin Saud Al Kabeer). These identify different works, different institutions or different artist attributes. The review compares every completed bank, including Egyptian Music and Arabic Music; ambiguous or unsupported release credits were excluded during research. Different song credits, artist instruments, labels, collaborators and musical genres remain separate relations; no retained pair asks the same relation about the same entity."
"old_school_music_v2_138/emirati_music_v2_172","dbc36f7415e4b616cbf14fe1e61a44f5e90b7cf3b841c83ffa0cb04e0842904a","distinct","Assistant inspected song:saatsaat:lyricist: Who wrote the lyrics of Sabah's Saat Saat? (Abdel Rahman El Abnoudi) against song:mestaghreb:lyricist: Who wrote the lyrics of Ahlam's WeMestaghrb? (Abdulrahman Al Othman). These identify different works, different institutions or different artist attributes. The review compares every completed bank, including Egyptian Music and Arabic Music; ambiguous or unsupported release credits were excluded during research. Different song credits, artist instruments, labels, collaborators and musical genres remain separate relations; no retained pair asks the same relation about the same entity."
"old_school_music_v2_138/emirati_music_v2_174","2e6366545b25e673ec607f6ee0b6015c6344880efeb9c256da0da92616eb34f7","distinct","Assistant inspected song:saatsaat:lyricist: Who wrote the lyrics of Sabah's Saat Saat? (Abdel Rahman El Abnoudi) against song:entaha:lyricist: Who wrote the lyrics of Balqees's Entaha? (Mshari Al Ibrahim). These identify different works, different institutions or different artist attributes. The review compares every completed bank, including Egyptian Music and Arabic Music; ambiguous or unsupported release credits were excluded during research. Different song credits, artist instruments, labels, collaborators and musical genres remain separate relations; no retained pair asks the same relation about the same entity."
"old_school_music_v2_138/emirati_music_v2_180","5ceb1e3cfb95f8f9505d66a71d570f34333082be295211af5736fade3cfc9229","distinct","Assistant inspected song:saatsaat:lyricist: Who wrote the lyrics of Sabah's Saat Saat? (Abdel Rahman El Abnoudi) against song:hazzaaljaw:writer: Who wrote the lyrics of Hazza's Al Jaw Londani? (Ali Al Khawar). These identify different works, different institutions or different artist attributes. The review compares every completed bank, including Egyptian Music and Arabic Music; ambiguous or unsupported release credits were excluded during research. Different song credits, artist instruments, labels, collaborators and musical genres remain separate relations; no retained pair asks the same relation about the same entity."
"old_school_music_v2_138/emirati_music_v2_183","cd1c665c3ff990d8529337611a2beec42edd6bf41a552857a67097f8c52a79e7","distinct","Assistant inspected song:saatsaat:lyricist: Who wrote the lyrics of Sabah's Saat Saat? (Abdel Rahman El Abnoudi) against song:malhoufa:writer: Who wrote the lyrics of Ahlam's Malhofa Le Soutak? (Ahmad Alawi). These identify different works, different institutions or different artist attributes. The review compares every completed bank, including Egyptian Music and Arabic Music; ambiguous or unsupported release credits were excluded during research. Different song credits, artist instruments, labels, collaborators and musical genres remain separate relations; no retained pair asks the same relation about the same entity."
"old_school_music_v2_138/emirati_music_v2_184","3d1ace9bb07f5610a94d75be7af0685fdf5b9b4a9e890f02d5e6f3cf76b65da1","distinct","Assistant inspected song:saatsaat:lyricist: Who wrote the lyrics of Sabah's Saat Saat? (Abdel Rahman El Abnoudi) against song:moajaba:writer: Who wrote the lyrics of Shamma Hamdan's Moajaba? (Ahmad Al Sanea). These identify different works, different institutions or different artist attributes. The review compares every completed bank, including Egyptian Music and Arabic Music; ambiguous or unsupported release credits were excluded during research. Different song credits, artist instruments, labels, collaborators and musical genres remain separate relations; no retained pair asks the same relation about the same entity."
"old_school_music_v2_138/emirati_music_v2_187","be3765ac00cc3f7df6fffa3aa18ccc0cd5d9f0a1d10ee10ba9524b890ce16c2f","distinct","Assistant inspected song:saatsaat:lyricist: Who wrote the lyrics of Sabah's Saat Saat? (Abdel Rahman El Abnoudi) against song:wayyakkhedni:writer: Who wrote the lyrics of Balqees's Wayyak Khedni? (Firas Al Habeeb). These identify different works, different institutions or different artist attributes. The review compares every completed bank, including Egyptian Music and Arabic Music; ambiguous or unsupported release credits were excluded during research. Different song credits, artist instruments, labels, collaborators and musical genres remain separate relations; no retained pair asks the same relation about the same entity."
"old_school_music_v2_138/emirati_music_v2_199","3d8daab9fb439b046b5721e3f12b7dde1b5fdce12672def9084383936e8843bc","distinct","Assistant inspected song:saatsaat:lyricist: Who wrote the lyrics of Sabah's Saat Saat? (Abdel Rahman El Abnoudi) against song:shammaaheb:writer: Who wrote the lyrics of Shamma Hamdan's 2016 Ahebk? (Ahmad Al Sanea). These identify different works, different institutions or different artist attributes. The review compares every completed bank, including Egyptian Music and Arabic Music; ambiguous or unsupported release credits were excluded during research. Different song credits, artist instruments, labels, collaborators and musical genres remain separate relations; no retained pair asks the same relation about the same entity."
"old_school_music_v2_139/emirati_music_v2_114","120730537d2184ba82eebadd48ea1bf511386c3a76911480a7db0c30ab59caa9","distinct","Assistant inspected song:akdebaleik:lyricist: Who wrote the lyrics of Warda's Akdeb Aleik? (Morsi Gamil Aziz) against song:diplomacy:writer: Who wrote the lyrics of Balqees's Diplomacy? (Aziz El Shaafei). These identify different works, different institutions or different artist attributes. The review compares every completed bank, including Egyptian Music and Arabic Music; ambiguous or unsupported release credits were excluded during research. Different song credits, artist instruments, labels, collaborators and musical genres remain separate relations; no retained pair asks the same relation about the same entity."
"old_school_music_v2_139/emirati_music_v2_150","bed63c755a3a13dafdadc7d2af6fb56d9b095c06a7a92d35142474ebad6573fe","distinct","Assistant inspected song:akdebaleik:lyricist: Who wrote the lyrics of Warda's Akdeb Aleik? (Morsi Gamil Aziz) against song:hathana:lyricist: Who wrote the lyrics of Ahlam's Hatha Ana? (Faisal Mohamed Al Sudairi). These identify different works, different institutions or different artist attributes. The review compares every completed bank, including Egyptian Music and Arabic Music; ambiguous or unsupported release credits were excluded during research. Different song credits, artist instruments, labels, collaborators and musical genres remain separate relations; no retained pair asks the same relation about the same entity."
"old_school_music_v2_139/emirati_music_v2_172","e8de7b5aabc9e140ec258129a96605591cce9ae48e0a788d48f264dc9698fd3b","distinct","Assistant inspected song:akdebaleik:lyricist: Who wrote the lyrics of Warda's Akdeb Aleik? (Morsi Gamil Aziz) against song:mestaghreb:lyricist: Who wrote the lyrics of Ahlam's WeMestaghrb? (Abdulrahman Al Othman). These identify different works, different institutions or different artist attributes. The review compares every completed bank, including Egyptian Music and Arabic Music; ambiguous or unsupported release credits were excluded during research. Different song credits, artist instruments, labels, collaborators and musical genres remain separate relations; no retained pair asks the same relation about the same entity."
"old_school_music_v2_139/emirati_music_v2_174","51e71729595dd012da486db186583ad9cbfef73d209cdf389a7045e51de2eb7f","distinct","Assistant inspected song:akdebaleik:lyricist: Who wrote the lyrics of Warda's Akdeb Aleik? (Morsi Gamil Aziz) against song:entaha:lyricist: Who wrote the lyrics of Balqees's Entaha? (Mshari Al Ibrahim). These identify different works, different institutions or different artist attributes. The review compares every completed bank, including Egyptian Music and Arabic Music; ambiguous or unsupported release credits were excluded during research. Different song credits, artist instruments, labels, collaborators and musical genres remain separate relations; no retained pair asks the same relation about the same entity."
"old_school_music_v2_139/emirati_music_v2_184","ea4e24ba7b2b24ba37540d3970006a46b9d2f7d6afe045e5fc75e0a09e7a9ff0","distinct","Assistant inspected song:akdebaleik:lyricist: Who wrote the lyrics of Warda's Akdeb Aleik? (Morsi Gamil Aziz) against song:moajaba:writer: Who wrote the lyrics of Shamma Hamdan's Moajaba? (Ahmad Al Sanea). These identify different works, different institutions or different artist attributes. The review compares every completed bank, including Egyptian Music and Arabic Music; ambiguous or unsupported release credits were excluded during research. Different song credits, artist instruments, labels, collaborators and musical genres remain separate relations; no retained pair asks the same relation about the same entity."
"old_school_music_v2_139/emirati_music_v2_187","6b1a66426c84a523e16815e669929115766d009ad06da8a7ae2dfb9e8ade0efb","distinct","Assistant inspected song:akdebaleik:lyricist: Who wrote the lyrics of Warda's Akdeb Aleik? (Morsi Gamil Aziz) against song:wayyakkhedni:writer: Who wrote the lyrics of Balqees's Wayyak Khedni? (Firas Al Habeeb). These identify different works, different institutions or different artist attributes. The review compares every completed bank, including Egyptian Music and Arabic Music; ambiguous or unsupported release credits were excluded during research. Different song credits, artist instruments, labels, collaborators and musical genres remain separate relations; no retained pair asks the same relation about the same entity."
"old_school_music_v2_145/emirati_music_v2_082","f32930751fdf703ae78bbab1e4f4d8d5514a685d5046e7e9e0c2bd20181114bf","distinct","Assistant inspected song:haramt:lyricist: Who wrote the lyrics of Warda's Haramt Ahebak? (Omar Batisha) against song:ahebak:lyricist: Who wrote the lyrics of Hussain Al Jassmi's Ahebak? (Ahmad Al Sanea). These identify different works, different institutions or different artist attributes. The review compares every completed bank, including Egyptian Music and Arabic Music; ambiguous or unsupported release credits were excluded during research. Different song credits, artist instruments, labels, collaborators and musical genres remain separate relations; no retained pair asks the same relation about the same entity."
"old_school_music_v2_145/emirati_music_v2_114","7a40834fb884626ebc7ef17a0d73cab5c4cc2b39fa2a33e73690b7215edd7d4d","distinct","Assistant inspected song:haramt:lyricist: Who wrote the lyrics of Warda's Haramt Ahebak? (Omar Batisha) against song:diplomacy:writer: Who wrote the lyrics of Balqees's Diplomacy? (Aziz El Shaafei). These identify different works, different institutions or different artist attributes. The review compares every completed bank, including Egyptian Music and Arabic Music; ambiguous or unsupported release credits were excluded during research. Different song credits, artist instruments, labels, collaborators and musical genres remain separate relations; no retained pair asks the same relation about the same entity."
"old_school_music_v2_145/emirati_music_v2_150","900674e539c0e84e788f77f3968434f60d46fa702a278950f34b40784c3cd4d9","distinct","Assistant inspected song:haramt:lyricist: Who wrote the lyrics of Warda's Haramt Ahebak? (Omar Batisha) against song:hathana:lyricist: Who wrote the lyrics of Ahlam's Hatha Ana? (Faisal Mohamed Al Sudairi). These identify different works, different institutions or different artist attributes. The review compares every completed bank, including Egyptian Music and Arabic Music; ambiguous or unsupported release credits were excluded during research. Different song credits, artist instruments, labels, collaborators and musical genres remain separate relations; no retained pair asks the same relation about the same entity."
"old_school_music_v2_145/emirati_music_v2_172","22ebbe3559edc2eac1df305473099959711c8b6f3cd99fe220d7650eb943efc6","distinct","Assistant inspected song:haramt:lyricist: Who wrote the lyrics of Warda's Haramt Ahebak? (Omar Batisha) against song:mestaghreb:lyricist: Who wrote the lyrics of Ahlam's WeMestaghrb? (Abdulrahman Al Othman). These identify different works, different institutions or different artist attributes. The review compares every completed bank, including Egyptian Music and Arabic Music; ambiguous or unsupported release credits were excluded during research. Different song credits, artist instruments, labels, collaborators and musical genres remain separate relations; no retained pair asks the same relation about the same entity."
"old_school_music_v2_145/emirati_music_v2_174","796598272fb0303a4d48dcb61076ce5260d19a86ce77396f6b90521d172601cb","distinct","Assistant inspected song:haramt:lyricist: Who wrote the lyrics of Warda's Haramt Ahebak? (Omar Batisha) against song:entaha:lyricist: Who wrote the lyrics of Balqees's Entaha? (Mshari Al Ibrahim). These identify different works, different institutions or different artist attributes. The review compares every completed bank, including Egyptian Music and Arabic Music; ambiguous or unsupported release credits were excluded during research. Different song credits, artist instruments, labels, collaborators and musical genres remain separate relations; no retained pair asks the same relation about the same entity."
"old_school_music_v2_145/emirati_music_v2_184","ce498659927329f896b862787644e842367f69b803496a35e2305e3d93a8b44c","distinct","Assistant inspected song:haramt:lyricist: Who wrote the lyrics of Warda's Haramt Ahebak? (Omar Batisha) against song:moajaba:writer: Who wrote the lyrics of Shamma Hamdan's Moajaba? (Ahmad Al Sanea). These identify different works, different institutions or different artist attributes. The review compares every completed bank, including Egyptian Music and Arabic Music; ambiguous or unsupported release credits were excluded during research. Different song credits, artist instruments, labels, collaborators and musical genres remain separate relations; no retained pair asks the same relation about the same entity."
"old_school_music_v2_145/emirati_music_v2_187","fc4800693a002de5173460df7fe2f66e354bce4e3e4cf52032f465283707536e","distinct","Assistant inspected song:haramt:lyricist: Who wrote the lyrics of Warda's Haramt Ahebak? (Omar Batisha) against song:wayyakkhedni:writer: Who wrote the lyrics of Balqees's Wayyak Khedni? (Firas Al Habeeb). These identify different works, different institutions or different artist attributes. The review compares every completed bank, including Egyptian Music and Arabic Music; ambiguous or unsupported release credits were excluded during research. Different song credits, artist instruments, labels, collaborators and musical genres remain separate relations; no retained pair asks the same relation about the same entity."
"old_school_music_v2_166/emirati_music_v2_052","2e424a02eeabc0225d7446466cb0405eec3dd60fbefd56a0a48e6e2e271d59cc","distinct","Assistant inspected song:mygeneration:producer: Who produced the original Who recording of My Generation? (Shel Talmy) against song:pieceheart:singer: Who sang the original 2021 recording of Piece of My Heart? (Hussain Al Jassmi). These identify different works, different institutions or different artist attributes. The review compares every completed bank, including Egyptian Music and Arabic Music; ambiguous or unsupported release credits were excluded during research. Different song credits, artist instruments, labels, collaborators and musical genres remain separate relations; no retained pair asks the same relation about the same entity."
"old_school_music_v2_001/gulf_music_v2_023","377dddd756f95aaea512328f6f448fe45cc88b530f9771a3cc7d0ba4ea7c1a91","distinct","Assistant inspected song:ayazon:singer: Which singer made the famous recording of Ayazon? (Najat Al Saghira) against song:maqadir:singer: Which singer made the famous recording of Maqadir? (Talal Maddah). These identify different works, different institutions or different artist attributes. The review compares every completed bank, including Egyptian Music and Arabic Music; ambiguous or unsupported release credits were excluded during research. Different song credits, artist instruments, labels, collaborators and musical genres remain separate relations; no retained pair asks the same relation about the same entity."
"old_school_music_v2_004/gulf_music_v2_023","2d480b8e4b3d70b9af43aaa9c157031fcb4b22ffd6fcfac4e66bab55ccf25ae1","distinct","Assistant inspected song:eltaer:singer: Which singer made the classic recording of El Tair El Mosafer? (Najat Al Saghira) against song:maqadir:singer: Which singer made the famous recording of Maqadir? (Talal Maddah). These identify different works, different institutions or different artist attributes. The review compares every completed bank, including Egyptian Music and Arabic Music; ambiguous or unsupported release credits were excluded during research. Different song credits, artist instruments, labels, collaborators and musical genres remain separate relations; no retained pair asks the same relation about the same entity."
"old_school_music_v2_008/gulf_music_v2_023","0abe0286be6507cd133755b0e9c5cf5af3e73ad117d4bd17f5b06ec765d1f83c","distinct","Assistant inspected song:modnak:singer: Which singer made the classic recording of Modnak Jafahu Marqaduhu? (Mohammed Abdel Wahab) against song:maqadir:singer: Which singer made the famous recording of Maqadir? (Talal Maddah). These identify different works, different institutions or different artist attributes. The review compares every completed bank, including Egyptian Music and Arabic Music; ambiguous or unsupported release credits were excluded during research. Different song credits, artist instruments, labels, collaborators and musical genres remain separate relations; no retained pair asks the same relation about the same entity."
"old_school_music_v2_009/gulf_music_v2_039","403ccc85ce5e779fce4cf98e7400c4e59f17b82408b37168821a3f15125a9112","distinct","Assistant inspected song:haramt:singer: Which singer performs Haramt Ahebak? (Warda Al Jazairia) against song:qulubsahiya:singer: Which female singer recorded Al Quloub Al Sahiya? (Nawal). These identify different works, different institutions or different artist attributes. The review compares every completed bank, including Egyptian Music and Arabic Music; ambiguous or unsupported release credits were excluded during research. Different song credits, artist instruments, labels, collaborators and musical genres remain separate relations; no retained pair asks the same relation about the same entity."
"old_school_music_v2_012/gulf_music_v2_023","1eb908bbca423b22ba70fe2315dfb931baabd546859d820982fc07daede2f90a","distinct","Assistant inspected song:hitroadjack:performer: Which singer made the famous recording of Hit The Road Jack? (Ray Charles) against song:maqadir:singer: Which singer made the famous recording of Maqadir? (Talal Maddah). These identify different works, different institutions or different artist attributes. The review compares every completed bank, including Egyptian Music and Arabic Music; ambiguous or unsupported release credits were excluded during research. Different song credits, artist instruments, labels, collaborators and musical genres remain separate relations; no retained pair asks the same relation about the same entity."
"old_school_music_v2_019/gulf_music_v2_023","b881032a869bb58de77d45960ed615e638ade3a81b1329508b6f1c5d073e1ada","distinct","Assistant inspected song:ringfire:cashperformer: Who made the famous recording of Ring Of Fire? (Johnny Cash) against song:maqadir:singer: Which singer made the famous recording of Maqadir? (Talal Maddah). These identify different works, different institutions or different artist attributes. The review compares every completed bank, including Egyptian Music and Arabic Music; ambiguous or unsupported release credits were excluded during research. Different song credits, artist instruments, labels, collaborators and musical genres remain separate relations; no retained pair asks the same relation about the same entity."
"old_school_music_v2_020/gulf_music_v2_023","f605b0c78180f486dfa1b6c8b9359b761138654eb2ee0bb555c0055632cc4ccb","distinct","Assistant inspected song:crazy:patsyperformer: Which country singer made the famous 1961 Crazy recording? (Patsy Cline) against song:maqadir:singer: Which singer made the famous recording of Maqadir? (Talal Maddah). These identify different works, different institutions or different artist attributes. The review compares every completed bank, including Egyptian Music and Arabic Music; ambiguous or unsupported release credits were excluded during research. Different song credits, artist instruments, labels, collaborators and musical genres remain separate relations; no retained pair asks the same relation about the same entity."
"old_school_music_v2_036/gulf_music_v2_023","1c4f8ea0cb504869f679fe6948382a75737fec091347e12441ce047d70b2ecec","distinct","Assistant inspected song:sakan:singer: Who performs the famous classic recording of Sakan Al Lail? (Fairuz) against song:maqadir:singer: Which singer made the famous recording of Maqadir? (Talal Maddah). These identify different works, different institutions or different artist attributes. The review compares every completed bank, including Egyptian Music and Arabic Music; ambiguous or unsupported release credits were excluded during research. Different song credits, artist instruments, labels, collaborators and musical genres remain separate relations; no retained pair asks the same relation about the same entity."
"old_school_music_v2_037/gulf_music_v2_023","23740cf5fb68b24c9a021749d978458297116bd5d9f459b62539e730587afd2f","distinct","Assistant inspected song:helwamorra:singer: Who performs the famous classic recording of Ala El Helwa Wel Morra? (Abdel Ghani El Sayed) against song:maqadir:singer: Which singer made the famous recording of Maqadir? (Talal Maddah). These identify different works, different institutions or different artist attributes. The review compares every completed bank, including Egyptian Music and Arabic Music; ambiguous or unsupported release credits were excluded during research. Different song credits, artist instruments, labels, collaborators and musical genres remain separate relations; no retained pair asks the same relation about the same entity."
"old_school_music_v2_038/gulf_music_v2_023","a9e3266521e7846b653e318b9a4e51ab77dcf1d5b304982c33a31df8778bf8da","distinct","Assistant inspected song:rahela:singer: Who performs the famous classic recording of Rahila? (Mohammed El Hayani) against song:maqadir:singer: Which singer made the famous recording of Maqadir? (Talal Maddah). These identify different works, different institutions or different artist attributes. The review compares every completed bank, including Egyptian Music and Arabic Music; ambiguous or unsupported release credits were excluded during research. Different song credits, artist instruments, labels, collaborators and musical genres remain separate relations; no retained pair asks the same relation about the same entity."
"old_school_music_v2_039/gulf_music_v2_023","096ef7aafa80a001d0c7622fab174e01905d71f24a7a9aa4cab0f4723d91a290","distinct","Assistant inspected song:qamar:singer: Who performs the famous classic recording of Al Qamar Al Ahmar? (Abdelhadi Belkhayat) against song:maqadir:singer: Which singer made the famous recording of Maqadir? (Talal Maddah). These identify different works, different institutions or different artist attributes. The review compares every completed bank, including Egyptian Music and Arabic Music; ambiguous or unsupported release credits were excluded during research. Different song credits, artist instruments, labels, collaborators and musical genres remain separate relations; no retained pair asks the same relation about the same entity."
"old_school_music_v2_040/gulf_music_v2_023","edfdff751f02d6f1883d54e407d92956d2e5ed437093dd15aacbe6633b65e984","distinct","Assistant inspected song:adawiyaclassic:singer: Who performs the famous classic recording of Adawiya? (Mohammed Rushdi) against song:maqadir:singer: Which singer made the famous recording of Maqadir? (Talal Maddah). These identify different works, different institutions or different artist attributes. The review compares every completed bank, including Egyptian Music and Arabic Music; ambiguous or unsupported release credits were excluded during research. Different song credits, artist instruments, labels, collaborators and musical genres remain separate relations; no retained pair asks the same relation about the same entity."
"old_school_music_v2_041/gulf_music_v2_023","783a13a0ffca7ac8ee92c2839d29fe5f3e66592a75afbc009f9e9b9b5c812aee","distinct","Assistant inspected song:asalsabah:singer: Who performs the famous classic recording of Zi El Asal? (Sabah) against song:maqadir:singer: Which singer made the famous recording of Maqadir? (Talal Maddah). These identify different works, different institutions or different artist attributes. The review compares every completed bank, including Egyptian Music and Arabic Music; ambiguous or unsupported release credits were excluded during research. Different song credits, artist instruments, labels, collaborators and musical genres remain separate relations; no retained pair asks the same relation about the same entity."
"old_school_music_v2_054/gulf_music_v2_023","75f453c1e65ccd7a80985de84dd76b08c33b4c7cf74daf0bfffec1e176b2583c","distinct","Assistant inspected song:mackknife:ellaberlin: Which jazz singer made the famous 1960 live recording of Mack The Knife? (Ella Fitzgerald) against song:maqadir:singer: Which singer made the famous recording of Maqadir? (Talal Maddah). These identify different works, different institutions or different artist attributes. The review compares every completed bank, including Egyptian Music and Arabic Music; ambiguous or unsupported release credits were excluded during research. Different song credits, artist instruments, labels, collaborators and musical genres remain separate relations; no retained pair asks the same relation about the same entity."
"old_school_music_v2_062/gulf_music_v2_002","f1e78439e2219e15d63c4f9b966f649a5a929ee4afa4451f9c46ba732995db26","distinct","Assistant inspected song:jarida:singer: Which Sudanese singer performs Al Jarida? (Mohammed Al Amin) against song:iyar:singer: Which Omani singer performs Iyar? (Salah Al Zadjali). These identify different works, different institutions or different artist attributes. The review compares every completed bank, including Egyptian Music and Arabic Music; ambiguous or unsupported release credits were excluded during research. Different song credits, artist instruments, labels, collaborators and musical genres remain separate relations; no retained pair asks the same relation about the same entity."
"old_school_music_v2_062/gulf_music_v2_015","03a432686bb560e25259b2a2853217904fff6a5cd2100bf7ee006365b1d63260","distinct","Assistant inspected song:jarida:singer: Which Sudanese singer performs Al Jarida? (Mohammed Al Amin) against song:alamaken:singer: Which singer performs Al Amaken? (Mohammed Abdu). These identify different works, different institutions or different artist attributes. The review compares every completed bank, including Egyptian Music and Arabic Music; ambiguous or unsupported release credits were excluded during research. Different song credits, artist instruments, labels, collaborators and musical genres remain separate relations; no retained pair asks the same relation about the same entity."
"old_school_music_v2_062/gulf_music_v2_016","0cc2b45d660327c48695ad851317e42acb2c3456b8ad0298366cffc842c9f11a","distinct","Assistant inspected song:jarida:singer: Which Sudanese singer performs Al Jarida? (Mohammed Al Amin) against song:yabadahom:singer: Which singer performs Ya Badohom? (Abdul Majeed Abdullah). These identify different works, different institutions or different artist attributes. The review compares every completed bank, including Egyptian Music and Arabic Music; ambiguous or unsupported release credits were excluded during research. Different song credits, artist instruments, labels, collaborators and musical genres remain separate relations; no retained pair asks the same relation about the same entity."
"old_school_music_v2_062/gulf_music_v2_017","a5c9e0c0ce4a4026cf9749661de8c0aafc1b98a9c34cc37cdc5dde4f82c8cce1","distinct","Assistant inspected song:jarida:singer: Which Sudanese singer performs Al Jarida? (Mohammed Al Amin) against song:rahalty:singer: Which Kuwaiti singer performs Rahalty? (Abdullah Al Rowaished). These identify different works, different institutions or different artist attributes. The review compares every completed bank, including Egyptian Music and Arabic Music; ambiguous or unsupported release credits were excluded during research. Different song credits, artist instruments, labels, collaborators and musical genres remain separate relations; no retained pair asks the same relation about the same entity."
"old_school_music_v2_062/gulf_music_v2_022","5b9ed9524d77f16dfc7f3c533b7cdf663c4641f913cf85aea50fa021fc4fdfdf","distinct","Assistant inspected song:jarida:singer: Which Sudanese singer performs Al Jarida? (Mohammed Al Amin) against song:sheratan:singer: Which singer performs Sheratan Al Thahab? (Rashed Al Majid). These identify different works, different institutions or different artist attributes. The review compares every completed bank, including Egyptian Music and Arabic Music; ambiguous or unsupported release credits were excluded during research. Different song credits, artist instruments, labels, collaborators and musical genres remain separate relations; no retained pair asks the same relation about the same entity."
"old_school_music_v2_062/gulf_music_v2_037","01a9bf027bd06f5a715bdc3678faaebd5ae921ca61cfb5616e4a3a9aba896bc1","distinct","Assistant inspected song:jarida:singer: Which Sudanese singer performs Al Jarida? (Mohammed Al Amin) against song:duniaalwalah:singer: Which singer recorded Dunia Al Walah? (Abdullah Al Rowaished). These identify different works, different institutions or different artist attributes. The review compares every completed bank, including Egyptian Music and Arabic Music; ambiguous or unsupported release credits were excluded during research. Different song credits, artist instruments, labels, collaborators and musical genres remain separate relations; no retained pair asks the same relation about the same entity."
"old_school_music_v2_062/gulf_music_v2_052","551ce1da49addfc6bfe420330504454931144d5f45299209f2f8c7e86f8cefd5","distinct","Assistant inspected song:jarida:singer: Which Sudanese singer performs Al Jarida? (Mohammed Al Amin) against song:mozhela:singer: Which singer recorded Mozhela? (Mohammed Abdu). These identify different works, different institutions or different artist attributes. The review compares every completed bank, including Egyptian Music and Arabic Music; ambiguous or unsupported release credits were excluded during research. Different song credits, artist instruments, labels, collaborators and musical genres remain separate relations; no retained pair asks the same relation about the same entity."
"old_school_music_v2_062/gulf_music_v2_056","89d301630d84a53b81b94f71722fc9eb55c5da5ceceac4a01139c91d87727d3f","distinct","Assistant inspected song:jarida:singer: Which Sudanese singer performs Al Jarida? (Mohammed Al Amin) against song:qalootara:singer: Which singer recorded Qaloo Tara? (Abadi Al Johar). These identify different works, different institutions or different artist attributes. The review compares every completed bank, including Egyptian Music and Arabic Music; ambiguous or unsupported release credits were excluded during research. Different song credits, artist instruments, labels, collaborators and musical genres remain separate relations; no retained pair asks the same relation about the same entity."
"old_school_music_v2_062/gulf_music_v2_066","71f0b8a31ae9e56a32c90e9caf71bc6ce4a0c89816db4f5f24b578fced76a17e","distinct","Assistant inspected song:jarida:singer: Which Sudanese singer performs Al Jarida? (Mohammed Al Amin) against song:tenadeek:singer: Which singer recorded Tenadeek? (Majid Al Mohandis). These identify different works, different institutions or different artist attributes. The review compares every completed bank, including Egyptian Music and Arabic Music; ambiguous or unsupported release credits were excluded during research. Different song credits, artist instruments, labels, collaborators and musical genres remain separate relations; no retained pair asks the same relation about the same entity."
"old_school_music_v2_138/gulf_music_v2_135","043a96045e23fdde509ed0825e39ee1639dc933557aa7c8ae015b803c62bd9b3","distinct","Assistant inspected song:saatsaat:lyricist: Who wrote the lyrics of Sabah's Saat Saat? (Abdel Rahman El Abnoudi) against song:sikkasafar:lyricist: Who wrote the lyrics of Nabeel Shuail's Sikka Safar? (Abdul Latif Al Bannai). These identify different works, different institutions or different artist attributes. The review compares every completed bank, including Egyptian Music and Arabic Music; ambiguous or unsupported release credits were excluded during research. Different song credits, artist instruments, labels, collaborators and musical genres remain separate relations; no retained pair asks the same relation about the same entity."
"old_school_music_v2_138/gulf_music_v2_147","53ae81e29d810c59c8a9df21bca7bb4df6c7484776503b8c8788363dfb7f3ab8","distinct","Assistant inspected song:saatsaat:lyricist: Who wrote the lyrics of Sabah's Saat Saat? (Abdel Rahman El Abnoudi) against song:tarban:lyricist: Who wrote the lyrics of Salah Al Zadjali's Tarban? (Haitham Al Busaidi). These identify different works, different institutions or different artist attributes. The review compares every completed bank, including Egyptian Music and Arabic Music; ambiguous or unsupported release credits were excluded during research. Different song credits, artist instruments, labels, collaborators and musical genres remain separate relations; no retained pair asks the same relation about the same entity."
"old_school_music_v2_138/gulf_music_v2_149","dbd8e48da2c4276c764f29d5dc3dc2aec8900a1b12062c7711d1b6ead926539a","distinct","Assistant inspected song:saatsaat:lyricist: Who wrote the lyrics of Sabah's Saat Saat? (Abdel Rahman El Abnoudi) against song:batalna:lyricist: Who wrote the lyrics of Fahad Al Kubaisi's Batalna? (Saad Al Mosallam). These identify different works, different institutions or different artist attributes. The review compares every completed bank, including Egyptian Music and Arabic Music; ambiguous or unsupported release credits were excluded during research. Different song credits, artist instruments, labels, collaborators and musical genres remain separate relations; no retained pair asks the same relation about the same entity."
"old_school_music_v2_138/gulf_music_v2_150","9d7961ab0e5a076321c243e328b8ecccc73e650fce95fb1be1ba3ee8336415dc","distinct","Assistant inspected song:saatsaat:lyricist: Who wrote the lyrics of Sabah's Saat Saat? (Abdel Rahman El Abnoudi) against song:tabra:lyricist: Who wrote the lyrics of Nawal's Tabra? (Abdul Latif Al Bannai). These identify different works, different institutions or different artist attributes. The review compares every completed bank, including Egyptian Music and Arabic Music; ambiguous or unsupported release credits were excluded during research. Different song credits, artist instruments, labels, collaborators and musical genres remain separate relations; no retained pair asks the same relation about the same entity."
"old_school_music_v2_138/gulf_music_v2_151","b603e5b872d5cf8a1c7d30e85f1ee9d0c567aa1a6b1a269d48060026693972ba","distinct","Assistant inspected song:saatsaat:lyricist: Who wrote the lyrics of Sabah's Saat Saat? (Abdel Rahman El Abnoudi) against song:yashams:lyricist: Who wrote the lyrics of Nabeel Shuail's Ya Shams? (Abdul Latif Al Bannai). These identify different works, different institutions or different artist attributes. The review compares every completed bank, including Egyptian Music and Arabic Music; ambiguous or unsupported release credits were excluded during research. Different song credits, artist instruments, labels, collaborators and musical genres remain separate relations; no retained pair asks the same relation about the same entity."
"old_school_music_v2_138/gulf_music_v2_152","942c958d1c1a8ec5e385834649e02b294abc54fe7c298fb7b629a4d163eb89e2","distinct","Assistant inspected song:saatsaat:lyricist: Who wrote the lyrics of Sabah's Saat Saat? (Abdel Rahman El Abnoudi) against song:musafir:lyricist: Who wrote the lyrics of Rashed Al Majid's Al Musafir? (Badr bin Abdulmohsen). These identify different works, different institutions or different artist attributes. The review compares every completed bank, including Egyptian Music and Arabic Music; ambiguous or unsupported release credits were excluded during research. Different song credits, artist instruments, labels, collaborators and musical genres remain separate relations; no retained pair asks the same relation about the same entity."
"old_school_music_v2_138/gulf_music_v2_153","19e37a64459fc3e7a7414604f86ffc6e26f9855e10e5bf6c59263393750c1f84","distinct","Assistant inspected song:saatsaat:lyricist: Who wrote the lyrics of Sabah's Saat Saat? (Abdel Rahman El Abnoudi) against song:alamaken:lyricist: Who wrote the lyrics of Mohammed Abdu's Al Amaken? (Mansour Al Shadi). These identify different works, different institutions or different artist attributes. The review compares every completed bank, including Egyptian Music and Arabic Music; ambiguous or unsupported release credits were excluded during research. Different song credits, artist instruments, labels, collaborators and musical genres remain separate relations; no retained pair asks the same relation about the same entity."
"old_school_music_v2_138/gulf_music_v2_154","80891ef99317c7b8eaecdd12fddfec78f0111953f3e46ba53fba64f3d2131f38","distinct","Assistant inspected song:saatsaat:lyricist: Who wrote the lyrics of Sabah's Saat Saat? (Abdel Rahman El Abnoudi) against song:rahalty:lyricist: Who wrote the lyrics of Abdullah Al Rowaished's Rahalty? (Abdul Latif Al Bannai). These identify different works, different institutions or different artist attributes. The review compares every completed bank, including Egyptian Music and Arabic Music; ambiguous or unsupported release credits were excluded during research. Different song credits, artist instruments, labels, collaborators and musical genres remain separate relations; no retained pair asks the same relation about the same entity."
"old_school_music_v2_138/gulf_music_v2_155","1edf23a7d9389ebedbab8078ebb1504bf89d2bd39299fb6a49267a789b4ee508","distinct","Assistant inspected song:saatsaat:lyricist: Who wrote the lyrics of Sabah's Saat Saat? (Abdel Rahman El Abnoudi) against song:sedqni:lyricist: Who wrote the lyrics of Rabeh Saqer's Sedqni? (Mansour Al Shadi). These identify different works, different institutions or different artist attributes. The review compares every completed bank, including Egyptian Music and Arabic Music; ambiguous or unsupported release credits were excluded during research. Different song credits, artist instruments, labels, collaborators and musical genres remain separate relations; no retained pair asks the same relation about the same entity."
"old_school_music_v2_138/gulf_music_v2_161","b303f359355de51911880060bde45a5c610e4a2f4594bf8104eedb77a8aa5cd9","distinct","Assistant inspected song:saatsaat:lyricist: Who wrote the lyrics of Sabah's Saat Saat? (Abdel Rahman El Abnoudi) against song:anamasoul:lyricist: Who wrote the lyrics of Nawal's Ana El Masoul? (Mohamed Al Mansour). These identify different works, different institutions or different artist attributes. The review compares every completed bank, including Egyptian Music and Arabic Music; ambiguous or unsupported release credits were excluded during research. Different song credits, artist instruments, labels, collaborators and musical genres remain separate relations; no retained pair asks the same relation about the same entity."
"old_school_music_v2_138/gulf_music_v2_166","56e046510cc195423ea9994118364666840f0f906aaa372f5ac27b69e6061fad","distinct","Assistant inspected song:saatsaat:lyricist: Who wrote the lyrics of Sabah's Saat Saat? (Abdel Rahman El Abnoudi) against song:maqadir:lyricist: Who wrote the lyrics of Talal Maddah's Maqadir? (Prince Mohammed Al Abdullah Al Faisal). These identify different works, different institutions or different artist attributes. The review compares every completed bank, including Egyptian Music and Arabic Music; ambiguous or unsupported release credits were excluded during research. Different song credits, artist instruments, labels, collaborators and musical genres remain separate relations; no retained pair asks the same relation about the same entity."
"old_school_music_v2_138/gulf_music_v2_171","6042102b2e91605541819041e581b7b3e0ff35e96da8072ed1ef167623cce864","distinct","Assistant inspected song:saatsaat:lyricist: Who wrote the lyrics of Sabah's Saat Saat? (Abdel Rahman El Abnoudi) against song:nasetni:lyricist: Who wrote the lyrics of Ayed's Nasetni? (Fahad Al Mosaed). These identify different works, different institutions or different artist attributes. The review compares every completed bank, including Egyptian Music and Arabic Music; ambiguous or unsupported release credits were excluded during research. Different song credits, artist instruments, labels, collaborators and musical genres remain separate relations; no retained pair asks the same relation about the same entity."
"old_school_music_v2_138/gulf_music_v2_174","e9a73377416ebea375572fbc3ed85a2788cb68baabedd125630d4c0c42c60f80","distinct","Assistant inspected song:saatsaat:lyricist: Who wrote the lyrics of Sabah's Saat Saat? (Abdel Rahman El Abnoudi) against song:qulubsahiya:lyricist: Who wrote the lyrics of Nawal's Al Quloub Al Sahiya? (Yousef Al Sabri). These identify different works, different institutions or different artist attributes. The review compares every completed bank, including Egyptian Music and Arabic Music; ambiguous or unsupported release credits were excluded during research. Different song credits, artist instruments, labels, collaborators and musical genres remain separate relations; no retained pair asks the same relation about the same entity."
"old_school_music_v2_138/gulf_music_v2_184","493f383fa43120bed9465e3f30253f352c926dc3d9cca7d846e893e2ed89f356","distinct","Assistant inspected song:saatsaat:lyricist: Who wrote the lyrics of Sabah's Saat Saat? (Abdel Rahman El Abnoudi) against song:tahadedninawal:lyricist: Who wrote the lyrics of Nawal's Tahadedni? (Saud Al Shubrmi). These identify different works, different institutions or different artist attributes. The review compares every completed bank, including Egyptian Music and Arabic Music; ambiguous or unsupported release credits were excluded during research. Different song credits, artist instruments, labels, collaborators and musical genres remain separate relations; no retained pair asks the same relation about the same entity."
"old_school_music_v2_138/gulf_music_v2_185","2c0e34c42bbbb41ec036bd047d8bb25eaf6648714c4352a1345a8b4f29e75a00","distinct","Assistant inspected song:saatsaat:lyricist: Who wrote the lyrics of Sabah's Saat Saat? (Abdel Rahman El Abnoudi) against song:esmaani:lyricist: Who wrote the lyrics of Abdul Majeed Abdullah's Esmaani? (Saud bin Mohammed Al Abdullah). These identify different works, different institutions or different artist attributes. The review compares every completed bank, including Egyptian Music and Arabic Music; ambiguous or unsupported release credits were excluded during research. Different song credits, artist instruments, labels, collaborators and musical genres remain separate relations; no retained pair asks the same relation about the same entity."
"old_school_music_v2_138/gulf_music_v2_186","66ac40250aafdba5eabf3b89251ab4a3fdbc063732b3e306ac3dd5d72837cab5","distinct","Assistant inspected song:saatsaat:lyricist: Who wrote the lyrics of Sabah's Saat Saat? (Abdel Rahman El Abnoudi) against song:ygolon:lyricist: Who wrote the lyrics of Nabeel Shuail's Ygolon? (Ahmad Al Sanea). These identify different works, different institutions or different artist attributes. The review compares every completed bank, including Egyptian Music and Arabic Music; ambiguous or unsupported release credits were excluded during research. Different song credits, artist instruments, labels, collaborators and musical genres remain separate relations; no retained pair asks the same relation about the same entity."
"old_school_music_v2_138/gulf_music_v2_190","676e258ace7a896b4b35831e6395df0e8fd7008fbae87befed32bc69fb3ba95c","distinct","Assistant inspected song:saatsaat:lyricist: Who wrote the lyrics of Sabah's Saat Saat? (Abdel Rahman El Abnoudi) against song:lelatkhamis:lyricist: Who wrote the lyrics of Mohammed Abdu's Lelat Khamis? (Prince Khaled bin Yazid). These identify different works, different institutions or different artist attributes. The review compares every completed bank, including Egyptian Music and Arabic Music; ambiguous or unsupported release credits were excluded during research. Different song credits, artist instruments, labels, collaborators and musical genres remain separate relations; no retained pair asks the same relation about the same entity."
"old_school_music_v2_138/gulf_music_v2_193","c9446236926dfa44ef014b18c2b2314ce683be37f520b9c360db117c65c0ee71","distinct","Assistant inspected song:saatsaat:lyricist: Who wrote the lyrics of Sabah's Saat Saat? (Abdel Rahman El Abnoudi) against song:mozhela:lyricist: Who wrote the lyrics of Mohammed Abdu's Mozhela? (Prince Abdulrahman bin Musaed). These identify different works, different institutions or different artist attributes. The review compares every completed bank, including Egyptian Music and Arabic Music; ambiguous or unsupported release credits were excluded during research. Different song credits, artist instruments, labels, collaborators and musical genres remain separate relations; no retained pair asks the same relation about the same entity."
"old_school_music_v2_138/gulf_music_v2_194","97a8570010e2986920b936a51e975eee09a106a144c30c9bf25c9f7489251d5e","distinct","Assistant inspected song:saatsaat:lyricist: Who wrote the lyrics of Sabah's Saat Saat? (Abdel Rahman El Abnoudi) against song:absher:lyricist: Who wrote the lyrics of Rashed Al Majid's Absher? (Rashed bin Juaythen). These identify different works, different institutions or different artist attributes. The review compares every completed bank, including Egyptian Music and Arabic Music; ambiguous or unsupported release credits were excluded during research. Different song credits, artist instruments, labels, collaborators and musical genres remain separate relations; no retained pair asks the same relation about the same entity."
"old_school_music_v2_138/gulf_music_v2_197","70dadacd07e40181821accca83d89e9a7fcead3f9f05f3a4f73a2b0c59f8eff7","distinct","Assistant inspected song:saatsaat:lyricist: Who wrote the lyrics of Sabah's Saat Saat? (Abdel Rahman El Abnoudi) against song:methlnaseem:lyricist: Who wrote the lyrics of Nawal's Methl Al Naseem? (Fahad Al Mosaed). These identify different works, different institutions or different artist attributes. The review compares every completed bank, including Egyptian Music and Arabic Music; ambiguous or unsupported release credits were excluded during research. Different song credits, artist instruments, labels, collaborators and musical genres remain separate relations; no retained pair asks the same relation about the same entity."
"old_school_music_v2_138/gulf_music_v2_203","a9d676d1296b1e63dc12ae89c36ad2dd52e067f0aaca8936d4d6dc1e2981607f","distinct","Assistant inspected song:saatsaat:lyricist: Who wrote the lyrics of Sabah's Saat Saat? (Abdel Rahman El Abnoudi) against song:tenadeek:lyricist: Who wrote the lyrics of Majid Al Mohandis's Tenadeek? (Yasser Al Twaijri). These identify different works, different institutions or different artist attributes. The review compares every completed bank, including Egyptian Music and Arabic Music; ambiguous or unsupported release credits were excluded during research. Different song credits, artist instruments, labels, collaborators and musical genres remain separate relations; no retained pair asks the same relation about the same entity."
"old_school_music_v2_139/gulf_music_v2_150","83807110f7ef2cd1ad20dbd85df42737e7f43d9498c2f0bc9dd823e4b6c56fb1","distinct","Assistant inspected song:akdebaleik:lyricist: Who wrote the lyrics of Warda's Akdeb Aleik? (Morsi Gamil Aziz) against song:tabra:lyricist: Who wrote the lyrics of Nawal's Tabra? (Abdul Latif Al Bannai). These identify different works, different institutions or different artist attributes. The review compares every completed bank, including Egyptian Music and Arabic Music; ambiguous or unsupported release credits were excluded during research. Different song credits, artist instruments, labels, collaborators and musical genres remain separate relations; no retained pair asks the same relation about the same entity."
"old_school_music_v2_139/gulf_music_v2_155","fffc5824bd6715849e0dee54964cea9108fa4dad4f30d02699c034f1ebb77321","distinct","Assistant inspected song:akdebaleik:lyricist: Who wrote the lyrics of Warda's Akdeb Aleik? (Morsi Gamil Aziz) against song:sedqni:lyricist: Who wrote the lyrics of Rabeh Saqer's Sedqni? (Mansour Al Shadi). These identify different works, different institutions or different artist attributes. The review compares every completed bank, including Egyptian Music and Arabic Music; ambiguous or unsupported release credits were excluded during research. Different song credits, artist instruments, labels, collaborators and musical genres remain separate relations; no retained pair asks the same relation about the same entity."
"old_school_music_v2_139/gulf_music_v2_166","2a6ddda26c22ba6be82870ba3bee1c5fe9a9582fe40ad86c7cf56f465c229eb1","distinct","Assistant inspected song:akdebaleik:lyricist: Who wrote the lyrics of Warda's Akdeb Aleik? (Morsi Gamil Aziz) against song:maqadir:lyricist: Who wrote the lyrics of Talal Maddah's Maqadir? (Prince Mohammed Al Abdullah Al Faisal). These identify different works, different institutions or different artist attributes. The review compares every completed bank, including Egyptian Music and Arabic Music; ambiguous or unsupported release credits were excluded during research. Different song credits, artist instruments, labels, collaborators and musical genres remain separate relations; no retained pair asks the same relation about the same entity."
"old_school_music_v2_139/gulf_music_v2_171","5b6d70b8571965c535776528908e6a26a5194c19c3eb8240656332e4371cf5c4","distinct","Assistant inspected song:akdebaleik:lyricist: Who wrote the lyrics of Warda's Akdeb Aleik? (Morsi Gamil Aziz) against song:nasetni:lyricist: Who wrote the lyrics of Ayed's Nasetni? (Fahad Al Mosaed). These identify different works, different institutions or different artist attributes. The review compares every completed bank, including Egyptian Music and Arabic Music; ambiguous or unsupported release credits were excluded during research. Different song credits, artist instruments, labels, collaborators and musical genres remain separate relations; no retained pair asks the same relation about the same entity."
"old_school_music_v2_139/gulf_music_v2_184","7ab662344b42ef7add764dc5703a1dbb1c3da0f4e889f2a1faeeeb7ebd450eb1","distinct","Assistant inspected song:akdebaleik:lyricist: Who wrote the lyrics of Warda's Akdeb Aleik? (Morsi Gamil Aziz) against song:tahadedninawal:lyricist: Who wrote the lyrics of Nawal's Tahadedni? (Saud Al Shubrmi). These identify different works, different institutions or different artist attributes. The review compares every completed bank, including Egyptian Music and Arabic Music; ambiguous or unsupported release credits were excluded during research. Different song credits, artist instruments, labels, collaborators and musical genres remain separate relations; no retained pair asks the same relation about the same entity."
"old_school_music_v2_139/gulf_music_v2_186","4874396fe41afcedfa3fa5b69cabdf23cb3069a24e49ec2d97d03a0194b51708","distinct","Assistant inspected song:akdebaleik:lyricist: Who wrote the lyrics of Warda's Akdeb Aleik? (Morsi Gamil Aziz) against song:ygolon:lyricist: Who wrote the lyrics of Nabeel Shuail's Ygolon? (Ahmad Al Sanea). These identify different works, different institutions or different artist attributes. The review compares every completed bank, including Egyptian Music and Arabic Music; ambiguous or unsupported release credits were excluded during research. Different song credits, artist instruments, labels, collaborators and musical genres remain separate relations; no retained pair asks the same relation about the same entity."
"old_school_music_v2_139/gulf_music_v2_193","221ce9339e67f0c58ccb008e92670543e2353f5ada0476ee8acd63f0029e2872","distinct","Assistant inspected song:akdebaleik:lyricist: Who wrote the lyrics of Warda's Akdeb Aleik? (Morsi Gamil Aziz) against song:mozhela:lyricist: Who wrote the lyrics of Mohammed Abdu's Mozhela? (Prince Abdulrahman bin Musaed). These identify different works, different institutions or different artist attributes. The review compares every completed bank, including Egyptian Music and Arabic Music; ambiguous or unsupported release credits were excluded during research. Different song credits, artist instruments, labels, collaborators and musical genres remain separate relations; no retained pair asks the same relation about the same entity."
"old_school_music_v2_142/gulf_music_v2_161","a64dcb35ba66c13da7cc6e9019bee3b03205981d859d4b6f6b21914fa62776f4","distinct","Assistant inspected song:hawasultan:lyricist: Who wrote the lyrics of George Wassouf's El Hawa Sultan? (Badi Yazbek) against song:anamasoul:lyricist: Who wrote the lyrics of Nawal's Ana El Masoul? (Mohamed Al Mansour). These identify different works, different institutions or different artist attributes. The review compares every completed bank, including Egyptian Music and Arabic Music; ambiguous or unsupported release credits were excluded during research. Different song credits, artist instruments, labels, collaborators and musical genres remain separate relations; no retained pair asks the same relation about the same entity."
"old_school_music_v2_145/gulf_music_v2_150","8e311e4efd391226c1a8b6be9b662cf44441038a090051c9f4f7da09409189a5","distinct","Assistant inspected song:haramt:lyricist: Who wrote the lyrics of Warda's Haramt Ahebak? (Omar Batisha) against song:tabra:lyricist: Who wrote the lyrics of Nawal's Tabra? (Abdul Latif Al Bannai). These identify different works, different institutions or different artist attributes. The review compares every completed bank, including Egyptian Music and Arabic Music; ambiguous or unsupported release credits were excluded during research. Different song credits, artist instruments, labels, collaborators and musical genres remain separate relations; no retained pair asks the same relation about the same entity."
"old_school_music_v2_145/gulf_music_v2_155","d228704979f8a8dd1df05ecc894ca6c0a1c7f65fe7bca6e1c6cfc488b9b04bae","distinct","Assistant inspected song:haramt:lyricist: Who wrote the lyrics of Warda's Haramt Ahebak? (Omar Batisha) against song:sedqni:lyricist: Who wrote the lyrics of Rabeh Saqer's Sedqni? (Mansour Al Shadi). These identify different works, different institutions or different artist attributes. The review compares every completed bank, including Egyptian Music and Arabic Music; ambiguous or unsupported release credits were excluded during research. Different song credits, artist instruments, labels, collaborators and musical genres remain separate relations; no retained pair asks the same relation about the same entity."
"old_school_music_v2_145/gulf_music_v2_166","ca1e9e2cc34fae84af53c403c69d3a1b8766a26e2d87f30a232369d7ec2eaeea","distinct","Assistant inspected song:haramt:lyricist: Who wrote the lyrics of Warda's Haramt Ahebak? (Omar Batisha) against song:maqadir:lyricist: Who wrote the lyrics of Talal Maddah's Maqadir? (Prince Mohammed Al Abdullah Al Faisal). These identify different works, different institutions or different artist attributes. The review compares every completed bank, including Egyptian Music and Arabic Music; ambiguous or unsupported release credits were excluded during research. Different song credits, artist instruments, labels, collaborators and musical genres remain separate relations; no retained pair asks the same relation about the same entity."
"old_school_music_v2_145/gulf_music_v2_171","59bac5590aedd257b78fe5c88c785dfde011ab1de0dfe7adf212d5eb0b162bf1","distinct","Assistant inspected song:haramt:lyricist: Who wrote the lyrics of Warda's Haramt Ahebak? (Omar Batisha) against song:nasetni:lyricist: Who wrote the lyrics of Ayed's Nasetni? (Fahad Al Mosaed). These identify different works, different institutions or different artist attributes. The review compares every completed bank, including Egyptian Music and Arabic Music; ambiguous or unsupported release credits were excluded during research. Different song credits, artist instruments, labels, collaborators and musical genres remain separate relations; no retained pair asks the same relation about the same entity."
"old_school_music_v2_145/gulf_music_v2_184","f3b0ff52294f77c44e2b0b6cff9d8ac65b40cbf72b53b2d1a4d592117444ba23","distinct","Assistant inspected song:haramt:lyricist: Who wrote the lyrics of Warda's Haramt Ahebak? (Omar Batisha) against song:tahadedninawal:lyricist: Who wrote the lyrics of Nawal's Tahadedni? (Saud Al Shubrmi). These identify different works, different institutions or different artist attributes. The review compares every completed bank, including Egyptian Music and Arabic Music; ambiguous or unsupported release credits were excluded during research. Different song credits, artist instruments, labels, collaborators and musical genres remain separate relations; no retained pair asks the same relation about the same entity."
"old_school_music_v2_145/gulf_music_v2_186","fd561e9f65015ed199d67214dbd28c88b070a26de51e0d9fa80934625b3303d9","distinct","Assistant inspected song:haramt:lyricist: Who wrote the lyrics of Warda's Haramt Ahebak? (Omar Batisha) against song:ygolon:lyricist: Who wrote the lyrics of Nabeel Shuail's Ygolon? (Ahmad Al Sanea). These identify different works, different institutions or different artist attributes. The review compares every completed bank, including Egyptian Music and Arabic Music; ambiguous or unsupported release credits were excluded during research. Different song credits, artist instruments, labels, collaborators and musical genres remain separate relations; no retained pair asks the same relation about the same entity."
"old_school_music_v2_145/gulf_music_v2_193","15e5a3cd94efabc1acd3a74e56172ed1bc91e1dc0c71845fa779ad000691d940","distinct","Assistant inspected song:haramt:lyricist: Who wrote the lyrics of Warda's Haramt Ahebak? (Omar Batisha) against song:mozhela:lyricist: Who wrote the lyrics of Mohammed Abdu's Mozhela? (Prince Abdulrahman bin Musaed). These identify different works, different institutions or different artist attributes. The review compares every completed bank, including Egyptian Music and Arabic Music; ambiguous or unsupported release credits were excluded during research. Different song credits, artist instruments, labels, collaborators and musical genres remain separate relations; no retained pair asks the same relation about the same entity."
"old_school_music_v2_198/gulf_music_v2_153","0869200251f7c2d5450135a6b383d8a166c604aecd71c45dc097a3541b51b3fe","distinct","Assistant inspected song:jarida:poet: Who wrote the lyrics of Al Jarida, sung by Mohammed Al Amin? (Fadl Allah Mohammed) against song:alamaken:lyricist: Who wrote the lyrics of Mohammed Abdu's Al Amaken? (Mansour Al Shadi). These identify different works, different institutions or different artist attributes. The review compares every completed bank, including Egyptian Music and Arabic Music; ambiguous or unsupported release credits were excluded during research. Different song credits, artist instruments, labels, collaborators and musical genres remain separate relations; no retained pair asks the same relation about the same entity."
"old_school_music_v2_204/gulf_music_v2_193","5dd5fff02207e45271c4f5c8b7b17cb9f34d58ebaed2db933bbd70721b9dbe81","distinct","Assistant inspected song:mesafer:lyricist: Who wrote the lyrics of Mohammed Abdel Wahab’s Ya Mesafer Wahdak? (Hussein El Sayed) against song:mozhela:lyricist: Who wrote the lyrics of Mohammed Abdu's Mozhela? (Prince Abdulrahman bin Musaed). These identify different works, different institutions or different artist attributes. The review compares every completed bank, including Egyptian Music and Arabic Music; ambiguous or unsupported release credits were excluded during research. Different song credits, artist instruments, labels, collaborators and musical genres remain separate relations; no retained pair asks the same relation about the same entity."
"old_school_music_v2_002/kuwaiti_music_v2_036","37a92972dc7ad4b1f01849f016a9a476d5ff0bbf324e467bbc4d3826cc198fc7","distinct","Assistant inspected song:saatsaat:singer: Which Lebanese singer is known for Saat Saat? (Sabah) against song:fidwalij:singer: Which Kuwaiti singer is known for Fidwa Lij? (Abdul Mohsen Al Muhanna). These identify different works, different institutions or different artist attributes. The review compares every completed bank, including Egyptian Music and Arabic Music; ambiguous or unsupported release credits were excluded during research. Different song credits, artist instruments, labels, collaborators and musical genres remain separate relations; no retained pair asks the same relation about the same entity."
"old_school_music_v2_009/kuwaiti_music_v2_016","203a06586faab59e07983ab9e755ed7ae8b53498da6feb89b211ec4ca97caabb","distinct","Assistant inspected song:haramt:singer: Which singer performs Haramt Ahebak? (Warda Al Jazairia) against song:akoumislek:singer: Which female singer performs Akou Mislek? (Nawal). These identify different works, different institutions or different artist attributes. The review compares every completed bank, including Egyptian Music and Arabic Music; ambiguous or unsupported release credits were excluded during research. Different song credits, artist instruments, labels, collaborators and musical genres remain separate relations; no retained pair asks the same relation about the same entity."
"old_school_music_v2_009/kuwaiti_music_v2_033","e0759156e2f6b35e697a702e8069987c5cbd014d1b69547b78ee2af51a0e4020","distinct","Assistant inspected song:haramt:singer: Which singer performs Haramt Ahebak? (Warda Al Jazairia) against song:sadqah:singer: Which Kuwaiti female singer performs Sadqah? (Maram). These identify different works, different institutions or different artist attributes. The review compares every completed bank, including Egyptian Music and Arabic Music; ambiguous or unsupported release credits were excluded during research. Different song credits, artist instruments, labels, collaborators and musical genres remain separate relations; no retained pair asks the same relation about the same entity."
"old_school_music_v2_009/kuwaiti_music_v2_041","b36bb5f7d11a4c447543cfbb320542b36f84aeda0fe74f6d219900c1f1952cca","distinct","Assistant inspected song:haramt:singer: Which singer performs Haramt Ahebak? (Warda Al Jazairia) against song:mughroura:singer: Which Kuwaiti female singer performs Mughroura? (Maram). These identify different works, different institutions or different artist attributes. The review compares every completed bank, including Egyptian Music and Arabic Music; ambiguous or unsupported release credits were excluded during research. Different song credits, artist instruments, labels, collaborators and musical genres remain separate relations; no retained pair asks the same relation about the same entity."
"old_school_music_v2_038/kuwaiti_music_v2_010","751003d75e2d4a4ac05a959274916a77e0ee7a6d925e1c2a8b14e1344d3d3648","distinct","Assistant inspected song:rahela:singer: Who performs the famous classic recording of Rahila? (Mohammed El Hayani) against song:masmouh:ghareedsinger: Which Kuwaiti singer performs the classic recording of Masmouh? (Ghareed Al Shati). These identify different works, different institutions or different artist attributes. The review compares every completed bank, including Egyptian Music and Arabic Music; ambiguous or unsupported release credits were excluded during research. Different song credits, artist instruments, labels, collaborators and musical genres remain separate relations; no retained pair asks the same relation about the same entity."
"old_school_music_v2_040/kuwaiti_music_v2_010","d63571188d06c03202ec08ec3618ed76f0797835d3a71b1aba112c7d750c1499","distinct","Assistant inspected song:adawiyaclassic:singer: Who performs the famous classic recording of Adawiya? (Mohammed Rushdi) against song:masmouh:ghareedsinger: Which Kuwaiti singer performs the classic recording of Masmouh? (Ghareed Al Shati). These identify different works, different institutions or different artist attributes. The review compares every completed bank, including Egyptian Music and Arabic Music; ambiguous or unsupported release credits were excluded during research. Different song credits, artist instruments, labels, collaborators and musical genres remain separate relations; no retained pair asks the same relation about the same entity."
"old_school_music_v2_062/kuwaiti_music_v2_012","6be25c274d77e1e636cb4b5d00f52e41b072b5ee816fd02c9b4f352187a55ff6","distinct","Assistant inspected song:jarida:singer: Which Sudanese singer performs Al Jarida? (Mohammed Al Amin) against song:etmaen:singer: Which Kuwaiti singer performs Etmaen? (Hammoud Naser). These identify different works, different institutions or different artist attributes. The review compares every completed bank, including Egyptian Music and Arabic Music; ambiguous or unsupported release credits were excluded during research. Different song credits, artist instruments, labels, collaborators and musical genres remain separate relations; no retained pair asks the same relation about the same entity."
"old_school_music_v2_062/kuwaiti_music_v2_049","c638791cd5f2a4c665ddc9f517ac8196241eda79340373bcf46037bad48a1263","distinct","Assistant inspected song:jarida:singer: Which Sudanese singer performs Al Jarida? (Mohammed Al Amin) against song:alshougjabak:singer: Which singer performs Al Shoug Jabak? (Nawal). These identify different works, different institutions or different artist attributes. The review compares every completed bank, including Egyptian Music and Arabic Music; ambiguous or unsupported release credits were excluded during research. Different song credits, artist instruments, labels, collaborators and musical genres remain separate relations; no retained pair asks the same relation about the same entity."
"old_school_music_v2_064/kuwaiti_music_v2_010","7d0cd9c9dab552ca2cf838584324ec1b43aa014478390c59a035f5d58f449d74","distinct","Assistant inspected song:najma:singer: Who sings the classic recording of Ya Najma? (Hussein Nema) against song:masmouh:ghareedsinger: Which Kuwaiti singer performs the classic recording of Masmouh? (Ghareed Al Shati). These identify different works, different institutions or different artist attributes. The review compares every completed bank, including Egyptian Music and Arabic Music; ambiguous or unsupported release credits were excluded during research. Different song credits, artist instruments, labels, collaborators and musical genres remain separate relations; no retained pair asks the same relation about the same entity."
"old_school_music_v2_066/kuwaiti_music_v2_010","c952e3940efc92dab16332a3bb076e0f75d8be9e1d6b6b0be687fbbc39818a0e","distinct","Assistant inspected song:saqayeen:singer: Who sings the classic recording of Haret El Saqayeen? (Sharifa Fadel) against song:masmouh:ghareedsinger: Which Kuwaiti singer performs the classic recording of Masmouh? (Ghareed Al Shati). These identify different works, different institutions or different artist attributes. The review compares every completed bank, including Egyptian Music and Arabic Music; ambiguous or unsupported release credits were excluded during research. Different song credits, artist instruments, labels, collaborators and musical genres remain separate relations; no retained pair asks the same relation about the same entity."
"old_school_music_v2_138/kuwaiti_music_v2_073","501bd0e6c73f6176ad2ec719efb1c7167c7e72e6383c7ddfd46d783f32a0d279","distinct","Assistant inspected song:saatsaat:lyricist: Who wrote the lyrics of Sabah's Saat Saat? (Abdel Rahman El Abnoudi) against song:kunanta:lyricist: Who wrote the lyrics of Humood AlKhudher's Kun Anta? (Saif Fadhel). These identify different works, different institutions or different artist attributes. The review compares every completed bank, including Egyptian Music and Arabic Music; ambiguous or unsupported release credits were excluded during research. Different song credits, artist instruments, labels, collaborators and musical genres remain separate relations; no retained pair asks the same relation about the same entity."
"old_school_music_v2_138/kuwaiti_music_v2_109","7abfeee41c437ce6c9ded86a61f9625ef277f6d5b13e17f4b60d63bb0f4fb5a9","distinct","Assistant inspected song:saatsaat:lyricist: Who wrote the lyrics of Sabah's Saat Saat? (Abdel Rahman El Abnoudi) against song:abeek:lyricist: Who wrote the lyrics of Abdullah Al Rowaished's Abeek? (Abdul Latif Al Bannai). These identify different works, different institutions or different artist attributes. The review compares every completed bank, including Egyptian Music and Arabic Music; ambiguous or unsupported release credits were excluded during research. Different song credits, artist instruments, labels, collaborators and musical genres remain separate relations; no retained pair asks the same relation about the same entity."
"old_school_music_v2_138/kuwaiti_music_v2_137","a5a13ada7c4c709b794f0edcdd14365e4861571151d7f508e1101d0c38210c51","distinct","Assistant inspected song:saatsaat:lyricist: Who wrote the lyrics of Sabah's Saat Saat? (Abdel Rahman El Abnoudi) against song:ajorelsout:lyricist: Who wrote the lyrics of AbdulKarim AbdulQader's Ajor Elsoot? (AbdulLatif Al Bannai). These identify different works, different institutions or different artist attributes. The review compares every completed bank, including Egyptian Music and Arabic Music; ambiguous or unsupported release credits were excluded during research. Different song credits, artist instruments, labels, collaborators and musical genres remain separate relations; no retained pair asks the same relation about the same entity."
"old_school_music_v2_138/kuwaiti_music_v2_142","7785ce69d595507ce626f8c865ef044129ba20645755c0da399635e8bf4dafb2","distinct","Assistant inspected song:saatsaat:lyricist: Who wrote the lyrics of Sabah's Saat Saat? (Abdel Rahman El Abnoudi) against song:zenatayyami:lyricist: Who wrote the lyrics of Nawal's Zenat Ayyami? (Bader Borsli). These identify different works, different institutions or different artist attributes. The review compares every completed bank, including Egyptian Music and Arabic Music; ambiguous or unsupported release credits were excluded during research. Different song credits, artist instruments, labels, collaborators and musical genres remain separate relations; no retained pair asks the same relation about the same entity."
"old_school_music_v2_138/kuwaiti_music_v2_145","2215109e19e672cd56b7ba1e4cc81b9d7e1dda9c64b29fabb979b6fd98094a42","distinct","Assistant inspected song:saatsaat:lyricist: Who wrote the lyrics of Sabah's Saat Saat? (Abdel Rahman El Abnoudi) against song:yaassal:lyricist: Who wrote the lyrics of Nabeel Shuail's Ya Assal? (Ahmed Alawi). These identify different works, different institutions or different artist attributes. The review compares every completed bank, including Egyptian Music and Arabic Music; ambiguous or unsupported release credits were excluded during research. Different song credits, artist instruments, labels, collaborators and musical genres remain separate relations; no retained pair asks the same relation about the same entity."
"old_school_music_v2_138/kuwaiti_music_v2_147","9a9ec2a82b563bd0d78852640c976a2b39effb5620b4926581751c017d973447","distinct","Assistant inspected song:saatsaat:lyricist: Who wrote the lyrics of Sabah's Saat Saat? (Abdel Rahman El Abnoudi) against song:wayedwayed:lyricist: Who wrote the lyrics of Mustafa Ahmed's Wayed Wayed? (Khalifa Al Abdullah). These identify different works, different institutions or different artist attributes. The review compares every completed bank, including Egyptian Music and Arabic Music; ambiguous or unsupported release credits were excluded during research. Different song credits, artist instruments, labels, collaborators and musical genres remain separate relations; no retained pair asks the same relation about the same entity."
"old_school_music_v2_138/kuwaiti_music_v2_149","74a9fe7cfcf8e79cf80429fc80ee4d70425b2fa7be96ae9d5d0591e6cd9164f6","distinct","Assistant inspected song:saatsaat:lyricist: Who wrote the lyrics of Sabah's Saat Saat? (Abdel Rahman El Abnoudi) against song:halaftomri:lyricist: Who wrote the lyrics of Hussein Jassim's Halaft Omri? (Majed Sultan). These identify different works, different institutions or different artist attributes. The review compares every completed bank, including Egyptian Music and Arabic Music; ambiguous or unsupported release credits were excluded during research. Different song credits, artist instruments, labels, collaborators and musical genres remain separate relations; no retained pair asks the same relation about the same entity."
"old_school_music_v2_138/kuwaiti_music_v2_153","3f00e3c7e545fd880a2c97008eaa1134b9d228d3a6f07fa5e01407cd93928b91","distinct","Assistant inspected song:saatsaat:lyricist: Who wrote the lyrics of Sabah's Saat Saat? (Abdel Rahman El Abnoudi) against song:etmaen:lyricist: Who wrote the lyrics of Hammoud Naser's Etmaen? (Ali Al Matouq). These identify different works, different institutions or different artist attributes. The review compares every completed bank, including Egyptian Music and Arabic Music; ambiguous or unsupported release credits were excluded during research. Different song credits, artist instruments, labels, collaborators and musical genres remain separate relations; no retained pair asks the same relation about the same entity."
"old_school_music_v2_138/kuwaiti_music_v2_156","90ab4d492784f2215dde13c2a4dd0124775cbef9ae0fc3c1d391159fe6fa2b5e","distinct","Assistant inspected song:saatsaat:lyricist: Who wrote the lyrics of Sabah's Saat Saat? (Abdel Rahman El Abnoudi) against song:hikayatbahar:lyricist: Who wrote the lyrics of Hussein Jassim's Hikayat Bahar? (Khaled Al Ayaf). These identify different works, different institutions or different artist attributes. The review compares every completed bank, including Egyptian Music and Arabic Music; ambiguous or unsupported release credits were excluded during research. Different song credits, artist instruments, labels, collaborators and musical genres remain separate relations; no retained pair asks the same relation about the same entity."
"old_school_music_v2_138/kuwaiti_music_v2_157","5b894d4138b8df0abc3123921cca3281e03ea5aa4c4cd8954ed69a344c454078","distinct","Assistant inspected song:saatsaat:lyricist: Who wrote the lyrics of Sabah's Saat Saat? (Abdel Rahman El Abnoudi) against song:yamuairis:lyricist: Who wrote the lyrics of Hussein Jassim's Ya Muairis? (Mubarak Al Hudaibi). These identify different works, different institutions or different artist attributes. The review compares every completed bank, including Egyptian Music and Arabic Music; ambiguous or unsupported release credits were excluded during research. Different song credits, artist instruments, labels, collaborators and musical genres remain separate relations; no retained pair asks the same relation about the same entity."
"old_school_music_v2_138/kuwaiti_music_v2_162","79ae674206deae43d6660c1ec49b42b5af3a261e5059ea1d07745c8d2e082e52","distinct","Assistant inspected song:saatsaat:lyricist: Who wrote the lyrics of Sabah's Saat Saat? (Abdel Rahman El Abnoudi) against song:akoumislek:lyricist: Who wrote the lyrics of Nawal's Akou Mislek? (Bader Borsli). These identify different works, different institutions or different artist attributes. The review compares every completed bank, including Egyptian Music and Arabic Music; ambiguous or unsupported release credits were excluded during research. Different song credits, artist instruments, labels, collaborators and musical genres remain separate relations; no retained pair asks the same relation about the same entity."
"old_school_music_v2_138/kuwaiti_music_v2_167","72190940888db5dbe0fe249703657b80a7333c622a4f151ea2f2ec3040f2f139","distinct","Assistant inspected song:saatsaat:lyricist: Who wrote the lyrics of Sabah's Saat Saat? (Abdel Rahman El Abnoudi) against song:weshjabni:lyricist: Who wrote the lyrics of Fattouma's Wesh Jabni? (Hisham Al Shurooqi). These identify different works, different institutions or different artist attributes. The review compares every completed bank, including Egyptian Music and Arabic Music; ambiguous or unsupported release credits were excluded during research. Different song credits, artist instruments, labels, collaborators and musical genres remain separate relations; no retained pair asks the same relation about the same entity."
"old_school_music_v2_138/kuwaiti_music_v2_169","48e4911b8562f8c96ac5a4f3384c091b58965c03230666ea75a5f1b6740a9953","distinct","Assistant inspected song:saatsaat:lyricist: Who wrote the lyrics of Sabah's Saat Saat? (Abdel Rahman El Abnoudi) against song:ghamza:lyricist: Who wrote the lyrics of Ibrahim Dashti's Ghamza? (Mushrif Al Attabi). These identify different works, different institutions or different artist attributes. The review compares every completed bank, including Egyptian Music and Arabic Music; ambiguous or unsupported release credits were excluded during research. Different song credits, artist instruments, labels, collaborators and musical genres remain separate relations; no retained pair asks the same relation about the same entity."
"old_school_music_v2_138/kuwaiti_music_v2_179","5a381bd6ec27a755dcd59248b6b922f0bf4293a319f87bb845a6f96afc2f7a4c","distinct","Assistant inspected song:saatsaat:lyricist: Who wrote the lyrics of Sabah's Saat Saat? (Abdel Rahman El Abnoudi) against song:mistajela:lyricist: Who wrote the lyrics of Mesaed Al Baloushy's Mistajela? (Saud Al Fulaih). These identify different works, different institutions or different artist attributes. The review compares every completed bank, including Egyptian Music and Arabic Music; ambiguous or unsupported release credits were excluded during research. Different song credits, artist instruments, labels, collaborators and musical genres remain separate relations; no retained pair asks the same relation about the same entity."
"old_school_music_v2_138/kuwaiti_music_v2_187","32a7ced55130be09d1808eefd876cf3ee5a30773f652722931707df8866c896d","distinct","Assistant inspected song:saatsaat:lyricist: Who wrote the lyrics of Sabah's Saat Saat? (Abdel Rahman El Abnoudi) against song:mughroura:lyricist: Who wrote the lyrics of Maram's Mughroura? (Khaled Al Bathal). These identify different works, different institutions or different artist attributes. The review compares every completed bank, including Egyptian Music and Arabic Music; ambiguous or unsupported release credits were excluded during research. Different song credits, artist instruments, labels, collaborators and musical genres remain separate relations; no retained pair asks the same relation about the same entity."
"old_school_music_v2_138/kuwaiti_music_v2_190","3c416b9f78a1fcc040421fbbfcec458c18f2d7fcfe13d0c3c599d41524a88d53","distinct","Assistant inspected song:saatsaat:lyricist: Who wrote the lyrics of Sabah's Saat Saat? (Abdel Rahman El Abnoudi) against song:fahhmouh:lyricist: Who wrote the lyrics of Mutrif Al Mutrif's Fahhmouh? (Saad Al Musallam). These identify different works, different institutions or different artist attributes. The review compares every completed bank, including Egyptian Music and Arabic Music; ambiguous or unsupported release credits were excluded during research. Different song credits, artist instruments, labels, collaborators and musical genres remain separate relations; no retained pair asks the same relation about the same entity."
"old_school_music_v2_138/kuwaiti_music_v2_192","33dc80fb3df75359d73ba1ee76c14f21449c44bfcebea6ee9f04532c6356fdf1","distinct","Assistant inspected song:saatsaat:lyricist: Who wrote the lyrics of Sabah's Saat Saat? (Abdel Rahman El Abnoudi) against song:tawaadna:lyricist: Who wrote the lyrics of Abdul Qader Hadhoud's Tawaadna? (Al Ghaim). These identify different works, different institutions or different artist attributes. The review compares every completed bank, including Egyptian Music and Arabic Music; ambiguous or unsupported release credits were excluded during research. Different song credits, artist instruments, labels, collaborators and musical genres remain separate relations; no retained pair asks the same relation about the same entity."
"old_school_music_v2_138/kuwaiti_music_v2_194","5487ad0f31f30d47d230981d62ff9eacdbad5299b6ef894f951b9a2bc459de18","distinct","Assistant inspected song:saatsaat:lyricist: Who wrote the lyrics of Sabah's Saat Saat? (Abdel Rahman El Abnoudi) against song:samihni:lyricist: Who wrote the lyrics of Shaymaa Sulaiman's Samihni? (Sulaiman Bu Shait). These identify different works, different institutions or different artist attributes. The review compares every completed bank, including Egyptian Music and Arabic Music; ambiguous or unsupported release credits were excluded during research. Different song credits, artist instruments, labels, collaborators and musical genres remain separate relations; no retained pair asks the same relation about the same entity."
"old_school_music_v2_138/kuwaiti_music_v2_198","0f0e6e80982674efdd2533f73262bdfff04abb66b41767635d4c2791bc405210","distinct","Assistant inspected song:saatsaat:lyricist: Who wrote the lyrics of Sabah's Saat Saat? (Abdel Rahman El Abnoudi) against song:khatelkhatar:lyricist: Who wrote the lyrics of Shams's Khat El Khatar? (Qusay Issa). These identify different works, different institutions or different artist attributes. The review compares every completed bank, including Egyptian Music and Arabic Music; ambiguous or unsupported release credits were excluded during research. Different song credits, artist instruments, labels, collaborators and musical genres remain separate relations; no retained pair asks the same relation about the same entity."
"old_school_music_v2_138/kuwaiti_music_v2_199","12ca9f48ef94b719a79968ebc78ca80a5bc01eda88ea42061c363a9c0adf324c","distinct","Assistant inspected song:saatsaat:lyricist: Who wrote the lyrics of Sabah's Saat Saat? (Abdel Rahman El Abnoudi) against song:zahqanamellait:lyricist: Who wrote the lyrics of Shams's Zahqana Mellait? (Adnan Al Amir). These identify different works, different institutions or different artist attributes. The review compares every completed bank, including Egyptian Music and Arabic Music; ambiguous or unsupported release credits were excluded during research. Different song credits, artist instruments, labels, collaborators and musical genres remain separate relations; no retained pair asks the same relation about the same entity."
"old_school_music_v2_138/kuwaiti_music_v2_200","558ad68e7dcfcbb9952a15739aeb4a780533dee5151b552aed58197d8239723d","distinct","Assistant inspected song:saatsaat:lyricist: Who wrote the lyrics of Sabah's Saat Saat? (Abdel Rahman El Abnoudi) against song:wenwen:lyricist: Who wrote the lyrics of Hamad Al Qattan's Wen Wen? (Abdullah Al Omani). These identify different works, different institutions or different artist attributes. The review compares every completed bank, including Egyptian Music and Arabic Music; ambiguous or unsupported release credits were excluded during research. Different song credits, artist instruments, labels, collaborators and musical genres remain separate relations; no retained pair asks the same relation about the same entity."
"old_school_music_v2_138/kuwaiti_music_v2_202","cf92a3118fb0ca25b71edf8bc2cf102f9599b89d58ed32b0a849eec672f9f63e","distinct","Assistant inspected song:saatsaat:lyricist: Who wrote the lyrics of Sabah's Saat Saat? (Abdel Rahman El Abnoudi) against song:masmouh:lyricist: Who wrote the lyrics of Ghareed Al Shati's Masmouh? (Bader Borsli). These identify different works, different institutions or different artist attributes. The review compares every completed bank, including Egyptian Music and Arabic Music; ambiguous or unsupported release credits were excluded during research. Different song credits, artist instruments, labels, collaborators and musical genres remain separate relations; no retained pair asks the same relation about the same entity."
"old_school_music_v2_139/kuwaiti_music_v2_142","3b52cdce40fb113e3c3f5906c8bcd22cd7439a424659366cd319c806128257ab","distinct","Assistant inspected song:akdebaleik:lyricist: Who wrote the lyrics of Warda's Akdeb Aleik? (Morsi Gamil Aziz) against song:zenatayyami:lyricist: Who wrote the lyrics of Nawal's Zenat Ayyami? (Bader Borsli). These identify different works, different institutions or different artist attributes. The review compares every completed bank, including Egyptian Music and Arabic Music; ambiguous or unsupported release credits were excluded during research. Different song credits, artist instruments, labels, collaborators and musical genres remain separate relations; no retained pair asks the same relation about the same entity."
"old_school_music_v2_139/kuwaiti_music_v2_147","51e8205f5f9a71c1d673e0bcfc4d8218f940094c5842945ac35492b1159cb80f","distinct","Assistant inspected song:akdebaleik:lyricist: Who wrote the lyrics of Warda's Akdeb Aleik? (Morsi Gamil Aziz) against song:wayedwayed:lyricist: Who wrote the lyrics of Mustafa Ahmed's Wayed Wayed? (Khalifa Al Abdullah). These identify different works, different institutions or different artist attributes. The review compares every completed bank, including Egyptian Music and Arabic Music; ambiguous or unsupported release credits were excluded during research. Different song credits, artist instruments, labels, collaborators and musical genres remain separate relations; no retained pair asks the same relation about the same entity."
"old_school_music_v2_139/kuwaiti_music_v2_153","2434cc1119cae11911d260a79ba81f54c5fd47e4c68153c825df38384412c6b7","distinct","Assistant inspected song:akdebaleik:lyricist: Who wrote the lyrics of Warda's Akdeb Aleik? (Morsi Gamil Aziz) against song:etmaen:lyricist: Who wrote the lyrics of Hammoud Naser's Etmaen? (Ali Al Matouq). These identify different works, different institutions or different artist attributes. The review compares every completed bank, including Egyptian Music and Arabic Music; ambiguous or unsupported release credits were excluded during research. Different song credits, artist instruments, labels, collaborators and musical genres remain separate relations; no retained pair asks the same relation about the same entity."
"old_school_music_v2_139/kuwaiti_music_v2_162","db26039e4d6923493b93b51201d26f313aa9f45ba2901e8d0354d59016901a07","distinct","Assistant inspected song:akdebaleik:lyricist: Who wrote the lyrics of Warda's Akdeb Aleik? (Morsi Gamil Aziz) against song:akoumislek:lyricist: Who wrote the lyrics of Nawal's Akou Mislek? (Bader Borsli). These identify different works, different institutions or different artist attributes. The review compares every completed bank, including Egyptian Music and Arabic Music; ambiguous or unsupported release credits were excluded during research. Different song credits, artist instruments, labels, collaborators and musical genres remain separate relations; no retained pair asks the same relation about the same entity."
"old_school_music_v2_139/kuwaiti_music_v2_167","ff32f248c8e38f5cc292e5dddcdbd9fb4b2e9be963e47336635287f8a4e2109a","distinct","Assistant inspected song:akdebaleik:lyricist: Who wrote the lyrics of Warda's Akdeb Aleik? (Morsi Gamil Aziz) against song:weshjabni:lyricist: Who wrote the lyrics of Fattouma's Wesh Jabni? (Hisham Al Shurooqi). These identify different works, different institutions or different artist attributes. The review compares every completed bank, including Egyptian Music and Arabic Music; ambiguous or unsupported release credits were excluded during research. Different song credits, artist instruments, labels, collaborators and musical genres remain separate relations; no retained pair asks the same relation about the same entity."
"old_school_music_v2_139/kuwaiti_music_v2_169","2a8073fe1c997f7574411549bb4d87b9ff3372ed8327c2280a32308c0c36dd20","distinct","Assistant inspected song:akdebaleik:lyricist: Who wrote the lyrics of Warda's Akdeb Aleik? (Morsi Gamil Aziz) against song:ghamza:lyricist: Who wrote the lyrics of Ibrahim Dashti's Ghamza? (Mushrif Al Attabi). These identify different works, different institutions or different artist attributes. The review compares every completed bank, including Egyptian Music and Arabic Music; ambiguous or unsupported release credits were excluded during research. Different song credits, artist instruments, labels, collaborators and musical genres remain separate relations; no retained pair asks the same relation about the same entity."
"old_school_music_v2_139/kuwaiti_music_v2_187","82afb1a1bc14d925cd7d5933417e5140b6a646055cb49628feb15ec7d8554317","distinct","Assistant inspected song:akdebaleik:lyricist: Who wrote the lyrics of Warda's Akdeb Aleik? (Morsi Gamil Aziz) against song:mughroura:lyricist: Who wrote the lyrics of Maram's Mughroura? (Khaled Al Bathal). These identify different works, different institutions or different artist attributes. The review compares every completed bank, including Egyptian Music and Arabic Music; ambiguous or unsupported release credits were excluded during research. Different song credits, artist instruments, labels, collaborators and musical genres remain separate relations; no retained pair asks the same relation about the same entity."
"old_school_music_v2_139/kuwaiti_music_v2_190","9ee9611ae1e8768a9001ef3e05bfa245571a5f87a4d2137d6f9c421ab9a68bb9","distinct","Assistant inspected song:akdebaleik:lyricist: Who wrote the lyrics of Warda's Akdeb Aleik? (Morsi Gamil Aziz) against song:fahhmouh:lyricist: Who wrote the lyrics of Mutrif Al Mutrif's Fahhmouh? (Saad Al Musallam). These identify different works, different institutions or different artist attributes. The review compares every completed bank, including Egyptian Music and Arabic Music; ambiguous or unsupported release credits were excluded during research. Different song credits, artist instruments, labels, collaborators and musical genres remain separate relations; no retained pair asks the same relation about the same entity."
"old_school_music_v2_139/kuwaiti_music_v2_194","5ade835f0a3d802f0f369f3f722bb28230f23ad472b8db066358622874066df4","distinct","Assistant inspected song:akdebaleik:lyricist: Who wrote the lyrics of Warda's Akdeb Aleik? (Morsi Gamil Aziz) against song:samihni:lyricist: Who wrote the lyrics of Shaymaa Sulaiman's Samihni? (Sulaiman Bu Shait). These identify different works, different institutions or different artist attributes. The review compares every completed bank, including Egyptian Music and Arabic Music; ambiguous or unsupported release credits were excluded during research. Different song credits, artist instruments, labels, collaborators and musical genres remain separate relations; no retained pair asks the same relation about the same entity."
"old_school_music_v2_139/kuwaiti_music_v2_199","3823387997fd0d45c38256bef7fb13a50db8a02dc57e32701a8d382cc1fa3c30","distinct","Assistant inspected song:akdebaleik:lyricist: Who wrote the lyrics of Warda's Akdeb Aleik? (Morsi Gamil Aziz) against song:zahqanamellait:lyricist: Who wrote the lyrics of Shams's Zahqana Mellait? (Adnan Al Amir). These identify different works, different institutions or different artist attributes. The review compares every completed bank, including Egyptian Music and Arabic Music; ambiguous or unsupported release credits were excluded during research. Different song credits, artist instruments, labels, collaborators and musical genres remain separate relations; no retained pair asks the same relation about the same entity."
"old_school_music_v2_142/kuwaiti_music_v2_198","cbe4999c9e43db58da459750f2c4fa2d7aea31efe9658b894a49cfa290ba0704","distinct","Assistant inspected song:hawasultan:lyricist: Who wrote the lyrics of George Wassouf's El Hawa Sultan? (Badi Yazbek) against song:khatelkhatar:lyricist: Who wrote the lyrics of Shams's Khat El Khatar? (Qusay Issa). These identify different works, different institutions or different artist attributes. The review compares every completed bank, including Egyptian Music and Arabic Music; ambiguous or unsupported release credits were excluded during research. Different song credits, artist instruments, labels, collaborators and musical genres remain separate relations; no retained pair asks the same relation about the same entity."
"old_school_music_v2_145/kuwaiti_music_v2_142","b72b0e442fab1e0421eb052dcd777550123326ede77f577e8fbae2b6fb309868","distinct","Assistant inspected song:haramt:lyricist: Who wrote the lyrics of Warda's Haramt Ahebak? (Omar Batisha) against song:zenatayyami:lyricist: Who wrote the lyrics of Nawal's Zenat Ayyami? (Bader Borsli). These identify different works, different institutions or different artist attributes. The review compares every completed bank, including Egyptian Music and Arabic Music; ambiguous or unsupported release credits were excluded during research. Different song credits, artist instruments, labels, collaborators and musical genres remain separate relations; no retained pair asks the same relation about the same entity."
"old_school_music_v2_145/kuwaiti_music_v2_147","bd7c3ebc0018cb545c19c8836c36e4c6f368f14d93a1d7111c174d002baf034e","distinct","Assistant inspected song:haramt:lyricist: Who wrote the lyrics of Warda's Haramt Ahebak? (Omar Batisha) against song:wayedwayed:lyricist: Who wrote the lyrics of Mustafa Ahmed's Wayed Wayed? (Khalifa Al Abdullah). These identify different works, different institutions or different artist attributes. The review compares every completed bank, including Egyptian Music and Arabic Music; ambiguous or unsupported release credits were excluded during research. Different song credits, artist instruments, labels, collaborators and musical genres remain separate relations; no retained pair asks the same relation about the same entity."
"old_school_music_v2_145/kuwaiti_music_v2_153","5201b363eb98e9f5dc9d7739ce85c12284134713788c304449ad5180f3592c67","distinct","Assistant inspected song:haramt:lyricist: Who wrote the lyrics of Warda's Haramt Ahebak? (Omar Batisha) against song:etmaen:lyricist: Who wrote the lyrics of Hammoud Naser's Etmaen? (Ali Al Matouq). These identify different works, different institutions or different artist attributes. The review compares every completed bank, including Egyptian Music and Arabic Music; ambiguous or unsupported release credits were excluded during research. Different song credits, artist instruments, labels, collaborators and musical genres remain separate relations; no retained pair asks the same relation about the same entity."
"old_school_music_v2_145/kuwaiti_music_v2_162","ca919166dccbc3bd79bc35bd548ec067af63824bb516b4dfea36a0a62121c5a0","distinct","Assistant inspected song:haramt:lyricist: Who wrote the lyrics of Warda's Haramt Ahebak? (Omar Batisha) against song:akoumislek:lyricist: Who wrote the lyrics of Nawal's Akou Mislek? (Bader Borsli). These identify different works, different institutions or different artist attributes. The review compares every completed bank, including Egyptian Music and Arabic Music; ambiguous or unsupported release credits were excluded during research. Different song credits, artist instruments, labels, collaborators and musical genres remain separate relations; no retained pair asks the same relation about the same entity."
"old_school_music_v2_145/kuwaiti_music_v2_167","a04fd22b89602db0d53b397f730220e79210937c6e1894cd32e5a8b6f803d356","distinct","Assistant inspected song:haramt:lyricist: Who wrote the lyrics of Warda's Haramt Ahebak? (Omar Batisha) against song:weshjabni:lyricist: Who wrote the lyrics of Fattouma's Wesh Jabni? (Hisham Al Shurooqi). These identify different works, different institutions or different artist attributes. The review compares every completed bank, including Egyptian Music and Arabic Music; ambiguous or unsupported release credits were excluded during research. Different song credits, artist instruments, labels, collaborators and musical genres remain separate relations; no retained pair asks the same relation about the same entity."
"old_school_music_v2_145/kuwaiti_music_v2_169","959b1666d109759f235432fde78863e263bd2df113c59e8cdd572e1873c2e6e1","distinct","Assistant inspected song:haramt:lyricist: Who wrote the lyrics of Warda's Haramt Ahebak? (Omar Batisha) against song:ghamza:lyricist: Who wrote the lyrics of Ibrahim Dashti's Ghamza? (Mushrif Al Attabi). These identify different works, different institutions or different artist attributes. The review compares every completed bank, including Egyptian Music and Arabic Music; ambiguous or unsupported release credits were excluded during research. Different song credits, artist instruments, labels, collaborators and musical genres remain separate relations; no retained pair asks the same relation about the same entity."
"old_school_music_v2_145/kuwaiti_music_v2_187","a638fd5c53af3d541e4f1d79162269b9f9c5b54d239bb7aa7f0d92d114d1c402","distinct","Assistant inspected song:haramt:lyricist: Who wrote the lyrics of Warda's Haramt Ahebak? (Omar Batisha) against song:mughroura:lyricist: Who wrote the lyrics of Maram's Mughroura? (Khaled Al Bathal). These identify different works, different institutions or different artist attributes. The review compares every completed bank, including Egyptian Music and Arabic Music; ambiguous or unsupported release credits were excluded during research. Different song credits, artist instruments, labels, collaborators and musical genres remain separate relations; no retained pair asks the same relation about the same entity."
"old_school_music_v2_145/kuwaiti_music_v2_190","d509a761e9a52e8d7fea1f902f38d3f8fedcab2d34b7e9dc90e972d6f3f3f10f","distinct","Assistant inspected song:haramt:lyricist: Who wrote the lyrics of Warda's Haramt Ahebak? (Omar Batisha) against song:fahhmouh:lyricist: Who wrote the lyrics of Mutrif Al Mutrif's Fahhmouh? (Saad Al Musallam). These identify different works, different institutions or different artist attributes. The review compares every completed bank, including Egyptian Music and Arabic Music; ambiguous or unsupported release credits were excluded during research. Different song credits, artist instruments, labels, collaborators and musical genres remain separate relations; no retained pair asks the same relation about the same entity."
"old_school_music_v2_145/kuwaiti_music_v2_194","162aac5511aa7b0d9605b4ed43a79320a0617bd78e458413c972861c864b98a5","distinct","Assistant inspected song:haramt:lyricist: Who wrote the lyrics of Warda's Haramt Ahebak? (Omar Batisha) against song:samihni:lyricist: Who wrote the lyrics of Shaymaa Sulaiman's Samihni? (Sulaiman Bu Shait). These identify different works, different institutions or different artist attributes. The review compares every completed bank, including Egyptian Music and Arabic Music; ambiguous or unsupported release credits were excluded during research. Different song credits, artist instruments, labels, collaborators and musical genres remain separate relations; no retained pair asks the same relation about the same entity."
"old_school_music_v2_145/kuwaiti_music_v2_199","d0cddd041d41db588253c1c77fb48ae52236146e2d599b4ac7ff9bd5cf30bd73","distinct","Assistant inspected song:haramt:lyricist: Who wrote the lyrics of Warda's Haramt Ahebak? (Omar Batisha) against song:zahqanamellait:lyricist: Who wrote the lyrics of Shams's Zahqana Mellait? (Adnan Al Amir). These identify different works, different institutions or different artist attributes. The review compares every completed bank, including Egyptian Music and Arabic Music; ambiguous or unsupported release credits were excluded during research. Different song credits, artist instruments, labels, collaborators and musical genres remain separate relations; no retained pair asks the same relation about the same entity."
"old_school_music_v2_200/kuwaiti_music_v2_157","f88479ae888ba5f45b9643c06d33ab6951a9db651a578565f4e4b75f50942869","distinct","Assistant inspected song:najma:lyricist: Who wrote the lyrics of Ya Najma, recorded by Hussein Nema? (Kadhim Al Rikabi) against song:yamuairis:lyricist: Who wrote the lyrics of Hussein Jassim's Ya Muairis? (Mubarak Al Hudaibi). These identify different works, different institutions or different artist attributes. The review compares every completed bank, including Egyptian Music and Arabic Music; ambiguous or unsupported release credits were excluded during research. Different song credits, artist instruments, labels, collaborators and musical genres remain separate relations; no retained pair asks the same relation about the same entity."
"old_school_music_v2_062/saudi_music_v2_002","d1725cb4172a3db5f6e0432c7524b47afc36bed4b7d5151c6d6fac77069805f6","distinct","Assistant inspected song:jarida:singer: Which Sudanese singer performs Al Jarida? (Mohammed Al Amin) against song:ikhtalafna:singer: Which Saudi singer performs Ikhtalafna? (Mohammed Abdu). These identify different works, different institutions or different artist attributes. The review compares every completed bank, including Egyptian Music and Arabic Music; ambiguous or unsupported release credits were excluded during research. Different song credits, artist instruments, labels, collaborators and musical genres remain separate relations; no retained pair asks the same relation about the same entity."
"old_school_music_v2_062/saudi_music_v2_010","f92391cff8da6ac044584bf5f0505b67152b6ba3556563822e5e9c0cff0cb350","distinct","Assistant inspected song:jarida:singer: Which Sudanese singer performs Al Jarida? (Mohammed Al Amin) against song:azzah:singer: Which Saudi singer performs Azzah? (Rashed Al Fares). These identify different works, different institutions or different artist attributes. The review compares every completed bank, including Egyptian Music and Arabic Music; ambiguous or unsupported release credits were excluded during research. Different song credits, artist instruments, labels, collaborators and musical genres remain separate relations; no retained pair asks the same relation about the same entity."
"old_school_music_v2_062/saudi_music_v2_023","be9c9cfe994ea350e05e3d1342bdefbf40e84ff3c83c6914c30b14fa0ec2bae8","distinct","Assistant inspected song:jarida:singer: Which Sudanese singer performs Al Jarida? (Mohammed Al Amin) against song:aghrab:singer: Which Saudi singer performs Aghrab? (Talal Maddah). These identify different works, different institutions or different artist attributes. The review compares every completed bank, including Egyptian Music and Arabic Music; ambiguous or unsupported release credits were excluded during research. Different song credits, artist instruments, labels, collaborators and musical genres remain separate relations; no retained pair asks the same relation about the same entity."
"old_school_music_v2_062/saudi_music_v2_034","435ce9f95785e46ba40fb358569b562c4e136452f848715322e48faedfe55ede","distinct","Assistant inspected song:jarida:singer: Which Sudanese singer performs Al Jarida? (Mohammed Al Amin) against song:nadet:singer: Which Saudi singer performs Nadet? (Abbas Ibrahim). These identify different works, different institutions or different artist attributes. The review compares every completed bank, including Egyptian Music and Arabic Music; ambiguous or unsupported release credits were excluded during research. Different song credits, artist instruments, labels, collaborators and musical genres remain separate relations; no retained pair asks the same relation about the same entity."
"old_school_music_v2_062/saudi_music_v2_039","db8ac2b0c9a3c364ef7f1cac5d760febbebd00f9f0a46729313752385173ce1f","distinct","Assistant inspected song:jarida:singer: Which Sudanese singer performs Al Jarida? (Mohammed Al Amin) against song:radinak:singer: Which Saudi singer performs Radinak? (Talal Salamah). These identify different works, different institutions or different artist attributes. The review compares every completed bank, including Egyptian Music and Arabic Music; ambiguous or unsupported release credits were excluded during research. Different song credits, artist instruments, labels, collaborators and musical genres remain separate relations; no retained pair asks the same relation about the same entity."
"old_school_music_v2_062/saudi_music_v2_046","c31f1814968bd41d77b86ef1f607015a218ab30ee2dd2f3de34fb61c1a79c371","distinct","Assistant inspected song:jarida:singer: Which Sudanese singer performs Al Jarida? (Mohammed Al Amin) against song:allamtni:singer: Which Saudi singer performs Allamtni? (Rashed Al Majid). These identify different works, different institutions or different artist attributes. The review compares every completed bank, including Egyptian Music and Arabic Music; ambiguous or unsupported release credits were excluded during research. Different song credits, artist instruments, labels, collaborators and musical genres remain separate relations; no retained pair asks the same relation about the same entity."
"old_school_music_v2_062/saudi_music_v2_047","42b971bd6e5cd68a661069b90bc4594c33849f1e2d973842b5aefc7a12f52994","distinct","Assistant inspected song:jarida:singer: Which Sudanese singer performs Al Jarida? (Mohammed Al Amin) against song:tahamaltak:singer: Which Saudi singer performs Tahamaltak? (Rabeh Saqer). These identify different works, different institutions or different artist attributes. The review compares every completed bank, including Egyptian Music and Arabic Music; ambiguous or unsupported release credits were excluded during research. Different song credits, artist instruments, labels, collaborators and musical genres remain separate relations; no retained pair asks the same relation about the same entity."
"old_school_music_v2_062/saudi_music_v2_054","cd8609d11167f82152264585a33cf4eec47330de15ff15858223c0128e88dd33","distinct","Assistant inspected song:jarida:singer: Which Sudanese singer performs Al Jarida? (Mohammed Al Amin) against song:minkobraha:singer: Which Saudi singer performs Min Kobraha? (Rabeh Saqer). These identify different works, different institutions or different artist attributes. The review compares every completed bank, including Egyptian Music and Arabic Music; ambiguous or unsupported release credits were excluded during research. Different song credits, artist instruments, labels, collaborators and musical genres remain separate relations; no retained pair asks the same relation about the same entity."
"old_school_music_v2_062/saudi_music_v2_065","23458f4aeb5497fd56c0809c710de72b9db4aca2ff46b1fc92c2ca035541eb5a","distinct","Assistant inspected song:jarida:singer: Which Sudanese singer performs Al Jarida? (Mohammed Al Amin) against song:mendala:singer: Which Saudi singer performs Men Dalaak? (Khalid Abdulrahman). These identify different works, different institutions or different artist attributes. The review compares every completed bank, including Egyptian Music and Arabic Music; ambiguous or unsupported release credits were excluded during research. Different song credits, artist instruments, labels, collaborators and musical genres remain separate relations; no retained pair asks the same relation about the same entity."
"old_school_music_v2_138/saudi_music_v2_147","3e6d74914dbb8ad5cfa0de694f0053d6c413f6ffa51618a7360450533fbc3504","distinct","Assistant inspected song:saatsaat:lyricist: Who wrote the lyrics of Sabah's Saat Saat? (Abdel Rahman El Abnoudi) against song:wardabaida:lyricist: Who wrote the lyrics of Zena Emad's Elwarda Elbaida? (Amr Al Masry). These identify different works, different institutions or different artist attributes. The review compares every completed bank, including Egyptian Music and Arabic Music; ambiguous or unsupported release credits were excluded during research. Different song credits, artist instruments, labels, collaborators and musical genres remain separate relations; no retained pair asks the same relation about the same entity."
"old_school_music_v2_138/saudi_music_v2_180","74e9b22ac5e60e4a932147334bc8b0d18f7ff14fb64677716803e44ed9b0acbe","distinct","Assistant inspected song:saatsaat:lyricist: Who wrote the lyrics of Sabah's Saat Saat? (Abdel Rahman El Abnoudi) against song:allamtni:lyricist: Who wrote the lyrics of Rashed Al Majid's Allamtni? (Talal Al Rasheed). These identify different works, different institutions or different artist attributes. The review compares every completed bank, including Egyptian Music and Arabic Music; ambiguous or unsupported release credits were excluded during research. Different song credits, artist instruments, labels, collaborators and musical genres remain separate relations; no retained pair asks the same relation about the same entity."
"old_school_music_v2_138/saudi_music_v2_186","f92b969d3e04d6eee5a3a255ade2091d8aaa47c058aee124bf4e4275c3669783","distinct","Assistant inspected song:saatsaat:lyricist: Who wrote the lyrics of Sabah's Saat Saat? (Abdel Rahman El Abnoudi) against song:ikhtafat:lyricist: Who wrote the lyrics of Abadi Al Johar's Ikhtafat? (Mohammed bin Khaled). These identify different works, different institutions or different artist attributes. The review compares every completed bank, including Egyptian Music and Arabic Music; ambiguous or unsupported release credits were excluded during research. Different song credits, artist instruments, labels, collaborators and musical genres remain separate relations; no retained pair asks the same relation about the same entity."
"old_school_music_v2_138/saudi_music_v2_188","96a1cc06bb6a3fcca00c0c426ef1bc8e7007d1f4d0ab0be3ac41edcc2a818ce0","distinct","Assistant inspected song:saatsaat:lyricist: Who wrote the lyrics of Sabah's Saat Saat? (Abdel Rahman El Abnoudi) against song:minkobraha:lyricist: Who wrote the lyrics of Rabeh Saqer's Min Kobraha? (Saud Al Babtain). These identify different works, different institutions or different artist attributes. The review compares every completed bank, including Egyptian Music and Arabic Music; ambiguous or unsupported release credits were excluded during research. Different song credits, artist instruments, labels, collaborators and musical genres remain separate relations; no retained pair asks the same relation about the same entity."
"old_school_music_v2_001/egyptian_music_v2_001","0d96107ebb05e6100595885d88dd48e6a7f8ca8076046dde3ac95834af5f67e2","distinct","Assistant inspected song:ayazon:singer: Which singer made the famous recording of Ayazon? (Najat Al Saghira) against song:entaomri:singer: Which Egyptian female singer made the famous recording of Enta Omri? (Umm Kulthum). These identify different works, different institutions or different artist attributes. The review compares every completed bank, including Egyptian Music and Arabic Music; ambiguous or unsupported release credits were excluded during research. Different song credits, artist instruments, labels, collaborators and musical genres remain separate relations; no retained pair asks the same relation about the same entity."
"old_school_music_v2_001/egyptian_music_v2_029","0958983fa02f4fc484de4edfd3bbcf88dc4a8a7a8fb51a762ada1f14f576f3d6","distinct","Assistant inspected song:ayazon:singer: Which singer made the famous recording of Ayazon? (Najat Al Saghira) against song:sawah:singer: Which Egyptian singer made the classic recording of Sawwah? (Abdel Halim Hafez). These identify different works, different institutions or different artist attributes. The review compares every completed bank, including Egyptian Music and Arabic Music; ambiguous or unsupported release credits were excluded during research. Different song credits, artist instruments, labels, collaborators and musical genres remain separate relations; no retained pair asks the same relation about the same entity."
"old_school_music_v2_001/egyptian_music_v2_030","8af8f337e48b8e9011bb11b44ac926a3759299c7c40494dc09d58cb7744837c4","distinct","Assistant inspected song:ayazon:singer: Which singer made the famous recording of Ayazon? (Najat Al Saghira) against song:ahwak:singer: Which Egyptian singer made the classic recording of Ahwak? (Abdel Halim Hafez). These identify different works, different institutions or different artist attributes. The review compares every completed bank, including Egyptian Music and Arabic Music; ambiguous or unsupported release credits were excluded during research. Different song credits, artist instruments, labels, collaborators and musical genres remain separate relations; no retained pair asks the same relation about the same entity."
"old_school_music_v2_002/egyptian_music_v2_048","7e9532de80e344582161955b40fc223a3c1c0de35ba9c1dec36d1b92ac3adaa0","distinct","Assistant inspected song:saatsaat:singer: Which Lebanese singer is known for Saat Saat? (Sabah) against song:narinarein:singer: Which Egyptian singer is known for Nari Narein? (Hisham Abbas). These identify different works, different institutions or different artist attributes. The review compares every completed bank, including Egyptian Music and Arabic Music; ambiguous or unsupported release credits were excluded during research. Different song credits, artist instruments, labels, collaborators and musical genres remain separate relations; no retained pair asks the same relation about the same entity."
"old_school_music_v2_003/egyptian_music_v2_046","21971a222ae124d8a2c5deb8563e5993be1a494a2aaabfec24dad8e3df791c7d","distinct","Assistant inspected song:akdebaleik:singer: Which singer performs Akdeb Aleik? (Warda Al Jazairia) against song:amarain:singer: Which singer performs Amarain? (Amr Diab). These identify different works, different institutions or different artist attributes. The review compares every completed bank, including Egyptian Music and Arabic Music; ambiguous or unsupported release credits were excluded during research. Different song credits, artist instruments, labels, collaborators and musical genres remain separate relations; no retained pair asks the same relation about the same entity."
"old_school_music_v2_004/egyptian_music_v2_029","175d3a46d557774bbe3e9f9c77b46297347dc07664db9ac35d33bce95caf37bd","distinct","Assistant inspected song:eltaer:singer: Which singer made the classic recording of El Tair El Mosafer? (Najat Al Saghira) against song:sawah:singer: Which Egyptian singer made the classic recording of Sawwah? (Abdel Halim Hafez). These identify different works, different institutions or different artist attributes. The review compares every completed bank, including Egyptian Music and Arabic Music; ambiguous or unsupported release credits were excluded during research. Different song credits, artist instruments, labels, collaborators and musical genres remain separate relations; no retained pair asks the same relation about the same entity."
"old_school_music_v2_004/egyptian_music_v2_030","edbaa5ca7a21eb9c1dbbcf8c1ebf3df95778a282838c9237b9cf1a55a7c7a889","distinct","Assistant inspected song:eltaer:singer: Which singer made the classic recording of El Tair El Mosafer? (Najat Al Saghira) against song:ahwak:singer: Which Egyptian singer made the classic recording of Ahwak? (Abdel Halim Hafez). These identify different works, different institutions or different artist attributes. The review compares every completed bank, including Egyptian Music and Arabic Music; ambiguous or unsupported release credits were excluded during research. Different song credits, artist instruments, labels, collaborators and musical genres remain separate relations; no retained pair asks the same relation about the same entity."
"old_school_music_v2_005/egyptian_music_v2_029","1ec5be8a3d8b39a22b76a26abcadcab346d20628ee9e568294f3fd1dd698d49f","distinct","Assistant inspected song:layalion:singer: Which singer made the classic recording of Layali El Ons Fi Vienna? (Asmahan) against song:sawah:singer: Which Egyptian singer made the classic recording of Sawwah? (Abdel Halim Hafez). These identify different works, different institutions or different artist attributes. The review compares every completed bank, including Egyptian Music and Arabic Music; ambiguous or unsupported release credits were excluded during research. Different song credits, artist instruments, labels, collaborators and musical genres remain separate relations; no retained pair asks the same relation about the same entity."
"old_school_music_v2_005/egyptian_music_v2_030","7b88aed46cbefeab3c653362f39dbb01fb82fbc1a86f307ce5a5caedbc9aa56d","distinct","Assistant inspected song:layalion:singer: Which singer made the classic recording of Layali El Ons Fi Vienna? (Asmahan) against song:ahwak:singer: Which Egyptian singer made the classic recording of Ahwak? (Abdel Halim Hafez). These identify different works, different institutions or different artist attributes. The review compares every completed bank, including Egyptian Music and Arabic Music; ambiguous or unsupported release credits were excluded during research. Different song credits, artist instruments, labels, collaborators and musical genres remain separate relations; no retained pair asks the same relation about the same entity."
"old_school_music_v2_007/egyptian_music_v2_029","6f9e6449654658cae482b3f2029114212696a1db51b1ab79c34b89bbe6a86b4b","distinct","Assistant inspected song:alaremesh:singer: Which Lebanese singer made the classic recording of Ala Remsh Ouyounha? (Wadih El Safi) against song:sawah:singer: Which Egyptian singer made the classic recording of Sawwah? (Abdel Halim Hafez). These identify different works, different institutions or different artist attributes. The review compares every completed bank, including Egyptian Music and Arabic Music; ambiguous or unsupported release credits were excluded during research. Different song credits, artist instruments, labels, collaborators and musical genres remain separate relations; no retained pair asks the same relation about the same entity."
"old_school_music_v2_007/egyptian_music_v2_030","793e1d1ef17338723da619ec889a53cbcd3ab6fa51bbbc96e0f50c554caba863","distinct","Assistant inspected song:alaremesh:singer: Which Lebanese singer made the classic recording of Ala Remsh Ouyounha? (Wadih El Safi) against song:ahwak:singer: Which Egyptian singer made the classic recording of Ahwak? (Abdel Halim Hafez). These identify different works, different institutions or different artist attributes. The review compares every completed bank, including Egyptian Music and Arabic Music; ambiguous or unsupported release credits were excluded during research. Different song credits, artist instruments, labels, collaborators and musical genres remain separate relations; no retained pair asks the same relation about the same entity."
"old_school_music_v2_008/egyptian_music_v2_029","ae3f8cd94b7cdc3950877cb5c53998976de799b07dce74e3fea1186bf1470ee6","distinct","Assistant inspected song:modnak:singer: Which singer made the classic recording of Modnak Jafahu Marqaduhu? (Mohammed Abdel Wahab) against song:sawah:singer: Which Egyptian singer made the classic recording of Sawwah? (Abdel Halim Hafez). These identify different works, different institutions or different artist attributes. The review compares every completed bank, including Egyptian Music and Arabic Music; ambiguous or unsupported release credits were excluded during research. Different song credits, artist instruments, labels, collaborators and musical genres remain separate relations; no retained pair asks the same relation about the same entity."
"old_school_music_v2_008/egyptian_music_v2_030","049fb2ecb59e085b87d59f00c97349f3810cfe5dde2925321f328ca3aad62592","distinct","Assistant inspected song:modnak:singer: Which singer made the classic recording of Modnak Jafahu Marqaduhu? (Mohammed Abdel Wahab) against song:ahwak:singer: Which Egyptian singer made the classic recording of Ahwak? (Abdel Halim Hafez). These identify different works, different institutions or different artist attributes. The review compares every completed bank, including Egyptian Music and Arabic Music; ambiguous or unsupported release credits were excluded during research. Different song credits, artist instruments, labels, collaborators and musical genres remain separate relations; no retained pair asks the same relation about the same entity."
"old_school_music_v2_009/egyptian_music_v2_046","9d607d37442db4a4fe02bc40d535c845bec33e8c7e603c8d44b57c25df0772dd","distinct","Assistant inspected song:haramt:singer: Which singer performs Haramt Ahebak? (Warda Al Jazairia) against song:amarain:singer: Which singer performs Amarain? (Amr Diab). These identify different works, different institutions or different artist attributes. The review compares every completed bank, including Egyptian Music and Arabic Music; ambiguous or unsupported release credits were excluded during research. Different song credits, artist instruments, labels, collaborators and musical genres remain separate relations; no retained pair asks the same relation about the same entity."
"old_school_music_v2_010/egyptian_music_v2_002","d6db5bd52d9276ad5db6b5ea8bdf9c3c69328e819d5d685d5f2e2ba600327c18","distinct","Assistant inspected song:libeirout:singer: Which singer performs Li Beirut? (Fairuz) against song:alatlal:singer: Which Egyptian female singer performed Al Atlal? (Umm Kulthum). These identify different works, different institutions or different artist attributes. The review compares every completed bank, including Egyptian Music and Arabic Music; ambiguous or unsupported release credits were excluded during research. Different song credits, artist instruments, labels, collaborators and musical genres remain separate relations; no retained pair asks the same relation about the same entity."
"old_school_music_v2_010/egyptian_music_v2_046","a64bc428db00d3710edc9b588aa75390e61e8a126c3d68d18f16c2517bd457ab","distinct","Assistant inspected song:libeirout:singer: Which singer performs Li Beirut? (Fairuz) against song:amarain:singer: Which singer performs Amarain? (Amr Diab). These identify different works, different institutions or different artist attributes. The review compares every completed bank, including Egyptian Music and Arabic Music; ambiguous or unsupported release credits were excluded during research. Different song credits, artist instruments, labels, collaborators and musical genres remain separate relations; no retained pair asks the same relation about the same entity."
"old_school_music_v2_012/egyptian_music_v2_001","7b27c7d9a0e7ab08538eca6e537a10a3cb423d27e54c4405bc42bbb90f39b471","distinct","Assistant inspected song:hitroadjack:performer: Which singer made the famous recording of Hit The Road Jack? (Ray Charles) against song:entaomri:singer: Which Egyptian female singer made the famous recording of Enta Omri? (Umm Kulthum). These identify different works, different institutions or different artist attributes. The review compares every completed bank, including Egyptian Music and Arabic Music; ambiguous or unsupported release credits were excluded during research. Different song credits, artist instruments, labels, collaborators and musical genres remain separate relations; no retained pair asks the same relation about the same entity."
"old_school_music_v2_036/egyptian_music_v2_026","9b7bd26e6f8cd93c0a71f377dbeba1fae60589bbc3d88c2b5bdf462fc0947010","distinct","Assistant inspected song:sakan:singer: Who performs the famous classic recording of Sakan Al Lail? (Fairuz) against song:ganaelhawa:singer: Who sings the classic recording of Gana El Hawa? (Abdel Halim Hafez). These identify different works, different institutions or different artist attributes. The review compares every completed bank, including Egyptian Music and Arabic Music; ambiguous or unsupported release credits were excluded during research. Different song credits, artist instruments, labels, collaborators and musical genres remain separate relations; no retained pair asks the same relation about the same entity."
"old_school_music_v2_037/egyptian_music_v2_026","6fe8babce272bf11a641a1c6527e6e936e56cc81772c261afd33c710ff270789","distinct","Assistant inspected song:helwamorra:singer: Who performs the famous classic recording of Ala El Helwa Wel Morra? (Abdel Ghani El Sayed) against song:ganaelhawa:singer: Who sings the classic recording of Gana El Hawa? (Abdel Halim Hafez). These identify different works, different institutions or different artist attributes. The review compares every completed bank, including Egyptian Music and Arabic Music; ambiguous or unsupported release credits were excluded during research. Different song credits, artist instruments, labels, collaborators and musical genres remain separate relations; no retained pair asks the same relation about the same entity."
"old_school_music_v2_038/egyptian_music_v2_026","d4c28cabd908c4f18e30d9e16b7760f3a2fb21392ad7b2dfcb6418a103c2db0e","distinct","Assistant inspected song:rahela:singer: Who performs the famous classic recording of Rahila? (Mohammed El Hayani) against song:ganaelhawa:singer: Who sings the classic recording of Gana El Hawa? (Abdel Halim Hafez). These identify different works, different institutions or different artist attributes. The review compares every completed bank, including Egyptian Music and Arabic Music; ambiguous or unsupported release credits were excluded during research. Different song credits, artist instruments, labels, collaborators and musical genres remain separate relations; no retained pair asks the same relation about the same entity."
"old_school_music_v2_038/egyptian_music_v2_030","a665473ef40a5b423fe5aa8ca8f88f0f070f666a9479c70b56af9b1b037a68ff","distinct","Assistant inspected song:rahela:singer: Who performs the famous classic recording of Rahila? (Mohammed El Hayani) against song:ahwak:singer: Which Egyptian singer made the classic recording of Ahwak? (Abdel Halim Hafez). These identify different works, different institutions or different artist attributes. The review compares every completed bank, including Egyptian Music and Arabic Music; ambiguous or unsupported release credits were excluded during research. Different song credits, artist instruments, labels, collaborators and musical genres remain separate relations; no retained pair asks the same relation about the same entity."
"old_school_music_v2_039/egyptian_music_v2_026","f4b4f837041c0e06a68a221f614479c621bb2cb6aa8e53e6906bb4cb1ae9e052","distinct","Assistant inspected song:qamar:singer: Who performs the famous classic recording of Al Qamar Al Ahmar? (Abdelhadi Belkhayat) against song:ganaelhawa:singer: Who sings the classic recording of Gana El Hawa? (Abdel Halim Hafez). These identify different works, different institutions or different artist attributes. The review compares every completed bank, including Egyptian Music and Arabic Music; ambiguous or unsupported release credits were excluded during research. Different song credits, artist instruments, labels, collaborators and musical genres remain separate relations; no retained pair asks the same relation about the same entity."
"old_school_music_v2_040/egyptian_music_v2_026","1dee1027c27557e5ec9763052222c811879a3dd1f1fef0fe31e0f70a03154b8c","distinct","Assistant inspected song:adawiyaclassic:singer: Who performs the famous classic recording of Adawiya? (Mohammed Rushdi) against song:ganaelhawa:singer: Who sings the classic recording of Gana El Hawa? (Abdel Halim Hafez). These identify different works, different institutions or different artist attributes. The review compares every completed bank, including Egyptian Music and Arabic Music; ambiguous or unsupported release credits were excluded during research. Different song credits, artist instruments, labels, collaborators and musical genres remain separate relations; no retained pair asks the same relation about the same entity."
"old_school_music_v2_040/egyptian_music_v2_030","f683193a2523c371e5482ca770bcfb1e0bf9a71d478fe9969cd102d75a22eec0","distinct","Assistant inspected song:adawiyaclassic:singer: Who performs the famous classic recording of Adawiya? (Mohammed Rushdi) against song:ahwak:singer: Which Egyptian singer made the classic recording of Ahwak? (Abdel Halim Hafez). These identify different works, different institutions or different artist attributes. The review compares every completed bank, including Egyptian Music and Arabic Music; ambiguous or unsupported release credits were excluded during research. Different song credits, artist instruments, labels, collaborators and musical genres remain separate relations; no retained pair asks the same relation about the same entity."
"old_school_music_v2_041/egyptian_music_v2_026","0671b7cc5dd7f7bd9bb3f3dfb4b58446a4532c26738d17f9eeddb5e9bf8f9332","distinct","Assistant inspected song:asalsabah:singer: Who performs the famous classic recording of Zi El Asal? (Sabah) against song:ganaelhawa:singer: Who sings the classic recording of Gana El Hawa? (Abdel Halim Hafez). These identify different works, different institutions or different artist attributes. The review compares every completed bank, including Egyptian Music and Arabic Music; ambiguous or unsupported release credits were excluded during research. Different song credits, artist instruments, labels, collaborators and musical genres remain separate relations; no retained pair asks the same relation about the same entity."
"old_school_music_v2_042/egyptian_music_v2_026","4163a6f0b727e4d41d98669dc110dbbb83c090a4e163195acf9bc44ddb271a33","distinct","Assistant inspected song:daret:singer: Who sings the well-known classic recording of Daret El Ayyam? (Umm Kulthum) against song:ganaelhawa:singer: Who sings the classic recording of Gana El Hawa? (Abdel Halim Hafez). These identify different works, different institutions or different artist attributes. The review compares every completed bank, including Egyptian Music and Arabic Music; ambiguous or unsupported release credits were excluded during research. Different song credits, artist instruments, labels, collaborators and musical genres remain separate relations; no retained pair asks the same relation about the same entity."
"old_school_music_v2_042/egyptian_music_v2_027","c972da7ad6aeab1b3b9a14bf59b52a4b68cb3e69073e86b050e5bbf123584463","distinct","Assistant inspected song:daret:singer: Who sings the well-known classic recording of Daret El Ayyam? (Umm Kulthum) against song:oyounelalb:singer: Who sings the classic recording of Oyoun El Alb? (Nagat El Saghira). These identify different works, different institutions or different artist attributes. The review compares every completed bank, including Egyptian Music and Arabic Music; ambiguous or unsupported release credits were excluded during research. Different song credits, artist instruments, labels, collaborators and musical genres remain separate relations; no retained pair asks the same relation about the same entity."
"old_school_music_v2_043/egyptian_music_v2_026","99621f80067aedfa717b300f58a553a1078e2e9f8065e2edbf77f4b388d6e684","distinct","Assistant inspected song:fat:singer: Who sings the well-known classic recording of Fat El Mead? (Umm Kulthum) against song:ganaelhawa:singer: Who sings the classic recording of Gana El Hawa? (Abdel Halim Hafez). These identify different works, different institutions or different artist attributes. The review compares every completed bank, including Egyptian Music and Arabic Music; ambiguous or unsupported release credits were excluded during research. Different song credits, artist instruments, labels, collaborators and musical genres remain separate relations; no retained pair asks the same relation about the same entity."
"old_school_music_v2_043/egyptian_music_v2_027","511be457461c8b0640a5bcae7446e793d65b1d289040b5dc2a7496d6425ac7e6","distinct","Assistant inspected song:fat:singer: Who sings the well-known classic recording of Fat El Mead? (Umm Kulthum) against song:oyounelalb:singer: Who sings the classic recording of Oyoun El Alb? (Nagat El Saghira). These identify different works, different institutions or different artist attributes. The review compares every completed bank, including Egyptian Music and Arabic Music; ambiguous or unsupported release credits were excluded during research. Different song credits, artist instruments, labels, collaborators and musical genres remain separate relations; no retained pair asks the same relation about the same entity."
"old_school_music_v2_044/egyptian_music_v2_026","6b40ca745a38c5dff8d2a4d33bae02cb6815b4e200db2f2c2353be371be641ec","distinct","Assistant inspected song:nbtdi:singer: Who sings the well-known classic recording of Nebtedi Menein El Hekaya? (Abdel Halim Hafez) against song:ganaelhawa:singer: Who sings the classic recording of Gana El Hawa? (Abdel Halim Hafez). These identify different works, different institutions or different artist attributes. The review compares every completed bank, including Egyptian Music and Arabic Music; ambiguous or unsupported release credits were excluded during research. Different song credits, artist instruments, labels, collaborators and musical genres remain separate relations; no retained pair asks the same relation about the same entity."
"old_school_music_v2_044/egyptian_music_v2_027","b82cf1f990cb147fcc1c948e9197bf0676bf131478051438364ebe62f37de2ad","distinct","Assistant inspected song:nbtdi:singer: Who sings the well-known classic recording of Nebtedi Menein El Hekaya? (Abdel Halim Hafez) against song:oyounelalb:singer: Who sings the classic recording of Oyoun El Alb? (Nagat El Saghira). These identify different works, different institutions or different artist attributes. The review compares every completed bank, including Egyptian Music and Arabic Music; ambiguous or unsupported release credits were excluded during research. Different song credits, artist instruments, labels, collaborators and musical genres remain separate relations; no retained pair asks the same relation about the same entity."
"old_school_music_v2_045/egyptian_music_v2_026","673674e5355926236759f0f722dbddecc732f6a13c398db403a8649623a164fe","distinct","Assistant inspected song:zayhawa:singer: Who sings the well-known classic recording of Zay El Hawa? (Abdel Halim Hafez) against song:ganaelhawa:singer: Who sings the classic recording of Gana El Hawa? (Abdel Halim Hafez). These identify different works, different institutions or different artist attributes. The review compares every completed bank, including Egyptian Music and Arabic Music; ambiguous or unsupported release credits were excluded during research. Different song credits, artist instruments, labels, collaborators and musical genres remain separate relations; no retained pair asks the same relation about the same entity."
"old_school_music_v2_045/egyptian_music_v2_027","a070c67ac00fb240d0e75ed3f4907737ccee1c9bce1474bbcf22f5d031c1b4dc","distinct","Assistant inspected song:zayhawa:singer: Who sings the well-known classic recording of Zay El Hawa? (Abdel Halim Hafez) against song:oyounelalb:singer: Who sings the classic recording of Oyoun El Alb? (Nagat El Saghira). These identify different works, different institutions or different artist attributes. The review compares every completed bank, including Egyptian Music and Arabic Music; ambiguous or unsupported release credits were excluded during research. Different song credits, artist instruments, labels, collaborators and musical genres remain separate relations; no retained pair asks the same relation about the same entity."
"old_school_music_v2_048/egyptian_music_v2_036","d59a171b813b1616f13ab7a408ba311933122e3f3db738907f63ffa77d9d9de4","distinct","Assistant inspected song:hanwana:singer: Who sings the well-known classic recording of Han Wana Han? (Yas Khudr) against song:anabastannak:singer: Who sings the classic recording of Ana Bastannak? (Nagat El Saghira). These identify different works, different institutions or different artist attributes. The review compares every completed bank, including Egyptian Music and Arabic Music; ambiguous or unsupported release credits were excluded during research. Different song credits, artist instruments, labels, collaborators and musical genres remain separate relations; no retained pair asks the same relation about the same entity."
"old_school_music_v2_049/egyptian_music_v2_036","276ad5ce05de51958dcdc6ee3efee31a03810717efc649a3b2ef7c385baceb82","distinct","Assistant inspected song:makir:singer: Who sings the well-known classic recording of Al Makir? (Yas Khudr) against song:anabastannak:singer: Who sings the classic recording of Ana Bastannak? (Nagat El Saghira). These identify different works, different institutions or different artist attributes. The review compares every completed bank, including Egyptian Music and Arabic Music; ambiguous or unsupported release credits were excluded during research. Different song credits, artist instruments, labels, collaborators and musical genres remain separate relations; no retained pair asks the same relation about the same entity."
"old_school_music_v2_050/egyptian_music_v2_049","0d668eac6c3625e103750cab956f7158335963c38e27e6f8d62db7d43e066984","distinct","Assistant inspected song:zahab:singer: Who sings the original film recording of the children’s song Zahab El Leil? (Mohammed Fawzi) against song:kamannana:singer: Which singer performed the original recording of Kamannana? (Mohamed Fouad). These identify different works, different institutions or different artist attributes. The review compares every completed bank, including Egyptian Music and Arabic Music; ambiguous or unsupported release credits were excluded during research. Different song credits, artist instruments, labels, collaborators and musical genres remain separate relations; no retained pair asks the same relation about the same entity."
"old_school_music_v2_053/egyptian_music_v2_026","97ea844daca88fb3fd61a0e83496807cb23b550fedfad3d023a8037d87c940e1","distinct","Assistant inspected song:amore:performer: Who sings the classic recording of That’s Amore? (Dean Martin) against song:ganaelhawa:singer: Who sings the classic recording of Gana El Hawa? (Abdel Halim Hafez). These identify different works, different institutions or different artist attributes. The review compares every completed bank, including Egyptian Music and Arabic Music; ambiguous or unsupported release credits were excluded during research. Different song credits, artist instruments, labels, collaborators and musical genres remain separate relations; no retained pair asks the same relation about the same entity."
"old_school_music_v2_053/egyptian_music_v2_027","dee5212eaee69ec9859cf2427ec594d63779a692cc6c96595f1cb15ce8d5542c","distinct","Assistant inspected song:amore:performer: Who sings the classic recording of That’s Amore? (Dean Martin) against song:oyounelalb:singer: Who sings the classic recording of Oyoun El Alb? (Nagat El Saghira). These identify different works, different institutions or different artist attributes. The review compares every completed bank, including Egyptian Music and Arabic Music; ambiguous or unsupported release credits were excluded during research. Different song credits, artist instruments, labels, collaborators and musical genres remain separate relations; no retained pair asks the same relation about the same entity."
"old_school_music_v2_053/egyptian_music_v2_033","d2fcbe2fe8fb9284a95376ddaad04e7843759e503799db95c3fb0db1da17db21","distinct","Assistant inspected song:amore:performer: Who sings the classic recording of That’s Amore? (Dean Martin) against song:qalbidalili:singer: Who sings the classic recording of Ana Albi Dalili? (Leila Mourad). These identify different works, different institutions or different artist attributes. The review compares every completed bank, including Egyptian Music and Arabic Music; ambiguous or unsupported release credits were excluded during research. Different song credits, artist instruments, labels, collaborators and musical genres remain separate relations; no retained pair asks the same relation about the same entity."
"old_school_music_v2_053/egyptian_music_v2_036","835fdba7d6c8b0fbdd6a6f4cf368d40256cca4554ee2b09b8631f076b387e9bd","distinct","Assistant inspected song:amore:performer: Who sings the classic recording of That’s Amore? (Dean Martin) against song:anabastannak:singer: Who sings the classic recording of Ana Bastannak? (Nagat El Saghira). These identify different works, different institutions or different artist attributes. The review compares every completed bank, including Egyptian Music and Arabic Music; ambiguous or unsupported release credits were excluded during research. Different song credits, artist instruments, labels, collaborators and musical genres remain separate relations; no retained pair asks the same relation about the same entity."
"old_school_music_v2_062/egyptian_music_v2_042","eb1ac4013d41bd85d2c8a79075c16840a746410475b2e53d3b8565b5436669fa","distinct","Assistant inspected song:jarida:singer: Which Sudanese singer performs Al Jarida? (Mohammed Al Amin) against song:monaya:singer: Who sings Monaya? (Moustafa Amar). These identify different works, different institutions or different artist attributes. The review compares every completed bank, including Egyptian Music and Arabic Music; ambiguous or unsupported release credits were excluded during research. Different song credits, artist instruments, labels, collaborators and musical genres remain separate relations; no retained pair asks the same relation about the same entity."
"old_school_music_v2_064/egyptian_music_v2_004","0b177a532768402d663bd4430338350a7d534bb5fde27c616cc1795434f03208","distinct","Assistant inspected song:najma:singer: Who sings the classic recording of Ya Najma? (Hussein Nema) against song:alflayla:singer: Who sings the classic Egyptian recording of Alf Leila Wa Leila? (Umm Kulthum). These identify different works, different institutions or different artist attributes. The review compares every completed bank, including Egyptian Music and Arabic Music; ambiguous or unsupported release credits were excluded during research. Different song credits, artist instruments, labels, collaborators and musical genres remain separate relations; no retained pair asks the same relation about the same entity."
"old_school_music_v2_064/egyptian_music_v2_026","2e6e4297fa92a817f7e0d0a979499a89e37a30515bce4b8efb6c204a9b27790e","distinct","Assistant inspected song:najma:singer: Who sings the classic recording of Ya Najma? (Hussein Nema) against song:ganaelhawa:singer: Who sings the classic recording of Gana El Hawa? (Abdel Halim Hafez). These identify different works, different institutions or different artist attributes. The review compares every completed bank, including Egyptian Music and Arabic Music; ambiguous or unsupported release credits were excluded during research. Different song credits, artist instruments, labels, collaborators and musical genres remain separate relations; no retained pair asks the same relation about the same entity."
"old_school_music_v2_064/egyptian_music_v2_027","e220407ce2d7a91dd9838f25c6a0e3cb54f99e0f7f58ceb60859b954e4008dde","distinct","Assistant inspected song:najma:singer: Who sings the classic recording of Ya Najma? (Hussein Nema) against song:oyounelalb:singer: Who sings the classic recording of Oyoun El Alb? (Nagat El Saghira). These identify different works, different institutions or different artist attributes. The review compares every completed bank, including Egyptian Music and Arabic Music; ambiguous or unsupported release credits were excluded during research. Different song credits, artist instruments, labels, collaborators and musical genres remain separate relations; no retained pair asks the same relation about the same entity."
"old_school_music_v2_064/egyptian_music_v2_030","47dfed650171a0ae56b5802c9fbc3bd38b0b21de1c6040be13e571332d0d04ee","distinct","Assistant inspected song:najma:singer: Who sings the classic recording of Ya Najma? (Hussein Nema) against song:ahwak:singer: Which Egyptian singer made the classic recording of Ahwak? (Abdel Halim Hafez). These identify different works, different institutions or different artist attributes. The review compares every completed bank, including Egyptian Music and Arabic Music; ambiguous or unsupported release credits were excluded during research. Different song credits, artist instruments, labels, collaborators and musical genres remain separate relations; no retained pair asks the same relation about the same entity."
"old_school_music_v2_064/egyptian_music_v2_033","2cf19c0eb982a64aec7282cc764d0d0fc1997401fad176762228b099f1f67643","distinct","Assistant inspected song:najma:singer: Who sings the classic recording of Ya Najma? (Hussein Nema) against song:qalbidalili:singer: Who sings the classic recording of Ana Albi Dalili? (Leila Mourad). These identify different works, different institutions or different artist attributes. The review compares every completed bank, including Egyptian Music and Arabic Music; ambiguous or unsupported release credits were excluded during research. Different song credits, artist instruments, labels, collaborators and musical genres remain separate relations; no retained pair asks the same relation about the same entity."
"old_school_music_v2_064/egyptian_music_v2_036","e755e30345008ac7b0c3410184d5ac69f91dffd02e27afbf46f19ca58407b670","distinct","Assistant inspected song:najma:singer: Who sings the classic recording of Ya Najma? (Hussein Nema) against song:anabastannak:singer: Who sings the classic recording of Ana Bastannak? (Nagat El Saghira). These identify different works, different institutions or different artist attributes. The review compares every completed bank, including Egyptian Music and Arabic Music; ambiguous or unsupported release credits were excluded during research. Different song credits, artist instruments, labels, collaborators and musical genres remain separate relations; no retained pair asks the same relation about the same entity."
"old_school_music_v2_064/egyptian_music_v2_059","f34d2692c11ae16d39b8c05b85b04be33612a8917f437997c872ef125b22f68a","distinct","Assistant inspected song:najma:singer: Who sings the classic recording of Ya Najma? (Hussein Nema) against song:anaalbiileikmayyal:singer: Who sings the classic recording of Ana Albi Ileik Mayyal? (Fayza Ahmed). These identify different works, different institutions or different artist attributes. The review compares every completed bank, including Egyptian Music and Arabic Music; ambiguous or unsupported release credits were excluded during research. Different song credits, artist instruments, labels, collaborators and musical genres remain separate relations; no retained pair asks the same relation about the same entity."
"old_school_music_v2_065/egyptian_music_v2_026","c3b7e7ed1ec8859da2b179d2a134c49254604ba1b4072feb540af57a13d0446d","distinct","Assistant inspected song:tyour:singer: Who sings the classic recording of Ya Tiyour El Tayra? (Saadoun Jaber) against song:ganaelhawa:singer: Who sings the classic recording of Gana El Hawa? (Abdel Halim Hafez). These identify different works, different institutions or different artist attributes. The review compares every completed bank, including Egyptian Music and Arabic Music; ambiguous or unsupported release credits were excluded during research. Different song credits, artist instruments, labels, collaborators and musical genres remain separate relations; no retained pair asks the same relation about the same entity."
"old_school_music_v2_065/egyptian_music_v2_027","3e76e1eecbfe817ed233c1fcd0e8c0813ecd86857ca8b301af9b1864d27b0038","distinct","Assistant inspected song:tyour:singer: Who sings the classic recording of Ya Tiyour El Tayra? (Saadoun Jaber) against song:oyounelalb:singer: Who sings the classic recording of Oyoun El Alb? (Nagat El Saghira). These identify different works, different institutions or different artist attributes. The review compares every completed bank, including Egyptian Music and Arabic Music; ambiguous or unsupported release credits were excluded during research. Different song credits, artist instruments, labels, collaborators and musical genres remain separate relations; no retained pair asks the same relation about the same entity."
"old_school_music_v2_065/egyptian_music_v2_036","46a4eeaf5b5de2f54cd843bca47ef3ed4b858866cd93e2028132cad2166a26ce","distinct","Assistant inspected song:tyour:singer: Who sings the classic recording of Ya Tiyour El Tayra? (Saadoun Jaber) against song:anabastannak:singer: Who sings the classic recording of Ana Bastannak? (Nagat El Saghira). These identify different works, different institutions or different artist attributes. The review compares every completed bank, including Egyptian Music and Arabic Music; ambiguous or unsupported release credits were excluded during research. Different song credits, artist instruments, labels, collaborators and musical genres remain separate relations; no retained pair asks the same relation about the same entity."
"old_school_music_v2_066/egyptian_music_v2_026","0c1845cfbbb7fbf934c5b30a8be0ea651706d6144cfd3e965218697bc1f876d2","distinct","Assistant inspected song:saqayeen:singer: Who sings the classic recording of Haret El Saqayeen? (Sharifa Fadel) against song:ganaelhawa:singer: Who sings the classic recording of Gana El Hawa? (Abdel Halim Hafez). These identify different works, different institutions or different artist attributes. The review compares every completed bank, including Egyptian Music and Arabic Music; ambiguous or unsupported release credits were excluded during research. Different song credits, artist instruments, labels, collaborators and musical genres remain separate relations; no retained pair asks the same relation about the same entity."
"old_school_music_v2_066/egyptian_music_v2_027","0f9cef2d39f04a122617cb77e0779b4f7aa2db77392c9721ecc9497a7818a292","distinct","Assistant inspected song:saqayeen:singer: Who sings the classic recording of Haret El Saqayeen? (Sharifa Fadel) against song:oyounelalb:singer: Who sings the classic recording of Oyoun El Alb? (Nagat El Saghira). These identify different works, different institutions or different artist attributes. The review compares every completed bank, including Egyptian Music and Arabic Music; ambiguous or unsupported release credits were excluded during research. Different song credits, artist instruments, labels, collaborators and musical genres remain separate relations; no retained pair asks the same relation about the same entity."
"old_school_music_v2_066/egyptian_music_v2_030","297222b7896c813c902ff13bd186799c14c1c0484131a34bbc866e4af12ed4cc","distinct","Assistant inspected song:saqayeen:singer: Who sings the classic recording of Haret El Saqayeen? (Sharifa Fadel) against song:ahwak:singer: Which Egyptian singer made the classic recording of Ahwak? (Abdel Halim Hafez). These identify different works, different institutions or different artist attributes. The review compares every completed bank, including Egyptian Music and Arabic Music; ambiguous or unsupported release credits were excluded during research. Different song credits, artist instruments, labels, collaborators and musical genres remain separate relations; no retained pair asks the same relation about the same entity."
"old_school_music_v2_066/egyptian_music_v2_033","c6ac823587f0951e1c5bc2c968c3ce50fc93fbe89d08c9e8f0cd70c7dc976781","distinct","Assistant inspected song:saqayeen:singer: Who sings the classic recording of Haret El Saqayeen? (Sharifa Fadel) against song:qalbidalili:singer: Who sings the classic recording of Ana Albi Dalili? (Leila Mourad). These identify different works, different institutions or different artist attributes. The review compares every completed bank, including Egyptian Music and Arabic Music; ambiguous or unsupported release credits were excluded during research. Different song credits, artist instruments, labels, collaborators and musical genres remain separate relations; no retained pair asks the same relation about the same entity."
"old_school_music_v2_066/egyptian_music_v2_036","ff02adfc7e809efc7c3234163cb7f1dfea6747cb0e63bd1c6fc7c47d5e68454a","distinct","Assistant inspected song:saqayeen:singer: Who sings the classic recording of Haret El Saqayeen? (Sharifa Fadel) against song:anabastannak:singer: Who sings the classic recording of Ana Bastannak? (Nagat El Saghira). These identify different works, different institutions or different artist attributes. The review compares every completed bank, including Egyptian Music and Arabic Music; ambiguous or unsupported release credits were excluded during research. Different song credits, artist instruments, labels, collaborators and musical genres remain separate relations; no retained pair asks the same relation about the same entity."
"old_school_music_v2_071/egyptian_music_v2_112","79112eb32b027852df8ad82f8083c6d79a1674d8fb050dcf43d3477bf778a84d","distinct","Assistant inspected song:akdebaleik:composer: Who composed Warda's Akdeb Aleik? (Mohammed El Mougi) against song:betwanesbeek:composer: Who composed Warda's Betwanes Beek? (Salah El Sharnouby). These identify different works, different institutions or different artist attributes. The review compares every completed bank, including Egyptian Music and Arabic Music; ambiguous or unsupported release credits were excluded during research. Different song credits, artist instruments, labels, collaborators and musical genres remain separate relations; no retained pair asks the same relation about the same entity."
"old_school_music_v2_077/egyptian_music_v2_112","b4bf78d94317bcc37305a880b119ba1e709b8a449ff4e9b8157e82a68e2146a5","distinct","Assistant inspected song:haramt:composer: Who composed Warda's Haramt Ahebak? (Salah El Sharnouby) against song:betwanesbeek:composer: Who composed Warda's Betwanes Beek? (Salah El Sharnouby). These identify different works, different institutions or different artist attributes. The review compares every completed bank, including Egyptian Music and Arabic Music; ambiguous or unsupported release credits were excluded during research. Different song credits, artist instruments, labels, collaborators and musical genres remain separate relations; no retained pair asks the same relation about the same entity."
"old_school_music_v2_113/egyptian_music_v2_095","4f36e8b4d31567b6a35f292b11b29ba134abae6cc56dbbc166a221ba9480406e","distinct","Assistant inspected song:zayhawa:composer: Who composed Zay El Hawa, sung by Abdel Halim Hafez? (Baligh Hamdi) against song:ganaelhawa:composer: Who composed Abdel Halim Hafez's Gana El Hawa? (Baligh Hamdi). These identify different works, different institutions or different artist attributes. The review compares every completed bank, including Egyptian Music and Arabic Music; ambiguous or unsupported release credits were excluded during research. Different song credits, artist instruments, labels, collaborators and musical genres remain separate relations; no retained pair asks the same relation about the same entity."
"old_school_music_v2_137/egyptian_music_v2_116","dd8ea03042767c67d03d4e3215c54172b0a32f06660ad492aef728b3ab4ce979","distinct","Assistant inspected song:zahab:film: In which film did Mohammed Fawzi sing Zahab El Leil? (Moageza Men El Samaa) against song:kamannana:film: In which film did Mohamed Fouad perform Kamannana? (Ismailia Rayeh Gay). These identify different works, different institutions or different artist attributes. The review compares every completed bank, including Egyptian Music and Arabic Music; ambiguous or unsupported release credits were excluded during research. Different song credits, artist instruments, labels, collaborators and musical genres remain separate relations; no retained pair asks the same relation about the same entity."
"old_school_music_v2_138/egyptian_music_v2_085","651c5bc9621f2e5b888fb2bc5eb363e7de0319e02c88310843fa3c8fbdbe5d5f","distinct","Assistant inspected song:saatsaat:lyricist: Who wrote the lyrics of Sabah's Saat Saat? (Abdel Rahman El Abnoudi) against song:noqtabeida:lyricist: Who wrote the lyrics of Cairokee's Noqta Beida? (Amir Eid). These identify different works, different institutions or different artist attributes. The review compares every completed bank, including Egyptian Music and Arabic Music; ambiguous or unsupported release credits were excluded during research. Different song credits, artist instruments, labels, collaborators and musical genres remain separate relations; no retained pair asks the same relation about the same entity."
"old_school_music_v2_138/egyptian_music_v2_137","35cc90715e69229b46cefdb888a71fc69d86c2edc7fb43c72dbca1e30b7fc954","distinct","Assistant inspected song:saatsaat:lyricist: Who wrote the lyrics of Sabah's Saat Saat? (Abdel Rahman El Abnoudi) against song:entaomri:lyricist: Who wrote the lyrics of Umm Kulthum's Enta Omri? (Ahmed Shafiq Kamel). These identify different works, different institutions or different artist attributes. The review compares every completed bank, including Egyptian Music and Arabic Music; ambiguous or unsupported release credits were excluded during research. Different song credits, artist instruments, labels, collaborators and musical genres remain separate relations; no retained pair asks the same relation about the same entity."
"old_school_music_v2_138/egyptian_music_v2_141","152342d5409ed2373dd487fc2765422760141717b80077ef03b294ed310dc1f4","distinct","Assistant inspected song:saatsaat:lyricist: Who wrote the lyrics of Sabah's Saat Saat? (Abdel Rahman El Abnoudi) against song:yamsaharni:lyricist: Who wrote the lyrics of Umm Kulthum's Ya Msaharni? (Ahmed Rami). These identify different works, different institutions or different artist attributes. The review compares every completed bank, including Egyptian Music and Arabic Music; ambiguous or unsupported release credits were excluded during research. Different song credits, artist instruments, labels, collaborators and musical genres remain separate relations; no retained pair asks the same relation about the same entity."
"old_school_music_v2_138/egyptian_music_v2_142","2898cfd37abd3ff78868b876ab429c991b274fe0e72057ef2f8c2fd08e69e5ac","distinct","Assistant inspected song:saatsaat:lyricist: Who wrote the lyrics of Sabah's Saat Saat? (Abdel Rahman El Abnoudi) against song:tamallymaak:lyricist: Who wrote the lyrics of Amr Diab's Tamally Maak? (Ahmed Ali Moussa). These identify different works, different institutions or different artist attributes. The review compares every completed bank, including Egyptian Music and Arabic Music; ambiguous or unsupported release credits were excluded during research. Different song credits, artist instruments, labels, collaborators and musical genres remain separate relations; no retained pair asks the same relation about the same entity."
"old_school_music_v2_138/egyptian_music_v2_143","955ba3a5a18a3eae9e9cf2ba4deff52f95f6cd921a5b6ad86347002122e7a03d","distinct","Assistant inspected song:saatsaat:lyricist: Who wrote the lyrics of Sabah's Saat Saat? (Abdel Rahman El Abnoudi) against song:mashaer:lyricist: Who wrote the lyrics of Sherine Abdel Wahab's Mashaer? (Ahmed Marzouk). These identify different works, different institutions or different artist attributes. The review compares every completed bank, including Egyptian Music and Arabic Music; ambiguous or unsupported release credits were excluded during research. Different song credits, artist instruments, labels, collaborators and musical genres remain separate relations; no retained pair asks the same relation about the same entity."
"old_school_music_v2_138/egyptian_music_v2_144","c5cfcb47eaacd74a1a2adfd160a80541291af24376d514246689175330d065a9","distinct","Assistant inspected song:saatsaat:lyricist: Who wrote the lyrics of Sabah's Saat Saat? (Abdel Rahman El Abnoudi) against song:eishbeshoak:lyricist: Who wrote the lyrics of Tamer Hosny's Eish Beshoak? (Mostafa Hassan). These identify different works, different institutions or different artist attributes. The review compares every completed bank, including Egyptian Music and Arabic Music; ambiguous or unsupported release credits were excluded during research. Different song credits, artist instruments, labels, collaborators and musical genres remain separate relations; no retained pair asks the same relation about the same entity."
"old_school_music_v2_138/egyptian_music_v2_147","b6c3c1923908f2f11378d7e36c96dd9a9ec10b217e87b7d3a1aec7f97b0978ee","distinct","Assistant inspected song:saatsaat:lyricist: Who wrote the lyrics of Sabah's Saat Saat? (Abdel Rahman El Abnoudi) against song:yastar:lyricist: Who wrote the lyrics of Hamaki's Ya Sattar? (Ayman Bahgat Amar). These identify different works, different institutions or different artist attributes. The review compares every completed bank, including Egyptian Music and Arabic Music; ambiguous or unsupported release credits were excluded during research. Different song credits, artist instruments, labels, collaborators and musical genres remain separate relations; no retained pair asks the same relation about the same entity."
"old_school_music_v2_138/egyptian_music_v2_148","6a8dd4d012366e2f2c8dadec0cd24f7e4a128e638e5ab3127aea32dcd1275203","distinct","Assistant inspected song:saatsaat:lyricist: Who wrote the lyrics of Sabah's Saat Saat? (Abdel Rahman El Abnoudi) against song:sidiwesalak:lyricist: Who wrote the lyrics of Angham's Sidi Wesalak? (Ezzat El Gendi). These identify different works, different institutions or different artist attributes. The review compares every completed bank, including Egyptian Music and Arabic Music; ambiguous or unsupported release credits were excluded during research. Different song credits, artist instruments, labels, collaborators and musical genres remain separate relations; no retained pair asks the same relation about the same entity."
"old_school_music_v2_138/egyptian_music_v2_151","da260e051dda5ecd1863fa9fb7c211a626e13b7b5cfe58adfd58835aeb1d4e06","distinct","Assistant inspected song:saatsaat:lyricist: Who wrote the lyrics of Sabah's Saat Saat? (Abdel Rahman El Abnoudi) against song:halakhasagedan:lyricist: Who wrote the lyrics of Angham's Hala Khasa Gedan? (Amir Teima). These identify different works, different institutions or different artist attributes. The review compares every completed bank, including Egyptian Music and Arabic Music; ambiguous or unsupported release credits were excluded during research. Different song credits, artist instruments, labels, collaborators and musical genres remain separate relations; no retained pair asks the same relation about the same entity."
"old_school_music_v2_138/egyptian_music_v2_152","63998ea63900bdf5faa5f7bf9fd3395a1cf12e8c45f64db40c776753f85c25f5","distinct","Assistant inspected song:saatsaat:lyricist: Who wrote the lyrics of Sabah's Saat Saat? (Abdel Rahman El Abnoudi) against song:ymkenkher:lyricist: Who wrote the lyrics of Ramy Sabry's Ymken Kher? (Ahmed Ali Moussa). These identify different works, different institutions or different artist attributes. The review compares every completed bank, including Egyptian Music and Arabic Music; ambiguous or unsupported release credits were excluded during research. Different song credits, artist instruments, labels, collaborators and musical genres remain separate relations; no retained pair asks the same relation about the same entity."
"old_school_music_v2_138/egyptian_music_v2_153","b9416e16b6cf6fead7ddaf32d0cd8087b29ba44372a9a2be830814d04c4cb601","distinct","Assistant inspected song:saatsaat:lyricist: Who wrote the lyrics of Sabah's Saat Saat? (Abdel Rahman El Abnoudi) against song:nassay:lyricist: Who wrote the lyrics of Sherine's Nassay? (Tamer Hussein). These identify different works, different institutions or different artist attributes. The review compares every completed bank, including Egyptian Music and Arabic Music; ambiguous or unsupported release credits were excluded during research. Different song credits, artist instruments, labels, collaborators and musical genres remain separate relations; no retained pair asks the same relation about the same entity."
"old_school_music_v2_138/egyptian_music_v2_154","6bdd7b0d3d7815a28f7827ef5bcae54e0c1ca9ba42ede2734a8ef99b02e7e7c7","distinct","Assistant inspected song:saatsaat:lyricist: Who wrote the lyrics of Sabah's Saat Saat? (Abdel Rahman El Abnoudi) against song:hobboganna:lyricist: Who wrote the lyrics of Sherine's Hobbo Ganna? (Mohamed Atef). These identify different works, different institutions or different artist attributes. The review compares every completed bank, including Egyptian Music and Arabic Music; ambiguous or unsupported release credits were excluded during research. Different song credits, artist instruments, labels, collaborators and musical genres remain separate relations; no retained pair asks the same relation about the same entity."
"old_school_music_v2_138/egyptian_music_v2_155","f2904bd5c8bb26b5bca20577ef3106fb81c22d88a9d9e343bb210e2a7fc6e20b","distinct","Assistant inspected song:saatsaat:lyricist: Who wrote the lyrics of Sabah's Saat Saat? (Abdel Rahman El Abnoudi) against song:watarhassas:lyricist: Who wrote the lyrics of Sherine's El Watar El Hassas? (Saud Al Sharbatly). These identify different works, different institutions or different artist attributes. The review compares every completed bank, including Egyptian Music and Arabic Music; ambiguous or unsupported release credits were excluded during research. Different song credits, artist instruments, labels, collaborators and musical genres remain separate relations; no retained pair asks the same relation about the same entity."
"old_school_music_v2_138/egyptian_music_v2_156","8b1e087aff7eca3d7fa30195d927536717d12547f8597c1ac690deb4db9ce42b","distinct","Assistant inspected song:saatsaat:lyricist: Who wrote the lyrics of Sabah's Saat Saat? (Abdel Rahman El Abnoudi) against song:kadabeen:lyricist: Who wrote the lyrics of Sherine's Kadabeen? (Ayman Bahgat Amar). These identify different works, different institutions or different artist attributes. The review compares every completed bank, including Egyptian Music and Arabic Music; ambiguous or unsupported release credits were excluded during research. Different song credits, artist instruments, labels, collaborators and musical genres remain separate relations; no retained pair asks the same relation about the same entity."
"old_school_music_v2_138/egyptian_music_v2_157","ee8dc7fcbac272f86acf3e18ab9a1993dd3f49dd1656c4782896c795a53a937d","distinct","Assistant inspected song:saatsaat:lyricist: Who wrote the lyrics of Sabah's Saat Saat? (Abdel Rahman El Abnoudi) against song:oloosamah:lyricist: Who wrote the lyrics of Tamer Ashour's Oloolo Samah? (Ahmed El Malaky). These identify different works, different institutions or different artist attributes. The review compares every completed bank, including Egyptian Music and Arabic Music; ambiguous or unsupported release credits were excluded during research. Different song credits, artist instruments, labels, collaborators and musical genres remain separate relations; no retained pair asks the same relation about the same entity."
"old_school_music_v2_138/egyptian_music_v2_161","8cf83c749f62d95ef3ae63234d3510b918c68af87a28040df6a892b36454060b","distinct","Assistant inspected song:saatsaat:lyricist: Who wrote the lyrics of Sabah's Saat Saat? (Abdel Rahman El Abnoudi) against song:yahabibtiyamasr:lyricist: Who wrote the lyrics of Shadia's Ya Habibti Ya Masr? (Mohamed Hamza). These identify different works, different institutions or different artist attributes. The review compares every completed bank, including Egyptian Music and Arabic Music; ambiguous or unsupported release credits were excluded during research. Different song credits, artist instruments, labels, collaborators and musical genres remain separate relations; no retained pair asks the same relation about the same entity."
"old_school_music_v2_138/egyptian_music_v2_162","01d5d605c72510bae25ee0ae4ecd894616e372c17dcee1f3e6dc217e788e3da9","distinct","Assistant inspected song:saatsaat:lyricist: Who wrote the lyrics of Sabah's Saat Saat? (Abdel Rahman El Abnoudi) against song:sawah:lyricist: Who wrote the lyrics of Abdel Halim Hafez's Sawwah? (Mohamed Hamza). These identify different works, different institutions or different artist attributes. The review compares every completed bank, including Egyptian Music and Arabic Music; ambiguous or unsupported release credits were excluded during research. Different song credits, artist instruments, labels, collaborators and musical genres remain separate relations; no retained pair asks the same relation about the same entity."
"old_school_music_v2_138/egyptian_music_v2_163","f976e7693d329949886c50230d05b93baed4f64c5632542b3480e09803e9911a","distinct","Assistant inspected song:saatsaat:lyricist: Who wrote the lyrics of Sabah's Saat Saat? (Abdel Rahman El Abnoudi) against song:ahwak:lyricist: Who wrote the lyrics of Abdel Halim Hafez's Ahwak? (Hussein El Sayed). These identify different works, different institutions or different artist attributes. The review compares every completed bank, including Egyptian Music and Arabic Music; ambiguous or unsupported release credits were excluded during research. Different song credits, artist instruments, labels, collaborators and musical genres remain separate relations; no retained pair asks the same relation about the same entity."
"old_school_music_v2_138/egyptian_music_v2_169","74a2b7edf3ba44954be5ec4afdfef8c9f0df5bd6daf48c5ac5cbef94f8510c33","distinct","Assistant inspected song:saatsaat:lyricist: Who wrote the lyrics of Sabah's Saat Saat? (Abdel Rahman El Abnoudi) against song:saaf:lyricist: Who wrote the lyrics of Ramy Gamal's Saaf? (Mostafa Hassan). These identify different works, different institutions or different artist attributes. The review compares every completed bank, including Egyptian Music and Arabic Music; ambiguous or unsupported release credits were excluded during research. Different song credits, artist instruments, labels, collaborators and musical genres remain separate relations; no retained pair asks the same relation about the same entity."
"old_school_music_v2_138/egyptian_music_v2_171","844769a57454cef8f3489fdc5cc27b930f91bee059c11b976432d3cdd8d141bd","distinct","Assistant inspected song:saatsaat:lyricist: Who wrote the lyrics of Sabah's Saat Saat? (Abdel Rahman El Abnoudi) against song:fadyshewaya:lyricist: Who wrote the lyrics of Hamza Namira's Fady Shewaya? (Khalil Ezz El Din). These identify different works, different institutions or different artist attributes. The review compares every completed bank, including Egyptian Music and Arabic Music; ambiguous or unsupported release credits were excluded during research. Different song credits, artist instruments, labels, collaborators and musical genres remain separate relations; no retained pair asks the same relation about the same entity."
"old_school_music_v2_138/egyptian_music_v2_173","cb9935505a849eadbdef4ff746447cce4532b30379dd2166ee564d101568e823","distinct","Assistant inspected song:saatsaat:lyricist: Who wrote the lyrics of Sabah's Saat Saat? (Abdel Rahman El Abnoudi) against song:monaya:lyricist: Who wrote the lyrics of Moustafa Amar's Monaya? (Amir Teima). These identify different works, different institutions or different artist attributes. The review compares every completed bank, including Egyptian Music and Arabic Music; ambiguous or unsupported release credits were excluded during research. Different song credits, artist instruments, labels, collaborators and musical genres remain separate relations; no retained pair asks the same relation about the same entity."
"old_school_music_v2_138/egyptian_music_v2_174","00c3536ee92851639bc5e53054fd87a975366200c5ffff551ef1306a7d97caac","distinct","Assistant inspected song:saatsaat:lyricist: Who wrote the lyrics of Sabah's Saat Saat? (Abdel Rahman El Abnoudi) against song:betwanesbeek:lyricist: Who wrote the lyrics of Warda's Betwanes Beek? (Omar Batisha). These identify different works, different institutions or different artist attributes. The review compares every completed bank, including Egyptian Music and Arabic Music; ambiguous or unsupported release credits were excluded during research. Different song credits, artist instruments, labels, collaborators and musical genres remain separate relations; no retained pair asks the same relation about the same entity."
"old_school_music_v2_138/egyptian_music_v2_175","f96df53afb4ed5434fc49f80e9839496a9adf7330010e5b9087c9e5284796ce7","distinct","Assistant inspected song:saatsaat:lyricist: Who wrote the lyrics of Sabah's Saat Saat? (Abdel Rahman El Abnoudi) against song:leilynahary:lyricist: Who wrote the lyrics of Amr Diab's Leily Nahary? (Khaled Tag El Din). These identify different works, different institutions or different artist attributes. The review compares every completed bank, including Egyptian Music and Arabic Music; ambiguous or unsupported release credits were excluded during research. Different song credits, artist instruments, labels, collaborators and musical genres remain separate relations; no retained pair asks the same relation about the same entity."
"old_school_music_v2_138/egyptian_music_v2_176","3363abddc36d7827610e2e9c6940b5895ba702cffff3d2c8956d3bffb4a7ce98","distinct","Assistant inspected song:saatsaat:lyricist: Who wrote the lyrics of Sabah's Saat Saat? (Abdel Rahman El Abnoudi) against song:wemalo:lyricist: Who wrote the lyrics of Amr Diab's We Malo? (Khaled Tag El Din). These identify different works, different institutions or different artist attributes. The review compares every completed bank, including Egyptian Music and Arabic Music; ambiguous or unsupported release credits were excluded during research. Different song credits, artist instruments, labels, collaborators and musical genres remain separate relations; no retained pair asks the same relation about the same entity."
"old_school_music_v2_138/egyptian_music_v2_177","8a7600740eed7cb18852dd0c80935efabdfdc16830d300acf831e164ec21de08","distinct","Assistant inspected song:saatsaat:lyricist: Who wrote the lyrics of Sabah's Saat Saat? (Abdel Rahman El Abnoudi) against song:amarain:lyricist: Who wrote the lyrics of Amr Diab's Amarain? (Mohamed Refai). These identify different works, different institutions or different artist attributes. The review compares every completed bank, including Egyptian Music and Arabic Music; ambiguous or unsupported release credits were excluded during research. Different song credits, artist instruments, labels, collaborators and musical genres remain separate relations; no retained pair asks the same relation about the same entity."
"old_school_music_v2_138/egyptian_music_v2_178","2e2dc4277a2b95c3aa25fab8472a332283a65893b86c98ed4c18d131a3ae4fdc","distinct","Assistant inspected song:saatsaat:lyricist: Who wrote the lyrics of Sabah's Saat Saat? (Abdel Rahman El Abnoudi) against song:tetragafeya:lyricist: Who wrote the lyrics of Ehab Tawfik's Tetraga Feya? (Bahaa El Din Mohammed). These identify different works, different institutions or different artist attributes. The review compares every completed bank, including Egyptian Music and Arabic Music; ambiguous or unsupported release credits were excluded during research. Different song credits, artist instruments, labels, collaborators and musical genres remain separate relations; no retained pair asks the same relation about the same entity."
"old_school_music_v2_138/egyptian_music_v2_200","c4fb2949f2446b296076c2ad9e256dfacbdcaebc74789f6a2357e3c75ca2f0ba","distinct","Assistant inspected song:saatsaat:lyricist: Who wrote the lyrics of Sabah's Saat Saat? (Abdel Rahman El Abnoudi) against song:kamannana:lyricist: Who wrote the lyrics of Mohamed Fouad's Kamannana? (Antar Hilal). These identify different works, different institutions or different artist attributes. The review compares every completed bank, including Egyptian Music and Arabic Music; ambiguous or unsupported release credits were excluded during research. Different song credits, artist instruments, labels, collaborators and musical genres remain separate relations; no retained pair asks the same relation about the same entity."
"old_school_music_v2_139/egyptian_music_v2_085","29a905ef553701806b9a8b4d480ac9af7326c6a35497c3893c72df283ce6edfd","distinct","Assistant inspected song:akdebaleik:lyricist: Who wrote the lyrics of Warda's Akdeb Aleik? (Morsi Gamil Aziz) against song:noqtabeida:lyricist: Who wrote the lyrics of Cairokee's Noqta Beida? (Amir Eid). These identify different works, different institutions or different artist attributes. The review compares every completed bank, including Egyptian Music and Arabic Music; ambiguous or unsupported release credits were excluded during research. Different song credits, artist instruments, labels, collaborators and musical genres remain separate relations; no retained pair asks the same relation about the same entity."
"old_school_music_v2_139/egyptian_music_v2_147","89e06d936c4beb5b7f853def779959b3ad851af96e2509ba6c64d40868ddc274","distinct","Assistant inspected song:akdebaleik:lyricist: Who wrote the lyrics of Warda's Akdeb Aleik? (Morsi Gamil Aziz) against song:yastar:lyricist: Who wrote the lyrics of Hamaki's Ya Sattar? (Ayman Bahgat Amar). These identify different works, different institutions or different artist attributes. The review compares every completed bank, including Egyptian Music and Arabic Music; ambiguous or unsupported release credits were excluded during research. Different song credits, artist instruments, labels, collaborators and musical genres remain separate relations; no retained pair asks the same relation about the same entity."
"old_school_music_v2_139/egyptian_music_v2_148","c4db9880296d231d676d8d0242944f9bccec2a8ed5b25256e1d829548f34deb8","distinct","Assistant inspected song:akdebaleik:lyricist: Who wrote the lyrics of Warda's Akdeb Aleik? (Morsi Gamil Aziz) against song:sidiwesalak:lyricist: Who wrote the lyrics of Angham's Sidi Wesalak? (Ezzat El Gendi). These identify different works, different institutions or different artist attributes. The review compares every completed bank, including Egyptian Music and Arabic Music; ambiguous or unsupported release credits were excluded during research. Different song credits, artist instruments, labels, collaborators and musical genres remain separate relations; no retained pair asks the same relation about the same entity."
"old_school_music_v2_139/egyptian_music_v2_153","6dbaf56f167fbc3b6d113561e7e379ca017d27b4b692afd8c12bd805a7c3cdfa","distinct","Assistant inspected song:akdebaleik:lyricist: Who wrote the lyrics of Warda's Akdeb Aleik? (Morsi Gamil Aziz) against song:nassay:lyricist: Who wrote the lyrics of Sherine's Nassay? (Tamer Hussein). These identify different works, different institutions or different artist attributes. The review compares every completed bank, including Egyptian Music and Arabic Music; ambiguous or unsupported release credits were excluded during research. Different song credits, artist instruments, labels, collaborators and musical genres remain separate relations; no retained pair asks the same relation about the same entity."
"old_school_music_v2_139/egyptian_music_v2_154","d26847f05232856d7c6e301d25eb412c2bd50659835f21376024cd88f51e0970","distinct","Assistant inspected song:akdebaleik:lyricist: Who wrote the lyrics of Warda's Akdeb Aleik? (Morsi Gamil Aziz) against song:hobboganna:lyricist: Who wrote the lyrics of Sherine's Hobbo Ganna? (Mohamed Atef). These identify different works, different institutions or different artist attributes. The review compares every completed bank, including Egyptian Music and Arabic Music; ambiguous or unsupported release credits were excluded during research. Different song credits, artist instruments, labels, collaborators and musical genres remain separate relations; no retained pair asks the same relation about the same entity."
"old_school_music_v2_139/egyptian_music_v2_156","a3ab5a926f708cb9b834b87753ca5b04edac179cce730ec4b7b018e58d04f45f","distinct","Assistant inspected song:akdebaleik:lyricist: Who wrote the lyrics of Warda's Akdeb Aleik? (Morsi Gamil Aziz) against song:kadabeen:lyricist: Who wrote the lyrics of Sherine's Kadabeen? (Ayman Bahgat Amar). These identify different works, different institutions or different artist attributes. The review compares every completed bank, including Egyptian Music and Arabic Music; ambiguous or unsupported release credits were excluded during research. Different song credits, artist instruments, labels, collaborators and musical genres remain separate relations; no retained pair asks the same relation about the same entity."
"old_school_music_v2_139/egyptian_music_v2_169","c3d841ad791d8a2e99fe5b85cd3c87e0c210ca17470a3f1022e316f0a3aeff85","distinct","Assistant inspected song:akdebaleik:lyricist: Who wrote the lyrics of Warda's Akdeb Aleik? (Morsi Gamil Aziz) against song:saaf:lyricist: Who wrote the lyrics of Ramy Gamal's Saaf? (Mostafa Hassan). These identify different works, different institutions or different artist attributes. The review compares every completed bank, including Egyptian Music and Arabic Music; ambiguous or unsupported release credits were excluded during research. Different song credits, artist instruments, labels, collaborators and musical genres remain separate relations; no retained pair asks the same relation about the same entity."
"old_school_music_v2_139/egyptian_music_v2_173","c09ae1869f22d4964b3cead001a25406b93750fc8b2e4a7a0b024663315a21d0","distinct","Assistant inspected song:akdebaleik:lyricist: Who wrote the lyrics of Warda's Akdeb Aleik? (Morsi Gamil Aziz) against song:monaya:lyricist: Who wrote the lyrics of Moustafa Amar's Monaya? (Amir Teima). These identify different works, different institutions or different artist attributes. The review compares every completed bank, including Egyptian Music and Arabic Music; ambiguous or unsupported release credits were excluded during research. Different song credits, artist instruments, labels, collaborators and musical genres remain separate relations; no retained pair asks the same relation about the same entity."
"old_school_music_v2_139/egyptian_music_v2_174","3f2cbaaff33227cbb2dd2f09d05e9333557125ef51cfb8be2964bcc8e92b5f33","distinct","Assistant inspected song:akdebaleik:lyricist: Who wrote the lyrics of Warda's Akdeb Aleik? (Morsi Gamil Aziz) against song:betwanesbeek:lyricist: Who wrote the lyrics of Warda's Betwanes Beek? (Omar Batisha). These identify different works, different institutions or different artist attributes. The review compares every completed bank, including Egyptian Music and Arabic Music; ambiguous or unsupported release credits were excluded during research. Different song credits, artist instruments, labels, collaborators and musical genres remain separate relations; no retained pair asks the same relation about the same entity."
"old_school_music_v2_139/egyptian_music_v2_177","b8ff2467bf2e017a407149211e2749a85b7cee22ea077e93ba694f077377f9d7","distinct","Assistant inspected song:akdebaleik:lyricist: Who wrote the lyrics of Warda's Akdeb Aleik? (Morsi Gamil Aziz) against song:amarain:lyricist: Who wrote the lyrics of Amr Diab's Amarain? (Mohamed Refai). These identify different works, different institutions or different artist attributes. The review compares every completed bank, including Egyptian Music and Arabic Music; ambiguous or unsupported release credits were excluded during research. Different song credits, artist instruments, labels, collaborators and musical genres remain separate relations; no retained pair asks the same relation about the same entity."
"old_school_music_v2_139/egyptian_music_v2_200","d17765e041e32119eea4d69a7aa7e44782302741eab08d0400c3d7fea3908dca","distinct","Assistant inspected song:akdebaleik:lyricist: Who wrote the lyrics of Warda's Akdeb Aleik? (Morsi Gamil Aziz) against song:kamannana:lyricist: Who wrote the lyrics of Mohamed Fouad's Kamannana? (Antar Hilal). These identify different works, different institutions or different artist attributes. The review compares every completed bank, including Egyptian Music and Arabic Music; ambiguous or unsupported release credits were excluded during research. Different song credits, artist instruments, labels, collaborators and musical genres remain separate relations; no retained pair asks the same relation about the same entity."
"old_school_music_v2_142/egyptian_music_v2_155","d8f50aae204cd9fbffa6bc77ec1ce569c2a9a8a715bf3727d8867d9430528f56","distinct","Assistant inspected song:hawasultan:lyricist: Who wrote the lyrics of George Wassouf's El Hawa Sultan? (Badi Yazbek) against song:watarhassas:lyricist: Who wrote the lyrics of Sherine's El Watar El Hassas? (Saud Al Sharbatly). These identify different works, different institutions or different artist attributes. The review compares every completed bank, including Egyptian Music and Arabic Music; ambiguous or unsupported release credits were excluded during research. Different song credits, artist instruments, labels, collaborators and musical genres remain separate relations; no retained pair asks the same relation about the same entity."
"old_school_music_v2_142/egyptian_music_v2_160","07d82e9c84378914b8bf1b86ebf5b6fe22372f3aa07413fcd5850545cfda9d1c","distinct","Assistant inspected song:hawasultan:lyricist: Who wrote the lyrics of George Wassouf's El Hawa Sultan? (Badi Yazbek) against song:ganaelhawa:lyricist: Who wrote the lyrics of Abdel Halim Hafez's Gana El Hawa? (Mohamed Hamza). These identify different works, different institutions or different artist attributes. The review compares every completed bank, including Egyptian Music and Arabic Music; ambiguous or unsupported release credits were excluded during research. Different song credits, artist instruments, labels, collaborators and musical genres remain separate relations; no retained pair asks the same relation about the same entity."
"old_school_music_v2_145/egyptian_music_v2_085","2e7c3a9f38f222a64edf401d4bab8554646aca20bb325d8b655eae0a5863b371","distinct","Assistant inspected song:haramt:lyricist: Who wrote the lyrics of Warda's Haramt Ahebak? (Omar Batisha) against song:noqtabeida:lyricist: Who wrote the lyrics of Cairokee's Noqta Beida? (Amir Eid). These identify different works, different institutions or different artist attributes. The review compares every completed bank, including Egyptian Music and Arabic Music; ambiguous or unsupported release credits were excluded during research. Different song credits, artist instruments, labels, collaborators and musical genres remain separate relations; no retained pair asks the same relation about the same entity."
"old_school_music_v2_145/egyptian_music_v2_147","b991b63d8c808fdd8131933eb0a1b5d00879b76b36eef925e74bf651825d7f89","distinct","Assistant inspected song:haramt:lyricist: Who wrote the lyrics of Warda's Haramt Ahebak? (Omar Batisha) against song:yastar:lyricist: Who wrote the lyrics of Hamaki's Ya Sattar? (Ayman Bahgat Amar). These identify different works, different institutions or different artist attributes. The review compares every completed bank, including Egyptian Music and Arabic Music; ambiguous or unsupported release credits were excluded during research. Different song credits, artist instruments, labels, collaborators and musical genres remain separate relations; no retained pair asks the same relation about the same entity."
"old_school_music_v2_145/egyptian_music_v2_148","ad7a81efa593ae1311c867bf7f364a4e519c3ec34358a92b0743fabe597661cb","distinct","Assistant inspected song:haramt:lyricist: Who wrote the lyrics of Warda's Haramt Ahebak? (Omar Batisha) against song:sidiwesalak:lyricist: Who wrote the lyrics of Angham's Sidi Wesalak? (Ezzat El Gendi). These identify different works, different institutions or different artist attributes. The review compares every completed bank, including Egyptian Music and Arabic Music; ambiguous or unsupported release credits were excluded during research. Different song credits, artist instruments, labels, collaborators and musical genres remain separate relations; no retained pair asks the same relation about the same entity."
"old_school_music_v2_145/egyptian_music_v2_153","f7833485565dec35642600b96b004fbe78c19388968980b3c90c65de8b343f5c","distinct","Assistant inspected song:haramt:lyricist: Who wrote the lyrics of Warda's Haramt Ahebak? (Omar Batisha) against song:nassay:lyricist: Who wrote the lyrics of Sherine's Nassay? (Tamer Hussein). These identify different works, different institutions or different artist attributes. The review compares every completed bank, including Egyptian Music and Arabic Music; ambiguous or unsupported release credits were excluded during research. Different song credits, artist instruments, labels, collaborators and musical genres remain separate relations; no retained pair asks the same relation about the same entity."
"old_school_music_v2_145/egyptian_music_v2_154","64a41f0d463a9b0177e600a885f99cb490d0f96370b79c2c7cfb7dcd0c5334c9","distinct","Assistant inspected song:haramt:lyricist: Who wrote the lyrics of Warda's Haramt Ahebak? (Omar Batisha) against song:hobboganna:lyricist: Who wrote the lyrics of Sherine's Hobbo Ganna? (Mohamed Atef). These identify different works, different institutions or different artist attributes. The review compares every completed bank, including Egyptian Music and Arabic Music; ambiguous or unsupported release credits were excluded during research. Different song credits, artist instruments, labels, collaborators and musical genres remain separate relations; no retained pair asks the same relation about the same entity."
"old_school_music_v2_145/egyptian_music_v2_156","0bba7c8f648cd4129ec5c086a9ba1c097d26b94509818640b5497a5a091b8ffb","distinct","Assistant inspected song:haramt:lyricist: Who wrote the lyrics of Warda's Haramt Ahebak? (Omar Batisha) against song:kadabeen:lyricist: Who wrote the lyrics of Sherine's Kadabeen? (Ayman Bahgat Amar). These identify different works, different institutions or different artist attributes. The review compares every completed bank, including Egyptian Music and Arabic Music; ambiguous or unsupported release credits were excluded during research. Different song credits, artist instruments, labels, collaborators and musical genres remain separate relations; no retained pair asks the same relation about the same entity."
"old_school_music_v2_145/egyptian_music_v2_169","1a866e234ec43cb68c42f1ee59c49a3823e7712b5b091e45b123ca2a9bccb1a2","distinct","Assistant inspected song:haramt:lyricist: Who wrote the lyrics of Warda's Haramt Ahebak? (Omar Batisha) against song:saaf:lyricist: Who wrote the lyrics of Ramy Gamal's Saaf? (Mostafa Hassan). These identify different works, different institutions or different artist attributes. The review compares every completed bank, including Egyptian Music and Arabic Music; ambiguous or unsupported release credits were excluded during research. Different song credits, artist instruments, labels, collaborators and musical genres remain separate relations; no retained pair asks the same relation about the same entity."
"old_school_music_v2_145/egyptian_music_v2_173","36c6926a363da3f572134d76b1ae10ba69e6c2f1971fe08a949ba1613c329bc6","distinct","Assistant inspected song:haramt:lyricist: Who wrote the lyrics of Warda's Haramt Ahebak? (Omar Batisha) against song:monaya:lyricist: Who wrote the lyrics of Moustafa Amar's Monaya? (Amir Teima). These identify different works, different institutions or different artist attributes. The review compares every completed bank, including Egyptian Music and Arabic Music; ambiguous or unsupported release credits were excluded during research. Different song credits, artist instruments, labels, collaborators and musical genres remain separate relations; no retained pair asks the same relation about the same entity."
"old_school_music_v2_145/egyptian_music_v2_174","3ae79e3b8f95cf009021a13f374f9f3e27c59cd6ecf8ee1540d9a380e41775e7","distinct","Assistant inspected song:haramt:lyricist: Who wrote the lyrics of Warda's Haramt Ahebak? (Omar Batisha) against song:betwanesbeek:lyricist: Who wrote the lyrics of Warda's Betwanes Beek? (Omar Batisha). These identify different works, different institutions or different artist attributes. The review compares every completed bank, including Egyptian Music and Arabic Music; ambiguous or unsupported release credits were excluded during research. Different song credits, artist instruments, labels, collaborators and musical genres remain separate relations; no retained pair asks the same relation about the same entity."
"old_school_music_v2_145/egyptian_music_v2_177","27396de954e35eb92efb54604fcaa102fa5cc07db776d6274412269e7d305ef5","distinct","Assistant inspected song:haramt:lyricist: Who wrote the lyrics of Warda's Haramt Ahebak? (Omar Batisha) against song:amarain:lyricist: Who wrote the lyrics of Amr Diab's Amarain? (Mohamed Refai). These identify different works, different institutions or different artist attributes. The review compares every completed bank, including Egyptian Music and Arabic Music; ambiguous or unsupported release credits were excluded during research. Different song credits, artist instruments, labels, collaborators and musical genres remain separate relations; no retained pair asks the same relation about the same entity."
"old_school_music_v2_145/egyptian_music_v2_200","d3cab284e5e9470d656dbb3daf6035c25715eb21f203e9b19f21ee0fd89f3ba8","distinct","Assistant inspected song:haramt:lyricist: Who wrote the lyrics of Warda's Haramt Ahebak? (Omar Batisha) against song:kamannana:lyricist: Who wrote the lyrics of Mohamed Fouad's Kamannana? (Antar Hilal). These identify different works, different institutions or different artist attributes. The review compares every completed bank, including Egyptian Music and Arabic Music; ambiguous or unsupported release credits were excluded during research. Different song credits, artist instruments, labels, collaborators and musical genres remain separate relations; no retained pair asks the same relation about the same entity."
"old_school_music_v2_204/egyptian_music_v2_143","171bdf3720bc4739a1e4a3cc752a4c4ad2282b9a1f10817a6dc60ca8362cae8e","distinct","Assistant inspected song:mesafer:lyricist: Who wrote the lyrics of Mohammed Abdel Wahab’s Ya Mesafer Wahdak? (Hussein El Sayed) against song:mashaer:lyricist: Who wrote the lyrics of Sherine Abdel Wahab's Mashaer? (Ahmed Marzouk). These identify different works, different institutions or different artist attributes. The review compares every completed bank, including Egyptian Music and Arabic Music; ambiguous or unsupported release credits were excluded during research. Different song credits, artist instruments, labels, collaborators and musical genres remain separate relations; no retained pair asks the same relation about the same entity."
"old_school_music_v2_204/egyptian_music_v2_147","e15a018f2cb0a9d632fc6fc39f5f12e0417d2146cad2c410391808f33da4a224","distinct","Assistant inspected song:mesafer:lyricist: Who wrote the lyrics of Mohammed Abdel Wahab’s Ya Mesafer Wahdak? (Hussein El Sayed) against song:yastar:lyricist: Who wrote the lyrics of Hamaki's Ya Sattar? (Ayman Bahgat Amar). These identify different works, different institutions or different artist attributes. The review compares every completed bank, including Egyptian Music and Arabic Music; ambiguous or unsupported release credits were excluded during research. Different song credits, artist instruments, labels, collaborators and musical genres remain separate relations; no retained pair asks the same relation about the same entity."
"old_school_music_v2_001/arabic_music_v2_006","1d8abfda4a8ce53422d634b84847cb6538a7d4c8575da33eb84d0fb87ab4c7b7","distinct","Assistant inspected song:ayazon:singer: Which singer made the famous recording of Ayazon? (Najat Al Saghira) against song:intaeih:singer: Which Lebanese singer performs the famous recording of Inta Eih? (Nancy Ajram). These identify different works, different institutions or different artist attributes. The review compares every completed bank, including Egyptian Music and Arabic Music; ambiguous or unsupported release credits were excluded during research. Different song credits, artist instruments, labels, collaborators and musical genres remain separate relations; no retained pair asks the same relation about the same entity."
"old_school_music_v2_001/arabic_music_v2_032","d46c8f96c2c1b0eda9963ab63960ba51608b61001a1fd7899542126ce5ecf14e","distinct","Assistant inspected song:ayazon:singer: Which singer made the famous recording of Ayazon? (Najat Al Saghira) against song:aatenielnay:singer: Which Lebanese singer made the famous recording of Aateny El Nay Wa Ghanni? (Fairuz). These identify different works, different institutions or different artist attributes. The review compares every completed bank, including Egyptian Music and Arabic Music; ambiguous or unsupported release credits were excluded during research. Different song credits, artist instruments, labels, collaborators and musical genres remain separate relations; no retained pair asks the same relation about the same entity."
"old_school_music_v2_001/arabic_music_v2_046","abc471decd1bf20686c5ff6ee90cc952a45f6c8b3fbe08c329186a0e6fb0df6a","distinct","Assistant inspected song:ayazon:singer: Which singer made the famous recording of Ayazon? (Najat Al Saghira) against song:aicha:singer: Which Algerian singer made the famous 1996 recording of Aicha? (Khaled). These identify different works, different institutions or different artist attributes. The review compares every completed bank, including Egyptian Music and Arabic Music; ambiguous or unsupported release credits were excluded during research. Different song credits, artist instruments, labels, collaborators and musical genres remain separate relations; no retained pair asks the same relation about the same entity."
"old_school_music_v2_002/arabic_music_v2_011","de2942e81d90193e4594206f7d7482f74c9a6d552db5338328b2f694c6fd58af","distinct","Assistant inspected song:saatsaat:singer: Which Lebanese singer is known for Saat Saat? (Sabah) against song:kalimat:singer: Which Lebanese singer is famous for performing the poem Kalimat? (Majida El Roumi). These identify different works, different institutions or different artist attributes. The review compares every completed bank, including Egyptian Music and Arabic Music; ambiguous or unsupported release credits were excluded during research. Different song credits, artist instruments, labels, collaborators and musical genres remain separate relations; no retained pair asks the same relation about the same entity."
"old_school_music_v2_002/arabic_music_v2_023","774e524992b0f99d15a3ec36b3641554364f99ca51cdf4aa3090692e9193b564","distinct","Assistant inspected song:saatsaat:singer: Which Lebanese singer is known for Saat Saat? (Sabah) against song:kelmtihorra:singer: Which Tunisian singer is known for Kelmti Horra? (Emel Mathlouthi). These identify different works, different institutions or different artist attributes. The review compares every completed bank, including Egyptian Music and Arabic Music; ambiguous or unsupported release credits were excluded during research. Different song credits, artist instruments, labels, collaborators and musical genres remain separate relations; no retained pair asks the same relation about the same entity."
"old_school_music_v2_003/arabic_music_v2_058","4eef375c5389955a71a603e0ad5ac96816e679d20e1917ff840cb60e6b85e318","distinct","Assistant inspected song:akdebaleik:singer: Which singer performs Akdeb Aleik? (Warda Al Jazairia) against song:saken:singer: Which singer performs Saken? (Diana Haddad). These identify different works, different institutions or different artist attributes. The review compares every completed bank, including Egyptian Music and Arabic Music; ambiguous or unsupported release credits were excluded during research. Different song credits, artist instruments, labels, collaborators and musical genres remain separate relations; no retained pair asks the same relation about the same entity."
"old_school_music_v2_003/arabic_music_v2_061","28c6a12bfac93ff6bb3fd7593a8cc91734bd24a5b543e5fa3236d22d6bb422a6","distinct","Assistant inspected song:akdebaleik:singer: Which singer performs Akdeb Aleik? (Warda Al Jazairia) against song:aashanak:singer: Which singer performs Aashanak? (Siilawy). These identify different works, different institutions or different artist attributes. The review compares every completed bank, including Egyptian Music and Arabic Music; ambiguous or unsupported release credits were excluded during research. Different song credits, artist instruments, labels, collaborators and musical genres remain separate relations; no retained pair asks the same relation about the same entity."
"old_school_music_v2_009/arabic_music_v2_027","615e32f1e7fffdc6472de7a45c5c01ed47e71e846e9ae3748779578b9fc3d563","distinct","Assistant inspected song:haramt:singer: Which singer performs Haramt Ahebak? (Warda Al Jazairia) against song:ayshalak:singer: Which Lebanese singer performs Ayshalak? (Elissa). These identify different works, different institutions or different artist attributes. The review compares every completed bank, including Egyptian Music and Arabic Music; ambiguous or unsupported release credits were excluded during research. Different song credits, artist instruments, labels, collaborators and musical genres remain separate relations; no retained pair asks the same relation about the same entity."
"old_school_music_v2_009/arabic_music_v2_031","12920ef490eb056e9e59f4d9513b5030866561b643be3735acf67b3199ea05c1","distinct","Assistant inspected song:haramt:singer: Which singer performs Haramt Ahebak? (Warda Al Jazairia) against song:ellayali:singer: Which singer performs El Layali? (Nawal El Zoghbi). These identify different works, different institutions or different artist attributes. The review compares every completed bank, including Egyptian Music and Arabic Music; ambiguous or unsupported release credits were excluded during research. Different song credits, artist instruments, labels, collaborators and musical genres remain separate relations; no retained pair asks the same relation about the same entity."
"old_school_music_v2_009/arabic_music_v2_047","c50dc5625e4da532773d43b978d2d84c5d8cb23046b9af1f2fad3317903b278e","distinct","Assistant inspected song:haramt:singer: Which singer performs Haramt Ahebak? (Warda Al Jazairia) against song:hafla:singer: Which female singer performs Hafla? (Nawal El Zoghbi). These identify different works, different institutions or different artist attributes. The review compares every completed bank, including Egyptian Music and Arabic Music; ambiguous or unsupported release credits were excluded during research. Different song credits, artist instruments, labels, collaborators and musical genres remain separate relations; no retained pair asks the same relation about the same entity."
"old_school_music_v2_009/arabic_music_v2_055","591b8faca20b18f5401e6cc1d9029f75e5d614eace0073e586a97368ce680b07","distinct","Assistant inspected song:haramt:singer: Which singer performs Haramt Ahebak? (Warda Al Jazairia) against song:motallaqa:singer: Which female singer performs El Motallaqa? (Carole Samaha). These identify different works, different institutions or different artist attributes. The review compares every completed bank, including Egyptian Music and Arabic Music; ambiguous or unsupported release credits were excluded during research. Different song credits, artist instruments, labels, collaborators and musical genres remain separate relations; no retained pair asks the same relation about the same entity."
"old_school_music_v2_009/arabic_music_v2_058","2c5a822b79ef34db065b3705097925b2bf236fc5dcaa11a062961a448cbfbe7a","distinct","Assistant inspected song:haramt:singer: Which singer performs Haramt Ahebak? (Warda Al Jazairia) against song:saken:singer: Which singer performs Saken? (Diana Haddad). These identify different works, different institutions or different artist attributes. The review compares every completed bank, including Egyptian Music and Arabic Music; ambiguous or unsupported release credits were excluded during research. Different song credits, artist instruments, labels, collaborators and musical genres remain separate relations; no retained pair asks the same relation about the same entity."
"old_school_music_v2_009/arabic_music_v2_061","a571a136c47de9102d17b4ae5fa07fdf639791dea573bedd16c401579b359704","distinct","Assistant inspected song:haramt:singer: Which singer performs Haramt Ahebak? (Warda Al Jazairia) against song:aashanak:singer: Which singer performs Aashanak? (Siilawy). These identify different works, different institutions or different artist attributes. The review compares every completed bank, including Egyptian Music and Arabic Music; ambiguous or unsupported release credits were excluded during research. Different song credits, artist instruments, labels, collaborators and musical genres remain separate relations; no retained pair asks the same relation about the same entity."
"old_school_music_v2_010/arabic_music_v2_058","615beb8bf25b2a1bc41d773908b50d5e4e67ae554b2c4866cd79d7e3d620a56e","distinct","Assistant inspected song:libeirout:singer: Which singer performs Li Beirut? (Fairuz) against song:saken:singer: Which singer performs Saken? (Diana Haddad). These identify different works, different institutions or different artist attributes. The review compares every completed bank, including Egyptian Music and Arabic Music; ambiguous or unsupported release credits were excluded during research. Different song credits, artist instruments, labels, collaborators and musical genres remain separate relations; no retained pair asks the same relation about the same entity."
"old_school_music_v2_010/arabic_music_v2_061","80de3a4b78aba39a23eab2e896ff24a95d4100a1815ac05d70d171a42636aa02","distinct","Assistant inspected song:libeirout:singer: Which singer performs Li Beirut? (Fairuz) against song:aashanak:singer: Which singer performs Aashanak? (Siilawy). These identify different works, different institutions or different artist attributes. The review compares every completed bank, including Egyptian Music and Arabic Music; ambiguous or unsupported release credits were excluded during research. Different song credits, artist instruments, labels, collaborators and musical genres remain separate relations; no retained pair asks the same relation about the same entity."
"old_school_music_v2_012/arabic_music_v2_046","1424b8921b5d16b5c54bcdc6260431685450b4197472adf1af7794b719d94bbb","distinct","Assistant inspected song:hitroadjack:performer: Which singer made the famous recording of Hit The Road Jack? (Ray Charles) against song:aicha:singer: Which Algerian singer made the famous 1996 recording of Aicha? (Khaled). These identify different works, different institutions or different artist attributes. The review compares every completed bank, including Egyptian Music and Arabic Music; ambiguous or unsupported release credits were excluded during research. Different song credits, artist instruments, labels, collaborators and musical genres remain separate relations; no retained pair asks the same relation about the same entity."
"old_school_music_v2_013/arabic_music_v2_053","decdffda40ae7ee62062c94792f6e37e4fce989cad127218814b493ffc3e4536","distinct","Assistant inspected song:superstition:performer: Who performs Superstition? (Stevie Wonder) against song:kon:singer: Who performs Kon? (Joseph Attieh). These identify different works, different institutions or different artist attributes. The review compares every completed bank, including Egyptian Music and Arabic Music; ambiguous or unsupported release credits were excluded during research. Different song credits, artist instruments, labels, collaborators and musical genres remain separate relations; no retained pair asks the same relation about the same entity."
"old_school_music_v2_014/arabic_music_v2_018","574bf1cf50842f069b179437b967d324d58885b6d180891a63bba29ce435a39c","distinct","Assistant inspected song:whatsgoingon:performer: Which singer released the classic song and album What's Going On? (Marvin Gaye) against song:saharni:singer: Which Lebanese singer released the song and album Saharni? (Najwa Karam). These identify different works, different institutions or different artist attributes. The review compares every completed bank, including Egyptian Music and Arabic Music; ambiguous or unsupported release credits were excluded during research. Different song credits, artist instruments, labels, collaborators and musical genres remain separate relations; no retained pair asks the same relation about the same entity."
"old_school_music_v2_062/arabic_music_v2_040","87b1a147826eca80c84155f7a01b244cb33b6b3c5e386f0f1e0b6b53b68b6ad8","distinct","Assistant inspected song:jarida:singer: Which Sudanese singer performs Al Jarida? (Mohammed Al Amin) against song:qulnamamomkin:singer: Which Sudanese singer performs Qulna Ma Momkin Tesafir? (Mohammed Al Amin). These identify different works, different institutions or different artist attributes. The review compares every completed bank, including Egyptian Music and Arabic Music; ambiguous or unsupported release credits were excluded during research. Different song credits, artist instruments, labels, collaborators and musical genres remain separate relations; no retained pair asks the same relation about the same entity."
"old_school_music_v2_062/arabic_music_v2_042","0ea0fbb40e1c56809eecf53bce664dcbc42efdf9bf67d540b9a4885a32e167b5","distinct","Assistant inspected song:jarida:singer: Which Sudanese singer performs Al Jarida? (Mohammed Al Amin) against song:didi:singer: Which Algerian singer performs Didi? (Khaled). These identify different works, different institutions or different artist attributes. The review compares every completed bank, including Egyptian Music and Arabic Music; ambiguous or unsupported release credits were excluded during research. Different song credits, artist instruments, labels, collaborators and musical genres remain separate relations; no retained pair asks the same relation about the same entity."
"old_school_music_v2_062/arabic_music_v2_061","e37185a91732e435568eaa027ac81a718ed4c4ecc57f5f6c9a2a498aba3f3675","distinct","Assistant inspected song:jarida:singer: Which Sudanese singer performs Al Jarida? (Mohammed Al Amin) against song:aashanak:singer: Which singer performs Aashanak? (Siilawy). These identify different works, different institutions or different artist attributes. The review compares every completed bank, including Egyptian Music and Arabic Music; ambiguous or unsupported release credits were excluded during research. Different song credits, artist instruments, labels, collaborators and musical genres remain separate relations; no retained pair asks the same relation about the same entity."
"old_school_music_v2_067/arabic_music_v2_015","d65fe13fd0a2ecc44443b26a7e9c03a7a8fb4b53b23e903ca6819e0b6b492393","distinct","Assistant inspected song:habbaytak:singer: Which Lebanese singer performs Habbaytak Bessayf? (Fairuz) against song:dalliedhaki:singer: Which Lebanese singer performs Dalli Edhaki? (Melhem Zein). These identify different works, different institutions or different artist attributes. The review compares every completed bank, including Egyptian Music and Arabic Music; ambiguous or unsupported release credits were excluded during research. Different song credits, artist instruments, labels, collaborators and musical genres remain separate relations; no retained pair asks the same relation about the same entity."
"old_school_music_v2_067/arabic_music_v2_019","d8c54ecb40de7f117f67b8affbfed217271dd3ecb8ab99f968cb5ff412345e44","distinct","Assistant inspected song:habbaytak:singer: Which Lebanese singer performs Habbaytak Bessayf? (Fairuz) against song:twassafeyi:singer: Which Lebanese singer performs Twassa Feyi? (Yara). These identify different works, different institutions or different artist attributes. The review compares every completed bank, including Egyptian Music and Arabic Music; ambiguous or unsupported release credits were excluded during research. Different song credits, artist instruments, labels, collaborators and musical genres remain separate relations; no retained pair asks the same relation about the same entity."
"old_school_music_v2_067/arabic_music_v2_027","dd489c31512cf6bfd17124ca93919932d4fb48d4d13abfbc787b2bc77673dbb7","distinct","Assistant inspected song:habbaytak:singer: Which Lebanese singer performs Habbaytak Bessayf? (Fairuz) against song:ayshalak:singer: Which Lebanese singer performs Ayshalak? (Elissa). These identify different works, different institutions or different artist attributes. The review compares every completed bank, including Egyptian Music and Arabic Music; ambiguous or unsupported release credits were excluded during research. Different song credits, artist instruments, labels, collaborators and musical genres remain separate relations; no retained pair asks the same relation about the same entity."
"old_school_music_v2_067/arabic_music_v2_030","96f917e52156dbcb4830fa7e534c9e3cd9322bbe2007c6d1071efd8bdee1cb25","distinct","Assistant inspected song:habbaytak:singer: Which Lebanese singer performs Habbaytak Bessayf? (Fairuz) against song:omrikellou:singer: Which Lebanese singer performs Omri Kellou? (Wael Kfoury). These identify different works, different institutions or different artist attributes. The review compares every completed bank, including Egyptian Music and Arabic Music; ambiguous or unsupported release credits were excluded during research. Different song credits, artist instruments, labels, collaborators and musical genres remain separate relations; no retained pair asks the same relation about the same entity."
"old_school_music_v2_074/arabic_music_v2_086","0fe4260f989459bd987070ed84810cd2b899e515a9f2831d3f58aa8be0f623de","distinct","Assistant inspected song:hawasultan:composer: Who composed George Wassouf's El Hawa Sultan? (Georges Yazbek) against song:kalamelnas:composer: Who composed George Wassouf's Kalam El Nas? (Salah El Sharnouby). These identify different works, different institutions or different artist attributes. The review compares every completed bank, including Egyptian Music and Arabic Music; ambiguous or unsupported release credits were excluded during research. Different song credits, artist instruments, labels, collaborators and musical genres remain separate relations; no retained pair asks the same relation about the same entity."
"old_school_music_v2_138/arabic_music_v2_138","6ce39a90ae6fe8b927e9895e2cfa5d86a8c0c228e4584dc3a12f7bd684bdc1db","distinct","Assistant inspected song:saatsaat:lyricist: Who wrote the lyrics of Sabah's Saat Saat? (Abdel Rahman El Abnoudi) against song:intaeih:lyricist: Who wrote the lyrics of Nancy Ajram's Inta Eih? (Mostafa Morsi). These identify different works, different institutions or different artist attributes. The review compares every completed bank, including Egyptian Music and Arabic Music; ambiguous or unsupported release credits were excluded during research. Different song credits, artist instruments, labels, collaborators and musical genres remain separate relations; no retained pair asks the same relation about the same entity."
"old_school_music_v2_138/arabic_music_v2_149","4f8ecb1b0a94e2c1bb3d8449e5d1bc372eade599bfaeb5c88f4d757d61fc6026","distinct","Assistant inspected song:saatsaat:lyricist: Who wrote the lyrics of Sabah's Saat Saat? (Abdel Rahman El Abnoudi) against song:waedmenni:lyricist: Who wrote the lyrics of Rahma Riad's Waed Menni? (Ramy Al Abody). These identify different works, different institutions or different artist attributes. The review compares every completed bank, including Egyptian Music and Arabic Music; ambiguous or unsupported release credits were excluded during research. Different song credits, artist instruments, labels, collaborators and musical genres remain separate relations; no retained pair asks the same relation about the same entity."
"old_school_music_v2_138/arabic_music_v2_152","e3d90ed772e6f237d0ab892df0b9adf681b1127c1a78a740b8f032e152c34605","distinct","Assistant inspected song:saatsaat:lyricist: Who wrote the lyrics of Sabah's Saat Saat? (Abdel Rahman El Abnoudi) against song:dalliedhaki:lyricist: Who wrote the lyrics of Melhem Zein's Dalli Edhaki? (Fadi Morjan). These identify different works, different institutions or different artist attributes. The review compares every completed bank, including Egyptian Music and Arabic Music; ambiguous or unsupported release credits were excluded during research. Different song credits, artist instruments, labels, collaborators and musical genres remain separate relations; no retained pair asks the same relation about the same entity."
"old_school_music_v2_138/arabic_music_v2_153","ae1b5050da2933f79088d0445e251303591d3d4f8af11a069646ae06b0ae2c44","distinct","Assistant inspected song:saatsaat:lyricist: Who wrote the lyrics of Sabah's Saat Saat? (Abdel Rahman El Abnoudi) against song:madareet:lyricist: Who wrote the lyrics of Saif Nabeel's Ma Dareet? (Saif Al Fares). These identify different works, different institutions or different artist attributes. The review compares every completed bank, including Egyptian Music and Arabic Music; ambiguous or unsupported release credits were excluded during research. Different song credits, artist instruments, labels, collaborators and musical genres remain separate relations; no retained pair asks the same relation about the same entity."
"old_school_music_v2_138/arabic_music_v2_161","0a1c9b13a49518a314228a222bd19f672faa915f9e7042601ff1246f4cd0f00c","distinct","Assistant inspected song:saatsaat:lyricist: Who wrote the lyrics of Sabah's Saat Saat? (Abdel Rahman El Abnoudi) against song:ayshalak:lyricist: Who wrote the lyrics of Elissa's Ayshalak? (Mohammed Rifai). These identify different works, different institutions or different artist attributes. The review compares every completed bank, including Egyptian Music and Arabic Music; ambiguous or unsupported release credits were excluded during research. Different song credits, artist instruments, labels, collaborators and musical genres remain separate relations; no retained pair asks the same relation about the same entity."
"old_school_music_v2_138/arabic_music_v2_165","793b8dbb7acf3d7f89158d19a7fcf1a1c0d5d90e88aa0c9c4a9c88652a48d9c4","distinct","Assistant inspected song:saatsaat:lyricist: Who wrote the lyrics of Sabah's Saat Saat? (Abdel Rahman El Abnoudi) against song:omrikellou:lyricist: Who wrote the lyrics of Wael Kfoury's Omri Kellou? (Samir Nakhleh). These identify different works, different institutions or different artist attributes. The review compares every completed bank, including Egyptian Music and Arabic Music; ambiguous or unsupported release credits were excluded during research. Different song credits, artist instruments, labels, collaborators and musical genres remain separate relations; no retained pair asks the same relation about the same entity."
"old_school_music_v2_138/arabic_music_v2_169","3d5fed2c868d8f1a9f682539cc5ef330f8f2ce01f844d5c9ab7fe1e2d528dcad","distinct","Assistant inspected song:saatsaat:lyricist: Who wrote the lyrics of Sabah's Saat Saat? (Abdel Rahman El Abnoudi) against song:majbour:lyricist: Who wrote the lyrics of Nassif Zeytoun's Majbour? (Ali Al Mawla). These identify different works, different institutions or different artist attributes. The review compares every completed bank, including Egyptian Music and Arabic Music; ambiguous or unsupported release credits were excluded during research. Different song credits, artist instruments, labels, collaborators and musical genres remain separate relations; no retained pair asks the same relation about the same entity."
"old_school_music_v2_138/arabic_music_v2_170","c4a6d2a312ab8c1f173cdf44f480eaebe6d45f1f1b32494cc6f1d344410f8447","distinct","Assistant inspected song:saatsaat:lyricist: Who wrote the lyrics of Sabah's Saat Saat? (Abdel Rahman El Abnoudi) against song:mabzon:lyricist: Who wrote the lyrics of Nassif Zeytoun's Ma Bzon? (Amer Lawand). These identify different works, different institutions or different artist attributes. The review compares every completed bank, including Egyptian Music and Arabic Music; ambiguous or unsupported release credits were excluded during research. Different song credits, artist instruments, labels, collaborators and musical genres remain separate relations; no retained pair asks the same relation about the same entity."
"old_school_music_v2_139/arabic_music_v2_161","58d9d0a7bb1fceb843822ff93d40b5b4c7c41536f113da1f1f74970b4c77e6b2","distinct","Assistant inspected song:akdebaleik:lyricist: Who wrote the lyrics of Warda's Akdeb Aleik? (Morsi Gamil Aziz) against song:ayshalak:lyricist: Who wrote the lyrics of Elissa's Ayshalak? (Mohammed Rifai). These identify different works, different institutions or different artist attributes. The review compares every completed bank, including Egyptian Music and Arabic Music; ambiguous or unsupported release credits were excluded during research. Different song credits, artist instruments, labels, collaborators and musical genres remain separate relations; no retained pair asks the same relation about the same entity."
"old_school_music_v2_139/arabic_music_v2_169","8a6c0856fe11f727491178961a83128915aa7dc96f77a58797b905c5f8a02eb3","distinct","Assistant inspected song:akdebaleik:lyricist: Who wrote the lyrics of Warda's Akdeb Aleik? (Morsi Gamil Aziz) against song:majbour:lyricist: Who wrote the lyrics of Nassif Zeytoun's Majbour? (Ali Al Mawla). These identify different works, different institutions or different artist attributes. The review compares every completed bank, including Egyptian Music and Arabic Music; ambiguous or unsupported release credits were excluded during research. Different song credits, artist instruments, labels, collaborators and musical genres remain separate relations; no retained pair asks the same relation about the same entity."
"old_school_music_v2_142/arabic_music_v2_154","d08d2c13359b59a48e26fb801fbfe16058380174d3ce71c4a661becdc5e8e5e0","distinct","Assistant inspected song:hawasultan:lyricist: Who wrote the lyrics of George Wassouf's El Hawa Sultan? (Badi Yazbek) against song:kalamelnas:lyricist: Who wrote the lyrics of George Wassouf's Kalam El Nas? (Ahmed Sheta). These identify different works, different institutions or different artist attributes. The review compares every completed bank, including Egyptian Music and Arabic Music; ambiguous or unsupported release credits were excluded during research. Different song credits, artist instruments, labels, collaborators and musical genres remain separate relations; no retained pair asks the same relation about the same entity."
"old_school_music_v2_145/arabic_music_v2_161","c004b22c98961331fd44b3f751f7a9a18fe9631c67ead3ee44a106dfa27408c6","distinct","Assistant inspected song:haramt:lyricist: Who wrote the lyrics of Warda's Haramt Ahebak? (Omar Batisha) against song:ayshalak:lyricist: Who wrote the lyrics of Elissa's Ayshalak? (Mohammed Rifai). These identify different works, different institutions or different artist attributes. The review compares every completed bank, including Egyptian Music and Arabic Music; ambiguous or unsupported release credits were excluded during research. Different song credits, artist instruments, labels, collaborators and musical genres remain separate relations; no retained pair asks the same relation about the same entity."
"old_school_music_v2_145/arabic_music_v2_169","883be5e7f01a2c7ab19ec963979b39de56c615178c378fbd2f3eb1aaa42f4356","distinct","Assistant inspected song:haramt:lyricist: Who wrote the lyrics of Warda's Haramt Ahebak? (Omar Batisha) against song:majbour:lyricist: Who wrote the lyrics of Nassif Zeytoun's Majbour? (Ali Al Mawla). These identify different works, different institutions or different artist attributes. The review compares every completed bank, including Egyptian Music and Arabic Music; ambiguous or unsupported release credits were excluded during research. Different song credits, artist instruments, labels, collaborators and musical genres remain separate relations; no retained pair asks the same relation about the same entity."
"old_school_music_v2_198/arabic_music_v2_174","2bf67b6b51a128d048fe9cceaeaa262e405fd39e97a69296728d70692937cc3f","distinct","Assistant inspected song:jarida:poet: Who wrote the lyrics of Al Jarida, sung by Mohammed Al Amin? (Fadl Allah Mohammed) against song:asmaryasaher:poet: Who wrote the lyrics of Mohammed Al Amin's Asmar Ya Saher? (Khalifa Al Sadiq). These identify different works, different institutions or different artist attributes. The review compares every completed bank, including Egyptian Music and Arabic Music; ambiguous or unsupported release credits were excluded during research. Different song credits, artist instruments, labels, collaborators and musical genres remain separate relations; no retained pair asks the same relation about the same entity."
"old_school_music_v2_204/arabic_music_v2_174","ce4dfc2a3939c9b28c15c471cb3358a6ec3bdd84fcf2cc1e93802799ffd7472f","distinct","Assistant inspected song:mesafer:lyricist: Who wrote the lyrics of Mohammed Abdel Wahab’s Ya Mesafer Wahdak? (Hussein El Sayed) against song:asmaryasaher:poet: Who wrote the lyrics of Mohammed Al Amin's Asmar Ya Saher? (Khalifa Al Sadiq). These identify different works, different institutions or different artist attributes. The review compares every completed bank, including Egyptian Music and Arabic Music; ambiguous or unsupported release credits were excluded during research. Different song credits, artist instruments, labels, collaborators and musical genres remain separate relations; no retained pair asks the same relation about the same entity."
"old_school_music_v2_001/international_music_v2_011","cf63cc6b6947894866d98eab0e2248f695550ce4043ad1d9c5f1df3aa057c13c","distinct","Assistant inspected song:ayazon:singer: Which singer made the famous recording of Ayazon? (Najat Al Saghira) against song:yoursong:performer: Which singer made the original recording of Your Song? (Elton John). These identify different works, different institutions or different artist attributes. The review compares every completed bank, including Egyptian Music and Arabic Music; ambiguous or unsupported release credits were excluded during research. Different song credits, artist instruments, labels, collaborators and musical genres remain separate relations; no retained pair asks the same relation about the same entity."
"old_school_music_v2_001/international_music_v2_014","90a9524488b9003777c9db74a08815fcee63295838eb0f61157b75ecea863b1b","distinct","Assistant inspected song:ayazon:singer: Which singer made the famous recording of Ayazon? (Najat Al Saghira) against song:hotelcalifornia:performer: Which band made the famous recording of Hotel California? (Eagles). These identify different works, different institutions or different artist attributes. The review compares every completed bank, including Egyptian Music and Arabic Music; ambiguous or unsupported release credits were excluded during research. Different song credits, artist instruments, labels, collaborators and musical genres remain separate relations; no retained pair asks the same relation about the same entity."
"old_school_music_v2_003/international_music_v2_025","2d590c26053111240ff2d4674208d2940d110f6bae2707728958f4ebbf2aa779","distinct","Assistant inspected song:akdebaleik:singer: Which singer performs Akdeb Aleik? (Warda Al Jazairia) against song:umbrella:performer: Which singer performs Umbrella? (Rihanna). These identify different works, different institutions or different artist attributes. The review compares every completed bank, including Egyptian Music and Arabic Music; ambiguous or unsupported release credits were excluded during research. Different song credits, artist instruments, labels, collaborators and musical genres remain separate relations; no retained pair asks the same relation about the same entity."
"old_school_music_v2_003/international_music_v2_026","0a0cfbe224683fb3d0c9d2582266145e904582fa181b3ca29f897139e52aff6a","distinct","Assistant inspected song:akdebaleik:singer: Which singer performs Akdeb Aleik? (Warda Al Jazairia) against song:levitating:performer: Which singer performs Levitating? (Dua Lipa). These identify different works, different institutions or different artist attributes. The review compares every completed bank, including Egyptian Music and Arabic Music; ambiguous or unsupported release credits were excluded during research. Different song credits, artist instruments, labels, collaborators and musical genres remain separate relations; no retained pair asks the same relation about the same entity."
"old_school_music_v2_003/international_music_v2_039","9e901d76a020ae99b479b8a2ec37f5fd954a565ff67142019f33310eba4640af","distinct","Assistant inspected song:akdebaleik:singer: Which singer performs Akdeb Aleik? (Warda Al Jazairia) against song:happy:performer: Which singer performs Happy? (Pharrell Williams). These identify different works, different institutions or different artist attributes. The review compares every completed bank, including Egyptian Music and Arabic Music; ambiguous or unsupported release credits were excluded during research. Different song credits, artist instruments, labels, collaborators and musical genres remain separate relations; no retained pair asks the same relation about the same entity."
"old_school_music_v2_009/international_music_v2_020","845771818c7bf56193c4ca502ddaaa22c11c5170bc1916dadf2aee70ba91124e","distinct","Assistant inspected song:haramt:singer: Which singer performs Haramt Ahebak? (Warda Al Jazairia) against song:rehab:performer: Which British singer performs Rehab? (Amy Winehouse). These identify different works, different institutions or different artist attributes. The review compares every completed bank, including Egyptian Music and Arabic Music; ambiguous or unsupported release credits were excluded during research. Different song credits, artist instruments, labels, collaborators and musical genres remain separate relations; no retained pair asks the same relation about the same entity."
"old_school_music_v2_009/international_music_v2_023","42f53e31acedb8d40b8cb73ea966f0154d0784ac0c4ea2e375c0ce14dc81927d","distinct","Assistant inspected song:haramt:singer: Which singer performs Haramt Ahebak? (Warda Al Jazairia) against song:badromance:performer: Which singer performs Bad Romance? (Lady Gaga). These identify different works, different institutions or different artist attributes. The review compares every completed bank, including Egyptian Music and Arabic Music; ambiguous or unsupported release credits were excluded during research. Different song credits, artist instruments, labels, collaborators and musical genres remain separate relations; no retained pair asks the same relation about the same entity."
"old_school_music_v2_009/international_music_v2_025","00b5969650a81ce4662575245c4a10098cfeb35038d6a034f6016927b0143d57","distinct","Assistant inspected song:haramt:singer: Which singer performs Haramt Ahebak? (Warda Al Jazairia) against song:umbrella:performer: Which singer performs Umbrella? (Rihanna). These identify different works, different institutions or different artist attributes. The review compares every completed bank, including Egyptian Music and Arabic Music; ambiguous or unsupported release credits were excluded during research. Different song credits, artist instruments, labels, collaborators and musical genres remain separate relations; no retained pair asks the same relation about the same entity."
"old_school_music_v2_009/international_music_v2_026","32490b40cbdc8cf3d2963d02151cf083a89bfe35c6f30f4b1bef0d97a310a32b","distinct","Assistant inspected song:haramt:singer: Which singer performs Haramt Ahebak? (Warda Al Jazairia) against song:levitating:performer: Which singer performs Levitating? (Dua Lipa). These identify different works, different institutions or different artist attributes. The review compares every completed bank, including Egyptian Music and Arabic Music; ambiguous or unsupported release credits were excluded during research. Different song credits, artist instruments, labels, collaborators and musical genres remain separate relations; no retained pair asks the same relation about the same entity."
"old_school_music_v2_009/international_music_v2_027","74fa913569e220156baf4b2cf67e1f2bd4b42dc73b4c9339ef74bff5efe7faa7","distinct","Assistant inspected song:haramt:singer: Which singer performs Haramt Ahebak? (Warda Al Jazairia) against song:chandelier:performer: Which Australian singer performs Chandelier? (Sia). These identify different works, different institutions or different artist attributes. The review compares every completed bank, including Egyptian Music and Arabic Music; ambiguous or unsupported release credits were excluded during research. Different song credits, artist instruments, labels, collaborators and musical genres remain separate relations; no retained pair asks the same relation about the same entity."
"old_school_music_v2_009/international_music_v2_028","d943978bbee1de43062c0ca465be139f66626d019e9fc8ed8b6b5039687c9462","distinct","Assistant inspected song:haramt:singer: Which singer performs Haramt Ahebak? (Warda Al Jazairia) against song:badguy:performer: Which singer performs bad guy? (Billie Eilish). These identify different works, different institutions or different artist attributes. The review compares every completed bank, including Egyptian Music and Arabic Music; ambiguous or unsupported release credits were excluded during research. Different song credits, artist instruments, labels, collaborators and musical genres remain separate relations; no retained pair asks the same relation about the same entity."
"old_school_music_v2_009/international_music_v2_029","ca5cd6c15e07022be7a42cb8bf81ac5089b20c2d0ebc3addf3c0a3f1241322e4","distinct","Assistant inspected song:haramt:singer: Which singer performs Haramt Ahebak? (Warda Al Jazairia) against song:driverslicense:performer: Which singer performs drivers license? (Olivia Rodrigo). These identify different works, different institutions or different artist attributes. The review compares every completed bank, including Egyptian Music and Arabic Music; ambiguous or unsupported release credits were excluded during research. Different song credits, artist instruments, labels, collaborators and musical genres remain separate relations; no retained pair asks the same relation about the same entity."
"old_school_music_v2_009/international_music_v2_039","e69afcd4cb1ef6e1034d1dd5404a755449c6e0bb9cc4db0ff5f3a87ecb7081a8","distinct","Assistant inspected song:haramt:singer: Which singer performs Haramt Ahebak? (Warda Al Jazairia) against song:happy:performer: Which singer performs Happy? (Pharrell Williams). These identify different works, different institutions or different artist attributes. The review compares every completed bank, including Egyptian Music and Arabic Music; ambiguous or unsupported release credits were excluded during research. Different song credits, artist instruments, labels, collaborators and musical genres remain separate relations; no retained pair asks the same relation about the same entity."
"old_school_music_v2_010/international_music_v2_025","c8787f059e3f7d6bec577a63991d09e3a485d11b6625b2148d2a8c4809b462bd","distinct","Assistant inspected song:libeirout:singer: Which singer performs Li Beirut? (Fairuz) against song:umbrella:performer: Which singer performs Umbrella? (Rihanna). These identify different works, different institutions or different artist attributes. The review compares every completed bank, including Egyptian Music and Arabic Music; ambiguous or unsupported release credits were excluded during research. Different song credits, artist instruments, labels, collaborators and musical genres remain separate relations; no retained pair asks the same relation about the same entity."
"old_school_music_v2_010/international_music_v2_026","36690a3d78bd8f5fd3fb5ce9cc82840d188898aa01d73d4e91140886070db5eb","distinct","Assistant inspected song:libeirout:singer: Which singer performs Li Beirut? (Fairuz) against song:levitating:performer: Which singer performs Levitating? (Dua Lipa). These identify different works, different institutions or different artist attributes. The review compares every completed bank, including Egyptian Music and Arabic Music; ambiguous or unsupported release credits were excluded during research. Different song credits, artist instruments, labels, collaborators and musical genres remain separate relations; no retained pair asks the same relation about the same entity."
"old_school_music_v2_010/international_music_v2_039","885524a65f504f8e52d7eacc35f25533fb4518f6a52ca53b587abfa1687c3b23","distinct","Assistant inspected song:libeirout:singer: Which singer performs Li Beirut? (Fairuz) against song:happy:performer: Which singer performs Happy? (Pharrell Williams). These identify different works, different institutions or different artist attributes. The review compares every completed bank, including Egyptian Music and Arabic Music; ambiguous or unsupported release credits were excluded during research. Different song credits, artist instruments, labels, collaborators and musical genres remain separate relations; no retained pair asks the same relation about the same entity."
"old_school_music_v2_018/international_music_v2_011","d24c6b66c8b9db52c3e25f04fc8d1d17984ccbff4c798fc0efabdbe756b2b9a0","distinct","Assistant inspected song:jolene:performer: Which country singer made the original Jolene recording? (Dolly Parton) against song:yoursong:performer: Which singer made the original recording of Your Song? (Elton John). These identify different works, different institutions or different artist attributes. The review compares every completed bank, including Egyptian Music and Arabic Music; ambiguous or unsupported release credits were excluded during research. Different song credits, artist instruments, labels, collaborators and musical genres remain separate relations; no retained pair asks the same relation about the same entity."
"old_school_music_v2_023/international_music_v2_004","9528c779b0413521eee389ee7be18c823e4c2b27050a787f056baa5a6330fbba","distinct","Assistant inspected song:soundofsilence:performers: Which duo made the original The Sound Of Silence recording? (Simon and Garfunkel) against song:cometogether:performer: Which band made the original recording of Come Together? (The Beatles). These identify different works, different institutions or different artist attributes. The review compares every completed bank, including Egyptian Music and Arabic Music; ambiguous or unsupported release credits were excluded during research. Different song credits, artist instruments, labels, collaborators and musical genres remain separate relations; no retained pair asks the same relation about the same entity."
"old_school_music_v2_023/international_music_v2_011","c998bd91817135f92f644ebad2daaf235d1c7372507c851bb335b4f762327188","distinct","Assistant inspected song:soundofsilence:performers: Which duo made the original The Sound Of Silence recording? (Simon and Garfunkel) against song:yoursong:performer: Which singer made the original recording of Your Song? (Elton John). These identify different works, different institutions or different artist attributes. The review compares every completed bank, including Egyptian Music and Arabic Music; ambiguous or unsupported release credits were excluded during research. Different song credits, artist instruments, labels, collaborators and musical genres remain separate relations; no retained pair asks the same relation about the same entity."
"old_school_music_v2_030/international_music_v2_004","ae8997e42d4fedef1590350a34c4cfd24bec6128a8f531cc3f402839e8823738","distinct","Assistant inspected song:mygeneration:performer: Which band made the original My Generation recording? (The Who) against song:cometogether:performer: Which band made the original recording of Come Together? (The Beatles). These identify different works, different institutions or different artist attributes. The review compares every completed bank, including Egyptian Music and Arabic Music; ambiguous or unsupported release credits were excluded during research. Different song credits, artist instruments, labels, collaborators and musical genres remain separate relations; no retained pair asks the same relation about the same entity."
"old_school_music_v2_056/international_music_v2_011","19997031410bc671735cc37a45035e28b8f12bc23a7885b8622c298fc2505617","distinct","Assistant inspected song:volare:originalperformer: Which Italian singer made the original Volare recording? (Domenico Modugno) against song:yoursong:performer: Which singer made the original recording of Your Song? (Elton John). These identify different works, different institutions or different artist attributes. The review compares every completed bank, including Egyptian Music and Arabic Music; ambiguous or unsupported release credits were excluded during research. Different song credits, artist instruments, labels, collaborators and musical genres remain separate relations; no retained pair asks the same relation about the same entity."
"old_school_music_v2_062/international_music_v2_031","08024e272bd398bdaad3b7141b3129ac00efa1925c552c3a2e798ce6dc539ab6","distinct","Assistant inspected song:jarida:singer: Which Sudanese singer performs Al Jarida? (Mohammed Al Amin) against song:blindinglights:performer: Which singer performs Blinding Lights? (The Weeknd). These identify different works, different institutions or different artist attributes. The review compares every completed bank, including Egyptian Music and Arabic Music; ambiguous or unsupported release credits were excluded during research. Different song credits, artist instruments, labels, collaborators and musical genres remain separate relations; no retained pair asks the same relation about the same entity."
"old_school_music_v2_062/international_music_v2_039","55946884dbeb7b79332208deb9e93a67d33305d456d7e9c56c9158fe020bdb03","distinct","Assistant inspected song:jarida:singer: Which Sudanese singer performs Al Jarida? (Mohammed Al Amin) against song:happy:performer: Which singer performs Happy? (Pharrell Williams). These identify different works, different institutions or different artist attributes. The review compares every completed bank, including Egyptian Music and Arabic Music; ambiguous or unsupported release credits were excluded during research. Different song credits, artist instruments, labels, collaborators and musical genres remain separate relations; no retained pair asks the same relation about the same entity."
"old_school_music_v2_091/international_music_v2_089","32c86f4f796887f5241c2bd16ea0d1f4bf378bf2c05f104995daa073f9e9dce8","distinct","Assistant inspected song:soundofsilence:firstalbum: On which album was the original acoustic The Sound Of Silence released? (Wednesday Morning, 3 A.M.) against song:shakeitoff:album: On which Taylor Swift album was the original Shake It Off released? (1989). These identify different works, different institutions or different artist attributes. The review compares every completed bank, including Egyptian Music and Arabic Music; ambiguous or unsupported release credits were excluded during research. Different song credits, artist instruments, labels, collaborators and musical genres remain separate relations; no retained pair asks the same relation about the same entity."
