"id","hash","factKey","source","evidenceVerified","translationParity","difficultyReviewed","distinctFact","reason"
"001","4c181f970c39cc8ab3e835bb3fb97a08bd7c99387d213fdca7fd4557ee05e085","song:ayazon:singer","ayazon","yes","yes","yes","yes","Assistant reviewed Which singer made the famous recording of Ayazon? Answer: Najat Al Saghira. Arabic and English request the same attribute. Evidence: Retrieved or indexed 2026-10-08: Ayazon by Najat Al Saghira; music Mohammed Abdel Wahab; poem Nizar Qabbani. Difficulty: Recognition of performers, familiar songs, musical instruments and prominent artist identities."
"002","802474550b6554f692fe988d40f50fbe7310efd7587169c4a439bd110d08ce0c","song:saatsaat:singer","saat","yes","yes","yes","yes","Assistant reviewed Which Lebanese singer is known for Saat Saat? Answer: Sabah. Arabic and English request the same attribute. Evidence: Retrieved or indexed 2026-10-08: Sabah Saat Saat; music Gamal Salama; lyrics Abdel Rahman El Abnoudi. Difficulty: Recognition of performers, familiar songs, musical instruments and prominent artist identities."
"003","f2331bf8630576d2655b3314f91a3fece67c6d89a3d7e0a90e740febda0fa7bb","song:akdebaleik:singer","akdebwriter","yes","yes","yes","yes","Assistant reviewed Which singer performs Akdeb Aleik? Answer: Warda Al Jazairia. Arabic and English request the same attribute. Evidence: Retrieved or indexed 2026-10-08: Akdeb Aleik by Warda; lyrics Morsi Gamil Aziz. Difficulty: Recognition of performers, familiar songs, musical instruments and prominent artist identities."
"004","f0d777988e69aa56ebe06651dc584c82b127a4048e27c74fce77361fbfb2ad10","song:eltaer:singer","taer","yes","yes","yes","yes","Assistant reviewed Which singer made the classic recording of El Tair El Mosafer? Answer: Najat Al Saghira. Arabic and English request the same attribute. Evidence: Retrieved or indexed 2026-10-08: Najat El Tair El Mosafer; music Baligh Hamdi; words Mohammed Hamza. No contradictory release year asked. Difficulty: Recognition of performers, familiar songs, musical instruments and prominent artist identities."
"005","100048828377956b04dad1a3c38f7bf0b376e9fb495eb3c4f4da37e16b456814","song:layalion:singer","layalion","yes","yes","yes","yes","Assistant reviewed Which singer made the classic recording of Layali El Ons Fi Vienna? Answer: Asmahan. Arabic and English request the same attribute. Evidence: Retrieved or indexed 2026-10-08: Asmahan; composer Farid Al Atrash; lyricist Ahmed Rami. Difficulty: Recognition of performers, familiar songs, musical instruments and prominent artist identities."
"006","c9fc64c9a843a417f1b32f248ea9d4b06962e2f2b6ec803daf2fc63bd20a2783","song:hawasultan:singer","hawa","yes","yes","yes","yes","Assistant reviewed Which Syrian singer is known for El Hawa Sultan? Answer: George Wassouf. Arabic and English request the same attribute. Evidence: Retrieved or indexed 2026-10-08: George Wassouf; composer Georges Yazbek; lyricist Badi Yazbek. Difficulty: Recognition of performers, familiar songs, musical instruments and prominent artist identities."
"007","c58be0aeb44348e23466fcef5a0bb2c97bd67cc2402a91a2365e1bed851b4570","song:alaremesh:singer","ramesh","yes","yes","yes","yes","Assistant reviewed Which Lebanese singer made the classic recording of Ala Remsh Ouyounha? Answer: Wadih El Safi. Arabic and English request the same attribute. Evidence: Retrieved or indexed 2026-10-08: Wadih El Safi; composer Baligh Hamdi; lyricist Hussein El Sayed. Difficulty: Recognition of performers, familiar songs, musical instruments and prominent artist identities."
"008","66d097ba3ac187d10187c7c57e6b68992e966e46f836c2d23d1305761b9f6c9e","song:modnak:singer","modnak","yes","yes","yes","yes","Assistant reviewed Which singer made the classic recording of Modnak Jafahu Marqaduhu? Answer: Mohammed Abdel Wahab. Arabic and English request the same attribute. Evidence: Retrieved or indexed 2026-10-08: Mohammed Abdel Wahab performer and composer; poem Ahmed Shawqi; maqam Hijaz. Difficulty: Recognition of performers, familiar songs, musical instruments and prominent artist identities."
"009","9b9329f40e1a511e18187ddff9145e3ac10920215173980fec9286c5dc2b898e","song:haramt:singer","haramt","yes","yes","yes","yes","Assistant reviewed Which singer performs Haramt Ahebak? Answer: Warda Al Jazairia. Arabic and English request the same attribute. Evidence: Retrieved or indexed 2026-10-08: Warda; music Salah El Sharnouby; lyrics Omar Batisha. Cross-checked published educational score and lyricists first-person Al Ahram interview; erroneous 2011 concert report credit rejected. Difficulty: Recognition of performers, familiar songs, musical instruments and prominent artist identities."
"010","d62c13af60ed2c0992a0bf4e3870541332664106d76b29704f795715fd22e19f","song:libeirout:singer","libeirout","yes","yes","yes","yes","Assistant reviewed Which singer performs Li Beirut? Answer: Fairuz. Arabic and English request the same attribute. Evidence: Retrieved or indexed 2026-10-08: Li Beirut by Fairuz; poem Joseph Harb; original melody Joaquin Rodrigo, arrangement Ziad Rahbani. Difficulty: Recognition of performers, familiar songs, musical instruments and prominent artist identities."
"011","97ffc3dbadb210f3587ca8539525f51c60ce933c20aeefad78e16351022f730a","song:respect:arethaperformance","respect","yes","yes","yes","yes","Assistant reviewed Who made the famous 1967 recording of Respect? Answer: Aretha Franklin. Arabic and English request the same attribute. Evidence: Retrieved or indexed 2026-10-08: Aretha Respect; I Never Loved A Man The Way I Love You; song originally written by Otis Redding. Difficulty: Recognition of performers, familiar songs, musical instruments and prominent artist identities."
"012","e40dfe419ca347bd67f19ab11b0c8d62bf8440a93c6871cbee0f79d48eac05cc","song:hitroadjack:performer","rayroad","yes","yes","yes","yes","Assistant reviewed Which singer made the famous recording of Hit The Road Jack? Answer: Ray Charles. Arabic and English request the same attribute. Evidence: Retrieved or indexed 2026-10-08: Hit The Road Jack by Ray Charles; 1962 country album Modern Sounds in Country and Western Music. Grammy nomination timeline is not treated as ceremony year. Difficulty: Recognition of performers, familiar songs, musical instruments and prominent artist identities."
"013","f36e78a273c5aa2268111d552e2eb9aa02eee46b6631206d9f2140418eff6a35","song:superstition:performer","stevie","yes","yes","yes","yes","Assistant reviewed Who performs Superstition? Answer: Stevie Wonder. Arabic and English request the same attribute. Evidence: Retrieved or indexed 2026-10-08: Superstition from Talking Book; first Grammy presented by Chuck Berry and Little Richard in 1974. Difficulty: Recognition of performers, familiar songs, musical instruments and prominent artist identities."
"014","c019177cbc0e4d90dac98ee506fbb90d818ca992fa71f04d4526b0381337f6ab","song:whatsgoingon:performer","marvin","yes","yes","yes","yes","Assistant reviewed Which singer released the classic song and album What's Going On? Answer: Marvin Gaye. Arabic and English request the same attribute. Evidence: Retrieved or indexed 2026-10-08: Marvin Gaye 1971 album; title-song co-writers Renaldo Benson and Al Cleveland. Difficulty: Recognition of performers, familiar songs, musical instruments and prominent artist identities."
"015","3de8cd0a8a17dbbde545c2e926624375de7c9716be8251a936a3de062263733f","song:dockbay:performer","otis","yes","yes","yes","yes","Assistant reviewed Who performs (Sittin' On) The Dock Of The Bay? Answer: Otis Redding. Arabic and English request the same attribute. Evidence: Retrieved or indexed 2026-10-08: Otis Redding Dock Of The Bay; Best R&B Song 1969; co-writer Steve Cropper. Difficulty: Recognition of performers, familiar songs, musical instruments and prominent artist identities."
"016","9a38b41421084e513ecb46b903e5e15b3862c5ffa7dfa41cbf58eedb04df032f","song:johnnybgoode:performer","chuck","yes","yes","yes","yes","Assistant reviewed Which rock musician and singer performs Johnny B. Goode? Answer: Chuck Berry. Arabic and English request the same attribute. Evidence: Retrieved or indexed 2026-10-08: Johnny B Goode written and performed by Chuck Berry, included on Voyager golden record. Difficulty: Recognition of performers, familiar songs, musical instruments and prominent artist identities."
"017","953946ccf945449d54886bcbe21ce746d19224c23636b53f55a14d2f3f3778a1","song:changegonnacome:performer","sam","yes","yes","yes","yes","Assistant reviewed Which soul singer performs A Change Is Gonna Come? Answer: Sam Cooke. Arabic and English request the same attribute. Evidence: Retrieved or indexed 2026-10-08: Sam Cooke Change Is Gonna Come responds to Dylan Blowin In The Wind; Grammy Hall of Fame induction 2000. Difficulty: Recognition of performers, familiar songs, musical instruments and prominent artist identities."
"018","accd2a592f780ca06cdbff42b5616b2a64ad3c5745b0bb9f3b756f22a446e0db","song:jolene:performer","dolly","yes","yes","yes","yes","Assistant reviewed Which country singer made the original Jolene recording? Answer: Dolly Parton. Arabic and English request the same attribute. Evidence: Retrieved or indexed 2026-10-08: Jolene by Dolly Parton; original studio album February 1974. Difficulty: Recognition of performers, familiar songs, musical instruments and prominent artist identities."
"019","12be0212f618746492381d69f05a77971c34b8f30ffade108c1d101dfbda00f5","song:ringfire:cashperformer","cash","yes","yes","yes","yes","Assistant reviewed Who made the famous recording of Ring Of Fire? Answer: Johnny Cash. Arabic and English request the same attribute. Evidence: Retrieved or indexed 2026-10-08: Johnny Cash; writers June Carter and Merle Kilgore. Difficulty: Recognition of performers, familiar songs, musical instruments and prominent artist identities."
"020","206128198f226d47ee2e34618f5012a80f6112531eef929f6a98cedaea66d909","song:crazy:patsyperformer","patsy","yes","yes","yes","yes","Assistant reviewed Which country singer made the famous 1961 Crazy recording? Answer: Patsy Cline. Arabic and English request the same attribute. Evidence: Retrieved or indexed 2026-10-08: Patsy Cline Crazy written by Willie Nelson; career producer Owen Bradley. Difficulty: Recognition of performers, familiar songs, musical instruments and prominent artist identities."
"021","0a8ada241f9552241751040619230f1c9262e0e59048f86f98b8d735d653824c","song:standbyme:originalperformer","standby","yes","yes","yes","yes","Assistant reviewed Who made the original Stand By Me recording? Answer: Ben E. King. Arabic and English request the same attribute. Evidence: Retrieved or indexed 2026-10-08: Ben E King; co-writers Jerry Leiber and Mike Stoller. Difficulty: Recognition of performers, familiar songs, musical instruments and prominent artist identities."
"022","0901a0261bfa756616c043e168409613c0d4b18fd860fbeb8a03d4bc8d88c7af","song:unchained:righteousversion","unchained","yes","yes","yes","yes","Assistant reviewed Which duo’s famous Unchained Melody recording regained popularity in 1990? Answer: The Righteous Brothers. Arabic and English request the same attribute. Evidence: Retrieved or indexed 2026-10-08: Righteous Brothers; film Ghost 1990; music Alex North, words Hy Zaret. Difficulty: Recognition of performers, familiar songs, musical instruments and prominent artist identities."
"023","0ddf7c290bf1d0a43ca5313db8a2affb6030eaed2c2b1379cd16a1ceb393d074","song:soundofsilence:performers","silence","yes","yes","yes","yes","Assistant reviewed Which duo made the original The Sound Of Silence recording? Answer: Simon and Garfunkel. Arabic and English request the same attribute. Evidence: Retrieved or indexed 2026-10-08: Original acoustic Sound of Silence on Wednesday Morning 3 AM; producer Tom Wilson added electric overdubs. Difficulty: Recognition of performers, familiar songs, musical instruments and prominent artist identities."
"024","8a5c26c0539a05b4fc4b604b2da2ad3b98e088570ba66489a5cd2f34e17ce4f5","song:stayinalive:performer","beegees","yes","yes","yes","yes","Assistant reviewed Which group sings Stayin' Alive? Answer: Bee Gees. Arabic and English request the same attribute. Evidence: Retrieved or indexed 2026-10-08: Stayin Alive by Bee Gees; film Saturday Night Fever 1977. Difficulty: Recognition of performers, familiar songs, musical instruments and prominent artist identities."
"025","bec25d72b74c2acdb6fcdd7ab236853dd510fc272620713f33b688a20a98ed5e","song:rasputin:performer","boneym","yes","yes","yes","yes","Assistant reviewed Which disco group is known for Rasputin? Answer: Boney M.. Arabic and English request the same attribute. Evidence: Retrieved or indexed 2026-10-08: Boney M; Rasputin on Nightflight to Venus; original release 1978 not 2007 remaster. Difficulty: Recognition of performers, familiar songs, musical instruments and prominent artist identities."
"026","e4a42028bc2d80a6ff6e65027bf4e0745be535e7cb6ff2552ea2b48f26897167","song:sweetdreams:performer","eurythmics","yes","yes","yes","yes","Assistant reviewed Which duo released Sweet Dreams (Are Made Of This)? Answer: Eurythmics. Arabic and English request the same attribute. Evidence: Retrieved or indexed 2026-10-08: Sweet Dreams performed by duo Eurythmics; vocalist Annie Lennox. Difficulty: Recognition of performers, familiar songs, musical instruments and prominent artist identities."
"027","cb873097b295f7fe3289dd1a2ac4ac096a785373df890f302ebe924ba1e0198b","song:housrisingsun:animals","animals","yes","yes","yes","yes","Assistant reviewed Which band is known for the 1964 House Of The Rising Sun recording? Answer: The Animals. Arabic and English request the same attribute. Evidence: Retrieved or indexed 2026-10-08: Animals House of the Rising Sun; frontman Eric Burdon. Difficulty: Recognition of performers, familiar songs, musical instruments and prominent artist identities."
"028","f0302244178a5df3249dec4d5f1d5be4b5e0aba00058009b4dc24559e9b20de2","song:satisfaction:performer","stones","yes","yes","yes","yes","Assistant reviewed Which band performs (I Can't Get No) Satisfaction? Answer: The Rolling Stones. Arabic and English request the same attribute. Evidence: Retrieved or indexed 2026-10-08: Rolling Stones Satisfaction; Mick Jagger and Keith Richards; Maestro FuzzTone. Difficulty: Recognition of performers, familiar songs, musical instruments and prominent artist identities."
"029","dd08817109be75d861b4e19a967ee44f7118ace8d703a053e6b1f72ba5575a8a","song:lightmyfire:performer","doors","yes","yes","yes","yes","Assistant reviewed Which rock band released Light My Fire? Answer: The Doors. Arabic and English request the same attribute. Evidence: Retrieved or indexed 2026-10-08: Light My Fire by Doors; singer Jim Morrison. Difficulty: Recognition of performers, familiar songs, musical instruments and prominent artist identities."
"030","9f72a7c2c70493e16ffc66d5e571d79c346d61ae1ca082dbfb6669dad5a08069","song:mygeneration:performer","who","yes","yes","yes","yes","Assistant reviewed Which band made the original My Generation recording? Answer: The Who. Arabic and English request the same attribute. Evidence: Retrieved or indexed 2026-10-08: My Generation by Who; original recording produced Shel Talmy. Later compilation date not used as original. Difficulty: Recognition of performers, familiar songs, musical instruments and prominent artist identities."
"031","98c6e4c583a5e755662dbf87acbeaf43cec6a2beb9fac2f5372528a07d85c4a5","song:youreallygotme:performer","kinks","yes","yes","yes","yes","Assistant reviewed Which British band released the original You Really Got Me recording? Answer: The Kinks. Arabic and English request the same attribute. Evidence: Retrieved or indexed 2026-10-08: Kinks; Dave Davies guitar riff. Difficulty: Recognition of performers, familiar songs, musical instruments and prominent artist identities."
"032","a612e1254ab32053db855808c8d107e6218910ca2805962749721f26cc3c96f7","song:godonlyknows:performer","beach","yes","yes","yes","yes","Assistant reviewed Which American group sings God Only Knows? Answer: The Beach Boys. Arabic and English request the same attribute. Evidence: Retrieved or indexed 2026-10-08: God Only Knows; Carl Wilson lead; Brian Wilson collaborator Tony Asher. Difficulty: Recognition of performers, familiar songs, musical instruments and prominent artist identities."
"033","51cdbfae9f1922bafabb9ec70ab161e9540722502567da29717a43fa870c62d4","song:seenrain:performer","ccr","yes","yes","yes","yes","Assistant reviewed Which band abbreviated CCR sings Have You Ever Seen The Rain? Answer: Creedence Clearwater Revival. Arabic and English request the same attribute. Evidence: Retrieved or indexed 2026-10-08: CCR Have You Ever Seen The Rain on Pendulum. Difficulty: Recognition of performers, familiar songs, musical instruments and prominent artist identities."
"034","d56c2209f7cf4b62c95ac80a502432e283d17fa4c765bb69598bffe82ac44444","song:blackmagic:santanaversion","santana","yes","yes","yes","yes","Assistant reviewed Which rock band is known for the 1970 Black Magic Woman recording? Answer: Santana. Arabic and English request the same attribute. Evidence: Retrieved or indexed 2026-10-08: Black Magic Woman / Gypsy Queen by Santana on Abraxas. Difficulty: Recognition of performers, familiar songs, musical instruments and prominent artist identities."
"035","b8b4f63fdd17abd33efb4dd517a177209ff7e9005638623249bb2e5f7f589e7f","song:oulou:singer","oulou","yes","yes","yes","yes","Assistant reviewed Who performs the famous classic recording of Oulou Lain El Shams? Answer: Shadia. Arabic and English request the same attribute. Evidence: Retrieved or indexed 2026-10-08: Shadia; music Baligh Hamdi; lyrics Magdy Naguib. Difficulty: Recognition of performers, familiar songs, musical instruments and prominent artist identities."
"036","33a96c27d55cae72557be35eb529d81ed3a5be5c0a3386ad95e73fdac5c727e7","song:sakan:singer","sakan","yes","yes","yes","yes","Assistant reviewed Who performs the famous classic recording of Sakan Al Lail? Answer: Fairuz. Arabic and English request the same attribute. Evidence: Retrieved or indexed 2026-10-08: Fairuz; music Mohammed Abdel Wahab; words Gibran Khalil Gibran. Difficulty: Recognition of performers, familiar songs, musical instruments and prominent artist identities."
"037","d7b68e93bd55b86ed4d187fc9f9c6a09dce51f02c4a9801717a8bc6ce5224d76","song:helwamorra:singer","helwamorra","yes","yes","yes","yes","Assistant reviewed Who performs the famous classic recording of Ala El Helwa Wel Morra? Answer: Abdel Ghani El Sayed. Arabic and English request the same attribute. Evidence: Retrieved or indexed 2026-10-08: Abdel Ghani El Sayed; music Mahmoud El Sherif; lyrics Sayed Morsi. Difficulty: Recognition of performers, familiar songs, musical instruments and prominent artist identities."
"038","882482ca6b264c15076710cfe0667f8029d93afd777dd2cf12e15f71d7869d73","song:rahela:singer","rahela","yes","yes","yes","yes","Assistant reviewed Who performs the famous classic recording of Rahila? Answer: Mohammed El Hayani. Arabic and English request the same attribute. Evidence: Retrieved or indexed 2026-10-08: Mohammed El Hayani performs Rahila; music Abdessalam Amer; words Abderrafi Jawahiri. Difficulty: Recognition of performers, familiar songs, musical instruments and prominent artist identities."
"039","2adb0a8281e7e68f5797b10c2fad09ff0244f529605956e9e0494ca9a0b6734d","song:qamar:singer","qamar","yes","yes","yes","yes","Assistant reviewed Who performs the famous classic recording of Al Qamar Al Ahmar? Answer: Abdelhadi Belkhayat. Arabic and English request the same attribute. Evidence: Retrieved or indexed 2026-10-08: Al Qamar Al Ahmar performed Abdelhadi Belkhayat; composer Abdessalam Amer; poet Abderrafi Jawahiri. Difficulty: Recognition of performers, familiar songs, musical instruments and prominent artist identities."
"040","72dee7588d516137df2feb156293bdcbd1ed365814073af207327575e18c08e0","song:adawiyaclassic:singer","adawiyaclassic","yes","yes","yes","yes","Assistant reviewed Who performs the famous classic recording of Adawiya? Answer: Mohammed Rushdi. Arabic and English request the same attribute. Evidence: Retrieved or indexed 2026-10-08: Mohammed Rushdi Adawiya; music Baligh Hamdi; lyrics Abdel Rahman El Abnoudi. Difficulty: Recognition of performers, familiar songs, musical instruments and prominent artist identities."
"041","6e5f6cb42b0646de4b8cd6e0f289deccde1597f3c6ea1f60f45540fc4e397c07","song:asalsabah:singer","asalsabah","yes","yes","yes","yes","Assistant reviewed Who performs the famous classic recording of Zi El Asal? Answer: Sabah. Arabic and English request the same attribute. Evidence: Retrieved or indexed 2026-10-08: Zi El Asal; Sabah; Baligh Hamdi composer; Mohammed Hamza lyricist. Difficulty: Recognition of performers, familiar songs, musical instruments and prominent artist identities."
"042","2536d809f002e9d4e4fd555eb5fbb30b27d4008cc18d8ebc480389e4e22ab51e","song:daret:singer","daret","yes","yes","yes","yes","Assistant reviewed Who sings the well-known classic recording of Daret El Ayyam? Answer: Umm Kulthum. Arabic and English request the same attribute. Evidence: Retrieved or indexed 2026-10-08: Umm Kulthum; Mohammed Abdel Wahab music; Maamoun El Shennawy words. Difficulty: Recognition of performers, familiar songs, musical instruments and prominent artist identities."
"043","fd861270088dc3a227cb8b923d05d21ebfdb92d556711525b03d0ac77d20266f","song:fat:singer","fat","yes","yes","yes","yes","Assistant reviewed Who sings the well-known classic recording of Fat El Mead? Answer: Umm Kulthum. Arabic and English request the same attribute. Evidence: Retrieved or indexed 2026-10-08: Umm Kulthum; Baligh Hamdi music; Morsi Gamil Aziz words. Difficulty: Recognition of performers, familiar songs, musical instruments and prominent artist identities."
"044","c33c6ccfb12ac15a6d1303834b7e7a812ae93b5e4893361fb660f27b22e94108","song:nbtdi:singer","nbtdi","yes","yes","yes","yes","Assistant reviewed Who sings the well-known classic recording of Nebtedi Menein El Hekaya? Answer: Abdel Halim Hafez. Arabic and English request the same attribute. Evidence: Retrieved or indexed 2026-10-08: Nebtedi Menein El Hekaya sung Abdel Halim Hafez; words Mohammed Hamza. Difficulty: Recognition of performers, familiar songs, musical instruments and prominent artist identities."
"045","b8601d1853617bf15f9619c8d069ab1be0f7ba8a532a0ed38c7f6b108bf43d67","song:zayhawa:singer","zayhawa","yes","yes","yes","yes","Assistant reviewed Who sings the well-known classic recording of Zay El Hawa? Answer: Abdel Halim Hafez. Arabic and English request the same attribute. Evidence: Retrieved or indexed 2026-10-08: Zay El Hawa by Abdel Halim; composer Baligh; lyricist Mohammed Hamza corroborated Hamza profile. Difficulty: Recognition of performers, familiar songs, musical instruments and prominent artist identities."
"046","9fbbd9f44f837debdd2f4e71ff1efa5830e71af4b4d6224a562379af07375aed","song:hayati:singer","hayati","yes","yes","yes","yes","Assistant reviewed Who sings the well-known classic recording of We Hayati Andak? Answer: Zekra. Arabic and English request the same attribute. Evidence: Retrieved or indexed 2026-10-08: Zekra We Hayati Andak; Salah El Sharnouby music; Walid Raziqa words. Difficulty: Recognition of performers, familiar songs, musical instruments and prominent artist identities."
"047","cc65bf20665e15b806822b7144afad0d8b592e41a86c5f3e64bf937c482ba794","song:marina:singer","yaskh","yes","yes","yes","yes","Assistant reviewed Who sings the well-known classic recording of Marina Bikom Hamad? Answer: Yas Khudr. Arabic and English request the same attribute. Evidence: Retrieved or indexed 2026-10-08: Table credits: Marina Bikom Hamad music Mohammed Jawad Amouri/words Muzaffar Al Nawab; Han Wana Han music Talib Al Qarah Ghouli/words Muzaffar; Al Makir music Kamal Al Sayed/words Zamil Saeed Fattah. Difficulty: Recognition of performers, familiar songs, musical instruments and prominent artist identities."
"048","dd8af2ae89cd6cf317ca9839d9da4449a4d9b616a357aa59cf2f8b5c060d3eda","song:hanwana:singer","yaskh","yes","yes","yes","yes","Assistant reviewed Who sings the well-known classic recording of Han Wana Han? Answer: Yas Khudr. Arabic and English request the same attribute. Evidence: Retrieved or indexed 2026-10-08: Table credits: Marina Bikom Hamad music Mohammed Jawad Amouri/words Muzaffar Al Nawab; Han Wana Han music Talib Al Qarah Ghouli/words Muzaffar; Al Makir music Kamal Al Sayed/words Zamil Saeed Fattah. Difficulty: Recognition of performers, familiar songs, musical instruments and prominent artist identities."
"049","a52545a30b9c3a56bf44697fef41a1ce68db5fa9abaf2db4780b9c0dbc45c358","song:makir:singer","yaskh","yes","yes","yes","yes","Assistant reviewed Who sings the well-known classic recording of Al Makir? Answer: Yas Khudr. Arabic and English request the same attribute. Evidence: Retrieved or indexed 2026-10-08: Table credits: Marina Bikom Hamad music Mohammed Jawad Amouri/words Muzaffar Al Nawab; Han Wana Han music Talib Al Qarah Ghouli/words Muzaffar; Al Makir music Kamal Al Sayed/words Zamil Saeed Fattah. Difficulty: Recognition of performers, familiar songs, musical instruments and prominent artist identities."
"050","ea2083dd641fc4980e2a8ff102958cddf31e3cce5aa2f5331af725ce9872ca8a","song:zahab:singer","zahab","yes","yes","yes","yes","Assistant reviewed Who sings the original film recording of the children’s song Zahab El Leil? Answer: Mohammed Fawzi. Arabic and English request the same attribute. Evidence: Retrieved or indexed 2026-10-08: Mohammed Fawzi Zahab El Leil in Moageza Men El Samaa; lyricist Hussein El Sayed. Difficulty: Recognition of performers, familiar songs, musical instruments and prominent artist identities."
"051","d1477f901f4e7b993595801375d6f6732069a60eeb3c0f7583430e454d136f0a","song:flymoon:sinatra","sinatramoon","yes","yes","yes","yes","Assistant reviewed Which American singer made the classic Fly Me To The Moon recording with Count Basie’s orchestra? Answer: Frank Sinatra. Arabic and English request the same attribute. Evidence: Retrieved or indexed 2026-10-08: Sinatra recording Fly Me To The Moon. Difficulty: Recognition of performers, familiar songs, musical instruments and prominent artist identities."
"052","247c2191c1c3687fddc123488b5b6e6df9c3ac8acd4b6ae959d345ecb5c4aa3e","song:unforgettable:father","unforgettable","yes","yes","yes","yes","Assistant reviewed Which singer’s earlier vocal recording was used for the Unforgettable duet with his daughter Natalie? Answer: Nat King Cole. Arabic and English request the same attribute. Evidence: Retrieved or indexed 2026-10-08: Unforgettable duet with Nat King Cole; album Unforgettable With Love. Difficulty: Recognition of performers, familiar songs, musical instruments and prominent artist identities."
"053","b8a54cc38672c3cb2877fa712444b2fd5bf02aae1a5d38fe471c2dd9e770f6e1","song:amore:performer","deanamore","yes","yes","yes","yes","Assistant reviewed Who sings the classic recording of That’s Amore? Answer: Dean Martin. Arabic and English request the same attribute. Evidence: Retrieved or indexed 2026-10-08: Thats Amore performer Dean Martin. Difficulty: Recognition of performers, familiar songs, musical instruments and prominent artist identities."
"054","7169c89a6f0ef33d1e37cd9f3064ec764b1912b02ce8d297a49ef893dd6d1818","song:mackknife:ellaberlin","ellaberlin","yes","yes","yes","yes","Assistant reviewed Which jazz singer made the famous 1960 live recording of Mack The Knife? Answer: Ella Fitzgerald. Arabic and English request the same attribute. Evidence: Retrieved or indexed 2026-10-08: Mack The Knife by Ella; live album Ella In Berlin. Difficulty: Recognition of performers, familiar songs, musical instruments and prominent artist identities."
"055","39efc18a7e33627b271dc1addcbb9da3ff1692ba7230f0d957d86de07bed67a5","song:hellodolly:louis","dollylouis","yes","yes","yes","yes","Assistant reviewed Which jazz trumpeter and singer is famous for recording Hello, Dolly!? Answer: Louis Armstrong. Arabic and English request the same attribute. Evidence: Retrieved or indexed 2026-10-08: Louis Armstrong Hello Dolly; 1965 male vocal Grammy. Difficulty: Recognition of performers, familiar songs, musical instruments and prominent artist identities."
"056","b67a99ac1b8e8afec377ae4796859966a4a73346efab465bdf8c32b4fcae0313","song:volare:originalperformer","volare","yes","yes","yes","yes","Assistant reviewed Which Italian singer made the original Volare recording? Answer: Domenico Modugno. Arabic and English request the same attribute. Evidence: Retrieved or indexed 2026-10-08: Nel Blu Dipinto Di Blu also Volare; Domenico Modugno; Franco Migliacci coauthor. Difficulty: Recognition of performers, familiar songs, musical instruments and prominent artist identities."
"057","918c88341baf92dd42e38a9c47203be32dd7bb0a3bd57d66d39c35165d8ec525","song:allgirls:spanishsinger","julioduet","yes","yes","yes","yes","Assistant reviewed Which Spanish singer appears on the 1984 duet To All The Girls I’ve Loved Before? Answer: Julio Iglesias. Arabic and English request the same attribute. Evidence: Retrieved or indexed 2026-10-08: To All The Girls Ive Loved Before Julio Iglesias and Willie Nelson. Difficulty: Recognition of performers, familiar songs, musical instruments and prominent artist identities."
"058","da731fa025957472defef10d86c9d7513ea3c54449dfe8448672a8a48451aad2","song:regretterien:singer","piafclassic","yes","yes","yes","yes","Assistant reviewed Which French singer is famous for Non, Je Ne Regrette Rien? Answer: Edith Piaf. Arabic and English request the same attribute. Evidence: Retrieved or indexed 2026-10-08: Non Je Ne Regrette Rien Edith Piaf vocal. Difficulty: Recognition of performers, familiar songs, musical instruments and prominent artist identities."
"059","10907a7a00874ccecb37de81f83c2684ce0ea7f7b7b3ba79db2213d38847535b","song:prettywoman:performer","orbisonclassic","yes","yes","yes","yes","Assistant reviewed Who sings the original recording of Oh, Pretty Woman? Answer: Roy Orbison. Arabic and English request the same attribute. Evidence: Retrieved or indexed 2026-10-08: Oh Pretty Woman Roy Orbison; coauthor Bill Dees; original single Monument 851. Difficulty: Recognition of performers, familiar songs, musical instruments and prominent artist identities."
"060","1cf236c7ba8e71c440bc370875f80b0d87ae845a0b0e3001cef8df853518fd99","song:yasmine:singer","jouwini","yes","yes","yes","yes","Assistant reviewed Which Tunisian artist made the famous recording of Taht El Yasmine Fil Leil? Answer: Hedi Jouini. Arabic and English request the same attribute. Evidence: Retrieved or indexed 2026-10-08: Hedi Jouini recording Taht El Yasmine Fil Leil. Difficulty: Recognition of performers, familiar songs, musical instruments and prominent artist identities."
"061","821342123fd0a6f975caf85fdc7e9d1d4c63e83a78b298cca0ae8bd6fdfb5c00","song:tairmohajer:singer","wardiclassic","yes","yes","yes","yes","Assistant reviewed Which Sudanese singer is famous for Al Tair Al Mohajer? Answer: Mohammed Wardi. Arabic and English request the same attribute. Evidence: Retrieved or indexed 2026-10-08: Mohammed Wardi performs Al Tair Al Mohajer; tambur playing; born Sai island. Difficulty: Recognition of performers, familiar songs, musical instruments and prominent artist identities."
"062","8574b866b27e9a79f692de97dfa77a780ed90bafdbd9ef7b5bb2daa758e7d86f","song:jarida:singer","aminjarida","yes","yes","yes","yes","Assistant reviewed Which Sudanese singer performs Al Jarida? Answer: Mohammed Al Amin. Arabic and English request the same attribute. Evidence: Retrieved or indexed 2026-10-08: Al Jarida sung Mohammed Al Amin; later digital upload date not original song date. Difficulty: Recognition of performers, familiar songs, musical instruments and prominent artist identities."
"063","76c4e42c018fbbce1c112cd98a76f39e390817ca7009b5d9be3c56eb6a1a9384","song:najahnational:singer","najahnational","yes","yes","yes","yes","Assistant reviewed Who sings the classic recording of Ya Aghla Ism Fil Wujud? Answer: Najah Salam. Arabic and English request the same attribute. Evidence: Retrieved or indexed 2026-10-08: Ya Aghla Ism Fil Wujud sung Najah; composed Mohammed El Mougi; words Ismail El Habrouk. Difficulty: Recognition of performers, familiar songs, musical instruments and prominent artist identities."
"064","e7f011638d26af3b663e12a4d45d324b1ba9492be47530718da3db48b9ce1206","song:najma:singer","najma","yes","yes","yes","yes","Assistant reviewed Who sings the classic recording of Ya Najma? Answer: Hussein Nema. Arabic and English request the same attribute. Evidence: Retrieved or indexed 2026-10-08: Ya Najma sung Hussein Nema; music Kawkab Hamza; words Kadhim Al Rikabi. Difficulty: Recognition of performers, familiar songs, musical instruments and prominent artist identities."
"065","2aa48356ce2078ae9e3da6c1b4188e79cee1af191d991b88cf02a43803d2882c","song:tyour:singer","tyour","yes","yes","yes","yes","Assistant reviewed Who sings the classic recording of Ya Tiyour El Tayra? Answer: Saadoun Jaber. Arabic and English request the same attribute. Evidence: Retrieved or indexed 2026-10-08: Ya Tiyour El Tayra sung Saadoun Jaber; composer Kawkab Hamza; writer Zuhair Al Dujaili. Difficulty: Recognition of performers, familiar songs, musical instruments and prominent artist identities."
"066","25525b4fe5320c759eb99824ed049803fe365b0b35a3348d2e53dd12bd3a8403","song:saqayeen:singer","saqayeen","yes","yes","yes","yes","Assistant reviewed Who sings the classic recording of Haret El Saqayeen? Answer: Sharifa Fadel. Arabic and English request the same attribute. Evidence: Retrieved or indexed 2026-10-08: Haret El Saqayeen Sharifa Fadel; music Mounir Mourad; words Hussein El Sayed. Difficulty: Recognition of performers, familiar songs, musical instruments and prominent artist identities."
"067","bd5d4cd8a7c8e5a5c0416fc9031bb288c06a128120da872209721ebcec3e82fe","song:habbaytak:singer","habbaytak","yes","yes","yes","yes","Assistant reviewed Which Lebanese singer performs Habbaytak Bessayf? Answer: Fairuz. Arabic and English request the same attribute. Evidence: Retrieved or indexed 2026-10-08: Habbaytak Bessayf Fairuz; Rahbani music; French adaptation singer Jean Francois Michael. No disputed stage premiere question used. Difficulty: Recognition of performers, familiar songs, musical instruments and prominent artist identities."
"068","30e98fc9bbc7b472196c666dcda06ce8c39c9b3fdf5bf74cb03ecb5f04ce5b8f","song:mesafer:originalsinger","mesafer","yes","yes","yes","yes","Assistant reviewed Who sings the original film recording of Ya Mesafer Wahdak? Answer: Mohammed Abdel Wahab. Arabic and English request the same attribute. Evidence: Retrieved or indexed 2026-10-08: Ya Mesafer Wahdak Mohammed Abdel Wahab; film Mamnou El Hob; words Hussein El Sayed. Difficulty: Recognition of performers, familiar songs, musical instruments and prominent artist identities."
"069","e8b923b4bd7c5415f97a2d52e38eac6a7022a7d67e5ce05b000aa18ccfe60942","song:ayazon:composer","ayazon","yes","yes","yes","yes","Assistant reviewed Who composed Ayazon for Najat Al Saghira? Answer: Mohammed Abdel Wahab. Arabic and English request the same attribute. Evidence: Retrieved or indexed 2026-10-08: Ayazon by Najat Al Saghira; music Mohammed Abdel Wahab; poem Nizar Qabbani. Difficulty: Recall of albums, credited composers, musical collaborations, institutions or a less familiar artist attribute."
"070","e9604d8206dbbba1a3a93f5a31484a8c8e8e89a38e0cbf76237e04ba813d8463","song:saatsaat:composer","saat","yes","yes","yes","yes","Assistant reviewed Who composed Sabah's Saat Saat? Answer: Gamal Salama. Arabic and English request the same attribute. Evidence: Retrieved or indexed 2026-10-08: Sabah Saat Saat; music Gamal Salama; lyrics Abdel Rahman El Abnoudi. Difficulty: Recall of albums, credited composers, musical collaborations, institutions or a less familiar artist attribute."
"071","79184274caa44e32d23a05bd5eecc7cd56b86c006adceac224239c3dbd6f985b","song:akdebaleik:composer","akdebcomposer","yes","yes","yes","yes","Assistant reviewed Who composed Warda's Akdeb Aleik? Answer: Mohammed El Mougi. Arabic and English request the same attribute. Evidence: Retrieved or indexed 2026-10-08: Akdeb Aleik by Warda; music Mohammed El Mougi. Difficulty: Recall of albums, credited composers, musical collaborations, institutions or a less familiar artist attribute."
"072","dfabfab352fc1689dc34bccc03a3c8442698cb1830bb65a8028ef3d3e54cb243","song:eltaer:composer","taer","yes","yes","yes","yes","Assistant reviewed Who composed El Tair El Mosafer for Najat Al Saghira? Answer: Baligh Hamdi. Arabic and English request the same attribute. Evidence: Retrieved or indexed 2026-10-08: Najat El Tair El Mosafer; music Baligh Hamdi; words Mohammed Hamza. No contradictory release year asked. Difficulty: Recall of albums, credited composers, musical collaborations, institutions or a less familiar artist attribute."
"073","ced976254f4555d67581f59613456713eb5c8ca27ee54bdc0b5bdcb85e16879f","song:layalion:composer","layalion","yes","yes","yes","yes","Assistant reviewed Who composed Asmahan's Layali El Ons Fi Vienna? Answer: Farid Al Atrash. Arabic and English request the same attribute. Evidence: Retrieved or indexed 2026-10-08: Asmahan; composer Farid Al Atrash; lyricist Ahmed Rami. Difficulty: Recall of albums, credited composers, musical collaborations, institutions or a less familiar artist attribute."
"074","f294f032075bf1a92e6a1c0a6e647da10de97288a197f433309eacad67955502","song:hawasultan:composer","hawa","yes","yes","yes","yes","Assistant reviewed Who composed George Wassouf's El Hawa Sultan? Answer: Georges Yazbek. Arabic and English request the same attribute. Evidence: Retrieved or indexed 2026-10-08: George Wassouf; composer Georges Yazbek; lyricist Badi Yazbek. Difficulty: Recall of albums, credited composers, musical collaborations, institutions or a less familiar artist attribute."
"075","d0199016a0dee109393840ba9d5ce99134ebd3f3808e192c139ac9a581128671","song:alaremesh:composer","ramesh","yes","yes","yes","yes","Assistant reviewed Who composed Ala Remsh Ouyounha for Wadih El Safi? Answer: Baligh Hamdi. Arabic and English request the same attribute. Evidence: Retrieved or indexed 2026-10-08: Wadih El Safi; composer Baligh Hamdi; lyricist Hussein El Sayed. Difficulty: Recall of albums, credited composers, musical collaborations, institutions or a less familiar artist attribute."
"076","e7f46e0f82be476a2917bada44e749e25e0ff5a7bf4db014457db88088e9b05d","song:modnak:poet","modnak","yes","yes","yes","yes","Assistant reviewed Who wrote the poem Modnak Jafahu Marqaduhu? Answer: Ahmed Shawqi. Arabic and English request the same attribute. Evidence: Retrieved or indexed 2026-10-08: Mohammed Abdel Wahab performer and composer; poem Ahmed Shawqi; maqam Hijaz. Difficulty: Recall of albums, credited composers, musical collaborations, institutions or a less familiar artist attribute."
"077","32d68d10637b36b407653ea0380e5d02f3595686cd58c0e9136c79bf3cb49bef","song:haramt:composer","haramt","yes","yes","yes","yes","Assistant reviewed Who composed Warda's Haramt Ahebak? Answer: Salah El Sharnouby. Arabic and English request the same attribute. Evidence: Retrieved or indexed 2026-10-08: Warda; music Salah El Sharnouby; lyrics Omar Batisha. Cross-checked published educational score and lyricists first-person Al Ahram interview; erroneous 2011 concert report credit rejected. Difficulty: Recall of albums, credited composers, musical collaborations, institutions or a less familiar artist attribute."
"078","cbcf6c4d93531cf7066827bd6a2a4d5c39339cc45f7a996061839069d1f2f0e9","song:libeirout:poet","libeirout","yes","yes","yes","yes","Assistant reviewed Who wrote the words of Li Beirut performed by Fairuz? Answer: Joseph Harb. Arabic and English request the same attribute. Evidence: Retrieved or indexed 2026-10-08: Li Beirut by Fairuz; poem Joseph Harb; original melody Joaquin Rodrigo, arrangement Ziad Rahbani. Difficulty: Recall of albums, credited composers, musical collaborations, institutions or a less familiar artist attribute."
"079","0be51957cffdb4653fe0c6288b8dd4c7fa9787e4f2a577c312ce436d9bcedc45","song:respect:arethaalbum","respect","yes","yes","yes","yes","Assistant reviewed Which Aretha Franklin album contains her 1967 Respect recording? Answer: I Never Loved A Man The Way I Love You. Arabic and English request the same attribute. Evidence: Retrieved or indexed 2026-10-08: Aretha Respect; I Never Loved A Man The Way I Love You; song originally written by Otis Redding. Difficulty: Recall of albums, credited composers, musical collaborations, institutions or a less familiar artist attribute."
"080","ad66e437e01c1a9ef1aedfaaca6648080f07a54d8c74fb73e01d60b27abf6019","album:modernsounds:raytitle","rayroad","yes","yes","yes","yes","Assistant reviewed What is Ray Charles' 1962 country-and-western album called? Answer: Modern Sounds In Country And Western Music. Arabic and English request the same attribute. Evidence: Retrieved or indexed 2026-10-08: Hit The Road Jack by Ray Charles; 1962 country album Modern Sounds in Country and Western Music. Grammy nomination timeline is not treated as ceremony year. Difficulty: Recall of albums, credited composers, musical collaborations, institutions or a less familiar artist attribute."
"081","ed4aa5352dea9157c0bef97535561ac37a8e9c7f82b973a44dd1b0bd0e4552d1","song:superstition:album","stevie","yes","yes","yes","yes","Assistant reviewed Which Stevie Wonder album contains Superstition? Answer: Talking Book. Arabic and English request the same attribute. Evidence: Retrieved or indexed 2026-10-08: Superstition from Talking Book; first Grammy presented by Chuck Berry and Little Richard in 1974. Difficulty: Recall of albums, credited composers, musical collaborations, institutions or a less familiar artist attribute."
"082","f75faca7615a81489dfe2b3602026ed54e38b312f9c4417891c85446023f8bd5","album:whatsgoingon:year","marvin","yes","yes","yes","yes","Assistant reviewed In which year was Marvin Gaye's original What's Going On album released? Answer: 1971. Arabic and English request the same attribute. Evidence: Retrieved or indexed 2026-10-08: Marvin Gaye 1971 album; title-song co-writers Renaldo Benson and Al Cleveland. Difficulty: Recall of albums, credited composers, musical collaborations, institutions or a less familiar artist attribute."
"083","f3824df444b2b781646883dd43ddefd70ee84e6ad43abdf6078f4e702789df7b","award:dockbay:1969songcategory","otis","yes","yes","yes","yes","Assistant reviewed In which best-song category did The Dock Of The Bay win a Grammy in 1969? Answer: Best R&B Song. Arabic and English request the same attribute. Evidence: Retrieved or indexed 2026-10-08: Otis Redding Dock Of The Bay; Best R&B Song 1969; co-writer Steve Cropper. Difficulty: Recall of albums, credited composers, musical collaborations, institutions or a less familiar artist attribute."
"084","05053c3e181eb2e3167ec6fcfb5b875456fa8a31660f309cbd2c75b3e47338c6","song:johnnybgoode:spacecraft","chuckneptune","yes","yes","yes","yes","Assistant reviewed Which two probes carried Johnny B. Goode on the Golden Record into space? Answer: Voyager 1 and Voyager 2. Arabic and English request the same attribute. Evidence: Retrieved or indexed 2026-10-08: Voyagers 1 and 2 carry Johnny B Goode; Chuck Berry attended Voyager 2 Neptune flyby celebration August 1989. Difficulty: Recall of albums, credited composers, musical collaborations, institutions or a less familiar artist attribute."
"085","11285162629cc705907ceff588599be01b16b7ba82df5955520d5752b9b85f5b","song:changegonnacome:inspiringsong","sam","yes","yes","yes","yes","Assistant reviewed Which Bob Dylan song inspired Sam Cooke's A Change Is Gonna Come? Answer: Blowin' In The Wind. Arabic and English request the same attribute. Evidence: Retrieved or indexed 2026-10-08: Sam Cooke Change Is Gonna Come responds to Dylan Blowin In The Wind; Grammy Hall of Fame induction 2000. Difficulty: Recall of albums, credited composers, musical collaborations, institutions or a less familiar artist attribute."
"086","ebbe37d8af5efc901df8d725ffb32010152b402773c93b83fb7c9ec5793b754e","album:jolene:originalyear","dolly","yes","yes","yes","yes","Assistant reviewed In which year was Dolly Parton's Jolene studio album released? Answer: 1974. Arabic and English request the same attribute. Evidence: Retrieved or indexed 2026-10-08: Jolene by Dolly Parton; original studio album February 1974. Difficulty: Recall of albums, credited composers, musical collaborations, institutions or a less familiar artist attribute."
"087","bb3d5f32366a78b4a9a1592090447ce1e2a774876d78938c12a09b82046f1046","song:ringfire:cowriterjune","cash","yes","yes","yes","yes","Assistant reviewed Which singer from the Carter family co-wrote Ring Of Fire? Answer: June Carter. Arabic and English request the same attribute. Evidence: Retrieved or indexed 2026-10-08: Johnny Cash; writers June Carter and Merle Kilgore. Difficulty: Recall of albums, credited composers, musical collaborations, institutions or a less familiar artist attribute."
"088","ddd4f88119c65762e39887d1cf869318ff0cd6ab87fa6de409eed9051f09d00f","song:crazy:writer","patsy","yes","yes","yes","yes","Assistant reviewed Who wrote Crazy, made famous by Patsy Cline? Answer: Willie Nelson. Arabic and English request the same attribute. Evidence: Retrieved or indexed 2026-10-08: Patsy Cline Crazy written by Willie Nelson; career producer Owen Bradley. Difficulty: Recall of albums, credited composers, musical collaborations, institutions or a less familiar artist attribute."
"089","ac785d63720bdbca5235d58abdb24aadbe095b3bf98dd9418191f025ed34e9d4","artist:benking:formerband","benking","yes","yes","yes","yes","Assistant reviewed With which group did Ben E. King sing before his solo successes? Answer: The Drifters. Arabic and English request the same attribute. Evidence: Retrieved or indexed 2026-10-08: Ben E King previously lead singer of The Drifters. Difficulty: Recall of albums, credited composers, musical collaborations, institutions or a less familiar artist attribute."
"090","aba661f75fa911e843472f3d566e24039e67985df5ec94e20e907e4ae2b51bf9","song:unchained:1990film","unchained","yes","yes","yes","yes","Assistant reviewed Which 1990 film revived the popularity of the Righteous Brothers Unchained Melody recording? Answer: Ghost. Arabic and English request the same attribute. Evidence: Retrieved or indexed 2026-10-08: Righteous Brothers; film Ghost 1990; music Alex North, words Hy Zaret. Difficulty: Recall of albums, credited composers, musical collaborations, institutions or a less familiar artist attribute."
"091","c185255467b5264bef5d6a988b52d6531efb1c110f04c0cc435454dfa58150b0","song:soundofsilence:firstalbum","silence","yes","yes","yes","yes","Assistant reviewed On which album was the original acoustic The Sound Of Silence released? Answer: Wednesday Morning, 3 A.M.. Arabic and English request the same attribute. Evidence: Retrieved or indexed 2026-10-08: Original acoustic Sound of Silence on Wednesday Morning 3 AM; producer Tom Wilson added electric overdubs. Difficulty: Recall of albums, credited composers, musical collaborations, institutions or a less familiar artist attribute."
"092","1fa78e3c862c7d98c69ab15b69843df004f60871652f06b4c6020d23425a27eb","song:stayinalive:originalfilm","beegees","yes","yes","yes","yes","Assistant reviewed For which film was Stayin' Alive included on the original soundtrack? Answer: Saturday Night Fever. Arabic and English request the same attribute. Evidence: Retrieved or indexed 2026-10-08: Stayin Alive by Bee Gees; film Saturday Night Fever 1977. Difficulty: Recall of albums, credited composers, musical collaborations, institutions or a less familiar artist attribute."
"093","4a8cfe582d1d71928da07c5285e4bb01e12416f5fff90d93223672a5e8141538","song:rasputin:album","boneym","yes","yes","yes","yes","Assistant reviewed Which Boney M. album contains Rasputin? Answer: Nightflight To Venus. Arabic and English request the same attribute. Evidence: Retrieved or indexed 2026-10-08: Boney M; Rasputin on Nightflight to Venus; original release 1978 not 2007 remaster. Difficulty: Recall of albums, credited composers, musical collaborations, institutions or a less familiar artist attribute."
"094","863fc651ac1a633fb9021e59867894c3a841596898a6b0231edb1749a87f1311","artist:eurythmics:leadvocalist","eurythmics","yes","yes","yes","yes","Assistant reviewed Who is the lead singer of Eurythmics? Answer: Annie Lennox. Arabic and English request the same attribute. Evidence: Retrieved or indexed 2026-10-08: Sweet Dreams performed by duo Eurythmics; vocalist Annie Lennox. Difficulty: Recall of albums, credited composers, musical collaborations, institutions or a less familiar artist attribute."
"095","96cbec05da57febc3dca6aedfed29870f0492d215a7963ea8ada0bd495981477","artist:animals:leadsinger","animals","yes","yes","yes","yes","Assistant reviewed Who is the Animals lead singer on House Of The Rising Sun? Answer: Eric Burdon. Arabic and English request the same attribute. Evidence: Retrieved or indexed 2026-10-08: Animals House of the Rising Sun; frontman Eric Burdon. Difficulty: Recall of albums, credited composers, musical collaborations, institutions or a less familiar artist attribute."
"096","1d2f5198c58014dbad4ff43919c5e7f980ef7c582cb2e2f3109b863fe4eee83f","song:satisfaction:richardscowriter","stones","yes","yes","yes","yes","Assistant reviewed Which guitarist co-wrote Satisfaction with Mick Jagger? Answer: Keith Richards. Arabic and English request the same attribute. Evidence: Retrieved or indexed 2026-10-08: Rolling Stones Satisfaction; Mick Jagger and Keith Richards; Maestro FuzzTone. Difficulty: Recall of albums, credited composers, musical collaborations, institutions or a less familiar artist attribute."
"097","9aceec2f78a0e2c851dcf397bdcfe17a6e89c931c379ebeea471892603db2182","artist:doors:leadsinger","doors","yes","yes","yes","yes","Assistant reviewed Who was the lead singer of the classic Doors lineup? Answer: Jim Morrison. Arabic and English request the same attribute. Evidence: Retrieved or indexed 2026-10-08: Light My Fire by Doors; singer Jim Morrison. Difficulty: Recall of albums, credited composers, musical collaborations, institutions or a less familiar artist attribute."
"098","3186a01bca1b024ab4bbb894838dd341cbe64d96de95661dfa4ee98d62061472","song:mygeneration:basssoloist","whobass","yes","yes","yes","yes","Assistant reviewed Who plays the bass solo on the Who's My Generation? Answer: John Entwistle. Arabic and English request the same attribute. Evidence: Retrieved or indexed 2026-10-08: John Entwistle bass solo on My Generation. No unverified first-ever-record assertion asked. Difficulty: Recall of albums, credited composers, musical collaborations, institutions or a less familiar artist attribute."
"099","77e5c8dad858d09e5e95fa6ce11828e0592f24857e0de0914537cb3cdb13e96b","song:youreallygotme:guitarist","kinks","yes","yes","yes","yes","Assistant reviewed Which Davies brother plays the guitar riff on You Really Got Me? Answer: Dave Davies. Arabic and English request the same attribute. Evidence: Retrieved or indexed 2026-10-08: Kinks; Dave Davies guitar riff. Difficulty: Recall of albums, credited composers, musical collaborations, institutions or a less familiar artist attribute."
"100","2c8473908f46e44ae6423fdfad6c46d1d0933a1f2fd2f5646213f9be95298339","song:godonlyknows:leadvocalist","beach","yes","yes","yes","yes","Assistant reviewed Which Wilson family member sings lead on God Only Knows? Answer: Carl Wilson. Arabic and English request the same attribute. Evidence: Retrieved or indexed 2026-10-08: God Only Knows; Carl Wilson lead; Brian Wilson collaborator Tony Asher. Difficulty: Recall of albums, credited composers, musical collaborations, institutions or a less familiar artist attribute."
"101","ae2f71b34ee2088936d6481b98e8a4e65a2a2667d266b363a2b67b94ac58bd9e","song:seenrain:album","ccr","yes","yes","yes","yes","Assistant reviewed Which Creedence Clearwater Revival album contains Have You Ever Seen The Rain? Answer: Pendulum. Arabic and English request the same attribute. Evidence: Retrieved or indexed 2026-10-08: CCR Have You Ever Seen The Rain on Pendulum. Difficulty: Recall of albums, credited composers, musical collaborations, institutions or a less familiar artist attribute."
"102","86f920a632a58d08152cef79a2cc2405e2a101a57404dfe302585f75d68a8d0f","song:blackmagic:santanaalbum","santana","yes","yes","yes","yes","Assistant reviewed Which Santana album contains Black Magic Woman/Gypsy Queen? Answer: Abraxas. Arabic and English request the same attribute. Evidence: Retrieved or indexed 2026-10-08: Black Magic Woman / Gypsy Queen by Santana on Abraxas. Difficulty: Recall of albums, credited composers, musical collaborations, institutions or a less familiar artist attribute."
"103","9fb8dc8aad0b930d3ca2162af1dca430665b683d74d45a933ab5e5de7c1cd4d6","song:oulou:composer","oulou","yes","yes","yes","yes","Assistant reviewed Who composed Oulou Lain El Shams as recorded by Shadia? Answer: Baligh Hamdi. Arabic and English request the same attribute. Evidence: Retrieved or indexed 2026-10-08: Shadia; music Baligh Hamdi; lyrics Magdy Naguib. Difficulty: Recall of albums, credited composers, musical collaborations, institutions or a less familiar artist attribute."
"104","54deb524a9d898313e4b9d70991fe08746246295e26d225bbfa6b24df41694bd","song:sakan:composer","sakan","yes","yes","yes","yes","Assistant reviewed Who composed Sakan Al Lail as recorded by Fairuz? Answer: Mohammed Abdel Wahab. Arabic and English request the same attribute. Evidence: Retrieved or indexed 2026-10-08: Fairuz; music Mohammed Abdel Wahab; words Gibran Khalil Gibran. Difficulty: Recall of albums, credited composers, musical collaborations, institutions or a less familiar artist attribute."
"105","1019cb3ce94819f61af11b4fb735865917b689c64bc0d65ffe01202a1d505b76","song:helwamorra:composer","helwamorra","yes","yes","yes","yes","Assistant reviewed Who composed Ala El Helwa Wel Morra as recorded by Abdel Ghani El Sayed? Answer: Mahmoud El Sherif. Arabic and English request the same attribute. Evidence: Retrieved or indexed 2026-10-08: Abdel Ghani El Sayed; music Mahmoud El Sherif; lyrics Sayed Morsi. Difficulty: Recall of albums, credited composers, musical collaborations, institutions or a less familiar artist attribute."
"106","0072bafc1f7b4e7e9b5b1a499c9a2e445a95a43133e9a5d96a801bdd5ce4fe07","song:rahela:composer","rahela","yes","yes","yes","yes","Assistant reviewed Who composed Rahila as recorded by Mohammed El Hayani? Answer: Abdessalam Amer. Arabic and English request the same attribute. Evidence: Retrieved or indexed 2026-10-08: Mohammed El Hayani performs Rahila; music Abdessalam Amer; words Abderrafi Jawahiri. Difficulty: Recall of albums, credited composers, musical collaborations, institutions or a less familiar artist attribute."
"107","77e8a89cad0a40d8991ff506aca0546080aded228ea73fb3744022ff41b52c32","song:qamar:composer","qamar","yes","yes","yes","yes","Assistant reviewed Who composed Al Qamar Al Ahmar as recorded by Abdelhadi Belkhayat? Answer: Abdessalam Amer. Arabic and English request the same attribute. Evidence: Retrieved or indexed 2026-10-08: Al Qamar Al Ahmar performed Abdelhadi Belkhayat; composer Abdessalam Amer; poet Abderrafi Jawahiri. Difficulty: Recall of albums, credited composers, musical collaborations, institutions or a less familiar artist attribute."
"108","943338eb864d3dffa05c2a1a77374024393f232ba8230764c73878651a237711","song:adawiyaclassic:composer","adawiyaclassic","yes","yes","yes","yes","Assistant reviewed Who composed Adawiya as recorded by Mohammed Rushdi? Answer: Baligh Hamdi. Arabic and English request the same attribute. Evidence: Retrieved or indexed 2026-10-08: Mohammed Rushdi Adawiya; music Baligh Hamdi; lyrics Abdel Rahman El Abnoudi. Difficulty: Recall of albums, credited composers, musical collaborations, institutions or a less familiar artist attribute."
"109","0c80dacf5a6928411351d2b7aa7ce91d40ea47e078a6e48086a79ab5bb659774","song:asalsabah:composer","asalsabah","yes","yes","yes","yes","Assistant reviewed Who composed Zi El Asal as recorded by Sabah? Answer: Baligh Hamdi. Arabic and English request the same attribute. Evidence: Retrieved or indexed 2026-10-08: Zi El Asal; Sabah; Baligh Hamdi composer; Mohammed Hamza lyricist. Difficulty: Recall of albums, credited composers, musical collaborations, institutions or a less familiar artist attribute."
"110","a849b86eb3581003f6d72c8b3868cde43b71b355284499d5e34848ce99a887a9","song:daret:composer","daret","yes","yes","yes","yes","Assistant reviewed Who composed Daret El Ayyam, sung by Umm Kulthum? Answer: Mohammed Abdel Wahab. Arabic and English request the same attribute. Evidence: Retrieved or indexed 2026-10-08: Umm Kulthum; Mohammed Abdel Wahab music; Maamoun El Shennawy words. Difficulty: Recall of albums, credited composers, musical collaborations, institutions or a less familiar artist attribute."
"111","dd7bcfcd3269095c292d043a455aaa054e71d6df9678f36fcda00bfed21166cc","song:fat:composer","fat","yes","yes","yes","yes","Assistant reviewed Who composed Fat El Mead, sung by Umm Kulthum? Answer: Baligh Hamdi. Arabic and English request the same attribute. Evidence: Retrieved or indexed 2026-10-08: Umm Kulthum; Baligh Hamdi music; Morsi Gamil Aziz words. Difficulty: Recall of albums, credited composers, musical collaborations, institutions or a less familiar artist attribute."
"112","ce51f8a1a313b2245a23537799d1305cf541b5859f4f730ed212423ca37a80d0","song:nbtdi:composer","nbtdimusic","yes","yes","yes","yes","Assistant reviewed Who composed Nebtedi Menein El Hekaya, sung by Abdel Halim Hafez? Answer: Mohammed Abdel Wahab. Arabic and English request the same attribute. Evidence: Retrieved or indexed 2026-10-08: Abdel Wahab composed Nebtedi Menein El Hekaya for Abdel Halim. Difficulty: Recall of albums, credited composers, musical collaborations, institutions or a less familiar artist attribute."
"113","c007e0e895d89650a95a15d12dba3cd84a4fcc8fb6a361e34a614c9d6280d65d","song:zayhawa:composer","zayhawa","yes","yes","yes","yes","Assistant reviewed Who composed Zay El Hawa, sung by Abdel Halim Hafez? Answer: Baligh Hamdi. Arabic and English request the same attribute. Evidence: Retrieved or indexed 2026-10-08: Zay El Hawa by Abdel Halim; composer Baligh; lyricist Mohammed Hamza corroborated Hamza profile. Difficulty: Recall of albums, credited composers, musical collaborations, institutions or a less familiar artist attribute."
"114","d08e21b78ce95bf87b605a2eddff2f507b3adf349fa9555d1832ab8fb8751201","song:hayati:composer","hayati","yes","yes","yes","yes","Assistant reviewed Who composed We Hayati Andak, sung by Zekra? Answer: Salah El Sharnouby. Arabic and English request the same attribute. Evidence: Retrieved or indexed 2026-10-08: Zekra We Hayati Andak; Salah El Sharnouby music; Walid Raziqa words. Difficulty: Recall of albums, credited composers, musical collaborations, institutions or a less familiar artist attribute."
"115","ecbb6f43ac27268db563845ceda0097e1cec34d803772ff133afc98383dd8616","song:marina:composer","yaskh","yes","yes","yes","yes","Assistant reviewed Who composed Marina Bikom Hamad, sung by Yas Khudr? Answer: Mohammed Jawad Amouri. Arabic and English request the same attribute. Evidence: Retrieved or indexed 2026-10-08: Table credits: Marina Bikom Hamad music Mohammed Jawad Amouri/words Muzaffar Al Nawab; Han Wana Han music Talib Al Qarah Ghouli/words Muzaffar; Al Makir music Kamal Al Sayed/words Zamil Saeed Fattah. Difficulty: Recall of albums, credited composers, musical collaborations, institutions or a less familiar artist attribute."
"116","28799fcd8aafe2686265bfa1762f6621ba4f4cdb3b395f1723f23d1fd541af7e","song:hanwana:composer","yaskh","yes","yes","yes","yes","Assistant reviewed Who composed Han Wana Han, sung by Yas Khudr? Answer: Talib Al Qarah Ghouli. Arabic and English request the same attribute. Evidence: Retrieved or indexed 2026-10-08: Table credits: Marina Bikom Hamad music Mohammed Jawad Amouri/words Muzaffar Al Nawab; Han Wana Han music Talib Al Qarah Ghouli/words Muzaffar; Al Makir music Kamal Al Sayed/words Zamil Saeed Fattah. Difficulty: Recall of albums, credited composers, musical collaborations, institutions or a less familiar artist attribute."
"117","a7609acc3b681c376e94bd15a8c1a16f8d2817cd0820d44a3ee6305003869f8e","song:makir:composer","yaskh","yes","yes","yes","yes","Assistant reviewed Who composed Al Makir, sung by Yas Khudr? Answer: Kamal Al Sayed. Arabic and English request the same attribute. Evidence: Retrieved or indexed 2026-10-08: Table credits: Marina Bikom Hamad music Mohammed Jawad Amouri/words Muzaffar Al Nawab; Han Wana Han music Talib Al Qarah Ghouli/words Muzaffar; Al Makir music Kamal Al Sayed/words Zamil Saeed Fattah. Difficulty: Recall of albums, credited composers, musical collaborations, institutions or a less familiar artist attribute."
"118","24e3dbedb02804e372f5e8e82afcdb7d2e70e9f1b9db3cc24dd5e23973390b5b","song:ayazon:poet","ayazon","yes","yes","yes","yes","Assistant reviewed Who wrote the poem Ayazon performed by Najat Al Saghira? Answer: Nizar Qabbani. Arabic and English request the same attribute. Evidence: Retrieved or indexed 2026-10-08: Ayazon by Najat Al Saghira; music Mohammed Abdel Wahab; poem Nizar Qabbani. Difficulty: Recall of albums, credited composers, musical collaborations, institutions or a less familiar artist attribute."
"119","c78266fccef17a30efc8c7020c9b74f2aa93d479233e45df92d4caac6f2c5c1f","song:flymoon:originaltitle","moon","yes","yes","yes","yes","Assistant reviewed What was Fly Me To The Moon originally titled? Answer: In Other Words. Arabic and English request the same attribute. Evidence: Retrieved or indexed 2026-10-08: Original title In Other Words; author Bart Howard. Difficulty: Recall of albums, credited composers, musical collaborations, institutions or a less familiar artist attribute."
"120","91bd401bec24e24b2bee12dce8053104dad020a89072bca80a973d24e18de31f","song:unforgettable:duetalbum","unforgettable","yes","yes","yes","yes","Assistant reviewed Which Natalie Cole album contains the Unforgettable duet with her father’s voice? Answer: Unforgettable... With Love. Arabic and English request the same attribute. Evidence: Retrieved or indexed 2026-10-08: Unforgettable duet with Nat King Cole; album Unforgettable With Love. Difficulty: Recall of albums, credited composers, musical collaborations, institutions or a less familiar artist attribute."
"121","3b5825f1f0c2b7da03572ccdfa8457ed878ce614e2634b05bda67e6a42092f88","song:amore:film","amore","yes","yes","yes","yes","Assistant reviewed In which film did the Oscar-nominated song That’s Amore appear? Answer: The Caddy. Arabic and English request the same attribute. Evidence: Retrieved or indexed 2026-10-08: Thats Amore from The Caddy; music Harry Warren; lyrics Jack Brooks. Difficulty: Recall of albums, credited composers, musical collaborations, institutions or a less familiar artist attribute."
"122","2d26ff115e4efc91168419f942906c978b7204d326bf48a9b110e2da4b54a2b7","song:mackknife:album","ellaberlin","yes","yes","yes","yes","Assistant reviewed Which famous Ella Fitzgerald live album included Mack The Knife in its title? Answer: Ella In Berlin: Mack The Knife. Arabic and English request the same attribute. Evidence: Retrieved or indexed 2026-10-08: Mack The Knife by Ella; live album Ella In Berlin. Difficulty: Recall of albums, credited composers, musical collaborations, institutions or a less familiar artist attribute."
"123","439de1ab1226e3d1655f4e2291a586b5cbbd66701f249a184fd846b6f1682de7","song:hellodolly:grammycategory","dollylouis","yes","yes","yes","yes","Assistant reviewed In which vocal category did Louis Armstrong win a Grammy for Hello, Dolly! in 1965? Answer: Best Vocal Performance, Male. Arabic and English request the same attribute. Evidence: Retrieved or indexed 2026-10-08: Louis Armstrong Hello Dolly; 1965 male vocal Grammy. Difficulty: Recall of albums, credited composers, musical collaborations, institutions or a less familiar artist attribute."
"124","3bd7a16fbd4f98c3ccbdd5bd2667f834a81549c8d851da6c0487835e20bb9c5f","song:volare:formalname","volare","yes","yes","yes","yes","Assistant reviewed What is the formal Italian title of the song popularly called Volare? Answer: Nel Blu, Dipinto Di Blu. Arabic and English request the same attribute. Evidence: Retrieved or indexed 2026-10-08: Nel Blu Dipinto Di Blu also Volare; Domenico Modugno; Franco Migliacci coauthor. Difficulty: Recall of albums, credited composers, musical collaborations, institutions or a less familiar artist attribute."
"125","b115246bdcff8cc3cbc1729dcb0c66348420240fa1a631c1bc60f396fc7231c4","song:allgirls:duetpartner","julioduet","yes","yes","yes","yes","Assistant reviewed Which country star duets with Julio Iglesias on To All The Girls I’ve Loved Before? Answer: Willie Nelson. Arabic and English request the same attribute. Evidence: Retrieved or indexed 2026-10-08: To All The Girls Ive Loved Before Julio Iglesias and Willie Nelson. Difficulty: Recall of albums, credited composers, musical collaborations, institutions or a less familiar artist attribute."
"126","a6aa0667a5daf5cf0e3ab64e7fe5ec81c177508ac6af70dc7d6da5e657113e36","song:regretterien:composer","piafcredits","yes","yes","yes","yes","Assistant reviewed Who composed Edith Piaf’s Non, Je Ne Regrette Rien? Answer: Charles Dumont. Arabic and English request the same attribute. Evidence: Retrieved or indexed 2026-10-08: Charles Dumont music; Michel Vaucaire words. Difficulty: Recall of albums, credited composers, musical collaborations, institutions or a less familiar artist attribute."
"127","751d3439a34779922134ecfb77f2ba4d58a2bd0c6d76de400106765bd144bb79","song:prettywoman:cowriter","orbisonclassic","yes","yes","yes","yes","Assistant reviewed Who co-wrote Oh, Pretty Woman with Roy Orbison? Answer: Bill Dees. Arabic and English request the same attribute. Evidence: Retrieved or indexed 2026-10-08: Oh Pretty Woman Roy Orbison; coauthor Bill Dees; original single Monument 851. Difficulty: Recall of albums, credited composers, musical collaborations, institutions or a less familiar artist attribute."
"128","70f217641616c7c57b4f09fdfe476cd412a5ec565e99b6e0b6f0488ba4381410","artist:jouwini:documentary","jouwinifilm","yes","yes","yes","yes","Assistant reviewed Which 2017 documentary tells Hedi Jouini’s life story? Answer: The Man Behind The Microphone. Arabic and English request the same attribute. Evidence: Retrieved or indexed 2026-10-08: The Man Behind The Microphone portrait of Hedi Jouini; director/granddaughter Claire Belhassine. Difficulty: Recall of albums, credited composers, musical collaborations, institutions or a less familiar artist attribute."
"129","3a9fe2853d42557e553bd207c5579f70af2ba77dc91a5bc93572b3b158b0774d","artist:wardi:traditionalinstrument","wardiclassic","yes","yes","yes","yes","Assistant reviewed Which traditional Nubian string instrument did Mohammed Wardi master? Answer: Tambur. Arabic and English request the same attribute. Evidence: Retrieved or indexed 2026-10-08: Mohammed Wardi performs Al Tair Al Mohajer; tambur playing; born Sai island. Difficulty: Recall of albums, credited composers, musical collaborations, institutions or a less familiar artist attribute."
"130","242e7691e5a8eec81e56470492f7a5e21b0031dc94956a1a4f86d4614325806d","artist:amin:earlyband","aminband","yes","yes","yes","yes","Assistant reviewed Which police music band did Mohammed Al Amin join in 1960? Answer: Blue Nile Police music band. Arabic and English request the same attribute. Evidence: Retrieved or indexed 2026-10-08: Al Amin joined Blue Nile Police music band 1960. Difficulty: Recall of albums, credited composers, musical collaborations, institutions or a less familiar artist attribute."
"131","7a2c32a6cbee3bb35727b8779e54fa943253bf182e35650bb38ae05829265946","song:najahnational:composer","najahnational","yes","yes","yes","yes","Assistant reviewed Who composed Ya Aghla Ism Fil Wujud, sung by Najah Salam? Answer: Mohammed El Mougi. Arabic and English request the same attribute. Evidence: Retrieved or indexed 2026-10-08: Ya Aghla Ism Fil Wujud sung Najah; composed Mohammed El Mougi; words Ismail El Habrouk. Difficulty: Recall of albums, credited composers, musical collaborations, institutions or a less familiar artist attribute."
"132","261b8b2709aa5e5a2546bc50fcc20bc39f1787be831ccb1a4beb4c6931ee46dc","song:najma:composer","najma","yes","yes","yes","yes","Assistant reviewed Who composed Ya Najma, sung by Hussein Nema? Answer: Kawkab Hamza. Arabic and English request the same attribute. Evidence: Retrieved or indexed 2026-10-08: Ya Najma sung Hussein Nema; music Kawkab Hamza; words Kadhim Al Rikabi. Difficulty: Recall of albums, credited composers, musical collaborations, institutions or a less familiar artist attribute."
"133","4735bfb8a91ef30c9960f7f120cca1aa2194a3717fa335cd4e3c6644826b79b4","song:tyour:composer","tyour","yes","yes","yes","yes","Assistant reviewed Who composed Ya Tiyour El Tayra, sung by Saadoun Jaber? Answer: Kawkab Hamza. Arabic and English request the same attribute. Evidence: Retrieved or indexed 2026-10-08: Ya Tiyour El Tayra sung Saadoun Jaber; composer Kawkab Hamza; writer Zuhair Al Dujaili. Difficulty: Recall of albums, credited composers, musical collaborations, institutions or a less familiar artist attribute."
"134","4b4d9a78150704e57f5591ac1b16d02020e6be195d72a1651eb096eb8b40ee2d","song:saqayeen:composer","saqayeen","yes","yes","yes","yes","Assistant reviewed Who composed Haret El Saqayeen, sung by Sharifa Fadel? Answer: Mounir Mourad. Arabic and English request the same attribute. Evidence: Retrieved or indexed 2026-10-08: Haret El Saqayeen Sharifa Fadel; music Mounir Mourad; words Hussein El Sayed. Difficulty: Recall of albums, credited composers, musical collaborations, institutions or a less familiar artist attribute."
"135","3eeb4fa10ec6a947980f41a808c2d7d3c9db4f84a4524515a0daf47d21792459","song:habbaytak:composers","habbaytak","yes","yes","yes","yes","Assistant reviewed Which duo composed Fairuz’s Habbaytak Bessayf? Answer: Assi and Mansour Rahbani. Arabic and English request the same attribute. Evidence: Retrieved or indexed 2026-10-08: Habbaytak Bessayf Fairuz; Rahbani music; French adaptation singer Jean Francois Michael. No disputed stage premiere question used. Difficulty: Recall of albums, credited composers, musical collaborations, institutions or a less familiar artist attribute."
"136","7ee0c4be9fa36e85c51c3669f3c30aea178ae927bd12a6522035eeedb6c26b0e","song:mesafer:film","mesafer","yes","yes","yes","yes","Assistant reviewed In which film did Mohammed Abdel Wahab sing Ya Mesafer Wahdak? Answer: Mamnou El Hob. Arabic and English request the same attribute. Evidence: Retrieved or indexed 2026-10-08: Ya Mesafer Wahdak Mohammed Abdel Wahab; film Mamnou El Hob; words Hussein El Sayed. Difficulty: Recall of albums, credited composers, musical collaborations, institutions or a less familiar artist attribute."
"137","7fe8b5df1990188087078853c12b70fee57a733afbf56a86606117ded5d3081c","song:zahab:film","zahab","yes","yes","yes","yes","Assistant reviewed In which film did Mohammed Fawzi sing Zahab El Leil? Answer: Moageza Men El Samaa. Arabic and English request the same attribute. Evidence: Retrieved or indexed 2026-10-08: Mohammed Fawzi Zahab El Leil in Moageza Men El Samaa; lyricist Hussein El Sayed. Difficulty: Specialist recall of lyricists, arrangers, orchestral works, historical credits or a precisely dated musical event."
"138","e1efefdf8144c24f72ff66baca97b579f8d3e3149dea27b3a229952e1c352c62","song:saatsaat:lyricist","saat","yes","yes","yes","yes","Assistant reviewed Who wrote the lyrics of Sabah's Saat Saat? Answer: Abdel Rahman El Abnoudi. Arabic and English request the same attribute. Evidence: Retrieved or indexed 2026-10-08: Sabah Saat Saat; music Gamal Salama; lyrics Abdel Rahman El Abnoudi. Difficulty: Specialist recall of lyricists, arrangers, orchestral works, historical credits or a precisely dated musical event."
"139","248d2a1a4fbc348e4e0d77ac62775f9302233376a71c89cb0a6c72ec3b374396","song:akdebaleik:lyricist","akdebwriter","yes","yes","yes","yes","Assistant reviewed Who wrote the lyrics of Warda's Akdeb Aleik? Answer: Morsi Gamil Aziz. Arabic and English request the same attribute. Evidence: Retrieved or indexed 2026-10-08: Akdeb Aleik by Warda; lyrics Morsi Gamil Aziz. Difficulty: Specialist recall of lyricists, arrangers, orchestral works, historical credits or a precisely dated musical event."
"140","66c92425359b8f6a70d2cbae422d636f53362138614e446052391cf9c027fe28","song:eltaer:lyricist","taer","yes","yes","yes","yes","Assistant reviewed Who wrote the lyrics of El Tair El Mosafer performed by Najat? Answer: Mohammed Hamza. Arabic and English request the same attribute. Evidence: Retrieved or indexed 2026-10-08: Najat El Tair El Mosafer; music Baligh Hamdi; words Mohammed Hamza. No contradictory release year asked. Difficulty: Specialist recall of lyricists, arrangers, orchestral works, historical credits or a precisely dated musical event."
"141","dd90104333e9f223c27d93d5230b1170759c6f3d420aad38e116066ccdb3620c","song:layalion:lyricist","layalion","yes","yes","yes","yes","Assistant reviewed Who wrote the lyrics of Asmahan's Layali El Ons Fi Vienna? Answer: Ahmed Rami. Arabic and English request the same attribute. Evidence: Retrieved or indexed 2026-10-08: Asmahan; composer Farid Al Atrash; lyricist Ahmed Rami. Difficulty: Specialist recall of lyricists, arrangers, orchestral works, historical credits or a precisely dated musical event."
"142","59b1eca6f18386bffa024df7d5e1311d8c52f20762a800255fdb77dfcf3eb3a9","song:hawasultan:lyricist","hawa","yes","yes","yes","yes","Assistant reviewed Who wrote the lyrics of George Wassouf's El Hawa Sultan? Answer: Badi Yazbek. Arabic and English request the same attribute. Evidence: Retrieved or indexed 2026-10-08: George Wassouf; composer Georges Yazbek; lyricist Badi Yazbek. Difficulty: Specialist recall of lyricists, arrangers, orchestral works, historical credits or a precisely dated musical event."
"143","be01791949ca3086e615444ee339109bd258d6059c9b4dc82f082ccca196d1e6","song:alaremesh:lyricist","ramesh","yes","yes","yes","yes","Assistant reviewed Who wrote the lyrics of Ala Remsh Ouyounha for Wadih El Safi? Answer: Hussein El Sayed. Arabic and English request the same attribute. Evidence: Retrieved or indexed 2026-10-08: Wadih El Safi; composer Baligh Hamdi; lyricist Hussein El Sayed. Difficulty: Specialist recall of lyricists, arrangers, orchestral works, historical credits or a precisely dated musical event."
"144","5fc41d9c6565f274ae7b4b8b6801480d817bd8cf665e426a8ca1e86962d24170","song:modnak:maqam","modnak","yes","yes","yes","yes","Assistant reviewed In which maqam is Modnak Jafahu Marqaduhu notated in the Arabic Music Library score? Answer: Hijaz. Arabic and English request the same attribute. Evidence: Retrieved or indexed 2026-10-08: Mohammed Abdel Wahab performer and composer; poem Ahmed Shawqi; maqam Hijaz. Difficulty: Specialist recall of lyricists, arrangers, orchestral works, historical credits or a precisely dated musical event."
"145","01c289b691210ab64c1b54702feebdcbf0f3de00778b9307e3912fae325a928b","song:haramt:lyricist","haramt","yes","yes","yes","yes","Assistant reviewed Who wrote the lyrics of Warda's Haramt Ahebak? Answer: Omar Batisha. Arabic and English request the same attribute. Evidence: Retrieved or indexed 2026-10-08: Warda; music Salah El Sharnouby; lyrics Omar Batisha. Cross-checked published educational score and lyricists first-person Al Ahram interview; erroneous 2011 concert report credit rejected. Difficulty: Specialist recall of lyricists, arrangers, orchestral works, historical credits or a precisely dated musical event."
"146","29612d1e3937b6bb24f7488102c2e2a5b0528a8b98e08810751816f478842c6b","song:libeirout:originalcomposer","libeirout","yes","yes","yes","yes","Assistant reviewed Which Spanish composer wrote the melody that inspired Fairuz's Li Beirut? Answer: Joaquín Rodrigo. Arabic and English request the same attribute. Evidence: Retrieved or indexed 2026-10-08: Li Beirut by Fairuz; poem Joseph Harb; original melody Joaquin Rodrigo, arrangement Ziad Rahbani. Difficulty: Specialist recall of lyricists, arrangers, orchestral works, historical credits or a precisely dated musical event."
"147","0855222f270a61e0640d6b23f0201bf9fd290465d5c8dc990b1cedd1a2a270d7","song:respect:originalwriter","respect","yes","yes","yes","yes","Assistant reviewed Who wrote Respect before Aretha Franklin recorded it? Answer: Otis Redding. Arabic and English request the same attribute. Evidence: Retrieved or indexed 2026-10-08: Aretha Respect; I Never Loved A Man The Way I Love You; song originally written by Otis Redding. Difficulty: Specialist recall of lyricists, arrangers, orchestral works, historical credits or a precisely dated musical event."
"148","818d79c0dafb318a48d0bf429af24914412f5a440b6cbaca5c2906a47abd382a","song:hitroadjack:writer","raywriter","yes","yes","yes","yes","Assistant reviewed Who wrote Hit The Road Jack, made famous by Ray Charles? Answer: Percy Mayfield. Arabic and English request the same attribute. Evidence: Retrieved or indexed 2026-10-08: Filmography song credits: Hit the Road Jack by Percy Mayfield. Difficulty: Specialist recall of lyricists, arrangers, orchestral works, historical credits or a precisely dated musical event."
"149","4aaf3782aa6d883fb206d072e88e9f9944885e63dff673ca99c724006609452c","award:stevie:firstpresenters1974","stevie","yes","yes","yes","yes","Assistant reviewed Which two artists presented Stevie Wonder with his first Grammy in 1974? Answer: Chuck Berry and Little Richard. Arabic and English request the same attribute. Evidence: Retrieved or indexed 2026-10-08: Superstition from Talking Book; first Grammy presented by Chuck Berry and Little Richard in 1974. Difficulty: Specialist recall of lyricists, arrangers, orchestral works, historical credits or a precisely dated musical event."
"150","b20d64252d361e1501a55393a79aba8bf36e0733a813a1b807267b49ec6b6c65","song:whatsgoingon:cowriters","marvin","yes","yes","yes","yes","Assistant reviewed Who co-wrote What's Going On with Marvin Gaye? Answer: Renaldo Benson and Al Cleveland. Arabic and English request the same attribute. Evidence: Retrieved or indexed 2026-10-08: Marvin Gaye 1971 album; title-song co-writers Renaldo Benson and Al Cleveland. Difficulty: Specialist recall of lyricists, arrangers, orchestral works, historical credits or a precisely dated musical event."
"151","65b87238e8ee7e0fc20241346e6581bda3079d6b9df922a97334b9933ce506e0","song:dockbay:cowriter","otis","yes","yes","yes","yes","Assistant reviewed Who co-wrote The Dock Of The Bay with Otis Redding? Answer: Steve Cropper. Arabic and English request the same attribute. Evidence: Retrieved or indexed 2026-10-08: Otis Redding Dock Of The Bay; Best R&B Song 1969; co-writer Steve Cropper. Difficulty: Specialist recall of lyricists, arrangers, orchestral works, historical credits or a precisely dated musical event."
"152","ef21a8f6622451f5840780d06a5db692ad11d5a9ab7e6cca36d94cbc9a80945f","event:chuckvoyager1989:planet","chuckneptune","yes","yes","yes","yes","Assistant reviewed Which planet flyby did Chuck Berry and Carl Sagan celebrate for Voyager 2 in 1989? Answer: Neptune. Arabic and English request the same attribute. Evidence: Retrieved or indexed 2026-10-08: Voyagers 1 and 2 carry Johnny B Goode; Chuck Berry attended Voyager 2 Neptune flyby celebration August 1989. Difficulty: Specialist recall of lyricists, arrangers, orchestral works, historical credits or a precisely dated musical event."
"153","aca13b2ff285d642165157edbe124863fc597f7107d5aa99c4b5814428e6701c","award:changegonnacome:halloffameyear","sam","yes","yes","yes","yes","Assistant reviewed In which year was Sam Cooke's A Change Is Gonna Come inducted into the Grammy Hall of Fame? Answer: 2000. Arabic and English request the same attribute. Evidence: Retrieved or indexed 2026-10-08: Sam Cooke Change Is Gonna Come responds to Dylan Blowin In The Wind; Grammy Hall of Fame induction 2000. Difficulty: Specialist recall of lyricists, arrangers, orchestral works, historical credits or a precisely dated musical event."
"154","d7b3fcf7e551d16894cb01e8a6eef8bc86fc3b35e70308ee5bac4389f35d8ffe","song:jolene:producer","dollycredits","yes","yes","yes","yes","Assistant reviewed Who produced Dolly Parton’s classic Jolene recording? Answer: Bob Ferguson. Arabic and English request the same attribute. Evidence: Retrieved or indexed 2026-10-08: Dolly Parton vocals/songwriter/executive producer; Bob Ferguson producer. Producer and executive-producer roles distinguished. Difficulty: Specialist recall of lyricists, arrangers, orchestral works, historical credits or a precisely dated musical event."
"155","d066d48560a4271c2d72f56a9b5d682365fcbc908537627e1359145f136e90db","album:ringfire:producers","cashalbum","yes","yes","yes","yes","Assistant reviewed Who produced Ring Of Fire: The Best Of Johnny Cash? Answer: Don Law and Frank Jones. Arabic and English request the same attribute. Evidence: Retrieved or indexed 2026-10-08: Album produced by Don Law and Frank Jones. Difficulty: Specialist recall of lyricists, arrangers, orchestral works, historical credits or a precisely dated musical event."
"156","d9a0a4170eca3c2178b8e439f9f500c610530f585eeb3d1fbe90032cb7004dbd","recording:crazy:producer","patsy","yes","yes","yes","yes","Assistant reviewed Who produced Patsy Cline's Crazy recording? Answer: Owen Bradley. Arabic and English request the same attribute. Evidence: Retrieved or indexed 2026-10-08: Patsy Cline Crazy written by Willie Nelson; career producer Owen Bradley. Difficulty: Specialist recall of lyricists, arrangers, orchestral works, historical credits or a precisely dated musical event."
"157","c786b04680aac60f550d8184edfe88c0391cfdeeac8ee9f29c1ecc24e42d97d8","song:standbyme:cowriters","standby","yes","yes","yes","yes","Assistant reviewed Who co-wrote Stand By Me with Ben E. King? Answer: Jerry Leiber and Mike Stoller. Arabic and English request the same attribute. Evidence: Retrieved or indexed 2026-10-08: Ben E King; co-writers Jerry Leiber and Mike Stoller. Difficulty: Specialist recall of lyricists, arrangers, orchestral works, historical credits or a precisely dated musical event."
"158","a0a39ff82cf69ce548344673223e1b52b99afb30a371a870ad295b040b7ecaff","song:unchained:originalcredits","unchained","yes","yes","yes","yes","Assistant reviewed Who are the original composer and lyricist of Unchained Melody? Answer: Alex North and Hy Zaret. Arabic and English request the same attribute. Evidence: Retrieved or indexed 2026-10-08: Righteous Brothers; film Ghost 1990; music Alex North, words Hy Zaret. Difficulty: Specialist recall of lyricists, arrangers, orchestral works, historical credits or a precisely dated musical event."
"159","1954a24ea628fb028539f0fa0fc8dc894b65bd25a890a73ba23d75e64f5f6be4","song:soundofsilence:electricproducer","silence","yes","yes","yes","yes","Assistant reviewed Which producer added electric instrumentation to the original acoustic The Sound Of Silence recording? Answer: Tom Wilson. Arabic and English request the same attribute. Evidence: Retrieved or indexed 2026-10-08: Original acoustic Sound of Silence on Wednesday Morning 3 AM; producer Tom Wilson added electric overdubs. Difficulty: Specialist recall of lyricists, arrangers, orchestral works, historical credits or a precisely dated musical event."
"160","ec6b92c3ba989b151ff1af8bbd186a9167d7dfb6b9f241e29de2c2501227d316","song:stayinalive:otherproducers","beecredits","yes","yes","yes","yes","Assistant reviewed Who co-produced the Stayin' Alive recording with the Bee Gees? Answer: Karl Richardson and Albhy Galuten. Arabic and English request the same attribute. Evidence: Retrieved or indexed 2026-10-08: Stayin Alive co-produced by Bee Gees, Karl Richardson and Albhy Galuten. Difficulty: Specialist recall of lyricists, arrangers, orchestral works, historical credits or a precisely dated musical event."
"161","9a644d2500204cf6e724c7160c073df0922e44f1be0cada733258b14815a76ae","song:rasputin:producer","boneyprod","yes","yes","yes","yes","Assistant reviewed Who produced Boney M.'s Rasputin recording? Answer: Frank Farian. Arabic and English request the same attribute. Evidence: Retrieved or indexed 2026-10-08: Label recording credits identify Frank Farian as producer. Difficulty: Specialist recall of lyricists, arrangers, orchestral works, historical credits or a precisely dated musical event."
"162","bd42afa210922540a788b4b7cd6b171ad3f42a5efe5e47c6f9f3b5a8b69c14b1","award:eurythmics:1987winningtrack","euryaward","yes","yes","yes","yes","Assistant reviewed Which song won Eurythmics the 1987 Grammy for Best Rock Performance by a Duo or Group? Answer: Missionary Man. Arabic and English request the same attribute. Evidence: Retrieved or indexed 2026-10-08: Eurythmics won with Missionary Man. Difficulty: Specialist recall of lyricists, arrangers, orchestral works, historical credits or a precisely dated musical event."
"163","e7bc2646b9b51b413968ef28c06799dfcfc4bff1b53f3ea84eec7a033f6871b3","song:housrisingsun:producer","animalsprod","yes","yes","yes","yes","Assistant reviewed Who produced the Animals House Of The Rising Sun recording? Answer: Mickie Most. Arabic and English request the same attribute. Evidence: Retrieved or indexed 2026-10-08: Mickie Most produced Animals House of the Rising Sun. Difficulty: Specialist recall of lyricists, arrangers, orchestral works, historical credits or a precisely dated musical event."
"164","0bc26afca4f4a63076c05975042309884e9ff41c637b124c3be602379e83529a","song:satisfaction:pedal","stonespedal","yes","yes","yes","yes","Assistant reviewed What model of fuzz pedal was used for Keith Richards Satisfaction riff? Answer: Maestro/Gibson FZ-1 Fuzz-Tone. Arabic and English request the same attribute. Evidence: Retrieved or indexed 2026-10-08: Gibson/Maestro FZ-1 Fuzz-Tone used by Keith Richards on Satisfaction. Difficulty: Specialist recall of lyricists, arrangers, orchestral works, historical credits or a precisely dated musical event."
"165","7692071b1139308da12d0d557b941c22158d506f2bcd820a629c0073c1d6f662","song:lightmyfire:firstsongwriter","doorswriter","yes","yes","yes","yes","Assistant reviewed For which Doors guitarist was Light My Fire his first written song? Answer: Robby Krieger. Arabic and English request the same attribute. Evidence: Retrieved or indexed 2026-10-08: Light My Fire first song guitarist Robby Krieger wrote. No sole legal songwriting credit asserted. Difficulty: Specialist recall of lyricists, arrangers, orchestral works, historical credits or a precisely dated musical event."
"166","ff8c2611d1503c6f21ea0db40a5a47c7165ba3fa7141f371abaf331b379ee26d","song:mygeneration:producer","who","yes","yes","yes","yes","Assistant reviewed Who produced the original Who recording of My Generation? Answer: Shel Talmy. Arabic and English request the same attribute. Evidence: Retrieved or indexed 2026-10-08: My Generation by Who; original recording produced Shel Talmy. Later compilation date not used as original. Difficulty: Specialist recall of lyricists, arrangers, orchestral works, historical credits or a precisely dated musical event."
"167","32b4e2fe0f4f91bfc9d20f9c1d5c1e71ea92a42d0ef8b5374ed000b8ff02c3ac","song:youreallygotme:producer","kinksprod","yes","yes","yes","yes","Assistant reviewed Who produced the original Kinks recording of You Really Got Me? Answer: Shel Talmy. Arabic and English request the same attribute. Evidence: Retrieved or indexed 2026-10-08: First-person Shel Talmy interview about producing You Really Got Me. Difficulty: Specialist recall of lyricists, arrangers, orchestral works, historical credits or a precisely dated musical event."
"168","f28cfc7b61676a114c93e3253aa1c28a8d21ec1392286c0bc43abd9af8549c25","song:godonlyknows:cowriter","beach","yes","yes","yes","yes","Assistant reviewed Who co-wrote God Only Knows with Brian Wilson? Answer: Tony Asher. Arabic and English request the same attribute. Evidence: Retrieved or indexed 2026-10-08: God Only Knows; Carl Wilson lead; Brian Wilson collaborator Tony Asher. Difficulty: Specialist recall of lyricists, arrangers, orchestral works, historical credits or a precisely dated musical event."
"169","78d77cd96d53d54a2f22748c24b09f3e5eb6e739755f7e81445be4ad03ffabbb","artist:ccr:drummer","ccrdrums","yes","yes","yes","yes","Assistant reviewed Who is the drummer in the classic Creedence Clearwater Revival lineup? Answer: Doug Clifford. Arabic and English request the same attribute. Evidence: Retrieved or indexed 2026-10-08: Doug Clifford drummer for Creedence Clearwater Revival. Difficulty: Specialist recall of lyricists, arrangers, orchestral works, historical credits or a precisely dated musical event."
"170","8b7ba0cce554f572f870357817f026889460d5ce99b7a0978d283d86e0702bc0","artist:santana:firstsologrammywork","santanaaward","yes","yes","yes","yes","Assistant reviewed Which work earned Carlos Santana his first solo-artist Grammy in 1988? Answer: Blues For Salvador. Arabic and English request the same attribute. Evidence: Retrieved or indexed 2026-10-08: First Grammy as solo artist 1988 for Blues For Salvador. Difficulty: Specialist recall of lyricists, arrangers, orchestral works, historical credits or a precisely dated musical event."
"171","c7c03bed228da425abfe667b719d574ef66549068e757e4e17495d9c6ba4497a","song:oulou:lyricist","oulou","yes","yes","yes","yes","Assistant reviewed Who wrote the words of Oulou Lain El Shams, sung by Shadia? Answer: Magdy Naguib. Arabic and English request the same attribute. Evidence: Retrieved or indexed 2026-10-08: Shadia; music Baligh Hamdi; lyrics Magdy Naguib. Difficulty: Specialist recall of lyricists, arrangers, orchestral works, historical credits or a precisely dated musical event."
"172","557b345aa9f179065f1a38aa2f990c0087a69fe2a8ec7c5ff3b15afdc8adaf93","song:sakan:scoremaqam","sakan","yes","yes","yes","yes","Assistant reviewed What is the principal maqam of Fairuz’s Sakan Al Lail according to its published score? Answer: Kurd. Arabic and English request the same attribute. Evidence: Retrieved or indexed 2026-10-08: Fairuz; music Mohammed Abdel Wahab; words Gibran Khalil Gibran. Difficulty: Specialist recall of lyricists, arrangers, orchestral works, historical credits or a precisely dated musical event."
"173","b1e4fb1486d8469641def8425987668e585d375f08f76052f60598c25a01ea9c","song:helwamorra:lyricist","helwamorra","yes","yes","yes","yes","Assistant reviewed Who wrote the words of Ala El Helwa Wel Morra, sung by Abdel Ghani El Sayed? Answer: Sayed Morsi. Arabic and English request the same attribute. Evidence: Retrieved or indexed 2026-10-08: Abdel Ghani El Sayed; music Mahmoud El Sherif; lyrics Sayed Morsi. Difficulty: Specialist recall of lyricists, arrangers, orchestral works, historical credits or a precisely dated musical event."
"174","73d17f9664cec35c28da5367f8d92275ee8bc6b2f02de1bf1e4dc01b16573289","song:rahela:lyricist","rahela","yes","yes","yes","yes","Assistant reviewed Who wrote the words of Rahila, sung by Mohammed El Hayani? Answer: Abderrafi Jawahiri. Arabic and English request the same attribute. Evidence: Retrieved or indexed 2026-10-08: Mohammed El Hayani performs Rahila; music Abdessalam Amer; words Abderrafi Jawahiri. Difficulty: Specialist recall of lyricists, arrangers, orchestral works, historical credits or a precisely dated musical event."
"175","06c7663410045dbe574f20aefa50e3f6645963827be711516df5fc47ca7c07e0","song:qamar:lyricist","qamar","yes","yes","yes","yes","Assistant reviewed Who wrote the words of Al Qamar Al Ahmar, sung by Abdelhadi Belkhayat? Answer: Abderrafi Jawahiri. Arabic and English request the same attribute. Evidence: Retrieved or indexed 2026-10-08: Al Qamar Al Ahmar performed Abdelhadi Belkhayat; composer Abdessalam Amer; poet Abderrafi Jawahiri. Difficulty: Specialist recall of lyricists, arrangers, orchestral works, historical credits or a precisely dated musical event."
"176","79f42a08da60e550b0d3a3306eaa8d3d53b680afa71e8a4ad468556c588e01f6","song:adawiyaclassic:lyricist","adawiyaclassic","yes","yes","yes","yes","Assistant reviewed Who wrote the words of Adawiya, sung by Mohammed Rushdi? Answer: Abdel Rahman El Abnoudi. Arabic and English request the same attribute. Evidence: Retrieved or indexed 2026-10-08: Mohammed Rushdi Adawiya; music Baligh Hamdi; lyrics Abdel Rahman El Abnoudi. Difficulty: Specialist recall of lyricists, arrangers, orchestral works, historical credits or a precisely dated musical event."
"177","0b80f198d8dd3718c89e0750df0564ca2bdf456d63812b304fa096cd59cae8d7","song:asalsabah:lyricist","asalsabah","yes","yes","yes","yes","Assistant reviewed Who wrote the words of Zi El Asal, sung by Sabah? Answer: Mohammed Hamza. Arabic and English request the same attribute. Evidence: Retrieved or indexed 2026-10-08: Zi El Asal; Sabah; Baligh Hamdi composer; Mohammed Hamza lyricist. Difficulty: Specialist recall of lyricists, arrangers, orchestral works, historical credits or a precisely dated musical event."
"178","2469c8a8cfe60fe9b2075f3a22f7425db85142f3b2555b3932e3bae8755c3819","song:daret:lyricist","daret","yes","yes","yes","yes","Assistant reviewed Which lyricist wrote Daret El Ayyam for Umm Kulthum? Answer: Maamoun El Shennawy. Arabic and English request the same attribute. Evidence: Retrieved or indexed 2026-10-08: Umm Kulthum; Mohammed Abdel Wahab music; Maamoun El Shennawy words. Difficulty: Specialist recall of lyricists, arrangers, orchestral works, historical credits or a precisely dated musical event."
"179","7a1d43d2dcaae68be5b6e275293d3c630ee29fd05c6ef39b3729c779da1b11ad","song:fat:lyricist","fat","yes","yes","yes","yes","Assistant reviewed Which lyricist wrote Fat El Mead for Umm Kulthum? Answer: Morsi Gamil Aziz. Arabic and English request the same attribute. Evidence: Retrieved or indexed 2026-10-08: Umm Kulthum; Baligh Hamdi music; Morsi Gamil Aziz words. Difficulty: Specialist recall of lyricists, arrangers, orchestral works, historical credits or a precisely dated musical event."
"180","acfe71fa2d05fce0e0c193ed77593e443c426aa31dac16792889898479599df1","song:nbtdi:lyricist","nbtdi","yes","yes","yes","yes","Assistant reviewed Which lyricist wrote Nebtedi Menein El Hekaya for Abdel Halim Hafez? Answer: Mohammed Hamza. Arabic and English request the same attribute. Evidence: Retrieved or indexed 2026-10-08: Nebtedi Menein El Hekaya sung Abdel Halim Hafez; words Mohammed Hamza. Difficulty: Specialist recall of lyricists, arrangers, orchestral works, historical credits or a precisely dated musical event."
"181","5418b32da97b8b9ec6a995efc7da1a3db61f920b950412180690cfd1f5086b6e","song:zayhawa:lyricist","zayhawa","yes","yes","yes","yes","Assistant reviewed Which lyricist wrote Zay El Hawa for Abdel Halim Hafez? Answer: Mohammed Hamza. Arabic and English request the same attribute. Evidence: Retrieved or indexed 2026-10-08: Zay El Hawa by Abdel Halim; composer Baligh; lyricist Mohammed Hamza corroborated Hamza profile. Difficulty: Specialist recall of lyricists, arrangers, orchestral works, historical credits or a precisely dated musical event."
"182","14d847c91aef1821786ac53bc2046ca4b8a17e1e1c77aa62a62fe3ea13516d1c","song:hayati:lyricist","hayati","yes","yes","yes","yes","Assistant reviewed Which lyricist wrote We Hayati Andak for Zekra? Answer: Walid Raziqa. Arabic and English request the same attribute. Evidence: Retrieved or indexed 2026-10-08: Zekra We Hayati Andak; Salah El Sharnouby music; Walid Raziqa words. Difficulty: Specialist recall of lyricists, arrangers, orchestral works, historical credits or a precisely dated musical event."
"183","c3782496c048431ba594bc9eea5c11c16a3ebfaa982610dcd8b7495ef4e7a7c2","song:marina:lyricist","yaskh","yes","yes","yes","yes","Assistant reviewed Which lyricist wrote Marina Bikom Hamad for Yas Khudr? Answer: Muzaffar Al Nawab. Arabic and English request the same attribute. Evidence: Retrieved or indexed 2026-10-08: Table credits: Marina Bikom Hamad music Mohammed Jawad Amouri/words Muzaffar Al Nawab; Han Wana Han music Talib Al Qarah Ghouli/words Muzaffar; Al Makir music Kamal Al Sayed/words Zamil Saeed Fattah. Difficulty: Specialist recall of lyricists, arrangers, orchestral works, historical credits or a precisely dated musical event."
"184","b8b7cbefdd20cef56c7705e54519b2c50d8367f4165409009461e7d8727d2249","song:hanwana:lyricist","yaskh","yes","yes","yes","yes","Assistant reviewed Which lyricist wrote Han Wana Han for Yas Khudr? Answer: Muzaffar Al Nawab. Arabic and English request the same attribute. Evidence: Retrieved or indexed 2026-10-08: Table credits: Marina Bikom Hamad music Mohammed Jawad Amouri/words Muzaffar Al Nawab; Han Wana Han music Talib Al Qarah Ghouli/words Muzaffar; Al Makir music Kamal Al Sayed/words Zamil Saeed Fattah. Difficulty: Specialist recall of lyricists, arrangers, orchestral works, historical credits or a precisely dated musical event."
"185","56eaabf2b97b885ee48a07e10a10a86e9784852be24d1c831f70f2718fa5bda4","song:makir:lyricist","yaskh","yes","yes","yes","yes","Assistant reviewed Which lyricist wrote Al Makir for Yas Khudr? Answer: Zamil Saeed Fattah. Arabic and English request the same attribute. Evidence: Retrieved or indexed 2026-10-08: Table credits: Marina Bikom Hamad music Mohammed Jawad Amouri/words Muzaffar Al Nawab; Han Wana Han music Talib Al Qarah Ghouli/words Muzaffar; Al Makir music Kamal Al Sayed/words Zamil Saeed Fattah. Difficulty: Specialist recall of lyricists, arrangers, orchestral works, historical credits or a precisely dated musical event."
"186","fb24439c394dbf1726fda01ad7513e322d951061a0a473b5093ae4f4167b53f7","song:zahab:lyricist","zahab","yes","yes","yes","yes","Assistant reviewed Who wrote the lyrics of Mohammed Fawzi’s children’s song Zahab El Leil? Answer: Hussein El Sayed. Arabic and English request the same attribute. Evidence: Retrieved or indexed 2026-10-08: Mohammed Fawzi Zahab El Leil in Moageza Men El Samaa; lyricist Hussein El Sayed. Difficulty: Specialist recall of lyricists, arrangers, orchestral works, historical credits or a precisely dated musical event."
"187","65df0fbdd9eec58582739748077601cae4662f30d75ce31b323d3e99a6130261","song:flymoon:author","moon","yes","yes","yes","yes","Assistant reviewed Who wrote Fly Me To The Moon in 1954? Answer: Bart Howard. Arabic and English request the same attribute. Evidence: Retrieved or indexed 2026-10-08: Original title In Other Words; author Bart Howard. Difficulty: Specialist recall of lyricists, arrangers, orchestral works, historical credits or a precisely dated musical event."
"188","ddf5e2155ff1bef463836e552197d27470ffc85fc8652a49d6a2e85841306919","song:unforgettable:writer","gordon","yes","yes","yes","yes","Assistant reviewed Which Unforgettable writer won Song Of The Year at the 1992 Grammys? Answer: Irving Gordon. Arabic and English request the same attribute. Evidence: Retrieved or indexed 2026-10-08: Unforgettable Song of Year writer Irving Gordon. Difficulty: Specialist recall of lyricists, arrangers, orchestral works, historical credits or a precisely dated musical event."
"189","4287194e078e9542aa3ce260bdd1a40428b3b749eef163c4a9ce13b7d7df3ab1","song:amore:creditpair","amore","yes","yes","yes","yes","Assistant reviewed Who composed That’s Amore and wrote its lyrics, according to its Oscar nomination? Answer: Harry Warren; Jack Brooks. Arabic and English request the same attribute. Evidence: Retrieved or indexed 2026-10-08: Thats Amore from The Caddy; music Harry Warren; lyrics Jack Brooks. Difficulty: Specialist recall of lyricists, arrangers, orchestral works, historical credits or a precisely dated musical event."
"190","373a9728c07efc66316a421009e0fc786fa695d1c34a30c55a6ad6f018f4e56e","concert:ellaberlin:venue","ellavenue","yes","yes","yes","yes","Assistant reviewed At which Berlin venue did Ella Fitzgerald record her famous 1960 concert? Answer: Deutschlandhalle. Arabic and English request the same attribute. Evidence: Retrieved or indexed 2026-10-08: How High The Moon recorded live at Deutschlandhalle Berlin 1960; same Berlin concert. Difficulty: Specialist recall of lyricists, arrangers, orchestral works, historical credits or a precisely dated musical event."
"191","46312f1452aad1b2a9bb0fe37ffaa54db02385b97fa670bb27d3ab27dd74f998","song:hellodolly:author","dollywriter","yes","yes","yes","yes","Assistant reviewed Who wrote the music and lyrics of Hello, Dolly!? Answer: Jerry Herman. Arabic and English request the same attribute. Evidence: Retrieved or indexed 2026-10-08: Jerry Herman composed Hello Dolly words and music. Difficulty: Specialist recall of lyricists, arrangers, orchestral works, historical credits or a precisely dated musical event."
"192","082d28c2e5b0f96833f44c5f0c58e14c9a072b11bec4d6ee76790bbf6947a879","song:volare:coauthor","volare","yes","yes","yes","yes","Assistant reviewed Who co-wrote Nel Blu, Dipinto Di Blu with Domenico Modugno? Answer: Franco Migliacci. Arabic and English request the same attribute. Evidence: Retrieved or indexed 2026-10-08: Nel Blu Dipinto Di Blu also Volare; Domenico Modugno; Franco Migliacci coauthor. Difficulty: Specialist recall of lyricists, arrangers, orchestral works, historical credits or a precisely dated musical event."
"193","3fc4b4ce2b5cdfd15fd5d291a087bebbf1a2346ae49dc709799a08fa93500178","song:allgirls:writers","julioduetwriters","yes","yes","yes","yes","Assistant reviewed Which songwriting pair wrote To All The Girls I’ve Loved Before? Answer: Albert Hammond and Hal David. Arabic and English request the same attribute. Evidence: Retrieved or indexed 2026-10-08: To All The Girls Ive Loved Before writers Albert Hammond and Hal David. Difficulty: Specialist recall of lyricists, arrangers, orchestral works, historical credits or a precisely dated musical event."
"194","b96380a0130fe581c9f9071f4519dec421d0593dfaed260431eeef74cacb8526","song:regretterien:lyricist","piafcredits","yes","yes","yes","yes","Assistant reviewed Who wrote the lyrics of Non, Je Ne Regrette Rien? Answer: Michel Vaucaire. Arabic and English request the same attribute. Evidence: Retrieved or indexed 2026-10-08: Charles Dumont music; Michel Vaucaire words. Difficulty: Specialist recall of lyricists, arrangers, orchestral works, historical credits or a precisely dated musical event."
"195","b1db3588a9106063cb9d0c22a8da45520d12b36189ab0b00c3000e6f30934390","song:prettywoman:label","orbisonclassic","yes","yes","yes","yes","Assistant reviewed Which record label issued Roy Orbison’s Oh, Pretty Woman as single number 851? Answer: Monument. Arabic and English request the same attribute. Evidence: Retrieved or indexed 2026-10-08: Oh Pretty Woman Roy Orbison; coauthor Bill Dees; original single Monument 851. Difficulty: Specialist recall of lyricists, arrangers, orchestral works, historical credits or a precisely dated musical event."
"196","324ea18019c028555a0b5e7e7a088b3275b2100c5b19619eb65711f50bdc4bc6","film:jouwinidoc:director","jouwinifilm","yes","yes","yes","yes","Assistant reviewed Which granddaughter of Hedi Jouini directed The Man Behind The Microphone? Answer: Claire Belhassine. Arabic and English request the same attribute. Evidence: Retrieved or indexed 2026-10-08: The Man Behind The Microphone portrait of Hedi Jouini; director/granddaughter Claire Belhassine. Difficulty: Specialist recall of lyricists, arrangers, orchestral works, historical credits or a precisely dated musical event."
"197","30ada0e7d80a9f7f5f62314148815b003deaad2629cc335af32d86e1cb5f5681","artist:wardi:birthisland","wardiclassic","yes","yes","yes","yes","Assistant reviewed On which Nile island was Mohammed Wardi born? Answer: Sai Island. Arabic and English request the same attribute. Evidence: Retrieved or indexed 2026-10-08: Mohammed Wardi performs Al Tair Al Mohajer; tambur playing; born Sai island. Difficulty: Specialist recall of lyricists, arrangers, orchestral works, historical credits or a precisely dated musical event."
"198","d7eae71d9472460e03f7e1ab3d29c9787d637127494f9ca4775d7daed2265061","song:jarida:poet","jaridapoet","yes","yes","yes","yes","Assistant reviewed Who wrote the lyrics of Al Jarida, sung by Mohammed Al Amin? Answer: Fadl Allah Mohammed. Arabic and English request the same attribute. Evidence: Retrieved or indexed 2026-10-08: Al Jarida words Fadl Allah Mohammed. Difficulty: Specialist recall of lyricists, arrangers, orchestral works, historical credits or a precisely dated musical event."
"199","ef8fcc77abe24ca0af05bb7c59b4e4598d954567179e3b71f474405d1d014ee7","song:najahnational:lyricist","najahnational","yes","yes","yes","yes","Assistant reviewed Who wrote the lyrics of Ya Aghla Ism Fil Wujud, recorded by Najah Salam? Answer: Ismail El Habrouk. Arabic and English request the same attribute. Evidence: Retrieved or indexed 2026-10-08: Ya Aghla Ism Fil Wujud sung Najah; composed Mohammed El Mougi; words Ismail El Habrouk. Difficulty: Specialist recall of lyricists, arrangers, orchestral works, historical credits or a precisely dated musical event."
"200","f81db77761b834fc80faab0dd986b847f5dba05a49ba593888bce8eff225d212","song:najma:lyricist","najma","yes","yes","yes","yes","Assistant reviewed Who wrote the lyrics of Ya Najma, recorded by Hussein Nema? Answer: Kadhim Al Rikabi. Arabic and English request the same attribute. Evidence: Retrieved or indexed 2026-10-08: Ya Najma sung Hussein Nema; music Kawkab Hamza; words Kadhim Al Rikabi. Difficulty: Specialist recall of lyricists, arrangers, orchestral works, historical credits or a precisely dated musical event."
"201","702420f1f90d8f5e7060ed19ea9c3a44b308422305f1e9ea8c6232aac8e0649e","song:tyour:lyricist","tyour","yes","yes","yes","yes","Assistant reviewed Who wrote the lyrics of Ya Tiyour El Tayra, recorded by Saadoun Jaber? Answer: Zuhair Al Dujaili. Arabic and English request the same attribute. Evidence: Retrieved or indexed 2026-10-08: Ya Tiyour El Tayra sung Saadoun Jaber; composer Kawkab Hamza; writer Zuhair Al Dujaili. Difficulty: Specialist recall of lyricists, arrangers, orchestral works, historical credits or a precisely dated musical event."
"202","13d16cb2af6013ad9722774456c086c05a038acf1d87ff30d086e6c215546c88","song:saqayeen:lyricist","saqayeen","yes","yes","yes","yes","Assistant reviewed Who wrote the lyrics of Haret El Saqayeen, recorded by Sharifa Fadel? Answer: Hussein El Sayed. Arabic and English request the same attribute. Evidence: Retrieved or indexed 2026-10-08: Haret El Saqayeen Sharifa Fadel; music Mounir Mourad; words Hussein El Sayed. Difficulty: Specialist recall of lyricists, arrangers, orchestral works, historical credits or a precisely dated musical event."
"203","206d4007995db00bd0874ab4d48484e1a43c0a7431e8a69180bbd8d323da1c15","song:habbaytak:frenchadaptationsinger","habbaytak","yes","yes","yes","yes","Assistant reviewed Which French singer recorded Coupable, musically adapted from Habbaytak Bessayf? Answer: Jean François Michael. Arabic and English request the same attribute. Evidence: Retrieved or indexed 2026-10-08: Habbaytak Bessayf Fairuz; Rahbani music; French adaptation singer Jean Francois Michael. No disputed stage premiere question used. Difficulty: Specialist recall of lyricists, arrangers, orchestral works, historical credits or a precisely dated musical event."
"204","019b51923431655190a61a8a550c5534c3c49bcf78c15c739b91c379d053c9f4","song:mesafer:lyricist","mesafer","yes","yes","yes","yes","Assistant reviewed Who wrote the lyrics of Mohammed Abdel Wahab’s Ya Mesafer Wahdak? Answer: Hussein El Sayed. Arabic and English request the same attribute. Evidence: Retrieved or indexed 2026-10-08: Ya Mesafer Wahdak Mohammed Abdel Wahab; film Mamnou El Hob; words Hussein El Sayed. Difficulty: Specialist recall of lyricists, arrangers, orchestral works, historical credits or a precisely dated musical event."
