"id","difficulty","factKey","topic","questionAr","questionEn","answerAr","answerEn","sourceName","sourceUrl","evidence","lastVerified"
"old_school_music_v2_001","easy200","song:ayazon:singer",,"من المطربة صاحبة التسجيل الشهير لقصيدة «أيظن»؟","Which singer made the famous recording of Ayazon?","نجاة الصغيرة","Najat Al Saghira","Al-Ahram — Najat and Nizar Qabbani","https://gate.ahram.org.eg/News/4266614.aspx","Retrieved or indexed 2026-10-08: Ayazon by Najat Al Saghira; music Mohammed Abdel Wahab; poem Nizar Qabbani.","2026-10-08"
"old_school_music_v2_002","easy200","song:saatsaat:singer",,"من المطربة اللبنانية التي اشتهرت بأغنية «ساعات ساعات»؟","Which Lebanese singer is known for Saat Saat?","صباح","Sabah","An-Nahar — Sabah Saat Saat","https://www.annahar.com/arabic/culture/28032023035214375/%D8%A7%D9%84%D8%B5%D8%A8%D9%88%D8%AD%D8%A9-%D9%84%D9%85%D8%A7%D8%B0%D8%A7-%D8%A3%D8%A8%D9%83%D8%AA%D9%87%D8%A7-%D8%A3%D8%BA%D9%86%D9%8A%D8%A9-%D8%B3%D8%A7%D8%B9%D8%A7%D8%AA-%D8%B3%D8%A7%D8%B9%D8%A7%D8%AA","Retrieved or indexed 2026-10-08: Sabah Saat Saat; music Gamal Salama; lyrics Abdel Rahman El Abnoudi.","2026-10-08"
"old_school_music_v2_003","easy200","song:akdebaleik:singer",,"من المطربة صاحبة «أكدب عليك»؟","Which singer performs Akdeb Aleik?","وردة الجزائرية","Warda Al Jazairia","Youm7 — Morsi Gamil Aziz songs","https://www.youm7.com/story/2019/2/15/%D8%A3%D8%B4%D9%87%D8%B1-%D8%AC%D9%85%D9%84-%D9%84%D9%80-%D9%85%D8%B1%D8%B3%D9%89-%D8%AC%D9%85%D9%8A%D9%84-%D8%B9%D8%B2%D9%8A%D8%B2-%D8%B9%D9%84%D9%89-%D8%A7%D9%84%D8%B3%D9%88%D8%B4%D9%8A%D8%A7%D9%84-%D9%85%D9%8A%D8%AF%D9%8A%D8%A7-%D8%B1%D8%BA%D9%85/4140647","Retrieved or indexed 2026-10-08: Akdeb Aleik by Warda; lyrics Morsi Gamil Aziz.","2026-10-08"
"old_school_music_v2_004","easy200","song:eltaer:singer",,"من المطربة التي غنّت «الطير المسافر» في تسجيله الكلاسيكي؟","Which singer made the classic recording of El Tair El Mosafer?","نجاة الصغيرة","Najat Al Saghira","Al-Ahram — El Tair El Mosafer","https://gate.ahram.org.eg/daily/NewsPrint/910024.aspx","Retrieved or indexed 2026-10-08: Najat El Tair El Mosafer; music Baligh Hamdi; words Mohammed Hamza. No contradictory release year asked.","2026-10-08"
"old_school_music_v2_005","easy200","song:layalion:singer",,"من المطربة صاحبة التسجيل الكلاسيكي لـ«ليالي الأنس في فيينا»؟","Which singer made the classic recording of Layali El Ons Fi Vienna?","أسمهان","Asmahan","Arabic Music Library published score — Layali El Ons Fi Vienna","https://arabicmusiclibrary.com/ar/product/%D9%84%D9%8A%D8%A7%D9%84%D9%8A-%D8%A7%D9%84%D8%A3%D9%86%D8%B3-%D9%81%D9%8A-%D9%81%D9%8A%D9%8A%D9%86%D8%A7/","Retrieved or indexed 2026-10-08: Asmahan; composer Farid Al Atrash; lyricist Ahmed Rami.","2026-10-08"
"old_school_music_v2_006","easy200","song:hawasultan:singer",,"من المطرب السوري الذي اشتهر بـ«الهوى سلطان»؟","Which Syrian singer is known for El Hawa Sultan?","جورج وسوف","George Wassouf","Arabic Music Library published score — El Hawa Sultan","https://arabicmusiclibrary.com/ar/product/el-hawa-sultan/","Retrieved or indexed 2026-10-08: George Wassouf; composer Georges Yazbek; lyricist Badi Yazbek.","2026-10-08"
"old_school_music_v2_007","easy200","song:alaremesh:singer",,"من المطرب اللبناني صاحب التسجيل الكلاسيكي لـ«على رمش عيونها»؟","Which Lebanese singer made the classic recording of Ala Remsh Ouyounha?","وديع الصافي","Wadih El Safi","Arabic Music Library published score — Ala Remsh Ouyounha","https://arabicmusiclibrary.com/ar/product/%D8%B9%D9%84%D9%89-%D8%B1%D9%85%D8%B4-%D8%B9%D9%8A%D9%88%D9%86%D9%87%D8%A7/","Retrieved or indexed 2026-10-08: Wadih El Safi; composer Baligh Hamdi; lyricist Hussein El Sayed.","2026-10-08"
"old_school_music_v2_008","easy200","song:modnak:singer",,"من المطرب الذي قدّم قصيدة «مضناك جفاه مرقده» في تسجيلها الكلاسيكي؟","Which singer made the classic recording of Modnak Jafahu Marqaduhu?","محمد عبد الوهاب","Mohammed Abdel Wahab","Arabic Music Library published score — Modnak","https://arabicmusiclibrary.com/product/modnak-jafahu-marqaduhu/","Retrieved or indexed 2026-10-08: Mohammed Abdel Wahab performer and composer; poem Ahmed Shawqi; maqam Hijaz.","2026-10-08"
"old_school_music_v2_009","easy200","song:haramt:singer",,"من المطربة صاحبة أغنية «حرمت أحبك»؟","Which singer performs Haramt Ahebak?","وردة الجزائرية","Warda Al Jazairia","Apple Shazam — original Warda release credits","https://www.shazam.com/song/770101904/haramt-ahebak","Retrieved or indexed 2026-10-08: Warda; music Salah El Sharnouby; lyrics Omar Batisha. Cross-checked published educational score and lyricists first-person Al Ahram interview; erroneous 2011 concert report credit rejected.","2026-10-08"
"old_school_music_v2_010","easy200","song:libeirout:singer",,"من المطربة التي غنّت «لبيروت»؟","Which singer performs Li Beirut?","فيروز","Fairuz","Alaraby TV — songs celebrating cities","https://www.alaraby.com/news/%D9%85%D9%86-%D8%B2%D9%87%D8%B1%D8%A9-%D8%A7%D9%84%D9%85%D8%AF%D8%A7%D8%A6%D9%86-%D8%A5%D9%84%D9%89-%D9%8A%D8%A7-%D9%85%D8%A7%D9%84-%D8%A7%D9%84%D8%B4%D8%A7%D9%85-20-%D8%A3%D8%BA%D9%86%D9%8A%D8%A9-%D8%AE%D9%84%D8%AF%D8%AA-%D8%A7%D9%84%D9%85%D8%AF%D9%86-%D8%A7%D9%84%D8%B9%D8%B1%D8%A8%D9%8A%D8%A9","Retrieved or indexed 2026-10-08: Li Beirut by Fairuz; poem Joseph Harb; original melody Joaquin Rodrigo, arrangement Ziad Rahbani.","2026-10-08"
"old_school_music_v2_011","easy200","song:respect:arethaperformance",,"من المطربة صاحبة تسجيل «ريسبكت» الشهير عام 1967؟","Who made the famous 1967 recording of Respect?","أريثا فرانكلين","Aretha Franklin","Recording Academy — Aretha Franklin","https://www.grammy.com/artists/aretha-franklin/11503/","Retrieved or indexed 2026-10-08: Aretha Respect; I Never Loved A Man The Way I Love You; song originally written by Otis Redding.","2026-10-08"
"old_school_music_v2_012","easy200","song:hitroadjack:performer",,"من المطرب صاحب التسجيل الشهير لـ«هِت ذا رود جاك»؟","Which singer made the famous recording of Hit The Road Jack?","راي تشارلز","Ray Charles","Ray Charles Foundation — 1960s","https://raycharles.com/legacy/1960s/","Retrieved or indexed 2026-10-08: Hit The Road Jack by Ray Charles; 1962 country album Modern Sounds in Country and Western Music. Grammy nomination timeline is not treated as ceremony year.","2026-10-08"
"old_school_music_v2_013","easy200","song:superstition:performer",,"من الفنان الذي غنّى «سوبرستيشن»؟","Who performs Superstition?","ستيفي وندر","Stevie Wonder","Recording Academy — first Stevie Wonder Grammy","https://www.grammy.com/news/grammy-rewind-stevie-wonder-shares-his-first-grammy-win-his-mom/","Retrieved or indexed 2026-10-08: Superstition from Talking Book; first Grammy presented by Chuck Berry and Little Richard in 1974.","2026-10-08"
"old_school_music_v2_014","easy200","song:whatsgoingon:performer",,"من المطرب صاحب أغنية «واتس غوينغ أون» وألبومها الكلاسيكي؟","Which singer released the classic song and album What's Going On?","مارفن غاي","Marvin Gaye","Recording Academy — Whats Going On retrospective","https://www.grammy.com/news/marvin-gaye-whats-going-50th-anniversary-record/","Retrieved or indexed 2026-10-08: Marvin Gaye 1971 album; title-song co-writers Renaldo Benson and Al Cleveland.","2026-10-08"
"old_school_music_v2_015","easy200","song:dockbay:performer",,"من المطرب صاحب تسجيل «سِتِن أون ذا دوك أوف ذا باي»؟","Who performs (Sittin' On) The Dock Of The Bay?","أوتيس ريدينغ","Otis Redding","Recording Academy — Best R&B Song 1969","https://www.grammy.com/awards/categories/best-rb-song/1969/","Retrieved or indexed 2026-10-08: Otis Redding Dock Of The Bay; Best R&B Song 1969; co-writer Steve Cropper.","2026-10-08"
"old_school_music_v2_016","easy200","song:johnnybgoode:performer",,"من عازف الروك والمغنّي الذي غنّى «جوني بي غود»؟","Which rock musician and singer performs Johnny B. Goode?","تشاك بيري","Chuck Berry","NASA — Golden Record music","https://science.nasa.gov/mission/voyager/golden-record-contents/sounds/","Retrieved or indexed 2026-10-08: Johnny B Goode written and performed by Chuck Berry, included on Voyager golden record.","2026-10-08"
"old_school_music_v2_017","easy200","song:changegonnacome:performer",,"من مطرب السول صاحب «أ تشينج إز غونا كَم»؟","Which soul singer performs A Change Is Gonna Come?","سام كوك","Sam Cooke","Recording Academy — March on Washington playlist","https://www.grammy.com/news/let-freedom-ring-with-the-march-on-washington-grammy-playlist/","Retrieved or indexed 2026-10-08: Sam Cooke Change Is Gonna Come responds to Dylan Blowin In The Wind; Grammy Hall of Fame induction 2000.","2026-10-08"
"old_school_music_v2_018","easy200","song:jolene:performer",,"من مطربة الكانتري صاحبة التسجيل الأصلي لأغنية «جولين»؟","Which country singer made the original Jolene recording?","دولي بارتون","Dolly Parton","Dolly Parton official — Jolene album","https://www.dollyparton.com/album/jolene","Retrieved or indexed 2026-10-08: Jolene by Dolly Parton; original studio album February 1974.","2026-10-08"
"old_school_music_v2_019","easy200","song:ringfire:cashperformer",,"من المطرب صاحب التسجيل الشهير لأغنية «رينغ أوف فاير»؟","Who made the famous recording of Ring Of Fire?","جوني كاش","Johnny Cash","Johnny Cash official — Ring of Fire","https://www.johnnycash.com/track/ring-of-fire-mono/","Retrieved or indexed 2026-10-08: Johnny Cash; writers June Carter and Merle Kilgore.","2026-10-08"
"old_school_music_v2_020","easy200","song:crazy:patsyperformer",,"من مطربة الكانتري صاحبة تسجيل «كريزي» الشهير عام 1961؟","Which country singer made the famous 1961 Crazy recording?","باتسي كلاين","Patsy Cline","Country Music Hall of Fame — Patsy Cline","https://countrymusichalloffame.org/hall-of-fame/patsy-cline","Retrieved or indexed 2026-10-08: Patsy Cline Crazy written by Willie Nelson; career producer Owen Bradley.","2026-10-08"
"old_school_music_v2_021","easy200","song:standbyme:originalperformer",,"من المطرب صاحب التسجيل الأصلي لـ«ستاند باي مي»؟","Who made the original Stand By Me recording?","بن إي كينغ","Ben E. King","Songwriters Hall of Fame — Stand By Me","https://www.songhall.org/profiles/stand-by-me","Retrieved or indexed 2026-10-08: Ben E King; co-writers Jerry Leiber and Mike Stoller.","2026-10-08"
"old_school_music_v2_022","easy200","song:unchained:righteousversion",,"أي ثنائي غنّى التسجيل الشهير لـ«أنتشيند ميلودي» الذي عاد للنجاح عام 1990؟","Which duo’s famous Unchained Melody recording regained popularity in 1990?","رايتشَس براذرز","The Righteous Brothers","Songwriters Hall of Fame — Unchained Melody","https://www.songhall.org/profiles/unchained-melody","Retrieved or indexed 2026-10-08: Righteous Brothers; film Ghost 1990; music Alex North, words Hy Zaret.","2026-10-08"
"old_school_music_v2_023","easy200","song:soundofsilence:performers",,"أي ثنائي غنّى «ذا ساوند أوف سايلنس» في تسجيله الأصلي؟","Which duo made the original The Sound Of Silence recording?","سايمون وغارفنكل","Simon and Garfunkel","Simon and Garfunkel official biography","https://www.simonandgarfunkel.com/biography/","Retrieved or indexed 2026-10-08: Original acoustic Sound of Silence on Wednesday Morning 3 AM; producer Tom Wilson added electric overdubs.","2026-10-08"
"old_school_music_v2_024","easy200","song:stayinalive:performer",,"أي فرقة غنّت «ستايِن ألايف»؟","Which group sings Stayin' Alive?","بي جيز","Bee Gees","Bee Gees official — Saturday Night Fever","https://www.beegees.com/releases-archive/saturday-night-fever/","Retrieved or indexed 2026-10-08: Stayin Alive by Bee Gees; film Saturday Night Fever 1977.","2026-10-08"
"old_school_music_v2_025","easy200","song:rasputin:performer",,"أي فرقة ديسكو اشتهرت بـ«راسبوتين»؟","Which disco group is known for Rasputin?","بوني إم","Boney M.","Apple Music — Nightflight to Venus","https://music.apple.com/us/album/nightflight-to-venus-2007-remastered-version/250727571","Retrieved or indexed 2026-10-08: Boney M; Rasputin on Nightflight to Venus; original release 1978 not 2007 remaster.","2026-10-08"
"old_school_music_v2_026","easy200","song:sweetdreams:performer",,"أي ثنائي أصدَر «سويت دريمز آر ميد أوف ذِس»؟","Which duo released Sweet Dreams (Are Made Of This)?","يوريثميكس","Eurythmics","Eurythmics official site","https://www.eurythmics.com/","Retrieved or indexed 2026-10-08: Sweet Dreams performed by duo Eurythmics; vocalist Annie Lennox.","2026-10-08"
"old_school_music_v2_027","easy200","song:housrisingsun:animals",,"أي فرقة اشتهرت بتسجيل «هاوس أوف ذا رايزينغ سان» عام 1964؟","Which band is known for the 1964 House Of The Rising Sun recording?","ذي أنيمالز","The Animals","Recording Academy — Eric Burdon museum interview","https://qa.grammy.com/news/eric-burdon-visits-the-grammy-museum","Retrieved or indexed 2026-10-08: Animals House of the Rising Sun; frontman Eric Burdon.","2026-10-08"
"old_school_music_v2_028","easy200","song:satisfaction:performer",,"أي فرقة غنّت «آي كانت غِت نو ساتيسفاكشن»؟","Which band performs (I Can't Get No) Satisfaction?","ذا رولينغ ستونز","The Rolling Stones","Library of Congress — Satisfaction registry essay","https://www.loc.gov/static/programs/national-recording-preservation-board/documents/Satisfaction.pdf","Retrieved or indexed 2026-10-08: Rolling Stones Satisfaction; Mick Jagger and Keith Richards; Maestro FuzzTone.","2026-10-08"
"old_school_music_v2_029","easy200","song:lightmyfire:performer",,"أي فرقة روك أصدرت «لايت ماي فاير»؟","Which rock band released Light My Fire?","ذا دورز","The Doors","Doors official — band biography","https://thedoors.com/the-band","Retrieved or indexed 2026-10-08: Light My Fire by Doors; singer Jim Morrison.","2026-10-08"
"old_school_music_v2_030","easy200","song:mygeneration:performer",,"أي فرقة غنّت «ماي جينيريشن» في تسجيلها الأصلي؟","Which band made the original My Generation recording?","ذا هو","The Who","Who official — My Generation original recording credit","https://www.thewho.com/music/my-generation-5/","Retrieved or indexed 2026-10-08: My Generation by Who; original recording produced Shel Talmy. Later compilation date not used as original.","2026-10-08"
"old_school_music_v2_031","easy200","song:youreallygotme:performer",,"أي فرقة بريطانية أصدرت التسجيل الأصلي لـ«يو ريلي غوت مي»؟","Which British band released the original You Really Got Me recording?","ذا كينكس","The Kinks","Kinks official — You Really Got Me anniversary","https://thekinks.info/news/you-really-got-me-turns-55/","Retrieved or indexed 2026-10-08: Kinks; Dave Davies guitar riff.","2026-10-08"
"old_school_music_v2_032","easy200","song:godonlyknows:performer",,"أي فرقة أمريكية غنّت «غود أونلي نوز»؟","Which American group sings God Only Knows?","ذا بيتش بويز","The Beach Boys","Beach Boys official — Pet Sounds","https://thebeachboys.com/blogs/news/the-beach-boys-on-pet-sounds-the-beach-boys","Retrieved or indexed 2026-10-08: God Only Knows; Carl Wilson lead; Brian Wilson collaborator Tony Asher.","2026-10-08"
"old_school_music_v2_033","easy200","song:seenrain:performer",,"أي فرقة تُختصر إلى سي سي آر غنّت «هاف يو إيفر سين ذا رين»؟","Which band abbreviated CCR sings Have You Ever Seen The Rain?","كريدنس كليرووتر ريفايفل","Creedence Clearwater Revival","Craft Recordings — Pendulum","https://craftrecordings.com/products/pendulum-brown-lp","Retrieved or indexed 2026-10-08: CCR Have You Ever Seen The Rain on Pendulum.","2026-10-08"
"old_school_music_v2_034","easy200","song:blackmagic:santanaversion",,"أي فرقة روك اشتهرت بتسجيل «بلاك ماجيك وومان» عام 1970؟","Which rock band is known for the 1970 Black Magic Woman recording?","سانتانا","Santana","Santana official — Abraxas","https://santana.com/discography/abraxas/","Retrieved or indexed 2026-10-08: Black Magic Woman / Gypsy Queen by Santana on Abraxas.","2026-10-08"
"old_school_music_v2_035","easy200","song:oulou:singer",,"من صاحب التسجيل الكلاسيكي الشهير لأغنية «قولوا لعين الشمس»؟","Who performs the famous classic recording of Oulou Lain El Shams?","شادية","Shadia","Arabic Music Library — published score","https://arabicmusiclibrary.com/ar/product/oulou-lain-el-shams/","Retrieved or indexed 2026-10-08: Shadia; music Baligh Hamdi; lyrics Magdy Naguib.","2026-10-08"
"old_school_music_v2_036","easy200","song:sakan:singer",,"من صاحب التسجيل الكلاسيكي الشهير لأغنية «سكن الليل»؟","Who performs the famous classic recording of Sakan Al Lail?","فيروز","Fairuz","Arabic Music Library — published score","https://arabicmusiclibrary.com/ar/product/sakan-al-lail/","Retrieved or indexed 2026-10-08: Fairuz; music Mohammed Abdel Wahab; words Gibran Khalil Gibran.","2026-10-08"
"old_school_music_v2_037","easy200","song:helwamorra:singer",,"من صاحب التسجيل الكلاسيكي الشهير لأغنية «عالحلوة والمرة»؟","Who performs the famous classic recording of Ala El Helwa Wel Morra?","عبد الغني السيد","Abdel Ghani El Sayed","Al Jazeera Documentary — production synopsis","https://contentsales.aljazeera.net/ar/%D8%AD%D9%83%D8%A7%D9%8A%D8%A9-%D8%A3%D8%BA%D9%86%D9%8A%D8%A9-%E2%80%93-%D8%B9%D8%A7%D9%84%D8%AD%D9%84%D9%88%D8%A9-%D9%88%D8%A7%D9%84%D9%85%D8%B1%D8%A9","Retrieved or indexed 2026-10-08: Abdel Ghani El Sayed; music Mahmoud El Sherif; lyrics Sayed Morsi.","2026-10-08"
"old_school_music_v2_038","easy200","song:rahela:singer",,"من صاحب التسجيل الكلاسيكي الشهير لأغنية «راحلة»؟","Who performs the famous classic recording of Rahila?","محمد الحياني","Mohammed El Hayani","Al Jazeera Documentary — song history","https://www.aljazeera.net/amp/arts/2022/9/25/%D8%B1%D8%A7%D8%AD%D9%84%D8%A9-%D8%AF%D8%B1%D9%91%D8%A9-%D8%A7%D9%84%D8%A3%D8%BA%D9%86%D9%8A%D8%A9-%D8%A7%D9%84%D9%81%D8%B5%D9%8A%D8%AD%D8%A9-%D9%81%D9%8A-%D8%A7%D9%84%D9%85%D8%BA%D8%B1%D8%A8","Retrieved or indexed 2026-10-08: Mohammed El Hayani performs Rahila; music Abdessalam Amer; words Abderrafi Jawahiri.","2026-10-08"
"old_school_music_v2_039","easy200","song:qamar:singer",,"من صاحب التسجيل الكلاسيكي الشهير لأغنية «القمر الأحمر»؟","Who performs the famous classic recording of Al Qamar Al Ahmar?","عبد الهادي بلخياط","Abdelhadi Belkhayat","Al Jazeera — Jawahiri profile","https://www.aljazeera.net/encyclopedia/2015/8/13/%D8%B9%D8%A8%D8%AF-%D8%A7%D9%84%D8%B1%D9%81%D9%8A%D8%B9-%D8%A7%D9%84%D8%AC%D9%88%D8%A7%D9%87%D8%B1%D9%8A","Retrieved or indexed 2026-10-08: Al Qamar Al Ahmar performed Abdelhadi Belkhayat; composer Abdessalam Amer; poet Abderrafi Jawahiri.","2026-10-08"
"old_school_music_v2_040","easy200","song:adawiyaclassic:singer",,"من صاحب التسجيل الكلاسيكي الشهير لأغنية «عدوية»؟","Who performs the famous classic recording of Adawiya?","محمد رشدي","Mohammed Rushdi","Al Jazeera Documentary — production synopsis","https://contentsales.aljazeera.net/ar/%D8%AD%D9%83%D8%A7%D9%8A%D8%A9-%D8%A3%D8%BA%D9%86%D9%8A%D8%A9-%D8%B9%D8%AF%D9%88%D9%8A%D8%A9","Retrieved or indexed 2026-10-08: Mohammed Rushdi Adawiya; music Baligh Hamdi; lyrics Abdel Rahman El Abnoudi.","2026-10-08"
"old_school_music_v2_041","easy200","song:asalsabah:singer",,"من صاحب التسجيل الكلاسيكي الشهير لأغنية «زي العسل»؟","Who performs the famous classic recording of Zi El Asal?","صباح","Sabah","Bahrain Authority for Culture — journal 114","https://eservices.culture.gov.bh/bacaflipbook/prdflipbooks/pdf/8565d0a4-b9c4-475d-804a-b55769e1aef7/Thaqafya%20114%20jan%202024%20.pdf","Retrieved or indexed 2026-10-08: Zi El Asal; Sabah; Baligh Hamdi composer; Mohammed Hamza lyricist.","2026-10-08"
"old_school_music_v2_042","easy200","song:daret:singer",,"من غنّى «دارت الأيام» في تسجيلها الكلاسيكي المعروف؟","Who sings the well-known classic recording of Daret El Ayyam?","أم كلثوم","Umm Kulthum","Al Ahram — Daret El Ayyam credits","https://gate.ahram.org.eg/daily/NewsPrint/593723.aspx","Retrieved or indexed 2026-10-08: Umm Kulthum; Mohammed Abdel Wahab music; Maamoun El Shennawy words.","2026-10-08"
"old_school_music_v2_043","easy200","song:fat:singer",,"من غنّى «فات الميعاد» في تسجيلها الكلاسيكي المعروف؟","Who sings the well-known classic recording of Fat El Mead?","أم كلثوم","Umm Kulthum","Al Ahram — original Fat El Mead credits","https://gate.ahram.org.eg/News/5189623.aspx","Retrieved or indexed 2026-10-08: Umm Kulthum; Baligh Hamdi music; Morsi Gamil Aziz words.","2026-10-08"
"old_school_music_v2_044","easy200","song:nbtdi:singer",,"من غنّى «نبتدي منين الحكاية» في تسجيلها الكلاسيكي المعروف؟","Who sings the well-known classic recording of Nebtedi Menein El Hekaya?","عبد الحليم حافظ","Abdel Halim Hafez","Al Ahram — Mohammed Hamza profile","https://gate.ahram.org.eg/News/506083.aspx","Retrieved or indexed 2026-10-08: Nebtedi Menein El Hekaya sung Abdel Halim Hafez; words Mohammed Hamza.","2026-10-08"
"old_school_music_v2_045","easy200","song:zayhawa:singer",,"من غنّى «زي الهوا» في تسجيلها الكلاسيكي المعروف؟","Who sings the well-known classic recording of Zay El Hawa?","عبد الحليم حافظ","Abdel Halim Hafez","Al Ahram — Abdel Halim repertoire","https://gate.ahram.org.eg/News/85041.aspx","Retrieved or indexed 2026-10-08: Zay El Hawa by Abdel Halim; composer Baligh; lyricist Mohammed Hamza corroborated Hamza profile.","2026-10-08"
"old_school_music_v2_046","easy200","song:hayati:singer",,"من غنّى «وحياتي عندك» في تسجيلها الكلاسيكي المعروف؟","Who sings the well-known classic recording of We Hayati Andak?","ذكرى","Zekra","Billboard Arabia — Zekra song history","https://www.billboardarabia.com/%D9%85%D9%88%D8%B3%D9%8A%D9%82%D9%89/%D9%85%D8%B5%D8%B1%D9%8A/%D8%A3%D8%BA%D9%86%D9%8A%D8%A9-%D9%88%D8%AD%D9%83%D8%A7%D9%8A%D8%A9-%D9%88%D8%AD%D9%8A%D8%A7%D8%AA%D9%8A-%D8%B9%D9%86%D8%AF%D9%83-%D8%A7%D9%84%D8%AA%D9%8A-%D8%B5%D9%86%D8%B9%D8%AA-%D9%85%D8%B3%D9%8A%D8%B1%D8%A9-%D8%B0%D9%83%D8%B1%D9%89-5293","Retrieved or indexed 2026-10-08: Zekra We Hayati Andak; Salah El Sharnouby music; Walid Raziqa words.","2026-10-08"
"old_school_music_v2_047","easy200","song:marina:singer",,"من غنّى «مرينا بيكم حمد» في تسجيلها الكلاسيكي المعروف؟","Who sings the well-known classic recording of Marina Bikom Hamad?","ياس خضر","Yas Khudr","Arab Music Academy — Yas Khudr repertoire","https://www.arabmusicmagazine.com/item/1497-2023-10-01-09-20-04","Retrieved or indexed 2026-10-08: Table credits: Marina Bikom Hamad music Mohammed Jawad Amouri/words Muzaffar Al Nawab; Han Wana Han music Talib Al Qarah Ghouli/words Muzaffar; Al Makir music Kamal Al Sayed/words Zamil Saeed Fattah.","2026-10-08"
"old_school_music_v2_048","easy200","song:hanwana:singer",,"من غنّى «حن وآنا حن» في تسجيلها الكلاسيكي المعروف؟","Who sings the well-known classic recording of Han Wana Han?","ياس خضر","Yas Khudr","Arab Music Academy — Yas Khudr repertoire","https://www.arabmusicmagazine.com/item/1497-2023-10-01-09-20-04","Retrieved or indexed 2026-10-08: Table credits: Marina Bikom Hamad music Mohammed Jawad Amouri/words Muzaffar Al Nawab; Han Wana Han music Talib Al Qarah Ghouli/words Muzaffar; Al Makir music Kamal Al Sayed/words Zamil Saeed Fattah.","2026-10-08"
"old_school_music_v2_049","easy200","song:makir:singer",,"من غنّى «المكير» في تسجيلها الكلاسيكي المعروف؟","Who sings the well-known classic recording of Al Makir?","ياس خضر","Yas Khudr","Arab Music Academy — Yas Khudr repertoire","https://www.arabmusicmagazine.com/item/1497-2023-10-01-09-20-04","Retrieved or indexed 2026-10-08: Table credits: Marina Bikom Hamad music Mohammed Jawad Amouri/words Muzaffar Al Nawab; Han Wana Han music Talib Al Qarah Ghouli/words Muzaffar; Al Makir music Kamal Al Sayed/words Zamil Saeed Fattah.","2026-10-08"
"old_school_music_v2_050","easy200","song:zahab:singer",,"من المطرب الذي غنّى للأطفال «ذهب الليل» في تسجيلها السينمائي الأصلي؟","Who sings the original film recording of the children’s song Zahab El Leil?","محمد فوزي","Mohammed Fawzi","Al Ahram — original film song","https://gate.ahram.org.eg/News/2531800.aspx","Retrieved or indexed 2026-10-08: Mohammed Fawzi Zahab El Leil in Moageza Men El Samaa; lyricist Hussein El Sayed.","2026-10-08"
"old_school_music_v2_051","easy200","song:flymoon:sinatra",,"من المغنّي الأمريكي صاحب التسجيل الكلاسيكي لـ«فلاي مي تو ذا مون» مع أوركسترا كاونت بيسي؟","Which American singer made the classic Fly Me To The Moon recording with Count Basie’s orchestra?","فرانك سيناترا","Frank Sinatra","Frank Sinatra Enterprises — classic collaborations","https://www.sinatra.com/ume-release-new-frank-sinatra-double-vinyl-set-the-giants-of-jazz/","Retrieved or indexed 2026-10-08: Sinatra recording Fly Me To The Moon.","2026-10-08"
"old_school_music_v2_052","easy200","song:unforgettable:father",,"أي مغنٍّ شارك ابنته ناتالي في دويتو «أنفورغيتابل» باستخدام تسجيل صوته القديم؟","Which singer’s earlier vocal recording was used for the Unforgettable duet with his daughter Natalie?","نات كينغ كول","Nat King Cole","Natalie Cole official — Unforgettable With Love","https://www.officialnataliecole.com/discography/unforgettable-with-love","Retrieved or indexed 2026-10-08: Unforgettable duet with Nat King Cole; album Unforgettable With Love.","2026-10-08"
"old_school_music_v2_053","easy200","song:amore:performer",,"من المغنّي صاحب تسجيل «ذاتس أموري» الكلاسيكي؟","Who sings the classic recording of That’s Amore?","دين مارتن","Dean Martin","Apple Shazam — recording metadata","https://www.shazam.com/song/1743344201/thats-amore","Retrieved or indexed 2026-10-08: Thats Amore performer Dean Martin.","2026-10-08"
"old_school_music_v2_054","easy200","song:mackknife:ellaberlin",,"أي مغنّية جاز قدّمت التسجيل الحي الشهير لـ«ماك ذا نايف» عام 1960؟","Which jazz singer made the famous 1960 live recording of Mack The Knife?","إيلا فيتزجيرالد","Ella Fitzgerald","Ella Fitzgerald official — Berlin live album","https://www.ellafitzgerald.com/releases-archive/complete-ella-berlin-mack-knife-live/","Retrieved or indexed 2026-10-08: Mack The Knife by Ella; live album Ella In Berlin.","2026-10-08"
"old_school_music_v2_055","easy200","song:hellodolly:louis",,"أي عازف ترومبيت ومغنّي جاز اشتهر بتسجيل «هالو دولي»؟","Which jazz trumpeter and singer is famous for recording Hello, Dolly!?","لويس أرمسترونغ","Louis Armstrong","Recording Academy — Louis Armstrong","https://www.grammy.com/artists/louis-armstrong/452/","Retrieved or indexed 2026-10-08: Louis Armstrong Hello Dolly; 1965 male vocal Grammy.","2026-10-08"
"old_school_music_v2_056","easy200","song:volare:originalperformer",,"من المغنّي الإيطالي صاحب التسجيل الأصلي لـ«فولاري»؟","Which Italian singer made the original Volare recording?","دومينيكو مودونيو","Domenico Modugno","Domenico Modugno official — historical news","https://www.domenicomodugno.it/sito/pagine/news.php?anno=2008","Retrieved or indexed 2026-10-08: Nel Blu Dipinto Di Blu also Volare; Domenico Modugno; Franco Migliacci coauthor.","2026-10-08"
"old_school_music_v2_057","easy200","song:allgirls:spanishsinger",,"أي مغنٍّ إسباني شارك في دويتو «تو أول ذا غيرلز آيف لَفْد بيفور» عام 1984؟","Which Spanish singer appears on the 1984 duet To All The Girls I’ve Loved Before?","خوليو إغليسياس","Julio Iglesias","Julio Iglesias official — 1984 recording","https://www.julioiglesias.com/pagina.php?article=102148&cs_id_contenido=57&cs_id_pagina=9&interview=97919&year_article=2013","Retrieved or indexed 2026-10-08: To All The Girls Ive Loved Before Julio Iglesias and Willie Nelson.","2026-10-08"
"old_school_music_v2_058","easy200","song:regretterien:singer",,"أي مغنّية فرنسية اشتهرت بـ«نون، جو نو روغريت ريان»؟","Which French singer is famous for Non, Je Ne Regrette Rien?","إديث بياف","Edith Piaf","BNF — recorded edition","https://catalogue.bnf.fr/changerPage.do?afficheRegroup=false&critereRecherche=&index=AUT3&listeAffinages=&motRecherche=&nbResultParPage=100&numNotice=13898453&pageEnCours=1&pageRech=rsi&triResultParPage=0&trouveDansFiltre=NoticePUB&trouverDansActif=false&typeNotice=","Retrieved or indexed 2026-10-08: Non Je Ne Regrette Rien Edith Piaf vocal.","2026-10-08"
"old_school_music_v2_059","easy200","song:prettywoman:performer",,"من المغنّي صاحب التسجيل الأصلي لـ«أوه، بريتي وومان»؟","Who sings the original recording of Oh, Pretty Woman?","روي أوربيسون","Roy Orbison","Roy Orbison estate — original recording","https://royorbison.com/roy-orbison-bill-dees-1964/","Retrieved or indexed 2026-10-08: Oh Pretty Woman Roy Orbison; coauthor Bill Dees; original single Monument 851.","2026-10-08"
"old_school_music_v2_060","easy200","song:yasmine:singer",,"من الفنان التونسي صاحب التسجيل الشهير لـ«تحت الياسمينة في الليل»؟","Which Tunisian artist made the famous recording of Taht El Yasmine Fil Leil?","الهادي الجويني","Hedi Jouini","Tunisian National Sound Archive — record catalogue","https://www.musika.tn/PNT/detailstatic.aspx?RSC_BASE=SYRACUSE&RSC_DOCID=220&TITLE=%D8%AA%D8%AD%D8%AA-%D8%A7%D9%84%D9%8A%D8%A7%D8%B3%D9%85%D9%8A%D9%86%D8%A9-%D8%A7%D9%84%D9%87%D8%A7%D8%AF%D9%8A-%D8%A7%D9%84%D8%AC%D9%88%D9%8A%D9%86%D9%8Ataht-al-yasmina-fi-al-lil-hedi-jouini&_lg=ar-TN","Retrieved or indexed 2026-10-08: Hedi Jouini recording Taht El Yasmine Fil Leil.","2026-10-08"
"old_school_music_v2_061","easy200","song:tairmohajer:singer",,"من المطرب السوداني الشهير بأغنية «الطير المهاجر»؟","Which Sudanese singer is famous for Al Tair Al Mohajer?","محمد وردي","Mohammed Wardi","Arab Music Academy — Wardi profile","https://www.arabmusicmagazine.com/item/1291-2022-03-30-08-19-49","Retrieved or indexed 2026-10-08: Mohammed Wardi performs Al Tair Al Mohajer; tambur playing; born Sai island.","2026-10-08"
"old_school_music_v2_062","easy200","song:jarida:singer",,"من المطرب السوداني صاحب أغنية «الجريدة»؟","Which Sudanese singer performs Al Jarida?","محمد الأمين","Mohammed Al Amin","Mohammed Al Amin official artist release","https://www.youtube.com/watch?v=IoZzw6uypgQ","Retrieved or indexed 2026-10-08: Al Jarida sung Mohammed Al Amin; later digital upload date not original song date.","2026-10-08"
"old_school_music_v2_063","easy200","song:najahnational:singer",,"من صاحب التسجيل الكلاسيكي لأغنية «يا أغلى اسم في الوجود»؟","Who sings the classic recording of Ya Aghla Ism Fil Wujud?","نجاح سلام","Najah Salam","Al Ahram — first-person Najah Salam interview","https://gate.ahram.org.eg/daily/news/131724/12/453780/%D9%85%D9%84%D9%81%D8%A7%D8%AA-%D8%A7%D9%84%D8%A7%D9%87%D8%B1%D8%A7%D9%85/%D9%86%D8%AC%D8%A7%D8%AD-%D8%B3%D9%84%D8%A7%D9%85-%D8%A7%D9%84%D9%81%D9%86-%D8%B9%D9%84%D9%85-%D9%88%D8%A7%D9%84%D9%81%D9%86%D8%A7%D9%86-%D8%A7%D9%84%D9%85%D8%AB%D9%82%D9%81-%D9%8A%D8%B1%D8%AA%D9%82%D9%89-%D8%A8%D8%B0%D9%88%D9%82-%D8%A7%D9%84%D8%AC%D9%85%D9%87.aspx","Retrieved or indexed 2026-10-08: Ya Aghla Ism Fil Wujud sung Najah; composed Mohammed El Mougi; words Ismail El Habrouk.","2026-10-08"
"old_school_music_v2_064","easy200","song:najma:singer",,"من صاحب التسجيل الكلاسيكي لأغنية «يا نجمة»؟","Who sings the classic recording of Ya Najma?","حسين نعمة","Hussein Nema","Arab Music Academy — Kawkab Hamza obituary","https://www.arabmusicmagazine.org/item/1579-80","Retrieved or indexed 2026-10-08: Ya Najma sung Hussein Nema; music Kawkab Hamza; words Kadhim Al Rikabi.","2026-10-08"
"old_school_music_v2_065","easy200","song:tyour:singer",,"من صاحب التسجيل الكلاسيكي لأغنية «يا طيور الطايرة»؟","Who sings the classic recording of Ya Tiyour El Tayra?","سعدون جابر","Saadoun Jaber","Al Jazeera Documentary — Kawkab song history","https://www.aljazeera.net/arts/2021/7/4/%D9%83%D9%88%D9%83%D8%A8-%D8%A7%D8%A8%D9%86-%D8%A8%D8%A7%D8%A8%D9%84-%D8%A3%D9%84%D8%AD%D8%A7%D9%86-%D9%85%D8%AD%D8%B1%D8%B1-%D8%A7%D9%84%D8%A3%D8%BA%D9%86%D9%8A%D8%A9-%D8%A7%D9%84%D8%B9%D8%B1","Retrieved or indexed 2026-10-08: Ya Tiyour El Tayra sung Saadoun Jaber; composer Kawkab Hamza; writer Zuhair Al Dujaili.","2026-10-08"
"old_school_music_v2_066","easy200","song:saqayeen:singer",,"من صاحب التسجيل الكلاسيكي لأغنية «حارة السقايين»؟","Who sings the classic recording of Haret El Saqayeen?","شريفة فاضل","Sharifa Fadel","Al Ahram — original Sharifa Fadel credits","https://gate.ahram.org.eg/News/4166626.aspx","Retrieved or indexed 2026-10-08: Haret El Saqayeen Sharifa Fadel; music Mounir Mourad; words Hussein El Sayed.","2026-10-08"
"old_school_music_v2_067","easy200","song:habbaytak:singer",,"من المطربة اللبنانية صاحبة «حبيتك بالصيف»؟","Which Lebanese singer performs Habbaytak Bessayf?","فيروز","Fairuz","Al Araby TV — Fairuz song adaptation","https://www.alaraby.com/news/%D8%AD%D8%A8%D9%8A%D8%AA%D9%83-%D8%A8%D8%A7%D9%84%D8%B5%D9%8A%D9%81%D8%8C-%D8%AD%D8%A8%D9%8A%D8%AA%D9%83-%D8%A8%D8%A7%D9%84%D8%B4%D8%AA%D9%8A-%D9%82%D8%B5%D8%A9-%D9%88%D8%A7%D8%AD%D8%AF%D8%A9-%D9%85%D9%86-%D8%A3%D8%AC%D9%84-%D8%A3%D8%BA%D8%A7%D9%86%D9%8A-%D9%81%D9%8A%D8%B1%D9%88%D8%B2","Retrieved or indexed 2026-10-08: Habbaytak Bessayf Fairuz; Rahbani music; French adaptation singer Jean Francois Michael. No disputed stage premiere question used.","2026-10-08"
"old_school_music_v2_068","easy200","song:mesafer:originalsinger",,"من غنّى «يا مسافر وحدك» في تسجيلها السينمائي الأصلي؟","Who sings the original film recording of Ya Mesafer Wahdak?","محمد عبد الوهاب","Mohammed Abdel Wahab","Youm7 — Abdel Wahab archived first-person interview","https://www.youm7.com/story/2017/9/20/%D8%A8%D8%A7%D9%84%D9%81%D9%8A%D8%AF%D9%8A%D9%88-%D9%85%D8%AD%D9%85%D8%AF-%D8%B9%D8%A8%D8%AF-%D8%A7%D9%84%D9%88%D9%87%D8%A7%D8%A8-%D8%A3%D8%BA%D9%86%D9%8A%D8%A9-%D9%8A%D8%A7-%D9%85%D8%B3%D8%A7%D9%81%D8%B1-%D9%88%D8%AD%D8%AF%D9%83-%D8%A3%D8%B1%D9%87%D9%82%D8%AA%D9%86%D9%89-%D9%84%D9%87%D8%B0%D9%87/3420417","Retrieved or indexed 2026-10-08: Ya Mesafer Wahdak Mohammed Abdel Wahab; film Mamnou El Hob; words Hussein El Sayed.","2026-10-08"
"old_school_music_v2_069","medium400","song:ayazon:composer",,"من لحّن قصيدة «أيظن» لنجاة الصغيرة؟","Who composed Ayazon for Najat Al Saghira?","محمد عبد الوهاب","Mohammed Abdel Wahab","Al-Ahram — Najat and Nizar Qabbani","https://gate.ahram.org.eg/News/4266614.aspx","Retrieved or indexed 2026-10-08: Ayazon by Najat Al Saghira; music Mohammed Abdel Wahab; poem Nizar Qabbani.","2026-10-08"
"old_school_music_v2_070","medium400","song:saatsaat:composer",,"من لحّن «ساعات ساعات» لصباح؟","Who composed Sabah's Saat Saat?","جمال سلامة","Gamal Salama","An-Nahar — Sabah Saat Saat","https://www.annahar.com/arabic/culture/28032023035214375/%D8%A7%D9%84%D8%B5%D8%A8%D9%88%D8%AD%D8%A9-%D9%84%D9%85%D8%A7%D8%B0%D8%A7-%D8%A3%D8%A8%D9%83%D8%AA%D9%87%D8%A7-%D8%A3%D8%BA%D9%86%D9%8A%D8%A9-%D8%B3%D8%A7%D8%B9%D8%A7%D8%AA-%D8%B3%D8%A7%D8%B9%D8%A7%D8%AA","Retrieved or indexed 2026-10-08: Sabah Saat Saat; music Gamal Salama; lyrics Abdel Rahman El Abnoudi.","2026-10-08"
"old_school_music_v2_071","medium400","song:akdebaleik:composer",,"من لحّن أغنية وردة «أكدب عليك»؟","Who composed Warda's Akdeb Aleik?","محمد الموجي","Mohammed El Mougi","Youm7 — Mohammed El Mougi works","https://www.youm7.com/story/2026/3/4/%D9%85%D8%AD%D9%85%D8%AF-%D8%A7%D9%84%D9%85%D9%88%D8%AC%D9%8A-%D9%81%D9%8A-%D8%B0%D9%83%D8%B1%D9%89-%D9%85%D9%8A%D9%84%D8%A7%D8%AF%D9%87-%D8%B9%D8%A8%D9%82%D8%B1%D9%8A-%D8%A7%D9%84%D8%A3%D9%84%D8%AD%D8%A7%D9%86-%D8%A7%D9%84%D8%B0%D9%8A-%D8%AA%D8%B1%D9%83-%D8%A3%D8%B1%D8%AB%D8%A7/7325880","Retrieved or indexed 2026-10-08: Akdeb Aleik by Warda; music Mohammed El Mougi.","2026-10-08"
"old_school_music_v2_072","medium400","song:eltaer:composer",,"من لحّن «الطير المسافر» لنجاة الصغيرة؟","Who composed El Tair El Mosafer for Najat Al Saghira?","بليغ حمدي","Baligh Hamdi","Al-Ahram — El Tair El Mosafer","https://gate.ahram.org.eg/daily/NewsPrint/910024.aspx","Retrieved or indexed 2026-10-08: Najat El Tair El Mosafer; music Baligh Hamdi; words Mohammed Hamza. No contradictory release year asked.","2026-10-08"
"old_school_music_v2_073","medium400","song:layalion:composer",,"من لحّن «ليالي الأنس في فيينا» لأسمهان؟","Who composed Asmahan's Layali El Ons Fi Vienna?","فريد الأطرش","Farid Al Atrash","Arabic Music Library published score — Layali El Ons Fi Vienna","https://arabicmusiclibrary.com/ar/product/%D9%84%D9%8A%D8%A7%D9%84%D9%8A-%D8%A7%D9%84%D8%A3%D9%86%D8%B3-%D9%81%D9%8A-%D9%81%D9%8A%D9%8A%D9%86%D8%A7/","Retrieved or indexed 2026-10-08: Asmahan; composer Farid Al Atrash; lyricist Ahmed Rami.","2026-10-08"
"old_school_music_v2_074","medium400","song:hawasultan:composer",,"من لحّن «الهوى سلطان» لجورج وسوف؟","Who composed George Wassouf's El Hawa Sultan?","جورج يزبك","Georges Yazbek","Arabic Music Library published score — El Hawa Sultan","https://arabicmusiclibrary.com/ar/product/el-hawa-sultan/","Retrieved or indexed 2026-10-08: George Wassouf; composer Georges Yazbek; lyricist Badi Yazbek.","2026-10-08"
"old_school_music_v2_075","medium400","song:alaremesh:composer",,"من لحّن «على رمش عيونها» لوديع الصافي؟","Who composed Ala Remsh Ouyounha for Wadih El Safi?","بليغ حمدي","Baligh Hamdi","Arabic Music Library published score — Ala Remsh Ouyounha","https://arabicmusiclibrary.com/ar/product/%D8%B9%D9%84%D9%89-%D8%B1%D9%85%D8%B4-%D8%B9%D9%8A%D9%88%D9%86%D9%87%D8%A7/","Retrieved or indexed 2026-10-08: Wadih El Safi; composer Baligh Hamdi; lyricist Hussein El Sayed.","2026-10-08"
"old_school_music_v2_076","medium400","song:modnak:poet",,"من الشاعر صاحب قصيدة «مضناك جفاه مرقده»؟","Who wrote the poem Modnak Jafahu Marqaduhu?","أحمد شوقي","Ahmed Shawqi","Arabic Music Library published score — Modnak","https://arabicmusiclibrary.com/product/modnak-jafahu-marqaduhu/","Retrieved or indexed 2026-10-08: Mohammed Abdel Wahab performer and composer; poem Ahmed Shawqi; maqam Hijaz.","2026-10-08"
"old_school_music_v2_077","medium400","song:haramt:composer",,"من لحّن «حرمت أحبك» لوردة؟","Who composed Warda's Haramt Ahebak?","صلاح الشرنوبي","Salah El Sharnouby","Apple Shazam — original Warda release credits","https://www.shazam.com/song/770101904/haramt-ahebak","Retrieved or indexed 2026-10-08: Warda; music Salah El Sharnouby; lyrics Omar Batisha. Cross-checked published educational score and lyricists first-person Al Ahram interview; erroneous 2011 concert report credit rejected.","2026-10-08"
"old_school_music_v2_078","medium400","song:libeirout:poet",,"من كتب كلمات «لبيروت» التي غنّتها فيروز؟","Who wrote the words of Li Beirut performed by Fairuz?","جوزيف حرب","Joseph Harb","Alaraby TV — songs celebrating cities","https://www.alaraby.com/news/%D9%85%D9%86-%D8%B2%D9%87%D8%B1%D8%A9-%D8%A7%D9%84%D9%85%D8%AF%D8%A7%D8%A6%D9%86-%D8%A5%D9%84%D9%89-%D9%8A%D8%A7-%D9%85%D8%A7%D9%84-%D8%A7%D9%84%D8%B4%D8%A7%D9%85-20-%D8%A3%D8%BA%D9%86%D9%8A%D8%A9-%D8%AE%D9%84%D8%AF%D8%AA-%D8%A7%D9%84%D9%85%D8%AF%D9%86-%D8%A7%D9%84%D8%B9%D8%B1%D8%A8%D9%8A%D8%A9","Retrieved or indexed 2026-10-08: Li Beirut by Fairuz; poem Joseph Harb; original melody Joaquin Rodrigo, arrangement Ziad Rahbani.","2026-10-08"
"old_school_music_v2_079","medium400","song:respect:arethaalbum",,"ما ألبوم أريثا فرانكلين الذي يضم تسجيلها لعام 1967 من «ريسبكت»؟","Which Aretha Franklin album contains her 1967 Respect recording?","آي نيفر لَفد أ مان ذا واي آي لَف يو","I Never Loved A Man The Way I Love You","Recording Academy — Aretha Franklin","https://www.grammy.com/artists/aretha-franklin/11503/","Retrieved or indexed 2026-10-08: Aretha Respect; I Never Loved A Man The Way I Love You; song originally written by Otis Redding.","2026-10-08"
"old_school_music_v2_080","medium400","album:modernsounds:raytitle",,"ما اسم ألبوم راي تشارلز لعام 1962 الذي جمع أغاني الكانتري بإحساسه الموسيقي؟","What is Ray Charles' 1962 country-and-western album called?","مودرن ساوندز إن كانتري آند ويسترن ميوزيك","Modern Sounds In Country And Western Music","Ray Charles Foundation — 1960s","https://raycharles.com/legacy/1960s/","Retrieved or indexed 2026-10-08: Hit The Road Jack by Ray Charles; 1962 country album Modern Sounds in Country and Western Music. Grammy nomination timeline is not treated as ceremony year.","2026-10-08"
"old_school_music_v2_081","medium400","song:superstition:album",,"ما ألبوم ستيفي وندر الذي يضم «سوبرستيشن»؟","Which Stevie Wonder album contains Superstition?","توكينغ بوك","Talking Book","Recording Academy — first Stevie Wonder Grammy","https://www.grammy.com/news/grammy-rewind-stevie-wonder-shares-his-first-grammy-win-his-mom/","Retrieved or indexed 2026-10-08: Superstition from Talking Book; first Grammy presented by Chuck Berry and Little Richard in 1974.","2026-10-08"
"old_school_music_v2_082","medium400","album:whatsgoingon:year",,"في أي سنة صدر ألبوم مارفن غاي «واتس غوينغ أون» الأصلي؟","In which year was Marvin Gaye's original What's Going On album released?","1971","1971","Recording Academy — Whats Going On retrospective","https://www.grammy.com/news/marvin-gaye-whats-going-50th-anniversary-record/","Retrieved or indexed 2026-10-08: Marvin Gaye 1971 album; title-song co-writers Renaldo Benson and Al Cleveland.","2026-10-08"
"old_school_music_v2_083","medium400","award:dockbay:1969songcategory",,"بأي فئة لأفضل أغنية فازت «ذا دوك أوف ذا باي» بغرامي عام 1969؟","In which best-song category did The Dock Of The Bay win a Grammy in 1969?","أفضل أغنية ريذم آند بلوز","Best R&B Song","Recording Academy — Best R&B Song 1969","https://www.grammy.com/awards/categories/best-rb-song/1969/","Retrieved or indexed 2026-10-08: Otis Redding Dock Of The Bay; Best R&B Song 1969; co-writer Steve Cropper.","2026-10-08"
"old_school_music_v2_084","medium400","song:johnnybgoode:spacecraft",,"أي مسبارين حملا «جوني بي غود» على الأسطوانة الذهبية إلى الفضاء؟","Which two probes carried Johnny B. Goode on the Golden Record into space?","فوياجر 1 وفوياجر 2","Voyager 1 and Voyager 2","NASA — Chuck Berry and Carl Sagan","https://science.nasa.gov/resource/chuck-berry-and-carl-sagan/","Retrieved or indexed 2026-10-08: Voyagers 1 and 2 carry Johnny B Goode; Chuck Berry attended Voyager 2 Neptune flyby celebration August 1989.","2026-10-08"
"old_school_music_v2_085","medium400","song:changegonnacome:inspiringsong",,"أي أغنية لبوب ديلان ألهمت سام كوك كتابة «أ تشينج إز غونا كَم»؟","Which Bob Dylan song inspired Sam Cooke's A Change Is Gonna Come?","بلووين إن ذا ويند","Blowin' In The Wind","Recording Academy — March on Washington playlist","https://www.grammy.com/news/let-freedom-ring-with-the-march-on-washington-grammy-playlist/","Retrieved or indexed 2026-10-08: Sam Cooke Change Is Gonna Come responds to Dylan Blowin In The Wind; Grammy Hall of Fame induction 2000.","2026-10-08"
"old_school_music_v2_086","medium400","album:jolene:originalyear",,"في أي سنة صدر ألبوم الاستوديو «جولين» لدولي بارتون؟","In which year was Dolly Parton's Jolene studio album released?","1974","1974","Dolly Parton official — Jolene album","https://www.dollyparton.com/album/jolene","Retrieved or indexed 2026-10-08: Jolene by Dolly Parton; original studio album February 1974.","2026-10-08"
"old_school_music_v2_087","medium400","song:ringfire:cowriterjune",,"أي مغنّية من عائلة كارتر شاركت كتابة «رينغ أوف فاير»؟","Which singer from the Carter family co-wrote Ring Of Fire?","جون كارتر","June Carter","Johnny Cash official — Ring of Fire","https://www.johnnycash.com/track/ring-of-fire-mono/","Retrieved or indexed 2026-10-08: Johnny Cash; writers June Carter and Merle Kilgore.","2026-10-08"
"old_school_music_v2_088","medium400","song:crazy:writer",,"من كتب «كريزي» التي اشتهرت بصوت باتسي كلاين؟","Who wrote Crazy, made famous by Patsy Cline?","ويلي نيلسون","Willie Nelson","Country Music Hall of Fame — Patsy Cline","https://countrymusichalloffame.org/hall-of-fame/patsy-cline","Retrieved or indexed 2026-10-08: Patsy Cline Crazy written by Willie Nelson; career producer Owen Bradley.","2026-10-08"
"old_school_music_v2_089","medium400","artist:benking:formerband",,"مع أي فرقة غنّى بن إي كينغ قبل نجاحاته منفردًا؟","With which group did Ben E. King sing before his solo successes?","ذا دريفترز","The Drifters","Songwriters Hall of Fame — Ben E King","https://www.songhall.org/profiles/ben-e-king","Retrieved or indexed 2026-10-08: Ben E King previously lead singer of The Drifters.","2026-10-08"
"old_school_music_v2_090","medium400","song:unchained:1990film",,"أي فيلم لعام 1990 أعاد تسجيل رايتشَس براذرز «أنتشيند ميلودي» إلى الشهرة؟","Which 1990 film revived the popularity of the Righteous Brothers Unchained Melody recording?","غوست","Ghost","Songwriters Hall of Fame — Unchained Melody","https://www.songhall.org/profiles/unchained-melody","Retrieved or indexed 2026-10-08: Righteous Brothers; film Ghost 1990; music Alex North, words Hy Zaret.","2026-10-08"
"old_school_music_v2_091","medium400","song:soundofsilence:firstalbum",,"في أي ألبوم صدرت النسخة الصوتية الأصلية من «ذا ساوند أوف سايلنس»؟","On which album was the original acoustic The Sound Of Silence released?","وِنزداي مورنينغ، ثري إيه إم","Wednesday Morning, 3 A.M.","Simon and Garfunkel official biography","https://www.simonandgarfunkel.com/biography/","Retrieved or indexed 2026-10-08: Original acoustic Sound of Silence on Wednesday Morning 3 AM; producer Tom Wilson added electric overdubs.","2026-10-08"
"old_school_music_v2_092","medium400","song:stayinalive:originalfilm",,"لأي فيلم ظهرت «ستايِن ألايف» في الموسيقى التصويرية الأصلية؟","For which film was Stayin' Alive included on the original soundtrack?","ساترداي نايت فيفر","Saturday Night Fever","Bee Gees official — Saturday Night Fever","https://www.beegees.com/releases-archive/saturday-night-fever/","Retrieved or indexed 2026-10-08: Stayin Alive by Bee Gees; film Saturday Night Fever 1977.","2026-10-08"
"old_school_music_v2_093","medium400","song:rasputin:album",,"ما ألبوم بوني إم الذي يضم «راسبوتين»؟","Which Boney M. album contains Rasputin?","نايت فلايت تو فينوس","Nightflight To Venus","Apple Music — Nightflight to Venus","https://music.apple.com/us/album/nightflight-to-venus-2007-remastered-version/250727571","Retrieved or indexed 2026-10-08: Boney M; Rasputin on Nightflight to Venus; original release 1978 not 2007 remaster.","2026-10-08"
"old_school_music_v2_094","medium400","artist:eurythmics:leadvocalist",,"من المغنّية الرئيسية في ثنائي يوريثميكس؟","Who is the lead singer of Eurythmics?","آني لينوكس","Annie Lennox","Eurythmics official site","https://www.eurythmics.com/","Retrieved or indexed 2026-10-08: Sweet Dreams performed by duo Eurythmics; vocalist Annie Lennox.","2026-10-08"
"old_school_music_v2_095","medium400","artist:animals:leadsinger",,"من المغنّي الرئيسي لفرقة ذي أنيمالز في تسجيل «هاوس أوف ذا رايزينغ سان»؟","Who is the Animals lead singer on House Of The Rising Sun?","إريك بوردون","Eric Burdon","Recording Academy — Eric Burdon museum interview","https://qa.grammy.com/news/eric-burdon-visits-the-grammy-museum","Retrieved or indexed 2026-10-08: Animals House of the Rising Sun; frontman Eric Burdon.","2026-10-08"
"old_school_music_v2_096","medium400","song:satisfaction:richardscowriter",,"أي عازف غيتار شارك ميك جاغر كتابة «ساتيسفاكشن»؟","Which guitarist co-wrote Satisfaction with Mick Jagger?","كيث ريتشاردز","Keith Richards","Library of Congress — Satisfaction registry essay","https://www.loc.gov/static/programs/national-recording-preservation-board/documents/Satisfaction.pdf","Retrieved or indexed 2026-10-08: Rolling Stones Satisfaction; Mick Jagger and Keith Richards; Maestro FuzzTone.","2026-10-08"
"old_school_music_v2_097","medium400","artist:doors:leadsinger",,"من كان المغنّي الرئيسي لفرقة ذا دورز في عهدها الكلاسيكي؟","Who was the lead singer of the classic Doors lineup?","جيم موريسون","Jim Morrison","Doors official — band biography","https://thedoors.com/the-band","Retrieved or indexed 2026-10-08: Light My Fire by Doors; singer Jim Morrison.","2026-10-08"
"old_school_music_v2_098","medium400","song:mygeneration:basssoloist",,"من عازف الباس صاحب السولو في تسجيل «ماي جينيريشن» لذا هو؟","Who plays the bass solo on the Who's My Generation?","جون إنتويستل","John Entwistle","Who official — John Entwistle biography","https://www.thewho.com/john-entwistle/","Retrieved or indexed 2026-10-08: John Entwistle bass solo on My Generation. No unverified first-ever-record assertion asked.","2026-10-08"
"old_school_music_v2_099","medium400","song:youreallygotme:guitarist",,"أي شقيق من الأخوين ديفيز عزف ريف الغيتار في «يو ريلي غوت مي»؟","Which Davies brother plays the guitar riff on You Really Got Me?","ديف ديفيز","Dave Davies","Kinks official — You Really Got Me anniversary","https://thekinks.info/news/you-really-got-me-turns-55/","Retrieved or indexed 2026-10-08: Kinks; Dave Davies guitar riff.","2026-10-08"
"old_school_music_v2_100","medium400","song:godonlyknows:leadvocalist",,"أي فرد من عائلة ويلسون غنّى الصوت الرئيسي في «غود أونلي نوز»؟","Which Wilson family member sings lead on God Only Knows?","كارل ويلسون","Carl Wilson","Beach Boys official — Pet Sounds","https://thebeachboys.com/blogs/news/the-beach-boys-on-pet-sounds-the-beach-boys","Retrieved or indexed 2026-10-08: God Only Knows; Carl Wilson lead; Brian Wilson collaborator Tony Asher.","2026-10-08"
"old_school_music_v2_101","medium400","song:seenrain:album",,"ما ألبوم كريدنس كليرووتر ريفايفل الذي يضم «هاف يو إيفر سين ذا رين»؟","Which Creedence Clearwater Revival album contains Have You Ever Seen The Rain?","بِندولَم","Pendulum","Craft Recordings — Pendulum","https://craftrecordings.com/products/pendulum-brown-lp","Retrieved or indexed 2026-10-08: CCR Have You Ever Seen The Rain on Pendulum.","2026-10-08"
"old_school_music_v2_102","medium400","song:blackmagic:santanaalbum",,"ما ألبوم سانتانا الذي يضم «بلاك ماجيك وومان/جيبسي كوين»؟","Which Santana album contains Black Magic Woman/Gypsy Queen?","أبراكساس","Abraxas","Santana official — Abraxas","https://santana.com/discography/abraxas/","Retrieved or indexed 2026-10-08: Black Magic Woman / Gypsy Queen by Santana on Abraxas.","2026-10-08"
"old_school_music_v2_103","medium400","song:oulou:composer",,"من وضع لحن أغنية «قولوا لعين الشمس» في تسجيل شادية؟","Who composed Oulou Lain El Shams as recorded by Shadia?","بليغ حمدي","Baligh Hamdi","Arabic Music Library — published score","https://arabicmusiclibrary.com/ar/product/oulou-lain-el-shams/","Retrieved or indexed 2026-10-08: Shadia; music Baligh Hamdi; lyrics Magdy Naguib.","2026-10-08"
"old_school_music_v2_104","medium400","song:sakan:composer",,"من وضع لحن أغنية «سكن الليل» في تسجيل فيروز؟","Who composed Sakan Al Lail as recorded by Fairuz?","محمد عبد الوهاب","Mohammed Abdel Wahab","Arabic Music Library — published score","https://arabicmusiclibrary.com/ar/product/sakan-al-lail/","Retrieved or indexed 2026-10-08: Fairuz; music Mohammed Abdel Wahab; words Gibran Khalil Gibran.","2026-10-08"
"old_school_music_v2_105","medium400","song:helwamorra:composer",,"من وضع لحن أغنية «عالحلوة والمرة» في تسجيل عبد الغني السيد؟","Who composed Ala El Helwa Wel Morra as recorded by Abdel Ghani El Sayed?","محمود الشريف","Mahmoud El Sherif","Al Jazeera Documentary — production synopsis","https://contentsales.aljazeera.net/ar/%D8%AD%D9%83%D8%A7%D9%8A%D8%A9-%D8%A3%D8%BA%D9%86%D9%8A%D8%A9-%E2%80%93-%D8%B9%D8%A7%D9%84%D8%AD%D9%84%D9%88%D8%A9-%D9%88%D8%A7%D9%84%D9%85%D8%B1%D8%A9","Retrieved or indexed 2026-10-08: Abdel Ghani El Sayed; music Mahmoud El Sherif; lyrics Sayed Morsi.","2026-10-08"
"old_school_music_v2_106","medium400","song:rahela:composer",,"من وضع لحن أغنية «راحلة» في تسجيل محمد الحياني؟","Who composed Rahila as recorded by Mohammed El Hayani?","عبد السلام عامر","Abdessalam Amer","Al Jazeera Documentary — song history","https://www.aljazeera.net/amp/arts/2022/9/25/%D8%B1%D8%A7%D8%AD%D9%84%D8%A9-%D8%AF%D8%B1%D9%91%D8%A9-%D8%A7%D9%84%D8%A3%D8%BA%D9%86%D9%8A%D8%A9-%D8%A7%D9%84%D9%81%D8%B5%D9%8A%D8%AD%D8%A9-%D9%81%D9%8A-%D8%A7%D9%84%D9%85%D8%BA%D8%B1%D8%A8","Retrieved or indexed 2026-10-08: Mohammed El Hayani performs Rahila; music Abdessalam Amer; words Abderrafi Jawahiri.","2026-10-08"
"old_school_music_v2_107","medium400","song:qamar:composer",,"من وضع لحن أغنية «القمر الأحمر» في تسجيل عبد الهادي بلخياط؟","Who composed Al Qamar Al Ahmar as recorded by Abdelhadi Belkhayat?","عبد السلام عامر","Abdessalam Amer","Al Jazeera — Jawahiri profile","https://www.aljazeera.net/encyclopedia/2015/8/13/%D8%B9%D8%A8%D8%AF-%D8%A7%D9%84%D8%B1%D9%81%D9%8A%D8%B9-%D8%A7%D9%84%D8%AC%D9%88%D8%A7%D9%87%D8%B1%D9%8A","Retrieved or indexed 2026-10-08: Al Qamar Al Ahmar performed Abdelhadi Belkhayat; composer Abdessalam Amer; poet Abderrafi Jawahiri.","2026-10-08"
"old_school_music_v2_108","medium400","song:adawiyaclassic:composer",,"من وضع لحن أغنية «عدوية» في تسجيل محمد رشدي؟","Who composed Adawiya as recorded by Mohammed Rushdi?","بليغ حمدي","Baligh Hamdi","Al Jazeera Documentary — production synopsis","https://contentsales.aljazeera.net/ar/%D8%AD%D9%83%D8%A7%D9%8A%D8%A9-%D8%A3%D8%BA%D9%86%D9%8A%D8%A9-%D8%B9%D8%AF%D9%88%D9%8A%D8%A9","Retrieved or indexed 2026-10-08: Mohammed Rushdi Adawiya; music Baligh Hamdi; lyrics Abdel Rahman El Abnoudi.","2026-10-08"
"old_school_music_v2_109","medium400","song:asalsabah:composer",,"من وضع لحن أغنية «زي العسل» في تسجيل صباح؟","Who composed Zi El Asal as recorded by Sabah?","بليغ حمدي","Baligh Hamdi","Bahrain Authority for Culture — journal 114","https://eservices.culture.gov.bh/bacaflipbook/prdflipbooks/pdf/8565d0a4-b9c4-475d-804a-b55769e1aef7/Thaqafya%20114%20jan%202024%20.pdf","Retrieved or indexed 2026-10-08: Zi El Asal; Sabah; Baligh Hamdi composer; Mohammed Hamza lyricist.","2026-10-08"
"old_school_music_v2_110","medium400","song:daret:composer",,"من لحّن «دارت الأيام» التي غنّتها أم كلثوم؟","Who composed Daret El Ayyam, sung by Umm Kulthum?","محمد عبد الوهاب","Mohammed Abdel Wahab","Al Ahram — Daret El Ayyam credits","https://gate.ahram.org.eg/daily/NewsPrint/593723.aspx","Retrieved or indexed 2026-10-08: Umm Kulthum; Mohammed Abdel Wahab music; Maamoun El Shennawy words.","2026-10-08"
"old_school_music_v2_111","medium400","song:fat:composer",,"من لحّن «فات الميعاد» التي غنّتها أم كلثوم؟","Who composed Fat El Mead, sung by Umm Kulthum?","بليغ حمدي","Baligh Hamdi","Al Ahram — original Fat El Mead credits","https://gate.ahram.org.eg/News/5189623.aspx","Retrieved or indexed 2026-10-08: Umm Kulthum; Baligh Hamdi music; Morsi Gamil Aziz words.","2026-10-08"
"old_school_music_v2_112","medium400","song:nbtdi:composer",,"من لحّن «نبتدي منين الحكاية» التي غنّاها عبد الحليم حافظ؟","Who composed Nebtedi Menein El Hekaya, sung by Abdel Halim Hafez?","محمد عبد الوهاب","Mohammed Abdel Wahab","Youm7 — Abdel Wahab compositions","https://www.youm7.com/story/2026/5/4/%D9%81%D9%89-%D8%B0%D9%83%D8%B1%D9%89-%D8%B1%D8%AD%D9%8A%D9%84%D9%87-%D8%A7%D9%83%D8%AA%D8%B4%D9%81-%D8%A3%D9%84%D8%AD%D8%A7%D9%86-%D9%85%D8%AD%D9%85%D8%AF-%D8%B9%D8%A8%D8%AF-%D8%A7%D9%84%D9%88%D9%87%D8%A7%D8%A8-%D9%84%D9%86%D8%AC%D9%88%D9%85-%D8%A7%D9%84%D8%B2%D9%85%D9%86/7400079","Retrieved or indexed 2026-10-08: Abdel Wahab composed Nebtedi Menein El Hekaya for Abdel Halim.","2026-10-08"
"old_school_music_v2_113","medium400","song:zayhawa:composer",,"من لحّن «زي الهوا» التي غنّاها عبد الحليم حافظ؟","Who composed Zay El Hawa, sung by Abdel Halim Hafez?","بليغ حمدي","Baligh Hamdi","Al Ahram — Abdel Halim repertoire","https://gate.ahram.org.eg/News/85041.aspx","Retrieved or indexed 2026-10-08: Zay El Hawa by Abdel Halim; composer Baligh; lyricist Mohammed Hamza corroborated Hamza profile.","2026-10-08"
"old_school_music_v2_114","medium400","song:hayati:composer",,"من لحّن «وحياتي عندك» التي غنّتها ذكرى؟","Who composed We Hayati Andak, sung by Zekra?","صلاح الشرنوبي","Salah El Sharnouby","Billboard Arabia — Zekra song history","https://www.billboardarabia.com/%D9%85%D9%88%D8%B3%D9%8A%D9%82%D9%89/%D9%85%D8%B5%D8%B1%D9%8A/%D8%A3%D8%BA%D9%86%D9%8A%D8%A9-%D9%88%D8%AD%D9%83%D8%A7%D9%8A%D8%A9-%D9%88%D8%AD%D9%8A%D8%A7%D8%AA%D9%8A-%D8%B9%D9%86%D8%AF%D9%83-%D8%A7%D9%84%D8%AA%D9%8A-%D8%B5%D9%86%D8%B9%D8%AA-%D9%85%D8%B3%D9%8A%D8%B1%D8%A9-%D8%B0%D9%83%D8%B1%D9%89-5293","Retrieved or indexed 2026-10-08: Zekra We Hayati Andak; Salah El Sharnouby music; Walid Raziqa words.","2026-10-08"
"old_school_music_v2_115","medium400","song:marina:composer",,"من لحّن «مرينا بيكم حمد» التي غنّاها ياس خضر؟","Who composed Marina Bikom Hamad, sung by Yas Khudr?","محمد جواد أموري","Mohammed Jawad Amouri","Arab Music Academy — Yas Khudr repertoire","https://www.arabmusicmagazine.com/item/1497-2023-10-01-09-20-04","Retrieved or indexed 2026-10-08: Table credits: Marina Bikom Hamad music Mohammed Jawad Amouri/words Muzaffar Al Nawab; Han Wana Han music Talib Al Qarah Ghouli/words Muzaffar; Al Makir music Kamal Al Sayed/words Zamil Saeed Fattah.","2026-10-08"
"old_school_music_v2_116","medium400","song:hanwana:composer",,"من لحّن «حن وآنا حن» التي غنّاها ياس خضر؟","Who composed Han Wana Han, sung by Yas Khudr?","طالب القره غولي","Talib Al Qarah Ghouli","Arab Music Academy — Yas Khudr repertoire","https://www.arabmusicmagazine.com/item/1497-2023-10-01-09-20-04","Retrieved or indexed 2026-10-08: Table credits: Marina Bikom Hamad music Mohammed Jawad Amouri/words Muzaffar Al Nawab; Han Wana Han music Talib Al Qarah Ghouli/words Muzaffar; Al Makir music Kamal Al Sayed/words Zamil Saeed Fattah.","2026-10-08"
"old_school_music_v2_117","medium400","song:makir:composer",,"من لحّن «المكير» التي غنّاها ياس خضر؟","Who composed Al Makir, sung by Yas Khudr?","كمال السيد","Kamal Al Sayed","Arab Music Academy — Yas Khudr repertoire","https://www.arabmusicmagazine.com/item/1497-2023-10-01-09-20-04","Retrieved or indexed 2026-10-08: Table credits: Marina Bikom Hamad music Mohammed Jawad Amouri/words Muzaffar Al Nawab; Han Wana Han music Talib Al Qarah Ghouli/words Muzaffar; Al Makir music Kamal Al Sayed/words Zamil Saeed Fattah.","2026-10-08"
"old_school_music_v2_118","medium400","song:ayazon:poet",,"من الشاعر صاحب قصيدة «أيظن» التي غنّتها نجاة الصغيرة؟","Who wrote the poem Ayazon performed by Najat Al Saghira?","نزار قباني","Nizar Qabbani","Al-Ahram — Najat and Nizar Qabbani","https://gate.ahram.org.eg/News/4266614.aspx","Retrieved or indexed 2026-10-08: Ayazon by Najat Al Saghira; music Mohammed Abdel Wahab; poem Nizar Qabbani.","2026-10-08"
"old_school_music_v2_119","medium400","song:flymoon:originaltitle",,"ما العنوان الأصلي لأغنية «فلاي مي تو ذا مون» قبل اعتماد اسمها الأشهر؟","What was Fly Me To The Moon originally titled?","إن أذر ووردز","In Other Words","Songwriters Hall of Fame — Fly Me To The Moon","https://www.songhall.org/profiles/fly-me-to-the-moon","Retrieved or indexed 2026-10-08: Original title In Other Words; author Bart Howard.","2026-10-08"
"old_school_music_v2_120","medium400","song:unforgettable:duetalbum",,"ما ألبوم ناتالي كول الذي يضم دويتو «أنفورغيتابل» مع صوت والدها؟","Which Natalie Cole album contains the Unforgettable duet with her father’s voice?","أنفورغيتابل... ويذ لوف","Unforgettable... With Love","Natalie Cole official — Unforgettable With Love","https://www.officialnataliecole.com/discography/unforgettable-with-love","Retrieved or indexed 2026-10-08: Unforgettable duet with Nat King Cole; album Unforgettable With Love.","2026-10-08"
"old_school_music_v2_121","medium400","song:amore:film",,"في أي فيلم ظهرت أغنية «ذاتس أموري» التي ترشحت للأوسكار؟","In which film did the Oscar-nominated song That’s Amore appear?","ذا كادي","The Caddy","Academy of Motion Picture Arts — 1954 song nominees","https://www.oscars.org/oscars/ceremonies/1954/L","Retrieved or indexed 2026-10-08: Thats Amore from The Caddy; music Harry Warren; lyrics Jack Brooks.","2026-10-08"
"old_school_music_v2_122","medium400","song:mackknife:album",,"ما ألبوم إيلا فيتزجيرالد الحي الشهير الذي حمل «ماك ذا نايف» في عنوانه؟","Which famous Ella Fitzgerald live album included Mack The Knife in its title?","إيلا إن برلين: ماك ذا نايف","Ella In Berlin: Mack The Knife","Ella Fitzgerald official — Berlin live album","https://www.ellafitzgerald.com/releases-archive/complete-ella-berlin-mack-knife-live/","Retrieved or indexed 2026-10-08: Mack The Knife by Ella; live album Ella In Berlin.","2026-10-08"
"old_school_music_v2_123","medium400","song:hellodolly:grammycategory",,"في أي فئة غنائية فاز لويس أرمسترونغ بغرامي عن «هالو دولي» عام 1965؟","In which vocal category did Louis Armstrong win a Grammy for Hello, Dolly! in 1965?","أفضل أداء غنائي للرجال","Best Vocal Performance, Male","Recording Academy — Louis Armstrong","https://www.grammy.com/artists/louis-armstrong/452/","Retrieved or indexed 2026-10-08: Louis Armstrong Hello Dolly; 1965 male vocal Grammy.","2026-10-08"
"old_school_music_v2_124","medium400","song:volare:formalname",,"ما العنوان الإيطالي الرسمي للأغنية التي اشتهرت باسم «فولاري»؟","What is the formal Italian title of the song popularly called Volare?","نِل بلو ديبينتو دي بلو","Nel Blu, Dipinto Di Blu","Domenico Modugno official — historical news","https://www.domenicomodugno.it/sito/pagine/news.php?anno=2008","Retrieved or indexed 2026-10-08: Nel Blu Dipinto Di Blu also Volare; Domenico Modugno; Franco Migliacci coauthor.","2026-10-08"
"old_school_music_v2_125","medium400","song:allgirls:duetpartner",,"من نجم الكانتري الذي غنّى مع خوليو إغليسياس «تو أول ذا غيرلز آيف لَفْد بيفور»؟","Which country star duets with Julio Iglesias on To All The Girls I’ve Loved Before?","ويلي نيلسون","Willie Nelson","Julio Iglesias official — 1984 recording","https://www.julioiglesias.com/pagina.php?article=102148&cs_id_contenido=57&cs_id_pagina=9&interview=97919&year_article=2013","Retrieved or indexed 2026-10-08: To All The Girls Ive Loved Before Julio Iglesias and Willie Nelson.","2026-10-08"
"old_school_music_v2_126","medium400","song:regretterien:composer",,"من وضع موسيقى أغنية إديث بياف «نون، جو نو روغريت ريان»؟","Who composed Edith Piaf’s Non, Je Ne Regrette Rien?","شارل دومون","Charles Dumont","BNF — original composition credits","https://catalogue.bnf.fr/ark%3A/12148/cb14787512n","Retrieved or indexed 2026-10-08: Charles Dumont music; Michel Vaucaire words.","2026-10-08"
"old_school_music_v2_127","medium400","song:prettywoman:cowriter",,"من شارك روي أوربيسون كتابة «أوه، بريتي وومان»؟","Who co-wrote Oh, Pretty Woman with Roy Orbison?","بيل ديس","Bill Dees","Roy Orbison estate — original recording","https://royorbison.com/roy-orbison-bill-dees-1964/","Retrieved or indexed 2026-10-08: Oh Pretty Woman Roy Orbison; coauthor Bill Dees; original single Monument 851.","2026-10-08"
"old_school_music_v2_128","medium400","artist:jouwini:documentary",,"ما الفيلم الوثائقي الذي قدّم سيرة الهادي الجويني عام 2017؟","Which 2017 documentary tells Hedi Jouini’s life story?","الرجل خلف الميكروفون","The Man Behind The Microphone","Doha Film Institute — 2017 Qumra catalogue","https://www.dohafilminstitute.com/newsletter/Qumra17Catalogue_Online_EN.pdf","Retrieved or indexed 2026-10-08: The Man Behind The Microphone portrait of Hedi Jouini; director/granddaughter Claire Belhassine.","2026-10-08"
"old_school_music_v2_129","medium400","artist:wardi:traditionalinstrument",,"ما الآلة الوترية النوبية التقليدية التي أتقن محمد وردي العزف عليها؟","Which traditional Nubian string instrument did Mohammed Wardi master?","الطمبور","Tambur","Arab Music Academy — Wardi profile","https://www.arabmusicmagazine.com/item/1291-2022-03-30-08-19-49","Retrieved or indexed 2026-10-08: Mohammed Wardi performs Al Tair Al Mohajer; tambur playing; born Sai island.","2026-10-08"
"old_school_music_v2_130","medium400","artist:amin:earlyband",,"ما فرقة الشرطة التي انضم إليها محمد الأمين عام 1960؟","Which police music band did Mohammed Al Amin join in 1960?","فرقة موسيقى شرطة النيل الأزرق","Blue Nile Police music band","Independent Arabia — musician history","https://www.independentarabia.com/node/517346/%D8%AB%D9%82%D8%A7%D9%81%D8%A9/%D8%A7%D9%84%D9%85%D9%88%D8%B3%D9%8A%D9%82%D8%A7%D8%B1-%D9%85%D8%AD%D9%85%D8%AF-%D8%A7%D9%84%D8%A3%D9%85%D9%8A%D9%86-%D8%A3%D8%AD%D8%AF%D8%AB-%D9%86%D9%82%D9%84%D8%A9-%D9%85%D9%88%D8%B3%D9%8A%D9%82%D9%8A%D8%A9-%D9%88%D8%A7%D9%83%D8%AA%D8%B4%D9%81-%D9%86%D8%BA%D9%85%D8%A9-%D8%AC%D8%AF%D9%8A%D8%AF%D8%A9","Retrieved or indexed 2026-10-08: Al Amin joined Blue Nile Police music band 1960.","2026-10-08"
"old_school_music_v2_131","medium400","song:najahnational:composer",,"من لحّن «يا أغلى اسم في الوجود» التي غنّاها نجاح سلام؟","Who composed Ya Aghla Ism Fil Wujud, sung by Najah Salam?","محمد الموجي","Mohammed El Mougi","Al Ahram — first-person Najah Salam interview","https://gate.ahram.org.eg/daily/news/131724/12/453780/%D9%85%D9%84%D9%81%D8%A7%D8%AA-%D8%A7%D9%84%D8%A7%D9%87%D8%B1%D8%A7%D9%85/%D9%86%D8%AC%D8%A7%D8%AD-%D8%B3%D9%84%D8%A7%D9%85-%D8%A7%D9%84%D9%81%D9%86-%D8%B9%D9%84%D9%85-%D9%88%D8%A7%D9%84%D9%81%D9%86%D8%A7%D9%86-%D8%A7%D9%84%D9%85%D8%AB%D9%82%D9%81-%D9%8A%D8%B1%D8%AA%D9%82%D9%89-%D8%A8%D8%B0%D9%88%D9%82-%D8%A7%D9%84%D8%AC%D9%85%D9%87.aspx","Retrieved or indexed 2026-10-08: Ya Aghla Ism Fil Wujud sung Najah; composed Mohammed El Mougi; words Ismail El Habrouk.","2026-10-08"
"old_school_music_v2_132","medium400","song:najma:composer",,"من لحّن «يا نجمة» التي غنّاها حسين نعمة؟","Who composed Ya Najma, sung by Hussein Nema?","كوكب حمزة","Kawkab Hamza","Arab Music Academy — Kawkab Hamza obituary","https://www.arabmusicmagazine.org/item/1579-80","Retrieved or indexed 2026-10-08: Ya Najma sung Hussein Nema; music Kawkab Hamza; words Kadhim Al Rikabi.","2026-10-08"
"old_school_music_v2_133","medium400","song:tyour:composer",,"من لحّن «يا طيور الطايرة» التي غنّاها سعدون جابر؟","Who composed Ya Tiyour El Tayra, sung by Saadoun Jaber?","كوكب حمزة","Kawkab Hamza","Al Jazeera Documentary — Kawkab song history","https://www.aljazeera.net/arts/2021/7/4/%D9%83%D9%88%D9%83%D8%A8-%D8%A7%D8%A8%D9%86-%D8%A8%D8%A7%D8%A8%D9%84-%D8%A3%D9%84%D8%AD%D8%A7%D9%86-%D9%85%D8%AD%D8%B1%D8%B1-%D8%A7%D9%84%D8%A3%D8%BA%D9%86%D9%8A%D8%A9-%D8%A7%D9%84%D8%B9%D8%B1","Retrieved or indexed 2026-10-08: Ya Tiyour El Tayra sung Saadoun Jaber; composer Kawkab Hamza; writer Zuhair Al Dujaili.","2026-10-08"
"old_school_music_v2_134","medium400","song:saqayeen:composer",,"من لحّن «حارة السقايين» التي غنّاها شريفة فاضل؟","Who composed Haret El Saqayeen, sung by Sharifa Fadel?","منير مراد","Mounir Mourad","Al Ahram — original Sharifa Fadel credits","https://gate.ahram.org.eg/News/4166626.aspx","Retrieved or indexed 2026-10-08: Haret El Saqayeen Sharifa Fadel; music Mounir Mourad; words Hussein El Sayed.","2026-10-08"
"old_school_music_v2_135","medium400","song:habbaytak:composers",,"من الثنائي الذي وضع لحن «حبيتك بالصيف» لفيروز؟","Which duo composed Fairuz’s Habbaytak Bessayf?","عاصي ومنصور الرحباني","Assi and Mansour Rahbani","Al Araby TV — Fairuz song adaptation","https://www.alaraby.com/news/%D8%AD%D8%A8%D9%8A%D8%AA%D9%83-%D8%A8%D8%A7%D9%84%D8%B5%D9%8A%D9%81%D8%8C-%D8%AD%D8%A8%D9%8A%D8%AA%D9%83-%D8%A8%D8%A7%D9%84%D8%B4%D8%AA%D9%8A-%D9%82%D8%B5%D8%A9-%D9%88%D8%A7%D8%AD%D8%AF%D8%A9-%D9%85%D9%86-%D8%A3%D8%AC%D9%84-%D8%A3%D8%BA%D8%A7%D9%86%D9%8A-%D9%81%D9%8A%D8%B1%D9%88%D8%B2","Retrieved or indexed 2026-10-08: Habbaytak Bessayf Fairuz; Rahbani music; French adaptation singer Jean Francois Michael. No disputed stage premiere question used.","2026-10-08"
"old_school_music_v2_136","medium400","song:mesafer:film",,"في أي فيلم غنّى محمد عبد الوهاب «يا مسافر وحدك»؟","In which film did Mohammed Abdel Wahab sing Ya Mesafer Wahdak?","ممنوع الحب","Mamnou El Hob","Youm7 — Abdel Wahab archived first-person interview","https://www.youm7.com/story/2017/9/20/%D8%A8%D8%A7%D9%84%D9%81%D9%8A%D8%AF%D9%8A%D9%88-%D9%85%D8%AD%D9%85%D8%AF-%D8%B9%D8%A8%D8%AF-%D8%A7%D9%84%D9%88%D9%87%D8%A7%D8%A8-%D8%A3%D8%BA%D9%86%D9%8A%D8%A9-%D9%8A%D8%A7-%D9%85%D8%B3%D8%A7%D9%81%D8%B1-%D9%88%D8%AD%D8%AF%D9%83-%D8%A3%D8%B1%D9%87%D9%82%D8%AA%D9%86%D9%89-%D9%84%D9%87%D8%B0%D9%87/3420417","Retrieved or indexed 2026-10-08: Ya Mesafer Wahdak Mohammed Abdel Wahab; film Mamnou El Hob; words Hussein El Sayed.","2026-10-08"
"old_school_music_v2_137","hard600","song:zahab:film",,"في أي فيلم غنّى محمد فوزي «ذهب الليل»؟","In which film did Mohammed Fawzi sing Zahab El Leil?","معجزة من السماء","Moageza Men El Samaa","Al Ahram — original film song","https://gate.ahram.org.eg/News/2531800.aspx","Retrieved or indexed 2026-10-08: Mohammed Fawzi Zahab El Leil in Moageza Men El Samaa; lyricist Hussein El Sayed.","2026-10-08"
"old_school_music_v2_138","hard600","song:saatsaat:lyricist",,"من كتب كلمات «ساعات ساعات» لصباح؟","Who wrote the lyrics of Sabah's Saat Saat?","عبد الرحمن الأبنودي","Abdel Rahman El Abnoudi","An-Nahar — Sabah Saat Saat","https://www.annahar.com/arabic/culture/28032023035214375/%D8%A7%D9%84%D8%B5%D8%A8%D9%88%D8%AD%D8%A9-%D9%84%D9%85%D8%A7%D8%B0%D8%A7-%D8%A3%D8%A8%D9%83%D8%AA%D9%87%D8%A7-%D8%A3%D8%BA%D9%86%D9%8A%D8%A9-%D8%B3%D8%A7%D8%B9%D8%A7%D8%AA-%D8%B3%D8%A7%D8%B9%D8%A7%D8%AA","Retrieved or indexed 2026-10-08: Sabah Saat Saat; music Gamal Salama; lyrics Abdel Rahman El Abnoudi.","2026-10-08"
"old_school_music_v2_139","hard600","song:akdebaleik:lyricist",,"من كتب كلمات أغنية وردة «أكدب عليك»؟","Who wrote the lyrics of Warda's Akdeb Aleik?","مرسي جميل عزيز","Morsi Gamil Aziz","Youm7 — Morsi Gamil Aziz songs","https://www.youm7.com/story/2019/2/15/%D8%A3%D8%B4%D9%87%D8%B1-%D8%AC%D9%85%D9%84-%D9%84%D9%80-%D9%85%D8%B1%D8%B3%D9%89-%D8%AC%D9%85%D9%8A%D9%84-%D8%B9%D8%B2%D9%8A%D8%B2-%D8%B9%D9%84%D9%89-%D8%A7%D9%84%D8%B3%D9%88%D8%B4%D9%8A%D8%A7%D9%84-%D9%85%D9%8A%D8%AF%D9%8A%D8%A7-%D8%B1%D8%BA%D9%85/4140647","Retrieved or indexed 2026-10-08: Akdeb Aleik by Warda; lyrics Morsi Gamil Aziz.","2026-10-08"
"old_school_music_v2_140","hard600","song:eltaer:lyricist",,"من كتب كلمات «الطير المسافر» التي غنّتها نجاة؟","Who wrote the lyrics of El Tair El Mosafer performed by Najat?","محمد حمزة","Mohammed Hamza","Al-Ahram — El Tair El Mosafer","https://gate.ahram.org.eg/daily/NewsPrint/910024.aspx","Retrieved or indexed 2026-10-08: Najat El Tair El Mosafer; music Baligh Hamdi; words Mohammed Hamza. No contradictory release year asked.","2026-10-08"
"old_school_music_v2_141","hard600","song:layalion:lyricist",,"من كتب كلمات «ليالي الأنس في فيينا» لأسمهان؟","Who wrote the lyrics of Asmahan's Layali El Ons Fi Vienna?","أحمد رامي","Ahmed Rami","Arabic Music Library published score — Layali El Ons Fi Vienna","https://arabicmusiclibrary.com/ar/product/%D9%84%D9%8A%D8%A7%D9%84%D9%8A-%D8%A7%D9%84%D8%A3%D9%86%D8%B3-%D9%81%D9%8A-%D9%81%D9%8A%D9%8A%D9%86%D8%A7/","Retrieved or indexed 2026-10-08: Asmahan; composer Farid Al Atrash; lyricist Ahmed Rami.","2026-10-08"
"old_school_music_v2_142","hard600","song:hawasultan:lyricist",,"من كتب كلمات «الهوى سلطان» لجورج وسوف؟","Who wrote the lyrics of George Wassouf's El Hawa Sultan?","بديع يزبك","Badi Yazbek","Arabic Music Library published score — El Hawa Sultan","https://arabicmusiclibrary.com/ar/product/el-hawa-sultan/","Retrieved or indexed 2026-10-08: George Wassouf; composer Georges Yazbek; lyricist Badi Yazbek.","2026-10-08"
"old_school_music_v2_143","hard600","song:alaremesh:lyricist",,"من كتب كلمات «على رمش عيونها» لوديع الصافي؟","Who wrote the lyrics of Ala Remsh Ouyounha for Wadih El Safi?","حسين السيد","Hussein El Sayed","Arabic Music Library published score — Ala Remsh Ouyounha","https://arabicmusiclibrary.com/ar/product/%D8%B9%D9%84%D9%89-%D8%B1%D9%85%D8%B4-%D8%B9%D9%8A%D9%88%D9%86%D9%87%D8%A7/","Retrieved or indexed 2026-10-08: Wadih El Safi; composer Baligh Hamdi; lyricist Hussein El Sayed.","2026-10-08"
"old_school_music_v2_144","hard600","song:modnak:maqam",,"بأي مقام تُدوّن قصيدة «مضناك جفاه مرقده» في نوتة مكتبة الموسيقى العربية؟","In which maqam is Modnak Jafahu Marqaduhu notated in the Arabic Music Library score?","الحجاز","Hijaz","Arabic Music Library published score — Modnak","https://arabicmusiclibrary.com/product/modnak-jafahu-marqaduhu/","Retrieved or indexed 2026-10-08: Mohammed Abdel Wahab performer and composer; poem Ahmed Shawqi; maqam Hijaz.","2026-10-08"
"old_school_music_v2_145","hard600","song:haramt:lyricist",,"من كتب كلمات «حرمت أحبك» لوردة؟","Who wrote the lyrics of Warda's Haramt Ahebak?","عمر بطيشة","Omar Batisha","Apple Shazam — original Warda release credits","https://www.shazam.com/song/770101904/haramt-ahebak","Retrieved or indexed 2026-10-08: Warda; music Salah El Sharnouby; lyrics Omar Batisha. Cross-checked published educational score and lyricists first-person Al Ahram interview; erroneous 2011 concert report credit rejected.","2026-10-08"
"old_school_music_v2_146","hard600","song:libeirout:originalcomposer",,"من الموسيقار الإسباني صاحب اللحن الذي استُلهمت منه أغنية فيروز «لبيروت»؟","Which Spanish composer wrote the melody that inspired Fairuz's Li Beirut?","خواكين رودريغو","Joaquín Rodrigo","Alaraby TV — songs celebrating cities","https://www.alaraby.com/news/%D9%85%D9%86-%D8%B2%D9%87%D8%B1%D8%A9-%D8%A7%D9%84%D9%85%D8%AF%D8%A7%D8%A6%D9%86-%D8%A5%D9%84%D9%89-%D9%8A%D8%A7-%D9%85%D8%A7%D9%84-%D8%A7%D9%84%D8%B4%D8%A7%D9%85-20-%D8%A3%D8%BA%D9%86%D9%8A%D8%A9-%D8%AE%D9%84%D8%AF%D8%AA-%D8%A7%D9%84%D9%85%D8%AF%D9%86-%D8%A7%D9%84%D8%B9%D8%B1%D8%A8%D9%8A%D8%A9","Retrieved or indexed 2026-10-08: Li Beirut by Fairuz; poem Joseph Harb; original melody Joaquin Rodrigo, arrangement Ziad Rahbani.","2026-10-08"
"old_school_music_v2_147","hard600","song:respect:originalwriter",,"من كتب «ريسبكت» قبل أن تعيد أريثا فرانكلين تسجيلها؟","Who wrote Respect before Aretha Franklin recorded it?","أوتيس ريدينغ","Otis Redding","Recording Academy — Aretha Franklin","https://www.grammy.com/artists/aretha-franklin/11503/","Retrieved or indexed 2026-10-08: Aretha Respect; I Never Loved A Man The Way I Love You; song originally written by Otis Redding.","2026-10-08"
"old_school_music_v2_148","hard600","song:hitroadjack:writer",,"من كتب «هِت ذا رود جاك» التي اشتهرت بصوت راي تشارلز؟","Who wrote Hit The Road Jack, made famous by Ray Charles?","بيرسي مايفيلد","Percy Mayfield","Library of Congress — Jazz on the Screen","https://tile.loc.gov/storage-services/master/music/jots/200028017/0001.pdf","Retrieved or indexed 2026-10-08: Filmography song credits: Hit the Road Jack by Percy Mayfield.","2026-10-08"
"old_school_music_v2_149","hard600","award:stevie:firstpresenters1974",,"أي فنانين قدّما لستيفي وندر أول غرامي له في حفل 1974؟","Which two artists presented Stevie Wonder with his first Grammy in 1974?","تشاك بيري وليتل ريتشارد","Chuck Berry and Little Richard","Recording Academy — first Stevie Wonder Grammy","https://www.grammy.com/news/grammy-rewind-stevie-wonder-shares-his-first-grammy-win-his-mom/","Retrieved or indexed 2026-10-08: Superstition from Talking Book; first Grammy presented by Chuck Berry and Little Richard in 1974.","2026-10-08"
"old_school_music_v2_150","hard600","song:whatsgoingon:cowriters",,"من شاركا مارفن غاي كتابة «واتس غوينغ أون»؟","Who co-wrote What's Going On with Marvin Gaye?","رينالدو بنسون وآل كليفلاند","Renaldo Benson and Al Cleveland","Recording Academy — Whats Going On retrospective","https://www.grammy.com/news/marvin-gaye-whats-going-50th-anniversary-record/","Retrieved or indexed 2026-10-08: Marvin Gaye 1971 album; title-song co-writers Renaldo Benson and Al Cleveland.","2026-10-08"
"old_school_music_v2_151","hard600","song:dockbay:cowriter",,"من شارك أوتيس ريدينغ كتابة «ذا دوك أوف ذا باي»؟","Who co-wrote The Dock Of The Bay with Otis Redding?","ستيف كروبر","Steve Cropper","Recording Academy — Best R&B Song 1969","https://www.grammy.com/awards/categories/best-rb-song/1969/","Retrieved or indexed 2026-10-08: Otis Redding Dock Of The Bay; Best R&B Song 1969; co-writer Steve Cropper.","2026-10-08"
"old_school_music_v2_152","hard600","event:chuckvoyager1989:planet",,"احتفل تشاك بيري وكارل ساغان عام 1989 بمرور فوياجر 2 قرب أي كوكب؟","Which planet flyby did Chuck Berry and Carl Sagan celebrate for Voyager 2 in 1989?","نبتون","Neptune","NASA — Chuck Berry and Carl Sagan","https://science.nasa.gov/resource/chuck-berry-and-carl-sagan/","Retrieved or indexed 2026-10-08: Voyagers 1 and 2 carry Johnny B Goode; Chuck Berry attended Voyager 2 Neptune flyby celebration August 1989.","2026-10-08"
"old_school_music_v2_153","hard600","award:changegonnacome:halloffameyear",,"في أي سنة أُدرج تسجيل سام كوك «أ تشينج إز غونا كَم» في قاعة مشاهير غرامي؟","In which year was Sam Cooke's A Change Is Gonna Come inducted into the Grammy Hall of Fame?","2000","2000","Recording Academy — March on Washington playlist","https://www.grammy.com/news/let-freedom-ring-with-the-march-on-washington-grammy-playlist/","Retrieved or indexed 2026-10-08: Sam Cooke Change Is Gonna Come responds to Dylan Blowin In The Wind; Grammy Hall of Fame induction 2000.","2026-10-08"
"old_school_music_v2_154","hard600","song:jolene:producer",,"من أنتج تسجيل دولي بارتون الكلاسيكي لأغنية «جولين»؟","Who produced Dolly Parton’s classic Jolene recording?","بوب فيرغسون","Bob Ferguson","Apple Music — Jolene recording credits","https://music.apple.com/us/song/411940289","Retrieved or indexed 2026-10-08: Dolly Parton vocals/songwriter/executive producer; Bob Ferguson producer. Producer and executive-producer roles distinguished.","2026-10-08"
"old_school_music_v2_155","hard600","album:ringfire:producers",,"من أنتجا ألبوم «رينغ أوف فاير: ذا بيست أوف جوني كاش»؟","Who produced Ring Of Fire: The Best Of Johnny Cash?","دون لو وفرانك جونز","Don Law and Frank Jones","Johnny Cash official — Ring of Fire album","https://www.johnnycash.com/music/ring-of-fire-the-best-of-johnny-cash/","Retrieved or indexed 2026-10-08: Album produced by Don Law and Frank Jones.","2026-10-08"
"old_school_music_v2_156","hard600","recording:crazy:producer",,"من المنتج الذي أشرف على تسجيل باتسي كلاين لأغنية «كريزي»؟","Who produced Patsy Cline's Crazy recording?","أوين برادلي","Owen Bradley","Country Music Hall of Fame — Patsy Cline","https://countrymusichalloffame.org/hall-of-fame/patsy-cline","Retrieved or indexed 2026-10-08: Patsy Cline Crazy written by Willie Nelson; career producer Owen Bradley.","2026-10-08"
"old_school_music_v2_157","hard600","song:standbyme:cowriters",,"من شاركا بن إي كينغ كتابة «ستاند باي مي»؟","Who co-wrote Stand By Me with Ben E. King?","جيري لايبر ومايك ستولر","Jerry Leiber and Mike Stoller","Songwriters Hall of Fame — Stand By Me","https://www.songhall.org/profiles/stand-by-me","Retrieved or indexed 2026-10-08: Ben E King; co-writers Jerry Leiber and Mike Stoller.","2026-10-08"
"old_school_music_v2_158","hard600","song:unchained:originalcredits",,"من مؤلف الموسيقى وكاتب الكلمات الأصليان لـ«أنتشيند ميلودي»؟","Who are the original composer and lyricist of Unchained Melody?","أليكس نورث وهاي زاريت","Alex North and Hy Zaret","Songwriters Hall of Fame — Unchained Melody","https://www.songhall.org/profiles/unchained-melody","Retrieved or indexed 2026-10-08: Righteous Brothers; film Ghost 1990; music Alex North, words Hy Zaret.","2026-10-08"
"old_school_music_v2_159","hard600","song:soundofsilence:electricproducer",,"من المنتج الذي أضاف الآلات الكهربائية إلى التسجيل الصوتي الأصلي لـ«ذا ساوند أوف سايلنس»؟","Which producer added electric instrumentation to the original acoustic The Sound Of Silence recording?","توم ويلسون","Tom Wilson","Simon and Garfunkel official biography","https://www.simonandgarfunkel.com/biography/","Retrieved or indexed 2026-10-08: Original acoustic Sound of Silence on Wednesday Morning 3 AM; producer Tom Wilson added electric overdubs.","2026-10-08"
"old_school_music_v2_160","hard600","song:stayinalive:otherproducers",,"من شاركا بي جيز إنتاج تسجيل «ستايِن ألايف»؟","Who co-produced the Stayin' Alive recording with the Bee Gees?","كارل ريتشاردسون وألبهي غالوتن","Karl Richardson and Albhy Galuten","Published original Saturday Night Fever liner notes","https://albumlinernotes.com/Saturday_Night_Fever.html","Retrieved or indexed 2026-10-08: Stayin Alive co-produced by Bee Gees, Karl Richardson and Albhy Galuten.","2026-10-08"
"old_school_music_v2_161","hard600","song:rasputin:producer",,"من أنتج تسجيل بوني إم لـ«راسبوتين»؟","Who produced Boney M.'s Rasputin recording?","فرانك فاريان","Frank Farian","Apple Music — Rasputin recording credits","https://music.apple.com/us/song/1739905617","Retrieved or indexed 2026-10-08: Label recording credits identify Frank Farian as producer.","2026-10-08"
"old_school_music_v2_162","hard600","award:eurythmics:1987winningtrack",,"بأي أغنية فاز يوريثميكس بغرامي أفضل أداء روك لثنائي أو مجموعة عام 1987؟","Which song won Eurythmics the 1987 Grammy for Best Rock Performance by a Duo or Group?","ميشنري مان","Missionary Man","Recording Academy — 1987 rock duo/group award","https://www.grammy.com/awards/categories/best-rock-performance-by-a-duo-or-group-with-vocal/1987/","Retrieved or indexed 2026-10-08: Eurythmics won with Missionary Man.","2026-10-08"
"old_school_music_v2_163","hard600","song:housrisingsun:producer",,"من أنتج تسجيل ذي أنيمالز لـ«هاوس أوف ذا رايزينغ سان»؟","Who produced the Animals House Of The Rising Sun recording?","ميكي موست","Mickie Most","Apple Music — Mickie Most biography","https://music.apple.com/us/artist/mickie-most/14466566","Retrieved or indexed 2026-10-08: Mickie Most produced Animals House of the Rising Sun.","2026-10-08"
"old_school_music_v2_164","hard600","song:satisfaction:pedal",,"ما طراز دواسة الفَز المستخدمة في ريف كيث ريتشاردز على «ساتيسفاكشن»؟","What model of fuzz pedal was used for Keith Richards Satisfaction riff?","مايسترو/غيبسون إف زد-1 فَز تون","Maestro/Gibson FZ-1 Fuzz-Tone","Library of Congress — Satisfaction FZ-1 pedal","https://blogs.loc.gov/now-see-hear/2021/08/remember-charlie-watts-and-satisfaction-1965/","Retrieved or indexed 2026-10-08: Gibson/Maestro FZ-1 Fuzz-Tone used by Keith Richards on Satisfaction.","2026-10-08"
"old_school_music_v2_165","hard600","song:lightmyfire:firstsongwriter",,"أي عازف غيتار في ذا دورز كانت «لايت ماي فاير» أول أغنية يكتبها؟","For which Doors guitarist was Light My Fire his first written song?","روبي كريغر","Robby Krieger","Doors official — Manzarek tribute","https://thedoors.com/news/john-robby-and-alt-rock-royalty-light-up-the-fonda-in-celebration-of-ray-manzarek","Retrieved or indexed 2026-10-08: Light My Fire first song guitarist Robby Krieger wrote. No sole legal songwriting credit asserted.","2026-10-08"
"old_school_music_v2_166","hard600","song:mygeneration:producer",,"من أنتج التسجيل الأصلي لأغنية ذا هو «ماي جينيريشن»؟","Who produced the original Who recording of My Generation?","شِل تالمي","Shel Talmy","Who official — My Generation original recording credit","https://www.thewho.com/music/my-generation-5/","Retrieved or indexed 2026-10-08: My Generation by Who; original recording produced Shel Talmy. Later compilation date not used as original.","2026-10-08"
"old_school_music_v2_167","hard600","song:youreallygotme:producer",,"من أنتج تسجيل ذا كينكس الأصلي لـ«يو ريلي غوت مي»؟","Who produced the original Kinks recording of You Really Got Me?","شِل تالمي","Shel Talmy","Sound On Sound — producer interview","https://www.soundonsound.com/techniques/classic-tracks-kinks-you-really-got-me","Retrieved or indexed 2026-10-08: First-person Shel Talmy interview about producing You Really Got Me.","2026-10-08"
"old_school_music_v2_168","hard600","song:godonlyknows:cowriter",,"من شارك برايان ويلسون كتابة «غود أونلي نوز»؟","Who co-wrote God Only Knows with Brian Wilson?","توني آشر","Tony Asher","Beach Boys official — Pet Sounds","https://thebeachboys.com/blogs/news/the-beach-boys-on-pet-sounds-the-beach-boys","Retrieved or indexed 2026-10-08: God Only Knows; Carl Wilson lead; Brian Wilson collaborator Tony Asher.","2026-10-08"
"old_school_music_v2_169","hard600","artist:ccr:drummer",,"من عازف الدرامز في التشكيلة الكلاسيكية لكريدنس كليرووتر ريفايفل؟","Who is the drummer in the classic Creedence Clearwater Revival lineup?","دوغ كليفورد","Doug Clifford","Craft Recordings — Doug Clifford profile","https://craftrecordings.com/collections/doug-clifford/creedence-clearwater-revival","Retrieved or indexed 2026-10-08: Doug Clifford drummer for Creedence Clearwater Revival.","2026-10-08"
"old_school_music_v2_170","hard600","artist:santana:firstsologrammywork",,"بأي عمل حصد كارلوس سانتانا أول غرامي له كفنان منفرد عام 1988؟","Which work earned Carlos Santana his first solo-artist Grammy in 1988?","بلوز فور سلفادور","Blues For Salvador","Recording Academy — Carlos Santana","https://www.grammy.com/artists/carlos-santana/6774/","Retrieved or indexed 2026-10-08: First Grammy as solo artist 1988 for Blues For Salvador.","2026-10-08"
"old_school_music_v2_171","hard600","song:oulou:lyricist",,"من كتب كلمات «قولوا لعين الشمس» التي غنّتها شادية؟","Who wrote the words of Oulou Lain El Shams, sung by Shadia?","مجدي نجيب","Magdy Naguib","Arabic Music Library — published score","https://arabicmusiclibrary.com/ar/product/oulou-lain-el-shams/","Retrieved or indexed 2026-10-08: Shadia; music Baligh Hamdi; lyrics Magdy Naguib.","2026-10-08"
"old_school_music_v2_172","hard600","song:sakan:scoremaqam",,"ما المقام الأساسي لقصيدة فيروز «سكن الليل» بحسب نوتتها المنشورة؟","What is the principal maqam of Fairuz’s Sakan Al Lail according to its published score?","الكرد","Kurd","Arabic Music Library — published score","https://arabicmusiclibrary.com/ar/product/sakan-al-lail/","Retrieved or indexed 2026-10-08: Fairuz; music Mohammed Abdel Wahab; words Gibran Khalil Gibran.","2026-10-08"
"old_school_music_v2_173","hard600","song:helwamorra:lyricist",,"من كتب كلمات «عالحلوة والمرة» التي غنّاها عبد الغني السيد؟","Who wrote the words of Ala El Helwa Wel Morra, sung by Abdel Ghani El Sayed?","سيد مرسي","Sayed Morsi","Al Jazeera Documentary — production synopsis","https://contentsales.aljazeera.net/ar/%D8%AD%D9%83%D8%A7%D9%8A%D8%A9-%D8%A3%D8%BA%D9%86%D9%8A%D8%A9-%E2%80%93-%D8%B9%D8%A7%D9%84%D8%AD%D9%84%D9%88%D8%A9-%D9%88%D8%A7%D9%84%D9%85%D8%B1%D8%A9","Retrieved or indexed 2026-10-08: Abdel Ghani El Sayed; music Mahmoud El Sherif; lyrics Sayed Morsi.","2026-10-08"
"old_school_music_v2_174","hard600","song:rahela:lyricist",,"من كتب كلمات «راحلة» التي غنّاها محمد الحياني؟","Who wrote the words of Rahila, sung by Mohammed El Hayani?","عبد الرفيع الجواهري","Abderrafi Jawahiri","Al Jazeera Documentary — song history","https://www.aljazeera.net/amp/arts/2022/9/25/%D8%B1%D8%A7%D8%AD%D9%84%D8%A9-%D8%AF%D8%B1%D9%91%D8%A9-%D8%A7%D9%84%D8%A3%D8%BA%D9%86%D9%8A%D8%A9-%D8%A7%D9%84%D9%81%D8%B5%D9%8A%D8%AD%D8%A9-%D9%81%D9%8A-%D8%A7%D9%84%D9%85%D8%BA%D8%B1%D8%A8","Retrieved or indexed 2026-10-08: Mohammed El Hayani performs Rahila; music Abdessalam Amer; words Abderrafi Jawahiri.","2026-10-08"
"old_school_music_v2_175","hard600","song:qamar:lyricist",,"من كتب كلمات «القمر الأحمر» التي غنّاها عبد الهادي بلخياط؟","Who wrote the words of Al Qamar Al Ahmar, sung by Abdelhadi Belkhayat?","عبد الرفيع الجواهري","Abderrafi Jawahiri","Al Jazeera — Jawahiri profile","https://www.aljazeera.net/encyclopedia/2015/8/13/%D8%B9%D8%A8%D8%AF-%D8%A7%D9%84%D8%B1%D9%81%D9%8A%D8%B9-%D8%A7%D9%84%D8%AC%D9%88%D8%A7%D9%87%D8%B1%D9%8A","Retrieved or indexed 2026-10-08: Al Qamar Al Ahmar performed Abdelhadi Belkhayat; composer Abdessalam Amer; poet Abderrafi Jawahiri.","2026-10-08"
"old_school_music_v2_176","hard600","song:adawiyaclassic:lyricist",,"من كتب كلمات «عدوية» التي غنّاها محمد رشدي؟","Who wrote the words of Adawiya, sung by Mohammed Rushdi?","عبد الرحمن الأبنودي","Abdel Rahman El Abnoudi","Al Jazeera Documentary — production synopsis","https://contentsales.aljazeera.net/ar/%D8%AD%D9%83%D8%A7%D9%8A%D8%A9-%D8%A3%D8%BA%D9%86%D9%8A%D8%A9-%D8%B9%D8%AF%D9%88%D9%8A%D8%A9","Retrieved or indexed 2026-10-08: Mohammed Rushdi Adawiya; music Baligh Hamdi; lyrics Abdel Rahman El Abnoudi.","2026-10-08"
"old_school_music_v2_177","hard600","song:asalsabah:lyricist",,"من كتب كلمات «زي العسل» التي غنّتها صباح؟","Who wrote the words of Zi El Asal, sung by Sabah?","محمد حمزة","Mohammed Hamza","Bahrain Authority for Culture — journal 114","https://eservices.culture.gov.bh/bacaflipbook/prdflipbooks/pdf/8565d0a4-b9c4-475d-804a-b55769e1aef7/Thaqafya%20114%20jan%202024%20.pdf","Retrieved or indexed 2026-10-08: Zi El Asal; Sabah; Baligh Hamdi composer; Mohammed Hamza lyricist.","2026-10-08"
"old_school_music_v2_178","hard600","song:daret:lyricist",,"من الشاعر الغنائي وراء كلمات «دارت الأيام» لأم كلثوم؟","Which lyricist wrote Daret El Ayyam for Umm Kulthum?","مأمون الشناوي","Maamoun El Shennawy","Al Ahram — Daret El Ayyam credits","https://gate.ahram.org.eg/daily/NewsPrint/593723.aspx","Retrieved or indexed 2026-10-08: Umm Kulthum; Mohammed Abdel Wahab music; Maamoun El Shennawy words.","2026-10-08"
"old_school_music_v2_179","hard600","song:fat:lyricist",,"من الشاعر الغنائي وراء كلمات «فات الميعاد» لأم كلثوم؟","Which lyricist wrote Fat El Mead for Umm Kulthum?","مرسي جميل عزيز","Morsi Gamil Aziz","Al Ahram — original Fat El Mead credits","https://gate.ahram.org.eg/News/5189623.aspx","Retrieved or indexed 2026-10-08: Umm Kulthum; Baligh Hamdi music; Morsi Gamil Aziz words.","2026-10-08"
"old_school_music_v2_180","hard600","song:nbtdi:lyricist",,"من الشاعر الغنائي وراء كلمات «نبتدي منين الحكاية» لعبد الحليم حافظ؟","Which lyricist wrote Nebtedi Menein El Hekaya for Abdel Halim Hafez?","محمد حمزة","Mohammed Hamza","Al Ahram — Mohammed Hamza profile","https://gate.ahram.org.eg/News/506083.aspx","Retrieved or indexed 2026-10-08: Nebtedi Menein El Hekaya sung Abdel Halim Hafez; words Mohammed Hamza.","2026-10-08"
"old_school_music_v2_181","hard600","song:zayhawa:lyricist",,"من الشاعر الغنائي وراء كلمات «زي الهوا» لعبد الحليم حافظ؟","Which lyricist wrote Zay El Hawa for Abdel Halim Hafez?","محمد حمزة","Mohammed Hamza","Al Ahram — Abdel Halim repertoire","https://gate.ahram.org.eg/News/85041.aspx","Retrieved or indexed 2026-10-08: Zay El Hawa by Abdel Halim; composer Baligh; lyricist Mohammed Hamza corroborated Hamza profile.","2026-10-08"
"old_school_music_v2_182","hard600","song:hayati:lyricist",,"من الشاعر الغنائي وراء كلمات «وحياتي عندك» لذكرى؟","Which lyricist wrote We Hayati Andak for Zekra?","وليد رزيقة","Walid Raziqa","Billboard Arabia — Zekra song history","https://www.billboardarabia.com/%D9%85%D9%88%D8%B3%D9%8A%D9%82%D9%89/%D9%85%D8%B5%D8%B1%D9%8A/%D8%A3%D8%BA%D9%86%D9%8A%D8%A9-%D9%88%D8%AD%D9%83%D8%A7%D9%8A%D8%A9-%D9%88%D8%AD%D9%8A%D8%A7%D8%AA%D9%8A-%D8%B9%D9%86%D8%AF%D9%83-%D8%A7%D9%84%D8%AA%D9%8A-%D8%B5%D9%86%D8%B9%D8%AA-%D9%85%D8%B3%D9%8A%D8%B1%D8%A9-%D8%B0%D9%83%D8%B1%D9%89-5293","Retrieved or indexed 2026-10-08: Zekra We Hayati Andak; Salah El Sharnouby music; Walid Raziqa words.","2026-10-08"
"old_school_music_v2_183","hard600","song:marina:lyricist",,"من الشاعر الغنائي وراء كلمات «مرينا بيكم حمد» لياس خضر؟","Which lyricist wrote Marina Bikom Hamad for Yas Khudr?","مظفر النواب","Muzaffar Al Nawab","Arab Music Academy — Yas Khudr repertoire","https://www.arabmusicmagazine.com/item/1497-2023-10-01-09-20-04","Retrieved or indexed 2026-10-08: Table credits: Marina Bikom Hamad music Mohammed Jawad Amouri/words Muzaffar Al Nawab; Han Wana Han music Talib Al Qarah Ghouli/words Muzaffar; Al Makir music Kamal Al Sayed/words Zamil Saeed Fattah.","2026-10-08"
"old_school_music_v2_184","hard600","song:hanwana:lyricist",,"من الشاعر الغنائي وراء كلمات «حن وآنا حن» لياس خضر؟","Which lyricist wrote Han Wana Han for Yas Khudr?","مظفر النواب","Muzaffar Al Nawab","Arab Music Academy — Yas Khudr repertoire","https://www.arabmusicmagazine.com/item/1497-2023-10-01-09-20-04","Retrieved or indexed 2026-10-08: Table credits: Marina Bikom Hamad music Mohammed Jawad Amouri/words Muzaffar Al Nawab; Han Wana Han music Talib Al Qarah Ghouli/words Muzaffar; Al Makir music Kamal Al Sayed/words Zamil Saeed Fattah.","2026-10-08"
"old_school_music_v2_185","hard600","song:makir:lyricist",,"من الشاعر الغنائي وراء كلمات «المكير» لياس خضر؟","Which lyricist wrote Al Makir for Yas Khudr?","زامل سعيد فتاح","Zamil Saeed Fattah","Arab Music Academy — Yas Khudr repertoire","https://www.arabmusicmagazine.com/item/1497-2023-10-01-09-20-04","Retrieved or indexed 2026-10-08: Table credits: Marina Bikom Hamad music Mohammed Jawad Amouri/words Muzaffar Al Nawab; Han Wana Han music Talib Al Qarah Ghouli/words Muzaffar; Al Makir music Kamal Al Sayed/words Zamil Saeed Fattah.","2026-10-08"
"old_school_music_v2_186","hard600","song:zahab:lyricist",,"من كتب كلمات أغنية محمد فوزي للأطفال «ذهب الليل»؟","Who wrote the lyrics of Mohammed Fawzi’s children’s song Zahab El Leil?","حسين السيد","Hussein El Sayed","Al Ahram — original film song","https://gate.ahram.org.eg/News/2531800.aspx","Retrieved or indexed 2026-10-08: Mohammed Fawzi Zahab El Leil in Moageza Men El Samaa; lyricist Hussein El Sayed.","2026-10-08"
"old_school_music_v2_187","hard600","song:flymoon:author",,"من كتب أغنية «فلاي مي تو ذا مون» عام 1954؟","Who wrote Fly Me To The Moon in 1954?","بارت هوارد","Bart Howard","Songwriters Hall of Fame — Fly Me To The Moon","https://www.songhall.org/profiles/fly-me-to-the-moon","Retrieved or indexed 2026-10-08: Original title In Other Words; author Bart Howard.","2026-10-08"
"old_school_music_v2_188","hard600","song:unforgettable:writer",,"من مؤلف «أنفورغيتابل» الذي نال عنها غرامي أغنية العام في حفل 1992؟","Which Unforgettable writer won Song Of The Year at the 1992 Grammys?","إرفينغ غوردون","Irving Gordon","Recording Academy — 1992 awards","https://www.grammy.com/awards/34th-annual-grammy-awards/","Retrieved or indexed 2026-10-08: Unforgettable Song of Year writer Irving Gordon.","2026-10-08"
"old_school_music_v2_189","hard600","song:amore:creditpair",,"من ملحّن وكاتب كلمات «ذاتس أموري» بحسب ترشيحها للأوسكار؟","Who composed That’s Amore and wrote its lyrics, according to its Oscar nomination?","هاري وارن؛ جاك بروكس","Harry Warren; Jack Brooks","Academy of Motion Picture Arts — 1954 song nominees","https://www.oscars.org/oscars/ceremonies/1954/L","Retrieved or indexed 2026-10-08: Thats Amore from The Caddy; music Harry Warren; lyrics Jack Brooks.","2026-10-08"
"old_school_music_v2_190","hard600","concert:ellaberlin:venue",,"في أي قاعة ببرلين سجّلت إيلا فيتزجيرالد حفلتها الشهيرة عام 1960؟","At which Berlin venue did Ella Fitzgerald record her famous 1960 concert?","دويتشلاند هاله","Deutschlandhalle","Ella Fitzgerald official — Gold track metadata","https://www.ellafitzgerald.com/releases-archive/gold/","Retrieved or indexed 2026-10-08: How High The Moon recorded live at Deutschlandhalle Berlin 1960; same Berlin concert.","2026-10-08"
"old_school_music_v2_191","hard600","song:hellodolly:author",,"من كتب موسيقى وكلمات «هالو دولي»؟","Who wrote the music and lyrics of Hello, Dolly!?","جيري هيرمان","Jerry Herman","Songwriters Hall of Fame — Jerry Herman","https://www.songhall.org/profiles/jerry-herman","Retrieved or indexed 2026-10-08: Jerry Herman composed Hello Dolly words and music.","2026-10-08"
"old_school_music_v2_192","hard600","song:volare:coauthor",,"من شارك دومينيكو مودونيو كتابة «نِل بلو ديبينتو دي بلو»؟","Who co-wrote Nel Blu, Dipinto Di Blu with Domenico Modugno?","فرانكو ميلياتشي","Franco Migliacci","Domenico Modugno official — historical news","https://www.domenicomodugno.it/sito/pagine/news.php?anno=2008","Retrieved or indexed 2026-10-08: Nel Blu Dipinto Di Blu also Volare; Domenico Modugno; Franco Migliacci coauthor.","2026-10-08"
"old_school_music_v2_193","hard600","song:allgirls:writers",,"من الثنائي الذي كتب «تو أول ذا غيرلز آيف لَفْد بيفور»؟","Which songwriting pair wrote To All The Girls I’ve Loved Before?","ألبرت هاموند وهال ديفيد","Albert Hammond and Hal David","Apple Shazam — label songwriting credits","https://www.shazam.com/en-us/song/1041549028/to-all-the-girls-ive-loved-before","Retrieved or indexed 2026-10-08: To All The Girls Ive Loved Before writers Albert Hammond and Hal David.","2026-10-08"
"old_school_music_v2_194","hard600","song:regretterien:lyricist",,"من كتب كلمات «نون، جو نو روغريت ريان»؟","Who wrote the lyrics of Non, Je Ne Regrette Rien?","ميشيل فوكير","Michel Vaucaire","BNF — original composition credits","https://catalogue.bnf.fr/ark%3A/12148/cb14787512n","Retrieved or indexed 2026-10-08: Charles Dumont music; Michel Vaucaire words.","2026-10-08"
"old_school_music_v2_195","hard600","song:prettywoman:label",,"ما شركة التسجيل التي أصدرت «أوه، بريتي وومان» لروي أوربيسون بالرقم 851؟","Which record label issued Roy Orbison’s Oh, Pretty Woman as single number 851?","مونومِنت","Monument","Roy Orbison estate — original recording","https://royorbison.com/roy-orbison-bill-dees-1964/","Retrieved or indexed 2026-10-08: Oh Pretty Woman Roy Orbison; coauthor Bill Dees; original single Monument 851.","2026-10-08"
"old_school_music_v2_196","hard600","film:jouwinidoc:director",,"أي حفيدة للهادي الجويني أخرجت «الرجل خلف الميكروفون»؟","Which granddaughter of Hedi Jouini directed The Man Behind The Microphone?","كلير بلحسين","Claire Belhassine","Doha Film Institute — 2017 Qumra catalogue","https://www.dohafilminstitute.com/newsletter/Qumra17Catalogue_Online_EN.pdf","Retrieved or indexed 2026-10-08: The Man Behind The Microphone portrait of Hedi Jouini; director/granddaughter Claire Belhassine.","2026-10-08"
"old_school_music_v2_197","hard600","artist:wardi:birthisland",,"في أي جزيرة نيلية وُلد محمد وردي؟","On which Nile island was Mohammed Wardi born?","جزيرة صاي","Sai Island","Arab Music Academy — Wardi profile","https://www.arabmusicmagazine.com/item/1291-2022-03-30-08-19-49","Retrieved or indexed 2026-10-08: Mohammed Wardi performs Al Tair Al Mohajer; tambur playing; born Sai island.","2026-10-08"
"old_school_music_v2_198","hard600","song:jarida:poet",,"من كتب كلمات «الجريدة» التي غنّاها محمد الأمين؟","Who wrote the lyrics of Al Jarida, sung by Mohammed Al Amin?","فضل الله محمد","Fadl Allah Mohammed","Al Sayha — specialist music criticism","https://www.assayha.net/99007/","Retrieved or indexed 2026-10-08: Al Jarida words Fadl Allah Mohammed.","2026-10-08"
"old_school_music_v2_199","hard600","song:najahnational:lyricist",,"من كتب كلمات «يا أغلى اسم في الوجود» في تسجيل نجاح سلام؟","Who wrote the lyrics of Ya Aghla Ism Fil Wujud, recorded by Najah Salam?","إسماعيل الحبروك","Ismail El Habrouk","Al Ahram — first-person Najah Salam interview","https://gate.ahram.org.eg/daily/news/131724/12/453780/%D9%85%D9%84%D9%81%D8%A7%D8%AA-%D8%A7%D9%84%D8%A7%D9%87%D8%B1%D8%A7%D9%85/%D9%86%D8%AC%D8%A7%D8%AD-%D8%B3%D9%84%D8%A7%D9%85-%D8%A7%D9%84%D9%81%D9%86-%D8%B9%D9%84%D9%85-%D9%88%D8%A7%D9%84%D9%81%D9%86%D8%A7%D9%86-%D8%A7%D9%84%D9%85%D8%AB%D9%82%D9%81-%D9%8A%D8%B1%D8%AA%D9%82%D9%89-%D8%A8%D8%B0%D9%88%D9%82-%D8%A7%D9%84%D8%AC%D9%85%D9%87.aspx","Retrieved or indexed 2026-10-08: Ya Aghla Ism Fil Wujud sung Najah; composed Mohammed El Mougi; words Ismail El Habrouk.","2026-10-08"
"old_school_music_v2_200","hard600","song:najma:lyricist",,"من كتب كلمات «يا نجمة» في تسجيل حسين نعمة؟","Who wrote the lyrics of Ya Najma, recorded by Hussein Nema?","كاظم الركابي","Kadhim Al Rikabi","Arab Music Academy — Kawkab Hamza obituary","https://www.arabmusicmagazine.org/item/1579-80","Retrieved or indexed 2026-10-08: Ya Najma sung Hussein Nema; music Kawkab Hamza; words Kadhim Al Rikabi.","2026-10-08"
"old_school_music_v2_201","hard600","song:tyour:lyricist",,"من كتب كلمات «يا طيور الطايرة» في تسجيل سعدون جابر؟","Who wrote the lyrics of Ya Tiyour El Tayra, recorded by Saadoun Jaber?","زهير الدجيلي","Zuhair Al Dujaili","Al Jazeera Documentary — Kawkab song history","https://www.aljazeera.net/arts/2021/7/4/%D9%83%D9%88%D9%83%D8%A8-%D8%A7%D8%A8%D9%86-%D8%A8%D8%A7%D8%A8%D9%84-%D8%A3%D9%84%D8%AD%D8%A7%D9%86-%D9%85%D8%AD%D8%B1%D8%B1-%D8%A7%D9%84%D8%A3%D8%BA%D9%86%D9%8A%D8%A9-%D8%A7%D9%84%D8%B9%D8%B1","Retrieved or indexed 2026-10-08: Ya Tiyour El Tayra sung Saadoun Jaber; composer Kawkab Hamza; writer Zuhair Al Dujaili.","2026-10-08"
"old_school_music_v2_202","hard600","song:saqayeen:lyricist",,"من كتب كلمات «حارة السقايين» في تسجيل شريفة فاضل؟","Who wrote the lyrics of Haret El Saqayeen, recorded by Sharifa Fadel?","حسين السيد","Hussein El Sayed","Al Ahram — original Sharifa Fadel credits","https://gate.ahram.org.eg/News/4166626.aspx","Retrieved or indexed 2026-10-08: Haret El Saqayeen Sharifa Fadel; music Mounir Mourad; words Hussein El Sayed.","2026-10-08"
"old_school_music_v2_203","hard600","song:habbaytak:frenchadaptationsinger",,"أي مغنٍّ فرنسي قدّم «كوبابل» المقتبسة موسيقيًا من «حبيتك بالصيف»؟","Which French singer recorded Coupable, musically adapted from Habbaytak Bessayf?","جان فرانسوا مايكل","Jean François Michael","Al Araby TV — Fairuz song adaptation","https://www.alaraby.com/news/%D8%AD%D8%A8%D9%8A%D8%AA%D9%83-%D8%A8%D8%A7%D9%84%D8%B5%D9%8A%D9%81%D8%8C-%D8%AD%D8%A8%D9%8A%D8%AA%D9%83-%D8%A8%D8%A7%D9%84%D8%B4%D8%AA%D9%8A-%D9%82%D8%B5%D8%A9-%D9%88%D8%A7%D8%AD%D8%AF%D8%A9-%D9%85%D9%86-%D8%A3%D8%AC%D9%84-%D8%A3%D8%BA%D8%A7%D9%86%D9%8A-%D9%81%D9%8A%D8%B1%D9%88%D8%B2","Retrieved or indexed 2026-10-08: Habbaytak Bessayf Fairuz; Rahbani music; French adaptation singer Jean Francois Michael. No disputed stage premiere question used.","2026-10-08"
"old_school_music_v2_204","hard600","song:mesafer:lyricist",,"من كتب كلمات «يا مسافر وحدك» لمحمد عبد الوهاب؟","Who wrote the lyrics of Mohammed Abdel Wahab’s Ya Mesafer Wahdak?","حسين السيد","Hussein El Sayed","Youm7 — Abdel Wahab archived first-person interview","https://www.youm7.com/story/2017/9/20/%D8%A8%D8%A7%D9%84%D9%81%D9%8A%D8%AF%D9%8A%D9%88-%D9%85%D8%AD%D9%85%D8%AF-%D8%B9%D8%A8%D8%AF-%D8%A7%D9%84%D9%88%D9%87%D8%A7%D8%A8-%D8%A3%D8%BA%D9%86%D9%8A%D8%A9-%D9%8A%D8%A7-%D9%85%D8%B3%D8%A7%D9%81%D8%B1-%D9%88%D8%AD%D8%AF%D9%83-%D8%A3%D8%B1%D9%87%D9%82%D8%AA%D9%86%D9%89-%D9%84%D9%87%D8%B0%D9%87/3420417","Retrieved or indexed 2026-10-08: Ya Mesafer Wahdak Mohammed Abdel Wahab; film Mamnou El Hob; words Hussein El Sayed.","2026-10-08"
