"pair","hash","decision","reason"
"international_music_v2_012/emirati_music_v2_068","8879ef11c761857d75ea8de780d94ca792db29bce1c103a8db18a2cfa3a22c8e","distinct","Assistant inspected song:heroes:performer: Which singer released Heroes in 1977? (David Bowie) against song:yamarini:singer: Which Emirati singer released Yamarini Tarik in 2020? (Eida Al Menhali). These identify different works, different institutions or different artist attributes. The review compares every completed bank, including Egyptian Music and Arabic Music; ambiguous or unsupported release credits were excluded during research. Different song credits, artist instruments, labels, collaborators and musical genres remain separate relations; no retained pair asks the same relation about the same entity."
"international_music_v2_020/emirati_music_v2_049","6c38049f2985db1b093d2bbf67fdd12a2fc530aeb9e8c8501925eacf194d36f3","distinct","Assistant inspected song:rehab:performer: Which British singer performs Rehab? (Amy Winehouse) against song:diplomacy:singer: Which female singer performed Diplomacy? (Balqees). These identify different works, different institutions or different artist attributes. The review compares every completed bank, including Egyptian Music and Arabic Music; ambiguous or unsupported release credits were excluded during research. Different song credits, artist instruments, labels, collaborators and musical genres remain separate relations; no retained pair asks the same relation about the same entity."
"international_music_v2_020/emirati_music_v2_060","32348980d9271d8fbc01a9a5999ccaa32792cd7cadabaa0115c66d1adb9f057d","distinct","Assistant inspected song:rehab:performer: Which British singer performs Rehab? (Amy Winehouse) against song:yalazem:singer: Which female singer performs Yalazemni Khayalak? (Ahlam). These identify different works, different institutions or different artist attributes. The review compares every completed bank, including Egyptian Music and Arabic Music; ambiguous or unsupported release credits were excluded during research. Different song credits, artist instruments, labels, collaborators and musical genres remain separate relations; no retained pair asks the same relation about the same entity."
"international_music_v2_023/emirati_music_v2_049","0aaa310de8ddcca399d154bc252cfa9e15bfbf2a8fe356457254b15ddec69de0","distinct","Assistant inspected song:badromance:performer: Which singer performs Bad Romance? (Lady Gaga) against song:diplomacy:singer: Which female singer performed Diplomacy? (Balqees). These identify different works, different institutions or different artist attributes. The review compares every completed bank, including Egyptian Music and Arabic Music; ambiguous or unsupported release credits were excluded during research. Different song credits, artist instruments, labels, collaborators and musical genres remain separate relations; no retained pair asks the same relation about the same entity."
"international_music_v2_023/emirati_music_v2_060","b68adecf9b98d5a18385ecacebaf62301889334aba7ea12f7edd558140cd58c4","distinct","Assistant inspected song:badromance:performer: Which singer performs Bad Romance? (Lady Gaga) against song:yalazem:singer: Which female singer performs Yalazemni Khayalak? (Ahlam). These identify different works, different institutions or different artist attributes. The review compares every completed bank, including Egyptian Music and Arabic Music; ambiguous or unsupported release credits were excluded during research. Different song credits, artist instruments, labels, collaborators and musical genres remain separate relations; no retained pair asks the same relation about the same entity."
"international_music_v2_025/emirati_music_v2_049","b243d5e3ab7da54f602e9bad994a40d899634b79f24af132131f2fcedfbeb213","distinct","Assistant inspected song:umbrella:performer: Which singer performs Umbrella? (Rihanna) against song:diplomacy:singer: Which female singer performed Diplomacy? (Balqees). These identify different works, different institutions or different artist attributes. The review compares every completed bank, including Egyptian Music and Arabic Music; ambiguous or unsupported release credits were excluded during research. Different song credits, artist instruments, labels, collaborators and musical genres remain separate relations; no retained pair asks the same relation about the same entity."
"international_music_v2_025/emirati_music_v2_060","960203ebcb3c821457bab556b8a74ba0ff8f52bf5c5fe851a852d4864799c842","distinct","Assistant inspected song:umbrella:performer: Which singer performs Umbrella? (Rihanna) against song:yalazem:singer: Which female singer performs Yalazemni Khayalak? (Ahlam). These identify different works, different institutions or different artist attributes. The review compares every completed bank, including Egyptian Music and Arabic Music; ambiguous or unsupported release credits were excluded during research. Different song credits, artist instruments, labels, collaborators and musical genres remain separate relations; no retained pair asks the same relation about the same entity."
"international_music_v2_026/emirati_music_v2_049","d910387caa89455c986318c8a82ad97eab593ca6a93c79f96f104b00c8ef55ea","distinct","Assistant inspected song:levitating:performer: Which singer performs Levitating? (Dua Lipa) against song:diplomacy:singer: Which female singer performed Diplomacy? (Balqees). These identify different works, different institutions or different artist attributes. The review compares every completed bank, including Egyptian Music and Arabic Music; ambiguous or unsupported release credits were excluded during research. Different song credits, artist instruments, labels, collaborators and musical genres remain separate relations; no retained pair asks the same relation about the same entity."
"international_music_v2_026/emirati_music_v2_060","88ecd475e844eccc451a4c875a02f4284e084fe0cba9d57798680c43d20d91c7","distinct","Assistant inspected song:levitating:performer: Which singer performs Levitating? (Dua Lipa) against song:yalazem:singer: Which female singer performs Yalazemni Khayalak? (Ahlam). These identify different works, different institutions or different artist attributes. The review compares every completed bank, including Egyptian Music and Arabic Music; ambiguous or unsupported release credits were excluded during research. Different song credits, artist instruments, labels, collaborators and musical genres remain separate relations; no retained pair asks the same relation about the same entity."
"international_music_v2_027/emirati_music_v2_049","81ca8595f6ce1a3e2ec8e9e86e7644bc677b3b872c63989f067a2ea4990ee123","distinct","Assistant inspected song:chandelier:performer: Which Australian singer performs Chandelier? (Sia) against song:diplomacy:singer: Which female singer performed Diplomacy? (Balqees). These identify different works, different institutions or different artist attributes. The review compares every completed bank, including Egyptian Music and Arabic Music; ambiguous or unsupported release credits were excluded during research. Different song credits, artist instruments, labels, collaborators and musical genres remain separate relations; no retained pair asks the same relation about the same entity."
"international_music_v2_027/emirati_music_v2_060","0945b7c5441e9a2304ea165114e4ee0fa2b59445948f209a213a70444dfb3ae0","distinct","Assistant inspected song:chandelier:performer: Which Australian singer performs Chandelier? (Sia) against song:yalazem:singer: Which female singer performs Yalazemni Khayalak? (Ahlam). These identify different works, different institutions or different artist attributes. The review compares every completed bank, including Egyptian Music and Arabic Music; ambiguous or unsupported release credits were excluded during research. Different song credits, artist instruments, labels, collaborators and musical genres remain separate relations; no retained pair asks the same relation about the same entity."
"international_music_v2_028/emirati_music_v2_049","14feee995f33306531698014f6b43e773ea427c6fc08bbe2ab2a49e9681fb9a9","distinct","Assistant inspected song:badguy:performer: Which singer performs bad guy? (Billie Eilish) against song:diplomacy:singer: Which female singer performed Diplomacy? (Balqees). These identify different works, different institutions or different artist attributes. The review compares every completed bank, including Egyptian Music and Arabic Music; ambiguous or unsupported release credits were excluded during research. Different song credits, artist instruments, labels, collaborators and musical genres remain separate relations; no retained pair asks the same relation about the same entity."
"international_music_v2_028/emirati_music_v2_060","dce07f3a06f83f17675dc85910f6584218a0d011bd0dc2ec56564dd1f2e6709e","distinct","Assistant inspected song:badguy:performer: Which singer performs bad guy? (Billie Eilish) against song:yalazem:singer: Which female singer performs Yalazemni Khayalak? (Ahlam). These identify different works, different institutions or different artist attributes. The review compares every completed bank, including Egyptian Music and Arabic Music; ambiguous or unsupported release credits were excluded during research. Different song credits, artist instruments, labels, collaborators and musical genres remain separate relations; no retained pair asks the same relation about the same entity."
"international_music_v2_029/emirati_music_v2_049","ae3c9a56950480569ea613b2404bcfd9e768ddcdff7478199335585ae8d7b62d","distinct","Assistant inspected song:driverslicense:performer: Which singer performs drivers license? (Olivia Rodrigo) against song:diplomacy:singer: Which female singer performed Diplomacy? (Balqees). These identify different works, different institutions or different artist attributes. The review compares every completed bank, including Egyptian Music and Arabic Music; ambiguous or unsupported release credits were excluded during research. Different song credits, artist instruments, labels, collaborators and musical genres remain separate relations; no retained pair asks the same relation about the same entity."
"international_music_v2_029/emirati_music_v2_060","52c02c2e73750a26eef44e782c03768329e6300b7dbe946b4cfda03cf0c51cbd","distinct","Assistant inspected song:driverslicense:performer: Which singer performs drivers license? (Olivia Rodrigo) against song:yalazem:singer: Which female singer performs Yalazemni Khayalak? (Ahlam). These identify different works, different institutions or different artist attributes. The review compares every completed bank, including Egyptian Music and Arabic Music; ambiguous or unsupported release credits were excluded during research. Different song credits, artist instruments, labels, collaborators and musical genres remain separate relations; no retained pair asks the same relation about the same entity."
"international_music_v2_031/emirati_music_v2_044","c3d1ca10abc3b9f83151128d5293b973afa8041ff59788c0933602526ff8cfa7","distinct","Assistant inspected song:blindinglights:performer: Which singer performs Blinding Lights? (The Weeknd) against song:fakadtek:singer: Which Emirati singer performed Fakadtak? (Hussain Al Jassmi). These identify different works, different institutions or different artist attributes. The review compares every completed bank, including Egyptian Music and Arabic Music; ambiguous or unsupported release credits were excluded during research. Different song credits, artist instruments, labels, collaborators and musical genres remain separate relations; no retained pair asks the same relation about the same entity."
"international_music_v2_033/emirati_music_v2_049","d20a1189df4ce4a1775acd785eee8300882d9f0d54b023a9b88fe318523c08b2","distinct","Assistant inspected song:hipsdontlie:performer: Which singer performs Hips Don't Lie? (Shakira) against song:diplomacy:singer: Which female singer performed Diplomacy? (Balqees). These identify different works, different institutions or different artist attributes. The review compares every completed bank, including Egyptian Music and Arabic Music; ambiguous or unsupported release credits were excluded during research. Different song credits, artist instruments, labels, collaborators and musical genres remain separate relations; no retained pair asks the same relation about the same entity."
"international_music_v2_039/emirati_music_v2_044","e668a42afc7f00d4404319bd43bbd048dd08acb3c8c09f8dd1497554e4ff77ab","distinct","Assistant inspected song:happy:performer: Which singer performs Happy? (Pharrell Williams) against song:fakadtek:singer: Which Emirati singer performed Fakadtak? (Hussain Al Jassmi). These identify different works, different institutions or different artist attributes. The review compares every completed bank, including Egyptian Music and Arabic Music; ambiguous or unsupported release credits were excluded during research. Different song credits, artist instruments, labels, collaborators and musical genres remain separate relations; no retained pair asks the same relation about the same entity."
"international_music_v2_039/emirati_music_v2_066","8e8d1b842cd8bea5818ad0c7a3e17cf3afc7c6170ef4b4f46fcde105d18cffb8","distinct","Assistant inspected song:happy:performer: Which singer performs Happy? (Pharrell Williams) against song:seta:singer: Which Emirati singer performs Seta El Sobah? (Hussain Al Jassmi). These identify different works, different institutions or different artist attributes. The review compares every completed bank, including Egyptian Music and Arabic Music; ambiguous or unsupported release credits were excluded during research. Different song credits, artist instruments, labels, collaborators and musical genres remain separate relations; no retained pair asks the same relation about the same entity."
"international_music_v2_055/emirati_music_v2_049","1705a04693371fc1a28726fa666cac53af98ade614d11dbe1d0d375742538aa2","distinct","Assistant inspected song:comolaflor:performer: Which singer performs Como La Flor? (Selena) against song:diplomacy:singer: Which female singer performed Diplomacy? (Balqees). These identify different works, different institutions or different artist attributes. The review compares every completed bank, including Egyptian Music and Arabic Music; ambiguous or unsupported release credits were excluded during research. Different song credits, artist instruments, labels, collaborators and musical genres remain separate relations; no retained pair asks the same relation about the same entity."
"international_music_v2_068/emirati_music_v2_049","f752ed67212541ddde061acb17bcb4271593f181d8fec6dd75489c82db8af04f","distinct","Assistant inspected song:ihavenothing:performer: Which singer performs I Have Nothing? (Whitney Houston) against song:diplomacy:singer: Which female singer performed Diplomacy? (Balqees). These identify different works, different institutions or different artist attributes. The review compares every completed bank, including Egyptian Music and Arabic Music; ambiguous or unsupported release credits were excluded during research. Different song credits, artist instruments, labels, collaborators and musical genres remain separate relations; no retained pair asks the same relation about the same entity."
"international_music_v2_003/gulf_music_v2_015","30d3c9eef7addccd9d68891e5f1fd8a964d6d0ddc317180dbf68b2a6f5b7904f","distinct","Assistant inspected song:thriller:performer: Which singer performs Thriller and stars in its famous video? (Michael Jackson) against song:alamaken:singer: Which singer performs Al Amaken? (Mohammed Abdu). These identify different works, different institutions or different artist attributes. The review compares every completed bank, including Egyptian Music and Arabic Music; ambiguous or unsupported release credits were excluded during research. Different song credits, artist instruments, labels, collaborators and musical genres remain separate relations; no retained pair asks the same relation about the same entity."
"international_music_v2_003/gulf_music_v2_052","73443e5ecb8f9ef54a8b2ede5e5604f8f297d30556520ad7f3787e43eae46998","distinct","Assistant inspected song:thriller:performer: Which singer performs Thriller and stars in its famous video? (Michael Jackson) against song:mozhela:singer: Which singer recorded Mozhela? (Mohammed Abdu). These identify different works, different institutions or different artist attributes. The review compares every completed bank, including Egyptian Music and Arabic Music; ambiguous or unsupported release credits were excluded during research. Different song credits, artist instruments, labels, collaborators and musical genres remain separate relations; no retained pair asks the same relation about the same entity."
"international_music_v2_003/gulf_music_v2_066","94c7daabd35a9f78c34d4733e1bb3d3fa0bcfdc0676899876a0bf0eeae598135","distinct","Assistant inspected song:thriller:performer: Which singer performs Thriller and stars in its famous video? (Michael Jackson) against song:tenadeek:singer: Which singer recorded Tenadeek? (Majid Al Mohandis). These identify different works, different institutions or different artist attributes. The review compares every completed bank, including Egyptian Music and Arabic Music; ambiguous or unsupported release credits were excluded during research. Different song credits, artist instruments, labels, collaborators and musical genres remain separate relations; no retained pair asks the same relation about the same entity."
"international_music_v2_011/gulf_music_v2_023","12ffdf01e9cb2cd1f4af2129d52fe0862527bc9ee479af0a09c76a908197cdbd","distinct","Assistant inspected song:yoursong:performer: Which singer made the original recording of Your Song? (Elton John) against song:maqadir:singer: Which singer made the famous recording of Maqadir? (Talal Maddah). These identify different works, different institutions or different artist attributes. The review compares every completed bank, including Egyptian Music and Arabic Music; ambiguous or unsupported release credits were excluded during research. Different song credits, artist instruments, labels, collaborators and musical genres remain separate relations; no retained pair asks the same relation about the same entity."
"international_music_v2_012/gulf_music_v2_051","d4f57450050132ca4a77a65fd4069cc159dd49e78b8d94d7d758ff209230d19d","distinct","Assistant inspected song:heroes:performer: Which singer released Heroes in 1977? (David Bowie) against song:tetanfasak:singer: Which singer released Tetanfasak Dunyay in 2022? (Abdul Majeed Abdullah). These identify different works, different institutions or different artist attributes. The review compares every completed bank, including Egyptian Music and Arabic Music; ambiguous or unsupported release credits were excluded during research. Different song credits, artist instruments, labels, collaborators and musical genres remain separate relations; no retained pair asks the same relation about the same entity."
"international_music_v2_014/gulf_music_v2_023","719bc54dde7087620fa776efacfb502570249b419eba1af340f36a07c044e662","distinct","Assistant inspected song:hotelcalifornia:performer: Which band made the famous recording of Hotel California? (Eagles) against song:maqadir:singer: Which singer made the famous recording of Maqadir? (Talal Maddah). These identify different works, different institutions or different artist attributes. The review compares every completed bank, including Egyptian Music and Arabic Music; ambiguous or unsupported release credits were excluded during research. Different song credits, artist instruments, labels, collaborators and musical genres remain separate relations; no retained pair asks the same relation about the same entity."
"international_music_v2_020/gulf_music_v2_039","dbbac0898af92109f5fab8409fc4ada9b8f30543054ff4b28fe76a37300966c4","distinct","Assistant inspected song:rehab:performer: Which British singer performs Rehab? (Amy Winehouse) against song:qulubsahiya:singer: Which female singer recorded Al Quloub Al Sahiya? (Nawal). These identify different works, different institutions or different artist attributes. The review compares every completed bank, including Egyptian Music and Arabic Music; ambiguous or unsupported release credits were excluded during research. Different song credits, artist instruments, labels, collaborators and musical genres remain separate relations; no retained pair asks the same relation about the same entity."
"international_music_v2_023/gulf_music_v2_039","c6112a1bb4e06390de7b882b2609fc79659a080eb9c71fffb2a56610ee15f51f","distinct","Assistant inspected song:badromance:performer: Which singer performs Bad Romance? (Lady Gaga) against song:qulubsahiya:singer: Which female singer recorded Al Quloub Al Sahiya? (Nawal). These identify different works, different institutions or different artist attributes. The review compares every completed bank, including Egyptian Music and Arabic Music; ambiguous or unsupported release credits were excluded during research. Different song credits, artist instruments, labels, collaborators and musical genres remain separate relations; no retained pair asks the same relation about the same entity."
"international_music_v2_025/gulf_music_v2_002","18ca1dadb53ba019118dfa26ed8abe9d709950825cd9b5e6e017de7795c0f3af","distinct","Assistant inspected song:umbrella:performer: Which singer performs Umbrella? (Rihanna) against song:iyar:singer: Which Omani singer performs Iyar? (Salah Al Zadjali). These identify different works, different institutions or different artist attributes. The review compares every completed bank, including Egyptian Music and Arabic Music; ambiguous or unsupported release credits were excluded during research. Different song credits, artist instruments, labels, collaborators and musical genres remain separate relations; no retained pair asks the same relation about the same entity."
"international_music_v2_025/gulf_music_v2_015","8e77c848535ec1f5ed183d9db7f1a239a6bf6cd4e58282901303294da6671cd7","distinct","Assistant inspected song:umbrella:performer: Which singer performs Umbrella? (Rihanna) against song:alamaken:singer: Which singer performs Al Amaken? (Mohammed Abdu). These identify different works, different institutions or different artist attributes. The review compares every completed bank, including Egyptian Music and Arabic Music; ambiguous or unsupported release credits were excluded during research. Different song credits, artist instruments, labels, collaborators and musical genres remain separate relations; no retained pair asks the same relation about the same entity."
"international_music_v2_025/gulf_music_v2_016","70ade4e4097ddb238880c5d38cd6ae49b3a1cf52d4afde82ddd651c615a65028","distinct","Assistant inspected song:umbrella:performer: Which singer performs Umbrella? (Rihanna) against song:yabadahom:singer: Which singer performs Ya Badohom? (Abdul Majeed Abdullah). These identify different works, different institutions or different artist attributes. The review compares every completed bank, including Egyptian Music and Arabic Music; ambiguous or unsupported release credits were excluded during research. Different song credits, artist instruments, labels, collaborators and musical genres remain separate relations; no retained pair asks the same relation about the same entity."
"international_music_v2_025/gulf_music_v2_017","fa24eeaa794373ebe5769e7f71bb3250fe1481039c1bb9b56300c4143dd08d8a","distinct","Assistant inspected song:umbrella:performer: Which singer performs Umbrella? (Rihanna) against song:rahalty:singer: Which Kuwaiti singer performs Rahalty? (Abdullah Al Rowaished). These identify different works, different institutions or different artist attributes. The review compares every completed bank, including Egyptian Music and Arabic Music; ambiguous or unsupported release credits were excluded during research. Different song credits, artist instruments, labels, collaborators and musical genres remain separate relations; no retained pair asks the same relation about the same entity."
"international_music_v2_025/gulf_music_v2_039","8947bfeff246fccbcccf806370baec76330595c316b0cea7876b6e8bcbb0e1f0","distinct","Assistant inspected song:umbrella:performer: Which singer performs Umbrella? (Rihanna) against song:qulubsahiya:singer: Which female singer recorded Al Quloub Al Sahiya? (Nawal). These identify different works, different institutions or different artist attributes. The review compares every completed bank, including Egyptian Music and Arabic Music; ambiguous or unsupported release credits were excluded during research. Different song credits, artist instruments, labels, collaborators and musical genres remain separate relations; no retained pair asks the same relation about the same entity."
"international_music_v2_026/gulf_music_v2_002","8a9b3d02fe6b184a6245c3239b9b6ca259be98ed8157b3cf55c97aba5bd2708f","distinct","Assistant inspected song:levitating:performer: Which singer performs Levitating? (Dua Lipa) against song:iyar:singer: Which Omani singer performs Iyar? (Salah Al Zadjali). These identify different works, different institutions or different artist attributes. The review compares every completed bank, including Egyptian Music and Arabic Music; ambiguous or unsupported release credits were excluded during research. Different song credits, artist instruments, labels, collaborators and musical genres remain separate relations; no retained pair asks the same relation about the same entity."
"international_music_v2_026/gulf_music_v2_015","66a2aa8b6977b8386800c7c6e7769dc1884cc9eae5e573d481a62c5fefa30f7c","distinct","Assistant inspected song:levitating:performer: Which singer performs Levitating? (Dua Lipa) against song:alamaken:singer: Which singer performs Al Amaken? (Mohammed Abdu). These identify different works, different institutions or different artist attributes. The review compares every completed bank, including Egyptian Music and Arabic Music; ambiguous or unsupported release credits were excluded during research. Different song credits, artist instruments, labels, collaborators and musical genres remain separate relations; no retained pair asks the same relation about the same entity."
"international_music_v2_026/gulf_music_v2_016","f515acbd75c73dff55dfe894e4cfc58650cbed1a075c3717941c6c5ab91d83cc","distinct","Assistant inspected song:levitating:performer: Which singer performs Levitating? (Dua Lipa) against song:yabadahom:singer: Which singer performs Ya Badohom? (Abdul Majeed Abdullah). These identify different works, different institutions or different artist attributes. The review compares every completed bank, including Egyptian Music and Arabic Music; ambiguous or unsupported release credits were excluded during research. Different song credits, artist instruments, labels, collaborators and musical genres remain separate relations; no retained pair asks the same relation about the same entity."
"international_music_v2_026/gulf_music_v2_017","5a1a2325c2d9768a20326cb929f355d9649fa12478b8935dd58acea3e6a357cd","distinct","Assistant inspected song:levitating:performer: Which singer performs Levitating? (Dua Lipa) against song:rahalty:singer: Which Kuwaiti singer performs Rahalty? (Abdullah Al Rowaished). These identify different works, different institutions or different artist attributes. The review compares every completed bank, including Egyptian Music and Arabic Music; ambiguous or unsupported release credits were excluded during research. Different song credits, artist instruments, labels, collaborators and musical genres remain separate relations; no retained pair asks the same relation about the same entity."
"international_music_v2_026/gulf_music_v2_039","31d4a43501027b181ec05004696ea89e0c3fca947189712827be237faa286888","distinct","Assistant inspected song:levitating:performer: Which singer performs Levitating? (Dua Lipa) against song:qulubsahiya:singer: Which female singer recorded Al Quloub Al Sahiya? (Nawal). These identify different works, different institutions or different artist attributes. The review compares every completed bank, including Egyptian Music and Arabic Music; ambiguous or unsupported release credits were excluded during research. Different song credits, artist instruments, labels, collaborators and musical genres remain separate relations; no retained pair asks the same relation about the same entity."
"international_music_v2_027/gulf_music_v2_039","386e4be0d30175927ed84af63a8a5dd67af16f8397520eff4546092b19abe142","distinct","Assistant inspected song:chandelier:performer: Which Australian singer performs Chandelier? (Sia) against song:qulubsahiya:singer: Which female singer recorded Al Quloub Al Sahiya? (Nawal). These identify different works, different institutions or different artist attributes. The review compares every completed bank, including Egyptian Music and Arabic Music; ambiguous or unsupported release credits were excluded during research. Different song credits, artist instruments, labels, collaborators and musical genres remain separate relations; no retained pair asks the same relation about the same entity."
"international_music_v2_028/gulf_music_v2_039","28759ed023f7dc4f73eb4abe2fb5fa32cdec8536bc8e12891f4de3583c33970b","distinct","Assistant inspected song:badguy:performer: Which singer performs bad guy? (Billie Eilish) against song:qulubsahiya:singer: Which female singer recorded Al Quloub Al Sahiya? (Nawal). These identify different works, different institutions or different artist attributes. The review compares every completed bank, including Egyptian Music and Arabic Music; ambiguous or unsupported release credits were excluded during research. Different song credits, artist instruments, labels, collaborators and musical genres remain separate relations; no retained pair asks the same relation about the same entity."
"international_music_v2_029/gulf_music_v2_039","f2806cb9a28d6a84e9450b6cdfdca440da2ef5e7d6e568908332a5ac32288e2b","distinct","Assistant inspected song:driverslicense:performer: Which singer performs drivers license? (Olivia Rodrigo) against song:qulubsahiya:singer: Which female singer recorded Al Quloub Al Sahiya? (Nawal). These identify different works, different institutions or different artist attributes. The review compares every completed bank, including Egyptian Music and Arabic Music; ambiguous or unsupported release credits were excluded during research. Different song credits, artist instruments, labels, collaborators and musical genres remain separate relations; no retained pair asks the same relation about the same entity."
"international_music_v2_031/gulf_music_v2_002","2757041ef78ac743a9fe0451c8fd5c6f16c5b2e74684c71dc38e4118afa74a50","distinct","Assistant inspected song:blindinglights:performer: Which singer performs Blinding Lights? (The Weeknd) against song:iyar:singer: Which Omani singer performs Iyar? (Salah Al Zadjali). These identify different works, different institutions or different artist attributes. The review compares every completed bank, including Egyptian Music and Arabic Music; ambiguous or unsupported release credits were excluded during research. Different song credits, artist instruments, labels, collaborators and musical genres remain separate relations; no retained pair asks the same relation about the same entity."
"international_music_v2_031/gulf_music_v2_015","d5a0db826d29c04c406ecdd20527ef1496d1f6ed1472273382faeef4626dcd4a","distinct","Assistant inspected song:blindinglights:performer: Which singer performs Blinding Lights? (The Weeknd) against song:alamaken:singer: Which singer performs Al Amaken? (Mohammed Abdu). These identify different works, different institutions or different artist attributes. The review compares every completed bank, including Egyptian Music and Arabic Music; ambiguous or unsupported release credits were excluded during research. Different song credits, artist instruments, labels, collaborators and musical genres remain separate relations; no retained pair asks the same relation about the same entity."
"international_music_v2_031/gulf_music_v2_016","77f9b483558aa550b41bef29940541b1b8f920b5d2a13c8e7dc8da345b0ad453","distinct","Assistant inspected song:blindinglights:performer: Which singer performs Blinding Lights? (The Weeknd) against song:yabadahom:singer: Which singer performs Ya Badohom? (Abdul Majeed Abdullah). These identify different works, different institutions or different artist attributes. The review compares every completed bank, including Egyptian Music and Arabic Music; ambiguous or unsupported release credits were excluded during research. Different song credits, artist instruments, labels, collaborators and musical genres remain separate relations; no retained pair asks the same relation about the same entity."
"international_music_v2_031/gulf_music_v2_017","c82e124703f9e35c9c01c7d63dfc1600ffdbadfd34d20a9bcc3edff2102ffdcf","distinct","Assistant inspected song:blindinglights:performer: Which singer performs Blinding Lights? (The Weeknd) against song:rahalty:singer: Which Kuwaiti singer performs Rahalty? (Abdullah Al Rowaished). These identify different works, different institutions or different artist attributes. The review compares every completed bank, including Egyptian Music and Arabic Music; ambiguous or unsupported release credits were excluded during research. Different song credits, artist instruments, labels, collaborators and musical genres remain separate relations; no retained pair asks the same relation about the same entity."
"international_music_v2_031/gulf_music_v2_022","2aa9d2e976d61bf3391a1b664ae89b32b68b2b26bf3cba816f0b82c2dd710e78","distinct","Assistant inspected song:blindinglights:performer: Which singer performs Blinding Lights? (The Weeknd) against song:sheratan:singer: Which singer performs Sheratan Al Thahab? (Rashed Al Majid). These identify different works, different institutions or different artist attributes. The review compares every completed bank, including Egyptian Music and Arabic Music; ambiguous or unsupported release credits were excluded during research. Different song credits, artist instruments, labels, collaborators and musical genres remain separate relations; no retained pair asks the same relation about the same entity."
"international_music_v2_031/gulf_music_v2_037","de3e0f79425d68cdd52f71e2ed9853ee6a2f420fa78e59b47ca4b9d67f355373","distinct","Assistant inspected song:blindinglights:performer: Which singer performs Blinding Lights? (The Weeknd) against song:duniaalwalah:singer: Which singer recorded Dunia Al Walah? (Abdullah Al Rowaished). These identify different works, different institutions or different artist attributes. The review compares every completed bank, including Egyptian Music and Arabic Music; ambiguous or unsupported release credits were excluded during research. Different song credits, artist instruments, labels, collaborators and musical genres remain separate relations; no retained pair asks the same relation about the same entity."
"international_music_v2_031/gulf_music_v2_052","cbe0b9d96aefd3e70aa1d800bb232970a97792d795dde73f2aba8cf8c93f7728","distinct","Assistant inspected song:blindinglights:performer: Which singer performs Blinding Lights? (The Weeknd) against song:mozhela:singer: Which singer recorded Mozhela? (Mohammed Abdu). These identify different works, different institutions or different artist attributes. The review compares every completed bank, including Egyptian Music and Arabic Music; ambiguous or unsupported release credits were excluded during research. Different song credits, artist instruments, labels, collaborators and musical genres remain separate relations; no retained pair asks the same relation about the same entity."
"international_music_v2_031/gulf_music_v2_056","372e06f5109b8e916aeb69df6177d053792b8b74af47423cafef96905d4b850e","distinct","Assistant inspected song:blindinglights:performer: Which singer performs Blinding Lights? (The Weeknd) against song:qalootara:singer: Which singer recorded Qaloo Tara? (Abadi Al Johar). These identify different works, different institutions or different artist attributes. The review compares every completed bank, including Egyptian Music and Arabic Music; ambiguous or unsupported release credits were excluded during research. Different song credits, artist instruments, labels, collaborators and musical genres remain separate relations; no retained pair asks the same relation about the same entity."
"international_music_v2_031/gulf_music_v2_066","b6dceee2fbb3121147831e445ee669a92dd5aa31c0ea3f641109042be5e21318","distinct","Assistant inspected song:blindinglights:performer: Which singer performs Blinding Lights? (The Weeknd) against song:tenadeek:singer: Which singer recorded Tenadeek? (Majid Al Mohandis). These identify different works, different institutions or different artist attributes. The review compares every completed bank, including Egyptian Music and Arabic Music; ambiguous or unsupported release credits were excluded during research. Different song credits, artist instruments, labels, collaborators and musical genres remain separate relations; no retained pair asks the same relation about the same entity."
"international_music_v2_032/gulf_music_v2_015","db9473f8ceb41cb0aa5f20319ee3699b0e323113bcdd2b76afb09c1470157581","distinct","Assistant inspected song:asitwas:performer: Which singer performs As It Was? (Harry Styles) against song:alamaken:singer: Which singer performs Al Amaken? (Mohammed Abdu). These identify different works, different institutions or different artist attributes. The review compares every completed bank, including Egyptian Music and Arabic Music; ambiguous or unsupported release credits were excluded during research. Different song credits, artist instruments, labels, collaborators and musical genres remain separate relations; no retained pair asks the same relation about the same entity."
"international_music_v2_032/gulf_music_v2_052","f44321c20c0e9726ed0751dbd1fb99d316daf09a4ab79526441d1691027b92b4","distinct","Assistant inspected song:asitwas:performer: Which singer performs As It Was? (Harry Styles) against song:mozhela:singer: Which singer recorded Mozhela? (Mohammed Abdu). These identify different works, different institutions or different artist attributes. The review compares every completed bank, including Egyptian Music and Arabic Music; ambiguous or unsupported release credits were excluded during research. Different song credits, artist instruments, labels, collaborators and musical genres remain separate relations; no retained pair asks the same relation about the same entity."
"international_music_v2_032/gulf_music_v2_066","3650dcc74172a1a24482d11be4643028598fdb5c57d459ea9527af509e9eabd2","distinct","Assistant inspected song:asitwas:performer: Which singer performs As It Was? (Harry Styles) against song:tenadeek:singer: Which singer recorded Tenadeek? (Majid Al Mohandis). These identify different works, different institutions or different artist attributes. The review compares every completed bank, including Egyptian Music and Arabic Music; ambiguous or unsupported release credits were excluded during research. Different song credits, artist instruments, labels, collaborators and musical genres remain separate relations; no retained pair asks the same relation about the same entity."
"international_music_v2_039/gulf_music_v2_002","a582547c9d8754d526a6f35d94306231857ac06717e8894b1685506556e77d77","distinct","Assistant inspected song:happy:performer: Which singer performs Happy? (Pharrell Williams) against song:iyar:singer: Which Omani singer performs Iyar? (Salah Al Zadjali). These identify different works, different institutions or different artist attributes. The review compares every completed bank, including Egyptian Music and Arabic Music; ambiguous or unsupported release credits were excluded during research. Different song credits, artist instruments, labels, collaborators and musical genres remain separate relations; no retained pair asks the same relation about the same entity."
"international_music_v2_039/gulf_music_v2_009","7c7df320f30c527d2137c873388166b7ef9277b59dd7e1e6b49f1af0e80c4bb3","distinct","Assistant inspected song:happy:performer: Which singer performs Happy? (Pharrell Williams) against song:adelqissa:singer: Which Bahraini singer performs Qissa Jadidah? (Adel Mahmood). These identify different works, different institutions or different artist attributes. The review compares every completed bank, including Egyptian Music and Arabic Music; ambiguous or unsupported release credits were excluded during research. Different song credits, artist instruments, labels, collaborators and musical genres remain separate relations; no retained pair asks the same relation about the same entity."
"international_music_v2_039/gulf_music_v2_013","3aae3a2c32282a8ceaa989ad8abf7a896a8c82b0c150c1f9ce5303eb78414cc7","distinct","Assistant inspected song:happy:performer: Which singer performs Happy? (Pharrell Williams) against song:yashams:singer: Which Kuwaiti singer performs Ya Shams? (Nabeel Shuail). These identify different works, different institutions or different artist attributes. The review compares every completed bank, including Egyptian Music and Arabic Music; ambiguous or unsupported release credits were excluded during research. Different song credits, artist instruments, labels, collaborators and musical genres remain separate relations; no retained pair asks the same relation about the same entity."
"international_music_v2_039/gulf_music_v2_015","ef4cf8716eb97352fcc48cc13f3db2447c9a2f35a6624cb0d2bcac70b1149dce","distinct","Assistant inspected song:happy:performer: Which singer performs Happy? (Pharrell Williams) against song:alamaken:singer: Which singer performs Al Amaken? (Mohammed Abdu). These identify different works, different institutions or different artist attributes. The review compares every completed bank, including Egyptian Music and Arabic Music; ambiguous or unsupported release credits were excluded during research. Different song credits, artist instruments, labels, collaborators and musical genres remain separate relations; no retained pair asks the same relation about the same entity."
"international_music_v2_039/gulf_music_v2_016","9fb96b46f3fc25d449117af6cce48f84ae79e39f16ac85e09eaf37a192ee1a40","distinct","Assistant inspected song:happy:performer: Which singer performs Happy? (Pharrell Williams) against song:yabadahom:singer: Which singer performs Ya Badohom? (Abdul Majeed Abdullah). These identify different works, different institutions or different artist attributes. The review compares every completed bank, including Egyptian Music and Arabic Music; ambiguous or unsupported release credits were excluded during research. Different song credits, artist instruments, labels, collaborators and musical genres remain separate relations; no retained pair asks the same relation about the same entity."
"international_music_v2_039/gulf_music_v2_017","69d1328fcbf82b0a7edda69348d5bec916d9053756b31bae3785a7e15bcfc5fc","distinct","Assistant inspected song:happy:performer: Which singer performs Happy? (Pharrell Williams) against song:rahalty:singer: Which Kuwaiti singer performs Rahalty? (Abdullah Al Rowaished). These identify different works, different institutions or different artist attributes. The review compares every completed bank, including Egyptian Music and Arabic Music; ambiguous or unsupported release credits were excluded during research. Different song credits, artist instruments, labels, collaborators and musical genres remain separate relations; no retained pair asks the same relation about the same entity."
"international_music_v2_039/gulf_music_v2_022","ebffbdab36683938a18499c5bc3087509780dff4b3dcce059a2c1b944d12642d","distinct","Assistant inspected song:happy:performer: Which singer performs Happy? (Pharrell Williams) against song:sheratan:singer: Which singer performs Sheratan Al Thahab? (Rashed Al Majid). These identify different works, different institutions or different artist attributes. The review compares every completed bank, including Egyptian Music and Arabic Music; ambiguous or unsupported release credits were excluded during research. Different song credits, artist instruments, labels, collaborators and musical genres remain separate relations; no retained pair asks the same relation about the same entity."
"international_music_v2_039/gulf_music_v2_037","7136ea2d5adaed7113cf90f6ddd239445664e7d6d841dfe93a927a8c97f3a4b7","distinct","Assistant inspected song:happy:performer: Which singer performs Happy? (Pharrell Williams) against song:duniaalwalah:singer: Which singer recorded Dunia Al Walah? (Abdullah Al Rowaished). These identify different works, different institutions or different artist attributes. The review compares every completed bank, including Egyptian Music and Arabic Music; ambiguous or unsupported release credits were excluded during research. Different song credits, artist instruments, labels, collaborators and musical genres remain separate relations; no retained pair asks the same relation about the same entity."
"international_music_v2_039/gulf_music_v2_052","22168b5644a90aa7dee4efc66b651b8ed2cdb6ac3fdd51929a15f0d9b7cfadf9","distinct","Assistant inspected song:happy:performer: Which singer performs Happy? (Pharrell Williams) against song:mozhela:singer: Which singer recorded Mozhela? (Mohammed Abdu). These identify different works, different institutions or different artist attributes. The review compares every completed bank, including Egyptian Music and Arabic Music; ambiguous or unsupported release credits were excluded during research. Different song credits, artist instruments, labels, collaborators and musical genres remain separate relations; no retained pair asks the same relation about the same entity."
"international_music_v2_039/gulf_music_v2_056","65d885fda4d0344fee385733a19d108bbf17ea551da49c30c7d02b394c34062c","distinct","Assistant inspected song:happy:performer: Which singer performs Happy? (Pharrell Williams) against song:qalootara:singer: Which singer recorded Qaloo Tara? (Abadi Al Johar). These identify different works, different institutions or different artist attributes. The review compares every completed bank, including Egyptian Music and Arabic Music; ambiguous or unsupported release credits were excluded during research. Different song credits, artist instruments, labels, collaborators and musical genres remain separate relations; no retained pair asks the same relation about the same entity."
"international_music_v2_039/gulf_music_v2_066","4cacc980683e34f17eaa7d0db2304f63c3c25460ec93b88f68962d4707365082","distinct","Assistant inspected song:happy:performer: Which singer performs Happy? (Pharrell Williams) against song:tenadeek:singer: Which singer recorded Tenadeek? (Majid Al Mohandis). These identify different works, different institutions or different artist attributes. The review compares every completed bank, including Egyptian Music and Arabic Music; ambiguous or unsupported release credits were excluded during research. Different song credits, artist instruments, labels, collaborators and musical genres remain separate relations; no retained pair asks the same relation about the same entity."
"international_music_v2_012/kuwaiti_music_v2_034","91aec4005456c14f0f9c3ef6e7ba74d01f7a912b448443d9ae8ebb164476fd52","distinct","Assistant inspected song:heroes:performer: Which singer released Heroes in 1977? (David Bowie) against song:mistajela:singer: Which Kuwaiti singer released Mistajela in 2022? (Mesaed Al Baloushy). These identify different works, different institutions or different artist attributes. The review compares every completed bank, including Egyptian Music and Arabic Music; ambiguous or unsupported release credits were excluded during research. Different song credits, artist instruments, labels, collaborators and musical genres remain separate relations; no retained pair asks the same relation about the same entity."
"international_music_v2_020/kuwaiti_music_v2_016","c562dba895beb3fbea4b5d12bcb287b78f06547c5a9ddd5fcdad05a7da7228ee","distinct","Assistant inspected song:rehab:performer: Which British singer performs Rehab? (Amy Winehouse) against song:akoumislek:singer: Which female singer performs Akou Mislek? (Nawal). These identify different works, different institutions or different artist attributes. The review compares every completed bank, including Egyptian Music and Arabic Music; ambiguous or unsupported release credits were excluded during research. Different song credits, artist instruments, labels, collaborators and musical genres remain separate relations; no retained pair asks the same relation about the same entity."
"international_music_v2_020/kuwaiti_music_v2_033","695fb6ce60bcec5d2dd6bdd9e6650de8558cc3547ef554e229e8be5dc95ee0c4","distinct","Assistant inspected song:rehab:performer: Which British singer performs Rehab? (Amy Winehouse) against song:sadqah:singer: Which Kuwaiti female singer performs Sadqah? (Maram). These identify different works, different institutions or different artist attributes. The review compares every completed bank, including Egyptian Music and Arabic Music; ambiguous or unsupported release credits were excluded during research. Different song credits, artist instruments, labels, collaborators and musical genres remain separate relations; no retained pair asks the same relation about the same entity."
"international_music_v2_020/kuwaiti_music_v2_041","9ef6995ce700d4982bebb9ddc8505d6d45a62378426e3e75bd35199b701b42b9","distinct","Assistant inspected song:rehab:performer: Which British singer performs Rehab? (Amy Winehouse) against song:mughroura:singer: Which Kuwaiti female singer performs Mughroura? (Maram). These identify different works, different institutions or different artist attributes. The review compares every completed bank, including Egyptian Music and Arabic Music; ambiguous or unsupported release credits were excluded during research. Different song credits, artist instruments, labels, collaborators and musical genres remain separate relations; no retained pair asks the same relation about the same entity."
"international_music_v2_022/kuwaiti_music_v2_048","05e8e8046cac519871de8f745041c1b4e8db54820d01e53d00e47f93c0a4ef70","distinct","Assistant inspected song:hello:performer: Which singer released Hello in 2015? (Adele) against song:samihni:singer: Which Kuwaiti singer released Samihni in 2015? (Shaymaa Sulaiman). These identify different works, different institutions or different artist attributes. The review compares every completed bank, including Egyptian Music and Arabic Music; ambiguous or unsupported release credits were excluded during research. Different song credits, artist instruments, labels, collaborators and musical genres remain separate relations; no retained pair asks the same relation about the same entity."
"international_music_v2_023/kuwaiti_music_v2_016","3e657aa70cf05cb195db1141aa141b6cbd2ec212e16f907e962a3defefe48d99","distinct","Assistant inspected song:badromance:performer: Which singer performs Bad Romance? (Lady Gaga) against song:akoumislek:singer: Which female singer performs Akou Mislek? (Nawal). These identify different works, different institutions or different artist attributes. The review compares every completed bank, including Egyptian Music and Arabic Music; ambiguous or unsupported release credits were excluded during research. Different song credits, artist instruments, labels, collaborators and musical genres remain separate relations; no retained pair asks the same relation about the same entity."
"international_music_v2_023/kuwaiti_music_v2_033","0ae7c641886809508a86b617b6c29e9deb9be4ca42a34e4c477cf02e9532633b","distinct","Assistant inspected song:badromance:performer: Which singer performs Bad Romance? (Lady Gaga) against song:sadqah:singer: Which Kuwaiti female singer performs Sadqah? (Maram). These identify different works, different institutions or different artist attributes. The review compares every completed bank, including Egyptian Music and Arabic Music; ambiguous or unsupported release credits were excluded during research. Different song credits, artist instruments, labels, collaborators and musical genres remain separate relations; no retained pair asks the same relation about the same entity."
"international_music_v2_023/kuwaiti_music_v2_041","f57d0bcf0db74e1c3d54d77d5bc4c0240466742c6b866398ceac8cba2d660c6a","distinct","Assistant inspected song:badromance:performer: Which singer performs Bad Romance? (Lady Gaga) against song:mughroura:singer: Which Kuwaiti female singer performs Mughroura? (Maram). These identify different works, different institutions or different artist attributes. The review compares every completed bank, including Egyptian Music and Arabic Music; ambiguous or unsupported release credits were excluded during research. Different song credits, artist instruments, labels, collaborators and musical genres remain separate relations; no retained pair asks the same relation about the same entity."
"international_music_v2_025/kuwaiti_music_v2_012","c3bd1657570fae1c0b4c2fd0e42f1ed6f1adfffebb2eb2ca94f1cd235b741cb0","distinct","Assistant inspected song:umbrella:performer: Which singer performs Umbrella? (Rihanna) against song:etmaen:singer: Which Kuwaiti singer performs Etmaen? (Hammoud Naser). These identify different works, different institutions or different artist attributes. The review compares every completed bank, including Egyptian Music and Arabic Music; ambiguous or unsupported release credits were excluded during research. Different song credits, artist instruments, labels, collaborators and musical genres remain separate relations; no retained pair asks the same relation about the same entity."
"international_music_v2_025/kuwaiti_music_v2_016","9f434d571d9072fb8e7b43606a940bf35b26375b427a3ff097c4877c0a0a3018","distinct","Assistant inspected song:umbrella:performer: Which singer performs Umbrella? (Rihanna) against song:akoumislek:singer: Which female singer performs Akou Mislek? (Nawal). These identify different works, different institutions or different artist attributes. The review compares every completed bank, including Egyptian Music and Arabic Music; ambiguous or unsupported release credits were excluded during research. Different song credits, artist instruments, labels, collaborators and musical genres remain separate relations; no retained pair asks the same relation about the same entity."
"international_music_v2_025/kuwaiti_music_v2_033","f25c7977470cd9d082b667e2e6228314a5f97eaff5820ffabd7c4ad14e2881ef","distinct","Assistant inspected song:umbrella:performer: Which singer performs Umbrella? (Rihanna) against song:sadqah:singer: Which Kuwaiti female singer performs Sadqah? (Maram). These identify different works, different institutions or different artist attributes. The review compares every completed bank, including Egyptian Music and Arabic Music; ambiguous or unsupported release credits were excluded during research. Different song credits, artist instruments, labels, collaborators and musical genres remain separate relations; no retained pair asks the same relation about the same entity."
"international_music_v2_025/kuwaiti_music_v2_041","d3902561276e880c466dcda9df31dae380fa463470d33a272ecb29a5277a069a","distinct","Assistant inspected song:umbrella:performer: Which singer performs Umbrella? (Rihanna) against song:mughroura:singer: Which Kuwaiti female singer performs Mughroura? (Maram). These identify different works, different institutions or different artist attributes. The review compares every completed bank, including Egyptian Music and Arabic Music; ambiguous or unsupported release credits were excluded during research. Different song credits, artist instruments, labels, collaborators and musical genres remain separate relations; no retained pair asks the same relation about the same entity."
"international_music_v2_026/kuwaiti_music_v2_012","86e0f4e0a4aca3daff357068f1cc421411fddf3774b5f0f77b681d20adb1d924","distinct","Assistant inspected song:levitating:performer: Which singer performs Levitating? (Dua Lipa) against song:etmaen:singer: Which Kuwaiti singer performs Etmaen? (Hammoud Naser). These identify different works, different institutions or different artist attributes. The review compares every completed bank, including Egyptian Music and Arabic Music; ambiguous or unsupported release credits were excluded during research. Different song credits, artist instruments, labels, collaborators and musical genres remain separate relations; no retained pair asks the same relation about the same entity."
"international_music_v2_026/kuwaiti_music_v2_016","0d0be4172f2ed2a03bd52fc244dd3c15dc2f80dd23cfd102cfdbb170e4e3673a","distinct","Assistant inspected song:levitating:performer: Which singer performs Levitating? (Dua Lipa) against song:akoumislek:singer: Which female singer performs Akou Mislek? (Nawal). These identify different works, different institutions or different artist attributes. The review compares every completed bank, including Egyptian Music and Arabic Music; ambiguous or unsupported release credits were excluded during research. Different song credits, artist instruments, labels, collaborators and musical genres remain separate relations; no retained pair asks the same relation about the same entity."
"international_music_v2_026/kuwaiti_music_v2_033","d90ca628bf1bcf48fffbb7d198d04f1dae2ebc64be6e9e488c6773dc6e348f26","distinct","Assistant inspected song:levitating:performer: Which singer performs Levitating? (Dua Lipa) against song:sadqah:singer: Which Kuwaiti female singer performs Sadqah? (Maram). These identify different works, different institutions or different artist attributes. The review compares every completed bank, including Egyptian Music and Arabic Music; ambiguous or unsupported release credits were excluded during research. Different song credits, artist instruments, labels, collaborators and musical genres remain separate relations; no retained pair asks the same relation about the same entity."
"international_music_v2_026/kuwaiti_music_v2_041","79f44d5efdb94895e4f98c0bec48beabec5aeb535c8cd8007159d0780d429daf","distinct","Assistant inspected song:levitating:performer: Which singer performs Levitating? (Dua Lipa) against song:mughroura:singer: Which Kuwaiti female singer performs Mughroura? (Maram). These identify different works, different institutions or different artist attributes. The review compares every completed bank, including Egyptian Music and Arabic Music; ambiguous or unsupported release credits were excluded during research. Different song credits, artist instruments, labels, collaborators and musical genres remain separate relations; no retained pair asks the same relation about the same entity."
"international_music_v2_027/kuwaiti_music_v2_016","58f4f93edae73f8d5ef36c9d0e63ead505c0750acdd7a51d9b060c4977fee391","distinct","Assistant inspected song:chandelier:performer: Which Australian singer performs Chandelier? (Sia) against song:akoumislek:singer: Which female singer performs Akou Mislek? (Nawal). These identify different works, different institutions or different artist attributes. The review compares every completed bank, including Egyptian Music and Arabic Music; ambiguous or unsupported release credits were excluded during research. Different song credits, artist instruments, labels, collaborators and musical genres remain separate relations; no retained pair asks the same relation about the same entity."
"international_music_v2_027/kuwaiti_music_v2_033","5f95c8b8001acf4c38ad9c04eefe03f45764c02217439b14c7c6556b2f148917","distinct","Assistant inspected song:chandelier:performer: Which Australian singer performs Chandelier? (Sia) against song:sadqah:singer: Which Kuwaiti female singer performs Sadqah? (Maram). These identify different works, different institutions or different artist attributes. The review compares every completed bank, including Egyptian Music and Arabic Music; ambiguous or unsupported release credits were excluded during research. Different song credits, artist instruments, labels, collaborators and musical genres remain separate relations; no retained pair asks the same relation about the same entity."
"international_music_v2_027/kuwaiti_music_v2_041","db24edc19bcc1c7c210b6d40d2320f3d5423c519a7b0b72a2dbf204a1d9b3433","distinct","Assistant inspected song:chandelier:performer: Which Australian singer performs Chandelier? (Sia) against song:mughroura:singer: Which Kuwaiti female singer performs Mughroura? (Maram). These identify different works, different institutions or different artist attributes. The review compares every completed bank, including Egyptian Music and Arabic Music; ambiguous or unsupported release credits were excluded during research. Different song credits, artist instruments, labels, collaborators and musical genres remain separate relations; no retained pair asks the same relation about the same entity."
"international_music_v2_028/kuwaiti_music_v2_016","72e474ace8d6162958a4bf792be26b401171725dd6436ed3802a5db66774ed2f","distinct","Assistant inspected song:badguy:performer: Which singer performs bad guy? (Billie Eilish) against song:akoumislek:singer: Which female singer performs Akou Mislek? (Nawal). These identify different works, different institutions or different artist attributes. The review compares every completed bank, including Egyptian Music and Arabic Music; ambiguous or unsupported release credits were excluded during research. Different song credits, artist instruments, labels, collaborators and musical genres remain separate relations; no retained pair asks the same relation about the same entity."
"international_music_v2_028/kuwaiti_music_v2_033","7771a784f1757de72c9f56777be6a74a947b0e458ade045f3f3893e7327d39bc","distinct","Assistant inspected song:badguy:performer: Which singer performs bad guy? (Billie Eilish) against song:sadqah:singer: Which Kuwaiti female singer performs Sadqah? (Maram). These identify different works, different institutions or different artist attributes. The review compares every completed bank, including Egyptian Music and Arabic Music; ambiguous or unsupported release credits were excluded during research. Different song credits, artist instruments, labels, collaborators and musical genres remain separate relations; no retained pair asks the same relation about the same entity."
"international_music_v2_028/kuwaiti_music_v2_041","78c874e7689bb6284b863317c3a5283f30b79b8bb4a71195b9e4477a1e643c68","distinct","Assistant inspected song:badguy:performer: Which singer performs bad guy? (Billie Eilish) against song:mughroura:singer: Which Kuwaiti female singer performs Mughroura? (Maram). These identify different works, different institutions or different artist attributes. The review compares every completed bank, including Egyptian Music and Arabic Music; ambiguous or unsupported release credits were excluded during research. Different song credits, artist instruments, labels, collaborators and musical genres remain separate relations; no retained pair asks the same relation about the same entity."
"international_music_v2_029/kuwaiti_music_v2_016","501488fb3063104752ae8815dde980f7c87096a248efa960d5009187e7d2825c","distinct","Assistant inspected song:driverslicense:performer: Which singer performs drivers license? (Olivia Rodrigo) against song:akoumislek:singer: Which female singer performs Akou Mislek? (Nawal). These identify different works, different institutions or different artist attributes. The review compares every completed bank, including Egyptian Music and Arabic Music; ambiguous or unsupported release credits were excluded during research. Different song credits, artist instruments, labels, collaborators and musical genres remain separate relations; no retained pair asks the same relation about the same entity."
"international_music_v2_029/kuwaiti_music_v2_033","6114107f83ef19706d8ed97aa94f7dfcae2e6f0b854483fb3da74d4af7a4ec62","distinct","Assistant inspected song:driverslicense:performer: Which singer performs drivers license? (Olivia Rodrigo) against song:sadqah:singer: Which Kuwaiti female singer performs Sadqah? (Maram). These identify different works, different institutions or different artist attributes. The review compares every completed bank, including Egyptian Music and Arabic Music; ambiguous or unsupported release credits were excluded during research. Different song credits, artist instruments, labels, collaborators and musical genres remain separate relations; no retained pair asks the same relation about the same entity."
"international_music_v2_029/kuwaiti_music_v2_041","3d5b29e5a2aa091866410fb221757e658493dc5148100b114670c139b0e93162","distinct","Assistant inspected song:driverslicense:performer: Which singer performs drivers license? (Olivia Rodrigo) against song:mughroura:singer: Which Kuwaiti female singer performs Mughroura? (Maram). These identify different works, different institutions or different artist attributes. The review compares every completed bank, including Egyptian Music and Arabic Music; ambiguous or unsupported release credits were excluded during research. Different song credits, artist instruments, labels, collaborators and musical genres remain separate relations; no retained pair asks the same relation about the same entity."
"international_music_v2_031/kuwaiti_music_v2_012","475a486aaffd4039e07a0350174d621fca4bb28756f80564d20cd34896833168","distinct","Assistant inspected song:blindinglights:performer: Which singer performs Blinding Lights? (The Weeknd) against song:etmaen:singer: Which Kuwaiti singer performs Etmaen? (Hammoud Naser). These identify different works, different institutions or different artist attributes. The review compares every completed bank, including Egyptian Music and Arabic Music; ambiguous or unsupported release credits were excluded during research. Different song credits, artist instruments, labels, collaborators and musical genres remain separate relations; no retained pair asks the same relation about the same entity."
"international_music_v2_039/kuwaiti_music_v2_012","9e956454790270907170b0ec46e5a21b72149f9f112cdf22b65eb2c01ff3ef2e","distinct","Assistant inspected song:happy:performer: Which singer performs Happy? (Pharrell Williams) against song:etmaen:singer: Which Kuwaiti singer performs Etmaen? (Hammoud Naser). These identify different works, different institutions or different artist attributes. The review compares every completed bank, including Egyptian Music and Arabic Music; ambiguous or unsupported release credits were excluded during research. Different song credits, artist instruments, labels, collaborators and musical genres remain separate relations; no retained pair asks the same relation about the same entity."
"international_music_v2_039/kuwaiti_music_v2_045","26888f37e689bf6efeee31de5b068d0c744bd20a24aec858242422160cbebf21","distinct","Assistant inspected song:happy:performer: Which singer performs Happy? (Pharrell Williams) against song:fahhmouh:singer: Who sings Fahhmouh? (Mutrif Al Mutrif). These identify different works, different institutions or different artist attributes. The review compares every completed bank, including Egyptian Music and Arabic Music; ambiguous or unsupported release credits were excluded during research. Different song credits, artist instruments, labels, collaborators and musical genres remain separate relations; no retained pair asks the same relation about the same entity."
"international_music_v2_039/kuwaiti_music_v2_053","0a4fd92b0ebb8a773d7ad00f016227465aa8fe4fceed03d822992ed2eaa8537d","distinct","Assistant inspected song:happy:performer: Which singer performs Happy? (Pharrell Williams) against song:qanabel:singer: Who sings Qanabel? (Essa Al Marzouq). These identify different works, different institutions or different artist attributes. The review compares every completed bank, including Egyptian Music and Arabic Music; ambiguous or unsupported release credits were excluded during research. Different song credits, artist instruments, labels, collaborators and musical genres remain separate relations; no retained pair asks the same relation about the same entity."
"international_music_v2_012/saudi_music_v2_053","bfd4b6c81a601c4e1faf0a35e9f5f4ff27c1f9c8b4d65d942cd5dcb0270e21ba","distinct","Assistant inspected song:heroes:performer: Which singer released Heroes in 1977? (David Bowie) against song:faman:singer: Which Saudi singer performs the 2016 release Faman Allah? (Ayed). These identify different works, different institutions or different artist attributes. The review compares every completed bank, including Egyptian Music and Arabic Music; ambiguous or unsupported release credits were excluded during research. Different song credits, artist instruments, labels, collaborators and musical genres remain separate relations; no retained pair asks the same relation about the same entity."
"international_music_v2_025/saudi_music_v2_002","ec961ddf2b60f4840db39998797c3b99a869a51d260a89b5fe950a82f71dcad5","distinct","Assistant inspected song:umbrella:performer: Which singer performs Umbrella? (Rihanna) against song:ikhtalafna:singer: Which Saudi singer performs Ikhtalafna? (Mohammed Abdu). These identify different works, different institutions or different artist attributes. The review compares every completed bank, including Egyptian Music and Arabic Music; ambiguous or unsupported release credits were excluded during research. Different song credits, artist instruments, labels, collaborators and musical genres remain separate relations; no retained pair asks the same relation about the same entity."
"international_music_v2_025/saudi_music_v2_007","3fb0cc0bfe53dcea419e75f4a64138e87853b7d4b1c69bb708dfa97bc60cc324","distinct","Assistant inspected song:umbrella:performer: Which singer performs Umbrella? (Rihanna) against song:kathamumkin:singer: Which Saudi female singer performs Katha Mumkin? (Dalia Mubarak). These identify different works, different institutions or different artist attributes. The review compares every completed bank, including Egyptian Music and Arabic Music; ambiguous or unsupported release credits were excluded during research. Different song credits, artist instruments, labels, collaborators and musical genres remain separate relations; no retained pair asks the same relation about the same entity."
"international_music_v2_025/saudi_music_v2_010","112a57530c08169e9bf80430fee7380dd006aff59d5aec113292ebbd5db87f81","distinct","Assistant inspected song:umbrella:performer: Which singer performs Umbrella? (Rihanna) against song:azzah:singer: Which Saudi singer performs Azzah? (Rashed Al Fares). These identify different works, different institutions or different artist attributes. The review compares every completed bank, including Egyptian Music and Arabic Music; ambiguous or unsupported release credits were excluded during research. Different song credits, artist instruments, labels, collaborators and musical genres remain separate relations; no retained pair asks the same relation about the same entity."
"international_music_v2_025/saudi_music_v2_015","3999d477ebbf0e77352c19dd18d2ab3a22a76c288ff6dbbd561a5a2c0ecfa72e","distinct","Assistant inspected song:umbrella:performer: Which singer performs Umbrella? (Rihanna) against song:wardabaida:singer: Which Saudi female singer performs Elwarda Elbaida? (Zena Emad). These identify different works, different institutions or different artist attributes. The review compares every completed bank, including Egyptian Music and Arabic Music; ambiguous or unsupported release credits were excluded during research. Different song credits, artist instruments, labels, collaborators and musical genres remain separate relations; no retained pair asks the same relation about the same entity."
"international_music_v2_025/saudi_music_v2_023","b6aeb58f554629073bc17419e79afd18f38f0bdb80a21364326020b6985f59a0","distinct","Assistant inspected song:umbrella:performer: Which singer performs Umbrella? (Rihanna) against song:aghrab:singer: Which Saudi singer performs Aghrab? (Talal Maddah). These identify different works, different institutions or different artist attributes. The review compares every completed bank, including Egyptian Music and Arabic Music; ambiguous or unsupported release credits were excluded during research. Different song credits, artist instruments, labels, collaborators and musical genres remain separate relations; no retained pair asks the same relation about the same entity."
"international_music_v2_025/saudi_music_v2_034","919406a973b29601528f3ce4975ba575b8be1d90df796c1bce819874ce84c264","distinct","Assistant inspected song:umbrella:performer: Which singer performs Umbrella? (Rihanna) against song:nadet:singer: Which Saudi singer performs Nadet? (Abbas Ibrahim). These identify different works, different institutions or different artist attributes. The review compares every completed bank, including Egyptian Music and Arabic Music; ambiguous or unsupported release credits were excluded during research. Different song credits, artist instruments, labels, collaborators and musical genres remain separate relations; no retained pair asks the same relation about the same entity."
"international_music_v2_025/saudi_music_v2_039","ca2a19272882a0716dc4d19b6e778ea5dd2bef27c3f5ff9bfa8e7520ff3583d3","distinct","Assistant inspected song:umbrella:performer: Which singer performs Umbrella? (Rihanna) against song:radinak:singer: Which Saudi singer performs Radinak? (Talal Salamah). These identify different works, different institutions or different artist attributes. The review compares every completed bank, including Egyptian Music and Arabic Music; ambiguous or unsupported release credits were excluded during research. Different song credits, artist instruments, labels, collaborators and musical genres remain separate relations; no retained pair asks the same relation about the same entity."
"international_music_v2_025/saudi_music_v2_046","cfd3ebe418fb2c4fedae8201a679bf19ec1e6b17826bd322872006303b21fcd2","distinct","Assistant inspected song:umbrella:performer: Which singer performs Umbrella? (Rihanna) against song:allamtni:singer: Which Saudi singer performs Allamtni? (Rashed Al Majid). These identify different works, different institutions or different artist attributes. The review compares every completed bank, including Egyptian Music and Arabic Music; ambiguous or unsupported release credits were excluded during research. Different song credits, artist instruments, labels, collaborators and musical genres remain separate relations; no retained pair asks the same relation about the same entity."
"international_music_v2_025/saudi_music_v2_047","204f9ba37bcbebe0bd3f774a1c83336aa4eae65bf737c5e78545de2e3bffbb2d","distinct","Assistant inspected song:umbrella:performer: Which singer performs Umbrella? (Rihanna) against song:tahamaltak:singer: Which Saudi singer performs Tahamaltak? (Rabeh Saqer). These identify different works, different institutions or different artist attributes. The review compares every completed bank, including Egyptian Music and Arabic Music; ambiguous or unsupported release credits were excluded during research. Different song credits, artist instruments, labels, collaborators and musical genres remain separate relations; no retained pair asks the same relation about the same entity."
"international_music_v2_025/saudi_music_v2_048","39abd9bd0d8cc690eeeb91dfb7bc40a8b107546d94689aeeccd1163783122bd2","distinct","Assistant inspected song:umbrella:performer: Which singer performs Umbrella? (Rihanna) against song:etjammal:singer: Which Saudi female singer performs Etjammal Lenafsi? (Dalia Mubarak). These identify different works, different institutions or different artist attributes. The review compares every completed bank, including Egyptian Music and Arabic Music; ambiguous or unsupported release credits were excluded during research. Different song credits, artist instruments, labels, collaborators and musical genres remain separate relations; no retained pair asks the same relation about the same entity."
"international_music_v2_025/saudi_music_v2_055","9ec93dcd5d4a4afb44654e4078e371b81c2ca3d0538f6f71b68a29b68318b6ac","distinct","Assistant inspected song:umbrella:performer: Which singer performs Umbrella? (Rihanna) against song:lataht:singer: Which Saudi female singer performs La Taht? (Dalia Mubarak). These identify different works, different institutions or different artist attributes. The review compares every completed bank, including Egyptian Music and Arabic Music; ambiguous or unsupported release credits were excluded during research. Different song credits, artist instruments, labels, collaborators and musical genres remain separate relations; no retained pair asks the same relation about the same entity."
"international_music_v2_026/saudi_music_v2_002","8ec88e64654c0711abef431d84a09ba478e0d47b7a85cc9ca54d880850b8e3f3","distinct","Assistant inspected song:levitating:performer: Which singer performs Levitating? (Dua Lipa) against song:ikhtalafna:singer: Which Saudi singer performs Ikhtalafna? (Mohammed Abdu). These identify different works, different institutions or different artist attributes. The review compares every completed bank, including Egyptian Music and Arabic Music; ambiguous or unsupported release credits were excluded during research. Different song credits, artist instruments, labels, collaborators and musical genres remain separate relations; no retained pair asks the same relation about the same entity."
"international_music_v2_026/saudi_music_v2_007","d548a4d222b3176cced36ff2e3e540f800a6275a21f95a2aa92bfc678623d1a1","distinct","Assistant inspected song:levitating:performer: Which singer performs Levitating? (Dua Lipa) against song:kathamumkin:singer: Which Saudi female singer performs Katha Mumkin? (Dalia Mubarak). These identify different works, different institutions or different artist attributes. The review compares every completed bank, including Egyptian Music and Arabic Music; ambiguous or unsupported release credits were excluded during research. Different song credits, artist instruments, labels, collaborators and musical genres remain separate relations; no retained pair asks the same relation about the same entity."
"international_music_v2_026/saudi_music_v2_010","9cae3d748206b8d4a31a379e17a3161354790db333b4af1b5a76186ecb86e923","distinct","Assistant inspected song:levitating:performer: Which singer performs Levitating? (Dua Lipa) against song:azzah:singer: Which Saudi singer performs Azzah? (Rashed Al Fares). These identify different works, different institutions or different artist attributes. The review compares every completed bank, including Egyptian Music and Arabic Music; ambiguous or unsupported release credits were excluded during research. Different song credits, artist instruments, labels, collaborators and musical genres remain separate relations; no retained pair asks the same relation about the same entity."
"international_music_v2_026/saudi_music_v2_015","8f1e7c055cf65861196201b0c23c350982eccdee10ad49219d8bef04986a4dbd","distinct","Assistant inspected song:levitating:performer: Which singer performs Levitating? (Dua Lipa) against song:wardabaida:singer: Which Saudi female singer performs Elwarda Elbaida? (Zena Emad). These identify different works, different institutions or different artist attributes. The review compares every completed bank, including Egyptian Music and Arabic Music; ambiguous or unsupported release credits were excluded during research. Different song credits, artist instruments, labels, collaborators and musical genres remain separate relations; no retained pair asks the same relation about the same entity."
"international_music_v2_026/saudi_music_v2_023","fa632181205ee2df63a34d4d0f39db6b2cd5f83a3a00db75e109e9e05a57dabc","distinct","Assistant inspected song:levitating:performer: Which singer performs Levitating? (Dua Lipa) against song:aghrab:singer: Which Saudi singer performs Aghrab? (Talal Maddah). These identify different works, different institutions or different artist attributes. The review compares every completed bank, including Egyptian Music and Arabic Music; ambiguous or unsupported release credits were excluded during research. Different song credits, artist instruments, labels, collaborators and musical genres remain separate relations; no retained pair asks the same relation about the same entity."
"international_music_v2_026/saudi_music_v2_034","b8e52a977ca0b81ba6b223ce29b742569cf5be1ca1cad80b2539f24cc35c5cd0","distinct","Assistant inspected song:levitating:performer: Which singer performs Levitating? (Dua Lipa) against song:nadet:singer: Which Saudi singer performs Nadet? (Abbas Ibrahim). These identify different works, different institutions or different artist attributes. The review compares every completed bank, including Egyptian Music and Arabic Music; ambiguous or unsupported release credits were excluded during research. Different song credits, artist instruments, labels, collaborators and musical genres remain separate relations; no retained pair asks the same relation about the same entity."
"international_music_v2_026/saudi_music_v2_039","f22eff6fecab79eadd02e770779cf876b477609cb894c2aaf196d65dfe72ef7e","distinct","Assistant inspected song:levitating:performer: Which singer performs Levitating? (Dua Lipa) against song:radinak:singer: Which Saudi singer performs Radinak? (Talal Salamah). These identify different works, different institutions or different artist attributes. The review compares every completed bank, including Egyptian Music and Arabic Music; ambiguous or unsupported release credits were excluded during research. Different song credits, artist instruments, labels, collaborators and musical genres remain separate relations; no retained pair asks the same relation about the same entity."
"international_music_v2_026/saudi_music_v2_046","e20e930825427117458a61b5da705df16ba99159d0d3f2015222487227b711e9","distinct","Assistant inspected song:levitating:performer: Which singer performs Levitating? (Dua Lipa) against song:allamtni:singer: Which Saudi singer performs Allamtni? (Rashed Al Majid). These identify different works, different institutions or different artist attributes. The review compares every completed bank, including Egyptian Music and Arabic Music; ambiguous or unsupported release credits were excluded during research. Different song credits, artist instruments, labels, collaborators and musical genres remain separate relations; no retained pair asks the same relation about the same entity."
"international_music_v2_026/saudi_music_v2_047","3dd8d6445c843d39c7a22ae9c5b179999bdf979eaf0390ae3eab84dd5c852c48","distinct","Assistant inspected song:levitating:performer: Which singer performs Levitating? (Dua Lipa) against song:tahamaltak:singer: Which Saudi singer performs Tahamaltak? (Rabeh Saqer). These identify different works, different institutions or different artist attributes. The review compares every completed bank, including Egyptian Music and Arabic Music; ambiguous or unsupported release credits were excluded during research. Different song credits, artist instruments, labels, collaborators and musical genres remain separate relations; no retained pair asks the same relation about the same entity."
"international_music_v2_026/saudi_music_v2_048","ebae1a345cb9d05897232f072c505f7c4d4148315dc1b12f16b04b9a8a8f46ca","distinct","Assistant inspected song:levitating:performer: Which singer performs Levitating? (Dua Lipa) against song:etjammal:singer: Which Saudi female singer performs Etjammal Lenafsi? (Dalia Mubarak). These identify different works, different institutions or different artist attributes. The review compares every completed bank, including Egyptian Music and Arabic Music; ambiguous or unsupported release credits were excluded during research. Different song credits, artist instruments, labels, collaborators and musical genres remain separate relations; no retained pair asks the same relation about the same entity."
"international_music_v2_026/saudi_music_v2_055","c78078c4690298dae5dc7336e8626199ede7f6a5baebbdbfccb3b0539cccd2a7","distinct","Assistant inspected song:levitating:performer: Which singer performs Levitating? (Dua Lipa) against song:lataht:singer: Which Saudi female singer performs La Taht? (Dalia Mubarak). These identify different works, different institutions or different artist attributes. The review compares every completed bank, including Egyptian Music and Arabic Music; ambiguous or unsupported release credits were excluded during research. Different song credits, artist instruments, labels, collaborators and musical genres remain separate relations; no retained pair asks the same relation about the same entity."
"international_music_v2_031/saudi_music_v2_002","bafc0d331279955a82bd3f9278d5de06d979f19854e932033731803a73b87e30","distinct","Assistant inspected song:blindinglights:performer: Which singer performs Blinding Lights? (The Weeknd) against song:ikhtalafna:singer: Which Saudi singer performs Ikhtalafna? (Mohammed Abdu). These identify different works, different institutions or different artist attributes. The review compares every completed bank, including Egyptian Music and Arabic Music; ambiguous or unsupported release credits were excluded during research. Different song credits, artist instruments, labels, collaborators and musical genres remain separate relations; no retained pair asks the same relation about the same entity."
"international_music_v2_031/saudi_music_v2_010","cb77da486ce5de42e40618b6fc6b6b7c5c2a17d6c067f0ff0ec116149f81679d","distinct","Assistant inspected song:blindinglights:performer: Which singer performs Blinding Lights? (The Weeknd) against song:azzah:singer: Which Saudi singer performs Azzah? (Rashed Al Fares). These identify different works, different institutions or different artist attributes. The review compares every completed bank, including Egyptian Music and Arabic Music; ambiguous or unsupported release credits were excluded during research. Different song credits, artist instruments, labels, collaborators and musical genres remain separate relations; no retained pair asks the same relation about the same entity."
"international_music_v2_031/saudi_music_v2_023","cd8b46b568e8ddd1cf49b678470c5884ea617016011bcfb3f57eb0a9925833f9","distinct","Assistant inspected song:blindinglights:performer: Which singer performs Blinding Lights? (The Weeknd) against song:aghrab:singer: Which Saudi singer performs Aghrab? (Talal Maddah). These identify different works, different institutions or different artist attributes. The review compares every completed bank, including Egyptian Music and Arabic Music; ambiguous or unsupported release credits were excluded during research. Different song credits, artist instruments, labels, collaborators and musical genres remain separate relations; no retained pair asks the same relation about the same entity."
"international_music_v2_031/saudi_music_v2_034","eb6dbbf77305697af327c4d107fd6b0e5f2213b2c9f1cd6f32ac3f5f1dd53e48","distinct","Assistant inspected song:blindinglights:performer: Which singer performs Blinding Lights? (The Weeknd) against song:nadet:singer: Which Saudi singer performs Nadet? (Abbas Ibrahim). These identify different works, different institutions or different artist attributes. The review compares every completed bank, including Egyptian Music and Arabic Music; ambiguous or unsupported release credits were excluded during research. Different song credits, artist instruments, labels, collaborators and musical genres remain separate relations; no retained pair asks the same relation about the same entity."
"international_music_v2_031/saudi_music_v2_039","d117df229e558a8ab254b9423eeaeadbcb3ed94fc65da0513fb9c6970e081c74","distinct","Assistant inspected song:blindinglights:performer: Which singer performs Blinding Lights? (The Weeknd) against song:radinak:singer: Which Saudi singer performs Radinak? (Talal Salamah). These identify different works, different institutions or different artist attributes. The review compares every completed bank, including Egyptian Music and Arabic Music; ambiguous or unsupported release credits were excluded during research. Different song credits, artist instruments, labels, collaborators and musical genres remain separate relations; no retained pair asks the same relation about the same entity."
"international_music_v2_031/saudi_music_v2_046","155d74d28871139dbc97888c797875f7371bab7b4e3de6594d1804153dad3717","distinct","Assistant inspected song:blindinglights:performer: Which singer performs Blinding Lights? (The Weeknd) against song:allamtni:singer: Which Saudi singer performs Allamtni? (Rashed Al Majid). These identify different works, different institutions or different artist attributes. The review compares every completed bank, including Egyptian Music and Arabic Music; ambiguous or unsupported release credits were excluded during research. Different song credits, artist instruments, labels, collaborators and musical genres remain separate relations; no retained pair asks the same relation about the same entity."
"international_music_v2_031/saudi_music_v2_047","1345ec3185799e34a0fa2d0af1bee6b1fb5260e62e815ffcf26d4f62fb6b2bb1","distinct","Assistant inspected song:blindinglights:performer: Which singer performs Blinding Lights? (The Weeknd) against song:tahamaltak:singer: Which Saudi singer performs Tahamaltak? (Rabeh Saqer). These identify different works, different institutions or different artist attributes. The review compares every completed bank, including Egyptian Music and Arabic Music; ambiguous or unsupported release credits were excluded during research. Different song credits, artist instruments, labels, collaborators and musical genres remain separate relations; no retained pair asks the same relation about the same entity."
"international_music_v2_031/saudi_music_v2_054","f63e04f6c4b5e1d816b0ba0af54175ba79f26eeefdb67b2f127b0e632e725e34","distinct","Assistant inspected song:blindinglights:performer: Which singer performs Blinding Lights? (The Weeknd) against song:minkobraha:singer: Which Saudi singer performs Min Kobraha? (Rabeh Saqer). These identify different works, different institutions or different artist attributes. The review compares every completed bank, including Egyptian Music and Arabic Music; ambiguous or unsupported release credits were excluded during research. Different song credits, artist instruments, labels, collaborators and musical genres remain separate relations; no retained pair asks the same relation about the same entity."
"international_music_v2_031/saudi_music_v2_065","c49d8913cd7669975b553d74853971751b1c784f2ae882a85e50bf883ffdb5f4","distinct","Assistant inspected song:blindinglights:performer: Which singer performs Blinding Lights? (The Weeknd) against song:mendala:singer: Which Saudi singer performs Men Dalaak? (Khalid Abdulrahman). These identify different works, different institutions or different artist attributes. The review compares every completed bank, including Egyptian Music and Arabic Music; ambiguous or unsupported release credits were excluded during research. Different song credits, artist instruments, labels, collaborators and musical genres remain separate relations; no retained pair asks the same relation about the same entity."
"international_music_v2_039/saudi_music_v2_002","746c5720e85fd5a1e1c50a1704332fc12e403921aa8533b95d991c3a988c9beb","distinct","Assistant inspected song:happy:performer: Which singer performs Happy? (Pharrell Williams) against song:ikhtalafna:singer: Which Saudi singer performs Ikhtalafna? (Mohammed Abdu). These identify different works, different institutions or different artist attributes. The review compares every completed bank, including Egyptian Music and Arabic Music; ambiguous or unsupported release credits were excluded during research. Different song credits, artist instruments, labels, collaborators and musical genres remain separate relations; no retained pair asks the same relation about the same entity."
"international_music_v2_039/saudi_music_v2_003","ef545652c3ef2559f262a50d467f7ac05209b28a6bf0aff25b80539d8c738449","distinct","Assistant inspected song:happy:performer: Which singer performs Happy? (Pharrell Williams) against song:roohitehebbek:singer: Which Saudi singer performs Roohi Tehebbek? (Abdul Majeed Abdullah). These identify different works, different institutions or different artist attributes. The review compares every completed bank, including Egyptian Music and Arabic Music; ambiguous or unsupported release credits were excluded during research. Different song credits, artist instruments, labels, collaborators and musical genres remain separate relations; no retained pair asks the same relation about the same entity."
"international_music_v2_039/saudi_music_v2_010","44b5ca23bc55bf18bed9c09732904695c4d80b92d593631a589ed703479b7cc1","distinct","Assistant inspected song:happy:performer: Which singer performs Happy? (Pharrell Williams) against song:azzah:singer: Which Saudi singer performs Azzah? (Rashed Al Fares). These identify different works, different institutions or different artist attributes. The review compares every completed bank, including Egyptian Music and Arabic Music; ambiguous or unsupported release credits were excluded during research. Different song credits, artist instruments, labels, collaborators and musical genres remain separate relations; no retained pair asks the same relation about the same entity."
"international_music_v2_039/saudi_music_v2_013","002085214b810b0c3f19a8e0b25349a1118eed99f6c839055abb9c2610ea327c","distinct","Assistant inspected song:happy:performer: Which singer performs Happy? (Pharrell Williams) against song:feztbek:singer: Which Saudi singer performs Fezt Bek? (Sultan Al Murshed). These identify different works, different institutions or different artist attributes. The review compares every completed bank, including Egyptian Music and Arabic Music; ambiguous or unsupported release credits were excluded during research. Different song credits, artist instruments, labels, collaborators and musical genres remain separate relations; no retained pair asks the same relation about the same entity."
"international_music_v2_039/saudi_music_v2_023","08955405451cff4a2e4c17d15c8d0549a6bfcac13ae8143812827c185fc79e13","distinct","Assistant inspected song:happy:performer: Which singer performs Happy? (Pharrell Williams) against song:aghrab:singer: Which Saudi singer performs Aghrab? (Talal Maddah). These identify different works, different institutions or different artist attributes. The review compares every completed bank, including Egyptian Music and Arabic Music; ambiguous or unsupported release credits were excluded during research. Different song credits, artist instruments, labels, collaborators and musical genres remain separate relations; no retained pair asks the same relation about the same entity."
"international_music_v2_039/saudi_music_v2_025","c670b4a1fdd36c7b4ab52d93351d2c8b6402595f9102bab0f3d65d325ab745df","distinct","Assistant inspected song:happy:performer: Which singer performs Happy? (Pharrell Williams) against song:entehel:singer: Which Saudi singer performs Entehel Shakhsetak? (Abdul Majeed Abdullah). These identify different works, different institutions or different artist attributes. The review compares every completed bank, including Egyptian Music and Arabic Music; ambiguous or unsupported release credits were excluded during research. Different song credits, artist instruments, labels, collaborators and musical genres remain separate relations; no retained pair asks the same relation about the same entity."
"international_music_v2_039/saudi_music_v2_026","36bf8b45aa5e890b5edced6f0914f9890bde1f96a9032758f8991d8aa3d8eb54","distinct","Assistant inspected song:happy:performer: Which singer performs Happy? (Pharrell Williams) against song:montaha:singer: Which Saudi singer performs Montaha Al Riqqa? (Rabeh Saqer). These identify different works, different institutions or different artist attributes. The review compares every completed bank, including Egyptian Music and Arabic Music; ambiguous or unsupported release credits were excluded during research. Different song credits, artist instruments, labels, collaborators and musical genres remain separate relations; no retained pair asks the same relation about the same entity."
"international_music_v2_039/saudi_music_v2_028","d229c982f3530445b992b935609b7df92bb76da304147623b7a832d0d68cd8f3","distinct","Assistant inspected song:happy:performer: Which singer performs Happy? (Pharrell Williams) against song:anaalabyad:singer: Which Saudi singer performs Ana Al Abyad? (Rashed Al Majid). These identify different works, different institutions or different artist attributes. The review compares every completed bank, including Egyptian Music and Arabic Music; ambiguous or unsupported release credits were excluded during research. Different song credits, artist instruments, labels, collaborators and musical genres remain separate relations; no retained pair asks the same relation about the same entity."
"international_music_v2_039/saudi_music_v2_030","662f01318ec18dd9906499e088b22de4fa526df459d5a872166bf790de53c01a","distinct","Assistant inspected song:happy:performer: Which singer performs Happy? (Pharrell Williams) against song:mawedthani:singer: Which Saudi singer performs Al Mawed Al Thani? (Talal Maddah). These identify different works, different institutions or different artist attributes. The review compares every completed bank, including Egyptian Music and Arabic Music; ambiguous or unsupported release credits were excluded during research. Different song credits, artist instruments, labels, collaborators and musical genres remain separate relations; no retained pair asks the same relation about the same entity."
"international_music_v2_039/saudi_music_v2_034","10c5a05c983fd32f18af5433f155332d9e55723d7b898dc626dc7a09bc56a328","distinct","Assistant inspected song:happy:performer: Which singer performs Happy? (Pharrell Williams) against song:nadet:singer: Which Saudi singer performs Nadet? (Abbas Ibrahim). These identify different works, different institutions or different artist attributes. The review compares every completed bank, including Egyptian Music and Arabic Music; ambiguous or unsupported release credits were excluded during research. Different song credits, artist instruments, labels, collaborators and musical genres remain separate relations; no retained pair asks the same relation about the same entity."
"international_music_v2_039/saudi_music_v2_039","10a1e06f56d59424e3339c045d28290026449e6b022ac0f36e6b73169c9d7bde","distinct","Assistant inspected song:happy:performer: Which singer performs Happy? (Pharrell Williams) against song:radinak:singer: Which Saudi singer performs Radinak? (Talal Salamah). These identify different works, different institutions or different artist attributes. The review compares every completed bank, including Egyptian Music and Arabic Music; ambiguous or unsupported release credits were excluded during research. Different song credits, artist instruments, labels, collaborators and musical genres remain separate relations; no retained pair asks the same relation about the same entity."
"international_music_v2_039/saudi_music_v2_041","36aca22214d7a9bdfcc2d5a20f97801c818b31c39775c38eaf5636163394f21c","distinct","Assistant inspected song:happy:performer: Which singer performs Happy? (Pharrell Williams) against song:rasayel:singer: Who sings Al Rasayel? (Mohammed Abdu). These identify different works, different institutions or different artist attributes. The review compares every completed bank, including Egyptian Music and Arabic Music; ambiguous or unsupported release credits were excluded during research. Different song credits, artist instruments, labels, collaborators and musical genres remain separate relations; no retained pair asks the same relation about the same entity."
"international_music_v2_039/saudi_music_v2_042","9695b4194e3460af5c785a81d65f0bef719bd678850fabdc3d6b41ccd3db1641","distinct","Assistant inspected song:happy:performer: Which singer performs Happy? (Pharrell Williams) against song:sayedi:singer: Which Saudi singer performs Sayedi Qum? (Talal Maddah). These identify different works, different institutions or different artist attributes. The review compares every completed bank, including Egyptian Music and Arabic Music; ambiguous or unsupported release credits were excluded during research. Different song credits, artist instruments, labels, collaborators and musical genres remain separate relations; no retained pair asks the same relation about the same entity."
"international_music_v2_039/saudi_music_v2_046","aec63d4c8d2478d7862a1219bb712a5b0a8301934b977fcee522f906a9e041c2","distinct","Assistant inspected song:happy:performer: Which singer performs Happy? (Pharrell Williams) against song:allamtni:singer: Which Saudi singer performs Allamtni? (Rashed Al Majid). These identify different works, different institutions or different artist attributes. The review compares every completed bank, including Egyptian Music and Arabic Music; ambiguous or unsupported release credits were excluded during research. Different song credits, artist instruments, labels, collaborators and musical genres remain separate relations; no retained pair asks the same relation about the same entity."
"international_music_v2_039/saudi_music_v2_047","1ed4af7fae3b0c7c552620981bf83bc555123495d94dd0618fd306cdd4fae430","distinct","Assistant inspected song:happy:performer: Which singer performs Happy? (Pharrell Williams) against song:tahamaltak:singer: Which Saudi singer performs Tahamaltak? (Rabeh Saqer). These identify different works, different institutions or different artist attributes. The review compares every completed bank, including Egyptian Music and Arabic Music; ambiguous or unsupported release credits were excluded during research. Different song credits, artist instruments, labels, collaborators and musical genres remain separate relations; no retained pair asks the same relation about the same entity."
"international_music_v2_039/saudi_music_v2_049","dba7781b78c04a44d3e5ed97ec0ef8026aa8c97bdc91883579d381d1fbe28208","distinct","Assistant inspected song:happy:performer: Which singer performs Happy? (Pharrell Williams) against song:hujja:singer: Which Saudi singer performs Hujjat Al Ghayeb? (Rashed Al Majid). These identify different works, different institutions or different artist attributes. The review compares every completed bank, including Egyptian Music and Arabic Music; ambiguous or unsupported release credits were excluded during research. Different song credits, artist instruments, labels, collaborators and musical genres remain separate relations; no retained pair asks the same relation about the same entity."
"international_music_v2_039/saudi_music_v2_054","d1591772f24cd3b4f1d25e85eb822414847655f8736092443e075bdac1813caa","distinct","Assistant inspected song:happy:performer: Which singer performs Happy? (Pharrell Williams) against song:minkobraha:singer: Which Saudi singer performs Min Kobraha? (Rabeh Saqer). These identify different works, different institutions or different artist attributes. The review compares every completed bank, including Egyptian Music and Arabic Music; ambiguous or unsupported release credits were excluded during research. Different song credits, artist instruments, labels, collaborators and musical genres remain separate relations; no retained pair asks the same relation about the same entity."
"international_music_v2_039/saudi_music_v2_059","e4d1c16ebc6b45e2e1d6f1420b8cace56b05be27dc57bc50720c6029671d13a6","distinct","Assistant inspected song:happy:performer: Which singer performs Happy? (Pharrell Williams) against song:saqiatash:singer: Which Saudi singer performs Saqi Al Atash? (Ayed). These identify different works, different institutions or different artist attributes. The review compares every completed bank, including Egyptian Music and Arabic Music; ambiguous or unsupported release credits were excluded during research. Different song credits, artist instruments, labels, collaborators and musical genres remain separate relations; no retained pair asks the same relation about the same entity."
"international_music_v2_039/saudi_music_v2_060","9374fb857f88b91696bf23b3a7d3e870336b7c530ad6b698d4aa9bf33275737d","distinct","Assistant inspected song:happy:performer: Which singer performs Happy? (Pharrell Williams) against song:istiraha:singer: Which Saudi singer performs Estrahet Mohareb? (Ayed). These identify different works, different institutions or different artist attributes. The review compares every completed bank, including Egyptian Music and Arabic Music; ambiguous or unsupported release credits were excluded during research. Different song credits, artist instruments, labels, collaborators and musical genres remain separate relations; no retained pair asks the same relation about the same entity."
"international_music_v2_039/saudi_music_v2_065","0de41d8ddf312b57e90deecfa30a5200dea599444c5108e2953a88d6b78c1ffc","distinct","Assistant inspected song:happy:performer: Which singer performs Happy? (Pharrell Williams) against song:mendala:singer: Which Saudi singer performs Men Dalaak? (Khalid Abdulrahman). These identify different works, different institutions or different artist attributes. The review compares every completed bank, including Egyptian Music and Arabic Music; ambiguous or unsupported release credits were excluded during research. Different song credits, artist instruments, labels, collaborators and musical genres remain separate relations; no retained pair asks the same relation about the same entity."
"international_music_v2_055/saudi_music_v2_055","802f10b985c274ec4591d45e2407f5b83551a0eb7e5022970af030c10539a2e3","distinct","Assistant inspected song:comolaflor:performer: Which singer performs Como La Flor? (Selena) against song:lataht:singer: Which Saudi female singer performs La Taht? (Dalia Mubarak). These identify different works, different institutions or different artist attributes. The review compares every completed bank, including Egyptian Music and Arabic Music; ambiguous or unsupported release credits were excluded during research. Different song credits, artist instruments, labels, collaborators and musical genres remain separate relations; no retained pair asks the same relation about the same entity."
"international_music_v2_003/egyptian_music_v2_042","456405fa16ac3680509b8e1df4646ae8d7a762a08487ba16cde8e40da9e1e9ca","distinct","Assistant inspected song:thriller:performer: Which singer performs Thriller and stars in its famous video? (Michael Jackson) against song:monaya:singer: Who sings Monaya? (Moustafa Amar). These identify different works, different institutions or different artist attributes. The review compares every completed bank, including Egyptian Music and Arabic Music; ambiguous or unsupported release credits were excluded during research. Different song credits, artist instruments, labels, collaborators and musical genres remain separate relations; no retained pair asks the same relation about the same entity."
"international_music_v2_011/egyptian_music_v2_029","5a1f4ec4bf71391b4e2a2020b150c0dc6ff3d13e0258b23162d5dea18b9f5ebd","distinct","Assistant inspected song:yoursong:performer: Which singer made the original recording of Your Song? (Elton John) against song:sawah:singer: Which Egyptian singer made the classic recording of Sawwah? (Abdel Halim Hafez). These identify different works, different institutions or different artist attributes. The review compares every completed bank, including Egyptian Music and Arabic Music; ambiguous or unsupported release credits were excluded during research. Different song credits, artist instruments, labels, collaborators and musical genres remain separate relations; no retained pair asks the same relation about the same entity."
"international_music_v2_011/egyptian_music_v2_030","2f001019993d634e4173f7ff1944bdb313df3d1b870671747d08eecfa5528228","distinct","Assistant inspected song:yoursong:performer: Which singer made the original recording of Your Song? (Elton John) against song:ahwak:singer: Which Egyptian singer made the classic recording of Ahwak? (Abdel Halim Hafez). These identify different works, different institutions or different artist attributes. The review compares every completed bank, including Egyptian Music and Arabic Music; ambiguous or unsupported release credits were excluded during research. Different song credits, artist instruments, labels, collaborators and musical genres remain separate relations; no retained pair asks the same relation about the same entity."
"international_music_v2_011/egyptian_music_v2_049","7db681f50c7a759a0efd45ead08d3df7ffa613264f529a2c5dba4f7d1a7b31ed","distinct","Assistant inspected song:yoursong:performer: Which singer made the original recording of Your Song? (Elton John) against song:kamannana:singer: Which singer performed the original recording of Kamannana? (Mohamed Fouad). These identify different works, different institutions or different artist attributes. The review compares every completed bank, including Egyptian Music and Arabic Music; ambiguous or unsupported release credits were excluded during research. Different song credits, artist instruments, labels, collaborators and musical genres remain separate relations; no retained pair asks the same relation about the same entity."
"international_music_v2_012/egyptian_music_v2_013","2aacf374f6cddd68d137b43a69d0dd0a3957c4e247b68884784d92d91ddcd546","distinct","Assistant inspected song:heroes:performer: Which singer released Heroes in 1977? (David Bowie) against song:yastar:singer: Which Egyptian singer performs the 2019 song Ya Sattar? (Mohamed Hamaki). These identify different works, different institutions or different artist attributes. The review compares every completed bank, including Egyptian Music and Arabic Music; ambiguous or unsupported release credits were excluded during research. Different song credits, artist instruments, labels, collaborators and musical genres remain separate relations; no retained pair asks the same relation about the same entity."
"international_music_v2_012/egyptian_music_v2_024","ae2a4619c0fbe5f6bd1a80ec33c4419e721c8aec74d5d6b2c020ccf4205b5aee","distinct","Assistant inspected song:heroes:performer: Which singer released Heroes in 1977? (David Bowie) against song:wasawasa:singer: Which Egyptian singer performs the 2022 song Wasa Wasa? (Ahmed Saad). These identify different works, different institutions or different artist attributes. The review compares every completed bank, including Egyptian Music and Arabic Music; ambiguous or unsupported release credits were excluded during research. Different song credits, artist instruments, labels, collaborators and musical genres remain separate relations; no retained pair asks the same relation about the same entity."
"international_music_v2_020/egyptian_music_v2_046","fbc5ac44f3b9bb30fc52878840573a823b9b9d4938a97971592a7d2751bd8e14","distinct","Assistant inspected song:rehab:performer: Which British singer performs Rehab? (Amy Winehouse) against song:amarain:singer: Which singer performs Amarain? (Amr Diab). These identify different works, different institutions or different artist attributes. The review compares every completed bank, including Egyptian Music and Arabic Music; ambiguous or unsupported release credits were excluded during research. Different song credits, artist instruments, labels, collaborators and musical genres remain separate relations; no retained pair asks the same relation about the same entity."
"international_music_v2_023/egyptian_music_v2_046","66730efd489d27c01c02d3c196b34b90cbfad97767165dd9fc5d6adcf21b5a0f","distinct","Assistant inspected song:badromance:performer: Which singer performs Bad Romance? (Lady Gaga) against song:amarain:singer: Which singer performs Amarain? (Amr Diab). These identify different works, different institutions or different artist attributes. The review compares every completed bank, including Egyptian Music and Arabic Music; ambiguous or unsupported release credits were excluded during research. Different song credits, artist instruments, labels, collaborators and musical genres remain separate relations; no retained pair asks the same relation about the same entity."
"international_music_v2_025/egyptian_music_v2_003","199190d49e8e9f3f292512a1bacd5baa5f8edfb25cfb56f925b47a43711e81ea","distinct","Assistant inspected song:umbrella:performer: Which singer performs Umbrella? (Rihanna) against song:siretelhob:singer: Which Egyptian female singer performs Siret El Hob? (Umm Kulthum). These identify different works, different institutions or different artist attributes. The review compares every completed bank, including Egyptian Music and Arabic Music; ambiguous or unsupported release credits were excluded during research. Different song credits, artist instruments, labels, collaborators and musical genres remain separate relations; no retained pair asks the same relation about the same entity."
"international_music_v2_025/egyptian_music_v2_006","388f18d8176b4d54264df367cf35d66ca9ab2d33172ad978173107fa31ea8973","distinct","Assistant inspected song:umbrella:performer: Which singer performs Umbrella? (Rihanna) against song:yamsaharni:singer: Which Egyptian female singer performs Ya Msaharni? (Umm Kulthum). These identify different works, different institutions or different artist attributes. The review compares every completed bank, including Egyptian Music and Arabic Music; ambiguous or unsupported release credits were excluded during research. Different song credits, artist instruments, labels, collaborators and musical genres remain separate relations; no retained pair asks the same relation about the same entity."
"international_music_v2_025/egyptian_music_v2_014","47fc628e561f3f64cc5a54820ecde7129d47c7258febaf77de264a63362bf34b","distinct","Assistant inspected song:umbrella:performer: Which singer performs Umbrella? (Rihanna) against song:sidiwesalak:singer: Which Egyptian female singer performs Sidi Wesalak? (Angham). These identify different works, different institutions or different artist attributes. The review compares every completed bank, including Egyptian Music and Arabic Music; ambiguous or unsupported release credits were excluded during research. Different song credits, artist instruments, labels, collaborators and musical genres remain separate relations; no retained pair asks the same relation about the same entity."
"international_music_v2_025/egyptian_music_v2_019","091cede3cdc61f0f0f0390b711ca791d2ae8a9a331c4632113b4a12e0576b929","distinct","Assistant inspected song:umbrella:performer: Which singer performs Umbrella? (Rihanna) against song:nassay:singer: Which Egyptian female singer released the song and album Nassay? (Sherine Abdel Wahab). These identify different works, different institutions or different artist attributes. The review compares every completed bank, including Egyptian Music and Arabic Music; ambiguous or unsupported release credits were excluded during research. Different song credits, artist instruments, labels, collaborators and musical genres remain separate relations; no retained pair asks the same relation about the same entity."
"international_music_v2_025/egyptian_music_v2_020","f7b9614202f1a402ebf0a04b1d6d364359690d542ead9b76f8c7e9aed6299d96","distinct","Assistant inspected song:umbrella:performer: Which singer performs Umbrella? (Rihanna) against song:hobboganna:singer: Which Egyptian female singer performs Hobbo Ganna? (Sherine Abdel Wahab). These identify different works, different institutions or different artist attributes. The review compares every completed bank, including Egyptian Music and Arabic Music; ambiguous or unsupported release credits were excluded during research. Different song credits, artist instruments, labels, collaborators and musical genres remain separate relations; no retained pair asks the same relation about the same entity."
"international_music_v2_025/egyptian_music_v2_021","d5b39e460732c37d34c87254d3a1debddf9cf0dc95e6529868e639ba70c5a61c","distinct","Assistant inspected song:umbrella:performer: Which singer performs Umbrella? (Rihanna) against song:watarhassas:singer: Which Egyptian female singer performs El Watar El Hassas? (Sherine Abdel Wahab). These identify different works, different institutions or different artist attributes. The review compares every completed bank, including Egyptian Music and Arabic Music; ambiguous or unsupported release credits were excluded during research. Different song credits, artist instruments, labels, collaborators and musical genres remain separate relations; no retained pair asks the same relation about the same entity."
"international_music_v2_025/egyptian_music_v2_046","c996df881af7a921d1fbdfd5d8eb409b6145fbaa75aae97514aedd2309c31581","distinct","Assistant inspected song:umbrella:performer: Which singer performs Umbrella? (Rihanna) against song:amarain:singer: Which singer performs Amarain? (Amr Diab). These identify different works, different institutions or different artist attributes. The review compares every completed bank, including Egyptian Music and Arabic Music; ambiguous or unsupported release credits were excluded during research. Different song credits, artist instruments, labels, collaborators and musical genres remain separate relations; no retained pair asks the same relation about the same entity."
"international_music_v2_026/egyptian_music_v2_003","68f35042e313b8f91f9b0e67bf9ebde0eacb95b9efcc91e78b674a131a338a1c","distinct","Assistant inspected song:levitating:performer: Which singer performs Levitating? (Dua Lipa) against song:siretelhob:singer: Which Egyptian female singer performs Siret El Hob? (Umm Kulthum). These identify different works, different institutions or different artist attributes. The review compares every completed bank, including Egyptian Music and Arabic Music; ambiguous or unsupported release credits were excluded during research. Different song credits, artist instruments, labels, collaborators and musical genres remain separate relations; no retained pair asks the same relation about the same entity."
"international_music_v2_026/egyptian_music_v2_006","68d5f48ba60fd0cb169e0838cb770d944e3875fe31867beda51340ac87d20ed3","distinct","Assistant inspected song:levitating:performer: Which singer performs Levitating? (Dua Lipa) against song:yamsaharni:singer: Which Egyptian female singer performs Ya Msaharni? (Umm Kulthum). These identify different works, different institutions or different artist attributes. The review compares every completed bank, including Egyptian Music and Arabic Music; ambiguous or unsupported release credits were excluded during research. Different song credits, artist instruments, labels, collaborators and musical genres remain separate relations; no retained pair asks the same relation about the same entity."
"international_music_v2_026/egyptian_music_v2_014","0045768cd99b096f41f6e88e125d78d1989aec85518deab17d946751563b5f62","distinct","Assistant inspected song:levitating:performer: Which singer performs Levitating? (Dua Lipa) against song:sidiwesalak:singer: Which Egyptian female singer performs Sidi Wesalak? (Angham). These identify different works, different institutions or different artist attributes. The review compares every completed bank, including Egyptian Music and Arabic Music; ambiguous or unsupported release credits were excluded during research. Different song credits, artist instruments, labels, collaborators and musical genres remain separate relations; no retained pair asks the same relation about the same entity."
"international_music_v2_026/egyptian_music_v2_019","59a3ae97387759d0b03b3deee7538cd3b4e6f4b85eb9f47a693c389c83e47562","distinct","Assistant inspected song:levitating:performer: Which singer performs Levitating? (Dua Lipa) against song:nassay:singer: Which Egyptian female singer released the song and album Nassay? (Sherine Abdel Wahab). These identify different works, different institutions or different artist attributes. The review compares every completed bank, including Egyptian Music and Arabic Music; ambiguous or unsupported release credits were excluded during research. Different song credits, artist instruments, labels, collaborators and musical genres remain separate relations; no retained pair asks the same relation about the same entity."
"international_music_v2_026/egyptian_music_v2_020","75b2f229f31d3c12c4e519be25f3b59c782e40fb845065bf301e17aa466f1de8","distinct","Assistant inspected song:levitating:performer: Which singer performs Levitating? (Dua Lipa) against song:hobboganna:singer: Which Egyptian female singer performs Hobbo Ganna? (Sherine Abdel Wahab). These identify different works, different institutions or different artist attributes. The review compares every completed bank, including Egyptian Music and Arabic Music; ambiguous or unsupported release credits were excluded during research. Different song credits, artist instruments, labels, collaborators and musical genres remain separate relations; no retained pair asks the same relation about the same entity."
"international_music_v2_026/egyptian_music_v2_021","7db74ed555793fd5a48c6f31c918665b29fb04af3518dbad90c73a2a6a71e581","distinct","Assistant inspected song:levitating:performer: Which singer performs Levitating? (Dua Lipa) against song:watarhassas:singer: Which Egyptian female singer performs El Watar El Hassas? (Sherine Abdel Wahab). These identify different works, different institutions or different artist attributes. The review compares every completed bank, including Egyptian Music and Arabic Music; ambiguous or unsupported release credits were excluded during research. Different song credits, artist instruments, labels, collaborators and musical genres remain separate relations; no retained pair asks the same relation about the same entity."
"international_music_v2_026/egyptian_music_v2_046","0516078a5147fb6527ab26f56e22221081f8852148cad76b1b55fd2420889281","distinct","Assistant inspected song:levitating:performer: Which singer performs Levitating? (Dua Lipa) against song:amarain:singer: Which singer performs Amarain? (Amr Diab). These identify different works, different institutions or different artist attributes. The review compares every completed bank, including Egyptian Music and Arabic Music; ambiguous or unsupported release credits were excluded during research. Different song credits, artist instruments, labels, collaborators and musical genres remain separate relations; no retained pair asks the same relation about the same entity."
"international_music_v2_027/egyptian_music_v2_046","7dc4ed15e9a152228080281b55a22e4f43ed71bc9bc9eb8cb46fe743c8f21eba","distinct","Assistant inspected song:chandelier:performer: Which Australian singer performs Chandelier? (Sia) against song:amarain:singer: Which singer performs Amarain? (Amr Diab). These identify different works, different institutions or different artist attributes. The review compares every completed bank, including Egyptian Music and Arabic Music; ambiguous or unsupported release credits were excluded during research. Different song credits, artist instruments, labels, collaborators and musical genres remain separate relations; no retained pair asks the same relation about the same entity."
"international_music_v2_028/egyptian_music_v2_046","33c21504351fc623ef6da79994a038bde9e2b33d36c5aba4e7e2755adbb12a48","distinct","Assistant inspected song:badguy:performer: Which singer performs bad guy? (Billie Eilish) against song:amarain:singer: Which singer performs Amarain? (Amr Diab). These identify different works, different institutions or different artist attributes. The review compares every completed bank, including Egyptian Music and Arabic Music; ambiguous or unsupported release credits were excluded during research. Different song credits, artist instruments, labels, collaborators and musical genres remain separate relations; no retained pair asks the same relation about the same entity."
"international_music_v2_029/egyptian_music_v2_046","4f563740692c0b60498973aa580edf82114b183ea039c63a1ca30ab59af7ea6d","distinct","Assistant inspected song:driverslicense:performer: Which singer performs drivers license? (Olivia Rodrigo) against song:amarain:singer: Which singer performs Amarain? (Amr Diab). These identify different works, different institutions or different artist attributes. The review compares every completed bank, including Egyptian Music and Arabic Music; ambiguous or unsupported release credits were excluded during research. Different song credits, artist instruments, labels, collaborators and musical genres remain separate relations; no retained pair asks the same relation about the same entity."
"international_music_v2_031/egyptian_music_v2_042","599f63d69285b77a06d50e35978f40a29cab2ec0b70d4feb76f9f40a010206cc","distinct","Assistant inspected song:blindinglights:performer: Which singer performs Blinding Lights? (The Weeknd) against song:monaya:singer: Who sings Monaya? (Moustafa Amar). These identify different works, different institutions or different artist attributes. The review compares every completed bank, including Egyptian Music and Arabic Music; ambiguous or unsupported release credits were excluded during research. Different song credits, artist instruments, labels, collaborators and musical genres remain separate relations; no retained pair asks the same relation about the same entity."
"international_music_v2_031/egyptian_music_v2_046","f8d61cb01798c3415208cd53cb2ff7b181170501c9b4e1c829bf37556689cd4e","distinct","Assistant inspected song:blindinglights:performer: Which singer performs Blinding Lights? (The Weeknd) against song:amarain:singer: Which singer performs Amarain? (Amr Diab). These identify different works, different institutions or different artist attributes. The review compares every completed bank, including Egyptian Music and Arabic Music; ambiguous or unsupported release credits were excluded during research. Different song credits, artist instruments, labels, collaborators and musical genres remain separate relations; no retained pair asks the same relation about the same entity."
"international_music_v2_032/egyptian_music_v2_042","6cf8ee6cf9dfec3a3734bafe2f4ce6cd5fed8f57fa6760ca7b048f582c87170f","distinct","Assistant inspected song:asitwas:performer: Which singer performs As It Was? (Harry Styles) against song:monaya:singer: Who sings Monaya? (Moustafa Amar). These identify different works, different institutions or different artist attributes. The review compares every completed bank, including Egyptian Music and Arabic Music; ambiguous or unsupported release credits were excluded during research. Different song credits, artist instruments, labels, collaborators and musical genres remain separate relations; no retained pair asks the same relation about the same entity."
"international_music_v2_039/egyptian_music_v2_007","bd1d73e502df9a9b82cc104b29c71306e52fbe99a0f3428f39ce144eac0abac2","distinct","Assistant inspected song:happy:performer: Which singer performs Happy? (Pharrell Williams) against song:tamallymaak:singer: Which Egyptian singer performs Tamally Maak? (Amr Diab). These identify different works, different institutions or different artist attributes. The review compares every completed bank, including Egyptian Music and Arabic Music; ambiguous or unsupported release credits were excluded during research. Different song credits, artist instruments, labels, collaborators and musical genres remain separate relations; no retained pair asks the same relation about the same entity."
"international_music_v2_039/egyptian_music_v2_018","9c9cd4501c461b7e8a9a4e18904aac8140b9d68f606c7725714b4bc41b444f2d","distinct","Assistant inspected song:happy:performer: Which singer performs Happy? (Pharrell Williams) against song:ymkenkher:singer: Which Egyptian singer performs Ymken Kher? (Ramy Sabry). These identify different works, different institutions or different artist attributes. The review compares every completed bank, including Egyptian Music and Arabic Music; ambiguous or unsupported release credits were excluded during research. Different song credits, artist instruments, labels, collaborators and musical genres remain separate relations; no retained pair asks the same relation about the same entity."
"international_music_v2_039/egyptian_music_v2_023","6028a9a7506a916908c5b2c85efaede26fef967423ecd388d62693a74a9658eb","distinct","Assistant inspected song:happy:performer: Which singer performs Happy? (Pharrell Williams) against song:oloosamah:singer: Which Egyptian singer performs Oloolo Samah? (Tamer Ashour). These identify different works, different institutions or different artist attributes. The review compares every completed bank, including Egyptian Music and Arabic Music; ambiguous or unsupported release credits were excluded during research. Different song credits, artist instruments, labels, collaborators and musical genres remain separate relations; no retained pair asks the same relation about the same entity."
"international_music_v2_039/egyptian_music_v2_042","066e7d9c16b9f5c9a03098a9bd858617f206c20c1ef1cd1b82fbae14b8cb77b5","distinct","Assistant inspected song:happy:performer: Which singer performs Happy? (Pharrell Williams) against song:monaya:singer: Who sings Monaya? (Moustafa Amar). These identify different works, different institutions or different artist attributes. The review compares every completed bank, including Egyptian Music and Arabic Music; ambiguous or unsupported release credits were excluded during research. Different song credits, artist instruments, labels, collaborators and musical genres remain separate relations; no retained pair asks the same relation about the same entity."
"international_music_v2_039/egyptian_music_v2_045","9d5fa1e5b745f95e3edd512440b2963cdc999f09e6cb322ee1c2273d21b58dbe","distinct","Assistant inspected song:happy:performer: Which singer performs Happy? (Pharrell Williams) against song:wemalo:singer: Who sings We Malo? (Amr Diab). These identify different works, different institutions or different artist attributes. The review compares every completed bank, including Egyptian Music and Arabic Music; ambiguous or unsupported release credits were excluded during research. Different song credits, artist instruments, labels, collaborators and musical genres remain separate relations; no retained pair asks the same relation about the same entity."
"international_music_v2_039/egyptian_music_v2_046","ccf108ab58a51204a9aad9ea0cb8557a10ed997b125c2eaa49b6eb4de52c46a2","distinct","Assistant inspected song:happy:performer: Which singer performs Happy? (Pharrell Williams) against song:amarain:singer: Which singer performs Amarain? (Amr Diab). These identify different works, different institutions or different artist attributes. The review compares every completed bank, including Egyptian Music and Arabic Music; ambiguous or unsupported release credits were excluded during research. Different song credits, artist instruments, labels, collaborators and musical genres remain separate relations; no retained pair asks the same relation about the same entity."
"international_music_v2_039/egyptian_music_v2_047","8065941561b25e9d801c7afcdebef96f90c6801ff9e5ee4e91c1cb6b733f286b","distinct","Assistant inspected song:happy:performer: Which singer performs Happy? (Pharrell Williams) against song:tetragafeya:singer: Which Egyptian singer performs Tetraga Feya? (Ehab Tawfik). These identify different works, different institutions or different artist attributes. The review compares every completed bank, including Egyptian Music and Arabic Music; ambiguous or unsupported release credits were excluded during research. Different song credits, artist instruments, labels, collaborators and musical genres remain separate relations; no retained pair asks the same relation about the same entity."
"international_music_v2_058/egyptian_music_v2_046","4b3d91e662b5e436a6bafba77abc5e41dfb1a06722c0385e9d5b4e4ea3a480d0","distinct","Assistant inspected song:malamente:performer: Which Spanish singer performs Malamente? (Rosalía) against song:amarain:singer: Which singer performs Amarain? (Amr Diab). These identify different works, different institutions or different artist attributes. The review compares every completed bank, including Egyptian Music and Arabic Music; ambiguous or unsupported release credits were excluded during research. Different song credits, artist instruments, labels, collaborators and musical genres remain separate relations; no retained pair asks the same relation about the same entity."
"international_music_v2_003/arabic_music_v2_061","834f5ecc00f2fbb0f9bf6ceba7b6b0bb7e4973f2ecd76b48aaee14106588c743","distinct","Assistant inspected song:thriller:performer: Which singer performs Thriller and stars in its famous video? (Michael Jackson) against song:aashanak:singer: Which singer performs Aashanak? (Siilawy). These identify different works, different institutions or different artist attributes. The review compares every completed bank, including Egyptian Music and Arabic Music; ambiguous or unsupported release credits were excluded during research. Different song credits, artist instruments, labels, collaborators and musical genres remain separate relations; no retained pair asks the same relation about the same entity."
"international_music_v2_012/arabic_music_v2_035","75e65493050dc93ec8c7419bf4ddf6bed526be5a2bae26abb832468eb2757058","distinct","Assistant inspected song:heroes:performer: Which singer released Heroes in 1977? (David Bowie) against song:mabzon:singer: Which Syrian singer performs the 2019 song Ma Bzon? (Nassif Zeytoun). These identify different works, different institutions or different artist attributes. The review compares every completed bank, including Egyptian Music and Arabic Music; ambiguous or unsupported release credits were excluded during research. Different song credits, artist instruments, labels, collaborators and musical genres remain separate relations; no retained pair asks the same relation about the same entity."
"international_music_v2_020/arabic_music_v2_027","d1efb7bbb3d270630f60216f5c56ace95d4d9ee7dde519c088ac4f7ea42e9556","distinct","Assistant inspected song:rehab:performer: Which British singer performs Rehab? (Amy Winehouse) against song:ayshalak:singer: Which Lebanese singer performs Ayshalak? (Elissa). These identify different works, different institutions or different artist attributes. The review compares every completed bank, including Egyptian Music and Arabic Music; ambiguous or unsupported release credits were excluded during research. Different song credits, artist instruments, labels, collaborators and musical genres remain separate relations; no retained pair asks the same relation about the same entity."
"international_music_v2_020/arabic_music_v2_031","cab82bade483a4858120fb99f58caa5c6077d182f7da370fe14758191af3ad10","distinct","Assistant inspected song:rehab:performer: Which British singer performs Rehab? (Amy Winehouse) against song:ellayali:singer: Which singer performs El Layali? (Nawal El Zoghbi). These identify different works, different institutions or different artist attributes. The review compares every completed bank, including Egyptian Music and Arabic Music; ambiguous or unsupported release credits were excluded during research. Different song credits, artist instruments, labels, collaborators and musical genres remain separate relations; no retained pair asks the same relation about the same entity."
"international_music_v2_020/arabic_music_v2_047","fc50c71ab6baef00205e886377e15135e1ae4a7d9e380bf82c4f690e0c24f88d","distinct","Assistant inspected song:rehab:performer: Which British singer performs Rehab? (Amy Winehouse) against song:hafla:singer: Which female singer performs Hafla? (Nawal El Zoghbi). These identify different works, different institutions or different artist attributes. The review compares every completed bank, including Egyptian Music and Arabic Music; ambiguous or unsupported release credits were excluded during research. Different song credits, artist instruments, labels, collaborators and musical genres remain separate relations; no retained pair asks the same relation about the same entity."
"international_music_v2_020/arabic_music_v2_055","36550e055e3b1aa2fdb9c6d15f907b34fa32d62cdb0c01c73361aa47664bdeef","distinct","Assistant inspected song:rehab:performer: Which British singer performs Rehab? (Amy Winehouse) against song:motallaqa:singer: Which female singer performs El Motallaqa? (Carole Samaha). These identify different works, different institutions or different artist attributes. The review compares every completed bank, including Egyptian Music and Arabic Music; ambiguous or unsupported release credits were excluded during research. Different song credits, artist instruments, labels, collaborators and musical genres remain separate relations; no retained pair asks the same relation about the same entity."
"international_music_v2_020/arabic_music_v2_058","e34646952a21347260b10a84626bebe91e4cc4e7912fbd0581342aec0db2230d","distinct","Assistant inspected song:rehab:performer: Which British singer performs Rehab? (Amy Winehouse) against song:saken:singer: Which singer performs Saken? (Diana Haddad). These identify different works, different institutions or different artist attributes. The review compares every completed bank, including Egyptian Music and Arabic Music; ambiguous or unsupported release credits were excluded during research. Different song credits, artist instruments, labels, collaborators and musical genres remain separate relations; no retained pair asks the same relation about the same entity."
"international_music_v2_020/arabic_music_v2_061","7917463b1412b39f3ffc8b0aa55085275b515a10c4bf2b3ceac1a8aa85de7d96","distinct","Assistant inspected song:rehab:performer: Which British singer performs Rehab? (Amy Winehouse) against song:aashanak:singer: Which singer performs Aashanak? (Siilawy). These identify different works, different institutions or different artist attributes. The review compares every completed bank, including Egyptian Music and Arabic Music; ambiguous or unsupported release credits were excluded during research. Different song credits, artist instruments, labels, collaborators and musical genres remain separate relations; no retained pair asks the same relation about the same entity."
"international_music_v2_022/arabic_music_v2_036","0a96476c20b2362e4612c2c47709ca5b66d026ba19f90ee37117723a6774ee0d","distinct","Assistant inspected song:hello:performer: Which singer released Hello in 2015? (Adele) against song:alkawkab:singer: Which Iraqi singer performs the 2021 song Al Kawkab? (Rahma Riad). These identify different works, different institutions or different artist attributes. The review compares every completed bank, including Egyptian Music and Arabic Music; ambiguous or unsupported release credits were excluded during research. Different song credits, artist instruments, labels, collaborators and musical genres remain separate relations; no retained pair asks the same relation about the same entity."
"international_music_v2_023/arabic_music_v2_027","daaa82b22855b845e58249a4bfe9de90c0202c4d2d375aaf976eff59122c43ba","distinct","Assistant inspected song:badromance:performer: Which singer performs Bad Romance? (Lady Gaga) against song:ayshalak:singer: Which Lebanese singer performs Ayshalak? (Elissa). These identify different works, different institutions or different artist attributes. The review compares every completed bank, including Egyptian Music and Arabic Music; ambiguous or unsupported release credits were excluded during research. Different song credits, artist instruments, labels, collaborators and musical genres remain separate relations; no retained pair asks the same relation about the same entity."
"international_music_v2_023/arabic_music_v2_031","c672b8f8f2ddbbfe1afbe363d67c150884cbd1bdf25e0ddfa909aebf7034848c","distinct","Assistant inspected song:badromance:performer: Which singer performs Bad Romance? (Lady Gaga) against song:ellayali:singer: Which singer performs El Layali? (Nawal El Zoghbi). These identify different works, different institutions or different artist attributes. The review compares every completed bank, including Egyptian Music and Arabic Music; ambiguous or unsupported release credits were excluded during research. Different song credits, artist instruments, labels, collaborators and musical genres remain separate relations; no retained pair asks the same relation about the same entity."
"international_music_v2_023/arabic_music_v2_047","96adb5fc4556e2b098a598204dfde297f4e3fe6f9d90004da2c82d0cf8a9394f","distinct","Assistant inspected song:badromance:performer: Which singer performs Bad Romance? (Lady Gaga) against song:hafla:singer: Which female singer performs Hafla? (Nawal El Zoghbi). These identify different works, different institutions or different artist attributes. The review compares every completed bank, including Egyptian Music and Arabic Music; ambiguous or unsupported release credits were excluded during research. Different song credits, artist instruments, labels, collaborators and musical genres remain separate relations; no retained pair asks the same relation about the same entity."
"international_music_v2_023/arabic_music_v2_055","5fae3671b1daaa6e058216716ec009b84e8e1333e07fdee4aa09d86c95665d87","distinct","Assistant inspected song:badromance:performer: Which singer performs Bad Romance? (Lady Gaga) against song:motallaqa:singer: Which female singer performs El Motallaqa? (Carole Samaha). These identify different works, different institutions or different artist attributes. The review compares every completed bank, including Egyptian Music and Arabic Music; ambiguous or unsupported release credits were excluded during research. Different song credits, artist instruments, labels, collaborators and musical genres remain separate relations; no retained pair asks the same relation about the same entity."
"international_music_v2_023/arabic_music_v2_058","ce074764357163f4d7a5750879462d6e08becbbce9bb5da38f2c9720fe235cbc","distinct","Assistant inspected song:badromance:performer: Which singer performs Bad Romance? (Lady Gaga) against song:saken:singer: Which singer performs Saken? (Diana Haddad). These identify different works, different institutions or different artist attributes. The review compares every completed bank, including Egyptian Music and Arabic Music; ambiguous or unsupported release credits were excluded during research. Different song credits, artist instruments, labels, collaborators and musical genres remain separate relations; no retained pair asks the same relation about the same entity."
"international_music_v2_023/arabic_music_v2_061","6e511007e31b6960333441dda8a249190ebe4e7d00d651fc2e2ec5fd5238842b","distinct","Assistant inspected song:badromance:performer: Which singer performs Bad Romance? (Lady Gaga) against song:aashanak:singer: Which singer performs Aashanak? (Siilawy). These identify different works, different institutions or different artist attributes. The review compares every completed bank, including Egyptian Music and Arabic Music; ambiguous or unsupported release credits were excluded during research. Different song credits, artist instruments, labels, collaborators and musical genres remain separate relations; no retained pair asks the same relation about the same entity."
"international_music_v2_025/arabic_music_v2_002","57056b4e6a6bbec1312b7ccaeacc754965176b8632a358b3b090e7c40f3fe2a7","distinct","Assistant inspected song:umbrella:performer: Which singer performs Umbrella? (Rihanna) against song:saalounyelnas:singer: Which Lebanese singer performs Saalouny El Nas? (Fairuz). These identify different works, different institutions or different artist attributes. The review compares every completed bank, including Egyptian Music and Arabic Music; ambiguous or unsupported release credits were excluded during research. Different song credits, artist instruments, labels, collaborators and musical genres remain separate relations; no retained pair asks the same relation about the same entity."
"international_music_v2_025/arabic_music_v2_013","a37351006e9838d6041dea3d0613fc4c86639f39ad3157943f4916c0c752a0fe","distinct","Assistant inspected song:umbrella:performer: Which singer performs Umbrella? (Rihanna) against song:waedmenni:singer: Which Iraqi singer performs Waed Menni? (Rahma Riad). These identify different works, different institutions or different artist attributes. The review compares every completed bank, including Egyptian Music and Arabic Music; ambiguous or unsupported release credits were excluded during research. Different song credits, artist instruments, labels, collaborators and musical genres remain separate relations; no retained pair asks the same relation about the same entity."
"international_music_v2_025/arabic_music_v2_018","fc63db3d9001cffcf844ddfb425863306133c1989df8091146fda679553237c2","distinct","Assistant inspected song:umbrella:performer: Which singer performs Umbrella? (Rihanna) against song:saharni:singer: Which Lebanese singer released the song and album Saharni? (Najwa Karam). These identify different works, different institutions or different artist attributes. The review compares every completed bank, including Egyptian Music and Arabic Music; ambiguous or unsupported release credits were excluded during research. Different song credits, artist instruments, labels, collaborators and musical genres remain separate relations; no retained pair asks the same relation about the same entity."
"international_music_v2_025/arabic_music_v2_019","31ab20ca79b8a9350909d96c0b988b7518f536dadde5464a0a6d3b225f116d82","distinct","Assistant inspected song:umbrella:performer: Which singer performs Umbrella? (Rihanna) against song:twassafeyi:singer: Which Lebanese singer performs Twassa Feyi? (Yara). These identify different works, different institutions or different artist attributes. The review compares every completed bank, including Egyptian Music and Arabic Music; ambiguous or unsupported release credits were excluded during research. Different song credits, artist instruments, labels, collaborators and musical genres remain separate relations; no retained pair asks the same relation about the same entity."
"international_music_v2_025/arabic_music_v2_027","ee941864923b4236dfa73b4e3306a42611ef798b7bec71e5c8bf99437705aaa5","distinct","Assistant inspected song:umbrella:performer: Which singer performs Umbrella? (Rihanna) against song:ayshalak:singer: Which Lebanese singer performs Ayshalak? (Elissa). These identify different works, different institutions or different artist attributes. The review compares every completed bank, including Egyptian Music and Arabic Music; ambiguous or unsupported release credits were excluded during research. Different song credits, artist instruments, labels, collaborators and musical genres remain separate relations; no retained pair asks the same relation about the same entity."
"international_music_v2_025/arabic_music_v2_031","602879913b3aed212b37367b6cc6239ad995ade5bbf399488b0f5eb26f026617","distinct","Assistant inspected song:umbrella:performer: Which singer performs Umbrella? (Rihanna) against song:ellayali:singer: Which singer performs El Layali? (Nawal El Zoghbi). These identify different works, different institutions or different artist attributes. The review compares every completed bank, including Egyptian Music and Arabic Music; ambiguous or unsupported release credits were excluded during research. Different song credits, artist instruments, labels, collaborators and musical genres remain separate relations; no retained pair asks the same relation about the same entity."
"international_music_v2_025/arabic_music_v2_033","5343fe635cbe9b7ebeefe9cdbe4385d2a614ddc7d86676d4308fc71e54706114","distinct","Assistant inspected song:umbrella:performer: Which singer performs Umbrella? (Rihanna) against song:etazaltelgharam:singer: Which Lebanese singer performs Etazalt El Gharam? (Majida El Roumi). These identify different works, different institutions or different artist attributes. The review compares every completed bank, including Egyptian Music and Arabic Music; ambiguous or unsupported release credits were excluded during research. Different song credits, artist instruments, labels, collaborators and musical genres remain separate relations; no retained pair asks the same relation about the same entity."
"international_music_v2_025/arabic_music_v2_042","bbcde6ac8ac1099d2cbb87f00072dd9e99595183dad5e453e2015cb83f2ff062","distinct","Assistant inspected song:umbrella:performer: Which singer performs Umbrella? (Rihanna) against song:didi:singer: Which Algerian singer performs Didi? (Khaled). These identify different works, different institutions or different artist attributes. The review compares every completed bank, including Egyptian Music and Arabic Music; ambiguous or unsupported release credits were excluded during research. Different song credits, artist instruments, labels, collaborators and musical genres remain separate relations; no retained pair asks the same relation about the same entity."
"international_music_v2_025/arabic_music_v2_045","b0b057894603021cb8714c8c9056dcdf68101c41a42085d4f7cec6bf68e1a61c","distinct","Assistant inspected song:umbrella:performer: Which singer performs Umbrella? (Rihanna) against song:ghirenta:singer: Which Algerian singer performs Ghir Enta? (Souad Massi). These identify different works, different institutions or different artist attributes. The review compares every completed bank, including Egyptian Music and Arabic Music; ambiguous or unsupported release credits were excluded during research. Different song credits, artist instruments, labels, collaborators and musical genres remain separate relations; no retained pair asks the same relation about the same entity."
"international_music_v2_025/arabic_music_v2_047","c1b1c73230b1a9c304930f0d5feb88f27d68a2cc74aca646c63a849ea38ea62c","distinct","Assistant inspected song:umbrella:performer: Which singer performs Umbrella? (Rihanna) against song:hafla:singer: Which female singer performs Hafla? (Nawal El Zoghbi). These identify different works, different institutions or different artist attributes. The review compares every completed bank, including Egyptian Music and Arabic Music; ambiguous or unsupported release credits were excluded during research. Different song credits, artist instruments, labels, collaborators and musical genres remain separate relations; no retained pair asks the same relation about the same entity."
"international_music_v2_025/arabic_music_v2_055","4afa61ee9aefc0a1f87c47c1564b562cf8e0fc6cd0d88cb24efb45670492947f","distinct","Assistant inspected song:umbrella:performer: Which singer performs Umbrella? (Rihanna) against song:motallaqa:singer: Which female singer performs El Motallaqa? (Carole Samaha). These identify different works, different institutions or different artist attributes. The review compares every completed bank, including Egyptian Music and Arabic Music; ambiguous or unsupported release credits were excluded during research. Different song credits, artist instruments, labels, collaborators and musical genres remain separate relations; no retained pair asks the same relation about the same entity."
"international_music_v2_025/arabic_music_v2_058","7e491528784ae0c15d4aacbd70ad6d266f1e1cfcce16ceee4d5d79a06340dd94","distinct","Assistant inspected song:umbrella:performer: Which singer performs Umbrella? (Rihanna) against song:saken:singer: Which singer performs Saken? (Diana Haddad). These identify different works, different institutions or different artist attributes. The review compares every completed bank, including Egyptian Music and Arabic Music; ambiguous or unsupported release credits were excluded during research. Different song credits, artist instruments, labels, collaborators and musical genres remain separate relations; no retained pair asks the same relation about the same entity."
"international_music_v2_025/arabic_music_v2_061","174321bdaca8f2d8b2ff898f0b15bb7207cd81ae047786e2d665d49923976cfc","distinct","Assistant inspected song:umbrella:performer: Which singer performs Umbrella? (Rihanna) against song:aashanak:singer: Which singer performs Aashanak? (Siilawy). These identify different works, different institutions or different artist attributes. The review compares every completed bank, including Egyptian Music and Arabic Music; ambiguous or unsupported release credits were excluded during research. Different song credits, artist instruments, labels, collaborators and musical genres remain separate relations; no retained pair asks the same relation about the same entity."
"international_music_v2_026/arabic_music_v2_002","629b5e7297debf0d1b0c54793888af315fe6a697fc87a786e5866339f1ba9c80","distinct","Assistant inspected song:levitating:performer: Which singer performs Levitating? (Dua Lipa) against song:saalounyelnas:singer: Which Lebanese singer performs Saalouny El Nas? (Fairuz). These identify different works, different institutions or different artist attributes. The review compares every completed bank, including Egyptian Music and Arabic Music; ambiguous or unsupported release credits were excluded during research. Different song credits, artist instruments, labels, collaborators and musical genres remain separate relations; no retained pair asks the same relation about the same entity."
"international_music_v2_026/arabic_music_v2_013","520af61bc42e933a169318ec73204e163e41f6c287244de4ccbd5dc09070d020","distinct","Assistant inspected song:levitating:performer: Which singer performs Levitating? (Dua Lipa) against song:waedmenni:singer: Which Iraqi singer performs Waed Menni? (Rahma Riad). These identify different works, different institutions or different artist attributes. The review compares every completed bank, including Egyptian Music and Arabic Music; ambiguous or unsupported release credits were excluded during research. Different song credits, artist instruments, labels, collaborators and musical genres remain separate relations; no retained pair asks the same relation about the same entity."
"international_music_v2_026/arabic_music_v2_018","cde008e1774de51879dd9e34480056f262842ebf7e118aaa106ab8c596df49e2","distinct","Assistant inspected song:levitating:performer: Which singer performs Levitating? (Dua Lipa) against song:saharni:singer: Which Lebanese singer released the song and album Saharni? (Najwa Karam). These identify different works, different institutions or different artist attributes. The review compares every completed bank, including Egyptian Music and Arabic Music; ambiguous or unsupported release credits were excluded during research. Different song credits, artist instruments, labels, collaborators and musical genres remain separate relations; no retained pair asks the same relation about the same entity."
"international_music_v2_026/arabic_music_v2_019","4b1ad0d0297bff1d497bc42d2055dee7b52dad30e43e6fbf9f4aacadba24018c","distinct","Assistant inspected song:levitating:performer: Which singer performs Levitating? (Dua Lipa) against song:twassafeyi:singer: Which Lebanese singer performs Twassa Feyi? (Yara). These identify different works, different institutions or different artist attributes. The review compares every completed bank, including Egyptian Music and Arabic Music; ambiguous or unsupported release credits were excluded during research. Different song credits, artist instruments, labels, collaborators and musical genres remain separate relations; no retained pair asks the same relation about the same entity."
"international_music_v2_026/arabic_music_v2_027","1843d0761d1db30511a395351070d563b67b7837a912ea68146cfbb607370793","distinct","Assistant inspected song:levitating:performer: Which singer performs Levitating? (Dua Lipa) against song:ayshalak:singer: Which Lebanese singer performs Ayshalak? (Elissa). These identify different works, different institutions or different artist attributes. The review compares every completed bank, including Egyptian Music and Arabic Music; ambiguous or unsupported release credits were excluded during research. Different song credits, artist instruments, labels, collaborators and musical genres remain separate relations; no retained pair asks the same relation about the same entity."
"international_music_v2_026/arabic_music_v2_031","7bfd29fba2063f35fc65e8adb28190324dc6ce037aa4dc308744d05b3565b0f4","distinct","Assistant inspected song:levitating:performer: Which singer performs Levitating? (Dua Lipa) against song:ellayali:singer: Which singer performs El Layali? (Nawal El Zoghbi). These identify different works, different institutions or different artist attributes. The review compares every completed bank, including Egyptian Music and Arabic Music; ambiguous or unsupported release credits were excluded during research. Different song credits, artist instruments, labels, collaborators and musical genres remain separate relations; no retained pair asks the same relation about the same entity."
"international_music_v2_026/arabic_music_v2_033","7013f343ea09ba381b86a2f6e76090ba7a4a0f82b2833bf3d48cd8601bc7c2c3","distinct","Assistant inspected song:levitating:performer: Which singer performs Levitating? (Dua Lipa) against song:etazaltelgharam:singer: Which Lebanese singer performs Etazalt El Gharam? (Majida El Roumi). These identify different works, different institutions or different artist attributes. The review compares every completed bank, including Egyptian Music and Arabic Music; ambiguous or unsupported release credits were excluded during research. Different song credits, artist instruments, labels, collaborators and musical genres remain separate relations; no retained pair asks the same relation about the same entity."
"international_music_v2_026/arabic_music_v2_042","f87c9d42a7b253e70f5c9a1e8819e0aaf90956a26cfa803c1a8aa2d46bdc87ab","distinct","Assistant inspected song:levitating:performer: Which singer performs Levitating? (Dua Lipa) against song:didi:singer: Which Algerian singer performs Didi? (Khaled). These identify different works, different institutions or different artist attributes. The review compares every completed bank, including Egyptian Music and Arabic Music; ambiguous or unsupported release credits were excluded during research. Different song credits, artist instruments, labels, collaborators and musical genres remain separate relations; no retained pair asks the same relation about the same entity."
"international_music_v2_026/arabic_music_v2_045","37d7c94f2fe40795b97fc0bc27de082412301f1b3b1d27cca65222e6370198ee","distinct","Assistant inspected song:levitating:performer: Which singer performs Levitating? (Dua Lipa) against song:ghirenta:singer: Which Algerian singer performs Ghir Enta? (Souad Massi). These identify different works, different institutions or different artist attributes. The review compares every completed bank, including Egyptian Music and Arabic Music; ambiguous or unsupported release credits were excluded during research. Different song credits, artist instruments, labels, collaborators and musical genres remain separate relations; no retained pair asks the same relation about the same entity."
"international_music_v2_026/arabic_music_v2_047","5dbe81fd294a4929e0e68c117a4c6cc30ca1540c7afa944b109a5baa6516a2ce","distinct","Assistant inspected song:levitating:performer: Which singer performs Levitating? (Dua Lipa) against song:hafla:singer: Which female singer performs Hafla? (Nawal El Zoghbi). These identify different works, different institutions or different artist attributes. The review compares every completed bank, including Egyptian Music and Arabic Music; ambiguous or unsupported release credits were excluded during research. Different song credits, artist instruments, labels, collaborators and musical genres remain separate relations; no retained pair asks the same relation about the same entity."
"international_music_v2_026/arabic_music_v2_055","ad4a450f916d22a560006fba88d2002cd6a6581da8ffa7b2dbd52d4486b085a6","distinct","Assistant inspected song:levitating:performer: Which singer performs Levitating? (Dua Lipa) against song:motallaqa:singer: Which female singer performs El Motallaqa? (Carole Samaha). These identify different works, different institutions or different artist attributes. The review compares every completed bank, including Egyptian Music and Arabic Music; ambiguous or unsupported release credits were excluded during research. Different song credits, artist instruments, labels, collaborators and musical genres remain separate relations; no retained pair asks the same relation about the same entity."
"international_music_v2_026/arabic_music_v2_058","470c6829a40421fac3aaef8be6c142eeafa3bce8fc718004667088da4a1ec24a","distinct","Assistant inspected song:levitating:performer: Which singer performs Levitating? (Dua Lipa) against song:saken:singer: Which singer performs Saken? (Diana Haddad). These identify different works, different institutions or different artist attributes. The review compares every completed bank, including Egyptian Music and Arabic Music; ambiguous or unsupported release credits were excluded during research. Different song credits, artist instruments, labels, collaborators and musical genres remain separate relations; no retained pair asks the same relation about the same entity."
"international_music_v2_026/arabic_music_v2_061","bbe10f6263d387a27fe97f34fdeb57f8fc1ff6899d6e0cd632624dca3b64b308","distinct","Assistant inspected song:levitating:performer: Which singer performs Levitating? (Dua Lipa) against song:aashanak:singer: Which singer performs Aashanak? (Siilawy). These identify different works, different institutions or different artist attributes. The review compares every completed bank, including Egyptian Music and Arabic Music; ambiguous or unsupported release credits were excluded during research. Different song credits, artist instruments, labels, collaborators and musical genres remain separate relations; no retained pair asks the same relation about the same entity."
"international_music_v2_027/arabic_music_v2_027","563776c472550a432c7a00b0eb0b80e77fd8a9898b58e393460656841d0d50b3","distinct","Assistant inspected song:chandelier:performer: Which Australian singer performs Chandelier? (Sia) against song:ayshalak:singer: Which Lebanese singer performs Ayshalak? (Elissa). These identify different works, different institutions or different artist attributes. The review compares every completed bank, including Egyptian Music and Arabic Music; ambiguous or unsupported release credits were excluded during research. Different song credits, artist instruments, labels, collaborators and musical genres remain separate relations; no retained pair asks the same relation about the same entity."
"international_music_v2_027/arabic_music_v2_031","1697e2fed38c32f59b09ec55b8431e050407ae1134caf35a0060f266aad6c2a1","distinct","Assistant inspected song:chandelier:performer: Which Australian singer performs Chandelier? (Sia) against song:ellayali:singer: Which singer performs El Layali? (Nawal El Zoghbi). These identify different works, different institutions or different artist attributes. The review compares every completed bank, including Egyptian Music and Arabic Music; ambiguous or unsupported release credits were excluded during research. Different song credits, artist instruments, labels, collaborators and musical genres remain separate relations; no retained pair asks the same relation about the same entity."
"international_music_v2_027/arabic_music_v2_047","1e49a87dc2f8004c4ec3347e03007b29820500cdcd1ee88001a840ec473ab2f8","distinct","Assistant inspected song:chandelier:performer: Which Australian singer performs Chandelier? (Sia) against song:hafla:singer: Which female singer performs Hafla? (Nawal El Zoghbi). These identify different works, different institutions or different artist attributes. The review compares every completed bank, including Egyptian Music and Arabic Music; ambiguous or unsupported release credits were excluded during research. Different song credits, artist instruments, labels, collaborators and musical genres remain separate relations; no retained pair asks the same relation about the same entity."
"international_music_v2_027/arabic_music_v2_055","e3a7a4ff3aef56d4864b580a72aa1bc619eae95b02dd42ae7d8727aa42297097","distinct","Assistant inspected song:chandelier:performer: Which Australian singer performs Chandelier? (Sia) against song:motallaqa:singer: Which female singer performs El Motallaqa? (Carole Samaha). These identify different works, different institutions or different artist attributes. The review compares every completed bank, including Egyptian Music and Arabic Music; ambiguous or unsupported release credits were excluded during research. Different song credits, artist instruments, labels, collaborators and musical genres remain separate relations; no retained pair asks the same relation about the same entity."
"international_music_v2_027/arabic_music_v2_058","dd15f852992c93ad23679306c12ed17478fd255475cfe118b7c62ce4c72966bc","distinct","Assistant inspected song:chandelier:performer: Which Australian singer performs Chandelier? (Sia) against song:saken:singer: Which singer performs Saken? (Diana Haddad). These identify different works, different institutions or different artist attributes. The review compares every completed bank, including Egyptian Music and Arabic Music; ambiguous or unsupported release credits were excluded during research. Different song credits, artist instruments, labels, collaborators and musical genres remain separate relations; no retained pair asks the same relation about the same entity."
"international_music_v2_027/arabic_music_v2_061","07f76a519f2db4bc3e7071a7a9e53e6f1404ffedad8f7c14112e26a05bcac8ef","distinct","Assistant inspected song:chandelier:performer: Which Australian singer performs Chandelier? (Sia) against song:aashanak:singer: Which singer performs Aashanak? (Siilawy). These identify different works, different institutions or different artist attributes. The review compares every completed bank, including Egyptian Music and Arabic Music; ambiguous or unsupported release credits were excluded during research. Different song credits, artist instruments, labels, collaborators and musical genres remain separate relations; no retained pair asks the same relation about the same entity."
"international_music_v2_028/arabic_music_v2_027","a85e33be98104b09917610e69d6e0919be064370ac04521c76dbac462a27d245","distinct","Assistant inspected song:badguy:performer: Which singer performs bad guy? (Billie Eilish) against song:ayshalak:singer: Which Lebanese singer performs Ayshalak? (Elissa). These identify different works, different institutions or different artist attributes. The review compares every completed bank, including Egyptian Music and Arabic Music; ambiguous or unsupported release credits were excluded during research. Different song credits, artist instruments, labels, collaborators and musical genres remain separate relations; no retained pair asks the same relation about the same entity."
"international_music_v2_028/arabic_music_v2_031","3e4d8d5f1e66aa08d4dc7c2f779607f3ef3ce3c72c4e8284b223c7a7720dae8a","distinct","Assistant inspected song:badguy:performer: Which singer performs bad guy? (Billie Eilish) against song:ellayali:singer: Which singer performs El Layali? (Nawal El Zoghbi). These identify different works, different institutions or different artist attributes. The review compares every completed bank, including Egyptian Music and Arabic Music; ambiguous or unsupported release credits were excluded during research. Different song credits, artist instruments, labels, collaborators and musical genres remain separate relations; no retained pair asks the same relation about the same entity."
"international_music_v2_028/arabic_music_v2_047","d0faa8cf082e8480dd6acb20a559562451c2f120c69e269ba110e1ba1dc05837","distinct","Assistant inspected song:badguy:performer: Which singer performs bad guy? (Billie Eilish) against song:hafla:singer: Which female singer performs Hafla? (Nawal El Zoghbi). These identify different works, different institutions or different artist attributes. The review compares every completed bank, including Egyptian Music and Arabic Music; ambiguous or unsupported release credits were excluded during research. Different song credits, artist instruments, labels, collaborators and musical genres remain separate relations; no retained pair asks the same relation about the same entity."
"international_music_v2_028/arabic_music_v2_055","9d1ec164b8f0ad183fec1e345ff2babdf27233144beb64d961dc3dc6fc3eddec","distinct","Assistant inspected song:badguy:performer: Which singer performs bad guy? (Billie Eilish) against song:motallaqa:singer: Which female singer performs El Motallaqa? (Carole Samaha). These identify different works, different institutions or different artist attributes. The review compares every completed bank, including Egyptian Music and Arabic Music; ambiguous or unsupported release credits were excluded during research. Different song credits, artist instruments, labels, collaborators and musical genres remain separate relations; no retained pair asks the same relation about the same entity."
"international_music_v2_028/arabic_music_v2_058","34cf24489577f55def2939e60900793ce90a6cf7a5045cc3cc0513d747c66ea7","distinct","Assistant inspected song:badguy:performer: Which singer performs bad guy? (Billie Eilish) against song:saken:singer: Which singer performs Saken? (Diana Haddad). These identify different works, different institutions or different artist attributes. The review compares every completed bank, including Egyptian Music and Arabic Music; ambiguous or unsupported release credits were excluded during research. Different song credits, artist instruments, labels, collaborators and musical genres remain separate relations; no retained pair asks the same relation about the same entity."
"international_music_v2_028/arabic_music_v2_061","58e793551e5ac234d461bfa3204782988406e8cc1c8fcbf284ec0c6e4e5a1ba5","distinct","Assistant inspected song:badguy:performer: Which singer performs bad guy? (Billie Eilish) against song:aashanak:singer: Which singer performs Aashanak? (Siilawy). These identify different works, different institutions or different artist attributes. The review compares every completed bank, including Egyptian Music and Arabic Music; ambiguous or unsupported release credits were excluded during research. Different song credits, artist instruments, labels, collaborators and musical genres remain separate relations; no retained pair asks the same relation about the same entity."
"international_music_v2_029/arabic_music_v2_027","9e270db988249eaf09f0bf3e2e58f66c5f1f1acb2f88450ad0c88ba761913349","distinct","Assistant inspected song:driverslicense:performer: Which singer performs drivers license? (Olivia Rodrigo) against song:ayshalak:singer: Which Lebanese singer performs Ayshalak? (Elissa). These identify different works, different institutions or different artist attributes. The review compares every completed bank, including Egyptian Music and Arabic Music; ambiguous or unsupported release credits were excluded during research. Different song credits, artist instruments, labels, collaborators and musical genres remain separate relations; no retained pair asks the same relation about the same entity."
"international_music_v2_029/arabic_music_v2_031","b3138079377bf6d019f589a5590bea1b502e23827708c9349207ead2e86d98ea","distinct","Assistant inspected song:driverslicense:performer: Which singer performs drivers license? (Olivia Rodrigo) against song:ellayali:singer: Which singer performs El Layali? (Nawal El Zoghbi). These identify different works, different institutions or different artist attributes. The review compares every completed bank, including Egyptian Music and Arabic Music; ambiguous or unsupported release credits were excluded during research. Different song credits, artist instruments, labels, collaborators and musical genres remain separate relations; no retained pair asks the same relation about the same entity."
"international_music_v2_029/arabic_music_v2_047","ae2ed74025c3bc8ed006899a7e271bc033f86cda15a71eb86c430974323b71eb","distinct","Assistant inspected song:driverslicense:performer: Which singer performs drivers license? (Olivia Rodrigo) against song:hafla:singer: Which female singer performs Hafla? (Nawal El Zoghbi). These identify different works, different institutions or different artist attributes. The review compares every completed bank, including Egyptian Music and Arabic Music; ambiguous or unsupported release credits were excluded during research. Different song credits, artist instruments, labels, collaborators and musical genres remain separate relations; no retained pair asks the same relation about the same entity."
"international_music_v2_029/arabic_music_v2_055","fb45739c9cf4e887498d3e95ed2a11f15ac7a30cc404bb10e694f4b5259d42cc","distinct","Assistant inspected song:driverslicense:performer: Which singer performs drivers license? (Olivia Rodrigo) against song:motallaqa:singer: Which female singer performs El Motallaqa? (Carole Samaha). These identify different works, different institutions or different artist attributes. The review compares every completed bank, including Egyptian Music and Arabic Music; ambiguous or unsupported release credits were excluded during research. Different song credits, artist instruments, labels, collaborators and musical genres remain separate relations; no retained pair asks the same relation about the same entity."
"international_music_v2_029/arabic_music_v2_058","1f7f71aaf8960197ea7eba1b9a7fbb2be0cd1c5b91e20b8c6d5b28b1c2706e4b","distinct","Assistant inspected song:driverslicense:performer: Which singer performs drivers license? (Olivia Rodrigo) against song:saken:singer: Which singer performs Saken? (Diana Haddad). These identify different works, different institutions or different artist attributes. The review compares every completed bank, including Egyptian Music and Arabic Music; ambiguous or unsupported release credits were excluded during research. Different song credits, artist instruments, labels, collaborators and musical genres remain separate relations; no retained pair asks the same relation about the same entity."
"international_music_v2_029/arabic_music_v2_061","f9ea17daf407b1a8cc92e832d5f368fd821ef1ded7af5425a40049759dfb2f8d","distinct","Assistant inspected song:driverslicense:performer: Which singer performs drivers license? (Olivia Rodrigo) against song:aashanak:singer: Which singer performs Aashanak? (Siilawy). These identify different works, different institutions or different artist attributes. The review compares every completed bank, including Egyptian Music and Arabic Music; ambiguous or unsupported release credits were excluded during research. Different song credits, artist instruments, labels, collaborators and musical genres remain separate relations; no retained pair asks the same relation about the same entity."
"international_music_v2_031/arabic_music_v2_042","45798d00ddf2763fdd31f6f1800fab199441267bbc13bf9bfe8925f2e413e7c6","distinct","Assistant inspected song:blindinglights:performer: Which singer performs Blinding Lights? (The Weeknd) against song:didi:singer: Which Algerian singer performs Didi? (Khaled). These identify different works, different institutions or different artist attributes. The review compares every completed bank, including Egyptian Music and Arabic Music; ambiguous or unsupported release credits were excluded during research. Different song credits, artist instruments, labels, collaborators and musical genres remain separate relations; no retained pair asks the same relation about the same entity."
"international_music_v2_031/arabic_music_v2_058","0c5ecaf6d1d3e8071296657e8b283490f5242100dbdf15bcba147be4040a86b3","distinct","Assistant inspected song:blindinglights:performer: Which singer performs Blinding Lights? (The Weeknd) against song:saken:singer: Which singer performs Saken? (Diana Haddad). These identify different works, different institutions or different artist attributes. The review compares every completed bank, including Egyptian Music and Arabic Music; ambiguous or unsupported release credits were excluded during research. Different song credits, artist instruments, labels, collaborators and musical genres remain separate relations; no retained pair asks the same relation about the same entity."
"international_music_v2_031/arabic_music_v2_061","2157013d0a15345bd5e2e625de4e086310787c5f66f0bd36a758c19a072bd439","distinct","Assistant inspected song:blindinglights:performer: Which singer performs Blinding Lights? (The Weeknd) against song:aashanak:singer: Which singer performs Aashanak? (Siilawy). These identify different works, different institutions or different artist attributes. The review compares every completed bank, including Egyptian Music and Arabic Music; ambiguous or unsupported release credits were excluded during research. Different song credits, artist instruments, labels, collaborators and musical genres remain separate relations; no retained pair asks the same relation about the same entity."
"international_music_v2_032/arabic_music_v2_061","05cf69799467b56047e43630bfed0c14f690c476f817801101c517f4278659b3","distinct","Assistant inspected song:asitwas:performer: Which singer performs As It Was? (Harry Styles) against song:aashanak:singer: Which singer performs Aashanak? (Siilawy). These identify different works, different institutions or different artist attributes. The review compares every completed bank, including Egyptian Music and Arabic Music; ambiguous or unsupported release credits were excluded during research. Different song credits, artist instruments, labels, collaborators and musical genres remain separate relations; no retained pair asks the same relation about the same entity."
"international_music_v2_033/arabic_music_v2_031","eeae64d52487f393dcca83314212581537a141caf21f40e2ecad585e27c7a365","distinct","Assistant inspected song:hipsdontlie:performer: Which singer performs Hips Don't Lie? (Shakira) against song:ellayali:singer: Which singer performs El Layali? (Nawal El Zoghbi). These identify different works, different institutions or different artist attributes. The review compares every completed bank, including Egyptian Music and Arabic Music; ambiguous or unsupported release credits were excluded during research. Different song credits, artist instruments, labels, collaborators and musical genres remain separate relations; no retained pair asks the same relation about the same entity."
"international_music_v2_033/arabic_music_v2_047","2aeb6817c7376e93cd551fba7d64b4ef66a47ee40ee764759fe83bf0e49df0a7","distinct","Assistant inspected song:hipsdontlie:performer: Which singer performs Hips Don't Lie? (Shakira) against song:hafla:singer: Which female singer performs Hafla? (Nawal El Zoghbi). These identify different works, different institutions or different artist attributes. The review compares every completed bank, including Egyptian Music and Arabic Music; ambiguous or unsupported release credits were excluded during research. Different song credits, artist instruments, labels, collaborators and musical genres remain separate relations; no retained pair asks the same relation about the same entity."
"international_music_v2_033/arabic_music_v2_055","2aaf7838fb7232d055ca09faa56974b59845a3cf237b0ff63ee305155e31a46e","distinct","Assistant inspected song:hipsdontlie:performer: Which singer performs Hips Don't Lie? (Shakira) against song:motallaqa:singer: Which female singer performs El Motallaqa? (Carole Samaha). These identify different works, different institutions or different artist attributes. The review compares every completed bank, including Egyptian Music and Arabic Music; ambiguous or unsupported release credits were excluded during research. Different song credits, artist instruments, labels, collaborators and musical genres remain separate relations; no retained pair asks the same relation about the same entity."
"international_music_v2_033/arabic_music_v2_058","49a6ae246151f16c92555fa8dbd158dc4f67176cdb7cf49ff32654487a37df33","distinct","Assistant inspected song:hipsdontlie:performer: Which singer performs Hips Don't Lie? (Shakira) against song:saken:singer: Which singer performs Saken? (Diana Haddad). These identify different works, different institutions or different artist attributes. The review compares every completed bank, including Egyptian Music and Arabic Music; ambiguous or unsupported release credits were excluded during research. Different song credits, artist instruments, labels, collaborators and musical genres remain separate relations; no retained pair asks the same relation about the same entity."
"international_music_v2_039/arabic_music_v2_007","cb305698d683594c410d9daa303bc6b01f9275ba68012ae1687770e926079f2f","distinct","Assistant inspected song:happy:performer: Which singer performs Happy? (Pharrell Williams) against song:nasinieldonya:singer: Which Lebanese singer performs Nasini El Donya? (Ragheb Alama). These identify different works, different institutions or different artist attributes. The review compares every completed bank, including Egyptian Music and Arabic Music; ambiguous or unsupported release credits were excluded during research. Different song credits, artist instruments, labels, collaborators and musical genres remain separate relations; no retained pair asks the same relation about the same entity."
"international_music_v2_039/arabic_music_v2_015","b02a917a817378c86a0821b30066f222953efda388945817cabdf7e1a8b0335b","distinct","Assistant inspected song:happy:performer: Which singer performs Happy? (Pharrell Williams) against song:dalliedhaki:singer: Which Lebanese singer performs Dalli Edhaki? (Melhem Zein). These identify different works, different institutions or different artist attributes. The review compares every completed bank, including Egyptian Music and Arabic Music; ambiguous or unsupported release credits were excluded during research. Different song credits, artist instruments, labels, collaborators and musical genres remain separate relations; no retained pair asks the same relation about the same entity."
"international_music_v2_039/arabic_music_v2_017","98160a557ff328244b8b648badaab3a5795ec305a60838dff204361c4573b351","distinct","Assistant inspected song:happy:performer: Which singer performs Happy? (Pharrell Williams) against song:kalamelnas:singer: Which Syrian singer performs Kalam El Nas? (George Wassouf). These identify different works, different institutions or different artist attributes. The review compares every completed bank, including Egyptian Music and Arabic Music; ambiguous or unsupported release credits were excluded during research. Different song credits, artist instruments, labels, collaborators and musical genres remain separate relations; no retained pair asks the same relation about the same entity."
"international_music_v2_039/arabic_music_v2_020","8d221a387d545ccfc65d53dd117c3170a25362902c5aa0d607dd38f1b0863cd0","distinct","Assistant inspected song:happy:performer: Which singer performs Happy? (Pharrell Williams) against song:anawaleila:singer: Which Iraqi singer performs Ana Wa Leila? (Kadim Al Sahir). These identify different works, different institutions or different artist attributes. The review compares every completed bank, including Egyptian Music and Arabic Music; ambiguous or unsupported release credits were excluded during research. Different song credits, artist instruments, labels, collaborators and musical genres remain separate relations; no retained pair asks the same relation about the same entity."
"international_music_v2_039/arabic_music_v2_027","5f27587ebfe9e0126fb306853cd3b18000b192258af20eb9d26f0cb877cc5316","distinct","Assistant inspected song:happy:performer: Which singer performs Happy? (Pharrell Williams) against song:ayshalak:singer: Which Lebanese singer performs Ayshalak? (Elissa). These identify different works, different institutions or different artist attributes. The review compares every completed bank, including Egyptian Music and Arabic Music; ambiguous or unsupported release credits were excluded during research. Different song credits, artist instruments, labels, collaborators and musical genres remain separate relations; no retained pair asks the same relation about the same entity."
"international_music_v2_039/arabic_music_v2_028","11a896940fa81ea1ae070b0480013f5ca77a0bd7fb7f34ff0963219c6acca2ed","distinct","Assistant inspected song:happy:performer: Which singer performs Happy? (Pharrell Williams) against song:kelelqasayed:singer: Which Lebanese singer performs Kel El Qasayed? (Marwan Khoury). These identify different works, different institutions or different artist attributes. The review compares every completed bank, including Egyptian Music and Arabic Music; ambiguous or unsupported release credits were excluded during research. Different song credits, artist instruments, labels, collaborators and musical genres remain separate relations; no retained pair asks the same relation about the same entity."
"international_music_v2_039/arabic_music_v2_029","e45170775db933e110598da5d32f9e0b8e7543b420dd539dd2d6bed79ae85b7d","distinct","Assistant inspected song:happy:performer: Which singer performs Happy? (Pharrell Williams) against song:kheleseldamaa:singer: Which Lebanese singer performs Kheles El Dame'a? (Adam). These identify different works, different institutions or different artist attributes. The review compares every completed bank, including Egyptian Music and Arabic Music; ambiguous or unsupported release credits were excluded during research. Different song credits, artist instruments, labels, collaborators and musical genres remain separate relations; no retained pair asks the same relation about the same entity."
"international_music_v2_039/arabic_music_v2_030","1b95f284daed5fb04159ee0f998d05575e84065cc502b42e95b00dca8e86478c","distinct","Assistant inspected song:happy:performer: Which singer performs Happy? (Pharrell Williams) against song:omrikellou:singer: Which Lebanese singer performs Omri Kellou? (Wael Kfoury). These identify different works, different institutions or different artist attributes. The review compares every completed bank, including Egyptian Music and Arabic Music; ambiguous or unsupported release credits were excluded during research. Different song credits, artist instruments, labels, collaborators and musical genres remain separate relations; no retained pair asks the same relation about the same entity."
"international_music_v2_039/arabic_music_v2_031","476fd954305fd727465ab1ce7a341d68872566fc849685a5ebcbe8a83ffb11c6","distinct","Assistant inspected song:happy:performer: Which singer performs Happy? (Pharrell Williams) against song:ellayali:singer: Which singer performs El Layali? (Nawal El Zoghbi). These identify different works, different institutions or different artist attributes. The review compares every completed bank, including Egyptian Music and Arabic Music; ambiguous or unsupported release credits were excluded during research. Different song credits, artist instruments, labels, collaborators and musical genres remain separate relations; no retained pair asks the same relation about the same entity."
"international_music_v2_039/arabic_music_v2_042","0b3ea53d514934a2535031cf4a0b2d4cbd961a6c400c42d0ea6025009dff37b5","distinct","Assistant inspected song:happy:performer: Which singer performs Happy? (Pharrell Williams) against song:didi:singer: Which Algerian singer performs Didi? (Khaled). These identify different works, different institutions or different artist attributes. The review compares every completed bank, including Egyptian Music and Arabic Music; ambiguous or unsupported release credits were excluded during research. Different song credits, artist instruments, labels, collaborators and musical genres remain separate relations; no retained pair asks the same relation about the same entity."
"international_music_v2_039/arabic_music_v2_044","6bc057ddd429d3d6910bd0acd0250371ff506744850ce955dc1526c232410b4a","distinct","Assistant inspected song:happy:performer: Which singer performs Happy? (Pharrell Williams) against song:avavainouva:singer: Which Algerian singer performs A Vava Inouva? (Idir). These identify different works, different institutions or different artist attributes. The review compares every completed bank, including Egyptian Music and Arabic Music; ambiguous or unsupported release credits were excluded during research. Different song credits, artist instruments, labels, collaborators and musical genres remain separate relations; no retained pair asks the same relation about the same entity."
"international_music_v2_039/arabic_music_v2_047","99a0f5defb406d2dd22872f256dbbdc0c424973c55732ae6d32574d372169e58","distinct","Assistant inspected song:happy:performer: Which singer performs Happy? (Pharrell Williams) against song:hafla:singer: Which female singer performs Hafla? (Nawal El Zoghbi). These identify different works, different institutions or different artist attributes. The review compares every completed bank, including Egyptian Music and Arabic Music; ambiguous or unsupported release credits were excluded during research. Different song credits, artist instruments, labels, collaborators and musical genres remain separate relations; no retained pair asks the same relation about the same entity."
"international_music_v2_039/arabic_music_v2_053","e649d86f3683336c8ea28f074dcafa838121f5ccd9334f955d0d83b25707ed2a","distinct","Assistant inspected song:happy:performer: Which singer performs Happy? (Pharrell Williams) against song:kon:singer: Who performs Kon? (Joseph Attieh). These identify different works, different institutions or different artist attributes. The review compares every completed bank, including Egyptian Music and Arabic Music; ambiguous or unsupported release credits were excluded during research. Different song credits, artist instruments, labels, collaborators and musical genres remain separate relations; no retained pair asks the same relation about the same entity."
"international_music_v2_039/arabic_music_v2_054","5d2df8c9207214dce3d5dd461781fe59e2cfe22546a28c6634ece697010a01f8","distinct","Assistant inspected song:happy:performer: Which singer performs Happy? (Pharrell Williams) against song:baghdada:singer: Who performs Al Baghdada? (Joseph Attieh). These identify different works, different institutions or different artist attributes. The review compares every completed bank, including Egyptian Music and Arabic Music; ambiguous or unsupported release credits were excluded during research. Different song credits, artist instruments, labels, collaborators and musical genres remain separate relations; no retained pair asks the same relation about the same entity."
"international_music_v2_039/arabic_music_v2_058","a71ef34d5be73026d62e2e8839296230563deaa938e139f04fb7723dee2fefa3","distinct","Assistant inspected song:happy:performer: Which singer performs Happy? (Pharrell Williams) against song:saken:singer: Which singer performs Saken? (Diana Haddad). These identify different works, different institutions or different artist attributes. The review compares every completed bank, including Egyptian Music and Arabic Music; ambiguous or unsupported release credits were excluded during research. Different song credits, artist instruments, labels, collaborators and musical genres remain separate relations; no retained pair asks the same relation about the same entity."
"international_music_v2_039/arabic_music_v2_061","fe8de5b8736d3bb7cf4d07fb2e26f77ff11dc062e6857cbfbd7f1b19aaec39c6","distinct","Assistant inspected song:happy:performer: Which singer performs Happy? (Pharrell Williams) against song:aashanak:singer: Which singer performs Aashanak? (Siilawy). These identify different works, different institutions or different artist attributes. The review compares every completed bank, including Egyptian Music and Arabic Music; ambiguous or unsupported release credits were excluded during research. Different song credits, artist instruments, labels, collaborators and musical genres remain separate relations; no retained pair asks the same relation about the same entity."
"international_music_v2_055/arabic_music_v2_031","b13901b467204be94f9e0916cf895d098565f27f984151d1abec3969111ffa1d","distinct","Assistant inspected song:comolaflor:performer: Which singer performs Como La Flor? (Selena) against song:ellayali:singer: Which singer performs El Layali? (Nawal El Zoghbi). These identify different works, different institutions or different artist attributes. The review compares every completed bank, including Egyptian Music and Arabic Music; ambiguous or unsupported release credits were excluded during research. Different song credits, artist instruments, labels, collaborators and musical genres remain separate relations; no retained pair asks the same relation about the same entity."
"international_music_v2_055/arabic_music_v2_047","53560e84cee9d6c34e55502a6c3ccadad9d85078eb2d9869ce1435d93c3df14e","distinct","Assistant inspected song:comolaflor:performer: Which singer performs Como La Flor? (Selena) against song:hafla:singer: Which female singer performs Hafla? (Nawal El Zoghbi). These identify different works, different institutions or different artist attributes. The review compares every completed bank, including Egyptian Music and Arabic Music; ambiguous or unsupported release credits were excluded during research. Different song credits, artist instruments, labels, collaborators and musical genres remain separate relations; no retained pair asks the same relation about the same entity."
"international_music_v2_055/arabic_music_v2_055","6957f28742054bfe40add4700c2757a06dfbfaa769c4ee7a20606f5505a69945","distinct","Assistant inspected song:comolaflor:performer: Which singer performs Como La Flor? (Selena) against song:motallaqa:singer: Which female singer performs El Motallaqa? (Carole Samaha). These identify different works, different institutions or different artist attributes. The review compares every completed bank, including Egyptian Music and Arabic Music; ambiguous or unsupported release credits were excluded during research. Different song credits, artist instruments, labels, collaborators and musical genres remain separate relations; no retained pair asks the same relation about the same entity."
"international_music_v2_055/arabic_music_v2_058","3ea5631e37d95600f6348552ac8244810a3ded69183e1b307289a77da2b1b228","distinct","Assistant inspected song:comolaflor:performer: Which singer performs Como La Flor? (Selena) against song:saken:singer: Which singer performs Saken? (Diana Haddad). These identify different works, different institutions or different artist attributes. The review compares every completed bank, including Egyptian Music and Arabic Music; ambiguous or unsupported release credits were excluded during research. Different song credits, artist instruments, labels, collaborators and musical genres remain separate relations; no retained pair asks the same relation about the same entity."
"international_music_v2_058/arabic_music_v2_058","e32f5d163a1d28a01cc8d29efa83c7da17d82de92ee5e14fbbb4c4ef22cf0d2f","distinct","Assistant inspected song:malamente:performer: Which Spanish singer performs Malamente? (Rosalía) against song:saken:singer: Which singer performs Saken? (Diana Haddad). These identify different works, different institutions or different artist attributes. The review compares every completed bank, including Egyptian Music and Arabic Music; ambiguous or unsupported release credits were excluded during research. Different song credits, artist instruments, labels, collaborators and musical genres remain separate relations; no retained pair asks the same relation about the same entity."
"international_music_v2_058/arabic_music_v2_061","c26beb55eb0208e47ce54265bd174de7606073733c5c95ea84f1f86c83e2e260","distinct","Assistant inspected song:malamente:performer: Which Spanish singer performs Malamente? (Rosalía) against song:aashanak:singer: Which singer performs Aashanak? (Siilawy). These identify different works, different institutions or different artist attributes. The review compares every completed bank, including Egyptian Music and Arabic Music; ambiguous or unsupported release credits were excluded during research. Different song credits, artist instruments, labels, collaborators and musical genres remain separate relations; no retained pair asks the same relation about the same entity."
"international_music_v2_068/arabic_music_v2_031","e7e94a410dd90b679d1b2b28007367572a2252efa3f7c56eb2554345d687c164","distinct","Assistant inspected song:ihavenothing:performer: Which singer performs I Have Nothing? (Whitney Houston) against song:ellayali:singer: Which singer performs El Layali? (Nawal El Zoghbi). These identify different works, different institutions or different artist attributes. The review compares every completed bank, including Egyptian Music and Arabic Music; ambiguous or unsupported release credits were excluded during research. Different song credits, artist instruments, labels, collaborators and musical genres remain separate relations; no retained pair asks the same relation about the same entity."
"international_music_v2_068/arabic_music_v2_047","ce781296a85fd47fee0de33bedbffd0c9cee6d0ee36ab2452376e987dd37e015","distinct","Assistant inspected song:ihavenothing:performer: Which singer performs I Have Nothing? (Whitney Houston) against song:hafla:singer: Which female singer performs Hafla? (Nawal El Zoghbi). These identify different works, different institutions or different artist attributes. The review compares every completed bank, including Egyptian Music and Arabic Music; ambiguous or unsupported release credits were excluded during research. Different song credits, artist instruments, labels, collaborators and musical genres remain separate relations; no retained pair asks the same relation about the same entity."
"international_music_v2_068/arabic_music_v2_055","fc7bfc19e89275b23fda3f3195363e7c92c862441a4726a99f2309e5fc43dd2a","distinct","Assistant inspected song:ihavenothing:performer: Which singer performs I Have Nothing? (Whitney Houston) against song:motallaqa:singer: Which female singer performs El Motallaqa? (Carole Samaha). These identify different works, different institutions or different artist attributes. The review compares every completed bank, including Egyptian Music and Arabic Music; ambiguous or unsupported release credits were excluded during research. Different song credits, artist instruments, labels, collaborators and musical genres remain separate relations; no retained pair asks the same relation about the same entity."
"international_music_v2_068/arabic_music_v2_058","3a05a928113f986917a419d0ca1251ca110691b54a869ee2736ff0d395edab8b","distinct","Assistant inspected song:ihavenothing:performer: Which singer performs I Have Nothing? (Whitney Houston) against song:saken:singer: Which singer performs Saken? (Diana Haddad). These identify different works, different institutions or different artist attributes. The review compares every completed bank, including Egyptian Music and Arabic Music; ambiguous or unsupported release credits were excluded during research. Different song credits, artist instruments, labels, collaborators and musical genres remain separate relations; no retained pair asks the same relation about the same entity."
"international_music_v2_096/arabic_music_v2_127","540cbc051932a4dea342dce40682a961a8fe6b60f9f87ee4c317ea3726df28d8","distinct","Assistant inspected song:badguy:album: What is Billie Eilish's debut album containing bad guy called? (When We All Fall Asleep, Where Do We Go?) against artist:faudel:debutalbum: What is Faudel's debut album called? (Baida). These identify different works, different institutions or different artist attributes. The review compares every completed bank, including Egyptian Music and Arabic Music; ambiguous or unsupported release credits were excluded during research. Different song credits, artist instruments, labels, collaborators and musical genres remain separate relations; no retained pair asks the same relation about the same entity."
"international_music_v2_097/arabic_music_v2_127","a67c4dfee2ccddb6dfdfd0e0dbdd47922f3ba2e60706c725ddc2466676ef3fff","distinct","Assistant inspected song:driverslicense:album: What is Olivia Rodrigo's debut album containing drivers license called? (SOUR) against artist:faudel:debutalbum: What is Faudel's debut album called? (Baida). These identify different works, different institutions or different artist attributes. The review compares every completed bank, including Egyptian Music and Arabic Music; ambiguous or unsupported release credits were excluded during research. Different song credits, artist instruments, labels, collaborators and musical genres remain separate relations; no retained pair asks the same relation about the same entity."
"international_music_v2_127/arabic_music_v2_127","6431d052243226ebacd2425ae85557c5856a1c505cb90d585cc1f0463d9e6479","distinct","Assistant inspected song:alorsondanse:album: What is Stromae's debut album containing Alors on danse called? (Cheese) against artist:faudel:debutalbum: What is Faudel's debut album called? (Baida). These identify different works, different institutions or different artist attributes. The review compares every completed bank, including Egyptian Music and Arabic Music; ambiguous or unsupported release credits were excluded during research. Different song credits, artist instruments, labels, collaborators and musical genres remain separate relations; no retained pair asks the same relation about the same entity."
"international_music_v2_142/arabic_music_v2_180","2128cc4ec320e5b4bef627eb54ff6cdfc6d8a1859bfdb3f555fb5ab786cc1d43","distinct","Assistant inspected song:shapeofyou:coproducer: Which producer worked alongside Ed Sheeran on the recording of Shape Of You? (Steve Mac) against song:ghirenta:coproducer: Which producer worked alongside Souad Massi on the recording of Ghir Enta? (Erwin Autrique). These identify different works, different institutions or different artist attributes. The review compares every completed bank, including Egyptian Music and Arabic Music; ambiguous or unsupported release credits were excluded during research. Different song credits, artist instruments, labels, collaborators and musical genres remain separate relations; no retained pair asks the same relation about the same entity."
