"pair","hash","decision","reason"
"gulf_music_v2_063/kuwait_general_v2_033","17f60d79ab3dd80c6ca6de5851a0184c6098b7cceff8c62af2b7a5641f25cda4","distinct","Assistant inspected artist:rowaished:ambassadornickname: Which singer is nicknamed the Ambassador of Gulf Song? (Abdullah Al Rowaished) against music:nabeel:nickname: Which Kuwaiti singer is nicknamed Bulbul Al-Khaleej (Nightingale of the Gulf)? (Nabeel Shuail). These identify different works, different institutions or different artist attributes. Both nickname duplicates identified during the review were replaced before freezing this inventory; no retained pair asks the same relation about the same entity."
"gulf_music_v2_150/kuwait_general_v2_075","06c857ac4fc56ad67057bb78613af5b41fa865ccd2427b8c4e4cc4309d07ed4a","distinct","Assistant inspected song:tabra:lyricist: Who wrote the lyrics of Nawal's Tabra? (Abdul Latif Al Bannai) against anthem:lyrics:writer: Who wrote the lyrics of Kuwait's national anthem? (Ahmad Meshari Al-Adwani). These identify different works, different institutions or different artist attributes. Both nickname duplicates identified during the review were replaced before freezing this inventory; no retained pair asks the same relation about the same entity."
"gulf_music_v2_155/kuwait_general_v2_075","20d68cf43d8694f54e672a609d801b50f596df7ea6c5060bdcbc7a937ae801f5","distinct","Assistant inspected song:sedqni:lyricist: Who wrote the lyrics of Rabeh Saqer's Sedqni? (Mansour Al Shadi) against anthem:lyrics:writer: Who wrote the lyrics of Kuwait's national anthem? (Ahmad Meshari Al-Adwani). These identify different works, different institutions or different artist attributes. Both nickname duplicates identified during the review were replaced before freezing this inventory; no retained pair asks the same relation about the same entity."
"gulf_music_v2_166/kuwait_general_v2_075","2d97b0fa70c2a431cc313a15446dd9a06dfb220264a6a00ea264db27a6b6d764","distinct","Assistant inspected song:maqadir:lyricist: Who wrote the lyrics of Talal Maddah's Maqadir? (Prince Mohammed Al Abdullah Al Faisal) against anthem:lyrics:writer: Who wrote the lyrics of Kuwait's national anthem? (Ahmad Meshari Al-Adwani). These identify different works, different institutions or different artist attributes. Both nickname duplicates identified during the review were replaced before freezing this inventory; no retained pair asks the same relation about the same entity."
"gulf_music_v2_171/kuwait_general_v2_075","4cc31215ae7d11bb4e860b2396fe65b779ef01825fcd60c66584d2e39391d2c7","distinct","Assistant inspected song:nasetni:lyricist: Who wrote the lyrics of Ayed's Nasetni? (Fahad Al Mosaed) against anthem:lyrics:writer: Who wrote the lyrics of Kuwait's national anthem? (Ahmad Meshari Al-Adwani). These identify different works, different institutions or different artist attributes. Both nickname duplicates identified during the review were replaced before freezing this inventory; no retained pair asks the same relation about the same entity."
"gulf_music_v2_184/kuwait_general_v2_075","49363cbf093df34703fd54a72ea66c5c007232338d6f1616694585985211910a","distinct","Assistant inspected song:tahadedninawal:lyricist: Who wrote the lyrics of Nawal's Tahadedni? (Saud Al Shubrmi) against anthem:lyrics:writer: Who wrote the lyrics of Kuwait's national anthem? (Ahmad Meshari Al-Adwani). These identify different works, different institutions or different artist attributes. Both nickname duplicates identified during the review were replaced before freezing this inventory; no retained pair asks the same relation about the same entity."
"gulf_music_v2_186/kuwait_general_v2_075","0d1aaa98a40242139d96813f8d5ea33703f4c7da8a03bb1a247d998f705f05d8","distinct","Assistant inspected song:ygolon:lyricist: Who wrote the lyrics of Nabeel Shuail's Ygolon? (Ahmad Al Sanea) against anthem:lyrics:writer: Who wrote the lyrics of Kuwait's national anthem? (Ahmad Meshari Al-Adwani). These identify different works, different institutions or different artist attributes. Both nickname duplicates identified during the review were replaced before freezing this inventory; no retained pair asks the same relation about the same entity."
"gulf_music_v2_187/kuwait_general_v2_090","60b1002da6bed30f475d2a186353203269a24e46c4a41227ffea60e70b1bfbd7","distinct","Assistant inspected ensemble:bahrainphilharmonic:foundingyear: In which year was the Bahrain Philharmonic Orchestra founded? (2022) against museum:rajab:opening: In which year was the Tareq Rajab Museum founded? (1980). These identify different works, different institutions or different artist attributes. Both nickname duplicates identified during the review were replaced before freezing this inventory; no retained pair asks the same relation about the same entity."
"gulf_music_v2_193/kuwait_general_v2_075","37acd6061563243baf049fc2f9d2166267ee688fe62a969775769a1832b4f1dd","distinct","Assistant inspected song:mozhela:lyricist: Who wrote the lyrics of Mohammed Abdu's Mozhela? (Prince Abdulrahman bin Musaed) against anthem:lyrics:writer: Who wrote the lyrics of Kuwait's national anthem? (Ahmad Meshari Al-Adwani). These identify different works, different institutions or different artist attributes. Both nickname duplicates identified during the review were replaced before freezing this inventory; no retained pair asks the same relation about the same entity."
"gulf_music_v2_008/saudi_general_v2_032","0c5e60c545113e5637ae5f667354429191e2d9a527351eeda8380f2c4eaa091a","distinct","Assistant inspected person:hind:nickname: Which Bahraini female singer is known as the Butterfly of the Gulf? (Hind) against music:abdu:title: Which Saudi singer is known as the Artist of the Arabs? (Mohammed Abdu). These identify different works, different institutions or different artist attributes. Both nickname duplicates identified during the review were replaced before freezing this inventory; no retained pair asks the same relation about the same entity."
"gulf_music_v2_055/saudi_general_v2_032","21f2435f0f9e791f1d477698099ce060187ae8bf58abe2d288e59caa00bf6422","distinct","Assistant inspected artist:talal:earthnickname: Which Saudi singer is known as Sawt Al Ard, the Voice of the Earth? (Talal Maddah) against music:abdu:title: Which Saudi singer is known as the Artist of the Arabs? (Mohammed Abdu). These identify different works, different institutions or different artist attributes. Both nickname duplicates identified during the review were replaced before freezing this inventory; no retained pair asks the same relation about the same entity."
"gulf_music_v2_062/saudi_general_v2_032","458f42875314a7e8eb51fffe795098d8cdded30f453cc4fa0ccc459a19276006","distinct","Assistant inspected artist:abadi:octopusnickname: Which singer is known as the Octopus of the Oud? (Abadi Al Johar) against music:abdu:title: Which Saudi singer is known as the Artist of the Arabs? (Mohammed Abdu). These identify different works, different institutions or different artist attributes. Both nickname duplicates identified during the review were replaced before freezing this inventory; no retained pair asks the same relation about the same entity."
"gulf_music_v2_064/saudi_general_v2_032","50ef0599e60d6f0d4e51f0edb3ff4016a523cdeaf1f96fe4a308f3ae01d650a6","distinct","Assistant inspected artist:abdulmajeed:princenickname: Which Gulf singer is known as the Prince of Tarab? (Abdul Majeed Abdullah) against music:abdu:title: Which Saudi singer is known as the Artist of the Arabs? (Mohammed Abdu). These identify different works, different institutions or different artist attributes. Both nickname duplicates identified during the review were replaced before freezing this inventory; no retained pair asks the same relation about the same entity."
"gulf_music_v2_002/emirati_music_v2_044","be421c68bfcfd8b6711e11a5686bdf3ff852d482f3242a091f19ef4432f57efd","distinct","Assistant inspected song:iyar:singer: Which Omani singer performs Iyar? (Salah Al Zadjali) against song:fakadtek:singer: Which Emirati singer performed Fakadtak? (Hussain Al Jassmi). These identify different works, different institutions or different artist attributes. Both nickname duplicates identified during the review were replaced before freezing this inventory; no retained pair asks the same relation about the same entity."
"gulf_music_v2_003/emirati_music_v2_050","7ed381ced7afc3b5e5252164862e573050bb8a390b77575b42e38809ddb91d3f","distinct","Assistant inspected song:aktharensan:singer: Who sang the original 2012 version of Akthar Ensan? (Fahad Al Kubaisi) against song:moajaba:singer: Who sang the original 2016 version of Moajaba? (Shamma Hamdan). These identify different works, different institutions or different artist attributes. Both nickname duplicates identified during the review were replaced before freezing this inventory; no retained pair asks the same relation about the same entity."
"gulf_music_v2_011/emirati_music_v2_050","2d3d460cb6c3ebd48fe67683f6394e8c905d2539028c050022269b9c6abd3b6a","distinct","Assistant inspected song:lehana:singer: Who sang the original 2014 version of Leih Ana Ahtam? (Fahad Al Kubaisi) against song:moajaba:singer: Who sang the original 2016 version of Moajaba? (Shamma Hamdan). These identify different works, different institutions or different artist attributes. Both nickname duplicates identified during the review were replaced before freezing this inventory; no retained pair asks the same relation about the same entity."
"gulf_music_v2_015/emirati_music_v2_044","5e8790b89204b3dadb9ddb9a902c4e5c3f8ba987191d20bd0c52d8f60caeb47e","distinct","Assistant inspected song:alamaken:singer: Which singer performs Al Amaken? (Mohammed Abdu) against song:fakadtek:singer: Which Emirati singer performed Fakadtak? (Hussain Al Jassmi). These identify different works, different institutions or different artist attributes. Both nickname duplicates identified during the review were replaced before freezing this inventory; no retained pair asks the same relation about the same entity."
"gulf_music_v2_015/emirati_music_v2_066","89ba5d58e31b55665480f3518ef0e7740f89b8789edd486397ac514f327bd82d","distinct","Assistant inspected song:alamaken:singer: Which singer performs Al Amaken? (Mohammed Abdu) against song:seta:singer: Which Emirati singer performs Seta El Sobah? (Hussain Al Jassmi). These identify different works, different institutions or different artist attributes. Both nickname duplicates identified during the review were replaced before freezing this inventory; no retained pair asks the same relation about the same entity."
"gulf_music_v2_016/emirati_music_v2_044","e85b232e2f72d9c7bdc65ae6ae44076e719c9d21a9d6c6b0a8c9de4257c3886e","distinct","Assistant inspected song:yabadahom:singer: Which singer performs Ya Badohom? (Abdul Majeed Abdullah) against song:fakadtek:singer: Which Emirati singer performed Fakadtak? (Hussain Al Jassmi). These identify different works, different institutions or different artist attributes. Both nickname duplicates identified during the review were replaced before freezing this inventory; no retained pair asks the same relation about the same entity."
"gulf_music_v2_017/emirati_music_v2_044","f894646ba6b67495cd722a0ecf726c664c52dfd4973d4109a55063fc53bbf0f9","distinct","Assistant inspected song:rahalty:singer: Which Kuwaiti singer performs Rahalty? (Abdullah Al Rowaished) against song:fakadtek:singer: Which Emirati singer performed Fakadtak? (Hussain Al Jassmi). These identify different works, different institutions or different artist attributes. Both nickname duplicates identified during the review were replaced before freezing this inventory; no retained pair asks the same relation about the same entity."
"gulf_music_v2_020/emirati_music_v2_013","93c36782b4b97af4f428f5c44351ba6542cd8e4a7782aa58ae2a8c482a219408","distinct","Assistant inspected song:sedqni:singer: Which singer released the song and album Sedqni in 2008? (Rabeh Saqer) against song:talaa:singer: Which Emirati singer released the song and album Talaa Asheq in 2011? (Mansour Zayed). These identify different works, different institutions or different artist attributes. Both nickname duplicates identified during the review were replaced before freezing this inventory; no retained pair asks the same relation about the same entity."
"gulf_music_v2_022/emirati_music_v2_044","774a51b4bdd32b35868c819d9e2873b2767659be0c10d7eb138e017308edfc6b","distinct","Assistant inspected song:sheratan:singer: Which singer performs Sheratan Al Thahab? (Rashed Al Majid) against song:fakadtek:singer: Which Emirati singer performed Fakadtak? (Hussain Al Jassmi). These identify different works, different institutions or different artist attributes. Both nickname duplicates identified during the review were replaced before freezing this inventory; no retained pair asks the same relation about the same entity."
"gulf_music_v2_032/emirati_music_v2_030","cadc0969ff3c99e42ed506f036ceae3bbbb1e656f60c52203922fb71897f7caf","distinct","Assistant inspected song:hekayatnai:singer: Who sang the original 2013 recording of Hekayat Nai? (Salah Al Zadjali) against song:weshthakkarak:singer: Who sang the original 1995 recording of Wsh Zkrk? (Ahlam). These identify different works, different institutions or different artist attributes. Both nickname duplicates identified during the review were replaced before freezing this inventory; no retained pair asks the same relation about the same entity."
"gulf_music_v2_032/emirati_music_v2_058","a8ae6c672910577fc48fbd90b106ebe5629c28b02998cd959944490cb29d4116","distinct","Assistant inspected song:hekayatnai:singer: Who sang the original 2013 recording of Hekayat Nai? (Salah Al Zadjali) against song:abiafham:singer: Who sang the original 2017 recording of Abi Afham? (Shamma Hamdan). These identify different works, different institutions or different artist attributes. Both nickname duplicates identified during the review were replaced before freezing this inventory; no retained pair asks the same relation about the same entity."
"gulf_music_v2_037/emirati_music_v2_044","de0810ed57da5dcb652c2ccb1803cba14a797fcea965088e942720c715c2cb4a","distinct","Assistant inspected song:duniaalwalah:singer: Which singer recorded Dunia Al Walah? (Abdullah Al Rowaished) against song:fakadtek:singer: Which Emirati singer performed Fakadtak? (Hussain Al Jassmi). These identify different works, different institutions or different artist attributes. Both nickname duplicates identified during the review were replaced before freezing this inventory; no retained pair asks the same relation about the same entity."
"gulf_music_v2_039/emirati_music_v2_049","bab36bf8fe6f0495e67d08cf5b15698688ac291f9efaf029837d58728bfa32c5","distinct","Assistant inspected song:qulubsahiya:singer: Which female singer recorded Al Quloub Al Sahiya? (Nawal) against song:diplomacy:singer: Which female singer performed Diplomacy? (Balqees). These identify different works, different institutions or different artist attributes. Both nickname duplicates identified during the review were replaced before freezing this inventory; no retained pair asks the same relation about the same entity."
"gulf_music_v2_039/emirati_music_v2_060","b57b1789640bf82a0bd50a21b6711fece397768802a0c0c54e125816c81a2ae5","distinct","Assistant inspected song:qulubsahiya:singer: Which female singer recorded Al Quloub Al Sahiya? (Nawal) against song:yalazem:singer: Which female singer performs Yalazemni Khayalak? (Ahlam). These identify different works, different institutions or different artist attributes. Both nickname duplicates identified during the review were replaced before freezing this inventory; no retained pair asks the same relation about the same entity."
"gulf_music_v2_050/emirati_music_v2_030","e08e34502e3b309b37cd6ac34d122588e5b97187b8c93f23d9b3f84ea6a76635","distinct","Assistant inspected song:walhan:singer: Who sang the original 2020 recording of Walhan? (Rashed Al Majid) against song:weshthakkarak:singer: Who sang the original 1995 recording of Wsh Zkrk? (Ahlam). These identify different works, different institutions or different artist attributes. Both nickname duplicates identified during the review were replaced before freezing this inventory; no retained pair asks the same relation about the same entity."
"gulf_music_v2_050/emirati_music_v2_031","eda8b49d8b737ce13e740ff5c60bde17743153999ba086acc63e2bea94af0a79","distinct","Assistant inspected song:walhan:singer: Who sang the original 2020 recording of Walhan? (Rashed Al Majid) against song:khams:singer: Who sang the original 1999 recording of Khams Al Hawas? (Mehad Hamad). These identify different works, different institutions or different artist attributes. Both nickname duplicates identified during the review were replaced before freezing this inventory; no retained pair asks the same relation about the same entity."
"gulf_music_v2_050/emirati_music_v2_052","9bb6bccb209523b3d877966e154f7e0bb60deac50d25c8c98c6ec34bf9045e04","distinct","Assistant inspected song:walhan:singer: Who sang the original 2020 recording of Walhan? (Rashed Al Majid) against song:pieceheart:singer: Who sang the original 2021 recording of Piece of My Heart? (Hussain Al Jassmi). These identify different works, different institutions or different artist attributes. Both nickname duplicates identified during the review were replaced before freezing this inventory; no retained pair asks the same relation about the same entity."
"gulf_music_v2_050/emirati_music_v2_058","4fce6a8050b3c7288b81fbcba40a3642f9d0afd263f72e4d2fed7ee3e4c2d743","distinct","Assistant inspected song:walhan:singer: Who sang the original 2020 recording of Walhan? (Rashed Al Majid) against song:abiafham:singer: Who sang the original 2017 recording of Abi Afham? (Shamma Hamdan). These identify different works, different institutions or different artist attributes. Both nickname duplicates identified during the review were replaced before freezing this inventory; no retained pair asks the same relation about the same entity."
"gulf_music_v2_052/emirati_music_v2_020","df8667cd4f309ab83016ceccac2affd7b38c7e4ac6792d182153b80c74c4284b","distinct","Assistant inspected song:mozhela:singer: Which singer recorded Mozhela? (Mohammed Abdu) against song:harbimal:singer: Which singer recorded Mal Sabri? (Harbi Al Amri). These identify different works, different institutions or different artist attributes. Both nickname duplicates identified during the review were replaced before freezing this inventory; no retained pair asks the same relation about the same entity."
"gulf_music_v2_052/emirati_music_v2_044","7d5ec70edc95995b4289c5af4866d8e8216aa42b9d14acce8f721029951ce1cf","distinct","Assistant inspected song:mozhela:singer: Which singer recorded Mozhela? (Mohammed Abdu) against song:fakadtek:singer: Which Emirati singer performed Fakadtak? (Hussain Al Jassmi). These identify different works, different institutions or different artist attributes. Both nickname duplicates identified during the review were replaced before freezing this inventory; no retained pair asks the same relation about the same entity."
"gulf_music_v2_052/emirati_music_v2_066","fc5142595798bd95fe1231eb4b5a99def59589c849b574dac1bc6314b224f32c","distinct","Assistant inspected song:mozhela:singer: Which singer recorded Mozhela? (Mohammed Abdu) against song:seta:singer: Which Emirati singer performs Seta El Sobah? (Hussain Al Jassmi). These identify different works, different institutions or different artist attributes. Both nickname duplicates identified during the review were replaced before freezing this inventory; no retained pair asks the same relation about the same entity."
"gulf_music_v2_053/emirati_music_v2_030","6be0de3c3dd96208a0b2fba23a08bde3afba965f73bcfa752e0002df18bd91de","distinct","Assistant inspected song:absher:singer: Who sang the original 1991 recording of Absher? (Rashed Al Majid) against song:weshthakkarak:singer: Who sang the original 1995 recording of Wsh Zkrk? (Ahlam). These identify different works, different institutions or different artist attributes. Both nickname duplicates identified during the review were replaced before freezing this inventory; no retained pair asks the same relation about the same entity."
"gulf_music_v2_053/emirati_music_v2_031","dfba1391716d2b566c25875bf933d55044179c07688784784fdde4a05f4dd834","distinct","Assistant inspected song:absher:singer: Who sang the original 1991 recording of Absher? (Rashed Al Majid) against song:khams:singer: Who sang the original 1999 recording of Khams Al Hawas? (Mehad Hamad). These identify different works, different institutions or different artist attributes. Both nickname duplicates identified during the review were replaced before freezing this inventory; no retained pair asks the same relation about the same entity."
"gulf_music_v2_053/emirati_music_v2_052","a9c9ad296ceded99812e7824d8476c68110a936d9a5ca0257e03c7e0f0dfad87","distinct","Assistant inspected song:absher:singer: Who sang the original 1991 recording of Absher? (Rashed Al Majid) against song:pieceheart:singer: Who sang the original 2021 recording of Piece of My Heart? (Hussain Al Jassmi). These identify different works, different institutions or different artist attributes. Both nickname duplicates identified during the review were replaced before freezing this inventory; no retained pair asks the same relation about the same entity."
"gulf_music_v2_053/emirati_music_v2_058","e4668a7173f07eb1f073ba9a9ef37f839fe8367e640f73a0d7cb2b3e954965dd","distinct","Assistant inspected song:absher:singer: Who sang the original 1991 recording of Absher? (Rashed Al Majid) against song:abiafham:singer: Who sang the original 2017 recording of Abi Afham? (Shamma Hamdan). These identify different works, different institutions or different artist attributes. Both nickname duplicates identified during the review were replaced before freezing this inventory; no retained pair asks the same relation about the same entity."
"gulf_music_v2_056/emirati_music_v2_044","3a14e5302a611dc71c4d0aec77a7f136769c411b5a562305754e2fd6ddcff9da","distinct","Assistant inspected song:qalootara:singer: Which singer recorded Qaloo Tara? (Abadi Al Johar) against song:fakadtek:singer: Which Emirati singer performed Fakadtak? (Hussain Al Jassmi). These identify different works, different institutions or different artist attributes. Both nickname duplicates identified during the review were replaced before freezing this inventory; no retained pair asks the same relation about the same entity."
"gulf_music_v2_062/emirati_music_v2_046","456b44a9c9a3c34ecf2413d3262b62ae8a8d683a7e8e1d2eeee56aa3dbcf151e","distinct","Assistant inspected artist:abadi:octopusnickname: Which singer is known as the Octopus of the Oud? (Abadi Al Johar) against person:fayez:nickname: Which Emirati composer and singer is known as the Ambassador of Melodies? (Fayez Al Saeed). These identify different works, different institutions or different artist attributes. Both nickname duplicates identified during the review were replaced before freezing this inventory; no retained pair asks the same relation about the same entity."
"gulf_music_v2_066/emirati_music_v2_020","66d03e3eab1a6363c0b78635f35ac4ceecf7b8609e032817d8ace3f4dbacf5d3","distinct","Assistant inspected song:tenadeek:singer: Which singer recorded Tenadeek? (Majid Al Mohandis) against song:harbimal:singer: Which singer recorded Mal Sabri? (Harbi Al Amri). These identify different works, different institutions or different artist attributes. Both nickname duplicates identified during the review were replaced before freezing this inventory; no retained pair asks the same relation about the same entity."
"gulf_music_v2_066/emirati_music_v2_044","21205900f90e90f69391a43253eeede1654b3ac31e82a772fa8a372acebcd2d0","distinct","Assistant inspected song:tenadeek:singer: Which singer recorded Tenadeek? (Majid Al Mohandis) against song:fakadtek:singer: Which Emirati singer performed Fakadtak? (Hussain Al Jassmi). These identify different works, different institutions or different artist attributes. Both nickname duplicates identified during the review were replaced before freezing this inventory; no retained pair asks the same relation about the same entity."
"gulf_music_v2_066/emirati_music_v2_066","609392cd9f66fbec5bc8511e954850e4b09f518e47924a9d21422d55b6a59b71","distinct","Assistant inspected song:tenadeek:singer: Which singer recorded Tenadeek? (Majid Al Mohandis) against song:seta:singer: Which Emirati singer performs Seta El Sobah? (Hussain Al Jassmi). These identify different works, different institutions or different artist attributes. Both nickname duplicates identified during the review were replaced before freezing this inventory; no retained pair asks the same relation about the same entity."
"gulf_music_v2_077/emirati_music_v2_141","c874bc11fdffe37dc0007b627c705def474c9126e72a620316f16423cd8ea977","distinct","Assistant inspected person:hind:birthname: What is the birth name of the Bahraini singer known as Hind? (Suhair) against artist:fafa:realname: What is the real name of the Emirati singer known as Fafa? (Fatima Bin Safwan). These identify different works, different institutions or different artist attributes. Both nickname duplicates identified during the review were replaced before freezing this inventory; no retained pair asks the same relation about the same entity."
"gulf_music_v2_089/emirati_music_v2_073","56825e4080eebd58333bde4169a7983f0f6abae13c709cdd87d3ea0f697e94c6","distinct","Assistant inspected album:rabeh:debuttitle: What is the title of Rabeh Saqer's debut album? (Ya Naseem Al Lail) against album:shamma:2013: What is the title of Shamma Hamdan's 2013 album? (Wash Kunt Aba Aqoul). These identify different works, different institutions or different artist attributes. Both nickname duplicates identified during the review were replaced before freezing this inventory; no retained pair asks the same relation about the same entity."
"gulf_music_v2_135/emirati_music_v2_114","5664ed6f3492729c5b8414bd5b2c061df5adace17000fb7a21ab11e22e516a2f","distinct","Assistant inspected song:sikkasafar:lyricist: Who wrote the lyrics of Nabeel Shuail's Sikka Safar? (Abdul Latif Al Bannai) against song:diplomacy:writer: Who wrote the lyrics of Balqees's Diplomacy? (Aziz El Shaafei). These identify different works, different institutions or different artist attributes. Both nickname duplicates identified during the review were replaced before freezing this inventory; no retained pair asks the same relation about the same entity."
"gulf_music_v2_135/emirati_music_v2_172","2be71ad05e1c62e25133a9c234dea15cf6773fd97052890d2d0775ef54d8b082","distinct","Assistant inspected song:sikkasafar:lyricist: Who wrote the lyrics of Nabeel Shuail's Sikka Safar? (Abdul Latif Al Bannai) against song:mestaghreb:lyricist: Who wrote the lyrics of Ahlam's WeMestaghrb? (Abdulrahman Al Othman). These identify different works, different institutions or different artist attributes. Both nickname duplicates identified during the review were replaced before freezing this inventory; no retained pair asks the same relation about the same entity."
"gulf_music_v2_135/emirati_music_v2_174","26320b00494b7f0b239516e258a45b77b66b9755ae6cac898669353b7e6729e0","distinct","Assistant inspected song:sikkasafar:lyricist: Who wrote the lyrics of Nabeel Shuail's Sikka Safar? (Abdul Latif Al Bannai) against song:entaha:lyricist: Who wrote the lyrics of Balqees's Entaha? (Mshari Al Ibrahim). These identify different works, different institutions or different artist attributes. Both nickname duplicates identified during the review were replaced before freezing this inventory; no retained pair asks the same relation about the same entity."
"gulf_music_v2_147/emirati_music_v2_079","27e5bc7ffec8f6df1d8e83d3d22c44241987b5f56958650e5df31fc231c3f940","distinct","Assistant inspected song:tarban:lyricist: Who wrote the lyrics of Salah Al Zadjali's Tarban? (Haitham Al Busaidi) against song:fakadtek:lyricist: Who wrote the lyrics of Hussain Al Jassmi's Fakadtak? (Faisal Al Yami). These identify different works, different institutions or different artist attributes. Both nickname duplicates identified during the review were replaced before freezing this inventory; no retained pair asks the same relation about the same entity."
"gulf_music_v2_147/emirati_music_v2_082","9f70abcab2cecef2c59168c2b261245bd52e02738aae5e489a6fc7912b3740ab","distinct","Assistant inspected song:tarban:lyricist: Who wrote the lyrics of Salah Al Zadjali's Tarban? (Haitham Al Busaidi) against song:ahebak:lyricist: Who wrote the lyrics of Hussain Al Jassmi's Ahebak? (Ahmad Al Sanea). These identify different works, different institutions or different artist attributes. Both nickname duplicates identified during the review were replaced before freezing this inventory; no retained pair asks the same relation about the same entity."
"gulf_music_v2_147/emirati_music_v2_097","f28b9c6f5bfc3f6b39e7218f85a9d234642582ad64ee5464b9202eb3d81179a0","distinct","Assistant inspected song:tarban:lyricist: Who wrote the lyrics of Salah Al Zadjali's Tarban? (Haitham Al Busaidi) against song:yamarini:lyricist: Who wrote the lyrics of Eida Al Menhali's Yamarini Tarik? (Saeed Al Rumaithi). These identify different works, different institutions or different artist attributes. Both nickname duplicates identified during the review were replaced before freezing this inventory; no retained pair asks the same relation about the same entity."
"gulf_music_v2_147/emirati_music_v2_114","e5f4c5a8159cefea81d19d09a560cf540e921ada999c051bb6ebbc27c5cbbf2a","distinct","Assistant inspected song:tarban:lyricist: Who wrote the lyrics of Salah Al Zadjali's Tarban? (Haitham Al Busaidi) against song:diplomacy:writer: Who wrote the lyrics of Balqees's Diplomacy? (Aziz El Shaafei). These identify different works, different institutions or different artist attributes. Both nickname duplicates identified during the review were replaced before freezing this inventory; no retained pair asks the same relation about the same entity."
"gulf_music_v2_147/emirati_music_v2_146","fe5b99bb7c9d04e3d5c7426ccac72674e6d400f40497b6ef122392930b590f91","distinct","Assistant inspected song:tarban:lyricist: Who wrote the lyrics of Salah Al Zadjali's Tarban? (Haitham Al Busaidi) against song:kashf:lyricist: Who wrote the lyrics of Mohamed Al Shehhi's Kashf Al Mahabba? (Ali Al Omari). These identify different works, different institutions or different artist attributes. Both nickname duplicates identified during the review were replaced before freezing this inventory; no retained pair asks the same relation about the same entity."
"gulf_music_v2_147/emirati_music_v2_148","a5f25d384688882d13c47ae8e49716898c3ac6cf0cb3c1e807a5666a9fcfa979","distinct","Assistant inspected song:tarban:lyricist: Who wrote the lyrics of Salah Al Zadjali's Tarban? (Haitham Al Busaidi) against song:dighewa:lyricist: Who wrote the lyrics of Fayez Al Saeed's Dig Hewa? (Firas Al Shathar). These identify different works, different institutions or different artist attributes. Both nickname duplicates identified during the review were replaced before freezing this inventory; no retained pair asks the same relation about the same entity."
"gulf_music_v2_147/emirati_music_v2_171","0e64677a7d7c5edc76a115f9af01394675fbd74d25d8ce0e054ec78ce2ddaa67","distinct","Assistant inspected song:tarban:lyricist: Who wrote the lyrics of Salah Al Zadjali's Tarban? (Haitham Al Busaidi) against song:sketanak:lyricist: Who wrote the lyrics of Mohamed Al Shehhi's Sket Anak? (Hussain Khamis). These identify different works, different institutions or different artist attributes. Both nickname duplicates identified during the review were replaced before freezing this inventory; no retained pair asks the same relation about the same entity."
"gulf_music_v2_147/emirati_music_v2_172","2a796b0fb11f371afa5b75fd853cd991fcbf3b534b23095dd310f08fea248301","distinct","Assistant inspected song:tarban:lyricist: Who wrote the lyrics of Salah Al Zadjali's Tarban? (Haitham Al Busaidi) against song:mestaghreb:lyricist: Who wrote the lyrics of Ahlam's WeMestaghrb? (Abdulrahman Al Othman). These identify different works, different institutions or different artist attributes. Both nickname duplicates identified during the review were replaced before freezing this inventory; no retained pair asks the same relation about the same entity."
"gulf_music_v2_147/emirati_music_v2_174","b086d23a8cc2617e7fc728615f210f123223ddbf26c749ee3b888106dc96c146","distinct","Assistant inspected song:tarban:lyricist: Who wrote the lyrics of Salah Al Zadjali's Tarban? (Haitham Al Busaidi) against song:entaha:lyricist: Who wrote the lyrics of Balqees's Entaha? (Mshari Al Ibrahim). These identify different works, different institutions or different artist attributes. Both nickname duplicates identified during the review were replaced before freezing this inventory; no retained pair asks the same relation about the same entity."
"gulf_music_v2_147/emirati_music_v2_175","fddd0ba35aa0b8fc1d6b58e42c0846cf05e7972fd07eb463c4292c4c750b0a50","distinct","Assistant inspected song:tarban:lyricist: Who wrote the lyrics of Salah Al Zadjali's Tarban? (Haitham Al Busaidi) against song:maktoum:lyricist: Who wrote the lyrics of Eida Al Menhali's Maktoum Onwani? (Ahmad Al Marri). These identify different works, different institutions or different artist attributes. Both nickname duplicates identified during the review were replaced before freezing this inventory; no retained pair asks the same relation about the same entity."
"gulf_music_v2_147/emirati_music_v2_180","78168511eeb2692c8402dd56451f87ac09efe41c22ffe127879f132acf8b58a1","distinct","Assistant inspected song:tarban:lyricist: Who wrote the lyrics of Salah Al Zadjali's Tarban? (Haitham Al Busaidi) against song:hazzaaljaw:writer: Who wrote the lyrics of Hazza's Al Jaw Londani? (Ali Al Khawar). These identify different works, different institutions or different artist attributes. Both nickname duplicates identified during the review were replaced before freezing this inventory; no retained pair asks the same relation about the same entity."
"gulf_music_v2_147/emirati_music_v2_181","d6dcf31cb4046eda1d09f8d4513e6e75f052e352c51b33360031f893f3459fac","distinct","Assistant inspected song:tarban:lyricist: Who wrote the lyrics of Salah Al Zadjali's Tarban? (Haitham Al Busaidi) against song:fayezselfie:writer: Who wrote the lyrics of Fayez Al Saeed's 2014 Selfie? (Turki Al Sharif). These identify different works, different institutions or different artist attributes. Both nickname duplicates identified during the review were replaced before freezing this inventory; no retained pair asks the same relation about the same entity."
"gulf_music_v2_147/emirati_music_v2_190","dff934543355bdbc7d6f938683a46b9113cb52c4f3f7e30beb95b9c27d0d59da","distinct","Assistant inspected song:tarban:lyricist: Who wrote the lyrics of Salah Al Zadjali's Tarban? (Haitham Al Busaidi) against song:qahwawadaa:writer: Who wrote the lyrics of Hussain Al Jassmi's Qahwat Wadaa? (Ahmad bin Thaher). These identify different works, different institutions or different artist attributes. Both nickname duplicates identified during the review were replaced before freezing this inventory; no retained pair asks the same relation about the same entity."
"gulf_music_v2_149/emirati_music_v2_079","0a9b22b6f54527fe4908b0179101c342a481c653b576aa765313c6be4a043c28","distinct","Assistant inspected song:batalna:lyricist: Who wrote the lyrics of Fahad Al Kubaisi's Batalna? (Saad Al Mosallam) against song:fakadtek:lyricist: Who wrote the lyrics of Hussain Al Jassmi's Fakadtak? (Faisal Al Yami). These identify different works, different institutions or different artist attributes. Both nickname duplicates identified during the review were replaced before freezing this inventory; no retained pair asks the same relation about the same entity."
"gulf_music_v2_149/emirati_music_v2_082","3bc5b52e31f444f2a85bb6e4b324ae0e74da303b42c1c368ab29a2ca103a3be7","distinct","Assistant inspected song:batalna:lyricist: Who wrote the lyrics of Fahad Al Kubaisi's Batalna? (Saad Al Mosallam) against song:ahebak:lyricist: Who wrote the lyrics of Hussain Al Jassmi's Ahebak? (Ahmad Al Sanea). These identify different works, different institutions or different artist attributes. Both nickname duplicates identified during the review were replaced before freezing this inventory; no retained pair asks the same relation about the same entity."
"gulf_music_v2_149/emirati_music_v2_097","75d61b2c7743995d5a30bf80d5ed69170e72b404a1985a966ea2f5727e9452ce","distinct","Assistant inspected song:batalna:lyricist: Who wrote the lyrics of Fahad Al Kubaisi's Batalna? (Saad Al Mosallam) against song:yamarini:lyricist: Who wrote the lyrics of Eida Al Menhali's Yamarini Tarik? (Saeed Al Rumaithi). These identify different works, different institutions or different artist attributes. Both nickname duplicates identified during the review were replaced before freezing this inventory; no retained pair asks the same relation about the same entity."
"gulf_music_v2_149/emirati_music_v2_114","49172542468eb1e053a880205e541d95f734c0e4776ea2d99b10de6a4987dc60","distinct","Assistant inspected song:batalna:lyricist: Who wrote the lyrics of Fahad Al Kubaisi's Batalna? (Saad Al Mosallam) against song:diplomacy:writer: Who wrote the lyrics of Balqees's Diplomacy? (Aziz El Shaafei). These identify different works, different institutions or different artist attributes. Both nickname duplicates identified during the review were replaced before freezing this inventory; no retained pair asks the same relation about the same entity."
"gulf_music_v2_149/emirati_music_v2_146","c4f4ec3392011716852cc117dc49e5bec95a4e6f9bbff130ce5f6a00458a01be","distinct","Assistant inspected song:batalna:lyricist: Who wrote the lyrics of Fahad Al Kubaisi's Batalna? (Saad Al Mosallam) against song:kashf:lyricist: Who wrote the lyrics of Mohamed Al Shehhi's Kashf Al Mahabba? (Ali Al Omari). These identify different works, different institutions or different artist attributes. Both nickname duplicates identified during the review were replaced before freezing this inventory; no retained pair asks the same relation about the same entity."
"gulf_music_v2_149/emirati_music_v2_148","a3657cb7076c1ed2e6f37b6b6f19ae2a997223e0bfaab758d2c42dc8c8c4e114","distinct","Assistant inspected song:batalna:lyricist: Who wrote the lyrics of Fahad Al Kubaisi's Batalna? (Saad Al Mosallam) against song:dighewa:lyricist: Who wrote the lyrics of Fayez Al Saeed's Dig Hewa? (Firas Al Shathar). These identify different works, different institutions or different artist attributes. Both nickname duplicates identified during the review were replaced before freezing this inventory; no retained pair asks the same relation about the same entity."
"gulf_music_v2_149/emirati_music_v2_171","123bbd8622f1a89a24307a66b9b14723c3c0594ece7efb1754438ee64bee8cfc","distinct","Assistant inspected song:batalna:lyricist: Who wrote the lyrics of Fahad Al Kubaisi's Batalna? (Saad Al Mosallam) against song:sketanak:lyricist: Who wrote the lyrics of Mohamed Al Shehhi's Sket Anak? (Hussain Khamis). These identify different works, different institutions or different artist attributes. Both nickname duplicates identified during the review were replaced before freezing this inventory; no retained pair asks the same relation about the same entity."
"gulf_music_v2_149/emirati_music_v2_172","ad78e3be86d4c08310aa497f8845d3fb5dfeb6c77a645cb9a14f809190c8f4e1","distinct","Assistant inspected song:batalna:lyricist: Who wrote the lyrics of Fahad Al Kubaisi's Batalna? (Saad Al Mosallam) against song:mestaghreb:lyricist: Who wrote the lyrics of Ahlam's WeMestaghrb? (Abdulrahman Al Othman). These identify different works, different institutions or different artist attributes. Both nickname duplicates identified during the review were replaced before freezing this inventory; no retained pair asks the same relation about the same entity."
"gulf_music_v2_149/emirati_music_v2_174","1674e1f8e41f453ab5f81e2d4b0348ee4d2c7f98d86e381b501877c993103e06","distinct","Assistant inspected song:batalna:lyricist: Who wrote the lyrics of Fahad Al Kubaisi's Batalna? (Saad Al Mosallam) against song:entaha:lyricist: Who wrote the lyrics of Balqees's Entaha? (Mshari Al Ibrahim). These identify different works, different institutions or different artist attributes. Both nickname duplicates identified during the review were replaced before freezing this inventory; no retained pair asks the same relation about the same entity."
"gulf_music_v2_149/emirati_music_v2_175","b636813a284f8fb73fd2615b46f8e2cae40c2c686b2ac11a49fdd922de4ced0a","distinct","Assistant inspected song:batalna:lyricist: Who wrote the lyrics of Fahad Al Kubaisi's Batalna? (Saad Al Mosallam) against song:maktoum:lyricist: Who wrote the lyrics of Eida Al Menhali's Maktoum Onwani? (Ahmad Al Marri). These identify different works, different institutions or different artist attributes. Both nickname duplicates identified during the review were replaced before freezing this inventory; no retained pair asks the same relation about the same entity."
"gulf_music_v2_149/emirati_music_v2_180","bb2632f6274c90e6d2e23feaa317df71687be6125db5291901fe77b3434c07cd","distinct","Assistant inspected song:batalna:lyricist: Who wrote the lyrics of Fahad Al Kubaisi's Batalna? (Saad Al Mosallam) against song:hazzaaljaw:writer: Who wrote the lyrics of Hazza's Al Jaw Londani? (Ali Al Khawar). These identify different works, different institutions or different artist attributes. Both nickname duplicates identified during the review were replaced before freezing this inventory; no retained pair asks the same relation about the same entity."
"gulf_music_v2_149/emirati_music_v2_181","687c6c6d4d98cfd94a38af2a2a16fceca6cdf96bb736e74cb0aafc6ef72c0c19","distinct","Assistant inspected song:batalna:lyricist: Who wrote the lyrics of Fahad Al Kubaisi's Batalna? (Saad Al Mosallam) against song:fayezselfie:writer: Who wrote the lyrics of Fayez Al Saeed's 2014 Selfie? (Turki Al Sharif). These identify different works, different institutions or different artist attributes. Both nickname duplicates identified during the review were replaced before freezing this inventory; no retained pair asks the same relation about the same entity."
"gulf_music_v2_149/emirati_music_v2_190","a3cc81f75e292c004236d93fe8f00f9319c591f1a43f82ce854e423deeee4e22","distinct","Assistant inspected song:batalna:lyricist: Who wrote the lyrics of Fahad Al Kubaisi's Batalna? (Saad Al Mosallam) against song:qahwawadaa:writer: Who wrote the lyrics of Hussain Al Jassmi's Qahwat Wadaa? (Ahmad bin Thaher). These identify different works, different institutions or different artist attributes. Both nickname duplicates identified during the review were replaced before freezing this inventory; no retained pair asks the same relation about the same entity."
"gulf_music_v2_150/emirati_music_v2_079","f9bbd9826a85aed867fcc1e57912a51ca27557e480c5572ca5704ba5639b134e","distinct","Assistant inspected song:tabra:lyricist: Who wrote the lyrics of Nawal's Tabra? (Abdul Latif Al Bannai) against song:fakadtek:lyricist: Who wrote the lyrics of Hussain Al Jassmi's Fakadtak? (Faisal Al Yami). These identify different works, different institutions or different artist attributes. Both nickname duplicates identified during the review were replaced before freezing this inventory; no retained pair asks the same relation about the same entity."
"gulf_music_v2_150/emirati_music_v2_082","8f6d069bf2b880d8f09ee1fc275db46f64220cb9547a5b9825ec2fd0d0023761","distinct","Assistant inspected song:tabra:lyricist: Who wrote the lyrics of Nawal's Tabra? (Abdul Latif Al Bannai) against song:ahebak:lyricist: Who wrote the lyrics of Hussain Al Jassmi's Ahebak? (Ahmad Al Sanea). These identify different works, different institutions or different artist attributes. Both nickname duplicates identified during the review were replaced before freezing this inventory; no retained pair asks the same relation about the same entity."
"gulf_music_v2_150/emirati_music_v2_114","8579f73b897b7a718ed906309a8deddab226eecc195b9ba2371646c619197b03","distinct","Assistant inspected song:tabra:lyricist: Who wrote the lyrics of Nawal's Tabra? (Abdul Latif Al Bannai) against song:diplomacy:writer: Who wrote the lyrics of Balqees's Diplomacy? (Aziz El Shaafei). These identify different works, different institutions or different artist attributes. Both nickname duplicates identified during the review were replaced before freezing this inventory; no retained pair asks the same relation about the same entity."
"gulf_music_v2_150/emirati_music_v2_150","eb83fc8fa98c316b33cfac919adfe0cfec6c0ada65d2b495fc1e1872cbcd0702","distinct","Assistant inspected song:tabra:lyricist: Who wrote the lyrics of Nawal's Tabra? (Abdul Latif Al Bannai) against song:hathana:lyricist: Who wrote the lyrics of Ahlam's Hatha Ana? (Faisal Mohamed Al Sudairi). These identify different works, different institutions or different artist attributes. Both nickname duplicates identified during the review were replaced before freezing this inventory; no retained pair asks the same relation about the same entity."
"gulf_music_v2_150/emirati_music_v2_159","a0532734d65b378945e747f7154540492e8e131266f49bc941356337c6974a43","distinct","Assistant inspected song:tabra:lyricist: Who wrote the lyrics of Nawal's Tabra? (Abdul Latif Al Bannai) against song:lawahasayef:poet: Who wrote the lyrics of Aryam's La Wa Hasayef? (Khaled bin Saud Al Kabeer). These identify different works, different institutions or different artist attributes. Both nickname duplicates identified during the review were replaced before freezing this inventory; no retained pair asks the same relation about the same entity."
"gulf_music_v2_150/emirati_music_v2_172","a986a54d8e70579725b1513bd36d3ac5c7e5cc917b8562e9336dfab0138d5070","distinct","Assistant inspected song:tabra:lyricist: Who wrote the lyrics of Nawal's Tabra? (Abdul Latif Al Bannai) against song:mestaghreb:lyricist: Who wrote the lyrics of Ahlam's WeMestaghrb? (Abdulrahman Al Othman). These identify different works, different institutions or different artist attributes. Both nickname duplicates identified during the review were replaced before freezing this inventory; no retained pair asks the same relation about the same entity."
"gulf_music_v2_150/emirati_music_v2_174","8b4897c2eff7bb9d1fcd8741f4062101fddf4e47503ec9b4f12b17770f161a9e","distinct","Assistant inspected song:tabra:lyricist: Who wrote the lyrics of Nawal's Tabra? (Abdul Latif Al Bannai) against song:entaha:lyricist: Who wrote the lyrics of Balqees's Entaha? (Mshari Al Ibrahim). These identify different works, different institutions or different artist attributes. Both nickname duplicates identified during the review were replaced before freezing this inventory; no retained pair asks the same relation about the same entity."
"gulf_music_v2_150/emirati_music_v2_180","a25148a227b45f682034d72f93d6c9e53b766888fe7e317ca3cba72a75339d8c","distinct","Assistant inspected song:tabra:lyricist: Who wrote the lyrics of Nawal's Tabra? (Abdul Latif Al Bannai) against song:hazzaaljaw:writer: Who wrote the lyrics of Hazza's Al Jaw Londani? (Ali Al Khawar). These identify different works, different institutions or different artist attributes. Both nickname duplicates identified during the review were replaced before freezing this inventory; no retained pair asks the same relation about the same entity."
"gulf_music_v2_150/emirati_music_v2_183","2cbba8e63dc3594017e0efbf6a8135c71d9ffce8c917010660d7dac421ed810d","distinct","Assistant inspected song:tabra:lyricist: Who wrote the lyrics of Nawal's Tabra? (Abdul Latif Al Bannai) against song:malhoufa:writer: Who wrote the lyrics of Ahlam's Malhofa Le Soutak? (Ahmad Alawi). These identify different works, different institutions or different artist attributes. Both nickname duplicates identified during the review were replaced before freezing this inventory; no retained pair asks the same relation about the same entity."
"gulf_music_v2_150/emirati_music_v2_184","89292d96790e88cae5e2934453ba8590b88b7a4f429837f27fc08e0a22f08677","distinct","Assistant inspected song:tabra:lyricist: Who wrote the lyrics of Nawal's Tabra? (Abdul Latif Al Bannai) against song:moajaba:writer: Who wrote the lyrics of Shamma Hamdan's Moajaba? (Ahmad Al Sanea). These identify different works, different institutions or different artist attributes. Both nickname duplicates identified during the review were replaced before freezing this inventory; no retained pair asks the same relation about the same entity."
"gulf_music_v2_150/emirati_music_v2_187","1a51f2ad4b27c7ba8d823929be927df584ce66a89be4449fb6e01ad2a4d117ec","distinct","Assistant inspected song:tabra:lyricist: Who wrote the lyrics of Nawal's Tabra? (Abdul Latif Al Bannai) against song:wayyakkhedni:writer: Who wrote the lyrics of Balqees's Wayyak Khedni? (Firas Al Habeeb). These identify different works, different institutions or different artist attributes. Both nickname duplicates identified during the review were replaced before freezing this inventory; no retained pair asks the same relation about the same entity."
"gulf_music_v2_150/emirati_music_v2_199","477fc2aabe58f665a92359f1a324bf042e1233a617ab444a249b3b5621814dd0","distinct","Assistant inspected song:tabra:lyricist: Who wrote the lyrics of Nawal's Tabra? (Abdul Latif Al Bannai) against song:shammaaheb:writer: Who wrote the lyrics of Shamma Hamdan's 2016 Ahebk? (Ahmad Al Sanea). These identify different works, different institutions or different artist attributes. Both nickname duplicates identified during the review were replaced before freezing this inventory; no retained pair asks the same relation about the same entity."
"gulf_music_v2_151/emirati_music_v2_114","bd0db5ccc4f456925ac50f66716832ed710de242283aa62523c7b42b91ac616d","distinct","Assistant inspected song:yashams:lyricist: Who wrote the lyrics of Nabeel Shuail's Ya Shams? (Abdul Latif Al Bannai) against song:diplomacy:writer: Who wrote the lyrics of Balqees's Diplomacy? (Aziz El Shaafei). These identify different works, different institutions or different artist attributes. Both nickname duplicates identified during the review were replaced before freezing this inventory; no retained pair asks the same relation about the same entity."
"gulf_music_v2_151/emirati_music_v2_172","5a400979e07cb49b1cb4e5d18e6af7369b433258e90c01dbb26a8c2ab5f023c0","distinct","Assistant inspected song:yashams:lyricist: Who wrote the lyrics of Nabeel Shuail's Ya Shams? (Abdul Latif Al Bannai) against song:mestaghreb:lyricist: Who wrote the lyrics of Ahlam's WeMestaghrb? (Abdulrahman Al Othman). These identify different works, different institutions or different artist attributes. Both nickname duplicates identified during the review were replaced before freezing this inventory; no retained pair asks the same relation about the same entity."
"gulf_music_v2_151/emirati_music_v2_174","48b485842abbb230857922b6c7a42ca6ba465010f7688f06df3fe39a79a419db","distinct","Assistant inspected song:yashams:lyricist: Who wrote the lyrics of Nabeel Shuail's Ya Shams? (Abdul Latif Al Bannai) against song:entaha:lyricist: Who wrote the lyrics of Balqees's Entaha? (Mshari Al Ibrahim). These identify different works, different institutions or different artist attributes. Both nickname duplicates identified during the review were replaced before freezing this inventory; no retained pair asks the same relation about the same entity."
"gulf_music_v2_152/emirati_music_v2_079","e1c7b1bd58b5d385898cec221c3589817a7b131d864acbb436a9fbd98953bab4","distinct","Assistant inspected song:musafir:lyricist: Who wrote the lyrics of Rashed Al Majid's Al Musafir? (Badr bin Abdulmohsen) against song:fakadtek:lyricist: Who wrote the lyrics of Hussain Al Jassmi's Fakadtak? (Faisal Al Yami). These identify different works, different institutions or different artist attributes. Both nickname duplicates identified during the review were replaced before freezing this inventory; no retained pair asks the same relation about the same entity."
"gulf_music_v2_152/emirati_music_v2_082","3013500d4739c2c3f004dc7aed7bea5eca48ca9438e0cc94f8d2867f96faa144","distinct","Assistant inspected song:musafir:lyricist: Who wrote the lyrics of Rashed Al Majid's Al Musafir? (Badr bin Abdulmohsen) against song:ahebak:lyricist: Who wrote the lyrics of Hussain Al Jassmi's Ahebak? (Ahmad Al Sanea). These identify different works, different institutions or different artist attributes. Both nickname duplicates identified during the review were replaced before freezing this inventory; no retained pair asks the same relation about the same entity."
"gulf_music_v2_152/emirati_music_v2_097","cf98f96669df3ebff5e59d0c6f85cb53809e6629c72391fa6f8d10747d7ee1aa","distinct","Assistant inspected song:musafir:lyricist: Who wrote the lyrics of Rashed Al Majid's Al Musafir? (Badr bin Abdulmohsen) against song:yamarini:lyricist: Who wrote the lyrics of Eida Al Menhali's Yamarini Tarik? (Saeed Al Rumaithi). These identify different works, different institutions or different artist attributes. Both nickname duplicates identified during the review were replaced before freezing this inventory; no retained pair asks the same relation about the same entity."
"gulf_music_v2_152/emirati_music_v2_114","10a1cf4021c8d098ebddc73354a59fd2f4e33ea7e7a0ffc94fb1cb172b358df5","distinct","Assistant inspected song:musafir:lyricist: Who wrote the lyrics of Rashed Al Majid's Al Musafir? (Badr bin Abdulmohsen) against song:diplomacy:writer: Who wrote the lyrics of Balqees's Diplomacy? (Aziz El Shaafei). These identify different works, different institutions or different artist attributes. Both nickname duplicates identified during the review were replaced before freezing this inventory; no retained pair asks the same relation about the same entity."
"gulf_music_v2_152/emirati_music_v2_146","dc33dc477ad368f4952b650378346e5f09332388d151529f21d2671043efee57","distinct","Assistant inspected song:musafir:lyricist: Who wrote the lyrics of Rashed Al Majid's Al Musafir? (Badr bin Abdulmohsen) against song:kashf:lyricist: Who wrote the lyrics of Mohamed Al Shehhi's Kashf Al Mahabba? (Ali Al Omari). These identify different works, different institutions or different artist attributes. Both nickname duplicates identified during the review were replaced before freezing this inventory; no retained pair asks the same relation about the same entity."
"gulf_music_v2_152/emirati_music_v2_148","df24ca0aebd578a83721fa6e1445a44782b5ab2d35f04a921817ddfde3819613","distinct","Assistant inspected song:musafir:lyricist: Who wrote the lyrics of Rashed Al Majid's Al Musafir? (Badr bin Abdulmohsen) against song:dighewa:lyricist: Who wrote the lyrics of Fayez Al Saeed's Dig Hewa? (Firas Al Shathar). These identify different works, different institutions or different artist attributes. Both nickname duplicates identified during the review were replaced before freezing this inventory; no retained pair asks the same relation about the same entity."
"gulf_music_v2_152/emirati_music_v2_171","88a9618a8f574fb6c8b817c8a68bea0453ac30438d9038e5af42d1c75b356b62","distinct","Assistant inspected song:musafir:lyricist: Who wrote the lyrics of Rashed Al Majid's Al Musafir? (Badr bin Abdulmohsen) against song:sketanak:lyricist: Who wrote the lyrics of Mohamed Al Shehhi's Sket Anak? (Hussain Khamis). These identify different works, different institutions or different artist attributes. Both nickname duplicates identified during the review were replaced before freezing this inventory; no retained pair asks the same relation about the same entity."
"gulf_music_v2_152/emirati_music_v2_172","392430a831afae215d5fda729453bbe968bbcd433246f7cc579ba150a167afeb","distinct","Assistant inspected song:musafir:lyricist: Who wrote the lyrics of Rashed Al Majid's Al Musafir? (Badr bin Abdulmohsen) against song:mestaghreb:lyricist: Who wrote the lyrics of Ahlam's WeMestaghrb? (Abdulrahman Al Othman). These identify different works, different institutions or different artist attributes. Both nickname duplicates identified during the review were replaced before freezing this inventory; no retained pair asks the same relation about the same entity."
"gulf_music_v2_152/emirati_music_v2_174","5d91f1db7194d8ab5fb0750ad68d4c7fe9c18d9fb5ab4d42e31c9ecbb581f36b","distinct","Assistant inspected song:musafir:lyricist: Who wrote the lyrics of Rashed Al Majid's Al Musafir? (Badr bin Abdulmohsen) against song:entaha:lyricist: Who wrote the lyrics of Balqees's Entaha? (Mshari Al Ibrahim). These identify different works, different institutions or different artist attributes. Both nickname duplicates identified during the review were replaced before freezing this inventory; no retained pair asks the same relation about the same entity."
"gulf_music_v2_152/emirati_music_v2_175","04b1c482d3b97b06136f794fbf48b0fd6a8e393572ccd819998da9e1a037bac3","distinct","Assistant inspected song:musafir:lyricist: Who wrote the lyrics of Rashed Al Majid's Al Musafir? (Badr bin Abdulmohsen) against song:maktoum:lyricist: Who wrote the lyrics of Eida Al Menhali's Maktoum Onwani? (Ahmad Al Marri). These identify different works, different institutions or different artist attributes. Both nickname duplicates identified during the review were replaced before freezing this inventory; no retained pair asks the same relation about the same entity."
"gulf_music_v2_152/emirati_music_v2_180","e69c7fe01df3fdd01981326d7b67e6997b62b82375c253b07c558fca0d5202df","distinct","Assistant inspected song:musafir:lyricist: Who wrote the lyrics of Rashed Al Majid's Al Musafir? (Badr bin Abdulmohsen) against song:hazzaaljaw:writer: Who wrote the lyrics of Hazza's Al Jaw Londani? (Ali Al Khawar). These identify different works, different institutions or different artist attributes. Both nickname duplicates identified during the review were replaced before freezing this inventory; no retained pair asks the same relation about the same entity."
"gulf_music_v2_152/emirati_music_v2_181","e637dad1801eabba8d4ee1f1c3039ec733260ff8c1fd69602ab875b9c2913a05","distinct","Assistant inspected song:musafir:lyricist: Who wrote the lyrics of Rashed Al Majid's Al Musafir? (Badr bin Abdulmohsen) against song:fayezselfie:writer: Who wrote the lyrics of Fayez Al Saeed's 2014 Selfie? (Turki Al Sharif). These identify different works, different institutions or different artist attributes. Both nickname duplicates identified during the review were replaced before freezing this inventory; no retained pair asks the same relation about the same entity."
"gulf_music_v2_152/emirati_music_v2_190","da837317bfb0381470571c4b9d6a71e84dd3a721d91b8ebf61d8f5a747118a19","distinct","Assistant inspected song:musafir:lyricist: Who wrote the lyrics of Rashed Al Majid's Al Musafir? (Badr bin Abdulmohsen) against song:qahwawadaa:writer: Who wrote the lyrics of Hussain Al Jassmi's Qahwat Wadaa? (Ahmad bin Thaher). These identify different works, different institutions or different artist attributes. Both nickname duplicates identified during the review were replaced before freezing this inventory; no retained pair asks the same relation about the same entity."
"gulf_music_v2_153/emirati_music_v2_079","52ffb5f567aade963e10a538e26fabdf7cf9bdabd1a4aacd0a4f2d46f098f741","distinct","Assistant inspected song:alamaken:lyricist: Who wrote the lyrics of Mohammed Abdu's Al Amaken? (Mansour Al Shadi) against song:fakadtek:lyricist: Who wrote the lyrics of Hussain Al Jassmi's Fakadtak? (Faisal Al Yami). These identify different works, different institutions or different artist attributes. Both nickname duplicates identified during the review were replaced before freezing this inventory; no retained pair asks the same relation about the same entity."
"gulf_music_v2_153/emirati_music_v2_082","ea6255431dfc2a90e19b5c70fd78628fb08f070f8189487ef6ff0322f8f02197","distinct","Assistant inspected song:alamaken:lyricist: Who wrote the lyrics of Mohammed Abdu's Al Amaken? (Mansour Al Shadi) against song:ahebak:lyricist: Who wrote the lyrics of Hussain Al Jassmi's Ahebak? (Ahmad Al Sanea). These identify different works, different institutions or different artist attributes. Both nickname duplicates identified during the review were replaced before freezing this inventory; no retained pair asks the same relation about the same entity."
"gulf_music_v2_153/emirati_music_v2_097","049e83a1bf855abae8ed622d5d0bf4bb9dea4ac15ee08bf30e3787159c672798","distinct","Assistant inspected song:alamaken:lyricist: Who wrote the lyrics of Mohammed Abdu's Al Amaken? (Mansour Al Shadi) against song:yamarini:lyricist: Who wrote the lyrics of Eida Al Menhali's Yamarini Tarik? (Saeed Al Rumaithi). These identify different works, different institutions or different artist attributes. Both nickname duplicates identified during the review were replaced before freezing this inventory; no retained pair asks the same relation about the same entity."
"gulf_music_v2_153/emirati_music_v2_114","43dbd6358c00e5de34919bfd7d2a63f352098833f35d758a9544c91a4330b495","distinct","Assistant inspected song:alamaken:lyricist: Who wrote the lyrics of Mohammed Abdu's Al Amaken? (Mansour Al Shadi) against song:diplomacy:writer: Who wrote the lyrics of Balqees's Diplomacy? (Aziz El Shaafei). These identify different works, different institutions or different artist attributes. Both nickname duplicates identified during the review were replaced before freezing this inventory; no retained pair asks the same relation about the same entity."
"gulf_music_v2_153/emirati_music_v2_146","89a232ab45547966874fa90d1cfea8f9cec101cae846c468d7c5469b048a40f7","distinct","Assistant inspected song:alamaken:lyricist: Who wrote the lyrics of Mohammed Abdu's Al Amaken? (Mansour Al Shadi) against song:kashf:lyricist: Who wrote the lyrics of Mohamed Al Shehhi's Kashf Al Mahabba? (Ali Al Omari). These identify different works, different institutions or different artist attributes. Both nickname duplicates identified during the review were replaced before freezing this inventory; no retained pair asks the same relation about the same entity."
"gulf_music_v2_153/emirati_music_v2_148","3c8ff8d4bc47dd13d1a2bdd2afb5ec40f46f2936da2f9391bec1d4e4b36ea4d3","distinct","Assistant inspected song:alamaken:lyricist: Who wrote the lyrics of Mohammed Abdu's Al Amaken? (Mansour Al Shadi) against song:dighewa:lyricist: Who wrote the lyrics of Fayez Al Saeed's Dig Hewa? (Firas Al Shathar). These identify different works, different institutions or different artist attributes. Both nickname duplicates identified during the review were replaced before freezing this inventory; no retained pair asks the same relation about the same entity."
"gulf_music_v2_153/emirati_music_v2_171","9c97327cd6d3de8fe4031b48d489f6a505b5dff9b30ff18c9ac3463acca3e89e","distinct","Assistant inspected song:alamaken:lyricist: Who wrote the lyrics of Mohammed Abdu's Al Amaken? (Mansour Al Shadi) against song:sketanak:lyricist: Who wrote the lyrics of Mohamed Al Shehhi's Sket Anak? (Hussain Khamis). These identify different works, different institutions or different artist attributes. Both nickname duplicates identified during the review were replaced before freezing this inventory; no retained pair asks the same relation about the same entity."
"gulf_music_v2_153/emirati_music_v2_172","afd73a35d0a2ec55e4e724370302432eaf9addde31234f57f29ab297823103c3","distinct","Assistant inspected song:alamaken:lyricist: Who wrote the lyrics of Mohammed Abdu's Al Amaken? (Mansour Al Shadi) against song:mestaghreb:lyricist: Who wrote the lyrics of Ahlam's WeMestaghrb? (Abdulrahman Al Othman). These identify different works, different institutions or different artist attributes. Both nickname duplicates identified during the review were replaced before freezing this inventory; no retained pair asks the same relation about the same entity."
"gulf_music_v2_153/emirati_music_v2_174","d8b854900766cab507b0fda21d2e26036b591ce8726bf55d37a939087836ec80","distinct","Assistant inspected song:alamaken:lyricist: Who wrote the lyrics of Mohammed Abdu's Al Amaken? (Mansour Al Shadi) against song:entaha:lyricist: Who wrote the lyrics of Balqees's Entaha? (Mshari Al Ibrahim). These identify different works, different institutions or different artist attributes. Both nickname duplicates identified during the review were replaced before freezing this inventory; no retained pair asks the same relation about the same entity."
"gulf_music_v2_153/emirati_music_v2_175","fabcc5fe2552c3f4e0b09e71683592ad7295155b790612cd20886b9df12b76a7","distinct","Assistant inspected song:alamaken:lyricist: Who wrote the lyrics of Mohammed Abdu's Al Amaken? (Mansour Al Shadi) against song:maktoum:lyricist: Who wrote the lyrics of Eida Al Menhali's Maktoum Onwani? (Ahmad Al Marri). These identify different works, different institutions or different artist attributes. Both nickname duplicates identified during the review were replaced before freezing this inventory; no retained pair asks the same relation about the same entity."
"gulf_music_v2_153/emirati_music_v2_180","11d6e2688389def7f4b72d39f3b1b2d44e9126b706d8232f61ee7058508ecb30","distinct","Assistant inspected song:alamaken:lyricist: Who wrote the lyrics of Mohammed Abdu's Al Amaken? (Mansour Al Shadi) against song:hazzaaljaw:writer: Who wrote the lyrics of Hazza's Al Jaw Londani? (Ali Al Khawar). These identify different works, different institutions or different artist attributes. Both nickname duplicates identified during the review were replaced before freezing this inventory; no retained pair asks the same relation about the same entity."
"gulf_music_v2_153/emirati_music_v2_181","bc5e11115f3dda8587830a9ecffba86dd5c6c6065fdd64731caf8a68055b456c","distinct","Assistant inspected song:alamaken:lyricist: Who wrote the lyrics of Mohammed Abdu's Al Amaken? (Mansour Al Shadi) against song:fayezselfie:writer: Who wrote the lyrics of Fayez Al Saeed's 2014 Selfie? (Turki Al Sharif). These identify different works, different institutions or different artist attributes. Both nickname duplicates identified during the review were replaced before freezing this inventory; no retained pair asks the same relation about the same entity."
"gulf_music_v2_153/emirati_music_v2_190","36f717ec6255580f3b84adc2d7931a4d1424ece2ac6a167d6ac2c74974f154c8","distinct","Assistant inspected song:alamaken:lyricist: Who wrote the lyrics of Mohammed Abdu's Al Amaken? (Mansour Al Shadi) against song:qahwawadaa:writer: Who wrote the lyrics of Hussain Al Jassmi's Qahwat Wadaa? (Ahmad bin Thaher). These identify different works, different institutions or different artist attributes. Both nickname duplicates identified during the review were replaced before freezing this inventory; no retained pair asks the same relation about the same entity."
"gulf_music_v2_154/emirati_music_v2_079","335ba3d11b48d9134c1513e88eadd4d5aa684153bfc2efe4f0847f95690eabe7","distinct","Assistant inspected song:rahalty:lyricist: Who wrote the lyrics of Abdullah Al Rowaished's Rahalty? (Abdul Latif Al Bannai) against song:fakadtek:lyricist: Who wrote the lyrics of Hussain Al Jassmi's Fakadtak? (Faisal Al Yami). These identify different works, different institutions or different artist attributes. Both nickname duplicates identified during the review were replaced before freezing this inventory; no retained pair asks the same relation about the same entity."
"gulf_music_v2_154/emirati_music_v2_082","00fef3e97a77433fdba940d69d1304a517e7332824d60cf6e1874d8bfedbf269","distinct","Assistant inspected song:rahalty:lyricist: Who wrote the lyrics of Abdullah Al Rowaished's Rahalty? (Abdul Latif Al Bannai) against song:ahebak:lyricist: Who wrote the lyrics of Hussain Al Jassmi's Ahebak? (Ahmad Al Sanea). These identify different works, different institutions or different artist attributes. Both nickname duplicates identified during the review were replaced before freezing this inventory; no retained pair asks the same relation about the same entity."
"gulf_music_v2_154/emirati_music_v2_097","93301f071d2318c447e752e5607e8f9710eba2b56e249ecae26c999b28947895","distinct","Assistant inspected song:rahalty:lyricist: Who wrote the lyrics of Abdullah Al Rowaished's Rahalty? (Abdul Latif Al Bannai) against song:yamarini:lyricist: Who wrote the lyrics of Eida Al Menhali's Yamarini Tarik? (Saeed Al Rumaithi). These identify different works, different institutions or different artist attributes. Both nickname duplicates identified during the review were replaced before freezing this inventory; no retained pair asks the same relation about the same entity."
"gulf_music_v2_154/emirati_music_v2_114","0b8382c7c96c2d2e9eee184269e14295fee29c07f8681d46f35b2205cb60fcd9","distinct","Assistant inspected song:rahalty:lyricist: Who wrote the lyrics of Abdullah Al Rowaished's Rahalty? (Abdul Latif Al Bannai) against song:diplomacy:writer: Who wrote the lyrics of Balqees's Diplomacy? (Aziz El Shaafei). These identify different works, different institutions or different artist attributes. Both nickname duplicates identified during the review were replaced before freezing this inventory; no retained pair asks the same relation about the same entity."
"gulf_music_v2_154/emirati_music_v2_146","8cc63e66c75ccaebabd538efe10f8bfbedfe31c08f4ce9fd7ac9cf19fb51d5a7","distinct","Assistant inspected song:rahalty:lyricist: Who wrote the lyrics of Abdullah Al Rowaished's Rahalty? (Abdul Latif Al Bannai) against song:kashf:lyricist: Who wrote the lyrics of Mohamed Al Shehhi's Kashf Al Mahabba? (Ali Al Omari). These identify different works, different institutions or different artist attributes. Both nickname duplicates identified during the review were replaced before freezing this inventory; no retained pair asks the same relation about the same entity."
"gulf_music_v2_154/emirati_music_v2_148","bb48ff954d9ae8ab128b58b650373e149368af81012bfda20af424d42c9e22e8","distinct","Assistant inspected song:rahalty:lyricist: Who wrote the lyrics of Abdullah Al Rowaished's Rahalty? (Abdul Latif Al Bannai) against song:dighewa:lyricist: Who wrote the lyrics of Fayez Al Saeed's Dig Hewa? (Firas Al Shathar). These identify different works, different institutions or different artist attributes. Both nickname duplicates identified during the review were replaced before freezing this inventory; no retained pair asks the same relation about the same entity."
"gulf_music_v2_154/emirati_music_v2_171","356b2e5a898e81ab5ab4e5d9567fcb4fe65cfc3fe585e343428e3f6753359996","distinct","Assistant inspected song:rahalty:lyricist: Who wrote the lyrics of Abdullah Al Rowaished's Rahalty? (Abdul Latif Al Bannai) against song:sketanak:lyricist: Who wrote the lyrics of Mohamed Al Shehhi's Sket Anak? (Hussain Khamis). These identify different works, different institutions or different artist attributes. Both nickname duplicates identified during the review were replaced before freezing this inventory; no retained pair asks the same relation about the same entity."
"gulf_music_v2_154/emirati_music_v2_172","25f52f988b0ea872f6fafd056e10a4546e87c82af210eddb7d959af8ea3a42a2","distinct","Assistant inspected song:rahalty:lyricist: Who wrote the lyrics of Abdullah Al Rowaished's Rahalty? (Abdul Latif Al Bannai) against song:mestaghreb:lyricist: Who wrote the lyrics of Ahlam's WeMestaghrb? (Abdulrahman Al Othman). These identify different works, different institutions or different artist attributes. Both nickname duplicates identified during the review were replaced before freezing this inventory; no retained pair asks the same relation about the same entity."
"gulf_music_v2_154/emirati_music_v2_174","c067da54909de4b6f8395d8fe9bc25194642b568a79c890021e172f17c990f03","distinct","Assistant inspected song:rahalty:lyricist: Who wrote the lyrics of Abdullah Al Rowaished's Rahalty? (Abdul Latif Al Bannai) against song:entaha:lyricist: Who wrote the lyrics of Balqees's Entaha? (Mshari Al Ibrahim). These identify different works, different institutions or different artist attributes. Both nickname duplicates identified during the review were replaced before freezing this inventory; no retained pair asks the same relation about the same entity."
"gulf_music_v2_154/emirati_music_v2_175","873095be592ae935b2f321b48bbd53dd6a2bbd4ed12a341419180e74251f5486","distinct","Assistant inspected song:rahalty:lyricist: Who wrote the lyrics of Abdullah Al Rowaished's Rahalty? (Abdul Latif Al Bannai) against song:maktoum:lyricist: Who wrote the lyrics of Eida Al Menhali's Maktoum Onwani? (Ahmad Al Marri). These identify different works, different institutions or different artist attributes. Both nickname duplicates identified during the review were replaced before freezing this inventory; no retained pair asks the same relation about the same entity."
"gulf_music_v2_154/emirati_music_v2_180","7296a5019955e7d0497b596f77cf331eea6cd56c3cfb7a77f3e8f045ca54a9ff","distinct","Assistant inspected song:rahalty:lyricist: Who wrote the lyrics of Abdullah Al Rowaished's Rahalty? (Abdul Latif Al Bannai) against song:hazzaaljaw:writer: Who wrote the lyrics of Hazza's Al Jaw Londani? (Ali Al Khawar). These identify different works, different institutions or different artist attributes. Both nickname duplicates identified during the review were replaced before freezing this inventory; no retained pair asks the same relation about the same entity."
"gulf_music_v2_154/emirati_music_v2_181","4a9d6e789c64145b9ff553dae80383fcec8837a79106f013a8c7c7bb78f56baf","distinct","Assistant inspected song:rahalty:lyricist: Who wrote the lyrics of Abdullah Al Rowaished's Rahalty? (Abdul Latif Al Bannai) against song:fayezselfie:writer: Who wrote the lyrics of Fayez Al Saeed's 2014 Selfie? (Turki Al Sharif). These identify different works, different institutions or different artist attributes. Both nickname duplicates identified during the review were replaced before freezing this inventory; no retained pair asks the same relation about the same entity."
"gulf_music_v2_154/emirati_music_v2_190","1caa58eaf1409b6d9642a34f34eb1ffa50409dbaffeb8b8c0cd5596ce36e9ed6","distinct","Assistant inspected song:rahalty:lyricist: Who wrote the lyrics of Abdullah Al Rowaished's Rahalty? (Abdul Latif Al Bannai) against song:qahwawadaa:writer: Who wrote the lyrics of Hussain Al Jassmi's Qahwat Wadaa? (Ahmad bin Thaher). These identify different works, different institutions or different artist attributes. Both nickname duplicates identified during the review were replaced before freezing this inventory; no retained pair asks the same relation about the same entity."
"gulf_music_v2_155/emirati_music_v2_114","c294c45694013261a9b0edc7dda8bdb10f74d06bead96be2a813d081739a235d","distinct","Assistant inspected song:sedqni:lyricist: Who wrote the lyrics of Rabeh Saqer's Sedqni? (Mansour Al Shadi) against song:diplomacy:writer: Who wrote the lyrics of Balqees's Diplomacy? (Aziz El Shaafei). These identify different works, different institutions or different artist attributes. Both nickname duplicates identified during the review were replaced before freezing this inventory; no retained pair asks the same relation about the same entity."
"gulf_music_v2_155/emirati_music_v2_150","160135bc996f78773bf6d03a41036e3ce4fbf5e3801eb109fa522b4b7d5f37ae","distinct","Assistant inspected song:sedqni:lyricist: Who wrote the lyrics of Rabeh Saqer's Sedqni? (Mansour Al Shadi) against song:hathana:lyricist: Who wrote the lyrics of Ahlam's Hatha Ana? (Faisal Mohamed Al Sudairi). These identify different works, different institutions or different artist attributes. Both nickname duplicates identified during the review were replaced before freezing this inventory; no retained pair asks the same relation about the same entity."
"gulf_music_v2_155/emirati_music_v2_172","b48345edb4e1a0f36b95839787834446b490a314716e1bf90ad03b48bcac0bb6","distinct","Assistant inspected song:sedqni:lyricist: Who wrote the lyrics of Rabeh Saqer's Sedqni? (Mansour Al Shadi) against song:mestaghreb:lyricist: Who wrote the lyrics of Ahlam's WeMestaghrb? (Abdulrahman Al Othman). These identify different works, different institutions or different artist attributes. Both nickname duplicates identified during the review were replaced before freezing this inventory; no retained pair asks the same relation about the same entity."
"gulf_music_v2_155/emirati_music_v2_174","f2773dfdad671d69d875343820daf534a37b347ba3f1932e77a77962230c9e64","distinct","Assistant inspected song:sedqni:lyricist: Who wrote the lyrics of Rabeh Saqer's Sedqni? (Mansour Al Shadi) against song:entaha:lyricist: Who wrote the lyrics of Balqees's Entaha? (Mshari Al Ibrahim). These identify different works, different institutions or different artist attributes. Both nickname duplicates identified during the review were replaced before freezing this inventory; no retained pair asks the same relation about the same entity."
"gulf_music_v2_155/emirati_music_v2_184","e818ab028e6d9f0f0c8ccc8a4785d486b63ec3aac144c922aaefba235006f7c0","distinct","Assistant inspected song:sedqni:lyricist: Who wrote the lyrics of Rabeh Saqer's Sedqni? (Mansour Al Shadi) against song:moajaba:writer: Who wrote the lyrics of Shamma Hamdan's Moajaba? (Ahmad Al Sanea). These identify different works, different institutions or different artist attributes. Both nickname duplicates identified during the review were replaced before freezing this inventory; no retained pair asks the same relation about the same entity."
"gulf_music_v2_155/emirati_music_v2_187","2b38fa58833c91bb67f33610f7b2b0affac11a482ab274d40fca25419885e99a","distinct","Assistant inspected song:sedqni:lyricist: Who wrote the lyrics of Rabeh Saqer's Sedqni? (Mansour Al Shadi) against song:wayyakkhedni:writer: Who wrote the lyrics of Balqees's Wayyak Khedni? (Firas Al Habeeb). These identify different works, different institutions or different artist attributes. Both nickname duplicates identified during the review were replaced before freezing this inventory; no retained pair asks the same relation about the same entity."
"gulf_music_v2_161/emirati_music_v2_114","9f5a1794092b181f0e4126cf2a0e4aa56fa5a158699ac840ff4fee6af497d820","distinct","Assistant inspected song:anamasoul:lyricist: Who wrote the lyrics of Nawal's Ana El Masoul? (Mohamed Al Mansour) against song:diplomacy:writer: Who wrote the lyrics of Balqees's Diplomacy? (Aziz El Shaafei). These identify different works, different institutions or different artist attributes. Both nickname duplicates identified during the review were replaced before freezing this inventory; no retained pair asks the same relation about the same entity."
"gulf_music_v2_161/emirati_music_v2_150","f886accfdc1c2fa1f79375e90efff4d78d0150e43b2b412a001f7f83f06b57fd","distinct","Assistant inspected song:anamasoul:lyricist: Who wrote the lyrics of Nawal's Ana El Masoul? (Mohamed Al Mansour) against song:hathana:lyricist: Who wrote the lyrics of Ahlam's Hatha Ana? (Faisal Mohamed Al Sudairi). These identify different works, different institutions or different artist attributes. Both nickname duplicates identified during the review were replaced before freezing this inventory; no retained pair asks the same relation about the same entity."
"gulf_music_v2_161/emirati_music_v2_172","0ff585f3429794de2f3f039599a9f25025aab7f44046d44f30f1c87722b91b26","distinct","Assistant inspected song:anamasoul:lyricist: Who wrote the lyrics of Nawal's Ana El Masoul? (Mohamed Al Mansour) against song:mestaghreb:lyricist: Who wrote the lyrics of Ahlam's WeMestaghrb? (Abdulrahman Al Othman). These identify different works, different institutions or different artist attributes. Both nickname duplicates identified during the review were replaced before freezing this inventory; no retained pair asks the same relation about the same entity."
"gulf_music_v2_161/emirati_music_v2_174","6e3ba2604e97c68af5b9b377836cf3aaaba3071a0e404b3009d54738a30fec35","distinct","Assistant inspected song:anamasoul:lyricist: Who wrote the lyrics of Nawal's Ana El Masoul? (Mohamed Al Mansour) against song:entaha:lyricist: Who wrote the lyrics of Balqees's Entaha? (Mshari Al Ibrahim). These identify different works, different institutions or different artist attributes. Both nickname duplicates identified during the review were replaced before freezing this inventory; no retained pair asks the same relation about the same entity."
"gulf_music_v2_163/emirati_music_v2_079","e6e556449dc12ddc935c81bd69d09b1548b3a60ca29678b9cb0d86c9fbd20ad2","distinct","Assistant inspected song:sikkataweela:lyricist: Who wrote the lyrics of Abadi Al Johar's Sikka Taweela? (Saud Salem) against song:fakadtek:lyricist: Who wrote the lyrics of Hussain Al Jassmi's Fakadtak? (Faisal Al Yami). These identify different works, different institutions or different artist attributes. Both nickname duplicates identified during the review were replaced before freezing this inventory; no retained pair asks the same relation about the same entity."
"gulf_music_v2_163/emirati_music_v2_082","b46de4d8d948da2fa2b756948f9fccb21fbc8736598ef24ab6a413282c70db55","distinct","Assistant inspected song:sikkataweela:lyricist: Who wrote the lyrics of Abadi Al Johar's Sikka Taweela? (Saud Salem) against song:ahebak:lyricist: Who wrote the lyrics of Hussain Al Jassmi's Ahebak? (Ahmad Al Sanea). These identify different works, different institutions or different artist attributes. Both nickname duplicates identified during the review were replaced before freezing this inventory; no retained pair asks the same relation about the same entity."
"gulf_music_v2_163/emirati_music_v2_180","d7e6850f7e0c9abd964b4efcee01951898919407879fd9509ded9e738078319d","distinct","Assistant inspected song:sikkataweela:lyricist: Who wrote the lyrics of Abadi Al Johar's Sikka Taweela? (Saud Salem) against song:hazzaaljaw:writer: Who wrote the lyrics of Hazza's Al Jaw Londani? (Ali Al Khawar). These identify different works, different institutions or different artist attributes. Both nickname duplicates identified during the review were replaced before freezing this inventory; no retained pair asks the same relation about the same entity."
"gulf_music_v2_166/emirati_music_v2_114","64bece6f7ed1d46d5cca5f7de4666b413388cf250bf3480e2985dfe42bdbce06","distinct","Assistant inspected song:maqadir:lyricist: Who wrote the lyrics of Talal Maddah's Maqadir? (Prince Mohammed Al Abdullah Al Faisal) against song:diplomacy:writer: Who wrote the lyrics of Balqees's Diplomacy? (Aziz El Shaafei). These identify different works, different institutions or different artist attributes. Both nickname duplicates identified during the review were replaced before freezing this inventory; no retained pair asks the same relation about the same entity."
"gulf_music_v2_166/emirati_music_v2_150","7f2bcc9f0404d517c7cfe3929af8e9be1e654cda811a49574b56aed18cc5eec6","distinct","Assistant inspected song:maqadir:lyricist: Who wrote the lyrics of Talal Maddah's Maqadir? (Prince Mohammed Al Abdullah Al Faisal) against song:hathana:lyricist: Who wrote the lyrics of Ahlam's Hatha Ana? (Faisal Mohamed Al Sudairi). These identify different works, different institutions or different artist attributes. Both nickname duplicates identified during the review were replaced before freezing this inventory; no retained pair asks the same relation about the same entity."
"gulf_music_v2_166/emirati_music_v2_172","c0b6a0b0a36eadf3ab16c315d2d11ef3d445eff05e78eeff6a773242ea056ee0","distinct","Assistant inspected song:maqadir:lyricist: Who wrote the lyrics of Talal Maddah's Maqadir? (Prince Mohammed Al Abdullah Al Faisal) against song:mestaghreb:lyricist: Who wrote the lyrics of Ahlam's WeMestaghrb? (Abdulrahman Al Othman). These identify different works, different institutions or different artist attributes. Both nickname duplicates identified during the review were replaced before freezing this inventory; no retained pair asks the same relation about the same entity."
"gulf_music_v2_166/emirati_music_v2_174","c1e1e1454abf82283e209758ce750b62391aba12321776e1a0af7e6eef4bd59d","distinct","Assistant inspected song:maqadir:lyricist: Who wrote the lyrics of Talal Maddah's Maqadir? (Prince Mohammed Al Abdullah Al Faisal) against song:entaha:lyricist: Who wrote the lyrics of Balqees's Entaha? (Mshari Al Ibrahim). These identify different works, different institutions or different artist attributes. Both nickname duplicates identified during the review were replaced before freezing this inventory; no retained pair asks the same relation about the same entity."
"gulf_music_v2_166/emirati_music_v2_184","b8f4fb230892ca04278194347d49de2e86cbd76ecf84406ada971ca93f455b28","distinct","Assistant inspected song:maqadir:lyricist: Who wrote the lyrics of Talal Maddah's Maqadir? (Prince Mohammed Al Abdullah Al Faisal) against song:moajaba:writer: Who wrote the lyrics of Shamma Hamdan's Moajaba? (Ahmad Al Sanea). These identify different works, different institutions or different artist attributes. Both nickname duplicates identified during the review were replaced before freezing this inventory; no retained pair asks the same relation about the same entity."
"gulf_music_v2_166/emirati_music_v2_187","15582bd8765352eda8f9ac67cb45119dab6021e313277446ceb2e6aedbdc9a65","distinct","Assistant inspected song:maqadir:lyricist: Who wrote the lyrics of Talal Maddah's Maqadir? (Prince Mohammed Al Abdullah Al Faisal) against song:wayyakkhedni:writer: Who wrote the lyrics of Balqees's Wayyak Khedni? (Firas Al Habeeb). These identify different works, different institutions or different artist attributes. Both nickname duplicates identified during the review were replaced before freezing this inventory; no retained pair asks the same relation about the same entity."
"gulf_music_v2_169/emirati_music_v2_079","6d09e68f1d5f2a40a7f778eb16d12c7f94ac2e2cc32f59ffcf73c1767acd623c","distinct","Assistant inspected song:hekayatnai:lyricist: Who wrote the lyrics of Salah Al Zadjali's Hekayat Nai? (Hameed Al Bloushi) against song:fakadtek:lyricist: Who wrote the lyrics of Hussain Al Jassmi's Fakadtak? (Faisal Al Yami). These identify different works, different institutions or different artist attributes. Both nickname duplicates identified during the review were replaced before freezing this inventory; no retained pair asks the same relation about the same entity."
"gulf_music_v2_169/emirati_music_v2_082","6f31e1f2bba0862312ea6360e1c4751a584ea6d91d570aa46c226ca0671ff1fe","distinct","Assistant inspected song:hekayatnai:lyricist: Who wrote the lyrics of Salah Al Zadjali's Hekayat Nai? (Hameed Al Bloushi) against song:ahebak:lyricist: Who wrote the lyrics of Hussain Al Jassmi's Ahebak? (Ahmad Al Sanea). These identify different works, different institutions or different artist attributes. Both nickname duplicates identified during the review were replaced before freezing this inventory; no retained pair asks the same relation about the same entity."
"gulf_music_v2_169/emirati_music_v2_180","be716a3f6babd8de08709436ee5dcf0c9f9f9d75b6b840dc66f4127ffa46cb88","distinct","Assistant inspected song:hekayatnai:lyricist: Who wrote the lyrics of Salah Al Zadjali's Hekayat Nai? (Hameed Al Bloushi) against song:hazzaaljaw:writer: Who wrote the lyrics of Hazza's Al Jaw Londani? (Ali Al Khawar). These identify different works, different institutions or different artist attributes. Both nickname duplicates identified during the review were replaced before freezing this inventory; no retained pair asks the same relation about the same entity."
"gulf_music_v2_171/emirati_music_v2_079","f1bf35ac9bc384417d59ff07780ef67bd5854060bb76fdc8d621f1061082803d","distinct","Assistant inspected song:nasetni:lyricist: Who wrote the lyrics of Ayed's Nasetni? (Fahad Al Mosaed) against song:fakadtek:lyricist: Who wrote the lyrics of Hussain Al Jassmi's Fakadtak? (Faisal Al Yami). These identify different works, different institutions or different artist attributes. Both nickname duplicates identified during the review were replaced before freezing this inventory; no retained pair asks the same relation about the same entity."
"gulf_music_v2_171/emirati_music_v2_082","352884344e0a99dce148ac673a158adfdc3c77d8661b199a3cc2fdde02c1a741","distinct","Assistant inspected song:nasetni:lyricist: Who wrote the lyrics of Ayed's Nasetni? (Fahad Al Mosaed) against song:ahebak:lyricist: Who wrote the lyrics of Hussain Al Jassmi's Ahebak? (Ahmad Al Sanea). These identify different works, different institutions or different artist attributes. Both nickname duplicates identified during the review were replaced before freezing this inventory; no retained pair asks the same relation about the same entity."
"gulf_music_v2_171/emirati_music_v2_114","9fc31c867d3d648a3ee3283990c0f6a30ecc823e06e82ba96c9877cfa18552dc","distinct","Assistant inspected song:nasetni:lyricist: Who wrote the lyrics of Ayed's Nasetni? (Fahad Al Mosaed) against song:diplomacy:writer: Who wrote the lyrics of Balqees's Diplomacy? (Aziz El Shaafei). These identify different works, different institutions or different artist attributes. Both nickname duplicates identified during the review were replaced before freezing this inventory; no retained pair asks the same relation about the same entity."
"gulf_music_v2_171/emirati_music_v2_150","33494136a2adaaf7260497ca2da78ce8e1c428423de45e8fdc5f7ac0318d6897","distinct","Assistant inspected song:nasetni:lyricist: Who wrote the lyrics of Ayed's Nasetni? (Fahad Al Mosaed) against song:hathana:lyricist: Who wrote the lyrics of Ahlam's Hatha Ana? (Faisal Mohamed Al Sudairi). These identify different works, different institutions or different artist attributes. Both nickname duplicates identified during the review were replaced before freezing this inventory; no retained pair asks the same relation about the same entity."
"gulf_music_v2_171/emirati_music_v2_159","1d7d7ed841224decf5bcd647bfa7edf59ea6aa43461e3bfac16e74a0788b1152","distinct","Assistant inspected song:nasetni:lyricist: Who wrote the lyrics of Ayed's Nasetni? (Fahad Al Mosaed) against song:lawahasayef:poet: Who wrote the lyrics of Aryam's La Wa Hasayef? (Khaled bin Saud Al Kabeer). These identify different works, different institutions or different artist attributes. Both nickname duplicates identified during the review were replaced before freezing this inventory; no retained pair asks the same relation about the same entity."
"gulf_music_v2_171/emirati_music_v2_172","f7f6cbaa29a1c1a60b63f2c7e472fc29a4d79fca07f04f9662c64f1de7b59d67","distinct","Assistant inspected song:nasetni:lyricist: Who wrote the lyrics of Ayed's Nasetni? (Fahad Al Mosaed) against song:mestaghreb:lyricist: Who wrote the lyrics of Ahlam's WeMestaghrb? (Abdulrahman Al Othman). These identify different works, different institutions or different artist attributes. Both nickname duplicates identified during the review were replaced before freezing this inventory; no retained pair asks the same relation about the same entity."
"gulf_music_v2_171/emirati_music_v2_174","59aa9d5d911c3af766366efcfc24007ebd54428a6f2e7d7013c7797f7a9c2496","distinct","Assistant inspected song:nasetni:lyricist: Who wrote the lyrics of Ayed's Nasetni? (Fahad Al Mosaed) against song:entaha:lyricist: Who wrote the lyrics of Balqees's Entaha? (Mshari Al Ibrahim). These identify different works, different institutions or different artist attributes. Both nickname duplicates identified during the review were replaced before freezing this inventory; no retained pair asks the same relation about the same entity."
"gulf_music_v2_171/emirati_music_v2_180","5172d2051d03964c9ba65b24e411fb9b21ccf756c173dedf0d5a01ccb7a2148c","distinct","Assistant inspected song:nasetni:lyricist: Who wrote the lyrics of Ayed's Nasetni? (Fahad Al Mosaed) against song:hazzaaljaw:writer: Who wrote the lyrics of Hazza's Al Jaw Londani? (Ali Al Khawar). These identify different works, different institutions or different artist attributes. Both nickname duplicates identified during the review were replaced before freezing this inventory; no retained pair asks the same relation about the same entity."
"gulf_music_v2_171/emirati_music_v2_183","64c6b0137a8b025057b47795efff492fec39a687dac89b714717976497b6071c","distinct","Assistant inspected song:nasetni:lyricist: Who wrote the lyrics of Ayed's Nasetni? (Fahad Al Mosaed) against song:malhoufa:writer: Who wrote the lyrics of Ahlam's Malhofa Le Soutak? (Ahmad Alawi). These identify different works, different institutions or different artist attributes. Both nickname duplicates identified during the review were replaced before freezing this inventory; no retained pair asks the same relation about the same entity."
"gulf_music_v2_171/emirati_music_v2_184","ca40d04759411882f29c323f3ed691c26a9d6dd6606e76c885d084f215bda07e","distinct","Assistant inspected song:nasetni:lyricist: Who wrote the lyrics of Ayed's Nasetni? (Fahad Al Mosaed) against song:moajaba:writer: Who wrote the lyrics of Shamma Hamdan's Moajaba? (Ahmad Al Sanea). These identify different works, different institutions or different artist attributes. Both nickname duplicates identified during the review were replaced before freezing this inventory; no retained pair asks the same relation about the same entity."
"gulf_music_v2_171/emirati_music_v2_187","da0576240320d5e652d61b8c85d8d6d70a2d1cdbf28a4bc014a53c4cb8f8faad","distinct","Assistant inspected song:nasetni:lyricist: Who wrote the lyrics of Ayed's Nasetni? (Fahad Al Mosaed) against song:wayyakkhedni:writer: Who wrote the lyrics of Balqees's Wayyak Khedni? (Firas Al Habeeb). These identify different works, different institutions or different artist attributes. Both nickname duplicates identified during the review were replaced before freezing this inventory; no retained pair asks the same relation about the same entity."
"gulf_music_v2_171/emirati_music_v2_199","98c1694f3165a92a1f88c2fdd2a976f37ac6280de7018e0a3648b079bd9bd1c5","distinct","Assistant inspected song:nasetni:lyricist: Who wrote the lyrics of Ayed's Nasetni? (Fahad Al Mosaed) against song:shammaaheb:writer: Who wrote the lyrics of Shamma Hamdan's 2016 Ahebk? (Ahmad Al Sanea). These identify different works, different institutions or different artist attributes. Both nickname duplicates identified during the review were replaced before freezing this inventory; no retained pair asks the same relation about the same entity."
"gulf_music_v2_174/emirati_music_v2_079","2caea482e98cac75e364fc3e0a03bef442ac0b8e07dc49b574aba6952d7d9529","distinct","Assistant inspected song:qulubsahiya:lyricist: Who wrote the lyrics of Nawal's Al Quloub Al Sahiya? (Yousef Al Sabri) against song:fakadtek:lyricist: Who wrote the lyrics of Hussain Al Jassmi's Fakadtak? (Faisal Al Yami). These identify different works, different institutions or different artist attributes. Both nickname duplicates identified during the review were replaced before freezing this inventory; no retained pair asks the same relation about the same entity."
"gulf_music_v2_174/emirati_music_v2_082","b7941f78a2e86173d03de50d7486ffd78153361fcd5212e875c367a4a5118def","distinct","Assistant inspected song:qulubsahiya:lyricist: Who wrote the lyrics of Nawal's Al Quloub Al Sahiya? (Yousef Al Sabri) against song:ahebak:lyricist: Who wrote the lyrics of Hussain Al Jassmi's Ahebak? (Ahmad Al Sanea). These identify different works, different institutions or different artist attributes. Both nickname duplicates identified during the review were replaced before freezing this inventory; no retained pair asks the same relation about the same entity."
"gulf_music_v2_174/emirati_music_v2_097","23b8e41937d4dbe9d157174bf3a30a0eb490cb9bc1d7b602106be74a0e92715d","distinct","Assistant inspected song:qulubsahiya:lyricist: Who wrote the lyrics of Nawal's Al Quloub Al Sahiya? (Yousef Al Sabri) against song:yamarini:lyricist: Who wrote the lyrics of Eida Al Menhali's Yamarini Tarik? (Saeed Al Rumaithi). These identify different works, different institutions or different artist attributes. Both nickname duplicates identified during the review were replaced before freezing this inventory; no retained pair asks the same relation about the same entity."
"gulf_music_v2_174/emirati_music_v2_114","fe176e69eb325635b17df091f2e4bf2cf251a1183cfde2d075cb747ff3a1da30","distinct","Assistant inspected song:qulubsahiya:lyricist: Who wrote the lyrics of Nawal's Al Quloub Al Sahiya? (Yousef Al Sabri) against song:diplomacy:writer: Who wrote the lyrics of Balqees's Diplomacy? (Aziz El Shaafei). These identify different works, different institutions or different artist attributes. Both nickname duplicates identified during the review were replaced before freezing this inventory; no retained pair asks the same relation about the same entity."
"gulf_music_v2_174/emirati_music_v2_146","5fa26e4322bdba430a90d0141b2e7a881b9c1b220d53d8f8d295dfec721de049","distinct","Assistant inspected song:qulubsahiya:lyricist: Who wrote the lyrics of Nawal's Al Quloub Al Sahiya? (Yousef Al Sabri) against song:kashf:lyricist: Who wrote the lyrics of Mohamed Al Shehhi's Kashf Al Mahabba? (Ali Al Omari). These identify different works, different institutions or different artist attributes. Both nickname duplicates identified during the review were replaced before freezing this inventory; no retained pair asks the same relation about the same entity."
"gulf_music_v2_174/emirati_music_v2_148","90f508e3984cabcf10a0dc3a257de7e3f5e897f6ceaf5ecd344f54e93986c123","distinct","Assistant inspected song:qulubsahiya:lyricist: Who wrote the lyrics of Nawal's Al Quloub Al Sahiya? (Yousef Al Sabri) against song:dighewa:lyricist: Who wrote the lyrics of Fayez Al Saeed's Dig Hewa? (Firas Al Shathar). These identify different works, different institutions or different artist attributes. Both nickname duplicates identified during the review were replaced before freezing this inventory; no retained pair asks the same relation about the same entity."
"gulf_music_v2_174/emirati_music_v2_171","f3c2f6e0f47bed5f3b9d348a1c8620d038d193912a6b1e64fd9d04af4fac42f2","distinct","Assistant inspected song:qulubsahiya:lyricist: Who wrote the lyrics of Nawal's Al Quloub Al Sahiya? (Yousef Al Sabri) against song:sketanak:lyricist: Who wrote the lyrics of Mohamed Al Shehhi's Sket Anak? (Hussain Khamis). These identify different works, different institutions or different artist attributes. Both nickname duplicates identified during the review were replaced before freezing this inventory; no retained pair asks the same relation about the same entity."
"gulf_music_v2_174/emirati_music_v2_172","632adf5750acaacb101659dd141a0c4f74456594222e88aca85edce7ec6a5c8e","distinct","Assistant inspected song:qulubsahiya:lyricist: Who wrote the lyrics of Nawal's Al Quloub Al Sahiya? (Yousef Al Sabri) against song:mestaghreb:lyricist: Who wrote the lyrics of Ahlam's WeMestaghrb? (Abdulrahman Al Othman). These identify different works, different institutions or different artist attributes. Both nickname duplicates identified during the review were replaced before freezing this inventory; no retained pair asks the same relation about the same entity."
"gulf_music_v2_174/emirati_music_v2_174","354948703140706fcad1a653d0111747f56785984319c2018f61e0624114ac7c","distinct","Assistant inspected song:qulubsahiya:lyricist: Who wrote the lyrics of Nawal's Al Quloub Al Sahiya? (Yousef Al Sabri) against song:entaha:lyricist: Who wrote the lyrics of Balqees's Entaha? (Mshari Al Ibrahim). These identify different works, different institutions or different artist attributes. Both nickname duplicates identified during the review were replaced before freezing this inventory; no retained pair asks the same relation about the same entity."
"gulf_music_v2_174/emirati_music_v2_175","47a04441f915bf0a0d47ad69232e96961615085db524f153e27210fb7b68aa09","distinct","Assistant inspected song:qulubsahiya:lyricist: Who wrote the lyrics of Nawal's Al Quloub Al Sahiya? (Yousef Al Sabri) against song:maktoum:lyricist: Who wrote the lyrics of Eida Al Menhali's Maktoum Onwani? (Ahmad Al Marri). These identify different works, different institutions or different artist attributes. Both nickname duplicates identified during the review were replaced before freezing this inventory; no retained pair asks the same relation about the same entity."
"gulf_music_v2_174/emirati_music_v2_180","4d6476843655e9954123f84c53b9c9b10b2ddd4e47ee41dacb5a7c84581456d6","distinct","Assistant inspected song:qulubsahiya:lyricist: Who wrote the lyrics of Nawal's Al Quloub Al Sahiya? (Yousef Al Sabri) against song:hazzaaljaw:writer: Who wrote the lyrics of Hazza's Al Jaw Londani? (Ali Al Khawar). These identify different works, different institutions or different artist attributes. Both nickname duplicates identified during the review were replaced before freezing this inventory; no retained pair asks the same relation about the same entity."
"gulf_music_v2_174/emirati_music_v2_181","b7666b3c1ae2e45cff413002cb904d88c3cda16b690c845cd85023c72e9d86a7","distinct","Assistant inspected song:qulubsahiya:lyricist: Who wrote the lyrics of Nawal's Al Quloub Al Sahiya? (Yousef Al Sabri) against song:fayezselfie:writer: Who wrote the lyrics of Fayez Al Saeed's 2014 Selfie? (Turki Al Sharif). These identify different works, different institutions or different artist attributes. Both nickname duplicates identified during the review were replaced before freezing this inventory; no retained pair asks the same relation about the same entity."
"gulf_music_v2_174/emirati_music_v2_190","a94d7c748efea24ab70fa1d2319c81fda8f588b117d9784af8e66d4703ad5176","distinct","Assistant inspected song:qulubsahiya:lyricist: Who wrote the lyrics of Nawal's Al Quloub Al Sahiya? (Yousef Al Sabri) against song:qahwawadaa:writer: Who wrote the lyrics of Hussain Al Jassmi's Qahwat Wadaa? (Ahmad bin Thaher). These identify different works, different institutions or different artist attributes. Both nickname duplicates identified during the review were replaced before freezing this inventory; no retained pair asks the same relation about the same entity."
"gulf_music_v2_183/emirati_music_v2_079","6bdbf98f37fb869c642c809621758e0425a2855b6c1f0562c1f3ebdfc3c625b5","distinct","Assistant inspected song:methelqalbk:lyricist: Who wrote the lyrics of Rashed Al Majid's Methel Qalbk? (Turki Al Sheikh) against song:fakadtek:lyricist: Who wrote the lyrics of Hussain Al Jassmi's Fakadtak? (Faisal Al Yami). These identify different works, different institutions or different artist attributes. Both nickname duplicates identified during the review were replaced before freezing this inventory; no retained pair asks the same relation about the same entity."
"gulf_music_v2_183/emirati_music_v2_082","aeacb5e56eed9ea24ba6bb04d0123f4423fbf4d3702039bb80d9eb052806e67f","distinct","Assistant inspected song:methelqalbk:lyricist: Who wrote the lyrics of Rashed Al Majid's Methel Qalbk? (Turki Al Sheikh) against song:ahebak:lyricist: Who wrote the lyrics of Hussain Al Jassmi's Ahebak? (Ahmad Al Sanea). These identify different works, different institutions or different artist attributes. Both nickname duplicates identified during the review were replaced before freezing this inventory; no retained pair asks the same relation about the same entity."
"gulf_music_v2_183/emirati_music_v2_180","76c7774bd79f12a173b8fe82f3ccbc8e20fd9cd5eaae51c1dee3fd0d31ed802a","distinct","Assistant inspected song:methelqalbk:lyricist: Who wrote the lyrics of Rashed Al Majid's Methel Qalbk? (Turki Al Sheikh) against song:hazzaaljaw:writer: Who wrote the lyrics of Hazza's Al Jaw Londani? (Ali Al Khawar). These identify different works, different institutions or different artist attributes. Both nickname duplicates identified during the review were replaced before freezing this inventory; no retained pair asks the same relation about the same entity."
"gulf_music_v2_184/emirati_music_v2_079","f5f6676e694069fc33271694fda408596e4901e7c8fd44b05f4b01ffa4ca3ba2","distinct","Assistant inspected song:tahadedninawal:lyricist: Who wrote the lyrics of Nawal's Tahadedni? (Saud Al Shubrmi) against song:fakadtek:lyricist: Who wrote the lyrics of Hussain Al Jassmi's Fakadtak? (Faisal Al Yami). These identify different works, different institutions or different artist attributes. Both nickname duplicates identified during the review were replaced before freezing this inventory; no retained pair asks the same relation about the same entity."
"gulf_music_v2_184/emirati_music_v2_082","2e024e48bc7e414c891fca4f49eeb24936c9889ca542294507cba36270c29aa8","distinct","Assistant inspected song:tahadedninawal:lyricist: Who wrote the lyrics of Nawal's Tahadedni? (Saud Al Shubrmi) against song:ahebak:lyricist: Who wrote the lyrics of Hussain Al Jassmi's Ahebak? (Ahmad Al Sanea). These identify different works, different institutions or different artist attributes. Both nickname duplicates identified during the review were replaced before freezing this inventory; no retained pair asks the same relation about the same entity."
"gulf_music_v2_184/emirati_music_v2_114","f70072db1874c016c586b937339b1feaf59b59890b04e1ef15b23f54e762a9d0","distinct","Assistant inspected song:tahadedninawal:lyricist: Who wrote the lyrics of Nawal's Tahadedni? (Saud Al Shubrmi) against song:diplomacy:writer: Who wrote the lyrics of Balqees's Diplomacy? (Aziz El Shaafei). These identify different works, different institutions or different artist attributes. Both nickname duplicates identified during the review were replaced before freezing this inventory; no retained pair asks the same relation about the same entity."
"gulf_music_v2_184/emirati_music_v2_150","817a7ac28c827df6d6c4202f17ec404f6a932c18b1dcc217d6e78554bf31e746","distinct","Assistant inspected song:tahadedninawal:lyricist: Who wrote the lyrics of Nawal's Tahadedni? (Saud Al Shubrmi) against song:hathana:lyricist: Who wrote the lyrics of Ahlam's Hatha Ana? (Faisal Mohamed Al Sudairi). These identify different works, different institutions or different artist attributes. Both nickname duplicates identified during the review were replaced before freezing this inventory; no retained pair asks the same relation about the same entity."
"gulf_music_v2_184/emirati_music_v2_159","262ed817cd7f808f78e46fb810f8764c4246be4d97842e6396db0498ee758dc6","distinct","Assistant inspected song:tahadedninawal:lyricist: Who wrote the lyrics of Nawal's Tahadedni? (Saud Al Shubrmi) against song:lawahasayef:poet: Who wrote the lyrics of Aryam's La Wa Hasayef? (Khaled bin Saud Al Kabeer). These identify different works, different institutions or different artist attributes. Both nickname duplicates identified during the review were replaced before freezing this inventory; no retained pair asks the same relation about the same entity."
"gulf_music_v2_184/emirati_music_v2_172","2ad53b40c1337092595db3c0982abb41a6bf3eb14510ffcea2f343a55a470c48","distinct","Assistant inspected song:tahadedninawal:lyricist: Who wrote the lyrics of Nawal's Tahadedni? (Saud Al Shubrmi) against song:mestaghreb:lyricist: Who wrote the lyrics of Ahlam's WeMestaghrb? (Abdulrahman Al Othman). These identify different works, different institutions or different artist attributes. Both nickname duplicates identified during the review were replaced before freezing this inventory; no retained pair asks the same relation about the same entity."
"gulf_music_v2_184/emirati_music_v2_174","8f6e7782667132ef57df7bf556fd974db944530cfe354394ce8918c92a89b509","distinct","Assistant inspected song:tahadedninawal:lyricist: Who wrote the lyrics of Nawal's Tahadedni? (Saud Al Shubrmi) against song:entaha:lyricist: Who wrote the lyrics of Balqees's Entaha? (Mshari Al Ibrahim). These identify different works, different institutions or different artist attributes. Both nickname duplicates identified during the review were replaced before freezing this inventory; no retained pair asks the same relation about the same entity."
"gulf_music_v2_184/emirati_music_v2_180","fa01957e503c5079c67e1670c36877f508c2fc0180327824e3afb07d93ac2404","distinct","Assistant inspected song:tahadedninawal:lyricist: Who wrote the lyrics of Nawal's Tahadedni? (Saud Al Shubrmi) against song:hazzaaljaw:writer: Who wrote the lyrics of Hazza's Al Jaw Londani? (Ali Al Khawar). These identify different works, different institutions or different artist attributes. Both nickname duplicates identified during the review were replaced before freezing this inventory; no retained pair asks the same relation about the same entity."
"gulf_music_v2_184/emirati_music_v2_183","855cc27b2cd7b0b2df7c2cf995ffe6a11ddb274f9aa4b1f54e3e2277ea04248a","distinct","Assistant inspected song:tahadedninawal:lyricist: Who wrote the lyrics of Nawal's Tahadedni? (Saud Al Shubrmi) against song:malhoufa:writer: Who wrote the lyrics of Ahlam's Malhofa Le Soutak? (Ahmad Alawi). These identify different works, different institutions or different artist attributes. Both nickname duplicates identified during the review were replaced before freezing this inventory; no retained pair asks the same relation about the same entity."
"gulf_music_v2_184/emirati_music_v2_184","e0db138dad6989accb85571fc298dc7cfef680ade4c9a11461be06cbe4abe4b3","distinct","Assistant inspected song:tahadedninawal:lyricist: Who wrote the lyrics of Nawal's Tahadedni? (Saud Al Shubrmi) against song:moajaba:writer: Who wrote the lyrics of Shamma Hamdan's Moajaba? (Ahmad Al Sanea). These identify different works, different institutions or different artist attributes. Both nickname duplicates identified during the review were replaced before freezing this inventory; no retained pair asks the same relation about the same entity."
"gulf_music_v2_184/emirati_music_v2_187","1e0a8538ef9bb8bf9c647dfde63c4ff1d1649fc76dc50851ba27f88a2f4b5679","distinct","Assistant inspected song:tahadedninawal:lyricist: Who wrote the lyrics of Nawal's Tahadedni? (Saud Al Shubrmi) against song:wayyakkhedni:writer: Who wrote the lyrics of Balqees's Wayyak Khedni? (Firas Al Habeeb). These identify different works, different institutions or different artist attributes. Both nickname duplicates identified during the review were replaced before freezing this inventory; no retained pair asks the same relation about the same entity."
"gulf_music_v2_184/emirati_music_v2_199","1afa08cf5293abc6f816cb11459be466cc9fb11da53e9e7b00c0d3d43dbc0dae","distinct","Assistant inspected song:tahadedninawal:lyricist: Who wrote the lyrics of Nawal's Tahadedni? (Saud Al Shubrmi) against song:shammaaheb:writer: Who wrote the lyrics of Shamma Hamdan's 2016 Ahebk? (Ahmad Al Sanea). These identify different works, different institutions or different artist attributes. Both nickname duplicates identified during the review were replaced before freezing this inventory; no retained pair asks the same relation about the same entity."
"gulf_music_v2_185/emirati_music_v2_114","8468459b08622dda65dfeea50afb6fa6eac7cfb5fe7e9ceb4e3f019127d27d5e","distinct","Assistant inspected song:esmaani:lyricist: Who wrote the lyrics of Abdul Majeed Abdullah's Esmaani? (Saud bin Mohammed Al Abdullah) against song:diplomacy:writer: Who wrote the lyrics of Balqees's Diplomacy? (Aziz El Shaafei). These identify different works, different institutions or different artist attributes. Both nickname duplicates identified during the review were replaced before freezing this inventory; no retained pair asks the same relation about the same entity."
"gulf_music_v2_185/emirati_music_v2_172","ee090517ac13321944dbc332de7df237e9447e485f4b423e78f43b92e2a1a1e5","distinct","Assistant inspected song:esmaani:lyricist: Who wrote the lyrics of Abdul Majeed Abdullah's Esmaani? (Saud bin Mohammed Al Abdullah) against song:mestaghreb:lyricist: Who wrote the lyrics of Ahlam's WeMestaghrb? (Abdulrahman Al Othman). These identify different works, different institutions or different artist attributes. Both nickname duplicates identified during the review were replaced before freezing this inventory; no retained pair asks the same relation about the same entity."
"gulf_music_v2_185/emirati_music_v2_174","c50243406724713c2e6c70d46f5e6334b0aacf98aa52b50a13c4aecc56707667","distinct","Assistant inspected song:esmaani:lyricist: Who wrote the lyrics of Abdul Majeed Abdullah's Esmaani? (Saud bin Mohammed Al Abdullah) against song:entaha:lyricist: Who wrote the lyrics of Balqees's Entaha? (Mshari Al Ibrahim). These identify different works, different institutions or different artist attributes. Both nickname duplicates identified during the review were replaced before freezing this inventory; no retained pair asks the same relation about the same entity."
"gulf_music_v2_186/emirati_music_v2_114","c9b7f8e39dc3fbdc88c5e2c4b7eac8eece56d4a7826c19c4ec3a344b322dd8ef","distinct","Assistant inspected song:ygolon:lyricist: Who wrote the lyrics of Nabeel Shuail's Ygolon? (Ahmad Al Sanea) against song:diplomacy:writer: Who wrote the lyrics of Balqees's Diplomacy? (Aziz El Shaafei). These identify different works, different institutions or different artist attributes. Both nickname duplicates identified during the review were replaced before freezing this inventory; no retained pair asks the same relation about the same entity."
"gulf_music_v2_186/emirati_music_v2_150","a2e3b7062ed073d900194aa81210b24747fbbfcf1af5778ce839732710923a6d","distinct","Assistant inspected song:ygolon:lyricist: Who wrote the lyrics of Nabeel Shuail's Ygolon? (Ahmad Al Sanea) against song:hathana:lyricist: Who wrote the lyrics of Ahlam's Hatha Ana? (Faisal Mohamed Al Sudairi). These identify different works, different institutions or different artist attributes. Both nickname duplicates identified during the review were replaced before freezing this inventory; no retained pair asks the same relation about the same entity."
"gulf_music_v2_186/emirati_music_v2_172","3221043a563c8f43ffcccb22a5fea5567558584e1b6f350be591a704ad67b822","distinct","Assistant inspected song:ygolon:lyricist: Who wrote the lyrics of Nabeel Shuail's Ygolon? (Ahmad Al Sanea) against song:mestaghreb:lyricist: Who wrote the lyrics of Ahlam's WeMestaghrb? (Abdulrahman Al Othman). These identify different works, different institutions or different artist attributes. Both nickname duplicates identified during the review were replaced before freezing this inventory; no retained pair asks the same relation about the same entity."
"gulf_music_v2_186/emirati_music_v2_174","ee50520bdcc7d14ec3bc2ede7f7beb7d0bbfab5915b849971ec04a75cd3bdd71","distinct","Assistant inspected song:ygolon:lyricist: Who wrote the lyrics of Nabeel Shuail's Ygolon? (Ahmad Al Sanea) against song:entaha:lyricist: Who wrote the lyrics of Balqees's Entaha? (Mshari Al Ibrahim). These identify different works, different institutions or different artist attributes. Both nickname duplicates identified during the review were replaced before freezing this inventory; no retained pair asks the same relation about the same entity."
"gulf_music_v2_186/emirati_music_v2_184","2558be62d4528b4d78099799d1c0a263a3e9179f3501fd58b1ab9c930c7a3f06","distinct","Assistant inspected song:ygolon:lyricist: Who wrote the lyrics of Nabeel Shuail's Ygolon? (Ahmad Al Sanea) against song:moajaba:writer: Who wrote the lyrics of Shamma Hamdan's Moajaba? (Ahmad Al Sanea). These identify different works, different institutions or different artist attributes. Both nickname duplicates identified during the review were replaced before freezing this inventory; no retained pair asks the same relation about the same entity."
"gulf_music_v2_186/emirati_music_v2_187","cb791aca712d06cbbf89149c3c5d608110441cb66233a09db7b918446d8d3614","distinct","Assistant inspected song:ygolon:lyricist: Who wrote the lyrics of Nabeel Shuail's Ygolon? (Ahmad Al Sanea) against song:wayyakkhedni:writer: Who wrote the lyrics of Balqees's Wayyak Khedni? (Firas Al Habeeb). These identify different works, different institutions or different artist attributes. Both nickname duplicates identified during the review were replaced before freezing this inventory; no retained pair asks the same relation about the same entity."
"gulf_music_v2_190/emirati_music_v2_114","99c160fa312769caf25b429a18e26b86a13ea0eb52a5a2b8b556d4e6960a87b2","distinct","Assistant inspected song:lelatkhamis:lyricist: Who wrote the lyrics of Mohammed Abdu's Lelat Khamis? (Prince Khaled bin Yazid) against song:diplomacy:writer: Who wrote the lyrics of Balqees's Diplomacy? (Aziz El Shaafei). These identify different works, different institutions or different artist attributes. Both nickname duplicates identified during the review were replaced before freezing this inventory; no retained pair asks the same relation about the same entity."
"gulf_music_v2_190/emirati_music_v2_172","e9e17e9c6ed0138b9a956f3055391401a526e69ef1daafc96324293fa150cd23","distinct","Assistant inspected song:lelatkhamis:lyricist: Who wrote the lyrics of Mohammed Abdu's Lelat Khamis? (Prince Khaled bin Yazid) against song:mestaghreb:lyricist: Who wrote the lyrics of Ahlam's WeMestaghrb? (Abdulrahman Al Othman). These identify different works, different institutions or different artist attributes. Both nickname duplicates identified during the review were replaced before freezing this inventory; no retained pair asks the same relation about the same entity."
"gulf_music_v2_190/emirati_music_v2_174","d927b6bc8aef409584b39e6fed134e71127146b54cbd85ba6a00d835cf48d6de","distinct","Assistant inspected song:lelatkhamis:lyricist: Who wrote the lyrics of Mohammed Abdu's Lelat Khamis? (Prince Khaled bin Yazid) against song:entaha:lyricist: Who wrote the lyrics of Balqees's Entaha? (Mshari Al Ibrahim). These identify different works, different institutions or different artist attributes. Both nickname duplicates identified during the review were replaced before freezing this inventory; no retained pair asks the same relation about the same entity."
"gulf_music_v2_193/emirati_music_v2_114","c0de50bbed1bfd942d2d865e53fe5fb4335bb88c9398a87d4d1064f7d39ecf2a","distinct","Assistant inspected song:mozhela:lyricist: Who wrote the lyrics of Mohammed Abdu's Mozhela? (Prince Abdulrahman bin Musaed) against song:diplomacy:writer: Who wrote the lyrics of Balqees's Diplomacy? (Aziz El Shaafei). These identify different works, different institutions or different artist attributes. Both nickname duplicates identified during the review were replaced before freezing this inventory; no retained pair asks the same relation about the same entity."
"gulf_music_v2_193/emirati_music_v2_146","f9bd1177203f515c6f59f83ea3a9781fafd9d318f23a641370af32946b37f9d4","distinct","Assistant inspected song:mozhela:lyricist: Who wrote the lyrics of Mohammed Abdu's Mozhela? (Prince Abdulrahman bin Musaed) against song:kashf:lyricist: Who wrote the lyrics of Mohamed Al Shehhi's Kashf Al Mahabba? (Ali Al Omari). These identify different works, different institutions or different artist attributes. Both nickname duplicates identified during the review were replaced before freezing this inventory; no retained pair asks the same relation about the same entity."
"gulf_music_v2_193/emirati_music_v2_150","9ebbb34e77cf44fa45c9b6bea3bf893142a8d6f58f93bb727cbededd17d6034a","distinct","Assistant inspected song:mozhela:lyricist: Who wrote the lyrics of Mohammed Abdu's Mozhela? (Prince Abdulrahman bin Musaed) against song:hathana:lyricist: Who wrote the lyrics of Ahlam's Hatha Ana? (Faisal Mohamed Al Sudairi). These identify different works, different institutions or different artist attributes. Both nickname duplicates identified during the review were replaced before freezing this inventory; no retained pair asks the same relation about the same entity."
"gulf_music_v2_193/emirati_music_v2_171","1661a4fac30b2d6fa61c83b9e034554f05bc4723bf5763c7d8f11d1eb65f422a","distinct","Assistant inspected song:mozhela:lyricist: Who wrote the lyrics of Mohammed Abdu's Mozhela? (Prince Abdulrahman bin Musaed) against song:sketanak:lyricist: Who wrote the lyrics of Mohamed Al Shehhi's Sket Anak? (Hussain Khamis). These identify different works, different institutions or different artist attributes. Both nickname duplicates identified during the review were replaced before freezing this inventory; no retained pair asks the same relation about the same entity."
"gulf_music_v2_193/emirati_music_v2_172","d5290196254e16f4f7329db0f9bbcc37625912ff5b4a5da3e9c76b4af0ed72af","distinct","Assistant inspected song:mozhela:lyricist: Who wrote the lyrics of Mohammed Abdu's Mozhela? (Prince Abdulrahman bin Musaed) against song:mestaghreb:lyricist: Who wrote the lyrics of Ahlam's WeMestaghrb? (Abdulrahman Al Othman). These identify different works, different institutions or different artist attributes. Both nickname duplicates identified during the review were replaced before freezing this inventory; no retained pair asks the same relation about the same entity."
"gulf_music_v2_193/emirati_music_v2_174","f4eaed8053af0facbe391cc4851f2d7453dfff30b5645e247215d298148df225","distinct","Assistant inspected song:mozhela:lyricist: Who wrote the lyrics of Mohammed Abdu's Mozhela? (Prince Abdulrahman bin Musaed) against song:entaha:lyricist: Who wrote the lyrics of Balqees's Entaha? (Mshari Al Ibrahim). These identify different works, different institutions or different artist attributes. Both nickname duplicates identified during the review were replaced before freezing this inventory; no retained pair asks the same relation about the same entity."
"gulf_music_v2_193/emirati_music_v2_184","1d1011c5c59ddd772ed4bf9406d75dc25cad491b12ff0c5a63ff457994a2f26e","distinct","Assistant inspected song:mozhela:lyricist: Who wrote the lyrics of Mohammed Abdu's Mozhela? (Prince Abdulrahman bin Musaed) against song:moajaba:writer: Who wrote the lyrics of Shamma Hamdan's Moajaba? (Ahmad Al Sanea). These identify different works, different institutions or different artist attributes. Both nickname duplicates identified during the review were replaced before freezing this inventory; no retained pair asks the same relation about the same entity."
"gulf_music_v2_193/emirati_music_v2_187","83248d4dcc81d55316814b8d6d9db2319c68719499759245ba0c83244f0dac6c","distinct","Assistant inspected song:mozhela:lyricist: Who wrote the lyrics of Mohammed Abdu's Mozhela? (Prince Abdulrahman bin Musaed) against song:wayyakkhedni:writer: Who wrote the lyrics of Balqees's Wayyak Khedni? (Firas Al Habeeb). These identify different works, different institutions or different artist attributes. Both nickname duplicates identified during the review were replaced before freezing this inventory; no retained pair asks the same relation about the same entity."
"gulf_music_v2_194/emirati_music_v2_079","bd9f0cdced0bae01a68834a338e769d7d26ef8c648f7d9027dc0964ac6178327","distinct","Assistant inspected song:absher:lyricist: Who wrote the lyrics of Rashed Al Majid's Absher? (Rashed bin Juaythen) against song:fakadtek:lyricist: Who wrote the lyrics of Hussain Al Jassmi's Fakadtak? (Faisal Al Yami). These identify different works, different institutions or different artist attributes. Both nickname duplicates identified during the review were replaced before freezing this inventory; no retained pair asks the same relation about the same entity."
"gulf_music_v2_194/emirati_music_v2_082","a60cf476e81e7578f0a9242a0998414e59f1207c84fa661c2fea02a19d43cc2a","distinct","Assistant inspected song:absher:lyricist: Who wrote the lyrics of Rashed Al Majid's Absher? (Rashed bin Juaythen) against song:ahebak:lyricist: Who wrote the lyrics of Hussain Al Jassmi's Ahebak? (Ahmad Al Sanea). These identify different works, different institutions or different artist attributes. Both nickname duplicates identified during the review were replaced before freezing this inventory; no retained pair asks the same relation about the same entity."
"gulf_music_v2_194/emirati_music_v2_097","30c59e7d88a31daaddcf48565f9c21bf4056e3be61f3db38ac1b00461e3881c4","distinct","Assistant inspected song:absher:lyricist: Who wrote the lyrics of Rashed Al Majid's Absher? (Rashed bin Juaythen) against song:yamarini:lyricist: Who wrote the lyrics of Eida Al Menhali's Yamarini Tarik? (Saeed Al Rumaithi). These identify different works, different institutions or different artist attributes. Both nickname duplicates identified during the review were replaced before freezing this inventory; no retained pair asks the same relation about the same entity."
"gulf_music_v2_194/emirati_music_v2_114","3c499667326b77b9b716ff15668cec4c4893f0da55339098d7c50cebbc74d3b9","distinct","Assistant inspected song:absher:lyricist: Who wrote the lyrics of Rashed Al Majid's Absher? (Rashed bin Juaythen) against song:diplomacy:writer: Who wrote the lyrics of Balqees's Diplomacy? (Aziz El Shaafei). These identify different works, different institutions or different artist attributes. Both nickname duplicates identified during the review were replaced before freezing this inventory; no retained pair asks the same relation about the same entity."
"gulf_music_v2_194/emirati_music_v2_146","e60427ce4f310482d63e1bc4ee1b62001a3b1af1590e397a1c2b713d63fe397b","distinct","Assistant inspected song:absher:lyricist: Who wrote the lyrics of Rashed Al Majid's Absher? (Rashed bin Juaythen) against song:kashf:lyricist: Who wrote the lyrics of Mohamed Al Shehhi's Kashf Al Mahabba? (Ali Al Omari). These identify different works, different institutions or different artist attributes. Both nickname duplicates identified during the review were replaced before freezing this inventory; no retained pair asks the same relation about the same entity."
"gulf_music_v2_194/emirati_music_v2_148","775aa988d61432dc516c35d30f4c28c4c8d5da3a943fc4b61c2ff17e10b65c10","distinct","Assistant inspected song:absher:lyricist: Who wrote the lyrics of Rashed Al Majid's Absher? (Rashed bin Juaythen) against song:dighewa:lyricist: Who wrote the lyrics of Fayez Al Saeed's Dig Hewa? (Firas Al Shathar). These identify different works, different institutions or different artist attributes. Both nickname duplicates identified during the review were replaced before freezing this inventory; no retained pair asks the same relation about the same entity."
"gulf_music_v2_194/emirati_music_v2_171","43f4472501db134ded92c2f6fe1ece355bea260894def6f5e575ede0fcf0c012","distinct","Assistant inspected song:absher:lyricist: Who wrote the lyrics of Rashed Al Majid's Absher? (Rashed bin Juaythen) against song:sketanak:lyricist: Who wrote the lyrics of Mohamed Al Shehhi's Sket Anak? (Hussain Khamis). These identify different works, different institutions or different artist attributes. Both nickname duplicates identified during the review were replaced before freezing this inventory; no retained pair asks the same relation about the same entity."
"gulf_music_v2_194/emirati_music_v2_172","fad7dce779e1919c5f678be28a5102e1f02c2a2d8830d4e41ee063502f13aea2","distinct","Assistant inspected song:absher:lyricist: Who wrote the lyrics of Rashed Al Majid's Absher? (Rashed bin Juaythen) against song:mestaghreb:lyricist: Who wrote the lyrics of Ahlam's WeMestaghrb? (Abdulrahman Al Othman). These identify different works, different institutions or different artist attributes. Both nickname duplicates identified during the review were replaced before freezing this inventory; no retained pair asks the same relation about the same entity."
"gulf_music_v2_194/emirati_music_v2_174","783aafd27f63a4be48250ead95d13da80e0be69d8b72d48ed8c806b73e81ad41","distinct","Assistant inspected song:absher:lyricist: Who wrote the lyrics of Rashed Al Majid's Absher? (Rashed bin Juaythen) against song:entaha:lyricist: Who wrote the lyrics of Balqees's Entaha? (Mshari Al Ibrahim). These identify different works, different institutions or different artist attributes. Both nickname duplicates identified during the review were replaced before freezing this inventory; no retained pair asks the same relation about the same entity."
"gulf_music_v2_194/emirati_music_v2_175","a15cba7cecfd69a08110b10be19ab3e10a159746bfe9488759c54c832792fa3f","distinct","Assistant inspected song:absher:lyricist: Who wrote the lyrics of Rashed Al Majid's Absher? (Rashed bin Juaythen) against song:maktoum:lyricist: Who wrote the lyrics of Eida Al Menhali's Maktoum Onwani? (Ahmad Al Marri). These identify different works, different institutions or different artist attributes. Both nickname duplicates identified during the review were replaced before freezing this inventory; no retained pair asks the same relation about the same entity."
"gulf_music_v2_194/emirati_music_v2_180","e9ad1b0c6b9ced938b1dbccea8e0080dd2720da6a2ce92f91a68c2e17ac7117e","distinct","Assistant inspected song:absher:lyricist: Who wrote the lyrics of Rashed Al Majid's Absher? (Rashed bin Juaythen) against song:hazzaaljaw:writer: Who wrote the lyrics of Hazza's Al Jaw Londani? (Ali Al Khawar). These identify different works, different institutions or different artist attributes. Both nickname duplicates identified during the review were replaced before freezing this inventory; no retained pair asks the same relation about the same entity."
"gulf_music_v2_194/emirati_music_v2_181","97009af2ba3a33d186c1e3797cc9c2c231825f9e7a39b909ca1813d9e40a71f1","distinct","Assistant inspected song:absher:lyricist: Who wrote the lyrics of Rashed Al Majid's Absher? (Rashed bin Juaythen) against song:fayezselfie:writer: Who wrote the lyrics of Fayez Al Saeed's 2014 Selfie? (Turki Al Sharif). These identify different works, different institutions or different artist attributes. Both nickname duplicates identified during the review were replaced before freezing this inventory; no retained pair asks the same relation about the same entity."
"gulf_music_v2_194/emirati_music_v2_190","cdc8e7da23be4f6df50aabdb4a71e06022549f319e6c8695908521e0efb62ed7","distinct","Assistant inspected song:absher:lyricist: Who wrote the lyrics of Rashed Al Majid's Absher? (Rashed bin Juaythen) against song:qahwawadaa:writer: Who wrote the lyrics of Hussain Al Jassmi's Qahwat Wadaa? (Ahmad bin Thaher). These identify different works, different institutions or different artist attributes. Both nickname duplicates identified during the review were replaced before freezing this inventory; no retained pair asks the same relation about the same entity."
"gulf_music_v2_196/emirati_music_v2_079","b55ffa73e952823e38d99a5ec9a3bce504d1ccae027627598515e7c51e08dbff","distinct","Assistant inspected song:qalootara:lyricist: Who wrote the lyrics of Abadi Al Johar's Qaloo Tara? (Prince Abdulrahman bin Musaed) against song:fakadtek:lyricist: Who wrote the lyrics of Hussain Al Jassmi's Fakadtak? (Faisal Al Yami). These identify different works, different institutions or different artist attributes. Both nickname duplicates identified during the review were replaced before freezing this inventory; no retained pair asks the same relation about the same entity."
"gulf_music_v2_196/emirati_music_v2_082","f23c3ef4ffb928f64b7005ad1e7ef30832f9bf792f8e47d3a0561970ed883a74","distinct","Assistant inspected song:qalootara:lyricist: Who wrote the lyrics of Abadi Al Johar's Qaloo Tara? (Prince Abdulrahman bin Musaed) against song:ahebak:lyricist: Who wrote the lyrics of Hussain Al Jassmi's Ahebak? (Ahmad Al Sanea). These identify different works, different institutions or different artist attributes. Both nickname duplicates identified during the review were replaced before freezing this inventory; no retained pair asks the same relation about the same entity."
"gulf_music_v2_196/emirati_music_v2_180","a1c2a91c087a5bd6a1e519d87ea4f957907272cca33723716428df1d797c5b2c","distinct","Assistant inspected song:qalootara:lyricist: Who wrote the lyrics of Abadi Al Johar's Qaloo Tara? (Prince Abdulrahman bin Musaed) against song:hazzaaljaw:writer: Who wrote the lyrics of Hazza's Al Jaw Londani? (Ali Al Khawar). These identify different works, different institutions or different artist attributes. Both nickname duplicates identified during the review were replaced before freezing this inventory; no retained pair asks the same relation about the same entity."
"gulf_music_v2_197/emirati_music_v2_079","6b6266f75d5680cf61ef2dd38fc41644648df5ce12020bd19fd720d4d7d1f0a4","distinct","Assistant inspected song:methlnaseem:lyricist: Who wrote the lyrics of Nawal's Methl Al Naseem? (Fahad Al Mosaed) against song:fakadtek:lyricist: Who wrote the lyrics of Hussain Al Jassmi's Fakadtak? (Faisal Al Yami). These identify different works, different institutions or different artist attributes. Both nickname duplicates identified during the review were replaced before freezing this inventory; no retained pair asks the same relation about the same entity."
"gulf_music_v2_197/emirati_music_v2_082","6fa3f3235d2a1880b88781f3b073489c3bc220facec0fb28ffec3cd2004ff2d8","distinct","Assistant inspected song:methlnaseem:lyricist: Who wrote the lyrics of Nawal's Methl Al Naseem? (Fahad Al Mosaed) against song:ahebak:lyricist: Who wrote the lyrics of Hussain Al Jassmi's Ahebak? (Ahmad Al Sanea). These identify different works, different institutions or different artist attributes. Both nickname duplicates identified during the review were replaced before freezing this inventory; no retained pair asks the same relation about the same entity."
"gulf_music_v2_197/emirati_music_v2_097","621f9836b638e0054151e30a8996fae785bd95851615123d0b1f1298f85b3c21","distinct","Assistant inspected song:methlnaseem:lyricist: Who wrote the lyrics of Nawal's Methl Al Naseem? (Fahad Al Mosaed) against song:yamarini:lyricist: Who wrote the lyrics of Eida Al Menhali's Yamarini Tarik? (Saeed Al Rumaithi). These identify different works, different institutions or different artist attributes. Both nickname duplicates identified during the review were replaced before freezing this inventory; no retained pair asks the same relation about the same entity."
"gulf_music_v2_197/emirati_music_v2_114","65bf115aaa9b4a6116236dabfb6c6712898c91ddfe76c5055b63f434ca91b736","distinct","Assistant inspected song:methlnaseem:lyricist: Who wrote the lyrics of Nawal's Methl Al Naseem? (Fahad Al Mosaed) against song:diplomacy:writer: Who wrote the lyrics of Balqees's Diplomacy? (Aziz El Shaafei). These identify different works, different institutions or different artist attributes. Both nickname duplicates identified during the review were replaced before freezing this inventory; no retained pair asks the same relation about the same entity."
"gulf_music_v2_197/emirati_music_v2_146","382440689a1512b7e4ff9e20ed7763d4ab0e796a0c51801665820d95f3e53921","distinct","Assistant inspected song:methlnaseem:lyricist: Who wrote the lyrics of Nawal's Methl Al Naseem? (Fahad Al Mosaed) against song:kashf:lyricist: Who wrote the lyrics of Mohamed Al Shehhi's Kashf Al Mahabba? (Ali Al Omari). These identify different works, different institutions or different artist attributes. Both nickname duplicates identified during the review were replaced before freezing this inventory; no retained pair asks the same relation about the same entity."
"gulf_music_v2_197/emirati_music_v2_148","c999a76ae58e694c12b4e1869cd1f7d9a2dee11e7347a651475bfc84bbb3b3c0","distinct","Assistant inspected song:methlnaseem:lyricist: Who wrote the lyrics of Nawal's Methl Al Naseem? (Fahad Al Mosaed) against song:dighewa:lyricist: Who wrote the lyrics of Fayez Al Saeed's Dig Hewa? (Firas Al Shathar). These identify different works, different institutions or different artist attributes. Both nickname duplicates identified during the review were replaced before freezing this inventory; no retained pair asks the same relation about the same entity."
"gulf_music_v2_197/emirati_music_v2_171","63b5434db07495ffdc1bea736689c8a04e3642bae0f6976c9d7d482b020ca756","distinct","Assistant inspected song:methlnaseem:lyricist: Who wrote the lyrics of Nawal's Methl Al Naseem? (Fahad Al Mosaed) against song:sketanak:lyricist: Who wrote the lyrics of Mohamed Al Shehhi's Sket Anak? (Hussain Khamis). These identify different works, different institutions or different artist attributes. Both nickname duplicates identified during the review were replaced before freezing this inventory; no retained pair asks the same relation about the same entity."
"gulf_music_v2_197/emirati_music_v2_172","967c3f4d11097e33342811dbd98e4137c4c6d4c983288f738c99174a71cadb5e","distinct","Assistant inspected song:methlnaseem:lyricist: Who wrote the lyrics of Nawal's Methl Al Naseem? (Fahad Al Mosaed) against song:mestaghreb:lyricist: Who wrote the lyrics of Ahlam's WeMestaghrb? (Abdulrahman Al Othman). These identify different works, different institutions or different artist attributes. Both nickname duplicates identified during the review were replaced before freezing this inventory; no retained pair asks the same relation about the same entity."
"gulf_music_v2_197/emirati_music_v2_174","8309b67464ca9269a62e54cd4930b65fb9ca2b41b113136b6b8f440a7051c203","distinct","Assistant inspected song:methlnaseem:lyricist: Who wrote the lyrics of Nawal's Methl Al Naseem? (Fahad Al Mosaed) against song:entaha:lyricist: Who wrote the lyrics of Balqees's Entaha? (Mshari Al Ibrahim). These identify different works, different institutions or different artist attributes. Both nickname duplicates identified during the review were replaced before freezing this inventory; no retained pair asks the same relation about the same entity."
"gulf_music_v2_197/emirati_music_v2_175","6015369c35bc3fcbeb2c0c33554b2c566110168349d3846fd4cc68874e18f56f","distinct","Assistant inspected song:methlnaseem:lyricist: Who wrote the lyrics of Nawal's Methl Al Naseem? (Fahad Al Mosaed) against song:maktoum:lyricist: Who wrote the lyrics of Eida Al Menhali's Maktoum Onwani? (Ahmad Al Marri). These identify different works, different institutions or different artist attributes. Both nickname duplicates identified during the review were replaced before freezing this inventory; no retained pair asks the same relation about the same entity."
"gulf_music_v2_197/emirati_music_v2_180","cfee893437272ed0c3463a9691c77c8088f25bfb4659ef4b7a2286f06743096d","distinct","Assistant inspected song:methlnaseem:lyricist: Who wrote the lyrics of Nawal's Methl Al Naseem? (Fahad Al Mosaed) against song:hazzaaljaw:writer: Who wrote the lyrics of Hazza's Al Jaw Londani? (Ali Al Khawar). These identify different works, different institutions or different artist attributes. Both nickname duplicates identified during the review were replaced before freezing this inventory; no retained pair asks the same relation about the same entity."
"gulf_music_v2_197/emirati_music_v2_181","c1bcb168c121f9124371d2d16f604072093214d9e011a5d959d9e753e1166a67","distinct","Assistant inspected song:methlnaseem:lyricist: Who wrote the lyrics of Nawal's Methl Al Naseem? (Fahad Al Mosaed) against song:fayezselfie:writer: Who wrote the lyrics of Fayez Al Saeed's 2014 Selfie? (Turki Al Sharif). These identify different works, different institutions or different artist attributes. Both nickname duplicates identified during the review were replaced before freezing this inventory; no retained pair asks the same relation about the same entity."
"gulf_music_v2_197/emirati_music_v2_190","77f8dfa4855803ec11a3c933407acbae2762071c7c10c06912cda6b25061d75b","distinct","Assistant inspected song:methlnaseem:lyricist: Who wrote the lyrics of Nawal's Methl Al Naseem? (Fahad Al Mosaed) against song:qahwawadaa:writer: Who wrote the lyrics of Hussain Al Jassmi's Qahwat Wadaa? (Ahmad bin Thaher). These identify different works, different institutions or different artist attributes. Both nickname duplicates identified during the review were replaced before freezing this inventory; no retained pair asks the same relation about the same entity."
"gulf_music_v2_199/emirati_music_v2_079","91cffcc165f38f0cb2b585427df07e3ca9ef0db7441161a4ae69cfeb743005aa","distinct","Assistant inspected song:yarahleen:lyricist: Who wrote the lyrics of Salah Al Zadjali's Ya Rahleen? (Hameed Al Bloushi) against song:fakadtek:lyricist: Who wrote the lyrics of Hussain Al Jassmi's Fakadtak? (Faisal Al Yami). These identify different works, different institutions or different artist attributes. Both nickname duplicates identified during the review were replaced before freezing this inventory; no retained pair asks the same relation about the same entity."
"gulf_music_v2_199/emirati_music_v2_082","c367e87ac8aa6117e9ab154476a7cb7162ca1a96e591cebb2a951d5c8fb27bc7","distinct","Assistant inspected song:yarahleen:lyricist: Who wrote the lyrics of Salah Al Zadjali's Ya Rahleen? (Hameed Al Bloushi) against song:ahebak:lyricist: Who wrote the lyrics of Hussain Al Jassmi's Ahebak? (Ahmad Al Sanea). These identify different works, different institutions or different artist attributes. Both nickname duplicates identified during the review were replaced before freezing this inventory; no retained pair asks the same relation about the same entity."
"gulf_music_v2_199/emirati_music_v2_180","df0b43d480aa924d0233ed3edbe1d1e69e193f2a6e5d34b5390c197a26ccf821","distinct","Assistant inspected song:yarahleen:lyricist: Who wrote the lyrics of Salah Al Zadjali's Ya Rahleen? (Hameed Al Bloushi) against song:hazzaaljaw:writer: Who wrote the lyrics of Hazza's Al Jaw Londani? (Ali Al Khawar). These identify different works, different institutions or different artist attributes. Both nickname duplicates identified during the review were replaced before freezing this inventory; no retained pair asks the same relation about the same entity."
"gulf_music_v2_203/emirati_music_v2_079","b5baa4a8b941eb61cf0aad1ad77fc95107cd6bd6eb9355e59bb6c60dfe404d36","distinct","Assistant inspected song:tenadeek:lyricist: Who wrote the lyrics of Majid Al Mohandis's Tenadeek? (Yasser Al Twaijri) against song:fakadtek:lyricist: Who wrote the lyrics of Hussain Al Jassmi's Fakadtak? (Faisal Al Yami). These identify different works, different institutions or different artist attributes. Both nickname duplicates identified during the review were replaced before freezing this inventory; no retained pair asks the same relation about the same entity."
"gulf_music_v2_203/emirati_music_v2_082","4ee4611d7b7730cad0481185e44d4449258583e823ad28e7e1baa6ef75990fa5","distinct","Assistant inspected song:tenadeek:lyricist: Who wrote the lyrics of Majid Al Mohandis's Tenadeek? (Yasser Al Twaijri) against song:ahebak:lyricist: Who wrote the lyrics of Hussain Al Jassmi's Ahebak? (Ahmad Al Sanea). These identify different works, different institutions or different artist attributes. Both nickname duplicates identified during the review were replaced before freezing this inventory; no retained pair asks the same relation about the same entity."
"gulf_music_v2_203/emirati_music_v2_097","399e12596be453181c2dfbfe0376a580d88b715b478c255a7f76d2a4b6421b49","distinct","Assistant inspected song:tenadeek:lyricist: Who wrote the lyrics of Majid Al Mohandis's Tenadeek? (Yasser Al Twaijri) against song:yamarini:lyricist: Who wrote the lyrics of Eida Al Menhali's Yamarini Tarik? (Saeed Al Rumaithi). These identify different works, different institutions or different artist attributes. Both nickname duplicates identified during the review were replaced before freezing this inventory; no retained pair asks the same relation about the same entity."
"gulf_music_v2_203/emirati_music_v2_114","c28ef9c1b3aa0fc9e5be73b134db01c3a4cb74b0b4e0fc9bf9b593c50fb1afa9","distinct","Assistant inspected song:tenadeek:lyricist: Who wrote the lyrics of Majid Al Mohandis's Tenadeek? (Yasser Al Twaijri) against song:diplomacy:writer: Who wrote the lyrics of Balqees's Diplomacy? (Aziz El Shaafei). These identify different works, different institutions or different artist attributes. Both nickname duplicates identified during the review were replaced before freezing this inventory; no retained pair asks the same relation about the same entity."
"gulf_music_v2_203/emirati_music_v2_146","4ee57d14f6f2bc0e4439dc4de12def65d23fdabbbe0a849f3fcfa44fb482e7b2","distinct","Assistant inspected song:tenadeek:lyricist: Who wrote the lyrics of Majid Al Mohandis's Tenadeek? (Yasser Al Twaijri) against song:kashf:lyricist: Who wrote the lyrics of Mohamed Al Shehhi's Kashf Al Mahabba? (Ali Al Omari). These identify different works, different institutions or different artist attributes. Both nickname duplicates identified during the review were replaced before freezing this inventory; no retained pair asks the same relation about the same entity."
"gulf_music_v2_203/emirati_music_v2_148","90cccf78e799e119a3270c820dc028bbbc8ded16b020fb8a7397377e10a23d87","distinct","Assistant inspected song:tenadeek:lyricist: Who wrote the lyrics of Majid Al Mohandis's Tenadeek? (Yasser Al Twaijri) against song:dighewa:lyricist: Who wrote the lyrics of Fayez Al Saeed's Dig Hewa? (Firas Al Shathar). These identify different works, different institutions or different artist attributes. Both nickname duplicates identified during the review were replaced before freezing this inventory; no retained pair asks the same relation about the same entity."
"gulf_music_v2_203/emirati_music_v2_171","a78e0ebe8657b827b76424777b6b35ec7f56dab6a6480a9a5a6bfc3db1bfa0ae","distinct","Assistant inspected song:tenadeek:lyricist: Who wrote the lyrics of Majid Al Mohandis's Tenadeek? (Yasser Al Twaijri) against song:sketanak:lyricist: Who wrote the lyrics of Mohamed Al Shehhi's Sket Anak? (Hussain Khamis). These identify different works, different institutions or different artist attributes. Both nickname duplicates identified during the review were replaced before freezing this inventory; no retained pair asks the same relation about the same entity."
"gulf_music_v2_203/emirati_music_v2_172","3d8216ac7c8d067fb87ee493f3009ce093f082ed4e38c68eb22d099760e7e8d8","distinct","Assistant inspected song:tenadeek:lyricist: Who wrote the lyrics of Majid Al Mohandis's Tenadeek? (Yasser Al Twaijri) against song:mestaghreb:lyricist: Who wrote the lyrics of Ahlam's WeMestaghrb? (Abdulrahman Al Othman). These identify different works, different institutions or different artist attributes. Both nickname duplicates identified during the review were replaced before freezing this inventory; no retained pair asks the same relation about the same entity."
"gulf_music_v2_203/emirati_music_v2_174","0e26488bdbb9123683d67e3911e580f3dc99c348a5c1b9dffbb17aaec547c6d1","distinct","Assistant inspected song:tenadeek:lyricist: Who wrote the lyrics of Majid Al Mohandis's Tenadeek? (Yasser Al Twaijri) against song:entaha:lyricist: Who wrote the lyrics of Balqees's Entaha? (Mshari Al Ibrahim). These identify different works, different institutions or different artist attributes. Both nickname duplicates identified during the review were replaced before freezing this inventory; no retained pair asks the same relation about the same entity."
"gulf_music_v2_203/emirati_music_v2_175","d5eb25f0d673b6a570ef017b7c730f94dc22fcf496430824a4f4716158297459","distinct","Assistant inspected song:tenadeek:lyricist: Who wrote the lyrics of Majid Al Mohandis's Tenadeek? (Yasser Al Twaijri) against song:maktoum:lyricist: Who wrote the lyrics of Eida Al Menhali's Maktoum Onwani? (Ahmad Al Marri). These identify different works, different institutions or different artist attributes. Both nickname duplicates identified during the review were replaced before freezing this inventory; no retained pair asks the same relation about the same entity."
"gulf_music_v2_203/emirati_music_v2_180","49d10a53815a699ea33b4ec6e3e44638ee8ea18905bf4b87d729ae851975ce27","distinct","Assistant inspected song:tenadeek:lyricist: Who wrote the lyrics of Majid Al Mohandis's Tenadeek? (Yasser Al Twaijri) against song:hazzaaljaw:writer: Who wrote the lyrics of Hazza's Al Jaw Londani? (Ali Al Khawar). These identify different works, different institutions or different artist attributes. Both nickname duplicates identified during the review were replaced before freezing this inventory; no retained pair asks the same relation about the same entity."
"gulf_music_v2_203/emirati_music_v2_181","21c4cef0494c7e076a91c3fd70b515e07c68ad7e7113f3adb11dfa402b4e768e","distinct","Assistant inspected song:tenadeek:lyricist: Who wrote the lyrics of Majid Al Mohandis's Tenadeek? (Yasser Al Twaijri) against song:fayezselfie:writer: Who wrote the lyrics of Fayez Al Saeed's 2014 Selfie? (Turki Al Sharif). These identify different works, different institutions or different artist attributes. Both nickname duplicates identified during the review were replaced before freezing this inventory; no retained pair asks the same relation about the same entity."
"gulf_music_v2_203/emirati_music_v2_190","06850ea11cb5d96a32c48571b5c217411420ace96681c877d2c1fce33dd67022","distinct","Assistant inspected song:tenadeek:lyricist: Who wrote the lyrics of Majid Al Mohandis's Tenadeek? (Yasser Al Twaijri) against song:qahwawadaa:writer: Who wrote the lyrics of Hussain Al Jassmi's Qahwat Wadaa? (Ahmad bin Thaher). These identify different works, different institutions or different artist attributes. Both nickname duplicates identified during the review were replaced before freezing this inventory; no retained pair asks the same relation about the same entity."
