"id","hash","factKey","source","evidenceVerified","translationParity","difficultyReviewed","distinctFact","reason"
"001","0537c45a1aec4f9f043195f13991f98f2d4d6ad7be802a793a09092e09804039","song:yanasaheb:singer","yanasaheb","yes","yes","yes","yes","Assistant reviewed Which Qatari singer performed the original 1990 recording of Ya Nas Ahebah? Answer: Ali Abdul Sattar. Arabic and English request the same attribute. Evidence: Official artist original recording marked 1990; singer Ali Abdul Sattar. Verified 2026-10-08. Difficulty: Recognition of performers, familiar songs, musical instruments and prominent artist identities."
"002","6c1476b5f64928db8c8e7a1065b90d2c056f48030724e1c06a4ba1bf32a5ea2f","song:iyar:singer","iyar","yes","yes","yes","yes","Assistant reviewed Which Omani singer performs Iyar? Answer: Salah Al Zadjali. Arabic and English request the same attribute. Evidence: Broadcaster's 2022 performance identifies Salah Al Zadjali singing Iyar; corroborated licensed video https://play.anghami.com/video/24714259?lang=ar. Verified 2026-10-08. Difficulty: Recognition of performers, familiar songs, musical instruments and prominent artist identities."
"003","c943db314adfa67008583f86b488e25ad20ac6a1e1a882749bf7919e029e0408","song:aktharensan:singer","aktharensan","yes","yes","yes","yes","Assistant reviewed Who sang the original 2012 version of Akthar Ensan? Answer: Fahad Al Kubaisi. Arabic and English request the same attribute. Evidence: Official artist original recording marked 2012; singer Fahad Al Kubaisi. Verified 2026-10-08. Difficulty: Recognition of performers, familiar songs, musical instruments and prominent artist identities."
"004","0ee2f9fc9d1913a696b1079c54f9fc3c1f4a8b49cf272f7b2eb4e81b9c6d4b2d","song:bnayti:partner","bnayti","yes","yes","yes","yes","Assistant reviewed Which singer duetted with Hala Al Turk on Bnayty El Habooba? Answer: Mashael. Arabic and English request the same attribute. Evidence: Duet Hala Al Turk and Mashael; words Khaled Al Awad; music Issam Kamal; arrangement Hossam Kamel; director Ziad Barazi; video produced by MBC3. Verified 2026-10-08. Difficulty: Recognition of performers, familiar songs, musical instruments and prominent artist identities."
"005","7bc48bf41319c737bdf3470a93cd134d143e3915b7031cb354f4fe953b9953d5","song:zahgana:singer","zahgana","yes","yes","yes","yes","Assistant reviewed Who sang Zahgana in Platinum Records' 2012 video? Answer: Hala Al Turk. Arabic and English request the same attribute. Evidence: Singer Hala Al Turk; words Khaled Al Awad; composition Issam Kamal; director Ziad Barazi; label Platinum Records. Verified 2026-10-08. Difficulty: Recognition of performers, familiar songs, musical instruments and prominent artist identities."
"006","cc90579454c95468262171f12d6f04ca56750a95f7930d5896686bb592a7ec59","song:hindrabih:singer","hindrabih","yes","yes","yes","yes","Assistant reviewed Which Bahraini female singer recorded Rabih El Qalb? Answer: Hind. Arabic and English request the same attribute. Evidence: Licensed recording identifies singer Hind. Platform 2015 date not asserted as first original release. Verified 2026-10-08. Difficulty: Recognition of performers, familiar songs, musical instruments and prominent artist identities."
"007","642af97e856c677267ad353f814c742e4193f9ea23e145c7ea79be91c1f411e2","exhibition:rhythmlife:country","rhythmlife","yes","yes","yes","yes","Assistant reviewed Which country's musical heritage is celebrated by the Royal Opera House's Rhythm of Life exhibition? Answer: Oman. Arabic and English request the same attribute. Evidence: Rhythm of Life: Richness and Diversity in Omani Arts exhibition covers Omani musical heritage; February 2026 Royal Oman Symphony Orchestra lecture delivered by maestro Hamdan Al Shuayli. Verified 2026-10-08. Difficulty: Recognition of performers, familiar songs, musical instruments and prominent artist identities."
"008","9db231d4c9b53e96efb3ba832b9cad628fcf895eee910a9adf841c6ba9da6e71","person:hind:nickname","hindbio","yes","yes","yes","yes","Assistant reviewed Which Bahraini female singer is known as the Butterfly of the Gulf? Answer: Hind. Arabic and English request the same attribute. Evidence: Label identifies nickname Farashat Al Khaleej; birth name Suhair; studied business administration; discovered by Anwar Abdullah and Aref Al Zayani. Avoid disputed attribution of who selected stage name. Verified 2026-10-08. Difficulty: Recognition of performers, familiar songs, musical instruments and prominent artist identities."
"009","2c382fcbcd2c931e55d5017573ae97a4fa4d5ba200fd0b6990517cb6c2ff878d","song:adelqissa:singer","adelqissa","yes","yes","yes","yes","Assistant reviewed Which Bahraini singer performs Qissa Jadidah? Answer: Adel Mahmood. Arabic and English request the same attribute. Evidence: Licensed Jalsat Wanasa 2010 video identifies Adel Mahmood singing Qissa Jadidah. Verified 2026-10-08. Difficulty: Recognition of performers, familiar songs, musical instruments and prominent artist identities."
"010","f2969b6864f2d2f0208e7cf4e39dc71fc69902cdf38c5e534c1a136a0162e690","song:tarban:singer","tarban","yes","yes","yes","yes","Assistant reviewed Which Omani singer released Tarban in 2023? Answer: Salah Al Zadjali. Arabic and English request the same attribute. Evidence: Artist original 2023: singer/composer Salah Al Zadjali; lyrics Haitham Al Busaidi; label production announcement independently corroborates credits. Verified 2026-10-08. Difficulty: Recognition of performers, familiar songs, musical instruments and prominent artist identities."
"011","d75d984d6d6fa8a06c91e5217ed4a43c1e40e37907a9cf2cba04dfd496b1d2d2","song:lehana:singer","lehana","yes","yes","yes","yes","Assistant reviewed Who sang the original 2014 version of Leih Ana Ahtam? Answer: Fahad Al Kubaisi. Arabic and English request the same attribute. Evidence: Original 2014 artist release; singer Fahad Al Kubaisi; words Al Amani. Verified 2026-10-08. Difficulty: Recognition of performers, familiar songs, musical instruments and prominent artist identities."
"012","06650dd3944581a8c50fafbce414cb75587398c23f5e6afcf656e471ff837dba","song:tabra:singer","tabra","yes","yes","yes","yes","Assistant reviewed Which Kuwaiti female singer performed the original 1985 recording of Tabra? Answer: Nawal. Arabic and English request the same attribute. Evidence: Artist's original recording marked 1985; singer Nawal; lyricist Abdul Latif Al Bannai. Verified 2026-10-08. Difficulty: Recognition of performers, familiar songs, musical instruments and prominent artist identities."
"013","307174f1a546a9780627d5f0184366555c8e102f808c6d26d6b4b6775ea0dc9e","song:yashams:singer","yashams","yes","yes","yes","yes","Assistant reviewed Which Kuwaiti singer performs Ya Shams? Answer: Nabeel Shuail. Arabic and English request the same attribute. Evidence: Label release: singer Nabeel Shuail; words Abdul Latif Al Bannai; music credited as developed folklore, not an individual contemporary composer. Verified 2026-10-08. Difficulty: Recognition of performers, familiar songs, musical instruments and prominent artist identities."
"014","461ba960fa860ae2dba9497733aed5aa01356a5f631564cb6467f1449245457f","song:musafir:singer","musafir","yes","yes","yes","yes","Assistant reviewed Which singer performed Al Musafir in its 1996 music video? Answer: Rashed Al Majid. Arabic and English request the same attribute. Evidence: 1996 official artist music video: words Badr bin Abdulmohsen; composition Abdul Rab Idris; vocals Rashed Al Majid. Verified 2026-10-08. Difficulty: Recognition of performers, familiar songs, musical instruments and prominent artist identities."
"015","00fcc503047d314839398be7f94285ba2dc4f0ee891cf742ed779c8156f94eeb","song:alamaken:singer","alamaken","yes","yes","yes","yes","Assistant reviewed Which singer performs Al Amaken? Answer: Mohammed Abdu. Arabic and English request the same attribute. Evidence: Composer discusses Al Amaken, sung by Mohammed Abdu, words Mansour Al Shadi and music Nasser Al Saleh. No erroneous catalogue release dates used. Verified 2026-10-08. Difficulty: Recognition of performers, familiar songs, musical instruments and prominent artist identities."
"016","9ca75d5a7c357c3edc71f9baa5a48e2245b473cb4c85577301e6c52d953900bb","song:yabadahom:singer","yabadahom","yes","yes","yes","yes","Assistant reviewed Which singer performs Ya Badohom? Answer: Abdul Majeed Abdullah. Arabic and English request the same attribute. Evidence: Official artist 2022 Jeddah concert recording identifies Abdul Majeed Abdullah singing Ya Badohom. Verified 2026-10-08. Difficulty: Recognition of performers, familiar songs, musical instruments and prominent artist identities."
"017","1c97e58e9351e384a88c373e58e50be28dd62dcc8fe3b2b23093d083f3127141","song:rahalty:singer","rahalty","yes","yes","yes","yes","Assistant reviewed Which Kuwaiti singer performs Rahalty? Answer: Abdullah Al Rowaished. Arabic and English request the same attribute. Evidence: Licensed 2017 session: Abdullah Al Rowaished vocals; words Abdul Latif Al Bannai; music Rashed Al Khader; director Ahmad Al Doghaji. Verified 2026-10-08. Difficulty: Recognition of performers, familiar songs, musical instruments and prominent artist identities."
"018","16f5650f377f60a9426174c4f9545d6ce97ade09144c7f2b25cf225889a5dd36","song:taqwa:singer","taqwa","yes","yes","yes","yes","Assistant reviewed Which Saudi singer recorded Taqwa Al Hajr? Answer: Khaled Abdul Rahman. Arabic and English request the same attribute. Evidence: Licensed recording identifies Khaled Abdul Rahman as singer. No platform date used as historical first release. Verified 2026-10-08. Difficulty: Recognition of performers, familiar songs, musical instruments and prominent artist identities."
"019","c5cbb1c79b5d420864dc0d3b30265a2c74384eed38a40d461b3ceb4c024e6398","song:zamansamt:singer","zamansamt","yes","yes","yes","yes","Assistant reviewed Who recorded Zaman Al Samt? Answer: Talal Maddah. Arabic and English request the same attribute. Evidence: Licensed recording identifies Talal Maddah. June 1992 platform date not asserted as first historical release. Verified 2026-10-08. Difficulty: Recognition of performers, familiar songs, musical instruments and prominent artist identities."
"020","967c75db0f14100250048cbb02c48d094823498e98aea8c98795df243145c7bc","song:sedqni:singer","sedqni","yes","yes","yes","yes","Assistant reviewed Which singer released the song and album Sedqni in 2008? Answer: Rabeh Saqer. Arabic and English request the same attribute. Evidence: Rabeh Saqer release Sedqni: title track words Mansour Al Shadi; music Rabeh Saqer. Other tracks not conflated with title track. Verified 2026-10-08. Difficulty: Recognition of performers, familiar songs, musical instruments and prominent artist identities."
"021","727b22095f274e48e780176a1c49b8d49530c079bcbbb7742c8725cfbbf33282","song:anamasoul:singer","anamasoul","yes","yes","yes","yes","Assistant reviewed Which female singer recorded Ana El Masoul on her 1998 album? Answer: Nawal. Arabic and English request the same attribute. Evidence: Nawal 1998 album recording; words Mohamed Al Mansour; composition Nasser Al Saleh; vocals Nawal. Verified 2026-10-08. Difficulty: Recognition of performers, familiar songs, musical instruments and prominent artist identities."
"022","65945b8b1d9085d16489640756ee1292b53442feb76682882e351a653a6601cc","song:sheratan:singer","sheratan","yes","yes","yes","yes","Assistant reviewed Which singer performs Sheratan Al Thahab? Answer: Rashed Al Majid. Arabic and English request the same attribute. Evidence: Artist's official 2016 Dubai recording: music Saleh Al Shehri; poet Abdulaziz bin Saud Al Samer additionally confirmed artist's 2020 Dubai Shopping Festival recording https://www.youtube.com/watch?v=c0YgYx8yDGQ. No first-release date inferred from concert. Verified 2026-10-08. Difficulty: Recognition of performers, familiar songs, musical instruments and prominent artist identities."
"023","085bfa1b94522c5942e87dc347c116490dde27d16425643e04fd69cb36b63c59","song:maqadir:singer","maqadir","yes","yes","yes","yes","Assistant reviewed Which singer made the famous recording of Maqadir? Answer: Talal Maddah. Arabic and English request the same attribute. Evidence: Licensed Talal Maddah recording; no platform release date used. Composer Siraj Omar independently supported by https://www.aletihad.ae/article/2285/2017/%D8%B3%D8%B1%D8%A7%D8%AC-%D8%B9%D9%85%D8%B1-%D9%85%D8%AC%D8%AF%D9%91%D8%AF-%D8%A7%D9%84%D9%84%D8%AD%D9%86-%D8%A7%D9%84%D8%B3%D8%B9%D9%88%D8%AF%D9%8A. Verified 2026-10-08. Difficulty: Recognition of performers, familiar songs, musical instruments and prominent artist identities."
"024","f8434c4ed8465aa727f4c5d6d8f9e3af954fa9947e7f5e212a87010a3c6d8e70","song:sikkataweela:singer","sikkataweela","yes","yes","yes","yes","Assistant reviewed Who sang Sikka Taweela on the album Asdaq Ma Katabt? Answer: Abadi Al Johar. Arabic and English request the same attribute. Evidence: Artist original recording: vocals/music Abadi Al Johar; words Saud Salem; album Asdaq Ma Katabt. Verified 2026-10-08. Difficulty: Recognition of performers, familiar songs, musical instruments and prominent artist identities."
"025","7668529ed9cb82fef88d4c69df11c0e9c6f4ccf662633c99fb29a2255b779d11","song:oyounak:singer","oyounak","yes","yes","yes","yes","Assistant reviewed Which singer recorded Ouyonak Akher Amaly? Answer: Abadi Al Johar. Arabic and English request the same attribute. Evidence: Licensed recording identifies Abadi Al Johar as performer. No platform date asserted as first release. Verified 2026-10-08. Difficulty: Recognition of performers, familiar songs, musical instruments and prominent artist identities."
"026","038740dd548e4cde2d8573365b8f613eede418a53aceb0cc8176c430a8eebe98","artist:khaled:nickname","khaledoud","yes","yes","yes","yes","Assistant reviewed Which Gulf singer is nicknamed Mukhawi Al Lail? Answer: Khaled Abdul Rahman. Arabic and English request the same attribute. Evidence: Label identifies nickname Mukhawi Al Lail and Oud Night performance. Verified 2026-10-08. Difficulty: Recognition of performers, familiar songs, musical instruments and prominent artist identities."
"027","23badbb66dbd4f04ce6aa6ce4dc11d37394ad3633714f923279f27035662e7d4","song:happyhappy:singer","happyhappy","yes","yes","yes","yes","Assistant reviewed Who sang Happy Happy, released by Platinum Records in 2013? Answer: Hala Al Turk. Arabic and English request the same attribute. Evidence: Hala Alturk; October 24 2013; Platinum Records copyright. Verified 2026-10-08. Difficulty: Recognition of performers, familiar songs, musical instruments and prominent artist identities."
"028","e93834e1939bca5b758b6b076f6902740a85d9ddf009045420b56671078a5c69","artist:rabeh:nickname","rabehprofile","yes","yes","yes","yes","Assistant reviewed Which singer is known as Musiqar Al Khaleej, the Gulf's Maestro? Answer: Rabeh Saqer. Arabic and English request the same attribute. Evidence: Label identifies Musiqar Al Khaleej nickname and supervision of Abdul Majeed Abdullah's Ghali and Najwa Karam's Ma Hada La Hada. Verified 2026-10-08. Unreliable superlatives and changing album totals excluded. Difficulty: Recognition of performers, familiar songs, musical instruments and prominent artist identities."
"029","0f8e93b3e250b9ac7203918a1fbfd5bfe68877c6ffd4d7a2dafe4390148a08b2","song:ellaelmout:singer","ellaelmout","yes","yes","yes","yes","Assistant reviewed Who sang the original 2012 recording of Ella El Mout? Answer: Fahad Al Kubaisi. Arabic and English request the same attribute. Evidence: Official Artist Channel identifies original 2012 recording and performer. Verified 2026-10-08. Difficulty: Recognition of performers, familiar songs, musical instruments and prominent artist identities."
"030","331fb16588b111ef15e6dd737a75cb4a042eab071bf1ba5748d1f4dbdc7dd937","song:qalabtta:performer","daliabio","yes","yes","yes","yes","Assistant reviewed Which female singer rose to prominence with Qalabt Al Tawla in 2014? Answer: Dalia Mubarak. Arabic and English request the same attribute. Evidence: Label identifies breakthrough song Qalabt Al Tawla in 2014. No view counts retained. Verified 2026-10-08. Difficulty: Recognition of performers, familiar songs, musical instruments and prominent artist identities."
"031","d23ae8f7a351b4fe48497165805498b78545c65ed3f95d62bd76ad4b4350e7d1","song:masooma:duetpartner","masooma","yes","yes","yes","yes","Assistant reviewed Who sang with Bader Al Shuaibi on the 2019 duet Masooma? Answer: Bashar Al Shatti. Arabic and English request the same attribute. Evidence: Official Artist Channel title identifies Bader Al Shuaibi and Bashar Al Shatti; recording published February 7 2019. Verified 2026-10-08. Difficulty: Recognition of performers, familiar songs, musical instruments and prominent artist identities."
"032","b11e378445e0928a96b2c0de1867bbba19f0444f32e8697eda0a8cecf43e6209","song:hekayatnai:singer","hekayatnai","yes","yes","yes","yes","Assistant reviewed Who sang the original 2013 recording of Hekayat Nai? Answer: Salah Al Zadjali. Arabic and English request the same attribute. Evidence: Official Artist Channel original recording published February 8 2013; words Hameed Al Bloushi; vocals/music Salah Al Zadjali; arrangement Mohammed Saleh. Indexed description inspected. Verified 2026-10-08. Difficulty: Recognition of performers, familiar songs, musical instruments and prominent artist identities."
"033","297284116597972e00500c88dbe693d4641e705044247444569501196d73aecf","song:yahabibi:alisinger","aliyahabibi","yes","yes","yes","yes","Assistant reviewed Which Qatari singer performed Ya Habibi in the recording he posted on his official channel in 2017? Answer: Ali Abdul Sattar. Arabic and English request the same attribute. Evidence: Official artist channel identifies performer Ali Abdul Sattar. Upload date not treated as first release. Verified 2026-10-08. Difficulty: Recognition of performers, familiar songs, musical instruments and prominent artist identities."
"034","cd51712d437d0ee9ef05eb1e06f133ae45b6194e466f8e895b7d8d98728caf4d","song:nasetni:singer","nasetni","yes","yes","yes","yes","Assistant reviewed Who sang Nasetni on Luxury's original 2016 release? Answer: Ayed. Arabic and English request the same attribute. Evidence: Verified publisher channel; Ayed 2016 original release; words Fahad Al Mosaed; composition Wasm. Verified 2026-10-08. Difficulty: Recognition of performers, familiar songs, musical instruments and prominent artist identities."
"035","16e4c2efa684e1abfac87823bb38e633ea3f60a42247d6735be673da2312ea3b","song:anqanaah:singer","anqanaah","yes","yes","yes","yes","Assistant reviewed Who sang An Qanaah in the version published on his official channel in late 2017? Answer: Abdulaziz El Muanna. Arabic and English request the same attribute. Evidence: Official Artist Channel; uploaded December 29 2017 although description labels project 2018, so no original release-year claim made; singer Abdulaziz El Muanna, lyrics Mohammed Al Gharir. Verified 2026-10-08. Difficulty: Recognition of performers, familiar songs, musical instruments and prominent artist identities."
"036","bf3f8651e056f66dc5b77fbd9469c5dbf378047323ac0d6f0b6bebb53a1bee0e","song:sikkasafar:singer","nabeelcareer","yes","yes","yes","yes","Assistant reviewed Which singer recorded Sikka Safar and released its album in 1982? Answer: Nabeel Shuail. Arabic and English request the same attribute. Evidence: Sikka Safar album 1982; title song music Rashed Al Khader and words Abdul Latif Al Bannai; owns Tarban recording studio opened Jabriya January 18 2009. Verified 2026-10-08. Also confirms debut album Aqbal Al Eid 1981. Difficulty: Recognition of performers, familiar songs, musical instruments and prominent artist identities."
"037","2a22fbeca5608ae53bfdf065f6dc9f5ccd074380b80327237e52e2d97d0ef6ba","song:duniaalwalah:singer","duniaalwalah","yes","yes","yes","yes","Assistant reviewed Which singer recorded Dunia Al Walah? Answer: Abdullah Al Rowaished. Arabic and English request the same attribute. Evidence: Licensed artist catalog identifies Abdullah Al Ruwaished as performer. Original date not inferred. Verified 2026-10-08. Difficulty: Recognition of performers, familiar songs, musical instruments and prominent artist identities."
"038","74348b863b172212a004a975a581a03d1dcb42677171eea1b4d8a3985ea5d679","song:shamsbayni:singer","shamsbayni","yes","yes","yes","yes","Assistant reviewed Who sang Shams Bayni Wabaynak in the Saudi Sessions 2019 recording? Answer: Aseel Abu Bakr. Arabic and English request the same attribute. Evidence: Verified label channel identifies Aseel Abu Bakr performing Shams Bayni Wabaynak in Saudi Sessions 2019. Verified 2026-10-08. Difficulty: Recognition of performers, familiar songs, musical instruments and prominent artist identities."
"039","df3e5e3ea9711a4c75b6a3d9741ad6a445a34c9ad99a55735bb3e3d26e4e50ca","song:qulubsahiya:singer","qulubsahiya","yes","yes","yes","yes","Assistant reviewed Which female singer recorded Al Quloub Al Sahiya? Answer: Nawal. Arabic and English request the same attribute. Evidence: Official Artist Channel Bahrain 2023 performance; vocals Nawal, words Yousef Al Sabri; composition Ali Al Jabr. Concert year not treated as original release. Verified 2026-10-08. Difficulty: Recognition of performers, familiar songs, musical instruments and prominent artist identities."
"040","b1b7f2e337478fa2f3d833d83d184b752639a88dcf2413b38ce45d454ed90a95","song:yaibnalawadem:singer","yaibnalawadem","yes","yes","yes","yes","Assistant reviewed Who sang Ya Ibn Alawadem in its 2021 release? Answer: Abdul Majeed Abdullah. Arabic and English request the same attribute. Evidence: Artist original release title identifies 2021 Aalam Mowazi track; indexed official description credits words Fahad Al Mosaed and composer Mubham. Conflicting secondary composer real-name attribution not used. Verified 2026-10-08. Difficulty: Recognition of performers, familiar songs, musical instruments and prominent artist identities."
"041","b72dd3ce3df6182e3656134dcdc17d613f1e5a51d966239d72ec062223be565a","artist:ibrahim:talenttitle","ibrahimbio","yes","yes","yes","yes","Assistant reviewed Which Saudi singer won the third season of Super Star? Answer: Ibrahim Al Hakami. Arabic and English request the same attribute. Evidence: Artist won third season of Super Star; Shahd Barmada finished second. No vote percentages used. Verified 2026-10-08. Difficulty: Recognition of performers, familiar songs, musical instruments and prominent artist identities."
"042","111c8a2b101c7a292e7eca7495f6b76fb464fac5a35678631820453725f51a25","artist:fouad:najmalgulfwin","fouaddmi","yes","yes","yes","yes","Assistant reviewed Which Yemeni singer won Dubai TV's Najm Al Khaleej in 2010? Answer: Fouad Abdulwahed. Arabic and English request the same attribute. Evidence: Broadcaster confirms 2010 Najm Al Khaleej winner; founded Zain band; recorded Zaffa with Mohammed Abdu in 2015. Verified 2026-10-08. Difficulty: Recognition of performers, familiar songs, musical instruments and prominent artist identities."
"043","18180b8f2bc9359e2a0d4596ae23b00c5734d44fb11834710de0e5e87f8c85e4","song:wajed:singer","wajed","yes","yes","yes","yes","Assistant reviewed Who sang Wajed on Rotana's 2022 release? Answer: Rabeh Saqer. Arabic and English request the same attribute. Evidence: Verified label channel; Rabeh Saqer 2022; words Prince Saud bin Abdullah; composition Sahm; arrangement Bashar Sultan. Verified 2026-10-08. Difficulty: Recognition of performers, familiar songs, musical instruments and prominent artist identities."
"044","a15bb39333a9ee175e286fb37b5b4d1b5b1e28132c022b58724996024584e4f8","song:methelqalbk:singer","methelqalbk","yes","yes","yes","yes","Assistant reviewed Which singer released Methel Qalbk in 2016? Answer: Rashed Al Majid. Arabic and English request the same attribute. Evidence: Official Artist Channel 2016; vocals Rashed Al Majid; lyrics Turki Al Sheikh; composition Nawaf Abdullah; arrangement Hisham Al Sakran. Verified 2026-10-08. Difficulty: Recognition of performers, familiar songs, musical instruments and prominent artist identities."
"045","ecebee47221d84e847cc014fe3e3b665971abe6992a1e119f63729bdf3373b39","song:tahadedninawal:singer","tahadedninawal","yes","yes","yes","yes","Assistant reviewed Which female singer performed Tahadedni at her Bahrain concert in 2023? Answer: Nawal. Arabic and English request the same attribute. Evidence: Official Artist Channel Bahrain 2023 concert; words Saud Al Shubrmi; music Badee Masoud. Concert year not treated as original release. Verified 2026-10-08. Difficulty: Recognition of performers, familiar songs, musical instruments and prominent artist identities."
"046","06776406be57c28fc16468d2a3538bf56f16fc29a78b5bef26d65269660a8046","song:esmaani:singer","esmaani","yes","yes","yes","yes","Assistant reviewed Who performed his song Esmaani at his Jeddah concert in 2023? Answer: Abdul Majeed Abdullah. Arabic and English request the same attribute. Evidence: Official Artist Channel Jeddah 2023 concert; words Saud bin Mohammed Al Abdullah; music Sahm. Concert year not treated as original release. Verified 2026-10-08. Difficulty: Recognition of performers, familiar songs, musical instruments and prominent artist identities."
"047","87f5e5b1aab09c66b8b216a1c836598e742eb79b4b15dba0fb8be00df10aa121","song:anahanet:artist","bahrainsongsgulf","yes","yes","yes","yes","Assistant reviewed Which Bahraini singer is associated with Ana Hanet, reinterpreted by the Bahrain orchestra in Songs of the Gulf in 2024? Answer: Khalid Al Shaikh. Arabic and English request the same attribute. Evidence: Bahrain Philharmonic founded 2022 by Mubarak Najem; December 20 2024 repertoire includes Ana Hanet by Khalid Al Shaikh. Verified 2026-10-08. Difficulty: Recognition of performers, familiar songs, musical instruments and prominent artist identities."
"048","b476a853edd3f0669ddbcff7aea9f7dd0e2782f84621e9ba7239ce0fadbaad58","song:ygolon:singer","ygolon","yes","yes","yes","yes","Assistant reviewed Who sang Ygolon in its 2021 release? Answer: Nabeel Shuail. Arabic and English request the same attribute. Evidence: Official Artist Channel 2021; words Ahmad Al Sanea, composition Maitham Alaa Al Din, arrangement Othman Abboud. Verified 2026-10-08. Difficulty: Recognition of performers, familiar songs, musical instruments and prominent artist identities."
"049","ce0ddd34fafd1318bbe01bf1ed3069701095caaa6d82fc345577e3f791a6c6fb","song:lelatkhamis:singer","lelatkhamis","yes","yes","yes","yes","Assistant reviewed Who performed his song Lelat Khamis at February Kuwait 2020? Answer: Mohammed Abdu. Arabic and English request the same attribute. Evidence: Official Artist Channel February Kuwait 2020 performance; composer Omar Kadars; poet Khaled bin Yazid. No original release-year inference from upload date. Verified 2026-10-08. Difficulty: Recognition of performers, familiar songs, musical instruments and prominent artist identities."
"050","0d029634aa3724e1501e59a3af566a467b3d4a6c0b7bca54fe8e580fefc8701d","song:walhan:singer","walhan","yes","yes","yes","yes","Assistant reviewed Who sang the original 2020 recording of Walhan? Answer: Rashed Al Majid. Arabic and English request the same attribute. Evidence: Official Artist Channel original 2020 release; poet Ramz; composer Ahmed Al Harmi; arrangement Cyrus. Verified 2026-10-08. Difficulty: Recognition of performers, familiar songs, musical instruments and prominent artist identities."
"051","d687b2dfbbc821c2e6adecf80ee6ba2bf70a8b6c44fa2286c60ee68fcab711e5","song:tetanfasak:singer","tetanfasak","yes","yes","yes","yes","Assistant reviewed Which singer released Tetanfasak Dunyay in 2022? Answer: Abdul Majeed Abdullah. Arabic and English request the same attribute. Evidence: Official Artist Channel 2022; words Anwar Al Mushairi; composer Ahmed Al Harmi; arrangement Cyrus. Verified 2026-10-08. Difficulty: Recognition of performers, familiar songs, musical instruments and prominent artist identities."
"052","173df16fb02d7e38de7d42a6edb7edc6b244f80d2d3b761dd1d72414042e3894","song:mozhela:singer","mozhela","yes","yes","yes","yes","Assistant reviewed Which singer recorded Mozhela? Answer: Mohammed Abdu. Arabic and English request the same attribute. Evidence: Verified label channel 2025 concert recording; performer Mohammed Abdu; lyrics Prince Abdulrahman bin Musaed; composer Sadeg Al Shaer. Original date not inferred. Verified 2026-10-08. Difficulty: Recognition of performers, familiar songs, musical instruments and prominent artist identities."
"053","b503c3d55505b26f9886a86a25728150886d2030d3ea2c2def31572fac072e19","song:absher:singer","absher","yes","yes","yes","yes","Assistant reviewed Who sang the original 1991 recording of Absher? Answer: Rashed Al Majid. Arabic and English request the same attribute. Evidence: Official Artist Channel original 1991 recording from Absher Min Oyouni; poet Rashed bin Juaythen; composer Saleh Al Shehri. Verified 2026-10-08. Difficulty: Recognition of performers, familiar songs, musical instruments and prominent artist identities."
"054","4a2996658bf95d24cc151bc1cd744bc9108656b5df7a69a087d8e67d37aee772","song:kelmafelamr:duetpartner","kelmafelamr","yes","yes","yes","yes","Assistant reviewed Who sang with Nawal on the duet Kel Ma Fel Amr? Answer: Rabeh Saqer. Arabic and English request the same attribute. Evidence: Verified songwriter channel identifies duet Rabeh Saqer/Nawal; arranger Hisham Al Sakran; director Bassam Al Turk. Title labels 2021 but upload 2019, so original date excluded. Verified 2026-10-08. Difficulty: Recognition of performers, familiar songs, musical instruments and prominent artist identities."
"055","b4fdc1c0519319bfce5c605d5a82775c5bd961f22629200cec5b6a204cdaf124","artist:talal:earthnickname","talalbio","yes","yes","yes","yes","Assistant reviewed Which Saudi singer is known as Sawt Al Ard, the Voice of the Earth? Answer: Talal Maddah. Arabic and English request the same attribute. Evidence: Label biography identifies Sawt Al Ard nickname; Mohammed Abdel Wahab gave Ziryab nickname; first Saudi-radio song Wardak Ya Zare Al Ward. Verified 2026-10-08. Also confirms collaboration with Mohammed Abdel Wahab on Mada Aqool. Difficulty: Recognition of performers, familiar songs, musical instruments and prominent artist identities."
"056","e5601eff9c60d8bf3eb954838a2bbef26933a3b7d680c22be92793ff3e8348ec","song:qalootara:singer","qalootara","yes","yes","yes","yes","Assistant reviewed Which singer recorded Qaloo Tara? Answer: Abadi Al Johar. Arabic and English request the same attribute. Evidence: Official Artist Channel; singer/composer Abadi Al Johar; words Abdulrahman bin Musaed. No upload-to-original-date inference. Verified 2026-10-08. Difficulty: Recognition of performers, familiar songs, musical instruments and prominent artist identities."
"057","95f562f3a84faadc4c2e6fb69e85adf6f72a4838675a6eb2297610ea162759cc","song:methlnaseem:singer","methlnaseem","yes","yes","yes","yes","Assistant reviewed Which female singer recorded Methl Al Naseem for Jalsat Wanasah 2017? Answer: Nawal. Arabic and English request the same attribute. Evidence: Verified publisher channel; Nawal Wanasah 2017 performance; words Fahad Al Mosaed; composer Yaser Bu Ali; director Ahmad Al Doghaji. Verified 2026-10-08. Difficulty: Recognition of performers, familiar songs, musical instruments and prominent artist identities."
"058","e1f7f734ebfceea9265795f4ad05e36fd48a22c99a0fea967fd6eba9cfd11578","album:maaroak:artist","nabeelvoice","yes","yes","yes","yes","Assistant reviewed Which singer released the 1998 album Ma Aroak? Answer: Nabeel Shuail. Arabic and English request the same attribute. Evidence: Bulbul Al Khaleej nickname; Wakef Shway from Shuail 2018 collaboration Meshal Al Arouj; first recorded TV theme Izaaj 1988; Ma Aroak album 1998. Unverified broad first-artist superlatives excluded. Verified 2026-10-08. Difficulty: Recognition of performers, familiar songs, musical instruments and prominent artist identities."
"059","24def422d62665b63126823adb25c63fb85ae9138106fa101cb255a0daef1d4d","song:ishqbalwa:singer","ishqbalwa","yes","yes","yes","yes","Assistant reviewed Which Qatari singer released Al Ishq Wal Balwa in 2020? Answer: Fahad Al Kubaisi. Arabic and English request the same attribute. Evidence: Official Artist Channel 2020; music Abdullah Al Mannai; lyrics Hamad Al Braidi; arrangement Mohannad Saif. Verified 2026-10-08. Difficulty: Recognition of performers, familiar songs, musical instruments and prominent artist identities."
"060","77f4da1e86bbd36332440f5a441af9df1c769fb7c6210848d419b027fb46941d","song:yarahleen:singer","yarahleen","yes","yes","yes","yes","Assistant reviewed Which Omani singer released the 2018 recording of Ya Rahleen? Answer: Salah Al Zadjali. Arabic and English request the same attribute. Evidence: Official Artist Channel 2018; singer/composer Salah Al Zadjali; lyrics Hameed Al Bloushi; arrangement Cyrus. Verified 2026-10-08. Difficulty: Recognition of performers, familiar songs, musical instruments and prominent artist identities."
"061","0585ce892aef7a505cfee6276d3306984c334f16865eb585fd1484d3f1c947c8","song:faresthink:singer","rotanakingdom24","yes","yes","yes","yes","Assistant reviewed Which singer performed his song Kent Athon alongside Safi Al Jaw and Theq Tamaman during the Kingdom Tour 2024? Answer: Rashed Al Fares. Arabic and English request the same attribute. Evidence: Rashed Al Fares performed Kent Athon, Safi Al Jaw and Theq Tamaman; singers Fouad not listed and not inferred. Verified 2026-10-08. Difficulty: Recognition of performers, familiar songs, musical instruments and prominent artist identities."
"062","270800b79dfdfd11250eb6da151c609173ef47821ea665dc26a2700f99927a1c","artist:abadi:octopusnickname","abadinickname","yes","yes","yes","yes","Assistant reviewed Which singer is known as the Octopus of the Oud? Answer: Abadi Al Johar. Arabic and English request the same attribute. Evidence: Artist direct interview confirms Octopus of the Oud nickname given by Talal Maddah. Verified 2026-10-08. Difficulty: Recognition of performers, familiar songs, musical instruments and prominent artist identities."
"063","fc68060d32988c417015e2c4730c5bcfb9d49478f82dbf0c5aa39028ea34e5a3","artist:rowaished:ambassadornickname","rowaishedambassador","yes","yes","yes","yes","Assistant reviewed Which singer is nicknamed the Ambassador of Gulf Song? Answer: Abdullah Al Rowaished. Arabic and English request the same attribute. Evidence: Label calls Abdullah Al Ruwaished Ambassador of Gulf Song. Verified 2026-10-08. Difficulty: Recognition of performers, familiar songs, musical instruments and prominent artist identities."
"064","0bed964396547c3b1a19e3d85843ea2cff794cf1ab40f583567687ae93b982bf","artist:abdulmajeed:princenickname","abdulmajeedprince","yes","yes","yes","yes","Assistant reviewed Which Gulf singer is known as the Prince of Tarab? Answer: Abdul Majeed Abdullah. Arabic and English request the same attribute. Evidence: Label calls Abdul Majeed Abdullah Prince of Tarab. Verified 2026-10-08. Difficulty: Recognition of performers, familiar songs, musical instruments and prominent artist identities."
"065","795343ded07d5ed45901330c9b3706e5dead344536fb78344fc32b1844a8c44c","song:maadtesal:singer","maadtesal","yes","yes","yes","yes","Assistant reviewed Who performed his song Ma A'd Tesa'l at Falcon Night 2024? Answer: Rabeh Saqer. Arabic and English request the same attribute. Evidence: Verified label channel identifies Rabeh Saqer performing Ma A'd Tesa'l at Falcon Night 2024. No original release date inferred. Verified 2026-10-08. Difficulty: Recognition of performers, familiar songs, musical instruments and prominent artist identities."
"066","4617b53d96d57be084a9f79462ee4d19635c4552147777675040af741c012765","song:tenadeek:singer","tenadeek","yes","yes","yes","yes","Assistant reviewed Which singer recorded Tenadeek? Answer: Majid Al Mohandis. Arabic and English request the same attribute. Evidence: Verified label channel; vocals Majid Al Mohandis; composer Ahmed Al Harmi; lyrics Yasser Al Twaijri. Verified 2026-10-08. Difficulty: Recognition of performers, familiar songs, musical instruments and prominent artist identities."
"067","2c6ad01668788c5a88caa4198f1a53885fbcac7399af31237e8494e7679534e8","song:qalbielsagheer:singer","qalbielsagheer","yes","yes","yes","yes","Assistant reviewed Who sang Qalbi El Sagheer in Rotana's music video published in 2016? Answer: Fouad Abdulwahed. Arabic and English request the same attribute. Evidence: Verified label channel published 2016; Fouad Abdulwahed; words Anwar Al Mushairi; music Adham; album Fouad Abdulwahed 2016. Verified 2026-10-08. Difficulty: Recognition of performers, familiar songs, musical instruments and prominent artist identities."
"068","96caf777602c2e4a1b4e86bf15da3e6f2ea100d4bab568ded43d518b10d72402","song:halaana:performer","halalabel","yes","yes","yes","yes","Assistant reviewed Which female singer recorded Ana Majnouna and Layali Al Sayf? Answer: Hala Al Turk. Arabic and English request the same attribute. Evidence: Artist participated in first season of Arabs Got Talent. Verified 2026-10-08. Artist release list includes Ana Majnouna and Layali Al Sayf. Difficulty: Recognition of performers, familiar songs, musical instruments and prominent artist identities."
"069","f573b721f16d96d3c4a9bace2ad498a78cfa6224062d302348c336b4170c5872","song:katheirelli:composer","katheirelli","yes","yes","yes","yes","Assistant reviewed Who composed Fahad Al Kubaisi's Katheer Elli? Answer: Abdullah Al Mannai. Arabic and English request the same attribute. Evidence: Official original 2014 artist recording: lyrics Al Amani, music Abdullah Al Mannai. Verified 2026-10-08. Difficulty: Recall of albums, credited composers, musical collaborations, institutions or a less familiar artist attribute."
"070","c7adffc0055fbdfcc626b41e2723f470d61a328ba24e2a79fcdbf038f3fb9c9e","song:bnayti:composer","bnayti","yes","yes","yes","yes","Assistant reviewed Who composed Bnayty El Habooba for Hala Al Turk and Mashael? Answer: Issam Kamal. Arabic and English request the same attribute. Evidence: Duet Hala Al Turk and Mashael; words Khaled Al Awad; music Issam Kamal; arrangement Hossam Kamel; director Ziad Barazi; video produced by MBC3. Verified 2026-10-08. Difficulty: Recall of albums, credited composers, musical collaborations, institutions or a less familiar artist attribute."
"071","0428b9c4ab72aef5b32da0c357b6da378e5487f89ef6acf811c83f170e3ba7e5","song:zahgana:composer","zahgana","yes","yes","yes","yes","Assistant reviewed Who composed Hala Al Turk's Zahgana? Answer: Issam Kamal. Arabic and English request the same attribute. Evidence: Singer Hala Al Turk; words Khaled Al Awad; composition Issam Kamal; director Ziad Barazi; label Platinum Records. Verified 2026-10-08. Difficulty: Recall of albums, credited composers, musical collaborations, institutions or a less familiar artist attribute."
"072","23d44d86881b6a6c06aa5e484f441270787e77113d0d70a041617dbcd0edbbd2","song:aghnni:composer","aghnni","yes","yes","yes","yes","Assistant reviewed Who composed Fahad Al Kubaisi's 2022 Aghnni? Answer: Abdullah Al Mannai. Arabic and English request the same attribute. Evidence: Original official 2022 recording by Fahad Al Kubaisi; music Abdullah Al Mannai. Verified 2026-10-08. Difficulty: Recall of albums, credited composers, musical collaborations, institutions or a less familiar artist attribute."
"073","41c9a86331fabbebfbcc628be239854b107d0c5ab0c3a856bdc32e16ebf398af","album:ala:brouvat","alabio","yes","yes","yes","yes","Assistant reviewed What is the title of Ala Ghawas's Arabic album released in 2021? Answer: Brouvat Mout. Arabic and English request the same attribute. Evidence: English debut Boston 2007 as Fulbright scholar; Arabic album Brouvat Mout 2021 co-produced with Isa Najem; Hums 2007; bilingual Live from Manama 2023. No inferred fifteen-year interval used because introductory prose conflicts with explicit discography. Verified 2026-10-08. Difficulty: Recall of albums, credited composers, musical collaborations, institutions or a less familiar artist attribute."
"074","7f3db1b2eb90ecaeda9a5293b12e980ee2d2f0a35f141d22517e0345e287d8e4","person:zuwaid:oudmentor","zuwaid","yes","yes","yes","yes","Assistant reviewed Which Bahraini musician taught Mohammed Zuwaid to play the oud? Answer: Mohammed bin Faris. Arabic and English request the same attribute. Evidence: Mohammed Zuwaid known as ambassador of Bahraini song; worked aboard pearl-diving vessels in 1930s; learned oud from Mohammed bin Faris. Verified 2026-10-08. Difficulty: Recall of albums, credited composers, musical collaborations, institutions or a less familiar artist attribute."
"075","46574077cff1f5b9a92c4267c80942415be62c7fa36d1b340f1d1252aa536520","concert:salahmedhat:partner","salahmedhat","yes","yes","yes","yes","Assistant reviewed Which Egyptian singer shared Salah Al Zadjali's Royal Opera House Muscat programme in December 2017? Answer: Medhat Saleh. Arabic and English request the same attribute. Evidence: Official concert programme pairs Omani Salah Al Zadjali with Egyptian Medhat Saleh. Verified 2026-10-08. Difficulty: Recall of albums, credited composers, musical collaborations, institutions or a less familiar artist attribute."
"076","21995d3d6008f2d79ae05de1f952baf34b958906f3c7763678313efb39ffc90c","person:zuwaid:nickname","zuwaid","yes","yes","yes","yes","Assistant reviewed Which singer does Bahrain's culture authority describe as the Ambassador of Bahraini Song? Answer: Mohammed Zuwaid. Arabic and English request the same attribute. Evidence: Mohammed Zuwaid known as ambassador of Bahraini song; worked aboard pearl-diving vessels in 1930s; learned oud from Mohammed bin Faris. Verified 2026-10-08. Difficulty: Recall of albums, credited composers, musical collaborations, institutions or a less familiar artist attribute."
"077","75e534ec8cc0b81b130efe15a9e1bfbf503daf9cb14a93d4f59a3fd2371cddd1","person:hind:birthname","hindbio","yes","yes","yes","yes","Assistant reviewed What is the birth name of the Bahraini singer known as Hind? Answer: Suhair. Arabic and English request the same attribute. Evidence: Label identifies nickname Farashat Al Khaleej; birth name Suhair; studied business administration; discovered by Anwar Abdullah and Aref Al Zayani. Avoid disputed attribution of who selected stage name. Verified 2026-10-08. Difficulty: Recall of albums, credited composers, musical collaborations, institutions or a less familiar artist attribute."
"078","6e5e8350a34f68f75ac3a2a94d5d7739a19323bf9d1b6026084d91d138ca6b6e","song:hinddaraish:composer","hinddaraish","yes","yes","yes","yes","Assistant reviewed Who composed Hind's Al Daraish? Answer: Hamad Al Khader. Arabic and English request the same attribute. Evidence: Al Daraish by Hind: lyrics Prince Abdullah bin Saad bin Abdulaziz Al Saud; music Hamad Al Khader; arrangement Zaid Nadeem. No changing view totals used. Verified 2026-10-08. Difficulty: Recall of albums, credited composers, musical collaborations, institutions or a less familiar artist attribute."
"079","e6ae9152a74ae3ce6815d5ce9beb2a2166424f214e92635e4637e37415217001","song:batalna:videoformat","batalna","yes","yes","yes","yes","Assistant reviewed Which visual technology did Fahad Al Kubaisi's 2015 Batalna video use to let viewers look in every direction? Answer: 360-degree virtual-reality video. Arabic and English request the same attribute. Evidence: Artist's 2015 Batalna video is 360-degree virtual reality; lyrics Saad Al Mosallam. Verified 2026-10-08. Difficulty: Recall of albums, credited composers, musical collaborations, institutions or a less familiar artist attribute."
"080","3e2396033f193492de31bc4ed165764b17d8788296b2c661e43031413f1c6f9e","song:musafir:composer","musafir","yes","yes","yes","yes","Assistant reviewed Who composed Rashed Al Majid's Al Musafir? Answer: Abdul Rab Idris. Arabic and English request the same attribute. Evidence: 1996 official artist music video: words Badr bin Abdulmohsen; composition Abdul Rab Idris; vocals Rashed Al Majid. Verified 2026-10-08. Difficulty: Recall of albums, credited composers, musical collaborations, institutions or a less familiar artist attribute."
"081","7721a4946c7c73ea50a698b240cce5bde309373c78190012c110de58f05218e0","song:alamaken:composer","alamaken","yes","yes","yes","yes","Assistant reviewed Who composed Mohammed Abdu's Al Amaken? Answer: Nasser Al Saleh. Arabic and English request the same attribute. Evidence: Composer discusses Al Amaken, sung by Mohammed Abdu, words Mansour Al Shadi and music Nasser Al Saleh. No erroneous catalogue release dates used. Verified 2026-10-08. Difficulty: Recall of albums, credited composers, musical collaborations, institutions or a less familiar artist attribute."
"082","b6615e40577abbca917b4c1e5432810165960241c8a3433977254f5464506972","song:rahalty:composer","rahalty","yes","yes","yes","yes","Assistant reviewed Who composed Abdullah Al Rowaished's Rahalty? Answer: Rashed Al Khader. Arabic and English request the same attribute. Evidence: Licensed 2017 session: Abdullah Al Rowaished vocals; words Abdul Latif Al Bannai; music Rashed Al Khader; director Ahmad Al Doghaji. Verified 2026-10-08. Difficulty: Recall of albums, credited composers, musical collaborations, institutions or a less familiar artist attribute."
"083","09a357afb067a170c3b0ddd58abcbec6ae59bead7b9ae7d1aff49b565873461e","institution:qma:parent","qma","yes","yes","yes","yes","Assistant reviewed Which educational and cultural foundation is Qatar Music Academy a member of? Answer: Qatar Foundation. Arabic and English request the same attribute. Evidence: Qatar Foundation member; opened January 2011; located in Doha's Katara Cultural Village. Verified 2026-10-08. Difficulty: Recall of albums, credited composers, musical collaborations, institutions or a less familiar artist attribute."
"084","2797fcd74ae5543d68156da36b9e4a2622245f83f7ab4ed4c9096c459e183f6f","institution:qma:locationcomplex","qma","yes","yes","yes","yes","Assistant reviewed In which Doha cultural village is Qatar Music Academy located? Answer: Katara Cultural Village. Arabic and English request the same attribute. Evidence: Qatar Foundation member; opened January 2011; located in Doha's Katara Cultural Village. Verified 2026-10-08. Difficulty: Recall of albums, credited composers, musical collaborations, institutions or a less familiar artist attribute."
"085","878dc1e4992ee83ffb550bf9bdc21bd073ebe6c2047687028ac08bb0569a7ff8","work:omansymphony:composer","oman30","yes","yes","yes","yes","Assistant reviewed Which Egyptian composer wrote Oman Symphony, featured in the Royal Oman Symphony Orchestra's 30th-anniversary concert? Answer: Aziz Al Shawan. Arabic and English request the same attribute. Evidence: Programme: Oman Symphony by Aziz Al Shawan; Blessed Renaissance by Hamdan Al Shaely; Bridge to Oman world premiere by Bernd Redmann; Symphonic Impressions of Oman by Lalo Shifrin. Verified 2026-10-08. Difficulty: Recall of albums, credited composers, musical collaborations, institutions or a less familiar artist attribute."
"086","80f3e0439f1419079086b319450817d6bb3996fe5f99d07c878acae08132c9b1","song:anamasoul:composer","anamasoul","yes","yes","yes","yes","Assistant reviewed Who composed Nawal's Ana El Masoul? Answer: Nasser Al Saleh. Arabic and English request the same attribute. Evidence: Nawal 1998 album recording; words Mohamed Al Mansour; composition Nasser Al Saleh; vocals Nawal. Verified 2026-10-08. Difficulty: Recall of albums, credited composers, musical collaborations, institutions or a less familiar artist attribute."
"087","5867947861191c6dad79a1321d7e6a196644476d636de57638875fa634675d4c","song:sheratan:composer","sheratan","yes","yes","yes","yes","Assistant reviewed Who composed Rashed Al Majid's Sheratan Al Thahab? Answer: Saleh Al Shehri. Arabic and English request the same attribute. Evidence: Artist's official 2016 Dubai recording: music Saleh Al Shehri; poet Abdulaziz bin Saud Al Samer additionally confirmed artist's 2020 Dubai Shopping Festival recording https://www.youtube.com/watch?v=c0YgYx8yDGQ. No first-release date inferred from concert. Verified 2026-10-08. Difficulty: Recall of albums, credited composers, musical collaborations, institutions or a less familiar artist attribute."
"088","f32da57c08f29aa8166a857727f433cb10844402c6d289b297335bbcd4db649e","song:maqadir:composer","maqadir","yes","yes","yes","yes","Assistant reviewed Who composed Talal Maddah's Maqadir? Answer: Siraj Omar. Arabic and English request the same attribute. Evidence: Licensed Talal Maddah recording; no platform release date used. Composer Siraj Omar independently supported by https://www.aletihad.ae/article/2285/2017/%D8%B3%D8%B1%D8%A7%D8%AC-%D8%B9%D9%85%D8%B1-%D9%85%D8%AC%D8%AF%D9%91%D8%AF-%D8%A7%D9%84%D9%84%D8%AD%D9%86-%D8%A7%D9%84%D8%B3%D8%B9%D9%88%D8%AF%D9%8A. Verified 2026-10-08. Difficulty: Recall of albums, credited composers, musical collaborations, institutions or a less familiar artist attribute."
"089","04e19e997ab98e2c8edee3ece367508a78e9e921aadab82d90dcad2c627a1ed5","album:rabeh:debuttitle","rabehbeginnings","yes","yes","yes","yes","Assistant reviewed What is the title of Rabeh Saqer's debut album? Answer: Ya Naseem Al Lail. Arabic and English request the same attribute. Evidence: Label identifies debut album Ya Naseem Al Lail; original-year claim deliberately excluded. Verified 2026-10-08. Also confirms debut songs in Standard Arabic and patriotic Jisr Al Khair on Sabreen. Difficulty: Recall of albums, credited composers, musical collaborations, institutions or a less familiar artist attribute."
"090","c77e5a27f465d9c602d8f7b8b57525b8bc919979a062e5940f501cd467588135","song:wadaatak:composer","sedqni","yes","yes","yes","yes","Assistant reviewed Who composed Rabeh Saqer's Wadaatak on the album Sedqni? Answer: Yaser Bu Ali. Arabic and English request the same attribute. Evidence: Rabeh Saqer release Sedqni: title track words Mansour Al Shadi; music Rabeh Saqer. Other tracks not conflated with title track. Verified 2026-10-08. Difficulty: Recall of albums, credited composers, musical collaborations, institutions or a less familiar artist attribute."
"091","60e8e5b6e32366402487995297ebe913bf71a1b53c09be922c595ba062e61aff","artist:siraj:firstinstrument","sirajprofile","yes","yes","yes","yes","Assistant reviewed Which instrument did Siraj Omar play at the start of his career with Al Nojoum band? Answer: Violin. Arabic and English request the same attribute. Evidence: Career began on violin with Al Nojoum band; Al Tawhid for Janadriyah 1994 composed by Siraj Omar with lyrics Khaled Al Faisal. Verified 2026-10-08. Also lists Martni Al Dunya composed for Mohammed Abdu. Difficulty: Recall of albums, credited composers, musical collaborations, institutions or a less familiar artist attribute."
"092","cff0e2bd11f5b11f4d1e69d9976186846524336fde1fda050779d2d0a7a63af7","song:entaishq:composer","entaishq","yes","yes","yes","yes","Assistant reviewed Who composed Fahad Al Kubaisi's 2017 song Enta Ishq? Answer: Abdullah Al Mannai. Arabic and English request the same attribute. Evidence: Original 2017 recording: music Abdullah Al Mannai; words Hind; arrangement Cyrus Eissa. Official Artist Channel description inspected through indexed result because direct page fetch failed. Verified 2026-10-08. Difficulty: Recall of albums, credited composers, musical collaborations, institutions or a less familiar artist attribute."
"093","6acc44137c63882bcf287994982a5f86edeade8dce3758c3a726948acbade828","song:menalakher:composer","daliafirst","yes","yes","yes","yes","Assistant reviewed Who composed Dalia Mubarak's Men Al Akher? Answer: Fayez Al Saeed. Arabic and English request the same attribute. Evidence: Men Al Akher video late 2015; words Ahmad Al Sanea; composition Fayez Al Saeed; director Bassam Al Turk. Verified 2026-10-08. Also identifies first album Men Al Akher produced by Rotana. Difficulty: Recall of albums, credited composers, musical collaborations, institutions or a less familiar artist attribute."
"094","c298a69dd8cfcee76a08f68f18dd21a590597d93976d424e5a376dcc37c91505","artist:hala:talentshow","halalabel","yes","yes","yes","yes","Assistant reviewed Which talent show's first season featured Hala Al Turk? Answer: Arabs Got Talent. Arabic and English request the same attribute. Evidence: Artist participated in first season of Arabs Got Talent. Verified 2026-10-08. Artist release list includes Ana Majnouna and Layali Al Sayf. Difficulty: Recall of albums, credited composers, musical collaborations, institutions or a less familiar artist attribute."
"095","ab6f5e53f7c851c2bf6e365fbc31a9922d33b836c9482fd2072733d689db6a5c","song:nasetni:composer","nasetni","yes","yes","yes","yes","Assistant reviewed Who composed Ayed's 2016 song Nasetni? Answer: Wasm. Arabic and English request the same attribute. Evidence: Verified publisher channel; Ayed 2016 original release; words Fahad Al Mosaed; composition Wasm. Verified 2026-10-08. Difficulty: Recall of albums, credited composers, musical collaborations, institutions or a less familiar artist attribute."
"096","d2f1a3b9b839759afd74e0f08d52500aabdcf662ef3be3bfde314cff01ee2a62","artist:sultankhalifa:stagename","akherdawa","yes","yes","yes","yes","Assistant reviewed What stage name is singer Sultan Khalifa known by? Answer: Haqroos. Arabic and English request the same attribute. Evidence: Official Artist Channel identifies Haqroos stage name; 2024 Akher Dawa arrangement Abadi Al Kubaisi. Verified 2026-10-08. Difficulty: Recall of albums, credited composers, musical collaborations, institutions or a less familiar artist attribute."
"097","a007f1e7b4fd2348d3ccea18f34b1b666109ffc7f085c295f8e9a1e247c16e99","song:sikkasafar:composer","nabeelcareer","yes","yes","yes","yes","Assistant reviewed Who composed Nabeel Shuail's Sikka Safar? Answer: Rashed Al Khader. Arabic and English request the same attribute. Evidence: Sikka Safar album 1982; title song music Rashed Al Khader and words Abdul Latif Al Bannai; owns Tarban recording studio opened Jabriya January 18 2009. Verified 2026-10-08. Also confirms debut album Aqbal Al Eid 1981. Difficulty: Recall of albums, credited composers, musical collaborations, institutions or a less familiar artist attribute."
"098","5be20772da1ca9b647361baae9668d3cfa266986f2bcc190615622a4e444675a","song:qulubsahiya:composer","qulubsahiya","yes","yes","yes","yes","Assistant reviewed Who composed Nawal's Al Quloub Al Sahiya? Answer: Ali Al Jabr. Arabic and English request the same attribute. Evidence: Official Artist Channel Bahrain 2023 performance; vocals Nawal, words Yousef Al Sabri; composition Ali Al Jabr. Concert year not treated as original release. Verified 2026-10-08. Difficulty: Recall of albums, credited composers, musical collaborations, institutions or a less familiar artist attribute."
"099","929973a674e371b368c1125a6d5aa8ca8e8957736348b6340cab2831a4586b5a","song:yaibnalawadem:composer","yaibnalawadem","yes","yes","yes","yes","Assistant reviewed Under what professional name was the composer credited for Abdul Majeed Abdullah's 2021 Ya Ibn Alawadem? Answer: Mubham. Arabic and English request the same attribute. Evidence: Artist original release title identifies 2021 Aalam Mowazi track; indexed official description credits words Fahad Al Mosaed and composer Mubham. Conflicting secondary composer real-name attribution not used. Verified 2026-10-08. Difficulty: Recall of albums, credited composers, musical collaborations, institutions or a less familiar artist attribute."
"100","e2201f449fb140ea31988726412f387e2fa6791add35be20497f84db070a93d1","song:wahashtnyswalifk:composer","wahashtnyswalifk","yes","yes","yes","yes","Assistant reviewed Who composed Rashed Al Majid's 1996 song Wahashtny Swalifk? Answer: Abdul Rab Idris. Arabic and English request the same attribute. Evidence: Official Artist Channel original 1996 recording; words Al Nasser; composition Abdul Rab Idris; arrangement Amir Abdel Meguid. Verified 2026-10-08. Difficulty: Recall of albums, credited composers, musical collaborations, institutions or a less familiar artist attribute."
"101","551e294fc80086358d5dad0d09cb38b628cbadfca1887d1d771d40e8a5281994","song:tejyneshaq:composer","tejyneshaq","yes","yes","yes","yes","Assistant reviewed Who composed Fahad Al Kubaisi's Tejy Ne'shaq? Answer: Abdullah Al Mannai. Arabic and English request the same attribute. Evidence: Official Artist Channel original 2012 recording; words Al Amani; composition Al Mannai. Verified 2026-10-08. Difficulty: Recall of albums, credited composers, musical collaborations, institutions or a less familiar artist attribute."
"102","b9c581d310fe5d39dbedf2071bb5c432994201613035ad6068d5ed0f5459e3c3","song:fouadzaffa:duetpartner","fouaddmi","yes","yes","yes","yes","Assistant reviewed Who recorded the song Zaffa with Fouad Abdulwahed in 2015? Answer: Mohammed Abdu. Arabic and English request the same attribute. Evidence: Broadcaster confirms 2010 Najm Al Khaleej winner; founded Zain band; recorded Zaffa with Mohammed Abdu in 2015. Verified 2026-10-08. Difficulty: Recall of albums, credited composers, musical collaborations, institutions or a less familiar artist attribute."
"103","97b175a60970142cd9994648696f980738c32b8ff23d639a84acd8f629d3697e","song:wajed:composer","wajed","yes","yes","yes","yes","Assistant reviewed Who composed Rabeh Saqer's 2022 song Wajed? Answer: Sahm. Arabic and English request the same attribute. Evidence: Verified label channel; Rabeh Saqer 2022; words Prince Saud bin Abdullah; composition Sahm; arrangement Bashar Sultan. Verified 2026-10-08. Difficulty: Recall of albums, credited composers, musical collaborations, institutions or a less familiar artist attribute."
"104","7dec55daa0b0a750e1fb85fc98d87919c50f49b347b949b196b22e1022009190","song:methelqalbk:composer","methelqalbk","yes","yes","yes","yes","Assistant reviewed Who composed Rashed Al Majid's Methel Qalbk? Answer: Nawaf Abdullah. Arabic and English request the same attribute. Evidence: Official Artist Channel 2016; vocals Rashed Al Majid; lyrics Turki Al Sheikh; composition Nawaf Abdullah; arrangement Hisham Al Sakran. Verified 2026-10-08. Difficulty: Recall of albums, credited composers, musical collaborations, institutions or a less familiar artist attribute."
"105","53efd0b698840aa5946843fbae63253dba397685617bf42981faf1b0777a6842","song:tahadedninawal:composer","tahadedninawal","yes","yes","yes","yes","Assistant reviewed Who composed Nawal's Tahadedni? Answer: Badee Masoud. Arabic and English request the same attribute. Evidence: Official Artist Channel Bahrain 2023 concert; words Saud Al Shubrmi; music Badee Masoud. Concert year not treated as original release. Verified 2026-10-08. Difficulty: Recall of albums, credited composers, musical collaborations, institutions or a less familiar artist attribute."
"106","f95d30bbb8a3a9f1e0c99afabc3ad1984dae5e1833f0a9cc7f02a626433a9b8d","song:esmaani:composer","esmaani","yes","yes","yes","yes","Assistant reviewed What professional name is credited for the composer of Abdul Majeed Abdullah's Esmaani? Answer: Sahm. Arabic and English request the same attribute. Evidence: Official Artist Channel Jeddah 2023 concert; words Saud bin Mohammed Al Abdullah; music Sahm. Concert year not treated as original release. Verified 2026-10-08. Difficulty: Recall of albums, credited composers, musical collaborations, institutions or a less familiar artist attribute."
"107","a0a93063407ba7f58ed1e07266c8c2335263709ece9f50eb8b7823b1a26b8d31","song:ygolon:composer","ygolon","yes","yes","yes","yes","Assistant reviewed Who composed Nabeel Shuail's 2021 song Ygolon? Answer: Maitham Alaa Al Din. Arabic and English request the same attribute. Evidence: Official Artist Channel 2021; words Ahmad Al Sanea, composition Maitham Alaa Al Din, arrangement Othman Abboud. Verified 2026-10-08. Difficulty: Recall of albums, credited composers, musical collaborations, institutions or a less familiar artist attribute."
"108","2d76867e1e13cea77767efa5268ff62365508490b9df96e617a34ffa19923dfb","ensemble:bahrainphilharmonic:founder","bahrainsongsgulf","yes","yes","yes","yes","Assistant reviewed Which maestro founded the Bahrain Philharmonic Orchestra? Answer: Mubarak Najem. Arabic and English request the same attribute. Evidence: Bahrain Philharmonic founded 2022 by Mubarak Najem; December 20 2024 repertoire includes Ana Hanet by Khalid Al Shaikh. Verified 2026-10-08. Difficulty: Recall of albums, credited composers, musical collaborations, institutions or a less familiar artist attribute."
"109","6f02bc7090a2e4998558c67fea4f69e3d135acfffd50433adc14efe98606e3ab","song:lelatkhamis:composer","lelatkhamis","yes","yes","yes","yes","Assistant reviewed Who composed Mohammed Abdu's Lelat Khamis? Answer: Omar Kadars. Arabic and English request the same attribute. Evidence: Official Artist Channel February Kuwait 2020 performance; composer Omar Kadars; poet Khaled bin Yazid. No original release-year inference from upload date. Verified 2026-10-08. Difficulty: Recall of albums, credited composers, musical collaborations, institutions or a less familiar artist attribute."
"110","be5821bca95e4c692992591aacf0314b64e9076e181c45e51061412ca41936f8","song:walhan:composer","walhan","yes","yes","yes","yes","Assistant reviewed Who composed Rashed Al Majid's 2020 song Walhan? Answer: Ahmed Al Harmi. Arabic and English request the same attribute. Evidence: Official Artist Channel original 2020 release; poet Ramz; composer Ahmed Al Harmi; arrangement Cyrus. Verified 2026-10-08. Difficulty: Recall of albums, credited composers, musical collaborations, institutions or a less familiar artist attribute."
"111","c28bd5843ecc9c54218519b39cc7d252a924bf7398cd64d7d19902dc933a2240","song:tetanfasak:composer","tetanfasak","yes","yes","yes","yes","Assistant reviewed Who composed Abdul Majeed Abdullah's Tetanfasak Dunyay? Answer: Ahmed Al Harmi. Arabic and English request the same attribute. Evidence: Official Artist Channel 2022; words Anwar Al Mushairi; composer Ahmed Al Harmi; arrangement Cyrus. Verified 2026-10-08. Difficulty: Recall of albums, credited composers, musical collaborations, institutions or a less familiar artist attribute."
"112","c592795a9940c0c83b650cf10ada3c33f199e92fd9cdf050ccf3883fdad1adf1","song:mozhela:composer","mozhela","yes","yes","yes","yes","Assistant reviewed Who composed Mohammed Abdu's Mozhela? Answer: Sadeg Al Shaer. Arabic and English request the same attribute. Evidence: Verified label channel 2025 concert recording; performer Mohammed Abdu; lyrics Prince Abdulrahman bin Musaed; composer Sadeg Al Shaer. Original date not inferred. Verified 2026-10-08. Difficulty: Recall of albums, credited composers, musical collaborations, institutions or a less familiar artist attribute."
"113","b6f81415b88e1f75afefbec20fb0394292613d74f9c8798fd14acb302887b632","song:absher:composer","absher","yes","yes","yes","yes","Assistant reviewed Who composed Rashed Al Majid's 1991 song Absher? Answer: Saleh Al Shehri. Arabic and English request the same attribute. Evidence: Official Artist Channel original 1991 recording from Absher Min Oyouni; poet Rashed bin Juaythen; composer Saleh Al Shehri. Verified 2026-10-08. Difficulty: Recall of albums, credited composers, musical collaborations, institutions or a less familiar artist attribute."
"114","f28f36e397751077617f4c20a1cade2011af9b4fba7fb8dbe5f61b800d0b753b","song:kelmafelamr:arranger","kelmafelamr","yes","yes","yes","yes","Assistant reviewed Who arranged Rabeh Saqer and Nawal's duet Kel Ma Fel Amr? Answer: Hisham Al Sakran. Arabic and English request the same attribute. Evidence: Verified songwriter channel identifies duet Rabeh Saqer/Nawal; arranger Hisham Al Sakran; director Bassam Al Turk. Title labels 2021 but upload 2019, so original date excluded. Verified 2026-10-08. Difficulty: Recall of albums, credited composers, musical collaborations, institutions or a less familiar artist attribute."
"115","4015f55238bc714c3ed2a29728b25dfcb6932a327cd3c91094e6f016c5927d79","artist:talal:ziryabnamedby","talalbio","yes","yes","yes","yes","Assistant reviewed Which composer gave Talal Maddah the nickname Ziryab? Answer: Mohammed Abdel Wahab. Arabic and English request the same attribute. Evidence: Label biography identifies Sawt Al Ard nickname; Mohammed Abdel Wahab gave Ziryab nickname; first Saudi-radio song Wardak Ya Zare Al Ward. Verified 2026-10-08. Also confirms collaboration with Mohammed Abdel Wahab on Mada Aqool. Difficulty: Recall of albums, credited composers, musical collaborations, institutions or a less familiar artist attribute."
"116","96d960a11a2833c0c182d1ee19f37a902c721085b80986695ad9d62cf2b2f749","song:methlnaseem:composer","methlnaseem","yes","yes","yes","yes","Assistant reviewed Who composed Nawal's Methl Al Naseem? Answer: Yaser Bu Ali. Arabic and English request the same attribute. Evidence: Verified publisher channel; Nawal Wanasah 2017 performance; words Fahad Al Mosaed; composer Yaser Bu Ali; director Ahmad Al Doghaji. Verified 2026-10-08. Difficulty: Recall of albums, credited composers, musical collaborations, institutions or a less familiar artist attribute."
"117","d696a329f87c91145361aec61812db496ecb9c1f4d462c29177a6cbd9e6bbadd","artist:talal:firstradiosong","talalbio","yes","yes","yes","yes","Assistant reviewed According to Rotana's biography, what was Talal Maddah's first song on Saudi radio? Answer: Wardak Ya Zare Al Ward. Arabic and English request the same attribute. Evidence: Label biography identifies Sawt Al Ard nickname; Mohammed Abdel Wahab gave Ziryab nickname; first Saudi-radio song Wardak Ya Zare Al Ward. Verified 2026-10-08. Also confirms collaboration with Mohammed Abdel Wahab on Mada Aqool. Difficulty: Recall of albums, credited composers, musical collaborations, institutions or a less familiar artist attribute."
"118","3f13945d0ab94227ba656c655adff03ca1e21c2275f0bd3c7dbf6d95221a6fb3","song:ishqbalwa:composer","ishqbalwa","yes","yes","yes","yes","Assistant reviewed Who composed Fahad Al Kubaisi's Al Ishq Wal Balwa? Answer: Abdullah Al Mannai. Arabic and English request the same attribute. Evidence: Official Artist Channel 2020; music Abdullah Al Mannai; lyrics Hamad Al Braidi; arrangement Mohannad Saif. Verified 2026-10-08. Difficulty: Recall of albums, credited composers, musical collaborations, institutions or a less familiar artist attribute."
"119","bf3d8504e4fe588d31949bea9c1fddb5a7a23049b701e3e7bb49ca9b3c557b73","song:yarahleen:arranger","yarahleen","yes","yes","yes","yes","Assistant reviewed Who arranged Salah Al Zadjali's 2018 song Ya Rahleen? Answer: Cyrus. Arabic and English request the same attribute. Evidence: Official Artist Channel 2018; singer/composer Salah Al Zadjali; lyrics Hameed Al Bloushi; arrangement Cyrus. Verified 2026-10-08. Difficulty: Recall of albums, credited composers, musical collaborations, institutions or a less familiar artist attribute."
"120","7a0624365f83cc9b6473ceb5f784dbc1451231d20a6d74f293d001188deeb502","song:wakefshway:composer","nabeelvoice","yes","yes","yes","yes","Assistant reviewed Which composer collaborated with Nabeel Shuail on Wakef Shway from the album Shuail 2018? Answer: Meshal Al Arouj. Arabic and English request the same attribute. Evidence: Bulbul Al Khaleej nickname; Wakef Shway from Shuail 2018 collaboration Meshal Al Arouj; first recorded TV theme Izaaj 1988; Ma Aroak album 1998. Unverified broad first-artist superlatives excluded. Verified 2026-10-08. Difficulty: Recall of albums, credited composers, musical collaborations, institutions or a less familiar artist attribute."
"121","62f926ca79eb133c2eb32fd0d1051b1e9547782b24ec379c3f9c9cc8f36a420d","album:rabeh95:versions","rabehprofile","yes","yes","yes","yes","Assistant reviewed What two musical styles distinguished the versions of Rabeh Saqer's album Rabeh 95? Answer: Eastern and Western. Arabic and English request the same attribute. Evidence: Label identifies Musiqar Al Khaleej nickname and supervision of Abdul Majeed Abdullah's Ghali and Najwa Karam's Ma Hada La Hada. Verified 2026-10-08. Unreliable superlatives and changing album totals excluded. Difficulty: Recall of albums, credited composers, musical collaborations, institutions or a less familiar artist attribute."
"122","99a56bce19ea3bd0b09bb3777599bef323f31d9d78e0247955a8b19f8c09a7d0","artist:abadi:octopusnamedby","abadinickname","yes","yes","yes","yes","Assistant reviewed Which singer gave Abadi Al Johar the nickname Octopus of the Oud? Answer: Talal Maddah. Arabic and English request the same attribute. Evidence: Artist direct interview confirms Octopus of the Oud nickname given by Talal Maddah. Verified 2026-10-08. Difficulty: Recall of albums, credited composers, musical collaborations, institutions or a less familiar artist attribute."
"123","995c0bfd878580a77e2ff5d969db4dd2ddfcca094cf52cb9d10015afacfe0bb3","album:abdu2024:composer","abdu2024","yes","yes","yes","yes","Assistant reviewed Which composer wrote all the music for the album Mohammed Abdu 2024? Answer: Dr Talal. Arabic and English request the same attribute. Evidence: Label calls Mohammed Abdu Fannan Al Arab; Mohammed Abdu 2024 all compositions Dr Talal; Ya Jannat Al Dunya lyrics Ali Mosaed. Verified 2026-10-08. Difficulty: Recall of albums, credited composers, musical collaborations, institutions or a less familiar artist attribute."
"124","f4a543aec9e0e515451e2b39d6119e2f2404d912c2456d4366d7dc4ac14b805e","song:tenadeek:composer","tenadeek","yes","yes","yes","yes","Assistant reviewed Who composed Majid Al Mohandis's Tenadeek? Answer: Ahmed Al Harmi. Arabic and English request the same attribute. Evidence: Verified label channel; vocals Majid Al Mohandis; composer Ahmed Al Harmi; lyrics Yasser Al Twaijri. Verified 2026-10-08. Difficulty: Recall of albums, credited composers, musical collaborations, institutions or a less familiar artist attribute."
"125","08f6759e46c41a09bd866cf744fee5ede386c589036eb7ff396b3e4ecc15c957","song:qalbielsagheer:composer","qalbielsagheer","yes","yes","yes","yes","Assistant reviewed What name is credited for the composer of Fouad Abdulwahed's Qalbi El Sagheer on the official release? Answer: Adham. Arabic and English request the same attribute. Evidence: Verified label channel published 2016; Fouad Abdulwahed; words Anwar Al Mushairi; music Adham; album Fouad Abdulwahed 2016. Verified 2026-10-08. Difficulty: Recall of albums, credited composers, musical collaborations, institutions or a less familiar artist attribute."
"126","c14d24a9c90a7ffd564010ce719b3a8b63b5332d9eb98ca26c0bfbccd13d4ff7","album:dalia:debuttitle","daliafirst","yes","yes","yes","yes","Assistant reviewed What was the title of Dalia Mubarak's debut album, produced by Rotana? Answer: Men Al Akher. Arabic and English request the same attribute. Evidence: Men Al Akher video late 2015; words Ahmad Al Sanea; composition Fayez Al Saeed; director Bassam Al Turk. Verified 2026-10-08. Also identifies first album Men Al Akher produced by Rotana. Difficulty: Recall of albums, credited composers, musical collaborations, institutions or a less familiar artist attribute."
"127","1318018229a538d325657f3a8251c2c23917f3f8d6f53c3c8ba241893cf0e2f6","album:nabeel:debuttitle","nabeelcareer","yes","yes","yes","yes","Assistant reviewed According to Rotana's career profile, what was the title of Nabeel Shuail's first album, released in 1981? Answer: Aqbal Al Eid. Arabic and English request the same attribute. Evidence: Sikka Safar album 1982; title song music Rashed Al Khader and words Abdul Latif Al Bannai; owns Tarban recording studio opened Jabriya January 18 2009. Verified 2026-10-08. Also confirms debut album Aqbal Al Eid 1981. Difficulty: Recall of albums, credited composers, musical collaborations, institutions or a less familiar artist attribute."
"128","8bb29ae5a4d8d855122fa0e5f6b6642681b167a2866af4717e7d133e3778b6da","song:jisrkhair:album","rabehbeginnings","yes","yes","yes","yes","Assistant reviewed Which Rabeh Saqer album included his patriotic song Jisr Al Khair? Answer: Sabreen. Arabic and English request the same attribute. Evidence: Label identifies debut album Ya Naseem Al Lail; original-year claim deliberately excluded. Verified 2026-10-08. Also confirms debut songs in Standard Arabic and patriotic Jisr Al Khair on Sabreen. Difficulty: Recall of albums, credited composers, musical collaborations, institutions or a less familiar artist attribute."
"129","396c228b6664c6fa515b6d1f075882aef563c1d277560b41f78fff0877f48bde","song:aymezza:composer","aymezza","yes","yes","yes","yes","Assistant reviewed Who composed Abdullah Al Rowaished's Ay Mezza? Answer: Sulaiman Al Mulla. Arabic and English request the same attribute. Evidence: Production company's official channel; singer Abdullah Al Ruwaished; words Sami Al Ali; composer Sulaiman Al Mulla. Verified 2026-10-08. Difficulty: Recall of albums, credited composers, musical collaborations, institutions or a less familiar artist attribute."
"130","58c7a89f55198d9191a67e00491f4db57c48206f4adddcfc0836349c01bad231","song:kafeetwafeet:creator","kafeetwafeet","yes","yes","yes","yes","Assistant reviewed Who wrote and composed Fouad Abdulwahed's Kafeet W Wafeet? Answer: Abdulaziz Al Abkal. Arabic and English request the same attribute. Evidence: Official Artist Channel 2014 release; words and music Abdulaziz Al Abkal; director Yaser Al Yaseri. Verified 2026-10-08. Difficulty: Recall of albums, credited composers, musical collaborations, institutions or a less familiar artist attribute."
"131","fa4c28d2c06898609ec82d83c5b27b7a7b4d25ef4ba1fdf1e62466ba120c1120","song:madaaqool:composer","talalbio","yes","yes","yes","yes","Assistant reviewed Which Egyptian composer collaborated with Talal Maddah on Mada Aqool? Answer: Mohammed Abdel Wahab. Arabic and English request the same attribute. Evidence: Label biography identifies Sawt Al Ard nickname; Mohammed Abdel Wahab gave Ziryab nickname; first Saudi-radio song Wardak Ya Zare Al Ward. Verified 2026-10-08. Also confirms collaboration with Mohammed Abdel Wahab on Mada Aqool. Difficulty: Recall of albums, credited composers, musical collaborations, institutions or a less familiar artist attribute."
"132","9d548240feeaffc90956d3d33b0dbb720416586ca6733248f9089cd476d9776c","song:martnidunya:composer","sirajprofile","yes","yes","yes","yes","Assistant reviewed Who composed Mohammed Abdu's Martni Al Dunya? Answer: Siraj Omar. Arabic and English request the same attribute. Evidence: Career began on violin with Al Nojoum band; Al Tawhid for Janadriyah 1994 composed by Siraj Omar with lyrics Khaled Al Faisal. Verified 2026-10-08. Also lists Martni Al Dunya composed for Mohammed Abdu. Difficulty: Recall of albums, credited composers, musical collaborations, institutions or a less familiar artist attribute."
"133","c3718e06d4c811c2084d4bf93a580b124575ccc40c7f467e867ed17802ab6b9c","song:raheeb:composer","raheeb","yes","yes","yes","yes","Assistant reviewed Who composed Abdul Majeed Abdullah's Raheeb? Answer: Saleh Al Shehri. Arabic and English request the same attribute. Evidence: Official Artist Channel Bahrain 2022 concert; lyrics Salem Al Khaldi; composition Saleh Al Shehri. Verified 2026-10-08. Difficulty: Recall of albums, credited composers, musical collaborations, institutions or a less familiar artist attribute."
"134","c8d355314f9f5efa5c098c6862d9c43c75e65561158e1551e449ae7f9a9ff167","song:yaibnalawadem:album","yaibnalawadem","yes","yes","yes","yes","Assistant reviewed Which Abdul Majeed Abdullah album included the 2021 release Ya Ibn Alawadem? Answer: Aalam Mowazi. Arabic and English request the same attribute. Evidence: Artist original release title identifies 2021 Aalam Mowazi track; indexed official description credits words Fahad Al Mosaed and composer Mubham. Conflicting secondary composer real-name attribution not used. Verified 2026-10-08. Difficulty: Recall of albums, credited composers, musical collaborations, institutions or a less familiar artist attribute."
"135","4ac35e38f09da0cd9f7132efd74d15338a358930c29f3bee35c7f50f59190c89","song:sikkasafar:lyricist","nabeelcareer","yes","yes","yes","yes","Assistant reviewed Who wrote the lyrics of Nabeel Shuail's Sikka Safar? Answer: Abdul Latif Al Bannai. Arabic and English request the same attribute. Evidence: Sikka Safar album 1982; title song music Rashed Al Khader and words Abdul Latif Al Bannai; owns Tarban recording studio opened Jabriya January 18 2009. Verified 2026-10-08. Also confirms debut album Aqbal Al Eid 1981. Difficulty: Recall of albums, credited composers, musical collaborations, institutions or a less familiar artist attribute."
"136","f4543be0a6991c3d3c5882e8b9eb3a38328d30c432d4051e0496857b903b37ce","album:rabehdebut:languageform","rabehbeginnings","yes","yes","yes","yes","Assistant reviewed Which form of Arabic did Rabeh Saqer use for the songs on his debut album Ya Naseem Al Lail? Answer: Standard Arabic. Arabic and English request the same attribute. Evidence: Label identifies debut album Ya Naseem Al Lail; original-year claim deliberately excluded. Verified 2026-10-08. Also confirms debut songs in Standard Arabic and patriotic Jisr Al Khair on Sabreen. Difficulty: Recall of albums, credited composers, musical collaborations, institutions or a less familiar artist attribute."
"137","e86f434957ef89ce2dec7437810fa3ec19e3d35d6d94838720016d09235d4517","song:katheirelli:lyricist","katheirelli","yes","yes","yes","yes","Assistant reviewed What is the lyricist's pen name on Fahad Al Kubaisi's 2014 Katheer Elli? Answer: Al Amani. Arabic and English request the same attribute. Evidence: Official original 2014 artist recording: lyrics Al Amani, music Abdullah Al Mannai. Verified 2026-10-08. Difficulty: Specialist recall of lyricists, arrangers, orchestral works, historical credits or a precisely dated musical event."
"138","6a2ac4dce824b8f0bff58bf20c7dab62ce1bdd357bbc5e19dca4fdc54a681b4a","song:bnayti:poet","bnayti","yes","yes","yes","yes","Assistant reviewed Who wrote the lyrics of Bnayty El Habooba for Hala Al Turk and Mashael? Answer: Khaled Al Awad. Arabic and English request the same attribute. Evidence: Duet Hala Al Turk and Mashael; words Khaled Al Awad; music Issam Kamal; arrangement Hossam Kamel; director Ziad Barazi; video produced by MBC3. Verified 2026-10-08. Difficulty: Specialist recall of lyricists, arrangers, orchestral works, historical credits or a precisely dated musical event."
"139","5ff26e556c9af39e91f82a9b3cfb0e6b8d2ef069b6a97657fb992a29cffb9c8b","song:zahgana:director","zahgana","yes","yes","yes","yes","Assistant reviewed Who directed the official music video for Hala Al Turk's Zahgana? Answer: Ziad Barazi. Arabic and English request the same attribute. Evidence: Singer Hala Al Turk; words Khaled Al Awad; composition Issam Kamal; director Ziad Barazi; label Platinum Records. Verified 2026-10-08. Difficulty: Specialist recall of lyricists, arrangers, orchestral works, historical credits or a precisely dated musical event."
"140","22f9b14e3de5e3d3354b01770f14ca8bd43e1ed70f3dd447069abf0fb4b96708","person:ala:englishdebutcity","alabio","yes","yes","yes","yes","Assistant reviewed In which US city did Ala Ghawas launch his English music in 2007 while on a Fulbright scholarship? Answer: Boston. Arabic and English request the same attribute. Evidence: English debut Boston 2007 as Fulbright scholar; Arabic album Brouvat Mout 2021 co-produced with Isa Najem; Hums 2007; bilingual Live from Manama 2023. No inferred fifteen-year interval used because introductory prose conflicts with explicit discography. Verified 2026-10-08. Difficulty: Specialist recall of lyricists, arrangers, orchestral works, historical credits or a precisely dated musical event."
"141","f3b8c94c1a03f7bbc9cc6d23e7dea5224e386168e8a9fa3ccbd9247c6b529776","album:ala:brouvatcoproducer","alabio","yes","yes","yes","yes","Assistant reviewed Who co-produced Brouvat Mout with Ala Ghawas? Answer: Isa Najem. Arabic and English request the same attribute. Evidence: English debut Boston 2007 as Fulbright scholar; Arabic album Brouvat Mout 2021 co-produced with Isa Najem; Hums 2007; bilingual Live from Manama 2023. No inferred fifteen-year interval used because introductory prose conflicts with explicit discography. Verified 2026-10-08. Difficulty: Specialist recall of lyricists, arrangers, orchestral works, historical credits or a precisely dated musical event."
"142","37cc821b855eaed9f070e8e86a22fe48c5d461995c852991268834642e82fcec","album:ala:2007title","alabio","yes","yes","yes","yes","Assistant reviewed What is the title of Ala Ghawas's English release from 2007? Answer: Hums. Arabic and English request the same attribute. Evidence: English debut Boston 2007 as Fulbright scholar; Arabic album Brouvat Mout 2021 co-produced with Isa Najem; Hums 2007; bilingual Live from Manama 2023. No inferred fifteen-year interval used because introductory prose conflicts with explicit discography. Verified 2026-10-08. Difficulty: Specialist recall of lyricists, arrangers, orchestral works, historical credits or a precisely dated musical event."
"143","b872320875d1a40b6dc53f087c0a9b493c9fa79a58efc42c4bee01047463c367","ensemble:farisband:debutcity","farisband","yes","yes","yes","yes","Assistant reviewed In which European city did the Mohammed bin Faris Band give its first concert in 2001? Answer: Paris. Arabic and English request the same attribute. Evidence: Band's first concert at second Arab Music Festival in Paris on 14 June 2001; performs Sawt, Besta and Khamari. Do not repeat completed Gulf Culture questions about Sawt's pioneer, drums, dance or gathering. Verified 2026-10-08. Difficulty: Specialist recall of lyricists, arrangers, orchestral works, historical credits or a precisely dated musical event."
"144","a1a5a0a34104a1b26e5321692fe3c523947eac3cd7fe7b7a560f4eae84d8ecf7","person:zuwaid:earlyvessels","zuwaid","yes","yes","yes","yes","Assistant reviewed Aboard which type of vessels did Mohammed Zuwaid work before his music career in the 1930s? Answer: Pearl-diving vessels. Arabic and English request the same attribute. Evidence: Mohammed Zuwaid known as ambassador of Bahraini song; worked aboard pearl-diving vessels in 1930s; learned oud from Mohammed bin Faris. Verified 2026-10-08. Difficulty: Specialist recall of lyricists, arrangers, orchestral works, historical credits or a precisely dated musical event."
"145","a8a5a4c1ea9c7b69f802a8ace3636f8b9585bf765052ec9d27ae77b78cee9c8b","concert:rhythmlife:2026orchestraspeaker","rhythmlife","yes","yes","yes","yes","Assistant reviewed Which maestro presented the Royal Oman Symphony Orchestra lecture in the Rhythm of Life programme in February 2026? Answer: Hamdan Al Shuayli. Arabic and English request the same attribute. Evidence: Rhythm of Life: Richness and Diversity in Omani Arts exhibition covers Omani musical heritage; February 2026 Royal Oman Symphony Orchestra lecture delivered by maestro Hamdan Al Shuayli. Verified 2026-10-08. Difficulty: Specialist recall of lyricists, arrangers, orchestral works, historical credits or a precisely dated musical event."
"146","8333e71c87624e15f59078552501e0b8084ad5668c35620afffd5a161c075108","song:hinddaraish:lyricist","hinddaraish","yes","yes","yes","yes","Assistant reviewed Which prince wrote the lyrics of Hind's Al Daraish? Answer: Prince Abdullah bin Saad bin Abdulaziz Al Saud. Arabic and English request the same attribute. Evidence: Al Daraish by Hind: lyrics Prince Abdullah bin Saad bin Abdulaziz Al Saud; music Hamad Al Khader; arrangement Zaid Nadeem. No changing view totals used. Verified 2026-10-08. Difficulty: Specialist recall of lyricists, arrangers, orchestral works, historical credits or a precisely dated musical event."
"147","d27777d745b7fcb073761d6cf751f83a749522506f71ac1917f5f62edabf041a","song:tarban:lyricist","tarban","yes","yes","yes","yes","Assistant reviewed Who wrote the lyrics of Salah Al Zadjali's Tarban? Answer: Haitham Al Busaidi. Arabic and English request the same attribute. Evidence: Artist original 2023: singer/composer Salah Al Zadjali; lyrics Haitham Al Busaidi; label production announcement independently corroborates credits. Verified 2026-10-08. Difficulty: Specialist recall of lyricists, arrangers, orchestral works, historical credits or a precisely dated musical event."
"148","1d7c6bc895311a9f1862bd28f288f029af7d4f9d3daba76ae167932cab52aac4","song:lehana:lyricist","lehana","yes","yes","yes","yes","Assistant reviewed What is the lyricist's pen name on Fahad Al Kubaisi's Leih Ana Ahtam? Answer: Al Amani. Arabic and English request the same attribute. Evidence: Original 2014 artist release; singer Fahad Al Kubaisi; words Al Amani. Verified 2026-10-08. Difficulty: Specialist recall of lyricists, arrangers, orchestral works, historical credits or a precisely dated musical event."
"149","e00543bc9db7c02193dad00b40d88f1c2e71a61dd1d83fd3a8fa87501811ae5e","song:batalna:lyricist","batalna","yes","yes","yes","yes","Assistant reviewed Who wrote the lyrics of Fahad Al Kubaisi's Batalna? Answer: Saad Al Mosallam. Arabic and English request the same attribute. Evidence: Artist's 2015 Batalna video is 360-degree virtual reality; lyrics Saad Al Mosallam. Verified 2026-10-08. Difficulty: Specialist recall of lyricists, arrangers, orchestral works, historical credits or a precisely dated musical event."
"150","8ca478116b2751e39f8db4ce559e048422008b9c4d7cc6711bc16836df8e2b07","song:tabra:lyricist","tabra","yes","yes","yes","yes","Assistant reviewed Who wrote the lyrics of Nawal's Tabra? Answer: Abdul Latif Al Bannai. Arabic and English request the same attribute. Evidence: Artist's original recording marked 1985; singer Nawal; lyricist Abdul Latif Al Bannai. Verified 2026-10-08. Difficulty: Specialist recall of lyricists, arrangers, orchestral works, historical credits or a precisely dated musical event."
"151","e78b9c1d1b020a26986ffd3d69f731f445d5744f64e6779f900bc26b20b79906","song:yashams:lyricist","yashams","yes","yes","yes","yes","Assistant reviewed Who wrote the lyrics of Nabeel Shuail's Ya Shams? Answer: Abdul Latif Al Bannai. Arabic and English request the same attribute. Evidence: Label release: singer Nabeel Shuail; words Abdul Latif Al Bannai; music credited as developed folklore, not an individual contemporary composer. Verified 2026-10-08. Difficulty: Specialist recall of lyricists, arrangers, orchestral works, historical credits or a precisely dated musical event."
"152","85cf4c889b64f16f1b25bc93b9483fa0ff418ff2479873687b5a28e0553dedc5","song:musafir:lyricist","musafir","yes","yes","yes","yes","Assistant reviewed Who wrote the lyrics of Rashed Al Majid's Al Musafir? Answer: Badr bin Abdulmohsen. Arabic and English request the same attribute. Evidence: 1996 official artist music video: words Badr bin Abdulmohsen; composition Abdul Rab Idris; vocals Rashed Al Majid. Verified 2026-10-08. Difficulty: Specialist recall of lyricists, arrangers, orchestral works, historical credits or a precisely dated musical event."
"153","1b9969f43ef533859497738dcfe65c3e8c6f4aecd2b91766475751406a59c854","song:alamaken:lyricist","alamaken","yes","yes","yes","yes","Assistant reviewed Who wrote the lyrics of Mohammed Abdu's Al Amaken? Answer: Mansour Al Shadi. Arabic and English request the same attribute. Evidence: Composer discusses Al Amaken, sung by Mohammed Abdu, words Mansour Al Shadi and music Nasser Al Saleh. No erroneous catalogue release dates used. Verified 2026-10-08. Difficulty: Specialist recall of lyricists, arrangers, orchestral works, historical credits or a precisely dated musical event."
"154","9e9d83fae149004aca7cbbcad5a23798d9dc5a25ebfbdc3f6222e3cad25d7878","song:rahalty:lyricist","rahalty","yes","yes","yes","yes","Assistant reviewed Who wrote the lyrics of Abdullah Al Rowaished's Rahalty? Answer: Abdul Latif Al Bannai. Arabic and English request the same attribute. Evidence: Licensed 2017 session: Abdullah Al Rowaished vocals; words Abdul Latif Al Bannai; music Rashed Al Khader; director Ahmad Al Doghaji. Verified 2026-10-08. Difficulty: Specialist recall of lyricists, arrangers, orchestral works, historical credits or a precisely dated musical event."
"155","d3b1a1647025f756a7e45c7f31182f1b2443c25ee02685f36e96bcc0617c3b27","song:sedqni:lyricist","sedqni","yes","yes","yes","yes","Assistant reviewed Who wrote the lyrics of Rabeh Saqer's Sedqni? Answer: Mansour Al Shadi. Arabic and English request the same attribute. Evidence: Rabeh Saqer release Sedqni: title track words Mansour Al Shadi; music Rabeh Saqer. Other tracks not conflated with title track. Verified 2026-10-08. Difficulty: Specialist recall of lyricists, arrangers, orchestral works, historical credits or a precisely dated musical event."
"156","a80c7e36f5482be0a0df92ee298319d3149f9c0050c327d642104036f504c864","institution:qma:openingyear","qma","yes","yes","yes","yes","Assistant reviewed In which year did Qatar Music Academy open its doors? Answer: 2011. Arabic and English request the same attribute. Evidence: Qatar Foundation member; opened January 2011; located in Doha's Katara Cultural Village. Verified 2026-10-08. Difficulty: Specialist recall of lyricists, arrangers, orchestral works, historical credits or a precisely dated musical event."
"157","b59e33b3320d03c458860b7bbd873c2d18c79266e2d0525a9616622f489cae20","ensemble:omanorchestra:foundingyear","omanorchestra","yes","yes","yes","yes","Assistant reviewed In which year did the creation of the Royal Oman Symphony Orchestra begin? Answer: 1985. Arabic and English request the same attribute. Evidence: Royal Oman Symphony Orchestra initiative began 1985; young Omani musicians trained under Royal Guard supervision. Indexed official text inspected; later page fetch returned 502. Verified 2026-10-08. Difficulty: Specialist recall of lyricists, arrangers, orchestral works, historical credits or a precisely dated musical event."
"158","5138fa430fb11ec94da1fb163b308a44b2928088ec3f11574a883853b29f7428","work:blessedrenaissance:composer","oman30","yes","yes","yes","yes","Assistant reviewed Which Omani composer wrote Blessed Renaissance, included in the Royal Oman Symphony Orchestra's 30th-anniversary programme? Answer: Hamdan Al Shuayli. Arabic and English request the same attribute. Evidence: Programme: Oman Symphony by Aziz Al Shawan; Blessed Renaissance by Hamdan Al Shaely; Bridge to Oman world premiere by Bernd Redmann; Symphonic Impressions of Oman by Lalo Shifrin. Verified 2026-10-08. Difficulty: Specialist recall of lyricists, arrangers, orchestral works, historical credits or a precisely dated musical event."
"159","741596e9eca5fd78a5ea0b240c8ccd397502dd7d6e4bfc390c2ab69bb1d59681","work:bridgetooman:composer","oman30","yes","yes","yes","yes","Assistant reviewed Which German composer wrote Bridge to Oman for bass-baritone and orchestra? Answer: Bernd Redmann. Arabic and English request the same attribute. Evidence: Programme: Oman Symphony by Aziz Al Shawan; Blessed Renaissance by Hamdan Al Shaely; Bridge to Oman world premiere by Bernd Redmann; Symphonic Impressions of Oman by Lalo Shifrin. Verified 2026-10-08. Difficulty: Specialist recall of lyricists, arrangers, orchestral works, historical credits or a precisely dated musical event."
"160","bb29049cf4caeff2c60caa7697432509f47be74fef996fa8d40cab3bf0a50606","work:impressionsoman:composer","oman30","yes","yes","yes","yes","Assistant reviewed Which Argentine-American composer wrote Symphonic Impressions of Oman? Answer: Lalo Shifrin. Arabic and English request the same attribute. Evidence: Programme: Oman Symphony by Aziz Al Shawan; Blessed Renaissance by Hamdan Al Shaely; Bridge to Oman world premiere by Bernd Redmann; Symphonic Impressions of Oman by Lalo Shifrin. Verified 2026-10-08. Difficulty: Specialist recall of lyricists, arrangers, orchestral works, historical credits or a precisely dated musical event."
"161","f21edfa4434299183a57998557fdec4212d5a57a7c385bcc457fbda907eee15f","song:anamasoul:lyricist","anamasoul","yes","yes","yes","yes","Assistant reviewed Who wrote the lyrics of Nawal's Ana El Masoul? Answer: Mohamed Al Mansour. Arabic and English request the same attribute. Evidence: Nawal 1998 album recording; words Mohamed Al Mansour; composition Nasser Al Saleh; vocals Nawal. Verified 2026-10-08. Difficulty: Specialist recall of lyricists, arrangers, orchestral works, historical credits or a precisely dated musical event."
"162","8ccac02ce3ede2d264ab079640145752849f4e78658572c7657a5d04e86d4642","song:sheratan:lyricist","sheratan","yes","yes","yes","yes","Assistant reviewed Who wrote the lyrics of Rashed Al Majid's Sheratan Al Thahab under the pen name Al Samer? Answer: Prince Abdulaziz bin Saud. Arabic and English request the same attribute. Evidence: Artist's official 2016 Dubai recording: music Saleh Al Shehri; poet Abdulaziz bin Saud Al Samer additionally confirmed artist's 2020 Dubai Shopping Festival recording https://www.youtube.com/watch?v=c0YgYx8yDGQ. No first-release date inferred from concert. Verified 2026-10-08. Difficulty: Specialist recall of lyricists, arrangers, orchestral works, historical credits or a precisely dated musical event."
"163","0478b547218cded6146a09a81a2304b542d9d6b1c3cd19a141380b409da636e0","song:sikkataweela:lyricist","sikkataweela","yes","yes","yes","yes","Assistant reviewed Who wrote the lyrics of Abadi Al Johar's Sikka Taweela? Answer: Saud Salem. Arabic and English request the same attribute. Evidence: Artist original recording: vocals/music Abadi Al Johar; words Saud Salem; album Asdaq Ma Katabt. Verified 2026-10-08. Difficulty: Specialist recall of lyricists, arrangers, orchestral works, historical credits or a precisely dated musical event."
"164","b5f56dbdb37f986af2497cf102bf91da81dc23cecb5ba614367c47ce94bc02aa","album:ghali:supervisor","rabehprofile","yes","yes","yes","yes","Assistant reviewed Which singer and composer supervised Abdul Majeed Abdullah's album Ghali? Answer: Rabeh Saqer. Arabic and English request the same attribute. Evidence: Label identifies Musiqar Al Khaleej nickname and supervision of Abdul Majeed Abdullah's Ghali and Najwa Karam's Ma Hada La Hada. Verified 2026-10-08. Unreliable superlatives and changing album totals excluded. Difficulty: Specialist recall of lyricists, arrangers, orchestral works, historical credits or a precisely dated musical event."
"165","de44cf102c3d8de7f9589b1d5600d86ea0429862f232edb242bd15789ed8771b","song:ammaryadarna:lyricist","sedqni","yes","yes","yes","yes","Assistant reviewed Who wrote Ammar Ya Darna, recorded by Rabeh Saqer on the album Sedqni? Answer: Prince Saad Al Saud, Al Munadi. Arabic and English request the same attribute. Evidence: Rabeh Saqer release Sedqni: title track words Mansour Al Shadi; music Rabeh Saqer. Other tracks not conflated with title track. Verified 2026-10-08. Difficulty: Specialist recall of lyricists, arrangers, orchestral works, historical credits or a precisely dated musical event."
"166","dbc26b4320fb51bb819ceefdc88c862b2f3354b48ce1d39998b1912bbae62740","song:maqadir:lyricist","maqadirhistory","yes","yes","yes","yes","Assistant reviewed Who wrote the lyrics of Talal Maddah's Maqadir? Answer: Prince Mohammed Al Abdullah Al Faisal. Arabic and English request the same attribute. Evidence: Lyrics Mohammed Al Abdullah Al Faisal; composer Siraj Omar directly interviewed. Original date not used because article date claim is questionable. Verified 2026-10-08. Difficulty: Specialist recall of lyricists, arrangers, orchestral works, historical credits or a precisely dated musical event."
"167","cb8764aa7b466f1b072c36cfec0f5d59e0966de2fcbc69c03d7d1d04679ccc16","operetta:tawhid:lyricist","sirajprofile","yes","yes","yes","yes","Assistant reviewed Who wrote the lyrics of Al Tawhid, the operetta Siraj Omar composed for Janadriyah in 1994? Answer: Prince Khaled Al Faisal. Arabic and English request the same attribute. Evidence: Career began on violin with Al Nojoum band; Al Tawhid for Janadriyah 1994 composed by Siraj Omar with lyrics Khaled Al Faisal. Verified 2026-10-08. Also lists Martni Al Dunya composed for Mohammed Abdu. Difficulty: Specialist recall of lyricists, arrangers, orchestral works, historical credits or a precisely dated musical event."
"168","656e11a8054aeb778ccadeca18ce0fc194d24807eb780ee8c28f518b2f49e78a","song:entaishq:arranger","entaishq","yes","yes","yes","yes","Assistant reviewed Who arranged Fahad Al Kubaisi's 2017 song Enta Ishq? Answer: Cyrus Eissa. Arabic and English request the same attribute. Evidence: Original 2017 recording: music Abdullah Al Mannai; words Hind; arrangement Cyrus Eissa. Official Artist Channel description inspected through indexed result because direct page fetch failed. Verified 2026-10-08. Difficulty: Specialist recall of lyricists, arrangers, orchestral works, historical credits or a precisely dated musical event."
"169","ab10c9a5410d9be767a684e5484f5bbf1a6f8380356c38c9d002aa1063efeab2","song:hekayatnai:lyricist","hekayatnai","yes","yes","yes","yes","Assistant reviewed Who wrote the lyrics of Salah Al Zadjali's Hekayat Nai? Answer: Hameed Al Bloushi. Arabic and English request the same attribute. Evidence: Official Artist Channel original recording published February 8 2013; words Hameed Al Bloushi; vocals/music Salah Al Zadjali; arrangement Mohammed Saleh. Indexed description inspected. Verified 2026-10-08. Difficulty: Specialist recall of lyricists, arrangers, orchestral works, historical credits or a precisely dated musical event."
"170","70df45a41c6887ad77bb06e9a5b2aeacb983eda833f9c7cdd64a586c6e2529cb","song:menalakher:director","daliafirst","yes","yes","yes","yes","Assistant reviewed Who directed Dalia Mubarak's 2015 Men Al Akher music video? Answer: Bassam Al Turk. Arabic and English request the same attribute. Evidence: Men Al Akher video late 2015; words Ahmad Al Sanea; composition Fayez Al Saeed; director Bassam Al Turk. Verified 2026-10-08. Also identifies first album Men Al Akher produced by Rotana. Difficulty: Specialist recall of lyricists, arrangers, orchestral works, historical credits or a precisely dated musical event."
"171","77a057fedb1dae4be3f25f30446e9b607de733d601692fc2872008a9e1bd5a80","song:nasetni:lyricist","nasetni","yes","yes","yes","yes","Assistant reviewed Who wrote the lyrics of Ayed's Nasetni? Answer: Fahad Al Mosaed. Arabic and English request the same attribute. Evidence: Verified publisher channel; Ayed 2016 original release; words Fahad Al Mosaed; composition Wasm. Verified 2026-10-08. Difficulty: Specialist recall of lyricists, arrangers, orchestral works, historical credits or a precisely dated musical event."
"172","cbe627d237bf8f4aca602d7794ee1c64fdde7aac61bab48a2e1af9fbdd4bde6b","song:anqanaah:lyricist","anqanaah","yes","yes","yes","yes","Assistant reviewed Who wrote the lyrics of Abdulaziz El Muanna's An Qanaah? Answer: Mohammed Al Gharir. Arabic and English request the same attribute. Evidence: Official Artist Channel; uploaded December 29 2017 although description labels project 2018, so no original release-year claim made; singer Abdulaziz El Muanna, lyrics Mohammed Al Gharir. Verified 2026-10-08. Difficulty: Specialist recall of lyricists, arrangers, orchestral works, historical credits or a precisely dated musical event."
"173","4445bb79d0b56bf0624f13ae455f95f6228a81f8050c783848814fd25a50aa89","song:akherdawa:arranger","akherdawa","yes","yes","yes","yes","Assistant reviewed Who arranged Sultan Khalifa's 2024 song Akher Dawa? Answer: Abadi Al Kubaisi. Arabic and English request the same attribute. Evidence: Official Artist Channel identifies Haqroos stage name; 2024 Akher Dawa arrangement Abadi Al Kubaisi. Verified 2026-10-08. Difficulty: Specialist recall of lyricists, arrangers, orchestral works, historical credits or a precisely dated musical event."
"174","a06d339104b7925f139bf79ac53ca99dd9cfe2e095a1bcfd87a7f1d777357d78","song:qulubsahiya:lyricist","qulubsahiya","yes","yes","yes","yes","Assistant reviewed Who wrote the lyrics of Nawal's Al Quloub Al Sahiya? Answer: Yousef Al Sabri. Arabic and English request the same attribute. Evidence: Official Artist Channel Bahrain 2023 performance; vocals Nawal, words Yousef Al Sabri; composition Ali Al Jabr. Concert year not treated as original release. Verified 2026-10-08. Difficulty: Specialist recall of lyricists, arrangers, orchestral works, historical credits or a precisely dated musical event."
"175","1d68b0b1a640b934b04baca070c2948640cdc5e6acc8c4cabd4e0a5a208e36f5","song:shamsbayni:lyricist","shamsbaynipoet","yes","yes","yes","yes","Assistant reviewed Who wrote the lyrics of Aseel Abu Bakr's Shams Bayni Wabaynak? Answer: Mohammed Al Qarni. Arabic and English request the same attribute. Evidence: Mohammed Al Qarni interviewed about writing Shams Bayni Wabaynak sung by Aseel Abu Bakr. Verified 2026-10-08. Difficulty: Specialist recall of lyricists, arrangers, orchestral works, historical credits or a precisely dated musical event."
"176","71d890ae3b496c3b75124a2be715535dde6281036846e616060fb7da25bd0531","artist:nabeel:studio","nabeelcareer","yes","yes","yes","yes","Assistant reviewed What is the name of the recording studio Nabeel Shuail opened in Jabriya in 2009? Answer: Tarban. Arabic and English request the same attribute. Evidence: Sikka Safar album 1982; title song music Rashed Al Khader and words Abdul Latif Al Bannai; owns Tarban recording studio opened Jabriya January 18 2009. Verified 2026-10-08. Also confirms debut album Aqbal Al Eid 1981. Difficulty: Specialist recall of lyricists, arrangers, orchestral works, historical credits or a precisely dated musical event."
"177","2151b78d00bfecfa9132d710735e03337eb2282acd0cb57b868bdc3d622546fe","song:yaibnalawadem:lyricist","yaibnalawadem","yes","yes","yes","yes","Assistant reviewed Who wrote the lyrics of Abdul Majeed Abdullah's Ya Ibn Alawadem? Answer: Fahad Al Mosaed. Arabic and English request the same attribute. Evidence: Artist original release title identifies 2021 Aalam Mowazi track; indexed official description credits words Fahad Al Mosaed and composer Mubham. Conflicting secondary composer real-name attribution not used. Verified 2026-10-08. Difficulty: Specialist recall of lyricists, arrangers, orchestral works, historical credits or a precisely dated musical event."
"178","b9d9188caae17622d7917cbccea211265a9b886e765b5316a025948e3b8b87fd","song:wahashtnyswalifk:arranger","wahashtnyswalifk","yes","yes","yes","yes","Assistant reviewed Who arranged Rashed Al Majid's original 1996 recording of Wahashtny Swalifk? Answer: Amir Abdel Meguid. Arabic and English request the same attribute. Evidence: Official Artist Channel original 1996 recording; words Al Nasser; composition Abdul Rab Idris; arrangement Amir Abdel Meguid. Verified 2026-10-08. Difficulty: Specialist recall of lyricists, arrangers, orchestral works, historical credits or a precisely dated musical event."
"179","654ef3bbd82851b6620b69a8470c481f1096efe60ec7e66bef6f8d1dfc820968","song:tejyneshaq:lyricist","tejyneshaq","yes","yes","yes","yes","Assistant reviewed What pen name is credited for the lyrics of Fahad Al Kubaisi's Tejy Ne'shaq? Answer: Al Amani. Arabic and English request the same attribute. Evidence: Official Artist Channel original 2012 recording; words Al Amani; composition Al Mannai. Verified 2026-10-08. Difficulty: Specialist recall of lyricists, arrangers, orchestral works, historical credits or a precisely dated musical event."
"180","6e3bb52710fcea6227f8f8283f59a8e80a29e3d237a0354a1a1d7e0da503580a","artist:fouad:earlyband","fouaddmi","yes","yes","yes","yes","Assistant reviewed What was the name of the band Fouad Abdulwahed founded early in his career? Answer: Zain. Arabic and English request the same attribute. Evidence: Broadcaster confirms 2010 Najm Al Khaleej winner; founded Zain band; recorded Zaffa with Mohammed Abdu in 2015. Verified 2026-10-08. Difficulty: Specialist recall of lyricists, arrangers, orchestral works, historical credits or a precisely dated musical event."
"181","ea127da09b440589b87bce76c0895264bc2d64cb1e04e8d4b53c5cc4028c3cd4","artist:ibrahim:superstarfinalist","ibrahimbio","yes","yes","yes","yes","Assistant reviewed Which female singer finished second behind Ibrahim Al Hakami in the third-season Super Star final? Answer: Shahd Barmada. Arabic and English request the same attribute. Evidence: Artist won third season of Super Star; Shahd Barmada finished second. No vote percentages used. Verified 2026-10-08. Difficulty: Specialist recall of lyricists, arrangers, orchestral works, historical credits or a precisely dated musical event."
"182","48c2cecdd010b239d253492d9a7304277894b47424eca9c14aefc73d14ec3b43","song:wajed:arranger","wajed","yes","yes","yes","yes","Assistant reviewed Who arranged Rabeh Saqer's 2022 song Wajed? Answer: Bashar Sultan. Arabic and English request the same attribute. Evidence: Verified label channel; Rabeh Saqer 2022; words Prince Saud bin Abdullah; composition Sahm; arrangement Bashar Sultan. Verified 2026-10-08. Difficulty: Specialist recall of lyricists, arrangers, orchestral works, historical credits or a precisely dated musical event."
"183","da41f0d644a74b098a0598d0f9cb985e3b63ce055d38cd0bf69a2e61bdc06502","song:methelqalbk:lyricist","methelqalbk","yes","yes","yes","yes","Assistant reviewed Who wrote the lyrics of Rashed Al Majid's Methel Qalbk? Answer: Turki Al Sheikh. Arabic and English request the same attribute. Evidence: Official Artist Channel 2016; vocals Rashed Al Majid; lyrics Turki Al Sheikh; composition Nawaf Abdullah; arrangement Hisham Al Sakran. Verified 2026-10-08. Difficulty: Specialist recall of lyricists, arrangers, orchestral works, historical credits or a precisely dated musical event."
"184","6e580a2fd9134df72dcc10624c796fa56d306e6376431e8fa34fbbecb17b27dc","song:tahadedninawal:lyricist","tahadedninawal","yes","yes","yes","yes","Assistant reviewed Who wrote the lyrics of Nawal's Tahadedni? Answer: Saud Al Shubrmi. Arabic and English request the same attribute. Evidence: Official Artist Channel Bahrain 2023 concert; words Saud Al Shubrmi; music Badee Masoud. Concert year not treated as original release. Verified 2026-10-08. Difficulty: Specialist recall of lyricists, arrangers, orchestral works, historical credits or a precisely dated musical event."
"185","b7d0b59d52ab7851ae432c1af4647e7926f770f8643d77c41859c5aa6c39d45c","song:esmaani:lyricist","esmaani","yes","yes","yes","yes","Assistant reviewed Who wrote the lyrics of Abdul Majeed Abdullah's Esmaani? Answer: Saud bin Mohammed Al Abdullah. Arabic and English request the same attribute. Evidence: Official Artist Channel Jeddah 2023 concert; words Saud bin Mohammed Al Abdullah; music Sahm. Concert year not treated as original release. Verified 2026-10-08. Difficulty: Specialist recall of lyricists, arrangers, orchestral works, historical credits or a precisely dated musical event."
"186","2586f05b72c7f62a7f2ef67926b03567140dc8498e398210f592250502be88d3","song:ygolon:lyricist","ygolon","yes","yes","yes","yes","Assistant reviewed Who wrote the lyrics of Nabeel Shuail's Ygolon? Answer: Ahmad Al Sanea. Arabic and English request the same attribute. Evidence: Official Artist Channel 2021; words Ahmad Al Sanea, composition Maitham Alaa Al Din, arrangement Othman Abboud. Verified 2026-10-08. Difficulty: Specialist recall of lyricists, arrangers, orchestral works, historical credits or a precisely dated musical event."
"187","ebab51bfdadaef2a154f851dd41901db764106901c315f646f74be567aea02ac","ensemble:bahrainphilharmonic:foundingyear","bahrainsongsgulf","yes","yes","yes","yes","Assistant reviewed In which year was the Bahrain Philharmonic Orchestra founded? Answer: 2022. Arabic and English request the same attribute. Evidence: Bahrain Philharmonic founded 2022 by Mubarak Najem; December 20 2024 repertoire includes Ana Hanet by Khalid Al Shaikh. Verified 2026-10-08. Difficulty: Specialist recall of lyricists, arrangers, orchestral works, historical credits or a precisely dated musical event."
"188","dc7b36063ec1b35b4d1907dac01d52f127da17f8631086212672f9d2983e4e04","artist:jumairi:cairo2022conductor","jumairicairo","yes","yes","yes","yes","Assistant reviewed Who conducted the Bahrain Music Ensemble accompanying Ahmed Al Jumairi at Cairo's 2022 Arab Music Festival? Answer: Ziad Zeman. Arabic and English request the same attribute. Evidence: October 21 2022 Arab Music Festival performance accompanied Bahrain Music Ensemble conducted by Ziad Zeman. Verified 2026-10-08. Difficulty: Specialist recall of lyricists, arrangers, orchestral works, historical credits or a precisely dated musical event."
"189","de51a276da690f0f32332d1f279726e0b7145b6998af0fc3c7feb4e0852f168a","artist:haddad:conservatory","haddadbio","yes","yes","yes","yes","Assistant reviewed Which music conservatory awarded Bahraini composer Mohammad Haddad his degree in composition and conducting? Answer: Cairo Conservatory. Arabic and English request the same attribute. Evidence: Official bilingual booklet identifies Cairo Conservatory degree majoring composition and conducting. Verified 2026-10-08. Difficulty: Specialist recall of lyricists, arrangers, orchestral works, historical credits or a precisely dated musical event."
"190","2e64b565f19118554161efcb16e563f288b7b6b02025c3db625c9edba0b9fa89","song:lelatkhamis:lyricist","lelatkhamis","yes","yes","yes","yes","Assistant reviewed Who wrote the lyrics of Mohammed Abdu's Lelat Khamis? Answer: Prince Khaled bin Yazid. Arabic and English request the same attribute. Evidence: Official Artist Channel February Kuwait 2020 performance; composer Omar Kadars; poet Khaled bin Yazid. No original release-year inference from upload date. Verified 2026-10-08. Difficulty: Specialist recall of lyricists, arrangers, orchestral works, historical credits or a precisely dated musical event."
"191","9790031c4d78f09f1622faa30e1bf96ea5d0d7467f083dce9dd8416fb4f982b2","song:walhan:lyricist","walhan","yes","yes","yes","yes","Assistant reviewed What pen name is credited for the lyrics of Rashed Al Majid's Walhan? Answer: Ramz. Arabic and English request the same attribute. Evidence: Official Artist Channel original 2020 release; poet Ramz; composer Ahmed Al Harmi; arrangement Cyrus. Verified 2026-10-08. Difficulty: Specialist recall of lyricists, arrangers, orchestral works, historical credits or a precisely dated musical event."
"192","f6f9befd53f3ecf999ad421d1fb2d1ba90ef4ac94e09f39a5d3a11544f20adb6","song:tetanfasak:lyricist","tetanfasak","yes","yes","yes","yes","Assistant reviewed Who wrote the lyrics of Abdul Majeed Abdullah's Tetanfasak Dunyay? Answer: Anwar Al Mushairi. Arabic and English request the same attribute. Evidence: Official Artist Channel 2022; words Anwar Al Mushairi; composer Ahmed Al Harmi; arrangement Cyrus. Verified 2026-10-08. Difficulty: Specialist recall of lyricists, arrangers, orchestral works, historical credits or a precisely dated musical event."
"193","bf5505429c1f752305dc3f60bd355511e76ab9f5126860a449179c5e633516e2","song:mozhela:lyricist","mozhela","yes","yes","yes","yes","Assistant reviewed Who wrote the lyrics of Mohammed Abdu's Mozhela? Answer: Prince Abdulrahman bin Musaed. Arabic and English request the same attribute. Evidence: Verified label channel 2025 concert recording; performer Mohammed Abdu; lyrics Prince Abdulrahman bin Musaed; composer Sadeg Al Shaer. Original date not inferred. Verified 2026-10-08. Difficulty: Specialist recall of lyricists, arrangers, orchestral works, historical credits or a precisely dated musical event."
"194","40961a6ecb2d68559a6709ed5328a1bb7f2c95a2e1d508e4d7beafacb3150ae2","song:absher:lyricist","absher","yes","yes","yes","yes","Assistant reviewed Who wrote the lyrics of Rashed Al Majid's Absher? Answer: Rashed bin Juaythen. Arabic and English request the same attribute. Evidence: Official Artist Channel original 1991 recording from Absher Min Oyouni; poet Rashed bin Juaythen; composer Saleh Al Shehri. Verified 2026-10-08. Difficulty: Specialist recall of lyricists, arrangers, orchestral works, historical credits or a precisely dated musical event."
"195","c82a05798ce0d66b13df6f11f44f926e6d40fae9be0bd13c28489035e808835a","song:kelmafelamr:director","kelmafelamr","yes","yes","yes","yes","Assistant reviewed Who directed Rabeh Saqer and Nawal's Kel Ma Fel Amr duet video? Answer: Bassam Al Turk. Arabic and English request the same attribute. Evidence: Verified songwriter channel identifies duet Rabeh Saqer/Nawal; arranger Hisham Al Sakran; director Bassam Al Turk. Title labels 2021 but upload 2019, so original date excluded. Verified 2026-10-08. Difficulty: Specialist recall of lyricists, arrangers, orchestral works, historical credits or a precisely dated musical event."
"196","e19447db160245cf20d215bb5490f7b5f7b8448ec51f6d1da6f740d1e9ef7f11","song:qalootara:lyricist","qalootara","yes","yes","yes","yes","Assistant reviewed Who wrote the lyrics of Abadi Al Johar's Qaloo Tara? Answer: Prince Abdulrahman bin Musaed. Arabic and English request the same attribute. Evidence: Official Artist Channel; singer/composer Abadi Al Johar; words Abdulrahman bin Musaed. No upload-to-original-date inference. Verified 2026-10-08. Difficulty: Specialist recall of lyricists, arrangers, orchestral works, historical credits or a precisely dated musical event."
"197","486c348ef57cc6c02ab0f5ceb85979bc0af7e29204e8e6548004a30181c369cf","song:methlnaseem:lyricist","methlnaseem","yes","yes","yes","yes","Assistant reviewed Who wrote the lyrics of Nawal's Methl Al Naseem? Answer: Fahad Al Mosaed. Arabic and English request the same attribute. Evidence: Verified publisher channel; Nawal Wanasah 2017 performance; words Fahad Al Mosaed; composer Yaser Bu Ali; director Ahmad Al Doghaji. Verified 2026-10-08. Difficulty: Specialist recall of lyricists, arrangers, orchestral works, historical credits or a precisely dated musical event."
"198","89346b3784d362a0bd036bf0a1fae5408b9c085c15d1dc8b9c251d30d2d453c4","song:ishqbalwa:lyricist","ishqbalwa","yes","yes","yes","yes","Assistant reviewed Who wrote the lyrics of Fahad Al Kubaisi's Al Ishq Wal Balwa? Answer: Hamad Al Braidi. Arabic and English request the same attribute. Evidence: Official Artist Channel 2020; music Abdullah Al Mannai; lyrics Hamad Al Braidi; arrangement Mohannad Saif. Verified 2026-10-08. Difficulty: Specialist recall of lyricists, arrangers, orchestral works, historical credits or a precisely dated musical event."
"199","c0a04a652ff40f21b12b3547845746add607c4f9f95b5f7df65ca6cacee32bca","song:yarahleen:lyricist","yarahleen","yes","yes","yes","yes","Assistant reviewed Who wrote the lyrics of Salah Al Zadjali's Ya Rahleen? Answer: Hameed Al Bloushi. Arabic and English request the same attribute. Evidence: Official Artist Channel 2018; singer/composer Salah Al Zadjali; lyrics Hameed Al Bloushi; arrangement Cyrus. Verified 2026-10-08. Difficulty: Specialist recall of lyricists, arrangers, orchestral works, historical credits or a precisely dated musical event."
"200","bbfcee49d65df5e917d45c6268d92c48abafebd3aad2fc518387685a86145e03","artist:nabeel:firsttheme","nabeelvoice","yes","yes","yes","yes","Assistant reviewed According to Rotana's career profile, which series featured Nabeel Shuail's first theme-song recording in 1988? Answer: Izaaj. Arabic and English request the same attribute. Evidence: Bulbul Al Khaleej nickname; Wakef Shway from Shuail 2018 collaboration Meshal Al Arouj; first recorded TV theme Izaaj 1988; Ma Aroak album 1998. Unverified broad first-artist superlatives excluded. Verified 2026-10-08. Difficulty: Specialist recall of lyricists, arrangers, orchestral works, historical credits or a precisely dated musical event."
"201","7918f23d1b769fcaafafc99f9c1b670f4f3dc8ee06a3f0cb7d99489dd67f59d5","song:yajannadunya:lyricist","abdu2024","yes","yes","yes","yes","Assistant reviewed Who wrote the lyrics of Ya Jannat Al Dunya on the album Mohammed Abdu 2024? Answer: Ali Mosaed. Arabic and English request the same attribute. Evidence: Label calls Mohammed Abdu Fannan Al Arab; Mohammed Abdu 2024 all compositions Dr Talal; Ya Jannat Al Dunya lyrics Ali Mosaed. Verified 2026-10-08. Difficulty: Specialist recall of lyricists, arrangers, orchestral works, historical credits or a precisely dated musical event."
"202","4854e0c54294b3a62d36128e086b933f5f5c305a29c8cdcf0dd52322ec9d167b","song:wajed:stringsarranger","wajed","yes","yes","yes","yes","Assistant reviewed Who arranged the strings on Rabeh Saqer's 2022 song Wajed? Answer: Hani Farhat. Arabic and English request the same attribute. Evidence: Verified label channel; Rabeh Saqer 2022; words Prince Saud bin Abdullah; composition Sahm; arrangement Bashar Sultan. Verified 2026-10-08. Difficulty: Specialist recall of lyricists, arrangers, orchestral works, historical credits or a precisely dated musical event."
"203","c0b262c2127bc2ce315632fab68ca9355ab0efdb67d13579a3a342a3eccc5f44","song:tenadeek:lyricist","tenadeek","yes","yes","yes","yes","Assistant reviewed Who wrote the lyrics of Majid Al Mohandis's Tenadeek? Answer: Yasser Al Twaijri. Arabic and English request the same attribute. Evidence: Verified label channel; vocals Majid Al Mohandis; composer Ahmed Al Harmi; lyrics Yasser Al Twaijri. Verified 2026-10-08. Difficulty: Specialist recall of lyricists, arrangers, orchestral works, historical credits or a precisely dated musical event."
"204","67c4adbaae68700b28462780289127f147f9e8b28193beed4324d22db672af98","song:qalbielsagheer:lyricist","qalbielsagheer","yes","yes","yes","yes","Assistant reviewed Who wrote the lyrics of Fouad Abdulwahed's Qalbi El Sagheer? Answer: Anwar Al Mushairi. Arabic and English request the same attribute. Evidence: Verified label channel published 2016; Fouad Abdulwahed; words Anwar Al Mushairi; music Adham; album Fouad Abdulwahed 2016. Verified 2026-10-08. Difficulty: Specialist recall of lyricists, arrangers, orchestral works, historical credits or a precisely dated musical event."
