"id","difficulty","factKey","topic","questionAr","questionEn","answerAr","answerEn","sourceName","sourceUrl","evidence","lastVerified"
"gulf_music_v2_001","easy200","song:yanasaheb:singer",,"من المطرب القطري صاحب النسخة الأصلية لأغنية «يا ناس أحبه» عام 1990؟","Which Qatari singer performed the original 1990 recording of Ya Nas Ahebah?","علي عبدالستار","Ali Abdul Sattar","Ali Abdul Sattar — official Ya Nas Ahebah recording","https://www.youtube.com/watch?v=kGDCslt9jY4","Official artist original recording marked 1990; singer Ali Abdul Sattar. Verified 2026-10-08.","2026-10-08"
"gulf_music_v2_002","easy200","song:iyar:singer",,"من المطرب العُماني صاحب أغنية «عيار»؟","Which Omani singer performs Iyar?","صلاح الزدجالي","Salah Al Zadjali","Qatar Television — Salah Al Zadjali Iyar performance","https://www.youtube.com/watch?v=sJYohsK3MS8","Broadcaster's 2022 performance identifies Salah Al Zadjali singing Iyar; corroborated licensed video https://play.anghami.com/video/24714259?lang=ar. Verified 2026-10-08.","2026-10-08"
"gulf_music_v2_003","easy200","song:aktharensan:singer",,"من غنّى النسخة الأصلية من «أكثر إنسان» عام 2012؟","Who sang the original 2012 version of Akthar Ensan?","فهد الكبيسي","Fahad Al Kubaisi","Fahad Al Kubaisi — official Akthar Ensan recording","https://www.youtube.com/watch?v=wEOPQynfK9k","Official artist original recording marked 2012; singer Fahad Al Kubaisi. Verified 2026-10-08.","2026-10-08"
"gulf_music_v2_004","easy200","song:bnayti:partner",,"من المطربة التي شاركت حلا الترك غناء «بنيتي الحبوبة»؟","Which singer duetted with Hala Al Turk on Bnayty El Habooba?","مشاعل","Mashael","Platinum Records — official Bnayty El Habooba credits","https://www.youtube.com/watch?v=qn3ITODjLiw","Duet Hala Al Turk and Mashael; words Khaled Al Awad; music Issam Kamal; arrangement Hossam Kamel; director Ziad Barazi; video produced by MBC3. Verified 2026-10-08.","2026-10-08"
"gulf_music_v2_005","easy200","song:zahgana:singer",,"من غنّت «زهقانة» في فيديو بلاتينوم ريكوردز لعام 2012؟","Who sang Zahgana in Platinum Records' 2012 video?","حلا الترك","Hala Al Turk","Platinum Records — official Zahgana credits","https://www.youtube.com/watch?v=P1dr_FLN07g","Singer Hala Al Turk; words Khaled Al Awad; composition Issam Kamal; director Ziad Barazi; label Platinum Records. Verified 2026-10-08.","2026-10-08"
"gulf_music_v2_006","easy200","song:hindrabih:singer",,"من المطربة البحرينية صاحبة تسجيل «ربيع القلب»؟","Which Bahraini female singer recorded Rabih El Qalb?","هند","Hind","Anghami — licensed Hind Rabih El Qalb","https://play.anghami.com/song/11796103","Licensed recording identifies singer Hind. Platform 2015 date not asserted as first original release. Verified 2026-10-08.","2026-10-08"
"gulf_music_v2_007","easy200","exhibition:rhythmlife:country",,"تراث أي دولة موسيقي يحتفي به معرض «إيقاع الحياة» بدار الأوبرا السلطانية؟","Which country's musical heritage is celebrated by the Royal Opera House's Rhythm of Life exhibition?","سلطنة عُمان","Oman","Royal Opera House Muscat — Rhythm of Life exhibition","https://rohmuscat.org.om/en/Pages/RHYTHM-OF-LIFE.aspx","Rhythm of Life: Richness and Diversity in Omani Arts exhibition covers Omani musical heritage; February 2026 Royal Oman Symphony Orchestra lecture delivered by maestro Hamdan Al Shuayli. Verified 2026-10-08.","2026-10-08"
"gulf_music_v2_008","easy200","person:hind:nickname",,"أي مطربة بحرينية تُعرف بلقب «فراشة الخليج»؟","Which Bahraini female singer is known as the Butterfly of the Gulf?","هند","Hind","Rotana — Hind 2024 artist profile","https://rotana.net/ar/news-details/6914/%D8%A3%D8%AC%D9%85%D9%84-%D8%A3%D8%BA%D8%A7%D9%86%D9%8A-%D8%A3%D9%84%D8%A8%D9%88%D9%85-hind2024-%D9%84%D9%84%D9%81%D9%86%D8%A7%D9%86%D8%A9-%D9%87%D9%86%D8%AF-%D8%A7%D9%84%D8%A8%D8%AD%D8%B1%D9%8A%D9%86%D9%8A%D8%A9-%D9%81%D9%8A-%D8%AC%D9%84%D8%B3%D8%A9-%D8%B1%D9%88%D8%AA%D8%A7%D9%86%D8%A7-%D9%85%D9%88%D9%88%D8%AF%D8%B2%E2%81%A9","Label identifies nickname Farashat Al Khaleej; birth name Suhair; studied business administration; discovered by Anwar Abdullah and Aref Al Zayani. Avoid disputed attribution of who selected stage name. Verified 2026-10-08.","2026-10-08"
"gulf_music_v2_009","easy200","song:adelqissa:singer",,"من المطرب البحريني صاحب أغنية «قصة جديدة»؟","Which Bahraini singer performs Qissa Jadidah?","عادل محمود","Adel Mahmood","Anghami — licensed Adel Mahmood Qissa Jadidah video","https://mobile.anghami.com/video/24714091","Licensed Jalsat Wanasa 2010 video identifies Adel Mahmood singing Qissa Jadidah. Verified 2026-10-08.","2026-10-08"
"gulf_music_v2_010","easy200","song:tarban:singer",,"من المطرب العُماني الذي أصدر «طربان» عام 2023؟","Which Omani singer released Tarban in 2023?","صلاح الزدجالي","Salah Al Zadjali","Salah Al Zadjali — official Tarban credits","https://www.youtube.com/watch?v=EI3Nw-AeuJs","Artist original 2023: singer/composer Salah Al Zadjali; lyrics Haitham Al Busaidi; label production announcement independently corroborates credits. Verified 2026-10-08.","2026-10-08"
"gulf_music_v2_011","easy200","song:lehana:singer",,"من غنّى «ليه أنا أهتم» في النسخة الأصلية لعام 2014؟","Who sang the original 2014 version of Leih Ana Ahtam?","فهد الكبيسي","Fahad Al Kubaisi","Fahad Al Kubaisi — original Leih Ana Ahtam","https://www.youtube.com/watch?v=5BESjcUBo8U","Original 2014 artist release; singer Fahad Al Kubaisi; words Al Amani. Verified 2026-10-08.","2026-10-08"
"gulf_music_v2_012","easy200","song:tabra:singer",,"من المطربة الكويتية صاحبة التسجيل الأصلي لأغنية «تبرى» عام 1985؟","Which Kuwaiti female singer performed the original 1985 recording of Tabra?","نوال","Nawal","Nawal — official Tabra original recording","https://www.youtube.com/watch?v=fx-0f5m4840","Artist's original recording marked 1985; singer Nawal; lyricist Abdul Latif Al Bannai. Verified 2026-10-08.","2026-10-08"
"gulf_music_v2_013","easy200","song:yashams:singer",,"من المطرب الكويتي صاحب أغنية «يا شمس»؟","Which Kuwaiti singer performs Ya Shams?","نبيل شعيل","Nabeel Shuail","Al Nazaer — licensed Ya Shams credits","https://www.youtube.com/watch?v=XMXd7wfboDg","Label release: singer Nabeel Shuail; words Abdul Latif Al Bannai; music credited as developed folklore, not an individual contemporary composer. Verified 2026-10-08.","2026-10-08"
"gulf_music_v2_014","easy200","song:musafir:singer",,"من المطرب صاحب أغنية «المسافر» التي صدر فيديوها عام 1996؟","Which singer performed Al Musafir in its 1996 music video?","راشد الماجد","Rashed Al Majid","Rashed Al Majid — original Al Musafir video","https://www.youtube.com/watch?v=uQs5vWlv2fU","1996 official artist music video: words Badr bin Abdulmohsen; composition Abdul Rab Idris; vocals Rashed Al Majid. Verified 2026-10-08.","2026-10-08"
"gulf_music_v2_015","easy200","song:alamaken:singer",,"من المطرب صاحب أغنية «الأماكن»؟","Which singer performs Al Amaken?","محمد عبده","Mohammed Abdu","Al Jazirah — direct Nasser Al Saleh interview, September 2005","https://www.al-jazirah.com/2005/20050903/at5.htm","Composer discusses Al Amaken, sung by Mohammed Abdu, words Mansour Al Shadi and music Nasser Al Saleh. No erroneous catalogue release dates used. Verified 2026-10-08.","2026-10-08"
"gulf_music_v2_016","easy200","song:yabadahom:singer",,"من المطرب صاحب أغنية «يا بعدهم»؟","Which singer performs Ya Badohom?","عبدالمجيد عبدالله","Abdul Majeed Abdullah","Abdul Majeed Abdullah — official Ya Badohom Jeddah concert","https://www.youtube.com/watch?v=06sZL2yln5w","Official artist 2022 Jeddah concert recording identifies Abdul Majeed Abdullah singing Ya Badohom. Verified 2026-10-08.","2026-10-08"
"gulf_music_v2_017","easy200","song:rahalty:singer",,"من المطرب الكويتي صاحب أغنية «رحلتي»؟","Which Kuwaiti singer performs Rahalty?","عبدالله الرويشد","Abdullah Al Rowaished","Tunes Arabia — official Rahalty Jalsat Wanasah credits","https://www.youtube.com/watch?v=0WHwc0PXHDc","Licensed 2017 session: Abdullah Al Rowaished vocals; words Abdul Latif Al Bannai; music Rashed Al Khader; director Ahmad Al Doghaji. Verified 2026-10-08.","2026-10-08"
"gulf_music_v2_018","easy200","song:taqwa:singer",,"من المطرب السعودي صاحب تسجيل «تقوى الهجر»؟","Which Saudi singer recorded Taqwa Al Hajr?","خالد عبدالرحمن","Khaled Abdul Rahman","Apple Music — licensed Taqwa Al Hajr recording","https://music.apple.com/us/song/1593366846","Licensed recording identifies Khaled Abdul Rahman as singer. No platform date used as historical first release. Verified 2026-10-08.","2026-10-08"
"gulf_music_v2_019","easy200","song:zamansamt:singer",,"من صاحب تسجيل «زمان الصمت»؟","Who recorded Zaman Al Samt?","طلال مداح","Talal Maddah","Anghami — licensed Zaman Al Samt recording","https://play.anghami.com/song/293433?lang=ar","Licensed recording identifies Talal Maddah. June 1992 platform date not asserted as first historical release. Verified 2026-10-08.","2026-10-08"
"gulf_music_v2_020","easy200","song:sedqni:singer",,"من المطرب الذي أصدر أغنية وألبوم «صدقني» عام 2008؟","Which singer released the song and album Sedqni in 2008?","رابح صقر","Rabeh Saqer","Al Jazirah — Sedqni release report, 7 August 2008","https://www.al-jazirah.com/2008/20080807/at6.htm","Rabeh Saqer release Sedqni: title track words Mansour Al Shadi; music Rabeh Saqer. Other tracks not conflated with title track. Verified 2026-10-08.","2026-10-08"
"gulf_music_v2_021","easy200","song:anamasoul:singer",,"من المطربة صاحبة تسجيل «أنا المسؤول» في ألبومها لعام 1998؟","Which female singer recorded Ana El Masoul on her 1998 album?","نوال","Nawal","Rotana — official Ana El Masoul credits","https://www.youtube.com/watch?v=I-Qo1mmIfTE","Nawal 1998 album recording; words Mohamed Al Mansour; composition Nasser Al Saleh; vocals Nawal. Verified 2026-10-08.","2026-10-08"
"gulf_music_v2_022","easy200","song:sheratan:singer",,"من المطرب صاحب أغنية «شرطان الذهب»؟","Which singer performs Sheratan Al Thahab?","راشد الماجد","Rashed Al Majid","Rashed Al Majid — official Sheratan Al Thahab concert credits","https://www.youtube.com/watch?v=DnYA4iUf5SI","Artist's official 2016 Dubai recording: music Saleh Al Shehri; poet Abdulaziz bin Saud Al Samer additionally confirmed artist's 2020 Dubai Shopping Festival recording https://www.youtube.com/watch?v=c0YgYx8yDGQ. No first-release date inferred from concert. Verified 2026-10-08.","2026-10-08"
"gulf_music_v2_023","easy200","song:maqadir:singer",,"من المطرب صاحب التسجيل الشهير لأغنية «مقادير»؟","Which singer made the famous recording of Maqadir?","طلال مداح","Talal Maddah","Anghami — licensed Maqadir recording","https://kalimat.anghami.com/lyrics/101167","Licensed Talal Maddah recording; no platform release date used. Composer Siraj Omar independently supported by https://www.aletihad.ae/article/2285/2017/%D8%B3%D8%B1%D8%A7%D8%AC-%D8%B9%D9%85%D8%B1-%D9%85%D8%AC%D8%AF%D9%91%D8%AF-%D8%A7%D9%84%D9%84%D8%AD%D9%86-%D8%A7%D9%84%D8%B3%D8%B9%D9%88%D8%AF%D9%8A. Verified 2026-10-08.","2026-10-08"
"gulf_music_v2_024","easy200","song:sikkataweela:singer",,"من غنّى «سكة طويلة» ضمن ألبوم «أصدق ما كتبت»؟","Who sang Sikka Taweela on the album Asdaq Ma Katabt?","عبادي الجوهر","Abadi Al Johar","Abadi Al Johar — official Sikka Taweela credits","https://www.youtube.com/watch?v=DSZzcdrJURA","Artist original recording: vocals/music Abadi Al Johar; words Saud Salem; album Asdaq Ma Katabt. Verified 2026-10-08.","2026-10-08"
"gulf_music_v2_025","easy200","song:oyounak:singer",,"من المطرب صاحب تسجيل «عيونك آخر آمالي»؟","Which singer recorded Ouyonak Akher Amaly?","عبادي الجوهر","Abadi Al Johar","Anghami — licensed Ouyonak Akher Amaly recording","https://play.anghami.com/song/25498066","Licensed recording identifies Abadi Al Johar as performer. No platform date asserted as first release. Verified 2026-10-08.","2026-10-08"
"gulf_music_v2_026","easy200","artist:khaled:nickname",,"أي مطرب خليجي يُلقّب بـ«مخاوي الليل»؟","Which Gulf singer is nicknamed Mukhawi Al Lail?","خالد عبدالرحمن","Khaled Abdul Rahman","Rotana — Khaled Abdul Rahman Oud Night","https://rotana.net/ar/news/%D8%A7%D9%84%D9%81%D9%86%D8%A7%D9%86%2B%D8%AE%D8%A7%D9%84%D8%AF%2B%D8%B9%D8%A8%D8%AF%2B%D8%A7%D9%84%D8%B1%D8%AD%D9%85%D9%86%2B%D9%8A%D8%A8%D8%AF%D8%B9%2B%D9%81%D9%8A%2B%D9%84%D9%8A%D9%84%D8%A9%2B%D8%A7%D9%84%D8%B9%D9%88%D8%AF","Label identifies nickname Mukhawi Al Lail and Oud Night performance. Verified 2026-10-08.","2026-10-08"
"gulf_music_v2_027","easy200","song:happyhappy:singer",,"من غنّت أغنية «هابي هابي» الصادرة عن بلاتينوم ريكوردز عام 2013؟","Who sang Happy Happy, released by Platinum Records in 2013?","حلا الترك","Hala Al Turk","Apple Music — licensed Happy Happy single","https://music.apple.com/us/album/happy-happy-single/1322235010","Hala Alturk; October 24 2013; Platinum Records copyright. Verified 2026-10-08.","2026-10-08"
"gulf_music_v2_028","easy200","artist:rabeh:nickname",,"من المطرب المعروف بلقب «موسيقار الخليج»؟","Which singer is known as Musiqar Al Khaleej, the Gulf's Maestro?","رابح صقر","Rabeh Saqer","Rotana — Rabeh Saqer career profile","https://www.rotana.net/en/news/%D9%85%D9%88%D8%B3%D9%8A%D9%82%D8%A7%D8%B1%20%D8%A7%D9%84%D8%AE%D9%84%D9%8A%D8%AC%20%D8%B1%D8%A7%D8%A8%D8%AD%20%D8%B5%D9%82%D8%B1..%20%D8%A3%D8%B3%D8%AA%D8%A7%D8%B0%20%D9%81%D9%8A%20%D8%A7%D9%84%D8%BA%D9%86%D8%A7%D8%A1%20%D9%88%D8%A7%D9%84%D8%A3%D8%AF%D8%A7%D8%A1","Label identifies Musiqar Al Khaleej nickname and supervision of Abdul Majeed Abdullah's Ghali and Najwa Karam's Ma Hada La Hada. Verified 2026-10-08. Unreliable superlatives and changing album totals excluded.","2026-10-08"
"gulf_music_v2_029","easy200","song:ellaelmout:singer",,"من غنّى «إلا الموت» في نسختها الأصلية عام 2012؟","Who sang the original 2012 recording of Ella El Mout?","فهد الكبيسي","Fahad Al Kubaisi","Fahad Al Kubaisi — official Ella El Mout recording","https://www.youtube.com/watch?v=t3MKG2a0yy8","Official Artist Channel identifies original 2012 recording and performer. Verified 2026-10-08.","2026-10-08"
"gulf_music_v2_030","easy200","song:qalabtta:performer",,"من المطربة التي برزت بأغنية «قلبت الطاولة» عام 2014؟","Which female singer rose to prominence with Qalabt Al Tawla in 2014?","داليا مبارك","Dalia Mubarak","Rotana — Dalia Mubarak artist profile","https://rotana.net/ar/actor-details/5989","Label identifies breakthrough song Qalabt Al Tawla in 2014. No view counts retained. Verified 2026-10-08.","2026-10-08"
"gulf_music_v2_031","easy200","song:masooma:duetpartner",,"من شارك بدر الشعيبي الغناء في دويتو «محسومة» عام 2019؟","Who sang with Bader Al Shuaibi on the 2019 duet Masooma?","بشار الشطي","Bashar Al Shatti","Bader Al Shuaibi — official Masooma duet","https://www.youtube.com/watch?v=tQzb_b2EnJc","Official Artist Channel title identifies Bader Al Shuaibi and Bashar Al Shatti; recording published February 7 2019. Verified 2026-10-08.","2026-10-08"
"gulf_music_v2_032","easy200","song:hekayatnai:singer",,"من غنّى «حكاية ناي» في تسجيلها الأصلي عام 2013؟","Who sang the original 2013 recording of Hekayat Nai?","صلاح الزدجالي","Salah Al Zadjali","Salah Al Zadjali — official Hekayat Nai credits","https://www.youtube.com/watch?v=E6fXUkms8pU","Official Artist Channel original recording published February 8 2013; words Hameed Al Bloushi; vocals/music Salah Al Zadjali; arrangement Mohammed Saleh. Indexed description inspected. Verified 2026-10-08.","2026-10-08"
"gulf_music_v2_033","easy200","song:yahabibi:alisinger",,"أي مطرب قطري غنّى «يا حبيبي» في التسجيل الذي نشره على قناته الرسمية عام 2017؟","Which Qatari singer performed Ya Habibi in the recording he posted on his official channel in 2017?","علي عبدالستار","Ali Abdul Sattar","Ali Abdul Sattar — official Ya Habibi audio","https://www.youtube.com/watch?v=6eKYLG7WRN4","Official artist channel identifies performer Ali Abdul Sattar. Upload date not treated as first release. Verified 2026-10-08.","2026-10-08"
"gulf_music_v2_034","easy200","song:nasetni:singer",,"من غنّى «نسيتني» في إصدار لاكجري الأصلي عام 2016؟","Who sang Nasetni on Luxury's original 2016 release?","عايض","Ayed","Luxury KSA — official Nasetni credits","https://www.youtube.com/watch?v=yR-9m9yoWCE","Verified publisher channel; Ayed 2016 original release; words Fahad Al Mosaed; composition Wasm. Verified 2026-10-08.","2026-10-08"
"gulf_music_v2_035","easy200","song:anqanaah:singer",,"من غنّى «عن قناعة» في النسخة المنشورة على قناته الرسمية نهاية 2017؟","Who sang An Qanaah in the version published on his official channel in late 2017?","عبدالعزيز المعنّى","Abdulaziz El Muanna","Abdulaziz El Muanna — official An Qanaah credits","https://www.youtube.com/watch?v=rR7X4QE3NWU","Official Artist Channel; uploaded December 29 2017 although description labels project 2018, so no original release-year claim made; singer Abdulaziz El Muanna, lyrics Mohammed Al Gharir. Verified 2026-10-08.","2026-10-08"
"gulf_music_v2_036","easy200","song:sikkasafar:singer",,"من المطرب صاحب أغنية «سكة سفر» وألبومها الصادر عام 1982؟","Which singer recorded Sikka Safar and released its album in 1982?","نبيل شعيل","Nabeel Shuail","Rotana — Nabeel Shuail career","https://rotana.net/ar/news/%D8%A7%D9%84%D9%81%D9%86%D8%A7%D9%86%20%D9%86%D8%A8%D9%8A%D9%84%20%D8%B4%D8%B9%D9%8A%D9%84%20..%20%D8%B1%D8%AD%D9%84%D8%A9%20%D9%81%D9%86%D9%8A%D8%A9%20%D8%AA%D8%AE%D8%B7%D8%AA%20%D8%A7%D9%84%D9%8040%20%D8%B9%D8%A7%D9%85%D8%A7%D9%8B","Sikka Safar album 1982; title song music Rashed Al Khader and words Abdul Latif Al Bannai; owns Tarban recording studio opened Jabriya January 18 2009. Verified 2026-10-08. Also confirms debut album Aqbal Al Eid 1981.","2026-10-08"
"gulf_music_v2_037","easy200","song:duniaalwalah:singer",,"من المطرب صاحب أغنية «دنيا الوله»؟","Which singer recorded Dunia Al Walah?","عبدالله الرويشد","Abdullah Al Rowaished","Anghami — licensed Dunia Al Walah recording","https://kalimat.anghami.com/lyrics/105034","Licensed artist catalog identifies Abdullah Al Ruwaished as performer. Original date not inferred. Verified 2026-10-08.","2026-10-08"
"gulf_music_v2_038","easy200","song:shamsbayni:singer",,"من غنّى «شمس بيني وبينك» في تسجيل جلسات السعودية 2019؟","Who sang Shams Bayni Wabaynak in the Saudi Sessions 2019 recording?","أصيل أبو بكر","Aseel Abu Bakr","Rotana — official Saudi Sessions 2019 performance","https://www.youtube.com/watch?v=jAPfFn9UGrs","Verified label channel identifies Aseel Abu Bakr performing Shams Bayni Wabaynak in Saudi Sessions 2019. Verified 2026-10-08.","2026-10-08"
"gulf_music_v2_039","easy200","song:qulubsahiya:singer",,"من المطربة صاحبة أغنية «القلوب الساهية»؟","Which female singer recorded Al Quloub Al Sahiya?","نوال","Nawal","Nawal — official Al Quloub Al Sahiya credits","https://www.youtube.com/watch?v=OZJ5XDt37t8","Official Artist Channel Bahrain 2023 performance; vocals Nawal, words Yousef Al Sabri; composition Ali Al Jabr. Concert year not treated as original release. Verified 2026-10-08.","2026-10-08"
"gulf_music_v2_040","easy200","song:yaibnalawadem:singer",,"من غنّى «يا ابن الأوادم» في إصدار عام 2021؟","Who sang Ya Ibn Alawadem in its 2021 release?","عبدالمجيد عبدالله","Abdul Majeed Abdullah","Abdul Majeed Abdullah — official 2021 Ya Ibn Alawadem","https://www.youtube.com/watch?v=pjMhcEuhf6k","Artist original release title identifies 2021 Aalam Mowazi track; indexed official description credits words Fahad Al Mosaed and composer Mubham. Conflicting secondary composer real-name attribution not used. Verified 2026-10-08.","2026-10-08"
"gulf_music_v2_041","easy200","artist:ibrahim:talenttitle",,"من المطرب السعودي الذي فاز بالموسم الثالث من «سوبر ستار»؟","Which Saudi singer won the third season of Super Star?","إبراهيم الحكمي","Ibrahim Al Hakami","Rotana — Ibrahim Al Hakami artist biography","https://rotana.net/ar/actor-details/6021","Artist won third season of Super Star; Shahd Barmada finished second. No vote percentages used. Verified 2026-10-08.","2026-10-08"
"gulf_music_v2_042","easy200","artist:fouad:najmalgulfwin",,"من المطرب اليمني الذي فاز بلقب «نجم الخليج» على تلفزيون دبي عام 2010؟","Which Yemeni singer won Dubai TV's Najm Al Khaleej in 2010?","فؤاد عبدالواحد","Fouad Abdulwahed","Dubai Media — Fouad Abdulwahed guest biography","https://www.dmi.gov.ae/content/site/carpoolkaraokear1/ar-ae/programs/40/41234.html","Broadcaster confirms 2010 Najm Al Khaleej winner; founded Zain band; recorded Zaffa with Mohammed Abdu in 2015. Verified 2026-10-08.","2026-10-08"
"gulf_music_v2_043","easy200","song:wajed:singer",,"من غنّى «واجد» في إصدار روتانا عام 2022؟","Who sang Wajed on Rotana's 2022 release?","رابح صقر","Rabeh Saqer","Rotana — official Wajed credits","https://www.youtube.com/watch?v=EYaFgO7vxuU","Verified label channel; Rabeh Saqer 2022; words Prince Saud bin Abdullah; composition Sahm; arrangement Bashar Sultan. Verified 2026-10-08.","2026-10-08"
"gulf_music_v2_044","easy200","song:methelqalbk:singer",,"من المطرب صاحب إصدار «مثل قلبك» عام 2016؟","Which singer released Methel Qalbk in 2016?","راشد الماجد","Rashed Al Majid","Rashed Al Majid — official Methel Qalbk credits","https://www.youtube.com/watch?v=8qkD3QSQoo4","Official Artist Channel 2016; vocals Rashed Al Majid; lyrics Turki Al Sheikh; composition Nawaf Abdullah; arrangement Hisham Al Sakran. Verified 2026-10-08.","2026-10-08"
"gulf_music_v2_045","easy200","song:tahadedninawal:singer",,"من المطربة التي قدّمت «تهددني» في حفلها بالبحرين عام 2023؟","Which female singer performed Tahadedni at her Bahrain concert in 2023?","نوال","Nawal","Nawal — official Tahadedni credits","https://www.youtube.com/watch?v=NN9QKY9TBn8","Official Artist Channel Bahrain 2023 concert; words Saud Al Shubrmi; music Badee Masoud. Concert year not treated as original release. Verified 2026-10-08.","2026-10-08"
"gulf_music_v2_046","easy200","song:esmaani:singer",,"من صاحب أغنية «اسمعني» التي قدّمها في حفله بجدة عام 2023؟","Who performed his song Esmaani at his Jeddah concert in 2023?","عبدالمجيد عبدالله","Abdul Majeed Abdullah","Abdul Majeed Abdullah — official Esmaani concert credits","https://www.youtube.com/watch?v=AWs88IoAlcU","Official Artist Channel Jeddah 2023 concert; words Saud bin Mohammed Al Abdullah; music Sahm. Concert year not treated as original release. Verified 2026-10-08.","2026-10-08"
"gulf_music_v2_047","easy200","song:anahanet:artist",,"من المطرب البحريني صاحب «أنا حنيت» التي أعادت أوركسترا البحرين تقديمها ضمن «أغاني الخليج» عام 2024؟","Which Bahraini singer is associated with Ana Hanet, reinterpreted by the Bahrain orchestra in Songs of the Gulf in 2024?","خالد الشيخ","Khalid Al Shaikh","Bahrain Culture Authority — Songs of the Gulf concert","https://culture.gov.bh/en/mediacenter/news_center/2024/December2024/Name%2C22440%2Cen.html","Bahrain Philharmonic founded 2022 by Mubarak Najem; December 20 2024 repertoire includes Ana Hanet by Khalid Al Shaikh. Verified 2026-10-08.","2026-10-08"
"gulf_music_v2_048","easy200","song:ygolon:singer",,"من غنّى «يقولون» في إصدار عام 2021؟","Who sang Ygolon in its 2021 release?","نبيل شعيل","Nabeel Shuail","Nabeel Shuail — official Ygolon credits","https://www.youtube.com/watch?v=SbX_-6KiRR4","Official Artist Channel 2021; words Ahmad Al Sanea, composition Maitham Alaa Al Din, arrangement Othman Abboud. Verified 2026-10-08.","2026-10-08"
"gulf_music_v2_049","easy200","song:lelatkhamis:singer",,"من المطرب صاحب «ليلة خميس» التي قدّمها في فبراير الكويت 2020؟","Who performed his song Lelat Khamis at February Kuwait 2020?","محمد عبده","Mohammed Abdu","Mohammed Abdu — official Lelat Khamis concert credits","https://www.youtube.com/watch?v=J9Qj15phhYo","Official Artist Channel February Kuwait 2020 performance; composer Omar Kadars; poet Khaled bin Yazid. No original release-year inference from upload date. Verified 2026-10-08.","2026-10-08"
"gulf_music_v2_050","easy200","song:walhan:singer",,"من غنّى «ولهان» في نسختها الأصلية عام 2020؟","Who sang the original 2020 recording of Walhan?","راشد الماجد","Rashed Al Majid","Rashed Al Majid — official Walhan credits","https://www.youtube.com/watch?v=01C6_7CfQx4","Official Artist Channel original 2020 release; poet Ramz; composer Ahmed Al Harmi; arrangement Cyrus. Verified 2026-10-08.","2026-10-08"
"gulf_music_v2_051","easy200","song:tetanfasak:singer",,"من المطرب صاحب أغنية «تتنفسك دنياي» الصادرة عام 2022؟","Which singer released Tetanfasak Dunyay in 2022?","عبدالمجيد عبدالله","Abdul Majeed Abdullah","Abdul Majeed Abdullah — official Tetanfasak Dunyay credits","https://www.youtube.com/watch?v=4AG2kwxTjmg","Official Artist Channel 2022; words Anwar Al Mushairi; composer Ahmed Al Harmi; arrangement Cyrus. Verified 2026-10-08.","2026-10-08"
"gulf_music_v2_052","easy200","song:mozhela:singer",,"من المطرب صاحب أغنية «مذهلة»؟","Which singer recorded Mozhela?","محمد عبده","Mohammed Abdu","Rotana — official Mozhela concert credits","https://www.youtube.com/watch?v=aqeL2hDsptc","Verified label channel 2025 concert recording; performer Mohammed Abdu; lyrics Prince Abdulrahman bin Musaed; composer Sadeg Al Shaer. Original date not inferred. Verified 2026-10-08.","2026-10-08"
"gulf_music_v2_053","easy200","song:absher:singer",,"من غنّى «أبشر» في إصدارها الأصلي عام 1991؟","Who sang the original 1991 recording of Absher?","راشد الماجد","Rashed Al Majid","Rashed Al Majid — official Absher credits","https://www.youtube.com/watch?v=SxM6r_9ucgc","Official Artist Channel original 1991 recording from Absher Min Oyouni; poet Rashed bin Juaythen; composer Saleh Al Shehri. Verified 2026-10-08.","2026-10-08"
"gulf_music_v2_054","easy200","song:kelmafelamr:duetpartner",,"من شارك نوال غناء دويتو «كل ما في الأمر»؟","Who sang with Nawal on the duet Kel Ma Fel Amr?","رابح صقر","Rabeh Saqer","Turki Al Sheikh — official Kel Ma Fel Amr video","https://www.youtube.com/watch?v=Zi0HX2FofUE","Verified songwriter channel identifies duet Rabeh Saqer/Nawal; arranger Hisham Al Sakran; director Bassam Al Turk. Title labels 2021 but upload 2019, so original date excluded. Verified 2026-10-08.","2026-10-08"
"gulf_music_v2_055","easy200","artist:talal:earthnickname",,"من المطرب السعودي المعروف بلقب «صوت الأرض»؟","Which Saudi singer is known as Sawt Al Ard, the Voice of the Earth?","طلال مداح","Talal Maddah","Rotana — Talal Maddah musical biography","https://www.rotana.net/ar/news-details/6735/%D8%B9%D8%A8%D8%AF%D8%A7%D9%84%D9%85%D8%AC%D9%8A%D8%AF-%D8%B9%D8%A8%D8%AF%D8%A7%D9%84%D9%84%D9%87-%D9%8A%D8%BA%D9%86%D9%8A-%D8%A8%D8%B2%D9%81%D8%A7%D9%81-%D9%86%D8%AC%D9%84-%D8%B5%D9%88%D8%AA-%D8%A7%D9%84%D8%A7%D8%B1%D8%B6-%D8%A7%D9%84%D8%A3%D8%B5%D8%BA%D8%B1-%D8%AE%D8%A7%D9%84%D8%AF-%D8%B7%D9%84%D8%A7%D9%84-%D9%85%D8%AF%D8%A7%D8%AD","Label biography identifies Sawt Al Ard nickname; Mohammed Abdel Wahab gave Ziryab nickname; first Saudi-radio song Wardak Ya Zare Al Ward. Verified 2026-10-08. Also confirms collaboration with Mohammed Abdel Wahab on Mada Aqool.","2026-10-08"
"gulf_music_v2_056","easy200","song:qalootara:singer",,"من المطرب صاحب أغنية «قالوا ترى»؟","Which singer recorded Qaloo Tara?","عبادي الجوهر","Abadi Al Johar","Abadi Al Johar — official Qaloo Tara recording","https://www.youtube.com/watch?v=daTrHQWom0g","Official Artist Channel; singer/composer Abadi Al Johar; words Abdulrahman bin Musaed. No upload-to-original-date inference. Verified 2026-10-08.","2026-10-08"
"gulf_music_v2_057","easy200","song:methlnaseem:singer",,"من المطربة صاحبة تسجيل «مثل النسيم» في جلسات وناسة 2017؟","Which female singer recorded Methl Al Naseem for Jalsat Wanasah 2017?","نوال","Nawal","Tunes Arabia — official Methl Al Naseem Wanasah credits","https://www.youtube.com/watch?v=kZLGjjZc0fQ","Verified publisher channel; Nawal Wanasah 2017 performance; words Fahad Al Mosaed; composer Yaser Bu Ali; director Ahmad Al Doghaji. Verified 2026-10-08.","2026-10-08"
"gulf_music_v2_058","easy200","album:maaroak:artist",,"من المطرب صاحب ألبوم «ما أروعك» الصادر عام 1998؟","Which singer released the 1998 album Ma Aroak?","نبيل شعيل","Nabeel Shuail","Rotana — Nabeel Shuail artistic milestones","https://rotana.net/ar/news/%D8%A8%D9%84%D8%A8%D9%84%20%D8%A7%D9%84%D8%AE%D9%84%D9%8A%D8%AC%20%D9%86%D8%A8%D9%8A%D9%84%20%D8%B4%D8%B9%D9%8A%D9%84..%20%D8%B5%D9%88%D8%AA%20%D8%B9%D8%B0%D8%A8%20%D9%88%D8%A5%D8%AD%D8%B3%D8%A7%D8%B3%20%D9%86%D8%A7%D8%AF%D8%B1%20%D8%A3%D8%B3%D8%B1%20%D8%A8%D9%87%D9%85%D8%A7%20%D9%82%D9%84%D9%88%D8%A8%20%D8%A7%D9%84%D8%AC%D9%85%D8%A7%D9%87%D9%8A%D8%B1%20%D8%A7%D9%84%D8%B9%D8%B1%D8%A8%D9%8A%D8%A9","Bulbul Al Khaleej nickname; Wakef Shway from Shuail 2018 collaboration Meshal Al Arouj; first recorded TV theme Izaaj 1988; Ma Aroak album 1998. Unverified broad first-artist superlatives excluded. Verified 2026-10-08.","2026-10-08"
"gulf_music_v2_059","easy200","song:ishqbalwa:singer",,"من المطرب القطري صاحب إصدار «العشق والبلوى» عام 2020؟","Which Qatari singer released Al Ishq Wal Balwa in 2020?","فهد الكبيسي","Fahad Al Kubaisi","Fahad Al Kubaisi — official Al Ishq Wal Balwa credits","https://www.youtube.com/watch?v=uLflPalue4Y","Official Artist Channel 2020; music Abdullah Al Mannai; lyrics Hamad Al Braidi; arrangement Mohannad Saif. Verified 2026-10-08.","2026-10-08"
"gulf_music_v2_060","easy200","song:yarahleen:singer",,"من المطرب العُماني صاحب تسجيل «يا راحلين» المنشور عام 2018؟","Which Omani singer released the 2018 recording of Ya Rahleen?","صلاح الزدجالي","Salah Al Zadjali","Salah Al Zadjali — official Ya Rahleen credits","https://www.youtube.com/watch?v=r-sPAZFIDlc","Official Artist Channel 2018; singer/composer Salah Al Zadjali; lyrics Hameed Al Bloushi; arrangement Cyrus. Verified 2026-10-08.","2026-10-08"
"gulf_music_v2_061","easy200","song:faresthink:singer",,"من صاحب أغنية «كنت أظن» الذي قدّمها في جولة المملكة 2024 مع أغنيتي «صافي الجو» و«ثق تماماً»؟","Which singer performed his song Kent Athon alongside Safi Al Jaw and Theq Tamaman during the Kingdom Tour 2024?","راشد الفارس","Rashed Al Fares","Rotana — Kingdom Tour 2024 concert report","https://rotana.net/ar/news-details/6672/%D8%A3%D9%85%D9%8A%D9%85%D8%A9-%D8%B7%D8%A7%D9%84%D8%A8-%D9%88%D8%B1%D8%A7%D8%B4%D8%AF-%D8%A7%D9%84%D9%81%D8%A7%D8%B1%D8%B3-%D9%88%D9%81%D9%87%D8%AF-%D8%A7%D9%84%D9%83%D8%A8%D9%8A%D8%B3%D9%8A-%D9%88-%D9%8A%D8%B4%D8%B9%D9%84%D9%88%D9%86-%D9%85%D8%B3%D8%B1%D8%AD-%D9%85%D8%AD%D9%85%D8%AF-%D8%B9%D8%A8%D8%AF%D9%87-%D8%A8%D8%A3%D9%83%D8%AB%D8%B1-%D9%85%D9%86-30-%D8%A3%D8%BA%D9%86%D9%8A%D8%A9","Rashed Al Fares performed Kent Athon, Safi Al Jaw and Theq Tamaman; singers Fouad not listed and not inferred. Verified 2026-10-08.","2026-10-08"
"gulf_music_v2_062","easy200","artist:abadi:octopusnickname",,"من المطرب المعروف بلقب «أخطبوط العود»؟","Which singer is known as the Octopus of the Oud?","عبادي الجوهر","Abadi Al Johar","Rotana — abadinickname artist report","https://rotana.net/ar/news/%D8%B9%D8%A8%D8%A7%D8%AF%D9%8A%20%D8%A7%D9%84%D8%AC%D9%88%D9%87%D8%B1%20%D9%84%D9%80%22%D9%8A%D8%A7%20%D9%87%D9%84%D8%A7%20%D8%B1%D9%85%D8%B6%D8%A7%D9%86%22%20%3A%20%D8%A7%D9%84%D8%B9%D8%B8%D9%8A%D9%85%20%22%D8%B7%D9%84%D8%A7%D9%84%20%D9%85%D8%AF%D8%A7%D8%AD%22%20%D9%87%D9%88%20%D9%85%D9%86%20%D8%A3%D8%B7%D9%84%D9%82%20%D8%B9%D9%84%D9%8A%D9%91%D9%8E%20%D9%84%D9%82%D8%A8%20%22%D8%A3%D8%AE%D8%B7%D8%A8%D9%88%D8%B7%20%D8%A7%D9%84%D8%B9%D9%88%D8%AF%22","Artist direct interview confirms Octopus of the Oud nickname given by Talal Maddah. Verified 2026-10-08.","2026-10-08"
"gulf_music_v2_063","easy200","artist:rowaished:ambassadornickname",,"من المطرب الذي يُلقّب بـ«سفير الأغنية الخليجية»؟","Which singer is nicknamed the Ambassador of Gulf Song?","عبدالله الرويشد","Abdullah Al Rowaished","Rotana — rowaishedambassador artist report","https://rotana.net/ar/news-details/5262/%D8%B9%D8%A8%D8%AF%D8%A7%D9%84%D9%84%D9%87-%D8%A7%D9%84%D8%B1%D9%88%D9%8A%D8%B4%D8%AF-%D9%8A%D8%AC%D8%B1%D9%8A-%D8%A8%D8%B1%D9%88%D9%81%D8%A9-%D8%AD%D9%81%D9%84%D9%87-%D9%84%D9%85%D9%87%D8%B1%D8%AC%D8%A7%D9%86-%D9%81%D8%A8%D8%B1%D8%A7%D9%8A%D8%B1-%D8%A8%D8%AD%D8%B6%D9%88%D8%B1-%D8%A3.-%D8%B3%D8%A7%D9%84%D9%85-%D8%A7%D9%84%D9%87%D9%86%D8%AF%D9%8A","Label calls Abdullah Al Ruwaished Ambassador of Gulf Song. Verified 2026-10-08.","2026-10-08"
"gulf_music_v2_064","easy200","artist:abdulmajeed:princenickname",,"من المطرب الخليجي المعروف بلقب «أمير الطرب»؟","Which Gulf singer is known as the Prince of Tarab?","عبدالمجيد عبدالله","Abdul Majeed Abdullah","Rotana — abdulmajeedprince artist report","https://rotana.net/ar/news-details/6044/%D9%85%D9%84%D8%AE%D8%B5-%D8%A8%D8%B1%D9%88%D9%81%D8%A9-%D8%A3%D9%85%D9%8A%D8%B1-%D8%A7%D9%84%D8%B7%D8%B1%D8%A8-%D8%B9%D8%A8%D8%AF%D8%A7%D9%84%D9%85%D8%AC%D9%8A%D8%AF-%D8%B9%D8%A8%D8%AF%D8%A7%D9%84%D9%84%D9%87..-%D9%88%D8%A7%D9%84%D9%84%D9%8A%D9%84%D9%87-%D9%8A%D8%AD%D9%8A%D9%8A-%D8%A7%D9%88%D9%84-%D8%AD%D9%81%D9%84-%D9%85%D9%86-%D8%AB%D9%84%D8%A7%D8%AB%D9%8A%D8%AA%D9%87","Label calls Abdul Majeed Abdullah Prince of Tarab. Verified 2026-10-08.","2026-10-08"
"gulf_music_v2_065","easy200","song:maadtesal:singer",,"من صاحب أغنية «ما عاد تسأل» التي قدّمها في «ليلة الصقر 2024»؟","Who performed his song Ma A'd Tesa'l at Falcon Night 2024?","رابح صقر","Rabeh Saqer","Rotana — official Falcon Night 2024 performance","https://www.youtube.com/watch?v=2Jr_2H652Vc","Verified label channel identifies Rabeh Saqer performing Ma A'd Tesa'l at Falcon Night 2024. No original release date inferred. Verified 2026-10-08.","2026-10-08"
"gulf_music_v2_066","easy200","song:tenadeek:singer",,"من المطرب صاحب أغنية «تناديك»؟","Which singer recorded Tenadeek?","ماجد المهندس","Majid Al Mohandis","Rotana — official Tenadeek credits","https://www.youtube.com/watch?v=HMHnPZta3CQ","Verified label channel; vocals Majid Al Mohandis; composer Ahmed Al Harmi; lyrics Yasser Al Twaijri. Verified 2026-10-08.","2026-10-08"
"gulf_music_v2_067","easy200","song:qalbielsagheer:singer",,"من غنّى «قلبي الصغير» في فيديو كليب روتانا المنشور عام 2016؟","Who sang Qalbi El Sagheer in Rotana's music video published in 2016?","فؤاد عبدالواحد","Fouad Abdulwahed","Rotana — official Qalbi El Sagheer credits","https://www.youtube.com/watch?v=9mce_451XR0","Verified label channel published 2016; Fouad Abdulwahed; words Anwar Al Mushairi; music Adham; album Fouad Abdulwahed 2016. Verified 2026-10-08.","2026-10-08"
"gulf_music_v2_068","easy200","song:halaana:performer",,"من المطربة التي غنّت «أنا مجنونة» و«ليالي الصيف»؟","Which female singer recorded Ana Majnouna and Layali Al Sayf?","حلا الترك","Hala Al Turk","Platinum Records — Hala Al Turk artist profile","https://www.platinumrecordsmusic.com/ar/artist/11/hala-alturk","Artist participated in first season of Arabs Got Talent. Verified 2026-10-08. Artist release list includes Ana Majnouna and Layali Al Sayf.","2026-10-08"
"gulf_music_v2_069","medium400","song:katheirelli:composer",,"من لحّن أغنية فهد الكبيسي «كثير إللي»؟","Who composed Fahad Al Kubaisi's Katheer Elli?","عبدالله المناعي","Abdullah Al Mannai","Fahad Al Kubaisi — official Katheer Elli credits","https://www.youtube.com/watch?v=E_TSocxU3Pc","Official original 2014 artist recording: lyrics Al Amani, music Abdullah Al Mannai. Verified 2026-10-08.","2026-10-08"
"gulf_music_v2_070","medium400","song:bnayti:composer",,"من لحّن «بنيتي الحبوبة» لحلا الترك ومشاعل؟","Who composed Bnayty El Habooba for Hala Al Turk and Mashael?","عصام كمال","Issam Kamal","Platinum Records — official Bnayty El Habooba credits","https://www.youtube.com/watch?v=qn3ITODjLiw","Duet Hala Al Turk and Mashael; words Khaled Al Awad; music Issam Kamal; arrangement Hossam Kamel; director Ziad Barazi; video produced by MBC3. Verified 2026-10-08.","2026-10-08"
"gulf_music_v2_071","medium400","song:zahgana:composer",,"من لحّن أغنية حلا الترك «زهقانة»؟","Who composed Hala Al Turk's Zahgana?","عصام كمال","Issam Kamal","Platinum Records — official Zahgana credits","https://www.youtube.com/watch?v=P1dr_FLN07g","Singer Hala Al Turk; words Khaled Al Awad; composition Issam Kamal; director Ziad Barazi; label Platinum Records. Verified 2026-10-08.","2026-10-08"
"gulf_music_v2_072","medium400","song:aghnni:composer",,"من لحّن أغنية فهد الكبيسي «أغني» الصادرة عام 2022؟","Who composed Fahad Al Kubaisi's 2022 Aghnni?","عبدالله المناعي","Abdullah Al Mannai","Fahad Al Kubaisi — official Aghnni recording","https://www.youtube.com/watch?v=b0Ic2tHnMdU","Original official 2022 recording by Fahad Al Kubaisi; music Abdullah Al Mannai. Verified 2026-10-08.","2026-10-08"
"gulf_music_v2_073","medium400","album:ala:brouvat",,"ما اسم ألبوم علاء غواص العربي الصادر عام 2021؟","What is the title of Ala Ghawas's Arabic album released in 2021?","بروفة موت","Brouvat Mout","Ala Ghawas — official biography and discography","https://www.alaghawas.com/bio-discog","English debut Boston 2007 as Fulbright scholar; Arabic album Brouvat Mout 2021 co-produced with Isa Najem; Hums 2007; bilingual Live from Manama 2023. No inferred fifteen-year interval used because introductory prose conflicts with explicit discography. Verified 2026-10-08.","2026-10-08"
"gulf_music_v2_074","medium400","person:zuwaid:oudmentor",,"من الموسيقي البحريني الذي علّم محمد زويّد العزف على العود؟","Which Bahraini musician taught Mohammed Zuwaid to play the oud?","محمد بن فارس","Mohammed bin Faris","Bahrain Authority for Culture and Antiquities — Mohammed Zuwaid tribute, October 2022","https://culture.gov.bh/ar/mediacenter/news_center/2022/2022/Name%2C21069%2Car.html","Mohammed Zuwaid known as ambassador of Bahraini song; worked aboard pearl-diving vessels in 1930s; learned oud from Mohammed bin Faris. Verified 2026-10-08.","2026-10-08"
"gulf_music_v2_075","medium400","concert:salahmedhat:partner",,"أي مطرب مصري شارك صلاح الزدجالي برنامج دار الأوبرا السلطانية بمسقط في ديسمبر 2017؟","Which Egyptian singer shared Salah Al Zadjali's Royal Opera House Muscat programme in December 2017?","مدحت صالح","Medhat Saleh","Royal Opera House Muscat — Salah Al Zadjali and Medhat Saleh, 28 December 2017","https://rohmuscat.org.om/en/MobileSite/Pages/PerformanceDetail.aspx?i=317","Official concert programme pairs Omani Salah Al Zadjali with Egyptian Medhat Saleh. Verified 2026-10-08.","2026-10-08"
"gulf_music_v2_076","medium400","person:zuwaid:nickname",,"من المطرب الذي وصفته هيئة ثقافة البحرين بلقب «سفير الأغنية البحرينية»؟","Which singer does Bahrain's culture authority describe as the Ambassador of Bahraini Song?","محمد زويّد","Mohammed Zuwaid","Bahrain Authority for Culture and Antiquities — Mohammed Zuwaid tribute, October 2022","https://culture.gov.bh/ar/mediacenter/news_center/2022/2022/Name%2C21069%2Car.html","Mohammed Zuwaid known as ambassador of Bahraini song; worked aboard pearl-diving vessels in 1930s; learned oud from Mohammed bin Faris. Verified 2026-10-08.","2026-10-08"
"gulf_music_v2_077","medium400","person:hind:birthname",,"ما الاسم الحقيقي للمطربة البحرينية المعروفة باسم «هند»؟","What is the birth name of the Bahraini singer known as Hind?","سهير","Suhair","Rotana — Hind 2024 artist profile","https://rotana.net/ar/news-details/6914/%D8%A3%D8%AC%D9%85%D9%84-%D8%A3%D8%BA%D8%A7%D9%86%D9%8A-%D8%A3%D9%84%D8%A8%D9%88%D9%85-hind2024-%D9%84%D9%84%D9%81%D9%86%D8%A7%D9%86%D8%A9-%D9%87%D9%86%D8%AF-%D8%A7%D9%84%D8%A8%D8%AD%D8%B1%D9%8A%D9%86%D9%8A%D8%A9-%D9%81%D9%8A-%D8%AC%D9%84%D8%B3%D8%A9-%D8%B1%D9%88%D8%AA%D8%A7%D9%86%D8%A7-%D9%85%D9%88%D9%88%D8%AF%D8%B2%E2%81%A9","Label identifies nickname Farashat Al Khaleej; birth name Suhair; studied business administration; discovered by Anwar Abdullah and Aref Al Zayani. Avoid disputed attribution of who selected stage name. Verified 2026-10-08.","2026-10-08"
"gulf_music_v2_078","medium400","song:hinddaraish:composer",,"من لحّن أغنية هند البحرينية «الدرايش»؟","Who composed Hind's Al Daraish?","حمد الخضر","Hamad Al Khader","Rotana — Al Daraish songwriter announcement","https://rotana.net/ar/news-details/5115/%D9%87%D9%86%D8%AF-%D8%A7%D9%84%D8%A8%D8%AD%D8%B1%D9%8A%D9%86%D9%8A%D8%A9-%D8%AA%D8%AC%D8%AA%D8%A7%D8%B2-%D8%A7%D9%84%D9%85%D9%84%D9%8A%D9%88%D9%86-%D9%85%D8%B4%D8%A7%D9%87%D8%AF%D8%A9-%D8%A8%D8%A3%D8%BA%D9%86%D9%8A%D8%A9-%D8%A7%D9%84%D8%AF%D8%B1%D8%A7%D9%8A%D8%B4-%D9%85%D9%86-%D8%A3%D9%84%D8%A8%D9%88%D9%85%D9%87%D8%A7-%D8%A7%D9%84%D8%AC%D8%AF%D9%8A%D8%AF","Al Daraish by Hind: lyrics Prince Abdullah bin Saad bin Abdulaziz Al Saud; music Hamad Al Khader; arrangement Zaid Nadeem. No changing view totals used. Verified 2026-10-08.","2026-10-08"
"gulf_music_v2_079","medium400","song:batalna:videoformat",,"ما التقنية البصرية التي استخدمها فيديو فهد الكبيسي «بطّلنا» عام 2015 ليتيح مشاهدة المشهد في كل الاتجاهات؟","Which visual technology did Fahad Al Kubaisi's 2015 Batalna video use to let viewers look in every direction?","فيديو واقع افتراضي بزاوية 360 درجة","360-degree virtual-reality video","Fahad Al Kubaisi — official Batalna 360-degree video","https://www.youtube.com/watch?v=RPlPFFyydzg","Artist's 2015 Batalna video is 360-degree virtual reality; lyrics Saad Al Mosallam. Verified 2026-10-08.","2026-10-08"
"gulf_music_v2_080","medium400","song:musafir:composer",,"من لحّن أغنية راشد الماجد «المسافر»؟","Who composed Rashed Al Majid's Al Musafir?","عبدالرب إدريس","Abdul Rab Idris","Rashed Al Majid — original Al Musafir video","https://www.youtube.com/watch?v=uQs5vWlv2fU","1996 official artist music video: words Badr bin Abdulmohsen; composition Abdul Rab Idris; vocals Rashed Al Majid. Verified 2026-10-08.","2026-10-08"
"gulf_music_v2_081","medium400","song:alamaken:composer",,"من لحّن أغنية محمد عبده «الأماكن»؟","Who composed Mohammed Abdu's Al Amaken?","ناصر الصالح","Nasser Al Saleh","Al Jazirah — direct Nasser Al Saleh interview, September 2005","https://www.al-jazirah.com/2005/20050903/at5.htm","Composer discusses Al Amaken, sung by Mohammed Abdu, words Mansour Al Shadi and music Nasser Al Saleh. No erroneous catalogue release dates used. Verified 2026-10-08.","2026-10-08"
"gulf_music_v2_082","medium400","song:rahalty:composer",,"من لحّن أغنية عبدالله الرويشد «رحلتي»؟","Who composed Abdullah Al Rowaished's Rahalty?","راشد الخضر","Rashed Al Khader","Tunes Arabia — official Rahalty Jalsat Wanasah credits","https://www.youtube.com/watch?v=0WHwc0PXHDc","Licensed 2017 session: Abdullah Al Rowaished vocals; words Abdul Latif Al Bannai; music Rashed Al Khader; director Ahmad Al Doghaji. Verified 2026-10-08.","2026-10-08"
"gulf_music_v2_083","medium400","institution:qma:parent",,"إلى أي مؤسسة تعليمية وثقافية تنتمي أكاديمية قطر للموسيقى؟","Which educational and cultural foundation is Qatar Music Academy a member of?","مؤسسة قطر","Qatar Foundation","Qatar Music Academy — official institutional history","https://www.qatarmusicacademy.com.qa/about-us","Qatar Foundation member; opened January 2011; located in Doha's Katara Cultural Village. Verified 2026-10-08.","2026-10-08"
"gulf_music_v2_084","medium400","institution:qma:locationcomplex",,"في أي حي ثقافي بالدوحة تقع أكاديمية قطر للموسيقى؟","In which Doha cultural village is Qatar Music Academy located?","كتارا","Katara Cultural Village","Qatar Music Academy — official institutional history","https://www.qatarmusicacademy.com.qa/about-us","Qatar Foundation member; opened January 2011; located in Doha's Katara Cultural Village. Verified 2026-10-08.","2026-10-08"
"gulf_music_v2_085","medium400","work:omansymphony:composer",,"من الملحن المصري صاحب «سيمفونية عُمان» التي تضمّنها حفل مرور 30 عاماً على الأوركسترا السلطانية؟","Which Egyptian composer wrote Oman Symphony, featured in the Royal Oman Symphony Orchestra's 30th-anniversary concert?","عزيز الشوان","Aziz Al Shawan","Royal Opera House Muscat — 30 Years of Royal Oman Symphony Orchestra programme","https://rohmuscat.org.om/en/performance/performance-detail?i=240","Programme: Oman Symphony by Aziz Al Shawan; Blessed Renaissance by Hamdan Al Shaely; Bridge to Oman world premiere by Bernd Redmann; Symphonic Impressions of Oman by Lalo Shifrin. Verified 2026-10-08.","2026-10-08"
"gulf_music_v2_086","medium400","song:anamasoul:composer",,"من لحّن أغنية نوال «أنا المسؤول»؟","Who composed Nawal's Ana El Masoul?","ناصر الصالح","Nasser Al Saleh","Rotana — official Ana El Masoul credits","https://www.youtube.com/watch?v=I-Qo1mmIfTE","Nawal 1998 album recording; words Mohamed Al Mansour; composition Nasser Al Saleh; vocals Nawal. Verified 2026-10-08.","2026-10-08"
"gulf_music_v2_087","medium400","song:sheratan:composer",,"من لحّن أغنية راشد الماجد «شرطان الذهب»؟","Who composed Rashed Al Majid's Sheratan Al Thahab?","صالح الشهري","Saleh Al Shehri","Rashed Al Majid — official Sheratan Al Thahab concert credits","https://www.youtube.com/watch?v=DnYA4iUf5SI","Artist's official 2016 Dubai recording: music Saleh Al Shehri; poet Abdulaziz bin Saud Al Samer additionally confirmed artist's 2020 Dubai Shopping Festival recording https://www.youtube.com/watch?v=c0YgYx8yDGQ. No first-release date inferred from concert. Verified 2026-10-08.","2026-10-08"
"gulf_music_v2_088","medium400","song:maqadir:composer",,"من لحّن أغنية طلال مداح «مقادير»؟","Who composed Talal Maddah's Maqadir?","سراج عمر","Siraj Omar","Anghami — licensed Maqadir recording","https://kalimat.anghami.com/lyrics/101167","Licensed Talal Maddah recording; no platform release date used. Composer Siraj Omar independently supported by https://www.aletihad.ae/article/2285/2017/%D8%B3%D8%B1%D8%A7%D8%AC-%D8%B9%D9%85%D8%B1-%D9%85%D8%AC%D8%AF%D9%91%D8%AF-%D8%A7%D9%84%D9%84%D8%AD%D9%86-%D8%A7%D9%84%D8%B3%D8%B9%D9%88%D8%AF%D9%8A. Verified 2026-10-08.","2026-10-08"
"gulf_music_v2_089","medium400","album:rabeh:debuttitle",,"ما عنوان أول ألبوم لرابح صقر؟","What is the title of Rabeh Saqer's debut album?","يا نسيم الليل","Ya Naseem Al Lail","Rotana — Rabeh Saqer beginnings","https://rotana.net/en/news/%D9%81%D9%8A%2B%D8%B9%D9%8A%D8%AF%2B%D9%85%D9%8A%D9%84%D8%A7%D8%AF%2B%D9%85%D9%88%D8%B3%D9%8A%D9%82%D8%A7%D8%B1%2B%D8%A7%D9%84%D8%AE%D9%84%D9%8A%D8%AC..%2B%D8%A3%D8%A8%D8%B1%D8%B2%2B%D9%85%D8%AD%D8%B7%D8%A7%D8%AA%2B%D8%AD%D9%8A%D8%A7%D8%AA%D9%87","Label identifies debut album Ya Naseem Al Lail; original-year claim deliberately excluded. Verified 2026-10-08. Also confirms debut songs in Standard Arabic and patriotic Jisr Al Khair on Sabreen.","2026-10-08"
"gulf_music_v2_090","medium400","song:wadaatak:composer",,"من لحّن أغنية رابح صقر «ودعتك» في ألبوم «صدقني»؟","Who composed Rabeh Saqer's Wadaatak on the album Sedqni?","ياسر بو علي","Yaser Bu Ali","Al Jazirah — Sedqni release report, 7 August 2008","https://www.al-jazirah.com/2008/20080807/at6.htm","Rabeh Saqer release Sedqni: title track words Mansour Al Shadi; music Rabeh Saqer. Other tracks not conflated with title track. Verified 2026-10-08.","2026-10-08"
"gulf_music_v2_091","medium400","artist:siraj:firstinstrument",,"ما الآلة التي عزفها سراج عمر في بداية مشواره الفني مع فرقة النجوم؟","Which instrument did Siraj Omar play at the start of his career with Al Nojoum band?","الكمان","Violin","Al Etihad — Siraj Omar career profile","https://www.aletihad.ae/article/2285/2017/%D8%B3%D8%B1%D8%A7%D8%AC-%D8%B9%D9%85%D8%B1-%D9%85%D8%AC%D8%AF%D9%91%D8%AF-%D8%A7%D9%84%D9%84%D8%AD%D9%86-%D8%A7%D9%84%D8%B3%D8%B9%D9%88%D8%AF%D9%8A","Career began on violin with Al Nojoum band; Al Tawhid for Janadriyah 1994 composed by Siraj Omar with lyrics Khaled Al Faisal. Verified 2026-10-08. Also lists Martni Al Dunya composed for Mohammed Abdu.","2026-10-08"
"gulf_music_v2_092","medium400","song:entaishq:composer",,"من لحّن أغنية فهد الكبيسي «أنت عشق» الصادرة عام 2017؟","Who composed Fahad Al Kubaisi's 2017 song Enta Ishq?","عبدالله المناعي","Abdullah Al Mannai","Fahad Al Kubaisi — official Enta Ishq credits","https://www.youtube.com/watch?v=pab5vFQwwCE","Original 2017 recording: music Abdullah Al Mannai; words Hind; arrangement Cyrus Eissa. Official Artist Channel description inspected through indexed result because direct page fetch failed. Verified 2026-10-08.","2026-10-08"
"gulf_music_v2_093","medium400","song:menalakher:composer",,"من لحّن أغنية داليا مبارك «من الآخر»؟","Who composed Dalia Mubarak's Men Al Akher?","فايز السعيد","Fayez Al Saeed","Rotana — Dalia Mubarak first music video credits","https://rotana.net/ar/news/%D9%85%D8%A7%D8%B0%D8%A7%20%D9%82%D8%A7%D9%84%D8%AA%20%D8%AF%D8%A7%D9%84%D9%8A%D8%A7%20%D9%85%D8%A8%D8%A7%D8%B1%D9%83%20%D8%B9%D9%86%20%D8%B1%D8%A7%D8%A8%D8%AD%20%D8%B5%D9%82%D8%B1%D8%9F","Men Al Akher video late 2015; words Ahmad Al Sanea; composition Fayez Al Saeed; director Bassam Al Turk. Verified 2026-10-08. Also identifies first album Men Al Akher produced by Rotana.","2026-10-08"
"gulf_music_v2_094","medium400","artist:hala:talentshow",,"في أي برنامج لاكتشاف المواهب ظهرت حلا الترك في موسمه الأول؟","Which talent show's first season featured Hala Al Turk?","أرابز غوت تالنت","Arabs Got Talent","Platinum Records — Hala Al Turk artist profile","https://www.platinumrecordsmusic.com/ar/artist/11/hala-alturk","Artist participated in first season of Arabs Got Talent. Verified 2026-10-08. Artist release list includes Ana Majnouna and Layali Al Sayf.","2026-10-08"
"gulf_music_v2_095","medium400","song:nasetni:composer",,"من لحّن أغنية عايض «نسيتني» الصادرة عام 2016؟","Who composed Ayed's 2016 song Nasetni?","وسم","Wasm","Luxury KSA — official Nasetni credits","https://www.youtube.com/watch?v=yR-9m9yoWCE","Verified publisher channel; Ayed 2016 original release; words Fahad Al Mosaed; composition Wasm. Verified 2026-10-08.","2026-10-08"
"gulf_music_v2_096","medium400","artist:sultankhalifa:stagename",,"بأي اسم فني اشتهر المطرب سلطان خليفة؟","What stage name is singer Sultan Khalifa known by?","حقروص","Haqroos","Sultan Khalifa — official Akher Dawa credits","https://www.youtube.com/watch?v=MCmOZJt63Ds","Official Artist Channel identifies Haqroos stage name; 2024 Akher Dawa arrangement Abadi Al Kubaisi. Verified 2026-10-08.","2026-10-08"
"gulf_music_v2_097","medium400","song:sikkasafar:composer",,"من لحّن أغنية نبيل شعيل «سكة سفر»؟","Who composed Nabeel Shuail's Sikka Safar?","راشد الخضر","Rashed Al Khader","Rotana — Nabeel Shuail career","https://rotana.net/ar/news/%D8%A7%D9%84%D9%81%D9%86%D8%A7%D9%86%20%D9%86%D8%A8%D9%8A%D9%84%20%D8%B4%D8%B9%D9%8A%D9%84%20..%20%D8%B1%D8%AD%D9%84%D8%A9%20%D9%81%D9%86%D9%8A%D8%A9%20%D8%AA%D8%AE%D8%B7%D8%AA%20%D8%A7%D9%84%D9%8040%20%D8%B9%D8%A7%D9%85%D8%A7%D9%8B","Sikka Safar album 1982; title song music Rashed Al Khader and words Abdul Latif Al Bannai; owns Tarban recording studio opened Jabriya January 18 2009. Verified 2026-10-08. Also confirms debut album Aqbal Al Eid 1981.","2026-10-08"
"gulf_music_v2_098","medium400","song:qulubsahiya:composer",,"من لحّن أغنية نوال «القلوب الساهية»؟","Who composed Nawal's Al Quloub Al Sahiya?","علي الجبر","Ali Al Jabr","Nawal — official Al Quloub Al Sahiya credits","https://www.youtube.com/watch?v=OZJ5XDt37t8","Official Artist Channel Bahrain 2023 performance; vocals Nawal, words Yousef Al Sabri; composition Ali Al Jabr. Concert year not treated as original release. Verified 2026-10-08.","2026-10-08"
"gulf_music_v2_099","medium400","song:yaibnalawadem:composer",,"بأي اسم فني نُسب لحن «يا ابن الأوادم» لعبدالمجيد عبدالله في إصدار 2021؟","Under what professional name was the composer credited for Abdul Majeed Abdullah's 2021 Ya Ibn Alawadem?","مبهم","Mubham","Abdul Majeed Abdullah — official 2021 Ya Ibn Alawadem","https://www.youtube.com/watch?v=pjMhcEuhf6k","Artist original release title identifies 2021 Aalam Mowazi track; indexed official description credits words Fahad Al Mosaed and composer Mubham. Conflicting secondary composer real-name attribution not used. Verified 2026-10-08.","2026-10-08"
"gulf_music_v2_100","medium400","song:wahashtnyswalifk:composer",,"من لحّن أغنية راشد الماجد «وحشتني سواليفك» الصادرة عام 1996؟","Who composed Rashed Al Majid's 1996 song Wahashtny Swalifk?","عبدالرب إدريس","Abdul Rab Idris","Rashed Al Majid — official Wahashtny Swalifk credits","https://www.youtube.com/watch?v=y2sz4gJOzxU","Official Artist Channel original 1996 recording; words Al Nasser; composition Abdul Rab Idris; arrangement Amir Abdel Meguid. Verified 2026-10-08.","2026-10-08"
"gulf_music_v2_101","medium400","song:tejyneshaq:composer",,"من لحّن أغنية فهد الكبيسي «تجي نعشق»؟","Who composed Fahad Al Kubaisi's Tejy Ne'shaq?","عبدالله المناعي","Abdullah Al Mannai","Fahad Al Kubaisi — official Tejy Ne'shaq credits","https://www.youtube.com/watch?v=SDGrUCObEaQ","Official Artist Channel original 2012 recording; words Al Amani; composition Al Mannai. Verified 2026-10-08.","2026-10-08"
"gulf_music_v2_102","medium400","song:fouadzaffa:duetpartner",,"من شارك فؤاد عبدالواحد تسجيل أغنية «زفّة» عام 2015؟","Who recorded the song Zaffa with Fouad Abdulwahed in 2015?","محمد عبده","Mohammed Abdu","Dubai Media — Fouad Abdulwahed guest biography","https://www.dmi.gov.ae/content/site/carpoolkaraokear1/ar-ae/programs/40/41234.html","Broadcaster confirms 2010 Najm Al Khaleej winner; founded Zain band; recorded Zaffa with Mohammed Abdu in 2015. Verified 2026-10-08.","2026-10-08"
"gulf_music_v2_103","medium400","song:wajed:composer",,"من لحّن أغنية رابح صقر «واجد» الصادرة عام 2022؟","Who composed Rabeh Saqer's 2022 song Wajed?","سهم","Sahm","Rotana — official Wajed credits","https://www.youtube.com/watch?v=EYaFgO7vxuU","Verified label channel; Rabeh Saqer 2022; words Prince Saud bin Abdullah; composition Sahm; arrangement Bashar Sultan. Verified 2026-10-08.","2026-10-08"
"gulf_music_v2_104","medium400","song:methelqalbk:composer",,"من لحّن أغنية راشد الماجد «مثل قلبك»؟","Who composed Rashed Al Majid's Methel Qalbk?","نواف عبدالله","Nawaf Abdullah","Rashed Al Majid — official Methel Qalbk credits","https://www.youtube.com/watch?v=8qkD3QSQoo4","Official Artist Channel 2016; vocals Rashed Al Majid; lyrics Turki Al Sheikh; composition Nawaf Abdullah; arrangement Hisham Al Sakran. Verified 2026-10-08.","2026-10-08"
"gulf_music_v2_105","medium400","song:tahadedninawal:composer",,"من لحّن أغنية نوال «تهددني»؟","Who composed Nawal's Tahadedni?","بديع مسعود","Badee Masoud","Nawal — official Tahadedni credits","https://www.youtube.com/watch?v=NN9QKY9TBn8","Official Artist Channel Bahrain 2023 concert; words Saud Al Shubrmi; music Badee Masoud. Concert year not treated as original release. Verified 2026-10-08.","2026-10-08"
"gulf_music_v2_106","medium400","song:esmaani:composer",,"بأي اسم فني يُعرف ملحّن «اسمعني» لعبدالمجيد عبدالله؟","What professional name is credited for the composer of Abdul Majeed Abdullah's Esmaani?","سهم","Sahm","Abdul Majeed Abdullah — official Esmaani concert credits","https://www.youtube.com/watch?v=AWs88IoAlcU","Official Artist Channel Jeddah 2023 concert; words Saud bin Mohammed Al Abdullah; music Sahm. Concert year not treated as original release. Verified 2026-10-08.","2026-10-08"
"gulf_music_v2_107","medium400","song:ygolon:composer",,"من لحّن أغنية نبيل شعيل «يقولون» عام 2021؟","Who composed Nabeel Shuail's 2021 song Ygolon?","ميثم علاء الدين","Maitham Alaa Al Din","Nabeel Shuail — official Ygolon credits","https://www.youtube.com/watch?v=SbX_-6KiRR4","Official Artist Channel 2021; words Ahmad Al Sanea, composition Maitham Alaa Al Din, arrangement Othman Abboud. Verified 2026-10-08.","2026-10-08"
"gulf_music_v2_108","medium400","ensemble:bahrainphilharmonic:founder",,"من المايسترو الذي أسس أوركسترا البحرين الفيلهارمونية؟","Which maestro founded the Bahrain Philharmonic Orchestra?","مبارك نجم","Mubarak Najem","Bahrain Culture Authority — Songs of the Gulf concert","https://culture.gov.bh/en/mediacenter/news_center/2024/December2024/Name%2C22440%2Cen.html","Bahrain Philharmonic founded 2022 by Mubarak Najem; December 20 2024 repertoire includes Ana Hanet by Khalid Al Shaikh. Verified 2026-10-08.","2026-10-08"
"gulf_music_v2_109","medium400","song:lelatkhamis:composer",,"من لحّن أغنية محمد عبده «ليلة خميس»؟","Who composed Mohammed Abdu's Lelat Khamis?","عمر كدرس","Omar Kadars","Mohammed Abdu — official Lelat Khamis concert credits","https://www.youtube.com/watch?v=J9Qj15phhYo","Official Artist Channel February Kuwait 2020 performance; composer Omar Kadars; poet Khaled bin Yazid. No original release-year inference from upload date. Verified 2026-10-08.","2026-10-08"
"gulf_music_v2_110","medium400","song:walhan:composer",,"من لحّن أغنية راشد الماجد «ولهان» الصادرة عام 2020؟","Who composed Rashed Al Majid's 2020 song Walhan?","أحمد الهرمي","Ahmed Al Harmi","Rashed Al Majid — official Walhan credits","https://www.youtube.com/watch?v=01C6_7CfQx4","Official Artist Channel original 2020 release; poet Ramz; composer Ahmed Al Harmi; arrangement Cyrus. Verified 2026-10-08.","2026-10-08"
"gulf_music_v2_111","medium400","song:tetanfasak:composer",,"من لحّن أغنية عبدالمجيد عبدالله «تتنفسك دنياي»؟","Who composed Abdul Majeed Abdullah's Tetanfasak Dunyay?","أحمد الهرمي","Ahmed Al Harmi","Abdul Majeed Abdullah — official Tetanfasak Dunyay credits","https://www.youtube.com/watch?v=4AG2kwxTjmg","Official Artist Channel 2022; words Anwar Al Mushairi; composer Ahmed Al Harmi; arrangement Cyrus. Verified 2026-10-08.","2026-10-08"
"gulf_music_v2_112","medium400","song:mozhela:composer",,"من لحّن أغنية محمد عبده «مذهلة»؟","Who composed Mohammed Abdu's Mozhela?","صادق الشاعر","Sadeg Al Shaer","Rotana — official Mozhela concert credits","https://www.youtube.com/watch?v=aqeL2hDsptc","Verified label channel 2025 concert recording; performer Mohammed Abdu; lyrics Prince Abdulrahman bin Musaed; composer Sadeg Al Shaer. Original date not inferred. Verified 2026-10-08.","2026-10-08"
"gulf_music_v2_113","medium400","song:absher:composer",,"من لحّن أغنية راشد الماجد «أبشر» الصادرة عام 1991؟","Who composed Rashed Al Majid's 1991 song Absher?","صالح الشهري","Saleh Al Shehri","Rashed Al Majid — official Absher credits","https://www.youtube.com/watch?v=SxM6r_9ucgc","Official Artist Channel original 1991 recording from Absher Min Oyouni; poet Rashed bin Juaythen; composer Saleh Al Shehri. Verified 2026-10-08.","2026-10-08"
"gulf_music_v2_114","medium400","song:kelmafelamr:arranger",,"من وزّع دويتو «كل ما في الأمر» لرابح صقر ونوال؟","Who arranged Rabeh Saqer and Nawal's duet Kel Ma Fel Amr?","هشام السكران","Hisham Al Sakran","Turki Al Sheikh — official Kel Ma Fel Amr video","https://www.youtube.com/watch?v=Zi0HX2FofUE","Verified songwriter channel identifies duet Rabeh Saqer/Nawal; arranger Hisham Al Sakran; director Bassam Al Turk. Title labels 2021 but upload 2019, so original date excluded. Verified 2026-10-08.","2026-10-08"
"gulf_music_v2_115","medium400","artist:talal:ziryabnamedby",,"من الموسيقار الذي أطلق لقب «زرياب» على طلال مداح؟","Which composer gave Talal Maddah the nickname Ziryab?","محمد عبدالوهاب","Mohammed Abdel Wahab","Rotana — Talal Maddah musical biography","https://www.rotana.net/ar/news-details/6735/%D8%B9%D8%A8%D8%AF%D8%A7%D9%84%D9%85%D8%AC%D9%8A%D8%AF-%D8%B9%D8%A8%D8%AF%D8%A7%D9%84%D9%84%D9%87-%D9%8A%D8%BA%D9%86%D9%8A-%D8%A8%D8%B2%D9%81%D8%A7%D9%81-%D9%86%D8%AC%D9%84-%D8%B5%D9%88%D8%AA-%D8%A7%D9%84%D8%A7%D8%B1%D8%B6-%D8%A7%D9%84%D8%A3%D8%B5%D8%BA%D8%B1-%D8%AE%D8%A7%D9%84%D8%AF-%D8%B7%D9%84%D8%A7%D9%84-%D9%85%D8%AF%D8%A7%D8%AD","Label biography identifies Sawt Al Ard nickname; Mohammed Abdel Wahab gave Ziryab nickname; first Saudi-radio song Wardak Ya Zare Al Ward. Verified 2026-10-08. Also confirms collaboration with Mohammed Abdel Wahab on Mada Aqool.","2026-10-08"
"gulf_music_v2_116","medium400","song:methlnaseem:composer",,"من لحّن أغنية نوال «مثل النسيم»؟","Who composed Nawal's Methl Al Naseem?","ياسر بوعلي","Yaser Bu Ali","Tunes Arabia — official Methl Al Naseem Wanasah credits","https://www.youtube.com/watch?v=kZLGjjZc0fQ","Verified publisher channel; Nawal Wanasah 2017 performance; words Fahad Al Mosaed; composer Yaser Bu Ali; director Ahmad Al Doghaji. Verified 2026-10-08.","2026-10-08"
"gulf_music_v2_117","medium400","artist:talal:firstradiosong",,"ما أول أغنية لطلال مداح في الإذاعة السعودية وفق سيرته المنشورة لدى روتانا؟","According to Rotana's biography, what was Talal Maddah's first song on Saudi radio?","وردك يا زارع الورد","Wardak Ya Zare Al Ward","Rotana — Talal Maddah musical biography","https://www.rotana.net/ar/news-details/6735/%D8%B9%D8%A8%D8%AF%D8%A7%D9%84%D9%85%D8%AC%D9%8A%D8%AF-%D8%B9%D8%A8%D8%AF%D8%A7%D9%84%D9%84%D9%87-%D9%8A%D8%BA%D9%86%D9%8A-%D8%A8%D8%B2%D9%81%D8%A7%D9%81-%D9%86%D8%AC%D9%84-%D8%B5%D9%88%D8%AA-%D8%A7%D9%84%D8%A7%D8%B1%D8%B6-%D8%A7%D9%84%D8%A3%D8%B5%D8%BA%D8%B1-%D8%AE%D8%A7%D9%84%D8%AF-%D8%B7%D9%84%D8%A7%D9%84-%D9%85%D8%AF%D8%A7%D8%AD","Label biography identifies Sawt Al Ard nickname; Mohammed Abdel Wahab gave Ziryab nickname; first Saudi-radio song Wardak Ya Zare Al Ward. Verified 2026-10-08. Also confirms collaboration with Mohammed Abdel Wahab on Mada Aqool.","2026-10-08"
"gulf_music_v2_118","medium400","song:ishqbalwa:composer",,"من لحّن أغنية فهد الكبيسي «العشق والبلوى»؟","Who composed Fahad Al Kubaisi's Al Ishq Wal Balwa?","عبدالله المناعي","Abdullah Al Mannai","Fahad Al Kubaisi — official Al Ishq Wal Balwa credits","https://www.youtube.com/watch?v=uLflPalue4Y","Official Artist Channel 2020; music Abdullah Al Mannai; lyrics Hamad Al Braidi; arrangement Mohannad Saif. Verified 2026-10-08.","2026-10-08"
"gulf_music_v2_119","medium400","song:yarahleen:arranger",,"من وزّع أغنية صلاح الزدجالي «يا راحلين» عام 2018؟","Who arranged Salah Al Zadjali's 2018 song Ya Rahleen?","سيروس","Cyrus","Salah Al Zadjali — official Ya Rahleen credits","https://www.youtube.com/watch?v=r-sPAZFIDlc","Official Artist Channel 2018; singer/composer Salah Al Zadjali; lyrics Hameed Al Bloushi; arrangement Cyrus. Verified 2026-10-08.","2026-10-08"
"gulf_music_v2_120","medium400","song:wakefshway:composer",,"من الملحّن الذي تعاون مع نبيل شعيل في «وقف شوي» ضمن ألبوم «شعيل 2018»؟","Which composer collaborated with Nabeel Shuail on Wakef Shway from the album Shuail 2018?","مشعل العروج","Meshal Al Arouj","Rotana — Nabeel Shuail artistic milestones","https://rotana.net/ar/news/%D8%A8%D9%84%D8%A8%D9%84%20%D8%A7%D9%84%D8%AE%D9%84%D9%8A%D8%AC%20%D9%86%D8%A8%D9%8A%D9%84%20%D8%B4%D8%B9%D9%8A%D9%84..%20%D8%B5%D9%88%D8%AA%20%D8%B9%D8%B0%D8%A8%20%D9%88%D8%A5%D8%AD%D8%B3%D8%A7%D8%B3%20%D9%86%D8%A7%D8%AF%D8%B1%20%D8%A3%D8%B3%D8%B1%20%D8%A8%D9%87%D9%85%D8%A7%20%D9%82%D9%84%D9%88%D8%A8%20%D8%A7%D9%84%D8%AC%D9%85%D8%A7%D9%87%D9%8A%D8%B1%20%D8%A7%D9%84%D8%B9%D8%B1%D8%A8%D9%8A%D8%A9","Bulbul Al Khaleej nickname; Wakef Shway from Shuail 2018 collaboration Meshal Al Arouj; first recorded TV theme Izaaj 1988; Ma Aroak album 1998. Unverified broad first-artist superlatives excluded. Verified 2026-10-08.","2026-10-08"
"gulf_music_v2_121","medium400","album:rabeh95:versions",,"بأي اتجاهين موسيقيين قدّم رابح صقر نسختي ألبوم «رابح 95»؟","What two musical styles distinguished the versions of Rabeh Saqer's album Rabeh 95?","شرقي وغربي","Eastern and Western","Rotana — Rabeh Saqer career profile","https://www.rotana.net/en/news/%D9%85%D9%88%D8%B3%D9%8A%D9%82%D8%A7%D8%B1%20%D8%A7%D9%84%D8%AE%D9%84%D9%8A%D8%AC%20%D8%B1%D8%A7%D8%A8%D8%AD%20%D8%B5%D9%82%D8%B1..%20%D8%A3%D8%B3%D8%AA%D8%A7%D8%B0%20%D9%81%D9%8A%20%D8%A7%D9%84%D8%BA%D9%86%D8%A7%D8%A1%20%D9%88%D8%A7%D9%84%D8%A3%D8%AF%D8%A7%D8%A1","Label identifies Musiqar Al Khaleej nickname and supervision of Abdul Majeed Abdullah's Ghali and Najwa Karam's Ma Hada La Hada. Verified 2026-10-08. Unreliable superlatives and changing album totals excluded.","2026-10-08"
"gulf_music_v2_122","medium400","artist:abadi:octopusnamedby",,"من المطرب الذي أطلق على عبادي الجوهر لقب «أخطبوط العود»؟","Which singer gave Abadi Al Johar the nickname Octopus of the Oud?","طلال مداح","Talal Maddah","Rotana — abadinickname artist report","https://rotana.net/ar/news/%D8%B9%D8%A8%D8%A7%D8%AF%D9%8A%20%D8%A7%D9%84%D8%AC%D9%88%D9%87%D8%B1%20%D9%84%D9%80%22%D9%8A%D8%A7%20%D9%87%D9%84%D8%A7%20%D8%B1%D9%85%D8%B6%D8%A7%D9%86%22%20%3A%20%D8%A7%D9%84%D8%B9%D8%B8%D9%8A%D9%85%20%22%D8%B7%D9%84%D8%A7%D9%84%20%D9%85%D8%AF%D8%A7%D8%AD%22%20%D9%87%D9%88%20%D9%85%D9%86%20%D8%A3%D8%B7%D9%84%D9%82%20%D8%B9%D9%84%D9%8A%D9%91%D9%8E%20%D9%84%D9%82%D8%A8%20%22%D8%A3%D8%AE%D8%B7%D8%A8%D9%88%D8%B7%20%D8%A7%D9%84%D8%B9%D9%88%D8%AF%22","Artist direct interview confirms Octopus of the Oud nickname given by Talal Maddah. Verified 2026-10-08.","2026-10-08"
"gulf_music_v2_123","medium400","album:abdu2024:composer",,"من الموسيقار الذي وضع جميع ألحان ألبوم «محمد عبده 2024»؟","Which composer wrote all the music for the album Mohammed Abdu 2024?","الدكتور طلال","Dr Talal","Rotana — abdu2024 artist report","https://www.rotana.net/ar/news-details/7634/%D9%85%D8%AD%D9%85%D8%AF-%D8%B9%D8%A8%D8%AF%D9%87-%D9%81%D9%8A-%D8%A7%D9%84%D8%A8%D9%88%D9%85-%D8%AE%D8%A7%D8%B1%D8%AC-%D8%A7%D9%84%D9%85%D9%86%D8%A7%D9%81%D8%B3%D8%A9-%D9%8A%D9%83%D8%B1%D9%85-%D8%A8%D8%B5%D9%88%D8%AA%D9%87-%D8%A7%D9%84%D8%A8%D8%AF%D8%B1-..-%D9%88%D9%8A%D8%B9%D9%8A%D8%AF-%D9%85%D8%B9-%D8%A7%D9%84%D9%85%D9%88%D8%B3%D9%8A%D9%82%D8%A7%D8%B1-%D8%B7%D9%84%D8%A7%D9%84-%D9%88%D8%B1%D9%88%D8%AA%D8%A7%D9%86%D8%A7-%D8%B2%D9%85%D9%86-%D8%A7%D9%84%D8%A3%D8%B5%D8%A7%D9%84%D8%A9","Label calls Mohammed Abdu Fannan Al Arab; Mohammed Abdu 2024 all compositions Dr Talal; Ya Jannat Al Dunya lyrics Ali Mosaed. Verified 2026-10-08.","2026-10-08"
"gulf_music_v2_124","medium400","song:tenadeek:composer",,"من لحّن أغنية ماجد المهندس «تناديك»؟","Who composed Majid Al Mohandis's Tenadeek?","أحمد الهرمي","Ahmed Al Harmi","Rotana — official Tenadeek credits","https://www.youtube.com/watch?v=HMHnPZta3CQ","Verified label channel; vocals Majid Al Mohandis; composer Ahmed Al Harmi; lyrics Yasser Al Twaijri. Verified 2026-10-08.","2026-10-08"
"gulf_music_v2_125","medium400","song:qalbielsagheer:composer",,"بأي اسم نُسب لحن «قلبي الصغير» لفؤاد عبدالواحد في الإصدار الرسمي؟","What name is credited for the composer of Fouad Abdulwahed's Qalbi El Sagheer on the official release?","أدهم","Adham","Rotana — official Qalbi El Sagheer credits","https://www.youtube.com/watch?v=9mce_451XR0","Verified label channel published 2016; Fouad Abdulwahed; words Anwar Al Mushairi; music Adham; album Fouad Abdulwahed 2016. Verified 2026-10-08.","2026-10-08"
"gulf_music_v2_126","medium400","album:dalia:debuttitle",,"ما عنوان أول ألبوم لداليا مبارك الذي أنتجته روتانا؟","What was the title of Dalia Mubarak's debut album, produced by Rotana?","من الآخر","Men Al Akher","Rotana — Dalia Mubarak first music video credits","https://rotana.net/ar/news/%D9%85%D8%A7%D8%B0%D8%A7%20%D9%82%D8%A7%D9%84%D8%AA%20%D8%AF%D8%A7%D9%84%D9%8A%D8%A7%20%D9%85%D8%A8%D8%A7%D8%B1%D9%83%20%D8%B9%D9%86%20%D8%B1%D8%A7%D8%A8%D8%AD%20%D8%B5%D9%82%D8%B1%D8%9F","Men Al Akher video late 2015; words Ahmad Al Sanea; composition Fayez Al Saeed; director Bassam Al Turk. Verified 2026-10-08. Also identifies first album Men Al Akher produced by Rotana.","2026-10-08"
"gulf_music_v2_127","medium400","album:nabeel:debuttitle",,"ما عنوان ألبوم نبيل شعيل الأول الصادر عام 1981 وفق تقرير روتانا عن مسيرته؟","According to Rotana's career profile, what was the title of Nabeel Shuail's first album, released in 1981?","أقبل العيد","Aqbal Al Eid","Rotana — Nabeel Shuail career","https://rotana.net/ar/news/%D8%A7%D9%84%D9%81%D9%86%D8%A7%D9%86%20%D9%86%D8%A8%D9%8A%D9%84%20%D8%B4%D8%B9%D9%8A%D9%84%20..%20%D8%B1%D8%AD%D9%84%D8%A9%20%D9%81%D9%86%D9%8A%D8%A9%20%D8%AA%D8%AE%D8%B7%D8%AA%20%D8%A7%D9%84%D9%8040%20%D8%B9%D8%A7%D9%85%D8%A7%D9%8B","Sikka Safar album 1982; title song music Rashed Al Khader and words Abdul Latif Al Bannai; owns Tarban recording studio opened Jabriya January 18 2009. Verified 2026-10-08. Also confirms debut album Aqbal Al Eid 1981.","2026-10-08"
"gulf_music_v2_128","medium400","song:jisrkhair:album",,"في أي ألبوم ضمّ رابح صقر أغنيته الوطنية «جسر الخير»؟","Which Rabeh Saqer album included his patriotic song Jisr Al Khair?","صابرين","Sabreen","Rotana — Rabeh Saqer beginnings","https://rotana.net/en/news/%D9%81%D9%8A%2B%D8%B9%D9%8A%D8%AF%2B%D9%85%D9%8A%D9%84%D8%A7%D8%AF%2B%D9%85%D9%88%D8%B3%D9%8A%D9%82%D8%A7%D8%B1%2B%D8%A7%D9%84%D8%AE%D9%84%D9%8A%D8%AC..%2B%D8%A3%D8%A8%D8%B1%D8%B2%2B%D9%85%D8%AD%D8%B7%D8%A7%D8%AA%2B%D8%AD%D9%8A%D8%A7%D8%AA%D9%87","Label identifies debut album Ya Naseem Al Lail; original-year claim deliberately excluded. Verified 2026-10-08. Also confirms debut songs in Standard Arabic and patriotic Jisr Al Khair on Sabreen.","2026-10-08"
"gulf_music_v2_129","medium400","song:aymezza:composer",,"من لحّن أغنية عبدالله الرويشد «أي معزة»؟","Who composed Abdullah Al Rowaished's Ay Mezza?","سليمان الملا","Sulaiman Al Mulla","Al Nazaer — official Ay Mezza credits","https://www.youtube.com/watch?v=-w9xCC3627E","Production company's official channel; singer Abdullah Al Ruwaished; words Sami Al Ali; composer Sulaiman Al Mulla. Verified 2026-10-08.","2026-10-08"
"gulf_music_v2_130","medium400","song:kafeetwafeet:creator",,"من كتب ولحّن أغنية فؤاد عبدالواحد «كفيت ووفيت»؟","Who wrote and composed Fouad Abdulwahed's Kafeet W Wafeet?","عبدالعزيز العبكل","Abdulaziz Al Abkal","Fouad Abdulwahed — official Kafeet W Wafeet credits","https://www.youtube.com/watch?v=1HwDEoTs2jI","Official Artist Channel 2014 release; words and music Abdulaziz Al Abkal; director Yaser Al Yaseri. Verified 2026-10-08.","2026-10-08"
"gulf_music_v2_131","medium400","song:madaaqool:composer",,"من الموسيقار المصري الذي تعاون مع طلال مداح في «ماذا أقول»؟","Which Egyptian composer collaborated with Talal Maddah on Mada Aqool?","محمد عبدالوهاب","Mohammed Abdel Wahab","Rotana — Talal Maddah musical biography","https://www.rotana.net/ar/news-details/6735/%D8%B9%D8%A8%D8%AF%D8%A7%D9%84%D9%85%D8%AC%D9%8A%D8%AF-%D8%B9%D8%A8%D8%AF%D8%A7%D9%84%D9%84%D9%87-%D9%8A%D8%BA%D9%86%D9%8A-%D8%A8%D8%B2%D9%81%D8%A7%D9%81-%D9%86%D8%AC%D9%84-%D8%B5%D9%88%D8%AA-%D8%A7%D9%84%D8%A7%D8%B1%D8%B6-%D8%A7%D9%84%D8%A3%D8%B5%D8%BA%D8%B1-%D8%AE%D8%A7%D9%84%D8%AF-%D8%B7%D9%84%D8%A7%D9%84-%D9%85%D8%AF%D8%A7%D8%AD","Label biography identifies Sawt Al Ard nickname; Mohammed Abdel Wahab gave Ziryab nickname; first Saudi-radio song Wardak Ya Zare Al Ward. Verified 2026-10-08. Also confirms collaboration with Mohammed Abdel Wahab on Mada Aqool.","2026-10-08"
"gulf_music_v2_132","medium400","song:martnidunya:composer",,"من لحّن أغنية محمد عبده «مرتني الدنيا»؟","Who composed Mohammed Abdu's Martni Al Dunya?","سراج عمر","Siraj Omar","Al Etihad — Siraj Omar career profile","https://www.aletihad.ae/article/2285/2017/%D8%B3%D8%B1%D8%A7%D8%AC-%D8%B9%D9%85%D8%B1-%D9%85%D8%AC%D8%AF%D9%91%D8%AF-%D8%A7%D9%84%D9%84%D8%AD%D9%86-%D8%A7%D9%84%D8%B3%D8%B9%D9%88%D8%AF%D9%8A","Career began on violin with Al Nojoum band; Al Tawhid for Janadriyah 1994 composed by Siraj Omar with lyrics Khaled Al Faisal. Verified 2026-10-08. Also lists Martni Al Dunya composed for Mohammed Abdu.","2026-10-08"
"gulf_music_v2_133","medium400","song:raheeb:composer",,"من لحّن أغنية عبدالمجيد عبدالله «رهيب»؟","Who composed Abdul Majeed Abdullah's Raheeb?","صالح الشهري","Saleh Al Shehri","Abdul Majeed Abdullah — official Raheeb concert credits","https://www.youtube.com/watch?v=b4OJI2Xva-4","Official Artist Channel Bahrain 2022 concert; lyrics Salem Al Khaldi; composition Saleh Al Shehri. Verified 2026-10-08.","2026-10-08"
"gulf_music_v2_134","medium400","song:yaibnalawadem:album",,"في أي ألبوم لعبدالمجيد عبدالله صدرت «يا ابن الأوادم» عام 2021؟","Which Abdul Majeed Abdullah album included the 2021 release Ya Ibn Alawadem?","عالم موازي","Aalam Mowazi","Abdul Majeed Abdullah — official 2021 Ya Ibn Alawadem","https://www.youtube.com/watch?v=pjMhcEuhf6k","Artist original release title identifies 2021 Aalam Mowazi track; indexed official description credits words Fahad Al Mosaed and composer Mubham. Conflicting secondary composer real-name attribution not used. Verified 2026-10-08.","2026-10-08"
"gulf_music_v2_135","medium400","song:sikkasafar:lyricist",,"من كتب كلمات أغنية نبيل شعيل «سكة سفر»؟","Who wrote the lyrics of Nabeel Shuail's Sikka Safar?","عبداللطيف البناي","Abdul Latif Al Bannai","Rotana — Nabeel Shuail career","https://rotana.net/ar/news/%D8%A7%D9%84%D9%81%D9%86%D8%A7%D9%86%20%D9%86%D8%A8%D9%8A%D9%84%20%D8%B4%D8%B9%D9%8A%D9%84%20..%20%D8%B1%D8%AD%D9%84%D8%A9%20%D9%81%D9%86%D9%8A%D8%A9%20%D8%AA%D8%AE%D8%B7%D8%AA%20%D8%A7%D9%84%D9%8040%20%D8%B9%D8%A7%D9%85%D8%A7%D9%8B","Sikka Safar album 1982; title song music Rashed Al Khader and words Abdul Latif Al Bannai; owns Tarban recording studio opened Jabriya January 18 2009. Verified 2026-10-08. Also confirms debut album Aqbal Al Eid 1981.","2026-10-08"
"gulf_music_v2_136","medium400","album:rabehdebut:languageform",,"أي صيغة من العربية استخدمها رابح صقر لأغاني ألبومه الأول «يا نسيم الليل»؟","Which form of Arabic did Rabeh Saqer use for the songs on his debut album Ya Naseem Al Lail?","العربية الفصحى","Standard Arabic","Rotana — Rabeh Saqer beginnings","https://rotana.net/en/news/%D9%81%D9%8A%2B%D8%B9%D9%8A%D8%AF%2B%D9%85%D9%8A%D9%84%D8%A7%D8%AF%2B%D9%85%D9%88%D8%B3%D9%8A%D9%82%D8%A7%D8%B1%2B%D8%A7%D9%84%D8%AE%D9%84%D9%8A%D8%AC..%2B%D8%A3%D8%A8%D8%B1%D8%B2%2B%D9%85%D8%AD%D8%B7%D8%A7%D8%AA%2B%D8%AD%D9%8A%D8%A7%D8%AA%D9%87","Label identifies debut album Ya Naseem Al Lail; original-year claim deliberately excluded. Verified 2026-10-08. Also confirms debut songs in Standard Arabic and patriotic Jisr Al Khair on Sabreen.","2026-10-08"
"gulf_music_v2_137","hard600","song:katheirelli:lyricist",,"ما الاسم الأدبي لكاتب كلمات أغنية فهد الكبيسي «كثير إللي» الصادرة عام 2014؟","What is the lyricist's pen name on Fahad Al Kubaisi's 2014 Katheer Elli?","الأماني","Al Amani","Fahad Al Kubaisi — official Katheer Elli credits","https://www.youtube.com/watch?v=E_TSocxU3Pc","Official original 2014 artist recording: lyrics Al Amani, music Abdullah Al Mannai. Verified 2026-10-08.","2026-10-08"
"gulf_music_v2_138","hard600","song:bnayti:poet",,"من كتب كلمات «بنيتي الحبوبة» لحلا الترك ومشاعل؟","Who wrote the lyrics of Bnayty El Habooba for Hala Al Turk and Mashael?","خالد العوض","Khaled Al Awad","Platinum Records — official Bnayty El Habooba credits","https://www.youtube.com/watch?v=qn3ITODjLiw","Duet Hala Al Turk and Mashael; words Khaled Al Awad; music Issam Kamal; arrangement Hossam Kamel; director Ziad Barazi; video produced by MBC3. Verified 2026-10-08.","2026-10-08"
"gulf_music_v2_139","hard600","song:zahgana:director",,"من أخرج الفيديو الرسمي لأغنية حلا الترك «زهقانة»؟","Who directed the official music video for Hala Al Turk's Zahgana?","زياد برازي","Ziad Barazi","Platinum Records — official Zahgana credits","https://www.youtube.com/watch?v=P1dr_FLN07g","Singer Hala Al Turk; words Khaled Al Awad; composition Issam Kamal; director Ziad Barazi; label Platinum Records. Verified 2026-10-08.","2026-10-08"
"gulf_music_v2_140","hard600","person:ala:englishdebutcity",,"في أي مدينة أمريكية انطلق علاء غواص بأعماله الإنجليزية عام 2007 أثناء منحة فولبرايت؟","In which US city did Ala Ghawas launch his English music in 2007 while on a Fulbright scholarship?","بوسطن","Boston","Ala Ghawas — official biography and discography","https://www.alaghawas.com/bio-discog","English debut Boston 2007 as Fulbright scholar; Arabic album Brouvat Mout 2021 co-produced with Isa Najem; Hums 2007; bilingual Live from Manama 2023. No inferred fifteen-year interval used because introductory prose conflicts with explicit discography. Verified 2026-10-08.","2026-10-08"
"gulf_music_v2_141","hard600","album:ala:brouvatcoproducer",,"من شارك علاء غواص إنتاج ألبوم «بروفة موت»؟","Who co-produced Brouvat Mout with Ala Ghawas?","عيسى نجم","Isa Najem","Ala Ghawas — official biography and discography","https://www.alaghawas.com/bio-discog","English debut Boston 2007 as Fulbright scholar; Arabic album Brouvat Mout 2021 co-produced with Isa Najem; Hums 2007; bilingual Live from Manama 2023. No inferred fifteen-year interval used because introductory prose conflicts with explicit discography. Verified 2026-10-08.","2026-10-08"
"gulf_music_v2_142","hard600","album:ala:2007title",,"ما عنوان إصدار علاء غواص الإنجليزي الصادر عام 2007؟","What is the title of Ala Ghawas's English release from 2007?","هامز (Hums)","Hums","Ala Ghawas — official biography and discography","https://www.alaghawas.com/bio-discog","English debut Boston 2007 as Fulbright scholar; Arabic album Brouvat Mout 2021 co-produced with Isa Najem; Hums 2007; bilingual Live from Manama 2023. No inferred fifteen-year interval used because introductory prose conflicts with explicit discography. Verified 2026-10-08.","2026-10-08"
"gulf_music_v2_143","hard600","ensemble:farisband:debutcity",,"في أي مدينة أوروبية قدّمت فرقة محمد بن فارس أولى حفلاتها عام 2001؟","In which European city did the Mohammed bin Faris Band give its first concert in 2001?","باريس","Paris","Bahrain Authority for Culture and Antiquities — Mohammed bin Faris Band, 2016","https://www.culture.gov.bh/ar/events/past_events/Name%2C13724%2Car.php","Band's first concert at second Arab Music Festival in Paris on 14 June 2001; performs Sawt, Besta and Khamari. Do not repeat completed Gulf Culture questions about Sawt's pioneer, drums, dance or gathering. Verified 2026-10-08.","2026-10-08"
"gulf_music_v2_144","hard600","person:zuwaid:earlyvessels",,"على أي نوع من السفن عمل محمد زويّد قبل مسيرته الموسيقية في ثلاثينيات القرن العشرين؟","Aboard which type of vessels did Mohammed Zuwaid work before his music career in the 1930s?","سفن الغوص على اللؤلؤ","Pearl-diving vessels","Bahrain Authority for Culture and Antiquities — Mohammed Zuwaid tribute, October 2022","https://culture.gov.bh/ar/mediacenter/news_center/2022/2022/Name%2C21069%2Car.html","Mohammed Zuwaid known as ambassador of Bahraini song; worked aboard pearl-diving vessels in 1930s; learned oud from Mohammed bin Faris. Verified 2026-10-08.","2026-10-08"
"gulf_music_v2_145","hard600","concert:rhythmlife:2026orchestraspeaker",,"من المايسترو الذي قدّم محاضرة «الأوركسترا السيمفونية السلطانية العُمانية» ضمن برنامج «إيقاع الحياة» في فبراير 2026؟","Which maestro presented the Royal Oman Symphony Orchestra lecture in the Rhythm of Life programme in February 2026?","حمدان الشعيلي","Hamdan Al Shuayli","Royal Opera House Muscat — Rhythm of Life exhibition","https://rohmuscat.org.om/en/Pages/RHYTHM-OF-LIFE.aspx","Rhythm of Life: Richness and Diversity in Omani Arts exhibition covers Omani musical heritage; February 2026 Royal Oman Symphony Orchestra lecture delivered by maestro Hamdan Al Shuayli. Verified 2026-10-08.","2026-10-08"
"gulf_music_v2_146","hard600","song:hinddaraish:lyricist",,"من الأمير الذي كتب كلمات أغنية هند «الدرايش»؟","Which prince wrote the lyrics of Hind's Al Daraish?","الأمير عبدالله بن سعد بن عبدالعزيز آل سعود","Prince Abdullah bin Saad bin Abdulaziz Al Saud","Rotana — Al Daraish songwriter announcement","https://rotana.net/ar/news-details/5115/%D9%87%D9%86%D8%AF-%D8%A7%D9%84%D8%A8%D8%AD%D8%B1%D9%8A%D9%86%D9%8A%D8%A9-%D8%AA%D8%AC%D8%AA%D8%A7%D8%B2-%D8%A7%D9%84%D9%85%D9%84%D9%8A%D9%88%D9%86-%D9%85%D8%B4%D8%A7%D9%87%D8%AF%D8%A9-%D8%A8%D8%A3%D8%BA%D9%86%D9%8A%D8%A9-%D8%A7%D9%84%D8%AF%D8%B1%D8%A7%D9%8A%D8%B4-%D9%85%D9%86-%D8%A3%D9%84%D8%A8%D9%88%D9%85%D9%87%D8%A7-%D8%A7%D9%84%D8%AC%D8%AF%D9%8A%D8%AF","Al Daraish by Hind: lyrics Prince Abdullah bin Saad bin Abdulaziz Al Saud; music Hamad Al Khader; arrangement Zaid Nadeem. No changing view totals used. Verified 2026-10-08.","2026-10-08"
"gulf_music_v2_147","hard600","song:tarban:lyricist",,"من كتب كلمات أغنية صلاح الزدجالي «طربان»؟","Who wrote the lyrics of Salah Al Zadjali's Tarban?","هيثم البوسعيدي","Haitham Al Busaidi","Salah Al Zadjali — official Tarban credits","https://www.youtube.com/watch?v=EI3Nw-AeuJs","Artist original 2023: singer/composer Salah Al Zadjali; lyrics Haitham Al Busaidi; label production announcement independently corroborates credits. Verified 2026-10-08.","2026-10-08"
"gulf_music_v2_148","hard600","song:lehana:lyricist",,"ما الاسم الأدبي لكاتب كلمات أغنية فهد الكبيسي «ليه أنا أهتم»؟","What is the lyricist's pen name on Fahad Al Kubaisi's Leih Ana Ahtam?","الأماني","Al Amani","Fahad Al Kubaisi — original Leih Ana Ahtam","https://www.youtube.com/watch?v=5BESjcUBo8U","Original 2014 artist release; singer Fahad Al Kubaisi; words Al Amani. Verified 2026-10-08.","2026-10-08"
"gulf_music_v2_149","hard600","song:batalna:lyricist",,"من كتب كلمات أغنية فهد الكبيسي «بطّلنا»؟","Who wrote the lyrics of Fahad Al Kubaisi's Batalna?","سعد المسلم","Saad Al Mosallam","Fahad Al Kubaisi — official Batalna 360-degree video","https://www.youtube.com/watch?v=RPlPFFyydzg","Artist's 2015 Batalna video is 360-degree virtual reality; lyrics Saad Al Mosallam. Verified 2026-10-08.","2026-10-08"
"gulf_music_v2_150","hard600","song:tabra:lyricist",,"من كتب كلمات أغنية نوال «تبرى»؟","Who wrote the lyrics of Nawal's Tabra?","عبداللطيف البناي","Abdul Latif Al Bannai","Nawal — official Tabra original recording","https://www.youtube.com/watch?v=fx-0f5m4840","Artist's original recording marked 1985; singer Nawal; lyricist Abdul Latif Al Bannai. Verified 2026-10-08.","2026-10-08"
"gulf_music_v2_151","hard600","song:yashams:lyricist",,"من كتب كلمات أغنية نبيل شعيل «يا شمس»؟","Who wrote the lyrics of Nabeel Shuail's Ya Shams?","عبداللطيف البناي","Abdul Latif Al Bannai","Al Nazaer — licensed Ya Shams credits","https://www.youtube.com/watch?v=XMXd7wfboDg","Label release: singer Nabeel Shuail; words Abdul Latif Al Bannai; music credited as developed folklore, not an individual contemporary composer. Verified 2026-10-08.","2026-10-08"
"gulf_music_v2_152","hard600","song:musafir:lyricist",,"من كتب كلمات أغنية راشد الماجد «المسافر»؟","Who wrote the lyrics of Rashed Al Majid's Al Musafir?","بدر بن عبدالمحسن","Badr bin Abdulmohsen","Rashed Al Majid — original Al Musafir video","https://www.youtube.com/watch?v=uQs5vWlv2fU","1996 official artist music video: words Badr bin Abdulmohsen; composition Abdul Rab Idris; vocals Rashed Al Majid. Verified 2026-10-08.","2026-10-08"
"gulf_music_v2_153","hard600","song:alamaken:lyricist",,"من كتب كلمات أغنية محمد عبده «الأماكن»؟","Who wrote the lyrics of Mohammed Abdu's Al Amaken?","منصور الشادي","Mansour Al Shadi","Al Jazirah — direct Nasser Al Saleh interview, September 2005","https://www.al-jazirah.com/2005/20050903/at5.htm","Composer discusses Al Amaken, sung by Mohammed Abdu, words Mansour Al Shadi and music Nasser Al Saleh. No erroneous catalogue release dates used. Verified 2026-10-08.","2026-10-08"
"gulf_music_v2_154","hard600","song:rahalty:lyricist",,"من كتب كلمات أغنية عبدالله الرويشد «رحلتي»؟","Who wrote the lyrics of Abdullah Al Rowaished's Rahalty?","عبداللطيف البناي","Abdul Latif Al Bannai","Tunes Arabia — official Rahalty Jalsat Wanasah credits","https://www.youtube.com/watch?v=0WHwc0PXHDc","Licensed 2017 session: Abdullah Al Rowaished vocals; words Abdul Latif Al Bannai; music Rashed Al Khader; director Ahmad Al Doghaji. Verified 2026-10-08.","2026-10-08"
"gulf_music_v2_155","hard600","song:sedqni:lyricist",,"من كتب كلمات أغنية رابح صقر «صدقني»؟","Who wrote the lyrics of Rabeh Saqer's Sedqni?","منصور الشادي","Mansour Al Shadi","Al Jazirah — Sedqni release report, 7 August 2008","https://www.al-jazirah.com/2008/20080807/at6.htm","Rabeh Saqer release Sedqni: title track words Mansour Al Shadi; music Rabeh Saqer. Other tracks not conflated with title track. Verified 2026-10-08.","2026-10-08"
"gulf_music_v2_156","hard600","institution:qma:openingyear",,"في أي عام فتحت أكاديمية قطر للموسيقى أبوابها؟","In which year did Qatar Music Academy open its doors?","2011","2011","Qatar Music Academy — official institutional history","https://www.qatarmusicacademy.com.qa/about-us","Qatar Foundation member; opened January 2011; located in Doha's Katara Cultural Village. Verified 2026-10-08.","2026-10-08"
"gulf_music_v2_157","hard600","ensemble:omanorchestra:foundingyear",,"في أي عام بدأ تأسيس الأوركسترا السيمفونية السلطانية العُمانية؟","In which year did the creation of the Royal Oman Symphony Orchestra begin?","1985","1985","Royal Opera House Muscat — Pathways through Classical Music","https://rohmuscat.org.om/en/Pages/PATHWAYS-THROUGH-CLASSICAL-MUSIC.aspx","Royal Oman Symphony Orchestra initiative began 1985; young Omani musicians trained under Royal Guard supervision. Indexed official text inspected; later page fetch returned 502. Verified 2026-10-08.","2026-10-08"
"gulf_music_v2_158","hard600","work:blessedrenaissance:composer",,"من الملحن العُماني صاحب «النهضة المباركة» ضمن برنامج الذكرى الثلاثين للأوركسترا السيمفونية السلطانية؟","Which Omani composer wrote Blessed Renaissance, included in the Royal Oman Symphony Orchestra's 30th-anniversary programme?","حمدان الشعيلي","Hamdan Al Shuayli","Royal Opera House Muscat — 30 Years of Royal Oman Symphony Orchestra programme","https://rohmuscat.org.om/en/performance/performance-detail?i=240","Programme: Oman Symphony by Aziz Al Shawan; Blessed Renaissance by Hamdan Al Shaely; Bridge to Oman world premiere by Bernd Redmann; Symphonic Impressions of Oman by Lalo Shifrin. Verified 2026-10-08.","2026-10-08"
"gulf_music_v2_159","hard600","work:bridgetooman:composer",,"من الملحن الألماني صاحب «جسر إلى عُمان» للباس باريتون والأوركسترا؟","Which German composer wrote Bridge to Oman for bass-baritone and orchestra?","بيرند ريدمان","Bernd Redmann","Royal Opera House Muscat — 30 Years of Royal Oman Symphony Orchestra programme","https://rohmuscat.org.om/en/performance/performance-detail?i=240","Programme: Oman Symphony by Aziz Al Shawan; Blessed Renaissance by Hamdan Al Shaely; Bridge to Oman world premiere by Bernd Redmann; Symphonic Impressions of Oman by Lalo Shifrin. Verified 2026-10-08.","2026-10-08"
"gulf_music_v2_160","hard600","work:impressionsoman:composer",,"من الملحن الأرجنتيني الأمريكي صاحب «انطباعات سيمفونية عن عُمان»؟","Which Argentine-American composer wrote Symphonic Impressions of Oman?","لالو شيفرين","Lalo Shifrin","Royal Opera House Muscat — 30 Years of Royal Oman Symphony Orchestra programme","https://rohmuscat.org.om/en/performance/performance-detail?i=240","Programme: Oman Symphony by Aziz Al Shawan; Blessed Renaissance by Hamdan Al Shaely; Bridge to Oman world premiere by Bernd Redmann; Symphonic Impressions of Oman by Lalo Shifrin. Verified 2026-10-08.","2026-10-08"
"gulf_music_v2_161","hard600","song:anamasoul:lyricist",,"من كتب كلمات أغنية نوال «أنا المسؤول»؟","Who wrote the lyrics of Nawal's Ana El Masoul?","محمد المنصور","Mohamed Al Mansour","Rotana — official Ana El Masoul credits","https://www.youtube.com/watch?v=I-Qo1mmIfTE","Nawal 1998 album recording; words Mohamed Al Mansour; composition Nasser Al Saleh; vocals Nawal. Verified 2026-10-08.","2026-10-08"
"gulf_music_v2_162","hard600","song:sheratan:lyricist",,"من كتب كلمات أغنية راشد الماجد «شرطان الذهب» باسم «السامر»؟","Who wrote the lyrics of Rashed Al Majid's Sheratan Al Thahab under the pen name Al Samer?","الأمير عبدالعزيز بن سعود","Prince Abdulaziz bin Saud","Rashed Al Majid — official Sheratan Al Thahab concert credits","https://www.youtube.com/watch?v=DnYA4iUf5SI","Artist's official 2016 Dubai recording: music Saleh Al Shehri; poet Abdulaziz bin Saud Al Samer additionally confirmed artist's 2020 Dubai Shopping Festival recording https://www.youtube.com/watch?v=c0YgYx8yDGQ. No first-release date inferred from concert. Verified 2026-10-08.","2026-10-08"
"gulf_music_v2_163","hard600","song:sikkataweela:lyricist",,"من كتب كلمات أغنية عبادي الجوهر «سكة طويلة»؟","Who wrote the lyrics of Abadi Al Johar's Sikka Taweela?","سعود سالم","Saud Salem","Abadi Al Johar — official Sikka Taweela credits","https://www.youtube.com/watch?v=DSZzcdrJURA","Artist original recording: vocals/music Abadi Al Johar; words Saud Salem; album Asdaq Ma Katabt. Verified 2026-10-08.","2026-10-08"
"gulf_music_v2_164","hard600","album:ghali:supervisor",,"من المطرب والملحن الذي أشرف على ألبوم «غالي» لعبدالمجيد عبدالله؟","Which singer and composer supervised Abdul Majeed Abdullah's album Ghali?","رابح صقر","Rabeh Saqer","Rotana — Rabeh Saqer career profile","https://www.rotana.net/en/news/%D9%85%D9%88%D8%B3%D9%8A%D9%82%D8%A7%D8%B1%20%D8%A7%D9%84%D8%AE%D9%84%D9%8A%D8%AC%20%D8%B1%D8%A7%D8%A8%D8%AD%20%D8%B5%D9%82%D8%B1..%20%D8%A3%D8%B3%D8%AA%D8%A7%D8%B0%20%D9%81%D9%8A%20%D8%A7%D9%84%D8%BA%D9%86%D8%A7%D8%A1%20%D9%88%D8%A7%D9%84%D8%A3%D8%AF%D8%A7%D8%A1","Label identifies Musiqar Al Khaleej nickname and supervision of Abdul Majeed Abdullah's Ghali and Najwa Karam's Ma Hada La Hada. Verified 2026-10-08. Unreliable superlatives and changing album totals excluded.","2026-10-08"
"gulf_music_v2_165","hard600","song:ammaryadarna:lyricist",,"من كتب كلمات «عمار يا دارنا» التي قدّمها رابح صقر في ألبوم «صدقني»؟","Who wrote Ammar Ya Darna, recorded by Rabeh Saqer on the album Sedqni?","الأمير سعد آل سعود «المنادي»","Prince Saad Al Saud, Al Munadi","Al Jazirah — Sedqni release report, 7 August 2008","https://www.al-jazirah.com/2008/20080807/at6.htm","Rabeh Saqer release Sedqni: title track words Mansour Al Shadi; music Rabeh Saqer. Other tracks not conflated with title track. Verified 2026-10-08.","2026-10-08"
"gulf_music_v2_166","hard600","song:maqadir:lyricist",,"من كتب كلمات «مقادير» لطلال مداح؟","Who wrote the lyrics of Talal Maddah's Maqadir?","الأمير محمد العبدالله الفيصل","Prince Mohammed Al Abdullah Al Faisal","Al Etihad — Maqadir composer interview and history","https://www.aletihad.ae/article/21803/2017/-","Lyrics Mohammed Al Abdullah Al Faisal; composer Siraj Omar directly interviewed. Original date not used because article date claim is questionable. Verified 2026-10-08.","2026-10-08"
"gulf_music_v2_167","hard600","operetta:tawhid:lyricist",,"من كتب كلمات أوبريت «التوحيد» الذي لحّنه سراج عمر للجنادرية عام 1994؟","Who wrote the lyrics of Al Tawhid, the operetta Siraj Omar composed for Janadriyah in 1994?","الأمير خالد الفيصل","Prince Khaled Al Faisal","Al Etihad — Siraj Omar career profile","https://www.aletihad.ae/article/2285/2017/%D8%B3%D8%B1%D8%A7%D8%AC-%D8%B9%D9%85%D8%B1-%D9%85%D8%AC%D8%AF%D9%91%D8%AF-%D8%A7%D9%84%D9%84%D8%AD%D9%86-%D8%A7%D9%84%D8%B3%D8%B9%D9%88%D8%AF%D9%8A","Career began on violin with Al Nojoum band; Al Tawhid for Janadriyah 1994 composed by Siraj Omar with lyrics Khaled Al Faisal. Verified 2026-10-08. Also lists Martni Al Dunya composed for Mohammed Abdu.","2026-10-08"
"gulf_music_v2_168","hard600","song:entaishq:arranger",,"من وزّع أغنية فهد الكبيسي «أنت عشق» عام 2017؟","Who arranged Fahad Al Kubaisi's 2017 song Enta Ishq?","سيروس عيسى","Cyrus Eissa","Fahad Al Kubaisi — official Enta Ishq credits","https://www.youtube.com/watch?v=pab5vFQwwCE","Original 2017 recording: music Abdullah Al Mannai; words Hind; arrangement Cyrus Eissa. Official Artist Channel description inspected through indexed result because direct page fetch failed. Verified 2026-10-08.","2026-10-08"
"gulf_music_v2_169","hard600","song:hekayatnai:lyricist",,"من كتب كلمات «حكاية ناي» لصلاح الزدجالي؟","Who wrote the lyrics of Salah Al Zadjali's Hekayat Nai?","حميد البلوشي","Hameed Al Bloushi","Salah Al Zadjali — official Hekayat Nai credits","https://www.youtube.com/watch?v=E6fXUkms8pU","Official Artist Channel original recording published February 8 2013; words Hameed Al Bloushi; vocals/music Salah Al Zadjali; arrangement Mohammed Saleh. Indexed description inspected. Verified 2026-10-08.","2026-10-08"
"gulf_music_v2_170","hard600","song:menalakher:director",,"من أخرج فيديو كليب «من الآخر» لداليا مبارك عام 2015؟","Who directed Dalia Mubarak's 2015 Men Al Akher music video?","بسام الترك","Bassam Al Turk","Rotana — Dalia Mubarak first music video credits","https://rotana.net/ar/news/%D9%85%D8%A7%D8%B0%D8%A7%20%D9%82%D8%A7%D9%84%D8%AA%20%D8%AF%D8%A7%D9%84%D9%8A%D8%A7%20%D9%85%D8%A8%D8%A7%D8%B1%D9%83%20%D8%B9%D9%86%20%D8%B1%D8%A7%D8%A8%D8%AD%20%D8%B5%D9%82%D8%B1%D8%9F","Men Al Akher video late 2015; words Ahmad Al Sanea; composition Fayez Al Saeed; director Bassam Al Turk. Verified 2026-10-08. Also identifies first album Men Al Akher produced by Rotana.","2026-10-08"
"gulf_music_v2_171","hard600","song:nasetni:lyricist",,"من كتب كلمات «نسيتني» لعايض؟","Who wrote the lyrics of Ayed's Nasetni?","فهد المساعد","Fahad Al Mosaed","Luxury KSA — official Nasetni credits","https://www.youtube.com/watch?v=yR-9m9yoWCE","Verified publisher channel; Ayed 2016 original release; words Fahad Al Mosaed; composition Wasm. Verified 2026-10-08.","2026-10-08"
"gulf_music_v2_172","hard600","song:anqanaah:lyricist",,"من كتب كلمات أغنية عبدالعزيز المعنّى «عن قناعة»؟","Who wrote the lyrics of Abdulaziz El Muanna's An Qanaah?","محمد الغرير","Mohammed Al Gharir","Abdulaziz El Muanna — official An Qanaah credits","https://www.youtube.com/watch?v=rR7X4QE3NWU","Official Artist Channel; uploaded December 29 2017 although description labels project 2018, so no original release-year claim made; singer Abdulaziz El Muanna, lyrics Mohammed Al Gharir. Verified 2026-10-08.","2026-10-08"
"gulf_music_v2_173","hard600","song:akherdawa:arranger",,"من وزّع أغنية سلطان خليفة «آخر دوا» الصادرة عام 2024؟","Who arranged Sultan Khalifa's 2024 song Akher Dawa?","عبادي الكبيسي","Abadi Al Kubaisi","Sultan Khalifa — official Akher Dawa credits","https://www.youtube.com/watch?v=MCmOZJt63Ds","Official Artist Channel identifies Haqroos stage name; 2024 Akher Dawa arrangement Abadi Al Kubaisi. Verified 2026-10-08.","2026-10-08"
"gulf_music_v2_174","hard600","song:qulubsahiya:lyricist",,"من كتب كلمات أغنية نوال «القلوب الساهية»؟","Who wrote the lyrics of Nawal's Al Quloub Al Sahiya?","يوسف الصابري","Yousef Al Sabri","Nawal — official Al Quloub Al Sahiya credits","https://www.youtube.com/watch?v=OZJ5XDt37t8","Official Artist Channel Bahrain 2023 performance; vocals Nawal, words Yousef Al Sabri; composition Ali Al Jabr. Concert year not treated as original release. Verified 2026-10-08.","2026-10-08"
"gulf_music_v2_175","hard600","song:shamsbayni:lyricist",,"من كتب كلمات «شمس بيني وبينك» لأصيل أبو بكر؟","Who wrote the lyrics of Aseel Abu Bakr's Shams Bayni Wabaynak?","محمد القرني","Mohammed Al Qarni","Rotana — Shams Bayni Wabaynak songwriter interview","https://rotana.net/ar/news/%D8%A7%D9%84%D8%B9%D8%B1%D9%81%D8%AC%20%D9%8A%D9%83%D8%B4%D9%81%20%D8%B3%D8%B1%20%D8%A3%D8%BA%D9%86%D9%8A%D8%A9%20%22%D8%B4%D9%85%D8%B3%20%D8%A8%D9%8A%D9%86%D9%8A%20%D9%88%D8%A8%D9%8A%D9%86%D9%83%22","Mohammed Al Qarni interviewed about writing Shams Bayni Wabaynak sung by Aseel Abu Bakr. Verified 2026-10-08.","2026-10-08"
"gulf_music_v2_176","hard600","artist:nabeel:studio",,"ما اسم استوديو التسجيل الذي افتتحه نبيل شعيل في الجابرية عام 2009؟","What is the name of the recording studio Nabeel Shuail opened in Jabriya in 2009?","طربان","Tarban","Rotana — Nabeel Shuail career","https://rotana.net/ar/news/%D8%A7%D9%84%D9%81%D9%86%D8%A7%D9%86%20%D9%86%D8%A8%D9%8A%D9%84%20%D8%B4%D8%B9%D9%8A%D9%84%20..%20%D8%B1%D8%AD%D9%84%D8%A9%20%D9%81%D9%86%D9%8A%D8%A9%20%D8%AA%D8%AE%D8%B7%D8%AA%20%D8%A7%D9%84%D9%8040%20%D8%B9%D8%A7%D9%85%D8%A7%D9%8B","Sikka Safar album 1982; title song music Rashed Al Khader and words Abdul Latif Al Bannai; owns Tarban recording studio opened Jabriya January 18 2009. Verified 2026-10-08. Also confirms debut album Aqbal Al Eid 1981.","2026-10-08"
"gulf_music_v2_177","hard600","song:yaibnalawadem:lyricist",,"من كتب كلمات «يا ابن الأوادم» لعبدالمجيد عبدالله؟","Who wrote the lyrics of Abdul Majeed Abdullah's Ya Ibn Alawadem?","فهد المساعد","Fahad Al Mosaed","Abdul Majeed Abdullah — official 2021 Ya Ibn Alawadem","https://www.youtube.com/watch?v=pjMhcEuhf6k","Artist original release title identifies 2021 Aalam Mowazi track; indexed official description credits words Fahad Al Mosaed and composer Mubham. Conflicting secondary composer real-name attribution not used. Verified 2026-10-08.","2026-10-08"
"gulf_music_v2_178","hard600","song:wahashtnyswalifk:arranger",,"من وزّع أغنية راشد الماجد «وحشتني سواليفك» في إصدارها الأصلي عام 1996؟","Who arranged Rashed Al Majid's original 1996 recording of Wahashtny Swalifk?","أمير عبدالمجيد","Amir Abdel Meguid","Rashed Al Majid — official Wahashtny Swalifk credits","https://www.youtube.com/watch?v=y2sz4gJOzxU","Official Artist Channel original 1996 recording; words Al Nasser; composition Abdul Rab Idris; arrangement Amir Abdel Meguid. Verified 2026-10-08.","2026-10-08"
"gulf_music_v2_179","hard600","song:tejyneshaq:lyricist",,"بأي اسم أدبي وُقّعت كلمات أغنية فهد الكبيسي «تجي نعشق»؟","What pen name is credited for the lyrics of Fahad Al Kubaisi's Tejy Ne'shaq?","الأماني","Al Amani","Fahad Al Kubaisi — official Tejy Ne'shaq credits","https://www.youtube.com/watch?v=SDGrUCObEaQ","Official Artist Channel original 2012 recording; words Al Amani; composition Al Mannai. Verified 2026-10-08.","2026-10-08"
"gulf_music_v2_180","hard600","artist:fouad:earlyband",,"ما اسم الفرقة التي أسسها فؤاد عبدالواحد في بداياته؟","What was the name of the band Fouad Abdulwahed founded early in his career?","زين","Zain","Dubai Media — Fouad Abdulwahed guest biography","https://www.dmi.gov.ae/content/site/carpoolkaraokear1/ar-ae/programs/40/41234.html","Broadcaster confirms 2010 Najm Al Khaleej winner; founded Zain band; recorded Zaffa with Mohammed Abdu in 2015. Verified 2026-10-08.","2026-10-08"
"gulf_music_v2_181","hard600","artist:ibrahim:superstarfinalist",,"من المطربة التي حلّت ثانية خلف إبراهيم الحكمي في نهائي الموسم الثالث من «سوبر ستار»؟","Which female singer finished second behind Ibrahim Al Hakami in the third-season Super Star final?","شهد برمدا","Shahd Barmada","Rotana — Ibrahim Al Hakami artist biography","https://rotana.net/ar/actor-details/6021","Artist won third season of Super Star; Shahd Barmada finished second. No vote percentages used. Verified 2026-10-08.","2026-10-08"
"gulf_music_v2_182","hard600","song:wajed:arranger",,"من وزّع أغنية رابح صقر «واجد» عام 2022؟","Who arranged Rabeh Saqer's 2022 song Wajed?","بشار سلطان","Bashar Sultan","Rotana — official Wajed credits","https://www.youtube.com/watch?v=EYaFgO7vxuU","Verified label channel; Rabeh Saqer 2022; words Prince Saud bin Abdullah; composition Sahm; arrangement Bashar Sultan. Verified 2026-10-08.","2026-10-08"
"gulf_music_v2_183","hard600","song:methelqalbk:lyricist",,"من كتب كلمات «مثل قلبك» لراشد الماجد؟","Who wrote the lyrics of Rashed Al Majid's Methel Qalbk?","تركي آل الشيخ","Turki Al Sheikh","Rashed Al Majid — official Methel Qalbk credits","https://www.youtube.com/watch?v=8qkD3QSQoo4","Official Artist Channel 2016; vocals Rashed Al Majid; lyrics Turki Al Sheikh; composition Nawaf Abdullah; arrangement Hisham Al Sakran. Verified 2026-10-08.","2026-10-08"
"gulf_music_v2_184","hard600","song:tahadedninawal:lyricist",,"من كتب كلمات أغنية نوال «تهددني»؟","Who wrote the lyrics of Nawal's Tahadedni?","سعود الشبرمي","Saud Al Shubrmi","Nawal — official Tahadedni credits","https://www.youtube.com/watch?v=NN9QKY9TBn8","Official Artist Channel Bahrain 2023 concert; words Saud Al Shubrmi; music Badee Masoud. Concert year not treated as original release. Verified 2026-10-08.","2026-10-08"
"gulf_music_v2_185","hard600","song:esmaani:lyricist",,"من كتب كلمات أغنية عبدالمجيد عبدالله «اسمعني»؟","Who wrote the lyrics of Abdul Majeed Abdullah's Esmaani?","سعود بن محمد العبدالله","Saud bin Mohammed Al Abdullah","Abdul Majeed Abdullah — official Esmaani concert credits","https://www.youtube.com/watch?v=AWs88IoAlcU","Official Artist Channel Jeddah 2023 concert; words Saud bin Mohammed Al Abdullah; music Sahm. Concert year not treated as original release. Verified 2026-10-08.","2026-10-08"
"gulf_music_v2_186","hard600","song:ygolon:lyricist",,"من كتب كلمات أغنية نبيل شعيل «يقولون»؟","Who wrote the lyrics of Nabeel Shuail's Ygolon?","أحمد الصانع","Ahmad Al Sanea","Nabeel Shuail — official Ygolon credits","https://www.youtube.com/watch?v=SbX_-6KiRR4","Official Artist Channel 2021; words Ahmad Al Sanea, composition Maitham Alaa Al Din, arrangement Othman Abboud. Verified 2026-10-08.","2026-10-08"
"gulf_music_v2_187","hard600","ensemble:bahrainphilharmonic:foundingyear",,"في أي عام تأسست أوركسترا البحرين الفيلهارمونية؟","In which year was the Bahrain Philharmonic Orchestra founded?","2022","2022","Bahrain Culture Authority — Songs of the Gulf concert","https://culture.gov.bh/en/mediacenter/news_center/2024/December2024/Name%2C22440%2Cen.html","Bahrain Philharmonic founded 2022 by Mubarak Najem; December 20 2024 repertoire includes Ana Hanet by Khalid Al Shaikh. Verified 2026-10-08.","2026-10-08"
"gulf_music_v2_188","hard600","artist:jumairi:cairo2022conductor",,"من قاد فرقة البحرين الموسيقية المرافقة لأحمد الجميري في مهرجان الموسيقى العربية بالقاهرة عام 2022؟","Who conducted the Bahrain Music Ensemble accompanying Ahmed Al Jumairi at Cairo's 2022 Arab Music Festival?","زياد زيمان","Ziad Zeman","Bahrain Culture Authority — Ahmed Al Jumairi Cairo concert","https://culture.gov.bh/en/mediacenter/news_center/2022/Oct2022/Name%2C21118%2Cen.html","October 21 2022 Arab Music Festival performance accompanied Bahrain Music Ensemble conducted by Ziad Zeman. Verified 2026-10-08.","2026-10-08"
"gulf_music_v2_189","hard600","artist:haddad:conservatory",,"من أي معهد موسيقي تخرّج المؤلف البحريني محمد حداد في التأليف والقيادة؟","Which music conservatory awarded Bahraini composer Mohammad Haddad his degree in composition and conducting?","كونسرفتوار القاهرة","Cairo Conservatory","Bahrain Culture Authority — Mohammad Haddad artist booklet","https://eservices.culture.gov.bh/bacaflipbook/prdflipbooks/pdf/ea4a3cf5-32b9-4bb5-9d31-2da4da029b38/mido.pdf","Official bilingual booklet identifies Cairo Conservatory degree majoring composition and conducting. Verified 2026-10-08.","2026-10-08"
"gulf_music_v2_190","hard600","song:lelatkhamis:lyricist",,"من كتب كلمات أغنية محمد عبده «ليلة خميس»؟","Who wrote the lyrics of Mohammed Abdu's Lelat Khamis?","الأمير خالد بن يزيد","Prince Khaled bin Yazid","Mohammed Abdu — official Lelat Khamis concert credits","https://www.youtube.com/watch?v=J9Qj15phhYo","Official Artist Channel February Kuwait 2020 performance; composer Omar Kadars; poet Khaled bin Yazid. No original release-year inference from upload date. Verified 2026-10-08.","2026-10-08"
"gulf_music_v2_191","hard600","song:walhan:lyricist",,"ما الاسم الأدبي الذي وُقّعت به كلمات «ولهان» لراشد الماجد؟","What pen name is credited for the lyrics of Rashed Al Majid's Walhan?","رمز","Ramz","Rashed Al Majid — official Walhan credits","https://www.youtube.com/watch?v=01C6_7CfQx4","Official Artist Channel original 2020 release; poet Ramz; composer Ahmed Al Harmi; arrangement Cyrus. Verified 2026-10-08.","2026-10-08"
"gulf_music_v2_192","hard600","song:tetanfasak:lyricist",,"من كتب كلمات «تتنفسك دنياي» لعبدالمجيد عبدالله؟","Who wrote the lyrics of Abdul Majeed Abdullah's Tetanfasak Dunyay?","أنور المشيري","Anwar Al Mushairi","Abdul Majeed Abdullah — official Tetanfasak Dunyay credits","https://www.youtube.com/watch?v=4AG2kwxTjmg","Official Artist Channel 2022; words Anwar Al Mushairi; composer Ahmed Al Harmi; arrangement Cyrus. Verified 2026-10-08.","2026-10-08"
"gulf_music_v2_193","hard600","song:mozhela:lyricist",,"من كتب كلمات أغنية محمد عبده «مذهلة»؟","Who wrote the lyrics of Mohammed Abdu's Mozhela?","الأمير عبدالرحمن بن مساعد","Prince Abdulrahman bin Musaed","Rotana — official Mozhela concert credits","https://www.youtube.com/watch?v=aqeL2hDsptc","Verified label channel 2025 concert recording; performer Mohammed Abdu; lyrics Prince Abdulrahman bin Musaed; composer Sadeg Al Shaer. Original date not inferred. Verified 2026-10-08.","2026-10-08"
"gulf_music_v2_194","hard600","song:absher:lyricist",,"من كتب كلمات «أبشر» لراشد الماجد؟","Who wrote the lyrics of Rashed Al Majid's Absher?","راشد بن جعيثن","Rashed bin Juaythen","Rashed Al Majid — official Absher credits","https://www.youtube.com/watch?v=SxM6r_9ucgc","Official Artist Channel original 1991 recording from Absher Min Oyouni; poet Rashed bin Juaythen; composer Saleh Al Shehri. Verified 2026-10-08.","2026-10-08"
"gulf_music_v2_195","hard600","song:kelmafelamr:director",,"من أخرج فيديو كليب دويتو «كل ما في الأمر» لرابح صقر ونوال؟","Who directed Rabeh Saqer and Nawal's Kel Ma Fel Amr duet video?","بسام الترك","Bassam Al Turk","Turki Al Sheikh — official Kel Ma Fel Amr video","https://www.youtube.com/watch?v=Zi0HX2FofUE","Verified songwriter channel identifies duet Rabeh Saqer/Nawal; arranger Hisham Al Sakran; director Bassam Al Turk. Title labels 2021 but upload 2019, so original date excluded. Verified 2026-10-08.","2026-10-08"
"gulf_music_v2_196","hard600","song:qalootara:lyricist",,"من كتب كلمات أغنية عبادي الجوهر «قالوا ترى»؟","Who wrote the lyrics of Abadi Al Johar's Qaloo Tara?","الأمير عبدالرحمن بن مساعد","Prince Abdulrahman bin Musaed","Abadi Al Johar — official Qaloo Tara recording","https://www.youtube.com/watch?v=daTrHQWom0g","Official Artist Channel; singer/composer Abadi Al Johar; words Abdulrahman bin Musaed. No upload-to-original-date inference. Verified 2026-10-08.","2026-10-08"
"gulf_music_v2_197","hard600","song:methlnaseem:lyricist",,"من كتب كلمات «مثل النسيم» لنوال؟","Who wrote the lyrics of Nawal's Methl Al Naseem?","فهد المساعد","Fahad Al Mosaed","Tunes Arabia — official Methl Al Naseem Wanasah credits","https://www.youtube.com/watch?v=kZLGjjZc0fQ","Verified publisher channel; Nawal Wanasah 2017 performance; words Fahad Al Mosaed; composer Yaser Bu Ali; director Ahmad Al Doghaji. Verified 2026-10-08.","2026-10-08"
"gulf_music_v2_198","hard600","song:ishqbalwa:lyricist",,"من كتب كلمات «العشق والبلوى» لفهد الكبيسي؟","Who wrote the lyrics of Fahad Al Kubaisi's Al Ishq Wal Balwa?","حمد البريدي","Hamad Al Braidi","Fahad Al Kubaisi — official Al Ishq Wal Balwa credits","https://www.youtube.com/watch?v=uLflPalue4Y","Official Artist Channel 2020; music Abdullah Al Mannai; lyrics Hamad Al Braidi; arrangement Mohannad Saif. Verified 2026-10-08.","2026-10-08"
"gulf_music_v2_199","hard600","song:yarahleen:lyricist",,"من كتب كلمات أغنية صلاح الزدجالي «يا راحلين»؟","Who wrote the lyrics of Salah Al Zadjali's Ya Rahleen?","حميد البلوشي","Hameed Al Bloushi","Salah Al Zadjali — official Ya Rahleen credits","https://www.youtube.com/watch?v=r-sPAZFIDlc","Official Artist Channel 2018; singer/composer Salah Al Zadjali; lyrics Hameed Al Bloushi; arrangement Cyrus. Verified 2026-10-08.","2026-10-08"
"gulf_music_v2_200","hard600","artist:nabeel:firsttheme",,"ما المسلسل الذي غنّى نبيل شعيل شارته الأولى عام 1988 وفق تقرير روتانا عن مسيرته؟","According to Rotana's career profile, which series featured Nabeel Shuail's first theme-song recording in 1988?","إزعاج","Izaaj","Rotana — Nabeel Shuail artistic milestones","https://rotana.net/ar/news/%D8%A8%D9%84%D8%A8%D9%84%20%D8%A7%D9%84%D8%AE%D9%84%D9%8A%D8%AC%20%D9%86%D8%A8%D9%8A%D9%84%20%D8%B4%D8%B9%D9%8A%D9%84..%20%D8%B5%D9%88%D8%AA%20%D8%B9%D8%B0%D8%A8%20%D9%88%D8%A5%D8%AD%D8%B3%D8%A7%D8%B3%20%D9%86%D8%A7%D8%AF%D8%B1%20%D8%A3%D8%B3%D8%B1%20%D8%A8%D9%87%D9%85%D8%A7%20%D9%82%D9%84%D9%88%D8%A8%20%D8%A7%D9%84%D8%AC%D9%85%D8%A7%D9%87%D9%8A%D8%B1%20%D8%A7%D9%84%D8%B9%D8%B1%D8%A8%D9%8A%D8%A9","Bulbul Al Khaleej nickname; Wakef Shway from Shuail 2018 collaboration Meshal Al Arouj; first recorded TV theme Izaaj 1988; Ma Aroak album 1998. Unverified broad first-artist superlatives excluded. Verified 2026-10-08.","2026-10-08"
"gulf_music_v2_201","hard600","song:yajannadunya:lyricist",,"من كتب كلمات «يا جنة الدنيا» في ألبوم «محمد عبده 2024»؟","Who wrote the lyrics of Ya Jannat Al Dunya on the album Mohammed Abdu 2024?","علي مساعد","Ali Mosaed","Rotana — abdu2024 artist report","https://www.rotana.net/ar/news-details/7634/%D9%85%D8%AD%D9%85%D8%AF-%D8%B9%D8%A8%D8%AF%D9%87-%D9%81%D9%8A-%D8%A7%D9%84%D8%A8%D9%88%D9%85-%D8%AE%D8%A7%D8%B1%D8%AC-%D8%A7%D9%84%D9%85%D9%86%D8%A7%D9%81%D8%B3%D8%A9-%D9%8A%D9%83%D8%B1%D9%85-%D8%A8%D8%B5%D9%88%D8%AA%D9%87-%D8%A7%D9%84%D8%A8%D8%AF%D8%B1-..-%D9%88%D9%8A%D8%B9%D9%8A%D8%AF-%D9%85%D8%B9-%D8%A7%D9%84%D9%85%D9%88%D8%B3%D9%8A%D9%82%D8%A7%D8%B1-%D8%B7%D9%84%D8%A7%D9%84-%D9%88%D8%B1%D9%88%D8%AA%D8%A7%D9%86%D8%A7-%D8%B2%D9%85%D9%86-%D8%A7%D9%84%D8%A3%D8%B5%D8%A7%D9%84%D8%A9","Label calls Mohammed Abdu Fannan Al Arab; Mohammed Abdu 2024 all compositions Dr Talal; Ya Jannat Al Dunya lyrics Ali Mosaed. Verified 2026-10-08.","2026-10-08"
"gulf_music_v2_202","hard600","song:wajed:stringsarranger",,"من وزّع الوتريات في أغنية رابح صقر «واجد» عام 2022؟","Who arranged the strings on Rabeh Saqer's 2022 song Wajed?","هاني فرحات","Hani Farhat","Rotana — official Wajed credits","https://www.youtube.com/watch?v=EYaFgO7vxuU","Verified label channel; Rabeh Saqer 2022; words Prince Saud bin Abdullah; composition Sahm; arrangement Bashar Sultan. Verified 2026-10-08.","2026-10-08"
"gulf_music_v2_203","hard600","song:tenadeek:lyricist",,"من كتب كلمات أغنية ماجد المهندس «تناديك»؟","Who wrote the lyrics of Majid Al Mohandis's Tenadeek?","ياسر التويجري","Yasser Al Twaijri","Rotana — official Tenadeek credits","https://www.youtube.com/watch?v=HMHnPZta3CQ","Verified label channel; vocals Majid Al Mohandis; composer Ahmed Al Harmi; lyrics Yasser Al Twaijri. Verified 2026-10-08.","2026-10-08"
"gulf_music_v2_204","hard600","song:qalbielsagheer:lyricist",,"من كتب كلمات «قلبي الصغير» لفؤاد عبدالواحد؟","Who wrote the lyrics of Fouad Abdulwahed's Qalbi El Sagheer?","أنور المشيري","Anwar Al Mushairi","Rotana — official Qalbi El Sagheer credits","https://www.youtube.com/watch?v=9mce_451XR0","Verified label channel published 2016; Fouad Abdulwahed; words Anwar Al Mushairi; music Adham; album Fouad Abdulwahed 2016. Verified 2026-10-08.","2026-10-08"
