"id","difficulty","factKey","topic","questionAr","questionEn","answerAr","answerEn","sourceName","sourceUrl","evidence","lastVerified"
"premier_league_v2_001","easy200","history:premierleague:inauguralseason",,"في أي موسم انطلقت بطولة الدوري الإنجليزي الممتاز باسم «البريميرليغ»؟","In which season did the English Premier League begin?","1992-1993","1992-93","Premier League — Competition history","https://www.premierleague.com/en/history","Inaugural season 1992-93 featured 22 clubs; league reduced to 20 for 1995-96. Manchester United won inaugural title. Distinguish Premier League era from older First Division.","2026-10-07"
"premier_league_v2_002","easy200","player:cantona:kingnickname",,"من أسطورة مانشستر يونايتد الفرنسي الذي اشتهر بلقب «الملك»؟","Which French Manchester United legend was nicknamed the King?","إريك كانتونا","Eric Cantona","Premier League — Eric Cantona Hall of Fame induction","https://www.premierleague.com/en/news/2140246","Cantona nicknamed The King; moved Leeds to Manchester United November 1992; first Premier League hat-trick for Leeds against Tottenham; chipped Sunderland in December 1996; retired May 1997. No suspension folklore used.","2026-10-07"
"premier_league_v2_003","easy200","record:career:leadinggoalscorer",,"من صاحب الرقم القياسي البالغ 260 هدفًا في تاريخ البريميرليغ؟","Who holds the Premier League career record of 260 goals?","آلان شيرر","Alan Shearer","Premier League — Alan Shearer Hall of Fame profile","https://www.premierleague.com/en/events/hall-of-fame/inductees/alan-shearer","Shearer scored 260 Premier League goals and played for his boyhood Newcastle club. Only scorer identity used; not an inverse goal-total question.","2026-10-07"
"premier_league_v2_004","easy200","player:rooney:boyhoodclub",,"أي نادٍ لعب له واين روني قبل انتقاله إلى مانشستر يونايتد، ثم عاد إليه بعد رحيله؟","Which club did Wayne Rooney play for before joining Manchester United and return to after leaving?","إيفرتون","Everton","Premier League — Wayne Rooney Hall of Fame profile","https://www.premierleague.com/en/events/hall-of-fame/inductees/wayne-rooney","Rooney's first Premier League goal for Everton was against Arsenal. Manchester United spell was bookended by two Everton spells. Rankings in profile are outdated and excluded.","2026-10-07"
"premier_league_v2_005","easy200","record:midfielder:leadinggoalscorer",,"من لاعب الوسط الذي سجل 177 هدفًا في البريميرليغ خلال مسيرته مع وست هام وتشيلسي ومانشستر سيتي؟","Which midfielder scored 177 Premier League goals while playing for West Ham, Chelsea and Manchester City?","فرانك لامبارد","Frank Lampard","Premier League — Frank Lampard Hall of Fame profile","https://www.premierleague.com/en/events/hall-of-fame/inductees/frank-lampard","Lampard's 177 league goals made him leading goalscoring midfielder; played West Ham, Chelsea and Manchester City. Won Player of Season 2004-05. No repeated Chelsea all-competition record asked.","2026-10-07"
"premier_league_v2_006","easy200","record:season:haaland36",,"من مهاجم مانشستر سيتي الذي سجل 36 هدفًا في موسم البريميرليغ 2022-2023؟","Which Manchester City striker scored 36 goals in the 2022-23 Premier League season?","إيرلينغ هالاند","Erling Haaland","Premier League — Official competition records","https://www.premierleague.com/en/stats/records","Read October 7 2026: fastest goal Shane Long; record single-season 36 Haaland; Kane/Son leading assisting combination; consecutive scoring Jamie Vardy; Kluivert first three penalties in one match; Giggs scored in 21 seasons. Limit derived questions to avoid a record-table grid.","2026-10-07"
"premier_league_v2_007","easy200","record:goals:kanesoncombination",,"ما الثنائي الهجومي لتوتنهام الذي تصدّر قائمة أكثر اللاعبين صناعةً للأهداف لبعضهما في البريميرليغ بحلول أكتوبر 2026؟","Which Tottenham attacking pair led the Premier League list for goals in which one assisted the other by October 2026?","هاري كين وسون هيونغ مين","Harry Kane and Son Heung-min","Premier League — Official competition records","https://www.premierleague.com/en/stats/records","Read October 7 2026: fastest goal Shane Long; record single-season 36 Haaland; Kane/Son leading assisting combination; consecutive scoring Jamie Vardy; Kluivert first three penalties in one match; Giggs scored in 21 seasons. Limit derived questions to avoid a record-table grid.","2026-10-07"
"premier_league_v2_008","easy200","venue:arsenal:home",,"ما الملعب الذي أصبح مقر أرسنال بعد رحيله عن هايبري؟","Which stadium became Arsenal's home after it left Highbury?","استاد الإمارات","Emirates Stadium","Premier League — Stadium guide","https://www.premierleague.com/en/news/4725666","September 2026 guide: Arsenal Emirates formerly Highbury; United Old Trafford Theatre of Dreams; City former Maine Road; Etihad built for 2002 Commonwealth Games; Chelsea Stamford Bridge; Palace Selhurst portrayed AFC Richmond Ted Lasso; Everton left Goodison in 2025. Capacity and speculative redevelopment excluded.","2026-10-07"
"premier_league_v2_009","easy200","venue:united:theatreofdreams",,"ما اسم ملعب مانشستر يونايتد المعروف بـ«مسرح الأحلام»؟","What is the name of Manchester United's stadium known as the Theatre of Dreams?","أولد ترافورد","Old Trafford","Premier League — Stadium guide","https://www.premierleague.com/en/news/4725666","September 2026 guide: Arsenal Emirates formerly Highbury; United Old Trafford Theatre of Dreams; City former Maine Road; Etihad built for 2002 Commonwealth Games; Chelsea Stamford Bridge; Palace Selhurst portrayed AFC Richmond Ted Lasso; Everton left Goodison in 2025. Capacity and speculative redevelopment excluded.","2026-10-07"
"premier_league_v2_010","easy200","venue:chelsea:home",,"ما الملعب الذي يخوض فيه تشيلسي مبارياته على أرضه؟","At which stadium does Chelsea play its home matches?","ستامفورد بريدج","Stamford Bridge","Premier League — Stadium guide","https://www.premierleague.com/en/news/4725666","September 2026 guide: Arsenal Emirates formerly Highbury; United Old Trafford Theatre of Dreams; City former Maine Road; Etihad built for 2002 Commonwealth Games; Chelsea Stamford Bridge; Palace Selhurst portrayed AFC Richmond Ted Lasso; Everton left Goodison in 2025. Capacity and speculative redevelopment excluded.","2026-10-07"
"premier_league_v2_011","easy200","identity:arsenal:cannonsymbol",,"ما السلاح الذي يتوسط شعار أرسنال؟","Which weapon appears at the centre of Arsenal's crest?","مدفع","A cannon","Premier League — Club crest symbols explained","https://www.premierleague.com/en/news/4726407/all-20-premier-league-clubs-badges-explained","Arsenal cannon; Spurs cockerel; Brighton Seagulls; Bournemouth Dickie Dowsett silhouette; Ipswich Suffolk Punch horse; United red-devil nickname from Salford rugby; Everton Prince Rupert Tower; Forest designer David Lewis. Unverified heraldic folklore excluded.","2026-10-07"
"premier_league_v2_012","easy200","identity:tottenham:birdsymbol",,"ما الطائر الذي يقف فوق كرة في شعار توتنهام؟","Which bird stands on a football in Tottenham's crest?","ديك","A cockerel","Premier League — Club crest symbols explained","https://www.premierleague.com/en/news/4726407/all-20-premier-league-clubs-badges-explained","Arsenal cannon; Spurs cockerel; Brighton Seagulls; Bournemouth Dickie Dowsett silhouette; Ipswich Suffolk Punch horse; United red-devil nickname from Salford rugby; Everton Prince Rupert Tower; Forest designer David Lewis. Unverified heraldic folklore excluded.","2026-10-07"
"premier_league_v2_013","easy200","identity:brighton:nickname",,"أي نادٍ إنجليزي ساحلي يُعرف بلقب «النوارس»؟","Which English coastal club is nicknamed the Seagulls?","برايتون أند هوف ألبيون","Brighton & Hove Albion","Premier League — Club crest symbols explained","https://www.premierleague.com/en/news/4726407/all-20-premier-league-clubs-badges-explained","Arsenal cannon; Spurs cockerel; Brighton Seagulls; Bournemouth Dickie Dowsett silhouette; Ipswich Suffolk Punch horse; United red-devil nickname from Salford rugby; Everton Prince Rupert Tower; Forest designer David Lewis. Unverified heraldic folklore excluded.","2026-10-07"
"premier_league_v2_014","easy200","history:leicester:unexpectedtitle",,"أي فريق توّج بالبريميرليغ في موسم 2015-2016 بعدما كان من أبرز المرشحين للهبوط قبلها بعام؟","Which team won the 2015-16 Premier League after being a major relegation candidate a year earlier?","ليستر سيتي","Leicester City","Premier League — 2015-16 season review","https://www.premierleague.com/en/news/693680","Leicester champions under Ranieri, clinched when Chelsea drew Tottenham 2-2; Wes Morgan captain lifted trophy; Andrea Bocelli sang Nessun Dorma; Ranieri replaced Nigel Pearson; Dele Alli signed Spurs from MK Dons; Rashford brace against Arsenal league debut.","2026-10-07"
"premier_league_v2_015","easy200","identity:arsenal:invincibles",,"ما النادي الذي اشتهر فريقه بلقب «الذين لا يُقهرون» بعد إكمال موسم البريميرليغ 2003-2004 بلا هزيمة؟","Which club's team became known as the Invincibles after completing the 2003-04 Premier League season unbeaten?","أرسنال","Arsenal","Premier League — Arsenal 2003-04 season review","https://www.premierleague.com/en/news/59016","Arsenal unbeaten 2003-04 called Invincibles. Ronaldo moved from Sporting to United. Roman Abramovich bought Chelsea summer 2003. Exclude annual-winner repetition.","2026-10-07"
"premier_league_v2_016","easy200","coach:mourinho:specialone",,"من مدرب تشيلسي البرتغالي الذي وصف نفسه بـ«السبيشل وان»؟","Which Portuguese Chelsea manager described himself as the Special One?","جوزيه مورينيو","Jose Mourinho","Premier League — Chelsea 2004-05 tactical retrospective","https://www.premierleague.com/es/news/2737934","Mourinho Special One; Chelsea conceded only 15 all season; Makelele pivot in 4-3-3; Drogba and Icelandic Gudjohnsen forwards. Do not repeat Petr Cech individual clean-sheet fact.","2026-10-07"
"premier_league_v2_017","easy200","transfer:salah:premierfirstclub",,"مع أي نادٍ إنجليزي لعب محمد صلاح قبل تجربته في إيطاليا وانتقاله إلى ليفربول؟","Which English club did Mohamed Salah play for before his spell in Italy and move to Liverpool?","تشيلسي","Chelsea","Premier League — Liverpool sign Mohamed Salah","https://www.premierleague.com/en/news/748130/on-this-day-in-2017-liverpool-sign-salah","Salah signed from Roma June 2017 after former Chelsea spell. Scored 32 league goals 2017-18. Former club and debut tally separate; old current-record claim excluded.","2026-10-07"
"premier_league_v2_018","easy200","history:blackburn1995:champion",,"أي نادٍ بقيادة كيني دالغليش أوقف احتكار مانشستر يونايتد لأول لقبين في البريميرليغ عام 1995؟","Which club led by Kenny Dalglish ended Manchester United's monopoly on the first two Premier League titles in 1995?","بلاكبيرن روفرز","Blackburn Rovers","Premier League — Blackburn 1994-95 season review","https://www.premierleague.com/en/news/60236","Blackburn won title under Kenny Dalglish backed by Jack Walker; Shearer/Sutton SAS; Miklosko denied United final-day West Ham win; Andrew Cole scored five against Ipswich in 9-0. Erroneous Fowler record duration excluded.","2026-10-07"
"premier_league_v2_019","easy200","player:ronaldo2008:goldenboot",,"من نجم مانشستر يونايتد البرتغالي الذي فاز بالحذاء الذهبي للبريميرليغ برصيد 31 هدفًا في موسم 2007-2008؟","Which Portuguese Manchester United star won the Premier League Golden Boot with 31 goals in 2007-08?","كريستيانو رونالدو","Cristiano Ronaldo","Premier League — 2007-08 season review","https://www.premierleague.com/en/news/693636","Ronaldo 31 league goals; United clinched title at Wigan; Fulham escaped after Kamara comeback City and Murphy winner Portsmouth; Derby only 11 points. Outdated 38-game scoring record excluded; title and UCL questions reserved elsewhere.","2026-10-07"
"premier_league_v2_020","easy200","match:city2012:titlewinner",,"من سجل هدف مانشستر سيتي التاريخي في الوقت بدل الضائع أمام كوينز بارك رينجرز ليحسم لقب 2012؟","Who scored Manchester City's historic stoppage-time winner against Queens Park Rangers to clinch the 2012 title?","سيرخيو أغويرو","Sergio Aguero","Premier League — City's extraordinary 2012 finish","https://www.premierleague.com/en/news/2746491","City 3-2 QPR: Dzeko equaliser then Aguero winner, assisted by Balotelli. Ask winner identity, assister and equaliser as different event roles; no opponent inverse question.","2026-10-07"
"premier_league_v2_021","easy200","player:hazard:nationality",,"ما جنسية إيدين هازارد، نجم تشيلسي السابق؟","What is the nationality of former Chelsea star Eden Hazard?","بلجيكي","Belgian","Premier League — Eden Hazard Hall of Fame profile","https://www.premierleague.com/en/events/hall-of-fame/inductees/eden-hazard","Belgian forward spent seven PL seasons Chelsea, pivotal 2014-15 and 2016-17 titles. Nationality question only.","2026-10-07"
"premier_league_v2_022","easy200","player:terry:captainleaderlegend",,"من قائد تشيلسي الذي خصّه جمهور النادي بعبارة «قائد، زعيم، أسطورة»؟","Which Chelsea captain did the fans salute with the phrase Captain, Leader, Legend?","جون تيري","John Terry","Premier League — John Terry Hall of Fame profile","https://www.premierleague.com/en/events/hall-of-fame/inductees/john-terry","Chelsea fan slogan Captain Leader Legend; five titles captain; 41 league goals most by defender. Only slogan question used, not another same-person record clue.","2026-10-07"
"premier_league_v2_023","easy200","coach:ferguson:thirteentitles",,"من مدرب مانشستر يونايتد الذي توّج بالبريميرليغ 13 مرة؟","Which Manchester United manager won the Premier League 13 times?","السير أليكس فيرغسون","Sir Alex Ferguson","Premier League — Sir Alex Ferguson Hall of Fame profile","https://www.premierleague.com/en/events/hall-of-fame/inductees/alex-ferguson","Ferguson won 13 PL titles, retired at end 2012-13. Manager identity and retirement season are different career attributes.","2026-10-07"
"premier_league_v2_024","easy200","player:vieira:invinciblescaptain",,"من قائد أرسنال الفرنسي الذي رفع كأس الدوري بعد موسم «الذين لا يُقهرون» في 2004؟","Which French Arsenal captain lifted the league trophy after the Invincibles season in 2004?","باتريك فييرا","Patrick Vieira","Premier League — Patrick Vieira Hall of Fame profile","https://www.premierleague.com/en/events/hall-of-fame/inductees/patrick-vieira","Vieira French Arsenal captain lifted 2003-04 undefeated title trophy. Captain identity distinct from winning team and Henry coaching conversion.","2026-10-07"
"premier_league_v2_025","easy200","player:schmeichel:starfishsave",,"من حارس مانشستر يونايتد الشهير بقفزة التصدي التي تُشبّه بنجم البحر في التسعينات؟","Which Manchester United goalkeeper was famous for the starfish-style save in the 1990s?","بيتر شمايكل","Peter Schmeichel","Premier League — Peter Schmeichel Hall of Fame profile","https://www.premierleague.com/en/events/hall-of-fame/inductees/peter-schmeichel","United keeper famed for starfish jump save; Player of Season 1995-96. Saves technique identity used, no generic goalkeeper-position filler.","2026-10-07"
"premier_league_v2_026","easy200","player:keane:nationality",,"ما جنسية روي كين، قائد مانشستر يونايتد السابق؟","What is the nationality of former Manchester United captain Roy Keane?","أيرلندي","Irish","Premier League — Roy Keane Hall of Fame profile","https://www.premierleague.com/en/events/hall-of-fame/inductees/roy-keane","Irish midfielder joined United from Nottingham Forest in 1993, captain 1997. Nationality and previous employer distinct.","2026-10-07"
"premier_league_v2_027","easy200","player:bergkamp:nationality",,"ما جنسية دينيس بيرغكامب، نجم أرسنال السابق؟","What is the nationality of former Arsenal star Dennis Bergkamp?","هولندي","Dutch","Premier League — Dennis Bergkamp Hall of Fame profile","https://www.premierleague.com/en/events/hall-of-fame/inductees/dennis-bergkamp","Dutch Arsenal star's Newcastle goal chosen by fans best of first 25 PL years. Nationality and distinctive opposing club identify separate attributes.","2026-10-07"
"premier_league_v2_028","easy200","player:drogba:nationality",,"أي بلد أفريقي مثّله ديدييه دروغبا، هداف تشيلسي السابق؟","Which African country did former Chelsea striker Didier Drogba represent?","كوت ديفوار «ساحل العاج»","Cote d'Ivoire, or Ivory Coast","Premier League — Didier Drogba Hall of Fame profile","https://www.premierleague.com/en/events/hall-of-fame/inductees/didier-drogba","Drogba Ivorian Chelsea striker, four titles and two Golden Boots. False outdated African-goal record in current page excluded; only nationality used.","2026-10-07"
"premier_league_v2_029","easy200","player:gerrard:premierclub",,"مع أي نادٍ قضى ستيفن جيرارد مسيرته في البريميرليغ؟","With which club did Steven Gerrard spend his Premier League career?","ليفربول","Liverpool","Premier League — Steven Gerrard Hall of Fame profile","https://www.premierleague.com/en/events/hall-of-fame/inductees/steven-gerrard","Liverpool academy graduate and long-term club captain. Club identity only; outdated midfield-goals ranking excluded.","2026-10-07"
"premier_league_v2_030","easy200","match:alisson2021:winningkeeper",,"من حارس ليفربول الذي سجل هدف الفوز برأسه أمام وست بروميتش في 2021؟","Which Liverpool goalkeeper headed the winning goal against West Bromwich Albion in 2021?","أليسون بيكر","Alisson Becker","Premier League — Alisson joins scoring goalkeepers","https://www.premierleague.com/en/news/2145933/alisson-joins-goalscoring-goalkeepers-with-liverpool-winner","Alisson header Liverpool against West Brom 2021 first PL winning goalkeeper goal; Peter Schmeichel first scoring PL keeper with Aston Villa 2001; Paul Robinson Spurs long free-kick Watford 2007; Begovic Stoke 2013 against Southampton.","2026-10-07"
"premier_league_v2_031","easy200","match:rooney2011:overheadderby",,"من سجل الهدف الخلفي الشهير الذي منح مانشستر يونايتد الفوز على مانشستر سيتي في فبراير 2011؟","Who scored the famous overhead-kick winner for Manchester United against Manchester City in February 2011?","واين روني","Wayne Rooney","Premier League — 2010-11 season review","https://www.premierleague.com/ar/news/693661","Rooney overhead Manchester derby winner; Berbatov five United Blackburn7-1; Ian Holloway Blackpool manager; Stephen Hunt Wolves survival goal. Use two different landmark performances and promoted club coach, not protected winner grid.","2026-10-07"
"premier_league_v2_032","easy200","match:sunderland2009:deflectingobject",,"ما الجسم الغريب الذي اصطدمت به الكرة قبل دخول هدف سندرلاند الشهير أمام ليفربول في أكتوبر 2009؟","What unusual object deflected the ball into Liverpool's net for Sunderland's famous October 2009 goal?","كرة شاطئية","A beach ball","Premier League — Beach-ball goal against Liverpool","https://www.premierleague.com/en/news/1293636","Darren Bent's Sunderland goal against Liverpool on 17 October 2009 deflected off a beach ball past Pepe Reina.","2026-10-07"
"premier_league_v2_033","easy200","competition:format:matchesperclub",,"كم مباراة يلعب كل فريق في موسم البريميرليغ المكوّن من 20 فريقاً؟","How many matches does each club play in a 20-team Premier League season?","38 مباراة","38 matches","Premier League — Competition explained","https://www.premierleague.com/en/premier-league-explained","Each club plays 38 matches, home and away; three points for a win; bottom three relegated to Championship; goal difference first separates equal points.","2026-10-07"
"premier_league_v2_034","easy200","competition:format:relegationdestination",,"إلى أي دوري تهبط الفرق من البريميرليغ؟","To which league are clubs relegated from the Premier League?","التشامبيونشيب","The Championship","Premier League — Competition explained","https://www.premierleague.com/en/premier-league-explained","Each club plays 38 matches, home and away; three points for a win; bottom three relegated to Championship; goal difference first separates equal points.","2026-10-07"
"premier_league_v2_035","easy200","derby:northlondon:clubs",,"أي فريقين يتواجهان في ديربي شمال لندن؟","Which two clubs contest the North London derby?","أرسنال وتوتنهام هوتسبير","Arsenal and Tottenham Hotspur","Premier League — North London derby preview","https://www.premierleague.com/en/news/4593724/spurs-vs-arsenal-where-to-watch-north-london-derby-and-game-preview-for-matchweek-27-clash","Arsenal and Tottenham Hotspur contest the North London derby.","2026-10-07"
"premier_league_v2_036","easy200","derby:merseyside:clubs",,"أي فريقين يتواجهان في ديربي الميرسيسايد؟","Which two clubs contest the Merseyside derby?","ليفربول وإيفرتون","Liverpool and Everton","Premier League — Liverpool v Everton","https://www.premierleague.com/en/news/4413786/liverpool-v-everton-premier-league","Liverpool and Everton Merseyside derby; Everton called Toffees in report.","2026-10-07"
"premier_league_v2_037","easy200","club:everton:nickname",,"أي نادٍ في البريميرليغ يُعرف بلقب «التوفيز»؟","Which Premier League club is nicknamed the Toffees?","إيفرتون","Everton","Premier League — Liverpool v Everton","https://www.premierleague.com/en/news/4413786/liverpool-v-everton-premier-league","Liverpool and Everton Merseyside derby; Everton called Toffees in report.","2026-10-07"
"premier_league_v2_038","easy200","club:wolves:colours",,"ما اللونان اللذان يميّزان هوية وولفرهامبتون التقليدية؟","Which two colours define Wolverhampton Wanderers' traditional identity?","الذهبي والأسود","Gold and black","Wolverhampton Wanderers — Iconic home kit history","https://www.wolves.co.uk/news/features/20260716-the-story-of-wolves-an-iconic-home-kit-part-2/?isnative=true","Club historian describes Wolves' gold and black identity.","2026-10-07"
"premier_league_v2_039","easy200","club:wolves:home",,"ما اسم الملعب الذي يُعدّ المعقل التاريخي لوولفرهامبتون؟","What is the name of Wolverhampton Wanderers' historic home ground?","مولينيو","Molineux","Wolverhampton Wanderers — Molineux history","https://www.wolves.co.uk/news/features/20260903-the-story-of-wolves-molineux-a-historic-home-part-1/","Molineux is Wolves' historic home.","2026-10-07"
"premier_league_v2_040","easy200","club:westham:nickname",,"أي نادٍ لندني يُعرف بلقب «الهامرز»؟","Which London club is nicknamed the Hammers?","وست هام يونايتد","West Ham United","West Ham United — Club history 1930s","https://www.whufc.com/en/the-club/history/club-history/1930s","Official club history repeatedly calls the club the Hammers.","2026-10-07"
"premier_league_v2_041","easy200","club:villa:colours",,"ما اللونان التقليديان لقميص أستون فيلا؟","What are Aston Villa's traditional shirt colours?","العنابي والأزرق السماوي","Claret and sky blue","Aston Villa — Anniversary kit inspiration","https://www.avfc.co.uk/news/2025/january/07/the-inspiration-behind-our-commemorative-anniversary-kit/","Club discusses established claret and blue identity alongside historic black anniversary shirt.","2026-10-07"
"premier_league_v2_042","easy200","player:alhabsi:nationality",,"أي دولة خليجية مثّلها علي الحبسي، الحارس الذي لعب لبولتون وويغان؟","Which Gulf country did Ali Al-Habsi represent, the goalkeeper who played for Bolton and Wigan?","عُمان","Oman","Premier League — Ali Al-Habsi profile","https://www.premierleague.com/en/players/28491/ali-al-habsi/overview","Official player profile identifies Oman nationality.","2026-10-07"
"premier_league_v2_043","easy200","player:mahrez:nationality",,"أي منتخب عربي يمثّله رياض محرز، بطل البريميرليغ مع ليستر ومانشستر سيتي؟","Which Arab national team does Riyad Mahrez represent, the Premier League champion with Leicester and Manchester City?","الجزائر","Algeria","Premier League — Mahrez leaves Manchester City","https://www.premierleague.com/en/news/3608762","Algerian Mahrez joined City from Leicester in 2018; won titles with both clubs.","2026-10-07"
"premier_league_v2_044","easy200","player:okocha:nationality",,"أي منتخب أفريقي مثّله جاي جاي أوكوتشا، صانع ألعاب بولتون الشهير؟","Which African national team did Jay-Jay Okocha, Bolton's celebrated playmaker, represent?","نيجيريا","Nigeria","Premier League — Okocha joins Bolton","https://www.premierleague.com/en/news/759813","Nigerian Okocha joined Bolton free from PSG in 2002; played under Sam Allardyce.","2026-10-07"
"premier_league_v2_045","easy200","trophy:design:thirdlion",,"في رمزية كأس البريميرليغ، من يُصبح «الأسد الثالث» عندما يرفع الكأس؟","In the Premier League Trophy's symbolism, who becomes the third lion when lifting it?","قائد الفريق البطل","The title-winning captain","Premier League — Trophy facts","https://www.premierleague.com/en/news/676969","Asprey London cast trophy; malachite green base represents pitch; winning captain raising trophy symbolises third lion.","2026-10-07"
"premier_league_v2_046","easy200","coach:klopp:liverpooltitle",,"من المدرب الذي أنهى انتظار ليفربول للقب الدوري الإنجليزي الممتد 30 عاماً في 2020؟","Which manager ended Liverpool's 30-year wait for an English top-flight title in 2020?","يورغن كلوب","Jurgen Klopp","Premier League — Liverpool confirmed champions","https://www.premierleague.com/en/news/1697247","Klopp led Liverpool to first Premier League title in 2019-20 ending 30-year top-flight wait; Chelsea beating City secured it.","2026-10-07"
"premier_league_v2_047","easy200","award:goldenboot:purpose",,"ما جائزة البريميرليغ التي يحصل عليها هداف الموسم؟","Which Premier League award goes to the season's leading goalscorer?","الحذاء الذهبي","The Golden Boot","Premier League — Awards explained","https://www.premierleague.com/en/news/4337263/premier-league-awards","Golden Boot most goals; Golden Glove most clean sheets; Playmaker most assists; inaugural Player of Month Klinsmann August 1994.","2026-10-07"
"premier_league_v2_048","easy200","award:goldenglove:purpose",,"ما جائزة البريميرليغ التي تُمنح للحارس الأكثر حفاظاً على نظافة شباكه في الموسم؟","Which Premier League award goes to the goalkeeper with the most clean sheets in a season?","القفاز الذهبي","The Golden Glove","Premier League — Awards explained","https://www.premierleague.com/en/news/4337263/premier-league-awards","Golden Boot most goals; Golden Glove most clean sheets; Playmaker most assists; inaugural Player of Month Klinsmann August 1994.","2026-10-07"
"premier_league_v2_049","easy200","tech:vanishingspray:purpose",,"ما الذي يستخدمه حكام البريميرليغ لرسم علامة مؤقتة لمسافة الحائط الدفاعي عند الركلات الحرة؟","What do Premier League referees use to mark the defensive wall's distance temporarily at free-kicks?","الرذاذ المتلاشي","Vanishing spray","Premier League — Match technology","https://www.premierleague.com/en/news/102386","VAR introduced 2019-20; Hawk-Eye supplies Goal Decision System; vanishing spray marks free-kick distances.","2026-10-07"
"premier_league_v2_050","easy200","club:bournemouth:nickname",,"أي فريق في البريميرليغ يُعرف بلقب «تشيريز» أو «الكرز»؟","Which Premier League club is nicknamed the Cherries?","بورنموث","Bournemouth","Southampton FC — 2024-25 opponent guide","https://www.southamptonfc.com/en/news/article/2024-25-guide-to-the-premier-league","Stable club identities only: Bournemouth Cherries, Brentford Bees, Newcastle Magpies, Leicester Foxes; Liverpool Anfield; Aston Villa Villa Park; Ipswich Portman Road. Exclude outdated managers/capacities and erroneous Forest County Ground label.","2026-10-07"
"premier_league_v2_051","easy200","club:brentford:nickname",,"أي نادٍ لندني يُعرف بلقب «بيز» أو «النحل»؟","Which London club is nicknamed the Bees?","برينتفورد","Brentford","Southampton FC — 2024-25 opponent guide","https://www.southamptonfc.com/en/news/article/2024-25-guide-to-the-premier-league","Stable club identities only: Bournemouth Cherries, Brentford Bees, Newcastle Magpies, Leicester Foxes; Liverpool Anfield; Aston Villa Villa Park; Ipswich Portman Road. Exclude outdated managers/capacities and erroneous Forest County Ground label.","2026-10-07"
"premier_league_v2_052","easy200","club:newcastle:nickname",,"أي نادٍ في البريميرليغ يُعرف بلقب «ماغبايز»؟","Which Premier League club is nicknamed the Magpies?","نيوكاسل يونايتد","Newcastle United","Southampton FC — 2024-25 opponent guide","https://www.southamptonfc.com/en/news/article/2024-25-guide-to-the-premier-league","Stable club identities only: Bournemouth Cherries, Brentford Bees, Newcastle Magpies, Leicester Foxes; Liverpool Anfield; Aston Villa Villa Park; Ipswich Portman Road. Exclude outdated managers/capacities and erroneous Forest County Ground label.","2026-10-07"
"premier_league_v2_053","easy200","club:leicester:nickname",,"أي نادٍ في البريميرليغ يُعرف بلقب «فوكسز» أو «الثعالب»؟","Which Premier League club is nicknamed the Foxes?","ليستر سيتي","Leicester City","Southampton FC — 2024-25 opponent guide","https://www.southamptonfc.com/en/news/article/2024-25-guide-to-the-premier-league","Stable club identities only: Bournemouth Cherries, Brentford Bees, Newcastle Magpies, Leicester Foxes; Liverpool Anfield; Aston Villa Villa Park; Ipswich Portman Road. Exclude outdated managers/capacities and erroneous Forest County Ground label.","2026-10-07"
"premier_league_v2_054","easy200","club:liverpool:home",,"ما اسم ملعب ليفربول الذي يضم مدرج «الكوب» الشهير؟","What is the name of Liverpool's stadium, home to the famous Kop stand?","أنفيلد","Anfield","Southampton FC — 2024-25 opponent guide","https://www.southamptonfc.com/en/news/article/2024-25-guide-to-the-premier-league","Stable club identities only: Bournemouth Cherries, Brentford Bees, Newcastle Magpies, Leicester Foxes; Liverpool Anfield; Aston Villa Villa Park; Ipswich Portman Road. Exclude outdated managers/capacities and erroneous Forest County Ground label.","2026-10-07"
"premier_league_v2_055","easy200","player:suarez:nationality",,"أي منتخب من أمريكا الجنوبية مثّله لويس سواريز، نجم ليفربول السابق؟","Which South American national team did former Liverpool star Luis Suarez represent?","الأوروغواي","Uruguay","Premier League — Suarez player archive","https://www.premierleague.com/players/4138/","Official archive Uruguay nationality.","2026-10-07"
"premier_league_v2_056","easy200","player:bale:nationality",,"أي منتخب بريطاني مثّله غاريث بيل، نجم توتنهام السابق؟","Which British national team did former Tottenham star Gareth Bale represent?","ويلز","Wales","Premier League — Bale retirement","https://www.premierleague.com/en/news/3014385","Welsh Bale Spurs Player of Season 2012-13, joined from Southampton initially as left-back.","2026-10-07"
"premier_league_v2_057","easy200","player:silva:nickname",,"من صانع ألعاب مانشستر سيتي الإسباني الذي اشتهر بلقب «إل ماغو»، أي «الساحر»؟","Which Spanish Manchester City playmaker was known as El Mago, meaning the Magician?","دافيد سيلفا","David Silva","Manchester City — David Silva legend","https://www.mancity.com/mancitylegends/silva-david","David Silva nicknamed El Mago meaning magician, four PL titles.","2026-10-07"
"premier_league_v2_058","easy200","player:palmer:celebration",,"من نجم تشيلسي الذي اشتهر باحتفال «كولد بالمر» بعد تسجيل الأهداف؟","Which Chelsea star became known for the Cold Palmer goal celebration?","كول بالمر","Cole Palmer","Premier League — Palmer celebration origins","https://www.premierleague.com/es/news/4147118","Palmer cold celebration, learned from Morgan Rogers; joined Chelsea from Manchester City 2023.","2026-10-07"
"premier_league_v2_059","easy200","player:henderson:captain2020",,"من قائد ليفربول الذي رفع أول كأس بريميرليغ في تاريخ النادي عام 2020؟","Which Liverpool captain lifted the club's first Premier League Trophy in 2020?","جوردان هندرسون","Jordan Henderson","Premier League — Liverpool trophy presentation","https://www.premierleague.com/en/news/1735929","Liverpool captain Henderson received first PL trophy 2020; Dalglish presented it on Kop stage.","2026-10-07"
"premier_league_v2_060","easy200","club:city:fourstraight",,"أي نادٍ أصبح أول من يفوز بأربعة ألقاب متتالية للبريميرليغ عندما تُوّج في 2024؟","Which club became the first to win four consecutive Premier League titles when crowned in 2024?","مانشستر سيتي","Manchester City","Premier League — Historic fourth straight title","https://www.premierleague.com/en/news/4019801","City first club to win four consecutive PL titles 2020-21 to 2023-24.","2026-10-07"
"premier_league_v2_061","easy200","player:bruno:nationality",,"أي منتخب أوروبي يمثّله برونو فيرنانديز، صانع ألعاب مانشستر يونايتد؟","Which European national team does Manchester United playmaker Bruno Fernandes represent?","البرتغال","Portugal","Premier League — 2019-20 season review","https://www.premierleague.com/en/news/1751648","COVID-19 interrupted season; Bruno Fernandes Portuguese signed from Sporting; Arteta followed interim Ljungberg; Chris Wilder Sheffield United ninth; Ralph Hasenhuttl Southampton recovery after 9-0.","2026-10-07"
"premier_league_v2_062","easy200","season:2020:interruptioncause",,"ما الجائحة التي أوقفت موسم البريميرليغ 2019-2020 لعدة أشهر؟","Which pandemic interrupted the 2019-20 Premier League season for several months?","جائحة كوفيد-19","The COVID-19 pandemic","Premier League — 2019-20 season review","https://www.premierleague.com/en/news/1751648","COVID-19 interrupted season; Bruno Fernandes Portuguese signed from Sporting; Arteta followed interim Ljungberg; Chris Wilder Sheffield United ninth; Ralph Hasenhuttl Southampton recovery after 9-0.","2026-10-07"
"premier_league_v2_063","easy200","coach:mancini:title2012",,"من المدرب الإيطالي الذي قاد مانشستر سيتي لأول لقب بريميرليغ عام 2012 واشتهر بوشاحه الأزرق والأبيض؟","Which Italian manager led Manchester City to its first Premier League title in 2012 and was known for his blue-and-white scarf?","روبرتو مانشيني","Roberto Mancini","Manchester City — Mancini's time as manager","https://www.mancity.com/news/mens/roberto-mancini-feature-63868143","Mancini PL title 2012; blue-and-white scarf.","2026-10-07"
"premier_league_v2_064","easy200","club:newcastle:home",,"ما اسم الملعب التاريخي لنيوكاسل يونايتد؟","What is Newcastle United's historic home stadium called?","سانت جيمس بارك","St James' Park","Newcastle United — Home history","https://www.newcastleunited.com/en/history-of-our-home","St James' Park historic home.","2026-10-07"
"premier_league_v2_065","easy200","club:villa:home",,"ما اسم ملعب أستون فيلا؟","What is Aston Villa's home stadium called?","فيلا بارك","Villa Park","Southampton FC — 2024-25 opponent guide","https://www.southamptonfc.com/en/news/article/2024-25-guide-to-the-premier-league","Stable club identities only: Bournemouth Cherries, Brentford Bees, Newcastle Magpies, Leicester Foxes; Liverpool Anfield; Aston Villa Villa Park; Ipswich Portman Road. Exclude outdated managers/capacities and erroneous Forest County Ground label.","2026-10-07"
"premier_league_v2_066","easy200","club:swansea:country",,"في أي بلد بريطاني يقع سوانزي سيتي، الذي صعد إلى البريميرليغ في 2011؟","In which British country is Swansea City located, the club promoted to the Premier League in 2011?","ويلز","Wales","Premier League — Rodgers profile","https://www.premierleague.com/en/news/1072864","Welsh Swansea promoted 2011 under Rodgers.","2026-10-07"
"premier_league_v2_067","easy200","club:hull:nickname",,"أي نادٍ إنجليزي يُعرف بلقب «تايغرز» أو «النمور»؟","Which English club is nicknamed the Tigers?","هال سيتي","Hull City","Premier League — Hull history","https://www.premierleague.com/en/news/4664386/all-you-need-to-know-as-hull-city-are-promoted-to-premier-league","Tigers nickname only used.","2026-10-07"
"premier_league_v2_068","easy200","player:haaland:zen",,"من مهاجم مانشستر سيتي الذي اشتهر باحتفال «زين» بالجلوس في وضعية التأمل؟","Which Manchester City striker became known for the Zen celebration, sitting in a meditation pose?","إيرلينغ هالاند","Erling Haaland","Premier League — Iconic celebrations","https://www.premierleague.com/en/news/4677082/premier-league-players-celebrations-explained","Haaland Zen celebration.","2026-10-07"
"premier_league_v2_069","medium400","history:premierleague:initialclubcount",,"كم ناديًا شارك في الموسم الأول للبريميرليغ، قبل تقليص عدد الأندية لاحقًا؟","How many clubs competed in the first Premier League season before the league was later reduced?","22 ناديًا","22 clubs","Premier League — Competition history","https://www.premierleague.com/en/history","Inaugural season 1992-93 featured 22 clubs; league reduced to 20 for 1995-96. Manchester United won inaugural title. Distinguish Premier League era from older First Division.","2026-10-07"
"premier_league_v2_070","medium400","transfer:cantona:unitedorigin",,"من أي نادٍ انتقل إريك كانتونا إلى مانشستر يونايتد في نوفمبر 1992؟","From which club did Eric Cantona join Manchester United in November 1992?","ليدز يونايتد","Leeds United","Premier League — Eric Cantona Hall of Fame induction","https://www.premierleague.com/en/news/2140246","Cantona nicknamed The King; moved Leeds to Manchester United November 1992; first Premier League hat-trick for Leeds against Tottenham; chipped Sunderland in December 1996; retired May 1997. No suspension folklore used.","2026-10-07"
"premier_league_v2_071","medium400","honour:halloffame:firstpair",,"من اللاعبان اللذان افتتحا عضوية قاعة مشاهير البريميرليغ عام 2021؟","Which two players were the first inductees into the Premier League Hall of Fame in 2021?","آلان شيرر وتييري هنري","Alan Shearer and Thierry Henry","Premier League — Hall of Fame inaugural inductees","https://www.premierleague.com/en/news/2164592","Thierry Henry and Alan Shearer were the first two Hall of Fame inductees in 2021. One paired inaugural honour fact.","2026-10-07"
"premier_league_v2_072","medium400","coach:henry:strikerconversion",,"من مدرب أرسنال الذي حوّل تييري هنري من جناح إلى مهاجم؟","Which Arsenal manager converted Thierry Henry from a winger into a striker?","أرسين فينغر","Arsene Wenger","Premier League — Thierry Henry Hall of Fame profile","https://www.premierleague.com/en/events/hall-of-fame/inductees/thierry-henry","Arsene Wenger converted Henry from winger to striker. Henry won four Golden Boots and supplied 20 assists in 2002-03. Different coaching and playmaking facts, not repeat goalscorer identity.","2026-10-07"
"premier_league_v2_073","medium400","match:rooney:firstgoalopponent",,"أمام أي فريق سجل واين روني أول أهدافه في البريميرليغ بقميص إيفرتون؟","Against which team did Wayne Rooney score his first Premier League goal for Everton?","أرسنال","Arsenal","Premier League — Wayne Rooney Hall of Fame profile","https://www.premierleague.com/en/events/hall-of-fame/inductees/wayne-rooney","Rooney's first Premier League goal for Everton was against Arsenal. Manchester United spell was bookended by two Everton spells. Rankings in profile are outdated and excluded.","2026-10-07"
"premier_league_v2_074","medium400","record:keeper:careercleansheets",,"من الحارس الذي أنهى مسيرته في البريميرليغ برصيد قياسي بلغ 202 مباراة بشباك نظيفة؟","Which goalkeeper finished his Premier League career with a record 202 clean sheets?","بيتر تشيك","Petr Cech","Premier League — Petr Cech Hall of Fame profile","https://www.premierleague.com/en/events/hall-of-fame/inductees/petr-cech","Cech Czech keeper, 202 career clean sheets, 24 in debut title season Chelsea, subsequently Arsenal. Career record and debut-season total are different scope; no inverse repeat.","2026-10-07"
"premier_league_v2_075","medium400","match:kompany2019:longrangeopponent",,"أمام أي فريق سجل فينسنت كومباني تسديدته البعيدة الحاسمة في سباق لقب مانشستر سيتي عام 2019؟","Against which team did Vincent Kompany score his crucial long-range goal in Manchester City's 2019 title race?","ليستر سيتي","Leicester City","Premier League — Vincent Kompany Hall of Fame profile","https://www.premierleague.com/en/events/hall-of-fame/inductees/vincent-kompany","Belgian City captain arrived as midfielder in 2008 before becoming centre-back; vital long-range goal against Leicester 2018-19; crucial header against United 2011-12. Use distinct position and memorable goal, not annual title grid.","2026-10-07"
"premier_league_v2_076","medium400","record:mane:fastesthattrickclub",,"مع أي نادٍ حقق ساديو ماني أسرع هاتريك في تاريخ البريميرليغ عام 2015؟","With which club did Sadio Mane score the fastest hat-trick in Premier League history in 2015?","ساوثهامبتون","Southampton","Premier League — Sadio Mane record hat-trick","https://www.premierleague.com/en/news/2300191/black-history-month-heroes-sadio-mane","Mane Southampton hat-trick against Aston Villa in May 2015 took 2m56s, fastest PL hat-trick. Signed from RB Salzburg September 2014. Club record and former employer are distinct facts.","2026-10-07"
"premier_league_v2_077","medium400","record:goal:fastestscorer",,"من مهاجم ساوثهامبتون الذي سجل أسرع هدف في تاريخ البريميرليغ أمام واتفورد عام 2019؟","Which Southampton striker scored the fastest Premier League goal against Watford in 2019?","شين لونغ","Shane Long","Premier League — Official competition records","https://www.premierleague.com/en/stats/records","Read October 7 2026: fastest goal Shane Long; record single-season 36 Haaland; Kane/Son leading assisting combination; consecutive scoring Jamie Vardy; Kluivert first three penalties in one match; Giggs scored in 21 seasons. Limit derived questions to avoid a record-table grid.","2026-10-07"
"premier_league_v2_078","medium400","record:vardy:consecutivescoring",,"من مهاجم ليستر سيتي الذي هز الشباك في 11 مباراة متتالية بالبريميرليغ عام 2015؟","Which Leicester City striker scored in 11 consecutive Premier League matches in 2015?","جيمي فاردي","Jamie Vardy","Premier League — Official competition records","https://www.premierleague.com/en/stats/records","Read October 7 2026: fastest goal Shane Long; record single-season 36 Haaland; Kane/Son leading assisting combination; consecutive scoring Jamie Vardy; Kluivert first three penalties in one match; Giggs scored in 21 seasons. Limit derived questions to avoid a record-table grid.","2026-10-07"
"premier_league_v2_079","medium400","venue:city:previoushome",,"ما ملعب مانشستر سيتي السابق الذي غادره النادي عام 2003؟","Which former home stadium did Manchester City leave in 2003?","مين رود","Maine Road","Premier League — Stadium guide","https://www.premierleague.com/en/news/4725666","September 2026 guide: Arsenal Emirates formerly Highbury; United Old Trafford Theatre of Dreams; City former Maine Road; Etihad built for 2002 Commonwealth Games; Chelsea Stamford Bridge; Palace Selhurst portrayed AFC Richmond Ted Lasso; Everton left Goodison in 2025. Capacity and speculative redevelopment excluded.","2026-10-07"
"premier_league_v2_080","medium400","venue:everton:previoushome",,"ما الملعب الذي غادره إيفرتون عند انتقاله إلى مقره الجديد عام 2025؟","Which stadium did Everton leave when it moved to its new home in 2025?","غوديسون بارك","Goodison Park","Premier League — Stadium guide","https://www.premierleague.com/en/news/4725666","September 2026 guide: Arsenal Emirates formerly Highbury; United Old Trafford Theatre of Dreams; City former Maine Road; Etihad built for 2002 Commonwealth Games; Chelsea Stamford Bridge; Palace Selhurst portrayed AFC Richmond Ted Lasso; Everton left Goodison in 2025. Capacity and speculative redevelopment excluded.","2026-10-07"
"premier_league_v2_081","medium400","history:united:previousname",,"بأي اسم كان مانشستر يونايتد معروفًا قبل اعتماد اسمه الحالي عام 1902؟","What was Manchester United called before adopting its current name in 1902?","نيوتن هيث","Newton Heath","Premier League — Historical club names","https://www.premierleague.com/en/news/4592046/what-is-the-history-behind-every-premier-league-clubs-name","United former Newton Heath from railway workers; Arsenal first Dial Square; City former Ardwick; Liverpool established by John Houlding after Everton rent dispute; Forest founders played shinty; Hotspur named for Henry Percy. Uncertain Bournemouth nickname origin and Brighton Albion etymology excluded.","2026-10-07"
"premier_league_v2_082","medium400","history:city:previousname",,"ما الاسم الذي حمله مانشستر سيتي مباشرةً قبل اعتماد اسمه الحالي عام 1894؟","What was Manchester City called immediately before adopting its current name in 1894?","أردويك","Ardwick","Premier League — Historical club names","https://www.premierleague.com/en/news/4592046/what-is-the-history-behind-every-premier-league-clubs-name","United former Newton Heath from railway workers; Arsenal first Dial Square; City former Ardwick; Liverpool established by John Houlding after Everton rent dispute; Forest founders played shinty; Hotspur named for Henry Percy. Uncertain Bournemouth nickname origin and Brighton Albion etymology excluded.","2026-10-07"
"premier_league_v2_083","medium400","history:liverpool:founder",,"من مؤسس ليفربول الذي أنشأ النادي بعد رحيل إيفرتون عن أنفيلد؟","Who founded Liverpool after Everton left Anfield?","جون هولدينغ","John Houlding","Premier League — Historical club names","https://www.premierleague.com/en/news/4592046/what-is-the-history-behind-every-premier-league-clubs-name","United former Newton Heath from railway workers; Arsenal first Dial Square; City former Ardwick; Liverpool established by John Houlding after Everton rent dispute; Forest founders played shinty; Hotspur named for Henry Percy. Uncertain Bournemouth nickname origin and Brighton Albion etymology excluded.","2026-10-07"
"premier_league_v2_084","medium400","identity:everton:crestlandmark",,"ما المعلم المحلي الذي يظهر في قلب شعار إيفرتون؟","Which local landmark appears at the centre of Everton's crest?","برج الأمير روبرت","Prince Rupert's Tower","Premier League — Club crest symbols explained","https://www.premierleague.com/en/news/4726407/all-20-premier-league-clubs-badges-explained","Arsenal cannon; Spurs cockerel; Brighton Seagulls; Bournemouth Dickie Dowsett silhouette; Ipswich Suffolk Punch horse; United red-devil nickname from Salford rugby; Everton Prince Rupert Tower; Forest designer David Lewis. Unverified heraldic folklore excluded.","2026-10-07"
"premier_league_v2_085","medium400","coach:leicester2016:ranieri",,"من المدرب الإيطالي الذي قاد ليستر سيتي إلى لقبه التاريخي في البريميرليغ عام 2016؟","Which Italian manager led Leicester City to its historic Premier League title in 2016?","كلاوديو رانييري","Claudio Ranieri","Premier League — 2015-16 season review","https://www.premierleague.com/en/news/693680","Leicester champions under Ranieri, clinched when Chelsea drew Tottenham 2-2; Wes Morgan captain lifted trophy; Andrea Bocelli sang Nessun Dorma; Ranieri replaced Nigel Pearson; Dele Alli signed Spurs from MK Dons; Rashford brace against Arsenal league debut.","2026-10-07"
"premier_league_v2_086","medium400","player:blackburn:saspartner",,"من المهاجم الذي شكّل مع آلان شيرر ثنائي «SAS» في بلاكبيرن بطل 1995؟","Which striker partnered Alan Shearer in Blackburn's SAS pairing during its 1995 title triumph?","كريس ساتون","Chris Sutton","Premier League — Blackburn 1994-95 season review","https://www.premierleague.com/en/news/60236","Blackburn won title under Kenny Dalglish backed by Jack Walker; Shearer/Sutton SAS; Miklosko denied United final-day West Ham win; Andrew Cole scored five against Ipswich in 9-0. Erroneous Fowler record duration excluded.","2026-10-07"
"premier_league_v2_087","medium400","transfer:ronaldo:unitedorigin",,"من أي نادٍ برتغالي انضم كريستيانو رونالدو إلى مانشستر يونايتد عام 2003؟","From which Portuguese club did Cristiano Ronaldo join Manchester United in 2003?","سبورتينغ لشبونة","Sporting Lisbon","Premier League — Arsenal 2003-04 season review","https://www.premierleague.com/en/news/59016","Arsenal unbeaten 2003-04 called Invincibles. Ronaldo moved from Sporting to United. Roman Abramovich bought Chelsea summer 2003. Exclude annual-winner repetition.","2026-10-07"
"premier_league_v2_088","medium400","transfer:salah:liverpoolorigin",,"من أي نادٍ إيطالي انتقل محمد صلاح إلى ليفربول عام 2017؟","From which Italian club did Mohamed Salah join Liverpool in 2017?","روما","Roma","Premier League — Liverpool sign Mohamed Salah","https://www.premierleague.com/en/news/748130/on-this-day-in-2017-liverpool-sign-salah","Salah signed from Roma June 2017 after former Chelsea spell. Scored 32 league goals 2017-18. Former club and debut tally separate; old current-record claim excluded.","2026-10-07"
"premier_league_v2_089","medium400","record:chelsea2005:concededgoals",,"كم هدفًا فقط استقبل تشيلسي في موسم تتويجه بالدوري 2004-2005، محققًا الرقم القياسي الدفاعي للمسابقة؟","How many goals did Chelsea concede in its record-setting defensive title season of 2004-05?","15 هدفًا","15 goals","Premier League — Chelsea 2004-05 tactical retrospective","https://www.premierleague.com/es/news/2737934","Mourinho Special One; Chelsea conceded only 15 all season; Makelele pivot in 4-3-3; Drogba and Icelandic Gudjohnsen forwards. Do not repeat Petr Cech individual clean-sheet fact.","2026-10-07"
"premier_league_v2_090","medium400","record:derby2008:lowestpoints",,"أي فريق أنهى موسم البريميرليغ 2007-2008 برصيد 11 نقطة فقط؟","Which team finished the 2007-08 Premier League season with only 11 points?","ديربي كاونتي","Derby County","Premier League — 2007-08 season review","https://www.premierleague.com/en/news/693636","Ronaldo 31 league goals; United clinched title at Wigan; Fulham escaped after Kamara comeback City and Murphy winner Portsmouth; Derby only 11 points. Outdated 38-game scoring record excluded; title and UCL questions reserved elsewhere.","2026-10-07"
"premier_league_v2_091","medium400","player:leicester2016:titlecaptain",,"من قائد ليستر سيتي الذي رفع كأس البريميرليغ في 2016؟","Who was Leicester City's captain when he lifted the Premier League Trophy in 2016?","ويس مورغان","Wes Morgan","Premier League — 2015-16 season review","https://www.premierleague.com/en/news/693680","Leicester champions under Ranieri, clinched when Chelsea drew Tottenham 2-2; Wes Morgan captain lifted trophy; Andrea Bocelli sang Nessun Dorma; Ranieri replaced Nigel Pearson; Dele Alli signed Spurs from MK Dons; Rashford brace against Arsenal league debut.","2026-10-07"
"premier_league_v2_092","medium400","match:city2012:winningassist",,"من مرّر الكرة إلى أغويرو قبل هدفه الذي حسم لقب البريميرليغ 2012 أمام كوينز بارك رينجرز؟","Who passed to Aguero before his 2012 Premier League title-winning goal against Queens Park Rangers?","ماريو بالوتيلي","Mario Balotelli","Premier League — City's extraordinary 2012 finish","https://www.premierleague.com/en/news/2746491","City 3-2 QPR: Dzeko equaliser then Aguero winner, assisted by Balotelli. Ask winner identity, assister and equaliser as different event roles; no opponent inverse question.","2026-10-07"
"premier_league_v2_093","medium400","player:ashleycole:titleclubs",,"مع أي ناديين من لندن فاز آشلي كول بالبريميرليغ؟","With which two London clubs did Ashley Cole win the Premier League?","أرسنال وتشيلسي","Arsenal and Chelsea","Premier League — Ashley Cole Hall of Fame profile","https://www.premierleague.com/en/events/hall-of-fame/inductees/ashley-cole","Left-back won PL titles Arsenal and Chelsea, moving to Chelsea in 2006. One paired title-club identity question, not separate transfer-origin inverse.","2026-10-07"
"premier_league_v2_094","medium400","player:ferdinand:firstseniorclub",,"مع أي نادٍ خاض ريو فرديناند أول ظهور له في الفريق الأول؟","At which club did Rio Ferdinand make his first-team debut?","وست هام يونايتد","West Ham United","Premier League — Rio Ferdinand Hall of Fame profile","https://www.premierleague.com/en/events/hall-of-fame/inductees/rio-ferdinand","Ferdinand first team debut West Ham; moved through Leeds to Manchester United. Only first senior club asked.","2026-10-07"
"premier_league_v2_095","medium400","transfer:wright:arsenalorigin",,"من أي نادٍ انتقل إيان رايت إلى أرسنال؟","From which club did Ian Wright join Arsenal?","كريستال بالاس","Crystal Palace","Premier League — Ian Wright Hall of Fame profile","https://www.premierleague.com/en/events/hall-of-fame/inductees/ian-wright","Wright joined Arsenal from Crystal Palace; surpassed Cliff Bastin Arsenal scoring record. Former club and previous record holder are distinct relations.","2026-10-07"
"premier_league_v2_096","medium400","player:scholes:eleventitlemidfielder",,"من لاعب وسط مانشستر يونايتد الذي فاز بـ11 لقبًا للبريميرليغ وسجل 107 أهداف في المسابقة؟","Which Manchester United midfielder won 11 Premier League titles and scored 107 goals in the competition?","بول سكولز","Paul Scholes","Premier League — Paul Scholes Hall of Fame profile","https://www.premierleague.com/en/events/hall-of-fame/inductees/paul-scholes","United midfielder won 11 PL titles across three decades and scored 107 goals. One recognition clue using combined career feats, no separate totals quiz.","2026-10-07"
"premier_league_v2_097","medium400","player:adams:mrarsenal",,"من قائد أرسنال السابق الذي اشتهر بلقب «مستر أرسنال» وقضى مسيرته كلها مع النادي؟","Which former Arsenal captain was known as Mr Arsenal and spent his entire career at the club?","توني آدامز","Tony Adams","Premier League — Tony Adams Hall of Fame profile","https://www.premierleague.com/en/events/hall-of-fame/inductees/tony-adams","Adams Mr Arsenal; memorable goal in title-clinching 4-0 win Everton 1998. Nickname only used; avoid winner/scorer same-fact rephrasing.","2026-10-07"
"premier_league_v2_098","medium400","match:beckham1996:halfwayopponent",,"أمام أي نادٍ سجل ديفيد بيكهام هدفه الشهير من خط منتصف الملعب عام 1996؟","Against which club did David Beckham score his famous halfway-line goal in 1996?","ويمبلدون","Wimbledon","Premier League — David Beckham Hall of Fame profile","https://www.premierleague.com/en/events/hall-of-fame/inductees/david-beckham","Beckham halfway-line goal against Wimbledon opening weekend 1996-97; 18 direct PL free-kicks. Only opposing club asked, not record holder inverse.","2026-10-07"
"premier_league_v2_099","medium400","match:bergkamp:best25yearsopponent",,"أمام أي فريق سجل دينيس بيرغكامب هدفه الذي اختاره الجمهور الأفضل في أول 25 عامًا للبريميرليغ؟","Against which team did Dennis Bergkamp score the goal fans voted the best of the Premier League's first 25 years?","نيوكاسل يونايتد","Newcastle United","Premier League — Dennis Bergkamp Hall of Fame profile","https://www.premierleague.com/en/events/hall-of-fame/inductees/dennis-bergkamp","Dutch Arsenal star's Newcastle goal chosen by fans best of first 25 PL years. Nationality and distinctive opposing club identify separate attributes.","2026-10-07"
"premier_league_v2_100","medium400","match:tiote2011:equaliser",,"من سجل هدف نيوكاسل الرابع ليكتمل التعادل التاريخي 4-4 أمام أرسنال في 2011؟","Who scored Newcastle's fourth goal to complete the historic 4-4 draw with Arsenal in 2011?","شيخ تيوتي","Cheick Tiote","Premier League — Alan Pardew favourite match","https://www.premierleague.com/en/news/625528","Newcastle 4-4 Arsenal February 2011, Tiote long-range equaliser after four-goal halftime deficit; Alan Pardew manager. Only equaliser scorer asked.","2026-10-07"
"premier_league_v2_101","medium400","match:arshavin2009:fourgoals",,"من لاعب أرسنال الذي سجل أربعة أهداف في التعادل 4-4 مع ليفربول على أنفيلد عام 2009؟","Which Arsenal player scored four goals in the 4-4 draw with Liverpool at Anfield in 2009?","أندري أرشافين","Andrey Arshavin","Premier League — Memorable chaotic matches","https://www.premierleague.com/ar/news/3772361","Arshavin four at Anfield 2008-09; Michael Owen late Manchester derby winner 2009-10; Stan Collymore Liverpool Newcastle4-3 1995-96; Mark Viduka four Leeds Liverpool4-3 2000-01. Four distinct famous matches, not generic yearly scoring table.","2026-10-07"
"premier_league_v2_102","medium400","match:owen2009:derbywinner",,"من سجل هدف مانشستر يونايتد الأخير في ديربي الـ4-3 أمام مانشستر سيتي عام 2009؟","Who scored Manchester United's final goal in the 4-3 derby win over Manchester City in 2009?","مايكل أوين","Michael Owen","Premier League — Memorable chaotic matches","https://www.premierleague.com/ar/news/3772361","Arshavin four at Anfield 2008-09; Michael Owen late Manchester derby winner 2009-10; Stan Collymore Liverpool Newcastle4-3 1995-96; Mark Viduka four Leeds Liverpool4-3 2000-01. Four distinct famous matches, not generic yearly scoring table.","2026-10-07"
"premier_league_v2_103","medium400","match:kanu1999:comebackhattrick",,"من مهاجم أرسنال الذي حوّل التأخر 2-0 أمام تشيلسي إلى فوز 3-2 بهاتريك متأخر عام 1999؟","Which Arsenal striker turned a 2-0 deficit against Chelsea into a 3-2 win with a late hat-trick in 1999?","نوانكو كانو","Nwankwo Kanu","Premier League — Arsenal v Chelsea memorable matches","https://www.premierleague.com/en/news/4165207","Kanu late hat-trick Arsenal 3-2 Chelsea after two-goal deficit October1999; winner impossible-angle after rounding Ed de Goey. Only scorer identity asked. Other Winterburn former-club error excluded.","2026-10-07"
"premier_league_v2_104","medium400","match:berbatov2010:fivegoals",,"من سجل خمسة أهداف لمانشستر يونايتد في فوزه 7-1 على بلاكبيرن عام 2010؟","Who scored five goals for Manchester United in its 7-1 win over Blackburn in 2010?","ديميتار برباتوف","Dimitar Berbatov","Premier League — 2010-11 season review","https://www.premierleague.com/ar/news/693661","Rooney overhead Manchester derby winner; Berbatov five United Blackburn7-1; Ian Holloway Blackpool manager; Stephen Hunt Wolves survival goal. Use two different landmark performances and promoted club coach, not protected winner grid.","2026-10-07"
"premier_league_v2_105","medium400","derby:blackcountry:clubs",,"أي فريقين يتواجهان في ديربي «بلاك كانتري»؟","Which two clubs contest the Black Country derby?","وولفرهامبتون ووست بروميتش ألبيون","Wolverhampton Wanderers and West Bromwich Albion","Wolverhampton Wanderers — Black Country derby moments","https://www.wolves.co.uk/news/features/20240124-old-gold-ten-moments-that-define-the-black-country-derby/","Wolves and West Bromwich Albion contest Black Country derby.","2026-10-07"
"premier_league_v2_106","medium400","club:westham:formername",,"بأي اسم كان يُعرف النادي الذي أصبح وست هام يونايتد عام 1900؟","What was the name of the club that became West Ham United in 1900?","ثيمز آيرون ووركس","Thames Ironworks","West Ham United — Club history 1900s","https://www.whufc.com/en/the-club/history/club-history/1900s","Thames Ironworks became West Ham United in 1900.","2026-10-07"
"premier_league_v2_107","medium400","player:campbell:free2001",,"من المدافع الذي انتقل مجاناً من توتنهام إلى غريمه أرسنال عام 2001؟","Which defender moved on a free transfer from Tottenham to rival Arsenal in 2001?","سول كامبل","Sol Campbell","Premier League — Memorable North London derby moments","https://www.premierleague.com/en/news/4114942/ten-memorable-moments-from-the-north-london-derby","Sol Campbell free move Spurs to Arsenal 2001; David Bentley 40-yard volley in 2008 4-4; Danny Rose long-range debut volley 2010; Lamela rabona 2021 Puskas; Kane protective mask after broken nose 2016.","2026-10-07"
"premier_league_v2_108","medium400","match:lamela2021:rabona",,"من سجل هدف «رابونا» لتوتنهام أمام أرسنال عام 2021 وفاز عنه بجائزة بوشكاش؟","Who scored Tottenham's rabona against Arsenal in 2021 and won the Puskas Award for it?","إريك لاميلا","Erik Lamela","Premier League — Memorable North London derby moments","https://www.premierleague.com/en/news/4114942/ten-memorable-moments-from-the-north-london-derby","Sol Campbell free move Spurs to Arsenal 2001; David Bentley 40-yard volley in 2008 4-4; Danny Rose long-range debut volley 2010; Lamela rabona 2021 Puskas; Kane protective mask after broken nose 2016.","2026-10-07"
"premier_league_v2_109","medium400","player:park:firstasianchampion",,"من أصبح أول لاعب آسيوي يفوز بالبريميرليغ، مع مانشستر يونايتد في موسم 2006-2007؟","Who became the first Asian player to win the Premier League, with Manchester United in 2006-07?","بارك جي سونغ","Park Ji-sung","Premier League — Japanese players history","https://www.premierleague.com/es/news/4229526","Park Ji-sung first Asian Premier League champion 2006-07; Shinji Okazaki Leicester title 2015-16; Kagawa Manchester United title 2012-13.","2026-10-07"
"premier_league_v2_110","medium400","player:khusanov:nationality",,"أي دولة من آسيا الوسطى أصبح عبد القادر خوسانوف أول ممثّل لها في البريميرليغ مع مانشستر سيتي عام 2025؟","Which Central Asian country gained its first Premier League representative through Abdukodir Khusanov at Manchester City in 2025?","أوزبكستان","Uzbekistan","Premier League — Nationalities represented","https://www.premierleague.com/en/news/3960097","Ali Al-Hamadi became first Iraqi PL player for Ipswich in August 2024; Khusanov first Uzbek for City January 2025.","2026-10-07"
"premier_league_v2_111","medium400","player:delap:longthrows",,"من لاعب ستوك سيتي الذي اشتهر بتحويل رميات التماس الطويلة إلى سلاح هجومي؟","Which Stoke City player became famous for turning long throw-ins into an attacking weapon?","روري ديلاب","Rory Delap","Premier League — Rory Delap on long throws","https://www.premierleague.com/en/news/4450101/rory-delap-modern-defenders-struggle-with-long-throws","Delap famed for long throws at Stoke 2007-13; father of Liam Delap.","2026-10-07"
"premier_league_v2_112","medium400","player:michu:breakthroughclub",,"مع أي نادٍ تألق ميتشو بتسجيل 18 هدفاً في أول موسم له بالبريميرليغ، 2012-2013؟","With which club did Michu shine by scoring 18 goals in his debut Premier League season, 2012-13?","سوانزي سيتي","Swansea City","Premier League — Michu moves to Swansea","https://www.premierleague.com/en/news/694824","Michu joined Swansea from Rayo Vallecano 2012 under Michael Laudrup; scored twice debut 5-0 QPR; Crouch joined Liverpool from Southampton 2005.","2026-10-07"
"premier_league_v2_113","medium400","player:deane:firstgoal",,"من سجل أول هدف في تاريخ البريميرليغ عام 1992؟","Who scored the first goal in Premier League history in 1992?","براين دين","Brian Deane","Premier League — Brian Deane recalls first goal","https://www.premierleague.com/en/news/59518","Brian Deane scored first-ever PL goal for Sheffield United in 1992; Carl Bradshaw long throw started move.","2026-10-07"
"premier_league_v2_114","medium400","coach:pochettino:firstplclub",,"أي نادٍ كان أول محطة تدريبية لماوريسيو بوكيتينو في البريميرليغ عام 2013؟","Which club was Mauricio Pochettino's first Premier League managerial appointment in 2013?","ساوثهامبتون","Southampton","Premier League — Argentine coaching history","https://www.premierleague.com/ar/news/422980","Ardiles Spurs 1993 first Argentine PL manager; Pochettino began PL coaching Southampton January 2013 from Espanyol.","2026-10-07"
"premier_league_v2_115","medium400","coach:ancelotti:chelsea2010",,"من قاد تشيلسي للقب البريميرليغ في 2009-2010 عندما سجل الفريق 103 أهداف؟","Who managed Chelsea to the 2009-10 Premier League title when the team scored 103 goals?","كارلو أنشيلوتي","Carlo Ancelotti","Premier League — 2009-10 review","https://www.premierleague.com/en/news/693654","Ancelotti managed Chelsea title campaign, 103 league goals.","2026-10-07"
"premier_league_v2_116","medium400","match:jesus2018:centurywinner",,"من سجل هدف مانشستر سيتي المتأخر أمام ساوثهامبتون الذي أوصل الفريق إلى 100 نقطة في 2018؟","Who scored Manchester City's late winner against Southampton that took the team to 100 points in 2018?","غابرييل جيسوس","Gabriel Jesus","Premier League — City's century secured by Jesus","https://www.premierleague.com/en/news/690534/man-city-hit-century-thanks-to-jesus-goal","Jesus late Southampton winner on last day 2017-18 brought Manchester City to 100 points.","2026-10-07"
"premier_league_v2_117","medium400","tactics:conte2017:formation",,"ما الخطة الرقمية التي ارتبطت بتشيلسي أنطونيو كونتي خلال تتويجه بالبريميرليغ في 2016-2017؟","Which numerical formation was associated with Antonio Conte's Chelsea during its 2016-17 Premier League title triumph?","3-4-3","3-4-3","Premier League — Chelsea's tactical balance","https://www.premierleague.com/en/news/418708","Conte's title-winning 2016-17 Chelsea used 3-4-3.","2026-10-07"
"premier_league_v2_118","medium400","award:playmaker:purpose",,"ما جائزة البريميرليغ التي تُمنح لصاحب أكبر عدد من التمريرات الحاسمة في الموسم؟","Which Premier League award goes to the player with the most assists in a season?","جائزة صانع اللعب","The Playmaker award","Premier League — Awards explained","https://www.premierleague.com/en/news/4337263/premier-league-awards","Golden Boot most goals; Golden Glove most clean sheets; Playmaker most assists; inaugural Player of Month Klinsmann August 1994.","2026-10-07"
"premier_league_v2_119","medium400","tech:var:firstseason",,"في أي موسم بدأ استخدام تقنية VAR في البريميرليغ؟","In which season was VAR first used in the Premier League?","2019-2020","2019-20","Premier League — Match technology","https://www.premierleague.com/en/news/102386","VAR introduced 2019-20; Hawk-Eye supplies Goal Decision System; vanishing spray marks free-kick distances.","2026-10-07"
"premier_league_v2_120","medium400","match:yeboah1995:volley",,"من مهاجم ليدز الذي سجل التسديدة الطائرة الشهيرة أمام ليفربول في أغسطس 1995؟","Which Leeds striker scored the famous volley against Liverpool in August 1995?","توني يبواه","Tony Yeboah","Premier League — Yeboah's inspiration","https://www.premierleague.com/en/news/2106255/yeboah-barnes-inspired-my-volley-against-liverpool","Yeboah Leeds volley against Liverpool August 1995; inspired by playing against hero John Barnes.","2026-10-07"
"premier_league_v2_121","medium400","coach:burnley:dyche2018",,"من قاد بيرنلي إلى المركز السابع والتأهل الأوروبي في موسم 2017-2018؟","Who guided Burnley to seventh place and European qualification in 2017-18?","شون دايش","Sean Dyche","Premier League — Sean Dyche profile","https://www.premierleague.com/en/news/60245","Dyche managed Burnley to seventh in 2017-18 European qualification.","2026-10-07"
"premier_league_v2_122","medium400","coach:bournemouth:firstpromotion",,"من قاد بورنموث للصعود إلى البريميرليغ لأول مرة عام 2015؟","Who guided Bournemouth to its first Premier League promotion in 2015?","إيدي هاو","Eddie Howe","Premier League — Eddie Howe profile","https://www.premierleague.com/en/news/60243/eddie-howe","Howe brought Bournemouth to PL for first time in 2015; subsequently Newcastle coach.","2026-10-07"
"premier_league_v2_123","medium400","player:grealish:previousclub",,"من أي نادٍ انتقل جاك غريليش إلى مانشستر سيتي عام 2021؟","From which club did Jack Grealish join Manchester City in 2021?","أستون فيلا","Aston Villa","Premier League — Grealish signs for City","https://www.premierleague.com/en/news/2207118","Grealish joined Manchester City from Aston Villa August 2021, number 10. Undisclosed fee, do not infer amount.","2026-10-07"
"premier_league_v2_124","medium400","match:watford2020:two-goals",,"من سجل هدفين لواتفورد في الفوز 3-0 الذي أنهى سلسلة ليفربول دون هزيمة في فبراير 2020؟","Who scored twice for Watford in the 3-0 win that ended Liverpool's unbeaten run in February 2020?","إسماعيلا سار","Ismaila Sarr","Premier League — Watford ends unbeaten run","https://www.premierleague.com/en/news/1623062","Watford beat Liverpool 3-0 February 2020, Sarr scored twice; Vicarage Road.","2026-10-07"
"premier_league_v2_125","medium400","player:phillips:europeanshoe",,"من مهاجم سندرلاند الذي فاز بالحذاء الذهبي الأوروبي بعد تسجيل 30 هدفاً في موسم 1999-2000؟","Which Sunderland striker won the European Golden Shoe after scoring 30 goals in 1999-2000?","كيفن فيليبس","Kevin Phillips","The FA — English 30-goal heroes","https://www.thefa.com/news/2015/feb/10/30-goal-english-heroes","Kevin Phillips Sunderland 30 in 1999-2000 won European Golden Shoe.","2026-10-07"
"premier_league_v2_126","medium400","player:wanyama:nationality",,"أي منتخب أفريقي مثّله فيكتور وانياما، لاعب ساوثهامبتون وتوتنهام السابق؟","Which African national team did former Southampton and Tottenham midfielder Victor Wanyama represent?","كينيا","Kenya","Premier League — Wanyama joins Spurs","https://www.premierleague.com/en/news/61628","Wanyama Kenyan midfielder Southampton then Spurs.","2026-10-07"
"premier_league_v2_127","medium400","player:newcastle2012:senegalpair",,"أي منتخب أفريقي جمع مهاجمي نيوكاسل ديمبا با وبابيس سيسيه في 2012؟","Which African national team included Newcastle strikers Demba Ba and Papiss Cisse in 2012?","السنغال","Senegal","UEFA — Cisse joins Newcastle","https://www.uefa.com/news-media/news/01f9-0f87eec40ace-280fa65bf05b-1000--newcastle-add-firepower-with-cisse-signing/","Senegalese Papiss Cisse joined Newcastle from Freiburg 2012, teammate Demba Ba in Senegal squad.","2026-10-07"
"premier_league_v2_128","medium400","match:kuyt2011:closerangehat",,"من سجل هاتريك من مسافات قريبة جداً لليفربول في الفوز 3-1 على مانشستر يونايتد في مارس 2011؟","Who scored a hat-trick from very close range for Liverpool in the 3-1 win over Manchester United in March 2011?","ديرك كويت","Dirk Kuyt","Premier League — Manchester United Liverpool moments","https://www.premierleague.com/en/news/4214335/ten-memorable-moments-from-man-utd-v-liverpool","Kuyt close-range hat-trick 2011; Mata scissor-kick brace 2015; O'Shea late Anfield winner 2007; Riise free-kick 2001; Ruddock 1994 equaliser; Firmino final goal 7-0 2023; Salah opposition first Old Trafford PL hat-trick 2021. Avoid annual score grid.","2026-10-07"
"premier_league_v2_129","medium400","match:salah2021:oldtraffordhat",,"من أصبح أول لاعب زائر يسجل هاتريك في البريميرليغ على ملعب أولد ترافورد، في فوز ليفربول 5-0 عام 2021؟","Who became the first visiting player to score a Premier League hat-trick at Old Trafford, in Liverpool's 5-0 win in 2021?","محمد صلاح","Mohamed Salah","Premier League — Manchester United Liverpool moments","https://www.premierleague.com/en/news/4214335/ten-memorable-moments-from-man-utd-v-liverpool","Kuyt close-range hat-trick 2011; Mata scissor-kick brace 2015; O'Shea late Anfield winner 2007; Riise free-kick 2001; Ruddock 1994 equaliser; Firmino final goal 7-0 2023; Salah opposition first Old Trafford PL hat-trick 2021. Avoid annual score grid.","2026-10-07"
"premier_league_v2_130","medium400","player:son:previousclub",,"من أي نادٍ ألماني انتقل سون هيونغ مين إلى توتنهام عام 2015؟","From which German club did Son Heung-min join Tottenham in 2015?","باير ليفركوزن","Bayer Leverkusen","Premier League — Bundesliga imports","https://www.premierleague.com/en/news/4324097","Son joined from Bayer Leverkusen 2015.","2026-10-07"
"premier_league_v2_131","medium400","player:zola:previousclub",,"من أي نادٍ إيطالي انتقل جانفرانكو زولا إلى تشيلسي عام 1996؟","From which Italian club did Gianfranco Zola join Chelsea in 1996?","بارما","Parma","Premier League — Zola arrival","https://www.premierleague.com/news/137603","Zola Chelsea from Parma 1996.","2026-10-07"
"premier_league_v2_132","medium400","coach:brentford:debut",,"من قاد برينتفورد في أول موسم له بالبريميرليغ، 2021-2022؟","Who managed Brentford in its first Premier League season, 2021-22?","توماس فرانك","Thomas Frank","Premier League — Brentford debut win","https://www.premierleague.com/en/news/2170493","Thomas Frank's Brentford won debut PL match 2-0 Arsenal 2021, Canos and Norgaard scored.","2026-10-07"
"premier_league_v2_133","medium400","club:ipswich:home",,"ما اسم ملعب إيبسويتش تاون؟","What is Ipswich Town's home stadium called?","بورتمان رود","Portman Road","Southampton FC — 2024-25 opponent guide","https://www.southamptonfc.com/en/news/article/2024-25-guide-to-the-premier-league","Stable club identities only: Bournemouth Cherries, Brentford Bees, Newcastle Magpies, Leicester Foxes; Liverpool Anfield; Aston Villa Villa Park; Ipswich Portman Road. Exclude outdated managers/capacities and erroneous Forest County Ground label.","2026-10-07"
"premier_league_v2_134","medium400","coach:sheffield2019:wilder",,"من قاد شيفيلد يونايتد إلى المركز التاسع في موسم عودته للبريميرليغ 2019-2020؟","Who guided Sheffield United to ninth place in its 2019-20 Premier League return season?","كريس وايلدر","Chris Wilder","Premier League — 2019-20 season review","https://www.premierleague.com/en/news/1751648","COVID-19 interrupted season; Bruno Fernandes Portuguese signed from Sporting; Arteta followed interim Ljungberg; Chris Wilder Sheffield United ninth; Ralph Hasenhuttl Southampton recovery after 9-0.","2026-10-07"
"premier_league_v2_135","medium400","match:ravanelli1996:debut",,"من المهاجم الإيطالي الذي افتتح مسيرته مع ميدلزبره بهاتريك في التعادل 3-3 مع ليفربول عام 1996؟","Which Italian striker began his Middlesbrough career with a hat-trick in the 3-3 draw with Liverpool in 1996?","فابريتسيو رافانيلي","Fabrizio Ravanelli","Premier League — Debut hat-trick","https://www.premierleague.com/en/news/706716","Ravanelli Middlesbrough debut treble Liverpool 3-3 August 1996.","2026-10-07"
"premier_league_v2_136","medium400","player:solskjaer1999:foursub",,"من سجل أربعة أهداف بعد دخوله بديلاً لمانشستر يونايتد أمام نوتنغهام فورست في فبراير 1999؟","Who scored four goals after coming on as a Manchester United substitute against Nottingham Forest in February 1999?","أولي غونار سولشاير","Ole Gunnar Solskjaer","Premier League — Solskjaer career","https://www.premierleague.com/en/news/948314","United signed from Molde 1996; four as substitute Forest 1999; first PL coach Cardiff 2014.","2026-10-07"
"premier_league_v2_137","hard600","history:premierleague:twentyclubstart",,"في أي موسم بدأ البريميرليغ بنظامه المكوّن من 20 ناديًا بدلًا من 22؟","In which season did the Premier League first have 20 clubs instead of 22?","1995-1996","1995-96","Premier League — Competition history","https://www.premierleague.com/en/history","Inaugural season 1992-93 featured 22 clubs; league reduced to 20 for 1995-96. Manchester United won inaugural title. Distinguish Premier League era from older First Division.","2026-10-07"
"premier_league_v2_138","hard600","match:cantona:firsthattrickopponent",,"أمام أي نادٍ سجل إريك كانتونا أول هاتريك في تاريخ البريميرليغ بقميص ليدز؟","Against which club did Eric Cantona score the Premier League's first hat-trick while playing for Leeds?","توتنهام هوتسبير","Tottenham Hotspur","Premier League — Eric Cantona Hall of Fame induction","https://www.premierleague.com/en/news/2140246","Cantona nicknamed The King; moved Leeds to Manchester United November 1992; first Premier League hat-trick for Leeds against Tottenham; chipped Sunderland in December 1996; retired May 1997. No suspension folklore used.","2026-10-07"
"premier_league_v2_139","hard600","record:henry:assistseason2003",,"كم تمريرة حاسمة قدّم تييري هنري في موسم البريميرليغ 2002-2003 الذي حقق فيه رقمًا قياسيًا في صناعة الأهداف؟","How many assists did Thierry Henry provide in his record-setting 2002-03 Premier League season?","20 تمريرة حاسمة","20 assists","Premier League — Thierry Henry Hall of Fame profile","https://www.premierleague.com/en/events/hall-of-fame/inductees/thierry-henry","Arsene Wenger converted Henry from winger to striker. Henry won four Golden Boots and supplied 20 assists in 2002-03. Different coaching and playmaking facts, not repeat goalscorer identity.","2026-10-07"
"premier_league_v2_140","hard600","record:cech:debutseasoncleansheets",,"كم مباراة بشباك نظيفة حققها بيتر تشيك في موسمه الأول مع تشيلسي بالبريميرليغ، 2004-2005؟","How many clean sheets did Petr Cech keep in his first Chelsea Premier League season, 2004-05?","24 مباراة","24 matches","Premier League — Petr Cech Hall of Fame profile","https://www.premierleague.com/en/events/hall-of-fame/inductees/petr-cech","Cech Czech keeper, 202 career clean sheets, 24 in debut title season Chelsea, subsequently Arsenal. Career record and debut-season total are different scope; no inverse repeat.","2026-10-07"
"premier_league_v2_141","hard600","player:kompany:originalcityposition",,"في أي مركز انضم فينسنت كومباني إلى مانشستر سيتي عام 2008 قبل أن يثبت نفسه قلب دفاع؟","In what position did Vincent Kompany join Manchester City in 2008 before establishing himself at centre-back?","لاعب وسط","Midfielder","Premier League — Vincent Kompany Hall of Fame profile","https://www.premierleague.com/en/events/hall-of-fame/inductees/vincent-kompany","Belgian City captain arrived as midfielder in 2008 before becoming centre-back; vital long-range goal against Leicester 2018-19; crucial header against United 2011-12. Use distinct position and memorable goal, not annual title grid.","2026-10-07"
"premier_league_v2_142","hard600","transfer:mane:southamptonorigin",,"من أي نادٍ نمساوي انتقل ساديو ماني إلى ساوثهامبتون عام 2014؟","From which Austrian club did Sadio Mane join Southampton in 2014?","ريد بول سالزبورغ","RB Salzburg","Premier League — Sadio Mane record hat-trick","https://www.premierleague.com/en/news/2300191/black-history-month-heroes-sadio-mane","Mane Southampton hat-trick against Aston Villa in May 2015 took 2m56s, fastest PL hat-trick. Signed from RB Salzburg September 2014. Club record and former employer are distinct facts.","2026-10-07"
"premier_league_v2_143","hard600","record:kluivert:threepenalties",,"من لاعب بورنموث الذي سجل ثلاث ركلات جزاء في مباراة واحدة بالبريميرليغ أمام وولفرهامبتون في نوفمبر 2024؟","Which Bournemouth player scored three penalties in one Premier League match against Wolverhampton Wanderers in November 2024?","جاستن كلويفرت","Justin Kluivert","Premier League — Official competition records","https://www.premierleague.com/en/stats/records","Read October 7 2026: fastest goal Shane Long; record single-season 36 Haaland; Kane/Son leading assisting combination; consecutive scoring Jamie Vardy; Kluivert first three penalties in one match; Giggs scored in 21 seasons. Limit derived questions to avoid a record-table grid.","2026-10-07"
"premier_league_v2_144","hard600","venue:citystadium:originalevent",,"لأي دورة ألعاب شُيّد ملعب مانشستر سيتي الحالي في الأصل عام 2002؟","For which sporting event was Manchester City's current stadium originally built in 2002?","ألعاب الكومنولث","The Commonwealth Games","Premier League — Stadium guide","https://www.premierleague.com/en/news/4725666","September 2026 guide: Arsenal Emirates formerly Highbury; United Old Trafford Theatre of Dreams; City former Maine Road; Etihad built for 2002 Commonwealth Games; Chelsea Stamford Bridge; Palace Selhurst portrayed AFC Richmond Ted Lasso; Everton left Goodison in 2025. Capacity and speculative redevelopment excluded.","2026-10-07"
"premier_league_v2_145","hard600","venue:selhurst:tedlassoclub",,"أي نادٍ خيالي اتخذ سيلهرست بارك ملعبًا له في مسلسل «تيد لاسو»؟","Which fictional club used Selhurst Park as its home in Ted Lasso?","إيه إف سي ريتشموند","AFC Richmond","Premier League — Stadium guide","https://www.premierleague.com/en/news/4725666","September 2026 guide: Arsenal Emirates formerly Highbury; United Old Trafford Theatre of Dreams; City former Maine Road; Etihad built for 2002 Commonwealth Games; Chelsea Stamford Bridge; Palace Selhurst portrayed AFC Richmond Ted Lasso; Everton left Goodison in 2025. Capacity and speculative redevelopment excluded.","2026-10-07"
"premier_league_v2_146","hard600","history:arsenal:firstname",,"ما الاسم الأول الذي اختاره عمال المصنع لفريقهم الذي أصبح أرسنال؟","What first name did the factory workers choose for the team that became Arsenal?","دايل سكوير","Dial Square","Premier League — Historical club names","https://www.premierleague.com/en/news/4592046/what-is-the-history-behind-every-premier-league-clubs-name","United former Newton Heath from railway workers; Arsenal first Dial Square; City former Ardwick; Liverpool established by John Houlding after Everton rent dispute; Forest founders played shinty; Hotspur named for Henry Percy. Uncertain Bournemouth nickname origin and Brighton Albion etymology excluded.","2026-10-07"
"premier_league_v2_147","hard600","history:forest:founderssport",,"ما الرياضة الشبيهة بالهوكي التي مارسها مؤسسو نوتنغهام فورست قبل إنشاء فريق كرة القدم؟","Which hockey-like sport did Nottingham Forest's founders play before starting their football team?","الشينتي","Shinty","Premier League — Historical club names","https://www.premierleague.com/en/news/4592046/what-is-the-history-behind-every-premier-league-clubs-name","United former Newton Heath from railway workers; Arsenal first Dial Square; City former Ardwick; Liverpool established by John Houlding after Everton rent dispute; Forest founders played shinty; Hotspur named for Henry Percy. Uncertain Bournemouth nickname origin and Brighton Albion etymology excluded.","2026-10-07"
"premier_league_v2_148","hard600","identity:tottenham:namesake",,"ما اسم الفارس الإنجليزي الذي استُلهم منه اسم «هوتسبير» في توتنهام؟","Which English knight inspired the Hotspur name in Tottenham Hotspur?","هنري بيرسي، المعروف بهاري هوتسبير","Henry Percy, known as Harry Hotspur","Premier League — Historical club names","https://www.premierleague.com/en/news/4592046/what-is-the-history-behind-every-premier-league-clubs-name","United former Newton Heath from railway workers; Arsenal first Dial Square; City former Ardwick; Liverpool established by John Houlding after Everton rent dispute; Forest founders played shinty; Hotspur named for Henry Percy. Uncertain Bournemouth nickname origin and Brighton Albion etymology excluded.","2026-10-07"
"premier_league_v2_149","hard600","identity:bournemouth:crestsilhouette",,"أي لاعب سابق تُظهره صورة الرجل الذي يضرب الكرة برأسه في شعار بورنموث؟","Which former player is depicted heading a ball in Bournemouth's crest?","ديكي داوسيت","Dickie Dowsett","Premier League — Club crest symbols explained","https://www.premierleague.com/en/news/4726407/all-20-premier-league-clubs-badges-explained","Arsenal cannon; Spurs cockerel; Brighton Seagulls; Bournemouth Dickie Dowsett silhouette; Ipswich Suffolk Punch horse; United red-devil nickname from Salford rugby; Everton Prince Rupert Tower; Forest designer David Lewis. Unverified heraldic folklore excluded.","2026-10-07"
"premier_league_v2_150","hard600","identity:ipswich:horsebreed",,"ما سلالة الخيول المحلية التي تظهر في شعار إبسويتش تاون؟","Which local horse breed appears in Ipswich Town's crest?","سافولك بانش","Suffolk Punch","Premier League — Club crest symbols explained","https://www.premierleague.com/en/news/4726407/all-20-premier-league-clubs-badges-explained","Arsenal cannon; Spurs cockerel; Brighton Seagulls; Bournemouth Dickie Dowsett silhouette; Ipswich Suffolk Punch horse; United red-devil nickname from Salford rugby; Everton Prince Rupert Tower; Forest designer David Lewis. Unverified heraldic folklore excluded.","2026-10-07"
"premier_league_v2_151","hard600","identity:united:reddevilsorigin",,"من أي فريق في الرغبي استوحى مات باسبي لقب «الشياطين الحمر» لمانشستر يونايتد؟","From which rugby team did Matt Busby borrow the Red Devils nickname for Manchester United?","سالفورد","Salford","Premier League — Club crest symbols explained","https://www.premierleague.com/en/news/4726407/all-20-premier-league-clubs-badges-explained","Arsenal cannon; Spurs cockerel; Brighton Seagulls; Bournemouth Dickie Dowsett silhouette; Ipswich Suffolk Punch horse; United red-devil nickname from Salford rugby; Everton Prince Rupert Tower; Forest designer David Lewis. Unverified heraldic folklore excluded.","2026-10-07"
"premier_league_v2_152","hard600","match:blackburn1995:opposingkeeper",,"من حارس وست هام الذي حرم مانشستر يونايتد من هدف الفوز في اليوم الأخير للبريميرليغ 1994-1995؟","Which West Ham goalkeeper denied Manchester United a winning goal on the final day of the 1994-95 Premier League?","لوديك ميكلوسكو","Ludek Miklosko","Premier League — Blackburn 1994-95 season review","https://www.premierleague.com/en/news/60236","Blackburn won title under Kenny Dalglish backed by Jack Walker; Shearer/Sutton SAS; Miklosko denied United final-day West Ham win; Andrew Cole scored five against Ipswich in 9-0. Erroneous Fowler record duration excluded.","2026-10-07"
"premier_league_v2_153","hard600","history:blackburn1995:backer",,"من رجل الأعمال الذي موّل صعود بلاكبيرن إلى لقب البريميرليغ 1995؟","Which businessman financed Blackburn's rise to the 1995 Premier League title?","جاك ووكر","Jack Walker","Premier League — Blackburn 1994-95 season review","https://www.premierleague.com/en/news/60236","Blackburn won title under Kenny Dalglish backed by Jack Walker; Shearer/Sutton SAS; Miklosko denied United final-day West Ham win; Andrew Cole scored five against Ipswich in 9-0. Erroneous Fowler record duration excluded.","2026-10-07"
"premier_league_v2_154","hard600","celebration:leicester2016:operasinger",,"من مغني الأوبرا الذي قدّم «نيسون دورما» قبل مباراة احتفال ليستر بلقب البريميرليغ 2016؟","Which opera singer performed Nessun Dorma before Leicester's 2016 Premier League trophy celebration match?","أندريا بوتشيلي","Andrea Bocelli","Premier League — 2015-16 season review","https://www.premierleague.com/en/news/693680","Leicester champions under Ranieri, clinched when Chelsea drew Tottenham 2-2; Wes Morgan captain lifted trophy; Andrea Bocelli sang Nessun Dorma; Ranieri replaced Nigel Pearson; Dele Alli signed Spurs from MK Dons; Rashford brace against Arsenal league debut.","2026-10-07"
"premier_league_v2_155","hard600","coach:leicester2015:ranieripredecessor",,"من المدرب الذي خلفه كلاوديو رانييري في ليستر سيتي صيف 2015؟","Which manager did Claudio Ranieri replace at Leicester City in summer 2015?","نايجل بيرسون","Nigel Pearson","Premier League — 2015-16 season review","https://www.premierleague.com/en/news/693680","Leicester champions under Ranieri, clinched when Chelsea drew Tottenham 2-2; Wes Morgan captain lifted trophy; Andrea Bocelli sang Nessun Dorma; Ranieri replaced Nigel Pearson; Dele Alli signed Spurs from MK Dons; Rashford brace against Arsenal league debut.","2026-10-07"
"premier_league_v2_156","hard600","record:arsenal2002:scoringeverygame",,"ما الفريق الذي سجل في كل مبارياته بالبريميرليغ خلال موسم تتويجه 2001-2002؟","Which team scored in every Premier League match during its 2001-02 title season?","أرسنال","Arsenal","Premier League — Wenger Hall of Fame managerial achievements","https://www.premierleague.com/en/news/3123413","Wenger led 828 league matches; Arsenal 2001-02 scored in every league game; Arsenal unbeaten run 49 matches ending October 2004. Only unique team scoring feat used, no same-season Invincibles inverse.","2026-10-07"
"premier_league_v2_157","hard600","match:arsenalrunend2004:birthdaygoal",,"من لاعب مانشستر يونايتد الذي سجل الهدف الثاني أمام أرسنال يوم ميلاده التاسع عشر، في المباراة التي أنهت سلسلة الـ49 مباراة بلا هزيمة؟","Which Manchester United player scored the second goal against Arsenal on his 19th birthday in the match that ended the 49-game unbeaten run?","واين روني","Wayne Rooney","Premier League — Manchester United v Arsenal memorable moments","https://www.premierleague.com/en/news/4261719","United ended Arsenal unbeaten 49-match run in October 2004; Van Nistelrooy penalty and Rooney second on nineteenth birthday. Typographical May 2023 start in article excluded; asks birthday scorer only.","2026-10-07"
"premier_league_v2_158","hard600","match:fulham2008:survivalwinner",,"من سجل برأسه هدف فولهام الذي أبقاه في البريميرليغ بالفوز على بورتسموث في اليوم الأخير لموسم 2007-2008؟","Who headed Fulham's winner against Portsmouth to keep the club in the Premier League on the final day of 2007-08?","داني مورفي","Danny Murphy","Premier League — 2007-08 season review","https://www.premierleague.com/en/news/693636","Ronaldo 31 league goals; United clinched title at Wigan; Fulham escaped after Kamara comeback City and Murphy winner Portsmouth; Derby only 11 points. Outdated 38-game scoring record excluded; title and UCL questions reserved elsewhere.","2026-10-07"
"premier_league_v2_159","hard600","player:chelsea2005:holdingpivot",,"من لاعب الوسط الفرنسي الذي شكّل محور الارتكاز في خطة مورينيو 4-3-3 بتشيلسي موسم 2004-2005؟","Which French midfielder was the holding pivot in Mourinho's Chelsea 4-3-3 in 2004-05?","كلود ماكيليلي","Claude Makelele","Premier League — Chelsea 2004-05 tactical retrospective","https://www.premierleague.com/es/news/2737934","Mourinho Special One; Chelsea conceded only 15 all season; Makelele pivot in 4-3-3; Drogba and Icelandic Gudjohnsen forwards. Do not repeat Petr Cech individual clean-sheet fact.","2026-10-07"
"premier_league_v2_160","hard600","match:city2012:stoppageequaliser",,"من سجل هدف التعادل لمانشستر سيتي في الوقت بدل الضائع أمام كوينز بارك رينجرز، قبل هدف أغويرو الحاسم عام 2012؟","Who scored Manchester City's stoppage-time equaliser against Queens Park Rangers before Aguero's decisive goal in 2012?","إدين دجيكو","Edin Dzeko","Premier League — City's extraordinary 2012 finish","https://www.premierleague.com/en/news/2746491","City 3-2 QPR: Dzeko equaliser then Aguero winner, assisted by Balotelli. Ask winner identity, assister and equaliser as different event roles; no opponent inverse question.","2026-10-07"
"premier_league_v2_161","hard600","player:andrewcole:careerpenalties",,"من المهاجم الذي سجل 187 هدفًا في البريميرليغ، كان واحد فقط منها من ركلة جزاء؟","Which striker scored 187 Premier League goals, only one of them from a penalty?","أندي كول","Andrew Cole","Premier League — Andrew Cole Hall of Fame profile","https://www.premierleague.com/en/events/hall-of-fame/inductees/andrew-cole","Cole 187 league career goals, only one penalty. Exceptionally unusual penalty fact used; former second-most single-season ranking excluded.","2026-10-07"
"premier_league_v2_162","hard600","player:solskjaer:previousclub",,"من أي نادٍ نرويجي تعاقد مانشستر يونايتد مع أولي غونار سولشاير عام 1996؟","From which Norwegian club did Manchester United sign Ole Gunnar Solskjaer in 1996?","مولده","Molde","Premier League — Solskjaer career","https://www.premierleague.com/en/news/948314","United signed from Molde 1996; four as substitute Forest 1999; first PL coach Cardiff 2014.","2026-10-07"
"premier_league_v2_163","hard600","record:wright:arsenalpredecessor",,"من الهداف التاريخي السابق لأرسنال الذي كسر إيان رايت رقمه في التسعينات؟","Which former Arsenal record goalscorer's total did Ian Wright surpass in the 1990s?","كليف باستين","Cliff Bastin","Premier League — Ian Wright Hall of Fame profile","https://www.premierleague.com/en/events/hall-of-fame/inductees/ian-wright","Wright joined Arsenal from Crystal Palace; surpassed Cliff Bastin Arsenal scoring record. Former club and previous record holder are distinct relations.","2026-10-07"
"premier_league_v2_164","hard600","transfer:keane:unitedorigin",,"من أي نادٍ انضم روي كين إلى مانشستر يونايتد عام 1993؟","From which club did Roy Keane join Manchester United in 1993?","نوتنغهام فورست","Nottingham Forest","Premier League — Roy Keane Hall of Fame profile","https://www.premierleague.com/en/events/hall-of-fame/inductees/roy-keane","Irish midfielder joined United from Nottingham Forest in 1993, captain 1997. Nationality and previous employer distinct.","2026-10-07"
"premier_league_v2_165","hard600","milestone:schmeichel:firstkeepergoalclub",,"مع أي نادٍ سجل بيتر شمايكل أول هدف لحارس مرمى في تاريخ البريميرليغ عام 2001؟","With which club did Peter Schmeichel score the first goalkeeper goal in Premier League history in 2001?","أستون فيلا","Aston Villa","Premier League — Alisson joins scoring goalkeepers","https://www.premierleague.com/en/news/2145933/alisson-joins-goalscoring-goalkeepers-with-liverpool-winner","Alisson header Liverpool against West Brom 2021 first PL winning goalkeeper goal; Peter Schmeichel first scoring PL keeper with Aston Villa 2001; Paul Robinson Spurs long free-kick Watford 2007; Begovic Stoke 2013 against Southampton.","2026-10-07"
"premier_league_v2_166","hard600","match:robinson2007:scoringkeeper",,"من حارس توتنهام الذي سجل من ركلة حرة بعيدة أمام واتفورد في 2007؟","Which Tottenham goalkeeper scored from a long-range free-kick against Watford in 2007?","بول روبنسون","Paul Robinson","Premier League — Alisson joins scoring goalkeepers","https://www.premierleague.com/en/news/2145933/alisson-joins-goalscoring-goalkeepers-with-liverpool-winner","Alisson header Liverpool against West Brom 2021 first PL winning goalkeeper goal; Peter Schmeichel first scoring PL keeper with Aston Villa 2001; Paul Robinson Spurs long free-kick Watford 2007; Begovic Stoke 2013 against Southampton.","2026-10-07"
"premier_league_v2_167","hard600","fairplay:dicanio:ballcatch",,"من نجم وست هام الذي أمسك الكرة ليوقف هجمة فريقه بعدما رأى حارس إيفرتون مصابًا في ديسمبر 2000؟","Which West Ham star caught the ball to stop his team's attack after seeing Everton's goalkeeper injured in December 2000?","باولو دي كانيو","Paolo Di Canio","Premier League — 2000-01 season review","https://www.premierleague.com/es/news/59013","Di Canio caught ball to stop West Ham attack with Everton keeper Paul Gerrard injured; 2001 FIFA fair-play award. George Burley Manager of Season led promoted Ipswich; Nick Barmby joined Liverpool from Everton. Outdated Ledley King fastest-goal status excluded.","2026-10-07"
"premier_league_v2_168","hard600","coach:ipswich2001:burley",,"من مدرب إبسويتش الذي فاز بجائزة مدرب موسم البريميرليغ 2000-2001؟","Which Ipswich manager won the Premier League Manager of the Season award for 2000-01?","جورج بيرلي","George Burley","Premier League — 2000-01 season review","https://www.premierleague.com/es/news/59013","Di Canio caught ball to stop West Ham attack with Everton keeper Paul Gerrard injured; 2001 FIFA fair-play award. George Burley Manager of Season led promoted Ipswich; Nick Barmby joined Liverpool from Everton. Outdated Ledley King fastest-goal status excluded.","2026-10-07"
"premier_league_v2_169","hard600","match:collymore1996:newcastlewinner",,"من سجل هدف ليفربول الحاسم في مواجهة الـ4-3 الشهيرة مع نيوكاسل عام 1996؟","Who scored Liverpool's decisive goal in the famous 4-3 match against Newcastle in 1996?","ستان كوليمور","Stan Collymore","Premier League — Memorable chaotic matches","https://www.premierleague.com/ar/news/3772361","Arshavin four at Anfield 2008-09; Michael Owen late Manchester derby winner 2009-10; Stan Collymore Liverpool Newcastle4-3 1995-96; Mark Viduka four Leeds Liverpool4-3 2000-01. Four distinct famous matches, not generic yearly scoring table.","2026-10-07"
"premier_league_v2_170","hard600","match:viduka2000:fourgoals",,"من مهاجم ليدز الذي سجل أهداف فريقه الأربعة في الفوز 4-3 على ليفربول عام 2000؟","Which Leeds striker scored all four of his team's goals in the 4-3 win over Liverpool in 2000?","مارك فيدوكا","Mark Viduka","Premier League — Memorable chaotic matches","https://www.premierleague.com/ar/news/3772361","Arshavin four at Anfield 2008-09; Michael Owen late Manchester derby winner 2009-10; Stan Collymore Liverpool Newcastle4-3 1995-96; Mark Viduka four Leeds Liverpool4-3 2000-01. Four distinct famous matches, not generic yearly scoring table.","2026-10-07"
"premier_league_v2_171","hard600","coach:blackpool2010:holloway",,"من قاد بلاكبول في موسمه الوحيد بالبريميرليغ، 2010-2011؟","Who managed Blackpool in its only Premier League season, 2010-11?","إيان هولواي","Ian Holloway","Premier League — 2010-11 season review","https://www.premierleague.com/ar/news/693661","Rooney overhead Manchester derby winner; Berbatov five United Blackburn7-1; Ian Holloway Blackpool manager; Stephen Hunt Wolves survival goal. Use two different landmark performances and promoted club coach, not protected winner grid.","2026-10-07"
"premier_league_v2_172","hard600","match:bentley2008:volley",,"من سجل تسديدة طائرة من نحو 40 ياردة لتوتنهام في التعادل 4-4 مع أرسنال عام 2008؟","Who scored a volley from around 40 yards for Tottenham in the 4-4 draw with Arsenal in 2008?","ديفيد بنتلي","David Bentley","Premier League — Memorable North London derby moments","https://www.premierleague.com/en/news/4114942/ten-memorable-moments-from-the-north-london-derby","Sol Campbell free move Spurs to Arsenal 2001; David Bentley 40-yard volley in 2008 4-4; Danny Rose long-range debut volley 2010; Lamela rabona 2021 Puskas; Kane protective mask after broken nose 2016.","2026-10-07"
"premier_league_v2_173","hard600","match:rose2010:debutvolley",,"من لاعب توتنهام الذي سجل تسديدة طائرة بعيدة أمام أرسنال في أول ظهور له بالبريميرليغ عام 2010؟","Which Tottenham player scored a long-range volley against Arsenal on his Premier League debut in 2010?","داني روز","Danny Rose","Premier League — Memorable North London derby moments","https://www.premierleague.com/en/news/4114942/ten-memorable-moments-from-the-north-london-derby","Sol Campbell free move Spurs to Arsenal 2001; David Bentley 40-yard volley in 2008 4-4; Danny Rose long-range debut volley 2010; Lamela rabona 2021 Puskas; Kane protective mask after broken nose 2016.","2026-10-07"
"premier_league_v2_174","hard600","player:kane2016:maskreason",,"ما الإصابة التي جعلت هاري كين يرتدي قناعاً واقياً في ديربي شمال لندن عام 2016؟","What injury led Harry Kane to wear a protective mask in the 2016 North London derby?","كسر في الأنف","A broken nose","Premier League — Memorable North London derby moments","https://www.premierleague.com/en/news/4114942/ten-memorable-moments-from-the-north-london-derby","Sol Campbell free move Spurs to Arsenal 2001; David Bentley 40-yard volley in 2008 4-4; Danny Rose long-range debut volley 2010; Lamela rabona 2021 Puskas; Kane protective mask after broken nose 2016.","2026-10-07"
"premier_league_v2_175","hard600","player:alhamadi:firstiraqi",,"من أصبح أول لاعب عراقي يشارك في البريميرليغ، مع إيبسويتش في أغسطس 2024؟","Who became the first Iraqi player to appear in the Premier League, for Ipswich in August 2024?","علي الحمادي","Ali Al-Hamadi","Premier League — Nationalities represented","https://www.premierleague.com/en/news/3960097","Ali Al-Hamadi became first Iraqi PL player for Ipswich in August 2024; Khusanov first Uzbek for City January 2025.","2026-10-07"
"premier_league_v2_176","hard600","trophy:craft:maker",,"أي دار مجوهرات لندنية صبّت كأس البريميرليغ؟","Which London jeweller cast the Premier League Trophy?","أسبري لندن","Asprey London","Premier League — Trophy facts","https://www.premierleague.com/en/news/676969","Asprey London cast trophy; malachite green base represents pitch; winning captain raising trophy symbolises third lion.","2026-10-07"
"premier_league_v2_177","hard600","trophy:craft:basestone",,"ما الحجر الأخضر المستخدم في قاعدة كأس البريميرليغ لتمثيل أرض الملعب؟","Which green stone forms the Premier League Trophy's base to represent the pitch?","المالاكيت","Malachite","Premier League — Trophy facts","https://www.premierleague.com/en/news/676969","Asprey London cast trophy; malachite green base represents pitch; winning captain raising trophy symbolises third lion.","2026-10-07"
"premier_league_v2_178","hard600","player:djorkaeff:nickname",,"أي لاعب فرنسي في بولتون كان يُلقّب بـ«الأفعى»، كما ذكر سام ألاردايس؟","Which French Bolton player was nicknamed the Snake, as recalled by Sam Allardyce?","يوري دجوركاييف","Youri Djorkaeff","Premier League — Allardyce's best XI","https://www.premierleague.com/en/news/65670","Okocha so good they named him twice; Djorkaeff The Snake nickname; converted Jamaica winger Ricardo Gardner to left-back; Bolton Fernando Hierro midfielder.","2026-10-07"
"premier_league_v2_179","hard600","player:gardner:convertedposition",,"إلى أي مركز حوّل سام ألاردايس الجناح الجامايكي ريكاردو غاردنر في بولتون؟","To which position did Sam Allardyce convert Jamaican winger Ricardo Gardner at Bolton?","ظهير أيسر","Left-back","Premier League — Allardyce's best XI","https://www.premierleague.com/en/news/65670","Okocha so good they named him twice; Djorkaeff The Snake nickname; converted Jamaica winger Ricardo Gardner to left-back; Bolton Fernando Hierro midfielder.","2026-10-07"
"premier_league_v2_180","hard600","coach:michu2012:manager",,"من كان مدرب سوانزي عندما انضم ميتشو وتألق في موسم 2012-2013؟","Who managed Swansea when Michu arrived and excelled in 2012-13?","مايكل لاودروب","Michael Laudrup","Premier League — Michu moves to Swansea","https://www.premierleague.com/en/news/694824","Michu joined Swansea from Rayo Vallecano 2012 under Michael Laudrup; scored twice debut 5-0 QPR; Crouch joined Liverpool from Southampton 2005.","2026-10-07"
"premier_league_v2_181","hard600","match:hasselbaink2002:perfecthat",,"من مهاجم تشيلسي الذي سجل بقدمه اليمنى واليسرى ورأسه في الفوز 4-0 على توتنهام عام 2002؟","Which Chelsea striker scored with his right foot, left foot and head in the 4-0 win over Tottenham in 2002?","جيمي فلويد هاسلبينك","Jimmy Floyd Hasselbaink","Premier League — Perfect hat-tricks","https://www.premierleague.com/en/news/1475140/poll-who-has-scored-the-best-perfect-hat-trick","Hasselbaink left foot right foot header perfect treble Chelsea 4-0 Spurs 2002; Pulisic perfect hat Burnley October 2019.","2026-10-07"
"premier_league_v2_182","hard600","coach:ardiles:firstargentine",,"من أصبح أول مدرب أرجنتيني في البريميرليغ عندما تولّى توتنهام عام 1993؟","Who became the first Argentine Premier League manager when he took charge of Tottenham in 1993?","أوسي أرديليس","Ossie Ardiles","Premier League — Argentine coaching history","https://www.premierleague.com/ar/news/422980","Ardiles Spurs 1993 first Argentine PL manager; Pochettino began PL coaching Southampton January 2013 from Espanyol.","2026-10-07"
"premier_league_v2_183","hard600","award:firstplayerofmonth:winner",,"من فاز بأول جائزة لاعب الشهر في البريميرليغ، في أغسطس 1994؟","Who won the first Premier League Player of the Month award, in August 1994?","يورغن كلينسمان","Jurgen Klinsmann","Premier League — Awards explained","https://www.premierleague.com/en/news/4337263/premier-league-awards","Golden Boot most goals; Golden Glove most clean sheets; Playmaker most assists; inaugural Player of Month Klinsmann August 1994.","2026-10-07"
"premier_league_v2_184","hard600","match:sheringham1992:firsttvgoal",,"من سجل أول هدف بُثّ مباشرة على التلفزيون في تاريخ البريميرليغ؟","Who scored the first live televised goal in Premier League history?","تيدي شيرينغهام","Teddy Sheringham","Premier League — First televised goal","https://www.premierleague.com/en/news/698116","Sheringham Forest Liverpool August 1992 first live televised PL goal.","2026-10-07"
"premier_league_v2_185","hard600","match:kinkladze1996:sologoal",,"من صانع ألعاب مانشستر سيتي الجورجي صاحب الهدف الفردي الشهير أمام ساوثهامبتون في مارس 1996؟","Which Georgian Manchester City playmaker scored the famous solo goal against Southampton in March 1996?","غيورغي كينكلادزه","Georgi Kinkladze","Manchester City — Kinkladze remembers City","https://www.mancity.com/news/first-team/first-team-news/2017/april/giorgi-kinkladze-recalls-his-days-at-man-city","Georgian Kinkladze iconic individual goal against Southampton March 1996.","2026-10-07"
"premier_league_v2_186","hard600","tech:glttest:firstground",,"في أي ملعب أُجريت الاختبارات الأولية لتقنية خط المرمى بالبريميرليغ في موسم 2006-2007؟","At which stadium were the Premier League's initial goal-line technology tests conducted in 2006-07?","كرافن كوتيج","Craven Cottage","Premier League — Goal-line technology history","https://www.premierleague.com/en/news/60519","Hawk-Eye introduced 2013-14; initial stadium tests Fulham Craven Cottage 2006-07.","2026-10-07"
"premier_league_v2_187","hard600","tech:glt:firstseason",,"في أي موسم أدخل البريميرليغ نظام تحديد الأهداف من هوك آي؟","In which season did the Premier League introduce Hawk-Eye's Goal Decision System?","2013-2014","2013-14","Premier League — Goal-line technology history","https://www.premierleague.com/en/news/60519","Hawk-Eye introduced 2013-14; initial stadium tests Fulham Craven Cottage 2006-07.","2026-10-07"
"premier_league_v2_188","hard600","match:westham2006:spurswinner",,"من سجل هدف وست هام المتأخر الذي حسم الفوز على توتنهام في اليوم الأخير لموسم 2005-2006؟","Who scored West Ham's late winner against Tottenham on the final day of 2005-06?","يوسي بن عيون","Yossi Benayoun","Premier League — Final-day moments","https://www.premierleague.com/en/news/4316018/the-best-final-day-moments-in-premier-league-history","Spurs 2006 illness called Lasagne-gate but food cause only suspected; West Ham late winner Benayoun. Jonas Gutierrez inspired Newcastle survival 2015 after overcoming cancer.","2026-10-07"
"premier_league_v2_189","hard600","match:brentford2021:firstscorer",,"من سجل أول هدف لبرينتفورد في البريميرليغ، في الفوز 2-0 على أرسنال في أغسطس 2021؟","Who scored Brentford's first Premier League goal, in the 2-0 win over Arsenal in August 2021?","سيرجي كانوس","Sergi Canos","Premier League — Brentford debut win","https://www.premierleague.com/en/news/2170493","Thomas Frank's Brentford won debut PL match 2-0 Arsenal 2021, Canos and Norgaard scored.","2026-10-07"
"premier_league_v2_190","hard600","ceremony:liverpool2020:presenter",,"أي أسطورة لليفربول قدّم كأس البريميرليغ إلى الفريق على منصة الكوب عام 2020؟","Which Liverpool legend presented the Premier League Trophy to the team on the Kop stage in 2020?","كيني دالغليش","Kenny Dalglish","Premier League — Liverpool trophy presentation","https://www.premierleague.com/en/news/1735929","Liverpool captain Henderson received first PL trophy 2020; Dalglish presented it on Kop stage.","2026-10-07"
"premier_league_v2_191","hard600","match:dicanio2000:provider",,"من أرسل التمريرة العرضية الطويلة التي صنع منها دي كانيو هدفه المقصي الشهير أمام ويمبلدون عام 2000؟","Who delivered the long crossfield pass for Di Canio's famous scissor-kick goal against Wimbledon in 2000?","تريفور سينكلير","Trevor Sinclair","Premier League — Di Canio and Scholes volleys","https://www.premierleague.com/en/news/1648382/twenty-years-on-scholes-and-di-canios-volleys","Di Canio scissor kick West Ham Wimbledon March 2000 from Trevor Sinclair crossfield pass.","2026-10-07"
"premier_league_v2_192","hard600","match:oshea2007:anfieldwinner",,"من مدافع مانشستر يونايتد الذي سجل هدف الفوز المتأخر 1-0 في أنفيلد في مارس 2007؟","Which Manchester United defender scored the late 1-0 winner at Anfield in March 2007?","جون أوشيا","John O'Shea","Premier League — Manchester United Liverpool moments","https://www.premierleague.com/en/news/4214335/ten-memorable-moments-from-man-utd-v-liverpool","Kuyt close-range hat-trick 2011; Mata scissor-kick brace 2015; O'Shea late Anfield winner 2007; Riise free-kick 2001; Ruddock 1994 equaliser; Firmino final goal 7-0 2023; Salah opposition first Old Trafford PL hat-trick 2021. Avoid annual score grid.","2026-10-07"
"premier_league_v2_193","hard600","match:ruddock1994:equaliser",,"من سجل برأسه هدف التعادل لليفربول بعد التأخر 3-0 أمام مانشستر يونايتد في يناير 1994؟","Who headed Liverpool's equaliser after falling 3-0 behind against Manchester United in January 1994?","نيل رودوك","Neil Ruddock","Premier League — Manchester United Liverpool moments","https://www.premierleague.com/en/news/4214335/ten-memorable-moments-from-man-utd-v-liverpool","Kuyt close-range hat-trick 2011; Mata scissor-kick brace 2015; O'Shea late Anfield winner 2007; Riise free-kick 2001; Ruddock 1994 equaliser; Firmino final goal 7-0 2023; Salah opposition first Old Trafford PL hat-trick 2021. Avoid annual score grid.","2026-10-07"
"premier_league_v2_194","hard600","match:mata2015:scissorbrace",,"من سجل هدفي مانشستر يونايتد، أحدهما بمقصية، في الفوز 2-1 في أنفيلد في مارس 2015؟","Who scored both Manchester United goals, including a scissor kick, in the 2-1 win at Anfield in March 2015?","خوان ماتا","Juan Mata","Premier League — Manchester United Liverpool moments","https://www.premierleague.com/en/news/4214335/ten-memorable-moments-from-man-utd-v-liverpool","Kuyt close-range hat-trick 2011; Mata scissor-kick brace 2015; O'Shea late Anfield winner 2007; Riise free-kick 2001; Ruddock 1994 equaliser; Firmino final goal 7-0 2023; Salah opposition first Old Trafford PL hat-trick 2021. Avoid annual score grid.","2026-10-07"
"premier_league_v2_195","hard600","player:toure:perfectpenalties2018",,"أي لاعب في مانشستر سيتي كان قد سجل جميع ركلات الجزاء الـ11 التي نفذها في البريميرليغ حتى مارس 2018؟","Which Manchester City player had converted all 11 of his Premier League penalties by March 2018?","يايا توريه","Yaya Toure","Premier League — Penalty strike rates","https://www.premierleague.com/en/news/649178","Yaya Toure converted all 11 PL penalties as of March 2018; Le Tissier Southampton 25 of 26. Historical scope fixed, no present rankings inferred.","2026-10-07"
"premier_league_v2_196","hard600","coach:arsenal2019:interim",,"من تولّى تدريب أرسنال مؤقتاً بين رحيل أوناي إيمري وتعيين ميكيل أرتيتا في 2019؟","Who managed Arsenal temporarily between Unai Emery's departure and Mikel Arteta's appointment in 2019?","فريدي ليونغبرغ","Freddie Ljungberg","Premier League — 2019-20 season review","https://www.premierleague.com/en/news/1751648","COVID-19 interrupted season; Bruno Fernandes Portuguese signed from Sporting; Arteta followed interim Ljungberg; Chris Wilder Sheffield United ninth; Ralph Hasenhuttl Southampton recovery after 9-0.","2026-10-07"
"premier_league_v2_197","hard600","coach:southampton2020:recovery",,"من مدرب ساوثهامبتون الذي قاد تعافي الفريق بعد خسارة 9-0 أمام ليستر في 2019 لينهي الموسم في المركز 11؟","Which Southampton manager led the recovery after the 9-0 loss to Leicester in 2019 to finish the season 11th?","رالف هازنهوتل","Ralph Hasenhuttl","Premier League — 2019-20 season review","https://www.premierleague.com/en/news/1751648","COVID-19 interrupted season; Bruno Fernandes Portuguese signed from Sporting; Arteta followed interim Ljungberg; Chris Wilder Sheffield United ninth; Ralph Hasenhuttl Southampton recovery after 9-0.","2026-10-07"
"premier_league_v2_198","hard600","coach:villa2020:survival",,"من قاد أستون فيلا للبقاء في البريميرليغ في اليوم الأخير لموسم 2019-2020 بتعادل 1-1 مع وست هام؟","Who managed Aston Villa's final-day Premier League survival in 2019-20 with a 1-1 draw at West Ham?","دين سميث","Dean Smith","Premier League — 2019-20 season review","https://www.premierleague.com/en/news/1751648","COVID-19 interrupted season; Bruno Fernandes Portuguese signed from Sporting; Arteta followed interim Ljungberg; Chris Wilder Sheffield United ninth; Ralph Hasenhuttl Southampton recovery after 9-0.","2026-10-07"
"premier_league_v2_199","hard600","match:howard2012:keepergoal",,"من حارس إيفرتون الذي سجل بتسديدة طويلة أمام بولتون في يناير 2012؟","Which Everton goalkeeper scored with a long kick against Bolton in January 2012?","تيم هاورد","Tim Howard","Premier League — Alisson joins scoring goalkeepers","https://www.premierleague.com/en/news/2145933/alisson-joins-goalscoring-goalkeepers-with-liverpool-winner","Alisson header Liverpool against West Brom 2021 first PL winning goalkeeper goal; Peter Schmeichel first scoring PL keeper with Aston Villa 2001; Paul Robinson Spurs long free-kick Watford 2007; Begovic Stoke 2013 against Southampton.","2026-10-07"
"premier_league_v2_200","hard600","match:begovic2013:keepergoal",,"من حارس ستوك الذي سجل أمام ساوثهامبتون بعد 13 ثانية فقط في نوفمبر 2013؟","Which Stoke goalkeeper scored against Southampton after just 13 seconds in November 2013?","أسمير بيغوفيتش","Asmir Begovic","Premier League — Alisson joins scoring goalkeepers","https://www.premierleague.com/en/news/2145933/alisson-joins-goalscoring-goalkeepers-with-liverpool-winner","Alisson header Liverpool against West Brom 2021 first PL winning goalkeeper goal; Peter Schmeichel first scoring PL keeper with Aston Villa 2001; Paul Robinson Spurs long free-kick Watford 2007; Begovic Stoke 2013 against Southampton.","2026-10-07"
"premier_league_v2_201","hard600","coach:huddersfield2017:promotion",,"من قاد هدرسفيلد تاون إلى البريميرليغ للمرة الأولى في 2017؟","Who guided Huddersfield Town to the Premier League for the first time in 2017?","ديفيد فاغنر","David Wagner","Premier League — Huddersfield promotion","https://www.premierleague.com/en/news/404277","David Wagner promotion 2017.","2026-10-07"
"premier_league_v2_202","hard600","coach:zola:plclub",,"أي نادٍ في البريميرليغ درّبه جانفرانكو زولا في موسمي 2008-2009 و2009-2010؟","Which Premier League club did Gianfranco Zola manage in 2008-09 and 2009-10?","وست هام يونايتد","West Ham United","Premier League — Zola coaching history","https://www.premierleague.com/en/news/787280","West Ham coach 2008-09 and 2009-10.","2026-10-07"
"premier_league_v2_203","hard600","coach:solskjaer:firstplclub",,"أي نادٍ كان أول محطة لأولي غونار سولشاير كمدرب في البريميرليغ عام 2014؟","Which club was Ole Gunnar Solskjaer's first Premier League managerial appointment in 2014?","كارديف سيتي","Cardiff City","Premier League — Solskjaer career","https://www.premierleague.com/en/news/948314","United signed from Molde 1996; four as substitute Forest 1999; first PL coach Cardiff 2014.","2026-10-07"
"premier_league_v2_204","hard600","match:scholes2000:cornerprovider",,"من نفّذ الركنية التي سددها بول سكولز مباشرة لهدفه الشهير أمام برادفورد في مارس 2000؟","Who took the corner that Paul Scholes volleyed directly for his famous goal against Bradford in March 2000?","ديفيد بيكهام","David Beckham","Premier League — Di Canio and Scholes volleys","https://www.premierleague.com/en/news/1648382/twenty-years-on-scholes-and-di-canios-volleys","Di Canio scissor kick West Ham Wimbledon March 2000 from Trevor Sinclair crossfield pass.","2026-10-07"
