"pair","hash","decision","reason"
"saudi_music_v2_080/saudi_general_v2_032","1cb5909be475add8ec7f23cc0cbd5b73c0cf79f956e8cb1521a534573f402ce8","distinct","Assistant inspected artist:tariq:deannickname: Which Saudi composer is known as the Dean of Saudi Art? (Tariq Abdulhakim) against music:abdu:title: Which Saudi singer is known as the Artist of the Arabs? (Mohammed Abdu). These identify different works, different institutions or different artist attributes. The review excluded the protected Zaman Al Samt performer and Wardak Ya Zare Al Ward first-radio-song facts while authoring. Different song credits, artist instruments, labels, collaborators and musical genres remain separate relations; no retained pair asks the same relation about the same entity."
"saudi_music_v2_173/saudi_general_v2_030","d973df0ee22d2ced4993c934a4f2d6bb7e4048c5d92a84651223d0963dc4cff6","distinct","Assistant inspected artist:toha:birthname: What is the birth name of the Saudi singer known as Toha? (Fathiya Hassan Yahya) against culture:ithra:fullname: What is the full name of the Saudi cultural center known as Ithra? (King Abdulaziz Center for World Culture). These identify different works, different institutions or different artist attributes. The review excluded the protected Zaman Al Samt performer and Wardak Ya Zare Al Ward first-radio-song facts while authoring. Different song credits, artist instruments, labels, collaborators and musical genres remain separate relations; no retained pair asks the same relation about the same entity."
"saudi_music_v2_173/saudi_general_v2_032","98672138a415c8bff3526b58619cad54b30214ca3d954c103ccc40b42e95202d","distinct","Assistant inspected artist:toha:birthname: What is the birth name of the Saudi singer known as Toha? (Fathiya Hassan Yahya) against music:abdu:title: Which Saudi singer is known as the Artist of the Arabs? (Mohammed Abdu). These identify different works, different institutions or different artist attributes. The review excluded the protected Zaman Al Samt performer and Wardak Ya Zare Al Ward first-radio-song facts while authoring. Different song credits, artist instruments, labels, collaborators and musical genres remain separate relations; no retained pair asks the same relation about the same entity."
"saudi_music_v2_198/saudi_general_v2_030","63c5a8c0e6a8ef9d9f1f4c624a6fc7562aa969fdc82dc4f95a3e3bb296baa443","distinct","Assistant inspected artist:omar:birthname: What is the birth name of the Saudi composer known as Omar Kedres? (Omar Nuh Fallatah) against culture:ithra:fullname: What is the full name of the Saudi cultural center known as Ithra? (King Abdulaziz Center for World Culture). These identify different works, different institutions or different artist attributes. The review excluded the protected Zaman Al Samt performer and Wardak Ya Zare Al Ward first-radio-song facts while authoring. Different song credits, artist instruments, labels, collaborators and musical genres remain separate relations; no retained pair asks the same relation about the same entity."
"saudi_music_v2_002/emirati_music_v2_044","0ec533dd69e501aed4faa83682196481589256f4d42b8f56789454f278391472","distinct","Assistant inspected song:ikhtalafna:singer: Which Saudi singer performs Ikhtalafna? (Mohammed Abdu) against song:fakadtek:singer: Which Emirati singer performed Fakadtak? (Hussain Al Jassmi). These identify different works, different institutions or different artist attributes. The review excluded the protected Zaman Al Samt performer and Wardak Ya Zare Al Ward first-radio-song facts while authoring. Different song credits, artist instruments, labels, collaborators and musical genres remain separate relations; no retained pair asks the same relation about the same entity."
"saudi_music_v2_007/emirati_music_v2_049","af15468a162ce59511b11259ac990e9ec1ea736c38cbbade21fc898ba959b2b4","distinct","Assistant inspected song:kathamumkin:singer: Which Saudi female singer performs Katha Mumkin? (Dalia Mubarak) against song:diplomacy:singer: Which female singer performed Diplomacy? (Balqees). These identify different works, different institutions or different artist attributes. The review excluded the protected Zaman Al Samt performer and Wardak Ya Zare Al Ward first-radio-song facts while authoring. Different song credits, artist instruments, labels, collaborators and musical genres remain separate relations; no retained pair asks the same relation about the same entity."
"saudi_music_v2_010/emirati_music_v2_044","c609c272b7f7d970495b723bf3b6d8c2b976dd70bc38ea65fe075f0edfcccf51","distinct","Assistant inspected song:azzah:singer: Which Saudi singer performs Azzah? (Rashed Al Fares) against song:fakadtek:singer: Which Emirati singer performed Fakadtak? (Hussain Al Jassmi). These identify different works, different institutions or different artist attributes. The review excluded the protected Zaman Al Samt performer and Wardak Ya Zare Al Ward first-radio-song facts while authoring. Different song credits, artist instruments, labels, collaborators and musical genres remain separate relations; no retained pair asks the same relation about the same entity."
"saudi_music_v2_015/emirati_music_v2_049","89acefd4a3ae0ad99de4d2a65515593c2117813473d326554cdc6860c07944b0","distinct","Assistant inspected song:wardabaida:singer: Which Saudi female singer performs Elwarda Elbaida? (Zena Emad) against song:diplomacy:singer: Which female singer performed Diplomacy? (Balqees). These identify different works, different institutions or different artist attributes. The review excluded the protected Zaman Al Samt performer and Wardak Ya Zare Al Ward first-radio-song facts while authoring. Different song credits, artist instruments, labels, collaborators and musical genres remain separate relations; no retained pair asks the same relation about the same entity."
"saudi_music_v2_023/emirati_music_v2_044","9b12c45297a385467b80c5917a53014a0a76e7e01e1049518fbc0c97dfd348d9","distinct","Assistant inspected song:aghrab:singer: Which Saudi singer performs Aghrab? (Talal Maddah) against song:fakadtek:singer: Which Emirati singer performed Fakadtak? (Hussain Al Jassmi). These identify different works, different institutions or different artist attributes. The review excluded the protected Zaman Al Samt performer and Wardak Ya Zare Al Ward first-radio-song facts while authoring. Different song credits, artist instruments, labels, collaborators and musical genres remain separate relations; no retained pair asks the same relation about the same entity."
"saudi_music_v2_034/emirati_music_v2_044","54c1b88ecbf86e9c24fbfefcbe0a3d27ff83dc6620a8390c21c8a93e2ddbca90","distinct","Assistant inspected song:nadet:singer: Which Saudi singer performs Nadet? (Abbas Ibrahim) against song:fakadtek:singer: Which Emirati singer performed Fakadtak? (Hussain Al Jassmi). These identify different works, different institutions or different artist attributes. The review excluded the protected Zaman Al Samt performer and Wardak Ya Zare Al Ward first-radio-song facts while authoring. Different song credits, artist instruments, labels, collaborators and musical genres remain separate relations; no retained pair asks the same relation about the same entity."
"saudi_music_v2_039/emirati_music_v2_044","9aef101c704a969c65a378706190eb316e4a48e2a6fcddbfb29ba7a624f0c0bc","distinct","Assistant inspected song:radinak:singer: Which Saudi singer performs Radinak? (Talal Salamah) against song:fakadtek:singer: Which Emirati singer performed Fakadtak? (Hussain Al Jassmi). These identify different works, different institutions or different artist attributes. The review excluded the protected Zaman Al Samt performer and Wardak Ya Zare Al Ward first-radio-song facts while authoring. Different song credits, artist instruments, labels, collaborators and musical genres remain separate relations; no retained pair asks the same relation about the same entity."
"saudi_music_v2_041/emirati_music_v2_045","c60ca733adc13a8a4128fecfc8a82659fe35971652f2d08a6ab9eb468ffd8709","distinct","Assistant inspected song:rasayel:singer: Who sings Al Rasayel? (Mohammed Abdu) against song:hamadtezaal:singer: Who sings Tezaal W Aradeek? (Hamad Al Ameri). These identify different works, different institutions or different artist attributes. The review excluded the protected Zaman Al Samt performer and Wardak Ya Zare Al Ward first-radio-song facts while authoring. Different song credits, artist instruments, labels, collaborators and musical genres remain separate relations; no retained pair asks the same relation about the same entity."
"saudi_music_v2_046/emirati_music_v2_044","e0c0879afae37f3ac6d8f2be00745339876351aa4ce9184a0504fa91037cec0a","distinct","Assistant inspected song:allamtni:singer: Which Saudi singer performs Allamtni? (Rashed Al Majid) against song:fakadtek:singer: Which Emirati singer performed Fakadtak? (Hussain Al Jassmi). These identify different works, different institutions or different artist attributes. The review excluded the protected Zaman Al Samt performer and Wardak Ya Zare Al Ward first-radio-song facts while authoring. Different song credits, artist instruments, labels, collaborators and musical genres remain separate relations; no retained pair asks the same relation about the same entity."
"saudi_music_v2_047/emirati_music_v2_044","ae2b1206d2ec051d8fa619d512424cdda3e58875f0a18934f2b9d6952d772cdf","distinct","Assistant inspected song:tahamaltak:singer: Which Saudi singer performs Tahamaltak? (Rabeh Saqer) against song:fakadtek:singer: Which Emirati singer performed Fakadtak? (Hussain Al Jassmi). These identify different works, different institutions or different artist attributes. The review excluded the protected Zaman Al Samt performer and Wardak Ya Zare Al Ward first-radio-song facts while authoring. Different song credits, artist instruments, labels, collaborators and musical genres remain separate relations; no retained pair asks the same relation about the same entity."
"saudi_music_v2_048/emirati_music_v2_049","3eb098544132c62c0932707753098e4bc603ef9cba8d04243c29169e7a1d11df","distinct","Assistant inspected song:etjammal:singer: Which Saudi female singer performs Etjammal Lenafsi? (Dalia Mubarak) against song:diplomacy:singer: Which female singer performed Diplomacy? (Balqees). These identify different works, different institutions or different artist attributes. The review excluded the protected Zaman Al Samt performer and Wardak Ya Zare Al Ward first-radio-song facts while authoring. Different song credits, artist instruments, labels, collaborators and musical genres remain separate relations; no retained pair asks the same relation about the same entity."
"saudi_music_v2_053/emirati_music_v2_059","5b72df7b7833f1397785e6bce80c852d1205fed9f4e0532f4989ab4066ff2ba1","distinct","Assistant inspected song:faman:singer: Which Saudi singer performs the 2016 release Faman Allah? (Ayed) against song:qahwawadaa:singer: Who sang the 2016 song Qahwat Wadaa? (Hussain Al Jassmi). These identify different works, different institutions or different artist attributes. The review excluded the protected Zaman Al Samt performer and Wardak Ya Zare Al Ward first-radio-song facts while authoring. Different song credits, artist instruments, labels, collaborators and musical genres remain separate relations; no retained pair asks the same relation about the same entity."
"saudi_music_v2_054/emirati_music_v2_044","c4a777643f2cb76fbd4de8fbe7e8f8f0a9a7df4ab366de4b23dbaa218290faf9","distinct","Assistant inspected song:minkobraha:singer: Which Saudi singer performs Min Kobraha? (Rabeh Saqer) against song:fakadtek:singer: Which Emirati singer performed Fakadtak? (Hussain Al Jassmi). These identify different works, different institutions or different artist attributes. The review excluded the protected Zaman Al Samt performer and Wardak Ya Zare Al Ward first-radio-song facts while authoring. Different song credits, artist instruments, labels, collaborators and musical genres remain separate relations; no retained pair asks the same relation about the same entity."
"saudi_music_v2_055/emirati_music_v2_049","560a1a4249fc7e71a75980786992d85c299d55c50cb137a92b0053e333cb6d2e","distinct","Assistant inspected song:lataht:singer: Which Saudi female singer performs La Taht? (Dalia Mubarak) against song:diplomacy:singer: Which female singer performed Diplomacy? (Balqees). These identify different works, different institutions or different artist attributes. The review excluded the protected Zaman Al Samt performer and Wardak Ya Zare Al Ward first-radio-song facts while authoring. Different song credits, artist instruments, labels, collaborators and musical genres remain separate relations; no retained pair asks the same relation about the same entity."
"saudi_music_v2_065/emirati_music_v2_044","0cba36e36921b0096f31eea0fa9161f69c2f783b7bd5ed38cf8d22a250833b4c","distinct","Assistant inspected song:mendala:singer: Which Saudi singer performs Men Dalaak? (Khalid Abdulrahman) against song:fakadtek:singer: Which Emirati singer performed Fakadtak? (Hussain Al Jassmi). These identify different works, different institutions or different artist attributes. The review excluded the protected Zaman Al Samt performer and Wardak Ya Zare Al Ward first-radio-song facts while authoring. Different song credits, artist instruments, labels, collaborators and musical genres remain separate relations; no retained pair asks the same relation about the same entity."
"saudi_music_v2_147/emirati_music_v2_114","4f10cdf243f681c4dba16fe9a946ff9bf3d01fe7e8a21ee012710aa5d7e16bf2","distinct","Assistant inspected song:wardabaida:lyricist: Who wrote the lyrics of Zena Emad's Elwarda Elbaida? (Amr Al Masry) against song:diplomacy:writer: Who wrote the lyrics of Balqees's Diplomacy? (Aziz El Shaafei). These identify different works, different institutions or different artist attributes. The review excluded the protected Zaman Al Samt performer and Wardak Ya Zare Al Ward first-radio-song facts while authoring. Different song credits, artist instruments, labels, collaborators and musical genres remain separate relations; no retained pair asks the same relation about the same entity."
"saudi_music_v2_147/emirati_music_v2_172","802dd01725c4086c4019ea4c904a2a80d55bbb105d804922c67118f33a13281e","distinct","Assistant inspected song:wardabaida:lyricist: Who wrote the lyrics of Zena Emad's Elwarda Elbaida? (Amr Al Masry) against song:mestaghreb:lyricist: Who wrote the lyrics of Ahlam's WeMestaghrb? (Abdulrahman Al Othman). These identify different works, different institutions or different artist attributes. The review excluded the protected Zaman Al Samt performer and Wardak Ya Zare Al Ward first-radio-song facts while authoring. Different song credits, artist instruments, labels, collaborators and musical genres remain separate relations; no retained pair asks the same relation about the same entity."
"saudi_music_v2_147/emirati_music_v2_174","37c2a1baee26a29bc1c9a367d63955c963c744e0b35273011fe33a83c7a4ea67","distinct","Assistant inspected song:wardabaida:lyricist: Who wrote the lyrics of Zena Emad's Elwarda Elbaida? (Amr Al Masry) against song:entaha:lyricist: Who wrote the lyrics of Balqees's Entaha? (Mshari Al Ibrahim). These identify different works, different institutions or different artist attributes. The review excluded the protected Zaman Al Samt performer and Wardak Ya Zare Al Ward first-radio-song facts while authoring. Different song credits, artist instruments, labels, collaborators and musical genres remain separate relations; no retained pair asks the same relation about the same entity."
"saudi_music_v2_161/emirati_music_v2_079","62a701c46050a14c5bd08ed14413b591c928f37f88fcf2c02c8b0c32a767f6ea","distinct","Assistant inspected song:montaha:lyricist: Who wrote the lyrics of Rabeh Saqer's Montaha Al Riqqa? (Mansour Al Shadi) against song:fakadtek:lyricist: Who wrote the lyrics of Hussain Al Jassmi's Fakadtak? (Faisal Al Yami). These identify different works, different institutions or different artist attributes. The review excluded the protected Zaman Al Samt performer and Wardak Ya Zare Al Ward first-radio-song facts while authoring. Different song credits, artist instruments, labels, collaborators and musical genres remain separate relations; no retained pair asks the same relation about the same entity."
"saudi_music_v2_161/emirati_music_v2_082","ad6ea8af1a9f6689113bba2f0ad6a4e847a81c123037bdf19b0e64fc4461ef19","distinct","Assistant inspected song:montaha:lyricist: Who wrote the lyrics of Rabeh Saqer's Montaha Al Riqqa? (Mansour Al Shadi) against song:ahebak:lyricist: Who wrote the lyrics of Hussain Al Jassmi's Ahebak? (Ahmad Al Sanea). These identify different works, different institutions or different artist attributes. The review excluded the protected Zaman Al Samt performer and Wardak Ya Zare Al Ward first-radio-song facts while authoring. Different song credits, artist instruments, labels, collaborators and musical genres remain separate relations; no retained pair asks the same relation about the same entity."
"saudi_music_v2_161/emirati_music_v2_180","be6a9b59988023cc2191f492a3e5b60b7c03455ccedfff21efd0f52ffafa3810","distinct","Assistant inspected song:montaha:lyricist: Who wrote the lyrics of Rabeh Saqer's Montaha Al Riqqa? (Mansour Al Shadi) against song:hazzaaljaw:writer: Who wrote the lyrics of Hazza's Al Jaw Londani? (Ali Al Khawar). These identify different works, different institutions or different artist attributes. The review excluded the protected Zaman Al Samt performer and Wardak Ya Zare Al Ward first-radio-song facts while authoring. Different song credits, artist instruments, labels, collaborators and musical genres remain separate relations; no retained pair asks the same relation about the same entity."
"saudi_music_v2_173/emirati_music_v2_141","2e6e95a0c2af7e7cdbc2ef0134a7bce0f04ebbeae244897d6ef7c095d883d45e","distinct","Assistant inspected artist:toha:birthname: What is the birth name of the Saudi singer known as Toha? (Fathiya Hassan Yahya) against artist:fafa:realname: What is the real name of the Emirati singer known as Fafa? (Fatima Bin Safwan). These identify different works, different institutions or different artist attributes. The review excluded the protected Zaman Al Samt performer and Wardak Ya Zare Al Ward first-radio-song facts while authoring. Different song credits, artist instruments, labels, collaborators and musical genres remain separate relations; no retained pair asks the same relation about the same entity."
"saudi_music_v2_180/emirati_music_v2_079","6d649463a9ace99512638ef01c2bda3533d6f137995fc5fe21c28398b26de062","distinct","Assistant inspected song:allamtni:lyricist: Who wrote the lyrics of Rashed Al Majid's Allamtni? (Talal Al Rasheed) against song:fakadtek:lyricist: Who wrote the lyrics of Hussain Al Jassmi's Fakadtak? (Faisal Al Yami). These identify different works, different institutions or different artist attributes. The review excluded the protected Zaman Al Samt performer and Wardak Ya Zare Al Ward first-radio-song facts while authoring. Different song credits, artist instruments, labels, collaborators and musical genres remain separate relations; no retained pair asks the same relation about the same entity."
"saudi_music_v2_180/emirati_music_v2_082","b1857da1c717ac2b5d734db559559c4880b1f0e6bfc128fc66fe6a27a0e70ddf","distinct","Assistant inspected song:allamtni:lyricist: Who wrote the lyrics of Rashed Al Majid's Allamtni? (Talal Al Rasheed) against song:ahebak:lyricist: Who wrote the lyrics of Hussain Al Jassmi's Ahebak? (Ahmad Al Sanea). These identify different works, different institutions or different artist attributes. The review excluded the protected Zaman Al Samt performer and Wardak Ya Zare Al Ward first-radio-song facts while authoring. Different song credits, artist instruments, labels, collaborators and musical genres remain separate relations; no retained pair asks the same relation about the same entity."
"saudi_music_v2_180/emirati_music_v2_097","63d996f69e85a5596a054a1fa9fc1c9d61e4937efb9811d533ba99d556b3e0b9","distinct","Assistant inspected song:allamtni:lyricist: Who wrote the lyrics of Rashed Al Majid's Allamtni? (Talal Al Rasheed) against song:yamarini:lyricist: Who wrote the lyrics of Eida Al Menhali's Yamarini Tarik? (Saeed Al Rumaithi). These identify different works, different institutions or different artist attributes. The review excluded the protected Zaman Al Samt performer and Wardak Ya Zare Al Ward first-radio-song facts while authoring. Different song credits, artist instruments, labels, collaborators and musical genres remain separate relations; no retained pair asks the same relation about the same entity."
"saudi_music_v2_180/emirati_music_v2_114","525a0dc14306b3da06eb732d824475cfb9ed0f8559349c0d8f5cb4b5baa347bd","distinct","Assistant inspected song:allamtni:lyricist: Who wrote the lyrics of Rashed Al Majid's Allamtni? (Talal Al Rasheed) against song:diplomacy:writer: Who wrote the lyrics of Balqees's Diplomacy? (Aziz El Shaafei). These identify different works, different institutions or different artist attributes. The review excluded the protected Zaman Al Samt performer and Wardak Ya Zare Al Ward first-radio-song facts while authoring. Different song credits, artist instruments, labels, collaborators and musical genres remain separate relations; no retained pair asks the same relation about the same entity."
"saudi_music_v2_180/emirati_music_v2_146","63ff2e3fe694be8a734400ec604820a77580f2b66c5dcfef772bf084a2d17869","distinct","Assistant inspected song:allamtni:lyricist: Who wrote the lyrics of Rashed Al Majid's Allamtni? (Talal Al Rasheed) against song:kashf:lyricist: Who wrote the lyrics of Mohamed Al Shehhi's Kashf Al Mahabba? (Ali Al Omari). These identify different works, different institutions or different artist attributes. The review excluded the protected Zaman Al Samt performer and Wardak Ya Zare Al Ward first-radio-song facts while authoring. Different song credits, artist instruments, labels, collaborators and musical genres remain separate relations; no retained pair asks the same relation about the same entity."
"saudi_music_v2_180/emirati_music_v2_148","4df32a76c4c9803ec6e5d63b4d0b79ce78d4672cb5b4a81d6b254076e3d20b7a","distinct","Assistant inspected song:allamtni:lyricist: Who wrote the lyrics of Rashed Al Majid's Allamtni? (Talal Al Rasheed) against song:dighewa:lyricist: Who wrote the lyrics of Fayez Al Saeed's Dig Hewa? (Firas Al Shathar). These identify different works, different institutions or different artist attributes. The review excluded the protected Zaman Al Samt performer and Wardak Ya Zare Al Ward first-radio-song facts while authoring. Different song credits, artist instruments, labels, collaborators and musical genres remain separate relations; no retained pair asks the same relation about the same entity."
"saudi_music_v2_180/emirati_music_v2_171","d6f9323256563f21560826dcef71f9939a6dc82c579f7823e246337a03fb6f8b","distinct","Assistant inspected song:allamtni:lyricist: Who wrote the lyrics of Rashed Al Majid's Allamtni? (Talal Al Rasheed) against song:sketanak:lyricist: Who wrote the lyrics of Mohamed Al Shehhi's Sket Anak? (Hussain Khamis). These identify different works, different institutions or different artist attributes. The review excluded the protected Zaman Al Samt performer and Wardak Ya Zare Al Ward first-radio-song facts while authoring. Different song credits, artist instruments, labels, collaborators and musical genres remain separate relations; no retained pair asks the same relation about the same entity."
"saudi_music_v2_180/emirati_music_v2_172","3d62de7891a641b7b91194d5ff008da976a9979cd6d5518ce7bae1c3ca525f06","distinct","Assistant inspected song:allamtni:lyricist: Who wrote the lyrics of Rashed Al Majid's Allamtni? (Talal Al Rasheed) against song:mestaghreb:lyricist: Who wrote the lyrics of Ahlam's WeMestaghrb? (Abdulrahman Al Othman). These identify different works, different institutions or different artist attributes. The review excluded the protected Zaman Al Samt performer and Wardak Ya Zare Al Ward first-radio-song facts while authoring. Different song credits, artist instruments, labels, collaborators and musical genres remain separate relations; no retained pair asks the same relation about the same entity."
"saudi_music_v2_180/emirati_music_v2_174","575a1c6211a8f49a39ea68bad578fd29fc9fcbcc3b0e8e0c4be3ca5715f74dfd","distinct","Assistant inspected song:allamtni:lyricist: Who wrote the lyrics of Rashed Al Majid's Allamtni? (Talal Al Rasheed) against song:entaha:lyricist: Who wrote the lyrics of Balqees's Entaha? (Mshari Al Ibrahim). These identify different works, different institutions or different artist attributes. The review excluded the protected Zaman Al Samt performer and Wardak Ya Zare Al Ward first-radio-song facts while authoring. Different song credits, artist instruments, labels, collaborators and musical genres remain separate relations; no retained pair asks the same relation about the same entity."
"saudi_music_v2_180/emirati_music_v2_175","2f9199baf10e7bf05250c9460a73908c3f007fb5b980fe0a3412763eb58192d6","distinct","Assistant inspected song:allamtni:lyricist: Who wrote the lyrics of Rashed Al Majid's Allamtni? (Talal Al Rasheed) against song:maktoum:lyricist: Who wrote the lyrics of Eida Al Menhali's Maktoum Onwani? (Ahmad Al Marri). These identify different works, different institutions or different artist attributes. The review excluded the protected Zaman Al Samt performer and Wardak Ya Zare Al Ward first-radio-song facts while authoring. Different song credits, artist instruments, labels, collaborators and musical genres remain separate relations; no retained pair asks the same relation about the same entity."
"saudi_music_v2_180/emirati_music_v2_180","6c37eb1a3d6a3d2d0bb5ba4bf0ecccfec81850658491a4228ad1b99c6b347ac2","distinct","Assistant inspected song:allamtni:lyricist: Who wrote the lyrics of Rashed Al Majid's Allamtni? (Talal Al Rasheed) against song:hazzaaljaw:writer: Who wrote the lyrics of Hazza's Al Jaw Londani? (Ali Al Khawar). These identify different works, different institutions or different artist attributes. The review excluded the protected Zaman Al Samt performer and Wardak Ya Zare Al Ward first-radio-song facts while authoring. Different song credits, artist instruments, labels, collaborators and musical genres remain separate relations; no retained pair asks the same relation about the same entity."
"saudi_music_v2_180/emirati_music_v2_181","4dd6944420678f8fba49cd02c4429b498bc4ef5be51fb53d9de3b9f5bfe38154","distinct","Assistant inspected song:allamtni:lyricist: Who wrote the lyrics of Rashed Al Majid's Allamtni? (Talal Al Rasheed) against song:fayezselfie:writer: Who wrote the lyrics of Fayez Al Saeed's 2014 Selfie? (Turki Al Sharif). These identify different works, different institutions or different artist attributes. The review excluded the protected Zaman Al Samt performer and Wardak Ya Zare Al Ward first-radio-song facts while authoring. Different song credits, artist instruments, labels, collaborators and musical genres remain separate relations; no retained pair asks the same relation about the same entity."
"saudi_music_v2_180/emirati_music_v2_190","0ecf8edfa7c98601bb2f15d56718e01cac34d623871fad1f89959fd6cbe1366f","distinct","Assistant inspected song:allamtni:lyricist: Who wrote the lyrics of Rashed Al Majid's Allamtni? (Talal Al Rasheed) against song:qahwawadaa:writer: Who wrote the lyrics of Hussain Al Jassmi's Qahwat Wadaa? (Ahmad bin Thaher). These identify different works, different institutions or different artist attributes. The review excluded the protected Zaman Al Samt performer and Wardak Ya Zare Al Ward first-radio-song facts while authoring. Different song credits, artist instruments, labels, collaborators and musical genres remain separate relations; no retained pair asks the same relation about the same entity."
"saudi_music_v2_183/emirati_music_v2_079","8b3150487b8aa7fbc81c2cb6197252b7618a7c783ecfb0647ce0107dbc8073b0","distinct","Assistant inspected song:hujja:lyricist: Who wrote the lyrics of Rashed Al Majid's Hujjat Al Ghayeb? (Badr Al Mleihi) against song:fakadtek:lyricist: Who wrote the lyrics of Hussain Al Jassmi's Fakadtak? (Faisal Al Yami). These identify different works, different institutions or different artist attributes. The review excluded the protected Zaman Al Samt performer and Wardak Ya Zare Al Ward first-radio-song facts while authoring. Different song credits, artist instruments, labels, collaborators and musical genres remain separate relations; no retained pair asks the same relation about the same entity."
"saudi_music_v2_183/emirati_music_v2_082","4a1198530ee45df8ca8a1e1d9d15dd884e92f18631ba278b616155cb17b55bca","distinct","Assistant inspected song:hujja:lyricist: Who wrote the lyrics of Rashed Al Majid's Hujjat Al Ghayeb? (Badr Al Mleihi) against song:ahebak:lyricist: Who wrote the lyrics of Hussain Al Jassmi's Ahebak? (Ahmad Al Sanea). These identify different works, different institutions or different artist attributes. The review excluded the protected Zaman Al Samt performer and Wardak Ya Zare Al Ward first-radio-song facts while authoring. Different song credits, artist instruments, labels, collaborators and musical genres remain separate relations; no retained pair asks the same relation about the same entity."
"saudi_music_v2_183/emirati_music_v2_180","11291e11d9c50ff3a235a6fe1edc72abf6ee47bfb70d23fff8cdfbfa54de0156","distinct","Assistant inspected song:hujja:lyricist: Who wrote the lyrics of Rashed Al Majid's Hujjat Al Ghayeb? (Badr Al Mleihi) against song:hazzaaljaw:writer: Who wrote the lyrics of Hazza's Al Jaw Londani? (Ali Al Khawar). These identify different works, different institutions or different artist attributes. The review excluded the protected Zaman Al Samt performer and Wardak Ya Zare Al Ward first-radio-song facts while authoring. Different song credits, artist instruments, labels, collaborators and musical genres remain separate relations; no retained pair asks the same relation about the same entity."
"saudi_music_v2_186/emirati_music_v2_079","424d7d446b7e6dfee960d13edf76e1c30077b534f54efb8adb22ad4ba1e4598d","distinct","Assistant inspected song:ikhtafat:lyricist: Who wrote the lyrics of Abadi Al Johar's Ikhtafat? (Mohammed bin Khaled) against song:fakadtek:lyricist: Who wrote the lyrics of Hussain Al Jassmi's Fakadtak? (Faisal Al Yami). These identify different works, different institutions or different artist attributes. The review excluded the protected Zaman Al Samt performer and Wardak Ya Zare Al Ward first-radio-song facts while authoring. Different song credits, artist instruments, labels, collaborators and musical genres remain separate relations; no retained pair asks the same relation about the same entity."
"saudi_music_v2_186/emirati_music_v2_082","60820bfe5077dffce28f99a20915d31389dcfc2d35e248de4ca52d02c9598e26","distinct","Assistant inspected song:ikhtafat:lyricist: Who wrote the lyrics of Abadi Al Johar's Ikhtafat? (Mohammed bin Khaled) against song:ahebak:lyricist: Who wrote the lyrics of Hussain Al Jassmi's Ahebak? (Ahmad Al Sanea). These identify different works, different institutions or different artist attributes. The review excluded the protected Zaman Al Samt performer and Wardak Ya Zare Al Ward first-radio-song facts while authoring. Different song credits, artist instruments, labels, collaborators and musical genres remain separate relations; no retained pair asks the same relation about the same entity."
"saudi_music_v2_186/emirati_music_v2_097","23dcb5310a97e86be061c123fd19ca6c4cdf4ceb7dd2bff4b69321169cd52e38","distinct","Assistant inspected song:ikhtafat:lyricist: Who wrote the lyrics of Abadi Al Johar's Ikhtafat? (Mohammed bin Khaled) against song:yamarini:lyricist: Who wrote the lyrics of Eida Al Menhali's Yamarini Tarik? (Saeed Al Rumaithi). These identify different works, different institutions or different artist attributes. The review excluded the protected Zaman Al Samt performer and Wardak Ya Zare Al Ward first-radio-song facts while authoring. Different song credits, artist instruments, labels, collaborators and musical genres remain separate relations; no retained pair asks the same relation about the same entity."
"saudi_music_v2_186/emirati_music_v2_114","1428b3829739734f1cac044a147c7f180e5c7e5195ea209eb13f06d10e39ea42","distinct","Assistant inspected song:ikhtafat:lyricist: Who wrote the lyrics of Abadi Al Johar's Ikhtafat? (Mohammed bin Khaled) against song:diplomacy:writer: Who wrote the lyrics of Balqees's Diplomacy? (Aziz El Shaafei). These identify different works, different institutions or different artist attributes. The review excluded the protected Zaman Al Samt performer and Wardak Ya Zare Al Ward first-radio-song facts while authoring. Different song credits, artist instruments, labels, collaborators and musical genres remain separate relations; no retained pair asks the same relation about the same entity."
"saudi_music_v2_186/emirati_music_v2_146","4bf31ee07bee39a04bcae39b81d7aeea875e955a90273000b0374a85ea2fa82b","distinct","Assistant inspected song:ikhtafat:lyricist: Who wrote the lyrics of Abadi Al Johar's Ikhtafat? (Mohammed bin Khaled) against song:kashf:lyricist: Who wrote the lyrics of Mohamed Al Shehhi's Kashf Al Mahabba? (Ali Al Omari). These identify different works, different institutions or different artist attributes. The review excluded the protected Zaman Al Samt performer and Wardak Ya Zare Al Ward first-radio-song facts while authoring. Different song credits, artist instruments, labels, collaborators and musical genres remain separate relations; no retained pair asks the same relation about the same entity."
"saudi_music_v2_186/emirati_music_v2_148","3a4ba290f83ab9a94d7cd4ce37faa58436144acd7908f12ddbcb06b508b21974","distinct","Assistant inspected song:ikhtafat:lyricist: Who wrote the lyrics of Abadi Al Johar's Ikhtafat? (Mohammed bin Khaled) against song:dighewa:lyricist: Who wrote the lyrics of Fayez Al Saeed's Dig Hewa? (Firas Al Shathar). These identify different works, different institutions or different artist attributes. The review excluded the protected Zaman Al Samt performer and Wardak Ya Zare Al Ward first-radio-song facts while authoring. Different song credits, artist instruments, labels, collaborators and musical genres remain separate relations; no retained pair asks the same relation about the same entity."
"saudi_music_v2_186/emirati_music_v2_171","f89b969490b6bd7aebdee14f801ef4d0acb9c32466e6772f14416746f6aba032","distinct","Assistant inspected song:ikhtafat:lyricist: Who wrote the lyrics of Abadi Al Johar's Ikhtafat? (Mohammed bin Khaled) against song:sketanak:lyricist: Who wrote the lyrics of Mohamed Al Shehhi's Sket Anak? (Hussain Khamis). These identify different works, different institutions or different artist attributes. The review excluded the protected Zaman Al Samt performer and Wardak Ya Zare Al Ward first-radio-song facts while authoring. Different song credits, artist instruments, labels, collaborators and musical genres remain separate relations; no retained pair asks the same relation about the same entity."
"saudi_music_v2_186/emirati_music_v2_172","2d976f5235338e229ea376d369d493492c21fd99ad6832e9ed601f9cc055501a","distinct","Assistant inspected song:ikhtafat:lyricist: Who wrote the lyrics of Abadi Al Johar's Ikhtafat? (Mohammed bin Khaled) against song:mestaghreb:lyricist: Who wrote the lyrics of Ahlam's WeMestaghrb? (Abdulrahman Al Othman). These identify different works, different institutions or different artist attributes. The review excluded the protected Zaman Al Samt performer and Wardak Ya Zare Al Ward first-radio-song facts while authoring. Different song credits, artist instruments, labels, collaborators and musical genres remain separate relations; no retained pair asks the same relation about the same entity."
"saudi_music_v2_186/emirati_music_v2_174","55533acb3304099d7d6dadc20112eea55d3476d6592a63b6f54d6332ac8865be","distinct","Assistant inspected song:ikhtafat:lyricist: Who wrote the lyrics of Abadi Al Johar's Ikhtafat? (Mohammed bin Khaled) against song:entaha:lyricist: Who wrote the lyrics of Balqees's Entaha? (Mshari Al Ibrahim). These identify different works, different institutions or different artist attributes. The review excluded the protected Zaman Al Samt performer and Wardak Ya Zare Al Ward first-radio-song facts while authoring. Different song credits, artist instruments, labels, collaborators and musical genres remain separate relations; no retained pair asks the same relation about the same entity."
"saudi_music_v2_186/emirati_music_v2_175","eb7d579d12215330514f11ec47718df3027c83fa7cd867dec905460c5ea162ee","distinct","Assistant inspected song:ikhtafat:lyricist: Who wrote the lyrics of Abadi Al Johar's Ikhtafat? (Mohammed bin Khaled) against song:maktoum:lyricist: Who wrote the lyrics of Eida Al Menhali's Maktoum Onwani? (Ahmad Al Marri). These identify different works, different institutions or different artist attributes. The review excluded the protected Zaman Al Samt performer and Wardak Ya Zare Al Ward first-radio-song facts while authoring. Different song credits, artist instruments, labels, collaborators and musical genres remain separate relations; no retained pair asks the same relation about the same entity."
"saudi_music_v2_186/emirati_music_v2_180","0e48bd7a6ac7b3d5e43f093758cb6f3dd0585a42943cf99a4ae1879a9f4c70d9","distinct","Assistant inspected song:ikhtafat:lyricist: Who wrote the lyrics of Abadi Al Johar's Ikhtafat? (Mohammed bin Khaled) against song:hazzaaljaw:writer: Who wrote the lyrics of Hazza's Al Jaw Londani? (Ali Al Khawar). These identify different works, different institutions or different artist attributes. The review excluded the protected Zaman Al Samt performer and Wardak Ya Zare Al Ward first-radio-song facts while authoring. Different song credits, artist instruments, labels, collaborators and musical genres remain separate relations; no retained pair asks the same relation about the same entity."
"saudi_music_v2_186/emirati_music_v2_181","552a57214cd494382f46922e54964a651cba69d51c0d179660f380fdc06c0345","distinct","Assistant inspected song:ikhtafat:lyricist: Who wrote the lyrics of Abadi Al Johar's Ikhtafat? (Mohammed bin Khaled) against song:fayezselfie:writer: Who wrote the lyrics of Fayez Al Saeed's 2014 Selfie? (Turki Al Sharif). These identify different works, different institutions or different artist attributes. The review excluded the protected Zaman Al Samt performer and Wardak Ya Zare Al Ward first-radio-song facts while authoring. Different song credits, artist instruments, labels, collaborators and musical genres remain separate relations; no retained pair asks the same relation about the same entity."
"saudi_music_v2_186/emirati_music_v2_190","25bd1f90961b0ea90f0cb6a47eccbc19bcb0308da356d996622e02ae974edfa5","distinct","Assistant inspected song:ikhtafat:lyricist: Who wrote the lyrics of Abadi Al Johar's Ikhtafat? (Mohammed bin Khaled) against song:qahwawadaa:writer: Who wrote the lyrics of Hussain Al Jassmi's Qahwat Wadaa? (Ahmad bin Thaher). These identify different works, different institutions or different artist attributes. The review excluded the protected Zaman Al Samt performer and Wardak Ya Zare Al Ward first-radio-song facts while authoring. Different song credits, artist instruments, labels, collaborators and musical genres remain separate relations; no retained pair asks the same relation about the same entity."
"saudi_music_v2_188/emirati_music_v2_114","8a6ac8c8156e4aa5b4be2bc8acad2e8ef059082fb861ebb30a147c0a6440ef9b","distinct","Assistant inspected song:minkobraha:lyricist: Who wrote the lyrics of Rabeh Saqer's Min Kobraha? (Saud Al Babtain) against song:diplomacy:writer: Who wrote the lyrics of Balqees's Diplomacy? (Aziz El Shaafei). These identify different works, different institutions or different artist attributes. The review excluded the protected Zaman Al Samt performer and Wardak Ya Zare Al Ward first-radio-song facts while authoring. Different song credits, artist instruments, labels, collaborators and musical genres remain separate relations; no retained pair asks the same relation about the same entity."
"saudi_music_v2_188/emirati_music_v2_172","e06e8ad9f213a6a988a29bb3ac93fb7b4e200a7dd0cb393b0712c250c85fb6d2","distinct","Assistant inspected song:minkobraha:lyricist: Who wrote the lyrics of Rabeh Saqer's Min Kobraha? (Saud Al Babtain) against song:mestaghreb:lyricist: Who wrote the lyrics of Ahlam's WeMestaghrb? (Abdulrahman Al Othman). These identify different works, different institutions or different artist attributes. The review excluded the protected Zaman Al Samt performer and Wardak Ya Zare Al Ward first-radio-song facts while authoring. Different song credits, artist instruments, labels, collaborators and musical genres remain separate relations; no retained pair asks the same relation about the same entity."
"saudi_music_v2_188/emirati_music_v2_174","d05783c47f33e55f8278ca45c41137505119eeceb38871409421f5a85709e5ae","distinct","Assistant inspected song:minkobraha:lyricist: Who wrote the lyrics of Rabeh Saqer's Min Kobraha? (Saud Al Babtain) against song:entaha:lyricist: Who wrote the lyrics of Balqees's Entaha? (Mshari Al Ibrahim). These identify different works, different institutions or different artist attributes. The review excluded the protected Zaman Al Samt performer and Wardak Ya Zare Al Ward first-radio-song facts while authoring. Different song credits, artist instruments, labels, collaborators and musical genres remain separate relations; no retained pair asks the same relation about the same entity."
"saudi_music_v2_002/gulf_music_v2_002","19dfa250843b5ec96b5098c4490291863d318fbcf9f8f556dccbbb7c42d44b33","distinct","Assistant inspected song:ikhtalafna:singer: Which Saudi singer performs Ikhtalafna? (Mohammed Abdu) against song:iyar:singer: Which Omani singer performs Iyar? (Salah Al Zadjali). These identify different works, different institutions or different artist attributes. The review excluded the protected Zaman Al Samt performer and Wardak Ya Zare Al Ward first-radio-song facts while authoring. Different song credits, artist instruments, labels, collaborators and musical genres remain separate relations; no retained pair asks the same relation about the same entity."
"saudi_music_v2_002/gulf_music_v2_015","5e43aa6c7a281cfef88dfc1984712b21f248c849e83829cb685cbbc799962b03","distinct","Assistant inspected song:ikhtalafna:singer: Which Saudi singer performs Ikhtalafna? (Mohammed Abdu) against song:alamaken:singer: Which singer performs Al Amaken? (Mohammed Abdu). These identify different works, different institutions or different artist attributes. The review excluded the protected Zaman Al Samt performer and Wardak Ya Zare Al Ward first-radio-song facts while authoring. Different song credits, artist instruments, labels, collaborators and musical genres remain separate relations; no retained pair asks the same relation about the same entity."
"saudi_music_v2_002/gulf_music_v2_016","6b3007f5a749932e073b32a3b9538f9f6f21088819b30ce71903f4a22f6f7b19","distinct","Assistant inspected song:ikhtalafna:singer: Which Saudi singer performs Ikhtalafna? (Mohammed Abdu) against song:yabadahom:singer: Which singer performs Ya Badohom? (Abdul Majeed Abdullah). These identify different works, different institutions or different artist attributes. The review excluded the protected Zaman Al Samt performer and Wardak Ya Zare Al Ward first-radio-song facts while authoring. Different song credits, artist instruments, labels, collaborators and musical genres remain separate relations; no retained pair asks the same relation about the same entity."
"saudi_music_v2_002/gulf_music_v2_017","ffa0bb6119205c50c0b7e6c2b49b3d047c059c31984f4482ecac5b5cbbf1c855","distinct","Assistant inspected song:ikhtalafna:singer: Which Saudi singer performs Ikhtalafna? (Mohammed Abdu) against song:rahalty:singer: Which Kuwaiti singer performs Rahalty? (Abdullah Al Rowaished). These identify different works, different institutions or different artist attributes. The review excluded the protected Zaman Al Samt performer and Wardak Ya Zare Al Ward first-radio-song facts while authoring. Different song credits, artist instruments, labels, collaborators and musical genres remain separate relations; no retained pair asks the same relation about the same entity."
"saudi_music_v2_002/gulf_music_v2_022","5a6cd3f21bdb7cb7dcb5fab3e31a6b39eb1ebb5498e8ab1e640b9fd41423a54a","distinct","Assistant inspected song:ikhtalafna:singer: Which Saudi singer performs Ikhtalafna? (Mohammed Abdu) against song:sheratan:singer: Which singer performs Sheratan Al Thahab? (Rashed Al Majid). These identify different works, different institutions or different artist attributes. The review excluded the protected Zaman Al Samt performer and Wardak Ya Zare Al Ward first-radio-song facts while authoring. Different song credits, artist instruments, labels, collaborators and musical genres remain separate relations; no retained pair asks the same relation about the same entity."
"saudi_music_v2_002/gulf_music_v2_037","4959dc3344683c3145116d792a1abb8c301f42a1e1d83df1ab20f2908534dd0c","distinct","Assistant inspected song:ikhtalafna:singer: Which Saudi singer performs Ikhtalafna? (Mohammed Abdu) against song:duniaalwalah:singer: Which singer recorded Dunia Al Walah? (Abdullah Al Rowaished). These identify different works, different institutions or different artist attributes. The review excluded the protected Zaman Al Samt performer and Wardak Ya Zare Al Ward first-radio-song facts while authoring. Different song credits, artist instruments, labels, collaborators and musical genres remain separate relations; no retained pair asks the same relation about the same entity."
"saudi_music_v2_002/gulf_music_v2_052","ce7fec76afc9c6e17855994ad379a30d8744443f5efd4f0f1c91e8286262277c","distinct","Assistant inspected song:ikhtalafna:singer: Which Saudi singer performs Ikhtalafna? (Mohammed Abdu) against song:mozhela:singer: Which singer recorded Mozhela? (Mohammed Abdu). These identify different works, different institutions or different artist attributes. The review excluded the protected Zaman Al Samt performer and Wardak Ya Zare Al Ward first-radio-song facts while authoring. Different song credits, artist instruments, labels, collaborators and musical genres remain separate relations; no retained pair asks the same relation about the same entity."
"saudi_music_v2_002/gulf_music_v2_056","db30ab6d79f2782dbd075012359a282ac76f10b93f075c6dffbb3ae00654a2c4","distinct","Assistant inspected song:ikhtalafna:singer: Which Saudi singer performs Ikhtalafna? (Mohammed Abdu) against song:qalootara:singer: Which singer recorded Qaloo Tara? (Abadi Al Johar). These identify different works, different institutions or different artist attributes. The review excluded the protected Zaman Al Samt performer and Wardak Ya Zare Al Ward first-radio-song facts while authoring. Different song credits, artist instruments, labels, collaborators and musical genres remain separate relations; no retained pair asks the same relation about the same entity."
"saudi_music_v2_002/gulf_music_v2_066","4972ec183414b24ed0efeb53bf2ef959164b9ed6d61eedbdee15a818131fffaa","distinct","Assistant inspected song:ikhtalafna:singer: Which Saudi singer performs Ikhtalafna? (Mohammed Abdu) against song:tenadeek:singer: Which singer recorded Tenadeek? (Majid Al Mohandis). These identify different works, different institutions or different artist attributes. The review excluded the protected Zaman Al Samt performer and Wardak Ya Zare Al Ward first-radio-song facts while authoring. Different song credits, artist instruments, labels, collaborators and musical genres remain separate relations; no retained pair asks the same relation about the same entity."
"saudi_music_v2_003/gulf_music_v2_015","60952b3dacb84a0f0661be3865c3f02539d39215f4e826e4406d6a8592f4d273","distinct","Assistant inspected song:roohitehebbek:singer: Which Saudi singer performs Roohi Tehebbek? (Abdul Majeed Abdullah) against song:alamaken:singer: Which singer performs Al Amaken? (Mohammed Abdu). These identify different works, different institutions or different artist attributes. The review excluded the protected Zaman Al Samt performer and Wardak Ya Zare Al Ward first-radio-song facts while authoring. Different song credits, artist instruments, labels, collaborators and musical genres remain separate relations; no retained pair asks the same relation about the same entity."
"saudi_music_v2_003/gulf_music_v2_052","a47c896304f4f3e8ef486912844c39fdbd2306d495b62a13234920829c8d797d","distinct","Assistant inspected song:roohitehebbek:singer: Which Saudi singer performs Roohi Tehebbek? (Abdul Majeed Abdullah) against song:mozhela:singer: Which singer recorded Mozhela? (Mohammed Abdu). These identify different works, different institutions or different artist attributes. The review excluded the protected Zaman Al Samt performer and Wardak Ya Zare Al Ward first-radio-song facts while authoring. Different song credits, artist instruments, labels, collaborators and musical genres remain separate relations; no retained pair asks the same relation about the same entity."
"saudi_music_v2_003/gulf_music_v2_066","636251151e9f3b069d9a443db3eed6a2bb0c0c6a4e011a2660e3fca6a0f7ce6b","distinct","Assistant inspected song:roohitehebbek:singer: Which Saudi singer performs Roohi Tehebbek? (Abdul Majeed Abdullah) against song:tenadeek:singer: Which singer recorded Tenadeek? (Majid Al Mohandis). These identify different works, different institutions or different artist attributes. The review excluded the protected Zaman Al Samt performer and Wardak Ya Zare Al Ward first-radio-song facts while authoring. Different song credits, artist instruments, labels, collaborators and musical genres remain separate relations; no retained pair asks the same relation about the same entity."
"saudi_music_v2_010/gulf_music_v2_002","d8e0c62c23350ab8af74fb850d87c23e42eb4aa196b7cc9570b841305fc60152","distinct","Assistant inspected song:azzah:singer: Which Saudi singer performs Azzah? (Rashed Al Fares) against song:iyar:singer: Which Omani singer performs Iyar? (Salah Al Zadjali). These identify different works, different institutions or different artist attributes. The review excluded the protected Zaman Al Samt performer and Wardak Ya Zare Al Ward first-radio-song facts while authoring. Different song credits, artist instruments, labels, collaborators and musical genres remain separate relations; no retained pair asks the same relation about the same entity."
"saudi_music_v2_010/gulf_music_v2_015","614785faf3f6c9c9437f282c05192c4ac065c14b55dcb145f5b9f0a0ff593075","distinct","Assistant inspected song:azzah:singer: Which Saudi singer performs Azzah? (Rashed Al Fares) against song:alamaken:singer: Which singer performs Al Amaken? (Mohammed Abdu). These identify different works, different institutions or different artist attributes. The review excluded the protected Zaman Al Samt performer and Wardak Ya Zare Al Ward first-radio-song facts while authoring. Different song credits, artist instruments, labels, collaborators and musical genres remain separate relations; no retained pair asks the same relation about the same entity."
"saudi_music_v2_010/gulf_music_v2_016","c37c6dcd43a81d0ad4c2e96854d93f871dd6be7752c2bda8b693b17e4fe0a650","distinct","Assistant inspected song:azzah:singer: Which Saudi singer performs Azzah? (Rashed Al Fares) against song:yabadahom:singer: Which singer performs Ya Badohom? (Abdul Majeed Abdullah). These identify different works, different institutions or different artist attributes. The review excluded the protected Zaman Al Samt performer and Wardak Ya Zare Al Ward first-radio-song facts while authoring. Different song credits, artist instruments, labels, collaborators and musical genres remain separate relations; no retained pair asks the same relation about the same entity."
"saudi_music_v2_010/gulf_music_v2_017","302e8481489a4820c0b3ca75a4696eacc0c2b36e82d28687d2480e9531a0aaed","distinct","Assistant inspected song:azzah:singer: Which Saudi singer performs Azzah? (Rashed Al Fares) against song:rahalty:singer: Which Kuwaiti singer performs Rahalty? (Abdullah Al Rowaished). These identify different works, different institutions or different artist attributes. The review excluded the protected Zaman Al Samt performer and Wardak Ya Zare Al Ward first-radio-song facts while authoring. Different song credits, artist instruments, labels, collaborators and musical genres remain separate relations; no retained pair asks the same relation about the same entity."
"saudi_music_v2_010/gulf_music_v2_022","f0d38134950fc64327e3b7ceec46c5c998baa983352a8727d6d4ad2765a5612d","distinct","Assistant inspected song:azzah:singer: Which Saudi singer performs Azzah? (Rashed Al Fares) against song:sheratan:singer: Which singer performs Sheratan Al Thahab? (Rashed Al Majid). These identify different works, different institutions or different artist attributes. The review excluded the protected Zaman Al Samt performer and Wardak Ya Zare Al Ward first-radio-song facts while authoring. Different song credits, artist instruments, labels, collaborators and musical genres remain separate relations; no retained pair asks the same relation about the same entity."
"saudi_music_v2_010/gulf_music_v2_037","27ac27275d239f1cce3fae9e1b7cbe2d2bc7fb27d5852a015fa44d7f76c70501","distinct","Assistant inspected song:azzah:singer: Which Saudi singer performs Azzah? (Rashed Al Fares) against song:duniaalwalah:singer: Which singer recorded Dunia Al Walah? (Abdullah Al Rowaished). These identify different works, different institutions or different artist attributes. The review excluded the protected Zaman Al Samt performer and Wardak Ya Zare Al Ward first-radio-song facts while authoring. Different song credits, artist instruments, labels, collaborators and musical genres remain separate relations; no retained pair asks the same relation about the same entity."
"saudi_music_v2_010/gulf_music_v2_052","07466a20fdef9ecd563ca37fa7b27f91bec09ddafab8e647a651f3825472fbab","distinct","Assistant inspected song:azzah:singer: Which Saudi singer performs Azzah? (Rashed Al Fares) against song:mozhela:singer: Which singer recorded Mozhela? (Mohammed Abdu). These identify different works, different institutions or different artist attributes. The review excluded the protected Zaman Al Samt performer and Wardak Ya Zare Al Ward first-radio-song facts while authoring. Different song credits, artist instruments, labels, collaborators and musical genres remain separate relations; no retained pair asks the same relation about the same entity."
"saudi_music_v2_010/gulf_music_v2_056","51f2a9fb5ee2801be1636be5b5890f264c79caeca1399a4d29925ae8b0b62771","distinct","Assistant inspected song:azzah:singer: Which Saudi singer performs Azzah? (Rashed Al Fares) against song:qalootara:singer: Which singer recorded Qaloo Tara? (Abadi Al Johar). These identify different works, different institutions or different artist attributes. The review excluded the protected Zaman Al Samt performer and Wardak Ya Zare Al Ward first-radio-song facts while authoring. Different song credits, artist instruments, labels, collaborators and musical genres remain separate relations; no retained pair asks the same relation about the same entity."
"saudi_music_v2_010/gulf_music_v2_066","cebbf024f4ff4a48be80b1463002161611daa17c6178df1d85e40cff4794c722","distinct","Assistant inspected song:azzah:singer: Which Saudi singer performs Azzah? (Rashed Al Fares) against song:tenadeek:singer: Which singer recorded Tenadeek? (Majid Al Mohandis). These identify different works, different institutions or different artist attributes. The review excluded the protected Zaman Al Samt performer and Wardak Ya Zare Al Ward first-radio-song facts while authoring. Different song credits, artist instruments, labels, collaborators and musical genres remain separate relations; no retained pair asks the same relation about the same entity."
"saudi_music_v2_011/gulf_music_v2_013","022c5c4bc1f690ca2d5199cd2e03acd0ae6c0741467fb4d9413a5d9ac13e0b8e","distinct","Assistant inspected song:ytayeb:singer: Which Saudi singer performs Ya Tayeb Alqalb? (Abdul Majeed Abdullah) against song:yashams:singer: Which Kuwaiti singer performs Ya Shams? (Nabeel Shuail). These identify different works, different institutions or different artist attributes. The review excluded the protected Zaman Al Samt performer and Wardak Ya Zare Al Ward first-radio-song facts while authoring. Different song credits, artist instruments, labels, collaborators and musical genres remain separate relations; no retained pair asks the same relation about the same entity."
"saudi_music_v2_011/gulf_music_v2_016","cd13aa72941f82ccb3ae301c36b5c0b8786b87f0978eec6bece4732adee031af","distinct","Assistant inspected song:ytayeb:singer: Which Saudi singer performs Ya Tayeb Alqalb? (Abdul Majeed Abdullah) against song:yabadahom:singer: Which singer performs Ya Badohom? (Abdul Majeed Abdullah). These identify different works, different institutions or different artist attributes. The review excluded the protected Zaman Al Samt performer and Wardak Ya Zare Al Ward first-radio-song facts while authoring. Different song credits, artist instruments, labels, collaborators and musical genres remain separate relations; no retained pair asks the same relation about the same entity."
"saudi_music_v2_013/gulf_music_v2_015","f822e819695ab5d77654bf8da2c9ff3a56daadc168c24417a2fa7b1e5b71e458","distinct","Assistant inspected song:feztbek:singer: Which Saudi singer performs Fezt Bek? (Sultan Al Murshed) against song:alamaken:singer: Which singer performs Al Amaken? (Mohammed Abdu). These identify different works, different institutions or different artist attributes. The review excluded the protected Zaman Al Samt performer and Wardak Ya Zare Al Ward first-radio-song facts while authoring. Different song credits, artist instruments, labels, collaborators and musical genres remain separate relations; no retained pair asks the same relation about the same entity."
"saudi_music_v2_013/gulf_music_v2_052","6ba4cada2921bcb5fa4776c1b7c707545efc04dc6462b6b641197ac94349f439","distinct","Assistant inspected song:feztbek:singer: Which Saudi singer performs Fezt Bek? (Sultan Al Murshed) against song:mozhela:singer: Which singer recorded Mozhela? (Mohammed Abdu). These identify different works, different institutions or different artist attributes. The review excluded the protected Zaman Al Samt performer and Wardak Ya Zare Al Ward first-radio-song facts while authoring. Different song credits, artist instruments, labels, collaborators and musical genres remain separate relations; no retained pair asks the same relation about the same entity."
"saudi_music_v2_013/gulf_music_v2_066","43c26077ad2f5523d87a495430da882e35d3dac7e4dfc12fa8038fb57a56a381","distinct","Assistant inspected song:feztbek:singer: Which Saudi singer performs Fezt Bek? (Sultan Al Murshed) against song:tenadeek:singer: Which singer recorded Tenadeek? (Majid Al Mohandis). These identify different works, different institutions or different artist attributes. The review excluded the protected Zaman Al Samt performer and Wardak Ya Zare Al Ward first-radio-song facts while authoring. Different song credits, artist instruments, labels, collaborators and musical genres remain separate relations; no retained pair asks the same relation about the same entity."
"saudi_music_v2_023/gulf_music_v2_002","38716820741d57216ea39eb4f579f42b7e5b252b6c7d4490e9d03848ff42cbb1","distinct","Assistant inspected song:aghrab:singer: Which Saudi singer performs Aghrab? (Talal Maddah) against song:iyar:singer: Which Omani singer performs Iyar? (Salah Al Zadjali). These identify different works, different institutions or different artist attributes. The review excluded the protected Zaman Al Samt performer and Wardak Ya Zare Al Ward first-radio-song facts while authoring. Different song credits, artist instruments, labels, collaborators and musical genres remain separate relations; no retained pair asks the same relation about the same entity."
"saudi_music_v2_023/gulf_music_v2_015","0e20c070bc6180ad97cdd0c0e399b5063149fb4fb4e7464b6bfb491f685a38eb","distinct","Assistant inspected song:aghrab:singer: Which Saudi singer performs Aghrab? (Talal Maddah) against song:alamaken:singer: Which singer performs Al Amaken? (Mohammed Abdu). These identify different works, different institutions or different artist attributes. The review excluded the protected Zaman Al Samt performer and Wardak Ya Zare Al Ward first-radio-song facts while authoring. Different song credits, artist instruments, labels, collaborators and musical genres remain separate relations; no retained pair asks the same relation about the same entity."
"saudi_music_v2_023/gulf_music_v2_016","32ea9e0d698050c6b65f814a7713061449e64a4d1ad258d1c792a50953d80444","distinct","Assistant inspected song:aghrab:singer: Which Saudi singer performs Aghrab? (Talal Maddah) against song:yabadahom:singer: Which singer performs Ya Badohom? (Abdul Majeed Abdullah). These identify different works, different institutions or different artist attributes. The review excluded the protected Zaman Al Samt performer and Wardak Ya Zare Al Ward first-radio-song facts while authoring. Different song credits, artist instruments, labels, collaborators and musical genres remain separate relations; no retained pair asks the same relation about the same entity."
"saudi_music_v2_023/gulf_music_v2_017","3fcc29de153f3e887debe5cc770da9fc4e9b11c579d6cea7f4111f14f80c0c34","distinct","Assistant inspected song:aghrab:singer: Which Saudi singer performs Aghrab? (Talal Maddah) against song:rahalty:singer: Which Kuwaiti singer performs Rahalty? (Abdullah Al Rowaished). These identify different works, different institutions or different artist attributes. The review excluded the protected Zaman Al Samt performer and Wardak Ya Zare Al Ward first-radio-song facts while authoring. Different song credits, artist instruments, labels, collaborators and musical genres remain separate relations; no retained pair asks the same relation about the same entity."
"saudi_music_v2_023/gulf_music_v2_022","a489be25233ca3d15fd053647a1663e154aa9fd9f8be1ad2b28d790d59ccdddf","distinct","Assistant inspected song:aghrab:singer: Which Saudi singer performs Aghrab? (Talal Maddah) against song:sheratan:singer: Which singer performs Sheratan Al Thahab? (Rashed Al Majid). These identify different works, different institutions or different artist attributes. The review excluded the protected Zaman Al Samt performer and Wardak Ya Zare Al Ward first-radio-song facts while authoring. Different song credits, artist instruments, labels, collaborators and musical genres remain separate relations; no retained pair asks the same relation about the same entity."
"saudi_music_v2_023/gulf_music_v2_037","06ad16c856f6a80e7b8496c9a0d11c96e984f35fc316d805a922d143438aa943","distinct","Assistant inspected song:aghrab:singer: Which Saudi singer performs Aghrab? (Talal Maddah) against song:duniaalwalah:singer: Which singer recorded Dunia Al Walah? (Abdullah Al Rowaished). These identify different works, different institutions or different artist attributes. The review excluded the protected Zaman Al Samt performer and Wardak Ya Zare Al Ward first-radio-song facts while authoring. Different song credits, artist instruments, labels, collaborators and musical genres remain separate relations; no retained pair asks the same relation about the same entity."
"saudi_music_v2_023/gulf_music_v2_052","6b0ac169899747a6f62836d8aeae3bf4e8f95f357aeaab5d99884bff0b7169e4","distinct","Assistant inspected song:aghrab:singer: Which Saudi singer performs Aghrab? (Talal Maddah) against song:mozhela:singer: Which singer recorded Mozhela? (Mohammed Abdu). These identify different works, different institutions or different artist attributes. The review excluded the protected Zaman Al Samt performer and Wardak Ya Zare Al Ward first-radio-song facts while authoring. Different song credits, artist instruments, labels, collaborators and musical genres remain separate relations; no retained pair asks the same relation about the same entity."
"saudi_music_v2_023/gulf_music_v2_056","23e4ec24a073a9b7c347a549947aa6c496d0319b79fa0bfde6293be20b8fe451","distinct","Assistant inspected song:aghrab:singer: Which Saudi singer performs Aghrab? (Talal Maddah) against song:qalootara:singer: Which singer recorded Qaloo Tara? (Abadi Al Johar). These identify different works, different institutions or different artist attributes. The review excluded the protected Zaman Al Samt performer and Wardak Ya Zare Al Ward first-radio-song facts while authoring. Different song credits, artist instruments, labels, collaborators and musical genres remain separate relations; no retained pair asks the same relation about the same entity."
"saudi_music_v2_023/gulf_music_v2_066","94bce5598f623b011198534d92a8bbeb62ceee497af088c341450896c8eb8381","distinct","Assistant inspected song:aghrab:singer: Which Saudi singer performs Aghrab? (Talal Maddah) against song:tenadeek:singer: Which singer recorded Tenadeek? (Majid Al Mohandis). These identify different works, different institutions or different artist attributes. The review excluded the protected Zaman Al Samt performer and Wardak Ya Zare Al Ward first-radio-song facts while authoring. Different song credits, artist instruments, labels, collaborators and musical genres remain separate relations; no retained pair asks the same relation about the same entity."
"saudi_music_v2_025/gulf_music_v2_015","bc5676e59c07be99ccf8d8947d3cdb09d30267cfc36e073cfee533aa2ccad452","distinct","Assistant inspected song:entehel:singer: Which Saudi singer performs Entehel Shakhsetak? (Abdul Majeed Abdullah) against song:alamaken:singer: Which singer performs Al Amaken? (Mohammed Abdu). These identify different works, different institutions or different artist attributes. The review excluded the protected Zaman Al Samt performer and Wardak Ya Zare Al Ward first-radio-song facts while authoring. Different song credits, artist instruments, labels, collaborators and musical genres remain separate relations; no retained pair asks the same relation about the same entity."
"saudi_music_v2_025/gulf_music_v2_052","2fc3b586f5e685b625190aa7b1b3445618ae54729b19ac1f9d5802e6ddfe3508","distinct","Assistant inspected song:entehel:singer: Which Saudi singer performs Entehel Shakhsetak? (Abdul Majeed Abdullah) against song:mozhela:singer: Which singer recorded Mozhela? (Mohammed Abdu). These identify different works, different institutions or different artist attributes. The review excluded the protected Zaman Al Samt performer and Wardak Ya Zare Al Ward first-radio-song facts while authoring. Different song credits, artist instruments, labels, collaborators and musical genres remain separate relations; no retained pair asks the same relation about the same entity."
"saudi_music_v2_025/gulf_music_v2_066","5d39a3a56c332c9dcbd1bdfcfb907aafc4cf7e6d474a0ea1c8cd55dd0fd6cf9a","distinct","Assistant inspected song:entehel:singer: Which Saudi singer performs Entehel Shakhsetak? (Abdul Majeed Abdullah) against song:tenadeek:singer: Which singer recorded Tenadeek? (Majid Al Mohandis). These identify different works, different institutions or different artist attributes. The review excluded the protected Zaman Al Samt performer and Wardak Ya Zare Al Ward first-radio-song facts while authoring. Different song credits, artist instruments, labels, collaborators and musical genres remain separate relations; no retained pair asks the same relation about the same entity."
"saudi_music_v2_026/gulf_music_v2_015","50ce8cc95a7039ddee24006901658ae59df14969e329db9c3bb3d062fcb0ebff","distinct","Assistant inspected song:montaha:singer: Which Saudi singer performs Montaha Al Riqqa? (Rabeh Saqer) against song:alamaken:singer: Which singer performs Al Amaken? (Mohammed Abdu). These identify different works, different institutions or different artist attributes. The review excluded the protected Zaman Al Samt performer and Wardak Ya Zare Al Ward first-radio-song facts while authoring. Different song credits, artist instruments, labels, collaborators and musical genres remain separate relations; no retained pair asks the same relation about the same entity."
"saudi_music_v2_026/gulf_music_v2_052","aa1d73a79c62f187c97eeb3d15a53eae56d208ccba94d3549ce225e70527f475","distinct","Assistant inspected song:montaha:singer: Which Saudi singer performs Montaha Al Riqqa? (Rabeh Saqer) against song:mozhela:singer: Which singer recorded Mozhela? (Mohammed Abdu). These identify different works, different institutions or different artist attributes. The review excluded the protected Zaman Al Samt performer and Wardak Ya Zare Al Ward first-radio-song facts while authoring. Different song credits, artist instruments, labels, collaborators and musical genres remain separate relations; no retained pair asks the same relation about the same entity."
"saudi_music_v2_026/gulf_music_v2_066","2e9aead30bfa3c0c2ab0ebea339306bfeb52d82ff704d1053e27ef77b985d9ba","distinct","Assistant inspected song:montaha:singer: Which Saudi singer performs Montaha Al Riqqa? (Rabeh Saqer) against song:tenadeek:singer: Which singer recorded Tenadeek? (Majid Al Mohandis). These identify different works, different institutions or different artist attributes. The review excluded the protected Zaman Al Samt performer and Wardak Ya Zare Al Ward first-radio-song facts while authoring. Different song credits, artist instruments, labels, collaborators and musical genres remain separate relations; no retained pair asks the same relation about the same entity."
"saudi_music_v2_028/gulf_music_v2_015","5724aed4d07ec5c101cf4bde97b07d53ae28f8d2e658eaa64bb450ad14cd9d67","distinct","Assistant inspected song:anaalabyad:singer: Which Saudi singer performs Ana Al Abyad? (Rashed Al Majid) against song:alamaken:singer: Which singer performs Al Amaken? (Mohammed Abdu). These identify different works, different institutions or different artist attributes. The review excluded the protected Zaman Al Samt performer and Wardak Ya Zare Al Ward first-radio-song facts while authoring. Different song credits, artist instruments, labels, collaborators and musical genres remain separate relations; no retained pair asks the same relation about the same entity."
"saudi_music_v2_028/gulf_music_v2_052","929fd9c936f99dfacf78beb62a0ccd69f83e7aa0078ecc0e727efc52b4101199","distinct","Assistant inspected song:anaalabyad:singer: Which Saudi singer performs Ana Al Abyad? (Rashed Al Majid) against song:mozhela:singer: Which singer recorded Mozhela? (Mohammed Abdu). These identify different works, different institutions or different artist attributes. The review excluded the protected Zaman Al Samt performer and Wardak Ya Zare Al Ward first-radio-song facts while authoring. Different song credits, artist instruments, labels, collaborators and musical genres remain separate relations; no retained pair asks the same relation about the same entity."
"saudi_music_v2_028/gulf_music_v2_066","56bae6ff7c4f933da9e1db7a9b58dd274cc240d2deb000e517222be0b069ecea","distinct","Assistant inspected song:anaalabyad:singer: Which Saudi singer performs Ana Al Abyad? (Rashed Al Majid) against song:tenadeek:singer: Which singer recorded Tenadeek? (Majid Al Mohandis). These identify different works, different institutions or different artist attributes. The review excluded the protected Zaman Al Samt performer and Wardak Ya Zare Al Ward first-radio-song facts while authoring. Different song credits, artist instruments, labels, collaborators and musical genres remain separate relations; no retained pair asks the same relation about the same entity."
"saudi_music_v2_030/gulf_music_v2_015","7a4273a21c577c78aebbea30fae68e43fb0df4a4057e5c9e9d6f4a4c5a8054e1","distinct","Assistant inspected song:mawedthani:singer: Which Saudi singer performs Al Mawed Al Thani? (Talal Maddah) against song:alamaken:singer: Which singer performs Al Amaken? (Mohammed Abdu). These identify different works, different institutions or different artist attributes. The review excluded the protected Zaman Al Samt performer and Wardak Ya Zare Al Ward first-radio-song facts while authoring. Different song credits, artist instruments, labels, collaborators and musical genres remain separate relations; no retained pair asks the same relation about the same entity."
"saudi_music_v2_030/gulf_music_v2_052","119606563567652fd6a4228674822afe590d5b0c7716094cbd2ea0ee6cce58a8","distinct","Assistant inspected song:mawedthani:singer: Which Saudi singer performs Al Mawed Al Thani? (Talal Maddah) against song:mozhela:singer: Which singer recorded Mozhela? (Mohammed Abdu). These identify different works, different institutions or different artist attributes. The review excluded the protected Zaman Al Samt performer and Wardak Ya Zare Al Ward first-radio-song facts while authoring. Different song credits, artist instruments, labels, collaborators and musical genres remain separate relations; no retained pair asks the same relation about the same entity."
"saudi_music_v2_030/gulf_music_v2_066","2beef51ff24b5df17d24a2f484a80bd2afd2de191f7c8b683c8b13157f3136b9","distinct","Assistant inspected song:mawedthani:singer: Which Saudi singer performs Al Mawed Al Thani? (Talal Maddah) against song:tenadeek:singer: Which singer recorded Tenadeek? (Majid Al Mohandis). These identify different works, different institutions or different artist attributes. The review excluded the protected Zaman Al Samt performer and Wardak Ya Zare Al Ward first-radio-song facts while authoring. Different song credits, artist instruments, labels, collaborators and musical genres remain separate relations; no retained pair asks the same relation about the same entity."
"saudi_music_v2_034/gulf_music_v2_002","63e1ae8cacb1c3a496c4968814ad0d0298058d8f4f8ad5236d4172313976587a","distinct","Assistant inspected song:nadet:singer: Which Saudi singer performs Nadet? (Abbas Ibrahim) against song:iyar:singer: Which Omani singer performs Iyar? (Salah Al Zadjali). These identify different works, different institutions or different artist attributes. The review excluded the protected Zaman Al Samt performer and Wardak Ya Zare Al Ward first-radio-song facts while authoring. Different song credits, artist instruments, labels, collaborators and musical genres remain separate relations; no retained pair asks the same relation about the same entity."
"saudi_music_v2_034/gulf_music_v2_015","4461281af7dac6d4dcc50181ae9ae7ac10e37d528f7fff0dc0c370d4fed3a50e","distinct","Assistant inspected song:nadet:singer: Which Saudi singer performs Nadet? (Abbas Ibrahim) against song:alamaken:singer: Which singer performs Al Amaken? (Mohammed Abdu). These identify different works, different institutions or different artist attributes. The review excluded the protected Zaman Al Samt performer and Wardak Ya Zare Al Ward first-radio-song facts while authoring. Different song credits, artist instruments, labels, collaborators and musical genres remain separate relations; no retained pair asks the same relation about the same entity."
"saudi_music_v2_034/gulf_music_v2_016","8a6397501a488d865599645c64aea09e3fd83bb91299c43ca8339f6c97c6c148","distinct","Assistant inspected song:nadet:singer: Which Saudi singer performs Nadet? (Abbas Ibrahim) against song:yabadahom:singer: Which singer performs Ya Badohom? (Abdul Majeed Abdullah). These identify different works, different institutions or different artist attributes. The review excluded the protected Zaman Al Samt performer and Wardak Ya Zare Al Ward first-radio-song facts while authoring. Different song credits, artist instruments, labels, collaborators and musical genres remain separate relations; no retained pair asks the same relation about the same entity."
"saudi_music_v2_034/gulf_music_v2_017","59f1be49d84a29a33174a31d324f74917ebe8d3bacfd4162f2d4efbb8be15d35","distinct","Assistant inspected song:nadet:singer: Which Saudi singer performs Nadet? (Abbas Ibrahim) against song:rahalty:singer: Which Kuwaiti singer performs Rahalty? (Abdullah Al Rowaished). These identify different works, different institutions or different artist attributes. The review excluded the protected Zaman Al Samt performer and Wardak Ya Zare Al Ward first-radio-song facts while authoring. Different song credits, artist instruments, labels, collaborators and musical genres remain separate relations; no retained pair asks the same relation about the same entity."
"saudi_music_v2_034/gulf_music_v2_022","0d3dc8eaa94134ebc5a2de3bb53318c26a80f390f17a4be1523a8c898e3542b3","distinct","Assistant inspected song:nadet:singer: Which Saudi singer performs Nadet? (Abbas Ibrahim) against song:sheratan:singer: Which singer performs Sheratan Al Thahab? (Rashed Al Majid). These identify different works, different institutions or different artist attributes. The review excluded the protected Zaman Al Samt performer and Wardak Ya Zare Al Ward first-radio-song facts while authoring. Different song credits, artist instruments, labels, collaborators and musical genres remain separate relations; no retained pair asks the same relation about the same entity."
"saudi_music_v2_034/gulf_music_v2_037","f3397629dc4fb7a5baafdcb2914429a66e68f5bb4b1e2a2ce59fc238805f2310","distinct","Assistant inspected song:nadet:singer: Which Saudi singer performs Nadet? (Abbas Ibrahim) against song:duniaalwalah:singer: Which singer recorded Dunia Al Walah? (Abdullah Al Rowaished). These identify different works, different institutions or different artist attributes. The review excluded the protected Zaman Al Samt performer and Wardak Ya Zare Al Ward first-radio-song facts while authoring. Different song credits, artist instruments, labels, collaborators and musical genres remain separate relations; no retained pair asks the same relation about the same entity."
"saudi_music_v2_034/gulf_music_v2_052","077eccaccdd33ae6fa953b7e4d21753a570e808424c89343c93c3ba1d8725307","distinct","Assistant inspected song:nadet:singer: Which Saudi singer performs Nadet? (Abbas Ibrahim) against song:mozhela:singer: Which singer recorded Mozhela? (Mohammed Abdu). These identify different works, different institutions or different artist attributes. The review excluded the protected Zaman Al Samt performer and Wardak Ya Zare Al Ward first-radio-song facts while authoring. Different song credits, artist instruments, labels, collaborators and musical genres remain separate relations; no retained pair asks the same relation about the same entity."
"saudi_music_v2_034/gulf_music_v2_056","c74035cbdd50806a248263e5e97d953395fcb03a9156dcc2ec88d6ed01deb11b","distinct","Assistant inspected song:nadet:singer: Which Saudi singer performs Nadet? (Abbas Ibrahim) against song:qalootara:singer: Which singer recorded Qaloo Tara? (Abadi Al Johar). These identify different works, different institutions or different artist attributes. The review excluded the protected Zaman Al Samt performer and Wardak Ya Zare Al Ward first-radio-song facts while authoring. Different song credits, artist instruments, labels, collaborators and musical genres remain separate relations; no retained pair asks the same relation about the same entity."
"saudi_music_v2_034/gulf_music_v2_066","8e1c03e3f5b75e52dd2aaeae1115a1f012c2ba232b6559b364c6ce029bc7995b","distinct","Assistant inspected song:nadet:singer: Which Saudi singer performs Nadet? (Abbas Ibrahim) against song:tenadeek:singer: Which singer recorded Tenadeek? (Majid Al Mohandis). These identify different works, different institutions or different artist attributes. The review excluded the protected Zaman Al Samt performer and Wardak Ya Zare Al Ward first-radio-song facts while authoring. Different song credits, artist instruments, labels, collaborators and musical genres remain separate relations; no retained pair asks the same relation about the same entity."
"saudi_music_v2_037/gulf_music_v2_041","fb732567fd0409280d7c77abc8e7394bdcf7685d44826bc1ca7a50f4454ad927","distinct","Assistant inspected competition:saudiidol:firstwinner: Which female singer won the first season of Saudi Idol? (Hams Fikri) against artist:ibrahim:talenttitle: Which Saudi singer won the third season of Super Star? (Ibrahim Al Hakami). These identify different works, different institutions or different artist attributes. The review excluded the protected Zaman Al Samt performer and Wardak Ya Zare Al Ward first-radio-song facts while authoring. Different song credits, artist instruments, labels, collaborators and musical genres remain separate relations; no retained pair asks the same relation about the same entity."
"saudi_music_v2_039/gulf_music_v2_002","d2904e441b8232e7637734c94c0ffb7aca0b2be1a8430d4b627fef4f82fe382d","distinct","Assistant inspected song:radinak:singer: Which Saudi singer performs Radinak? (Talal Salamah) against song:iyar:singer: Which Omani singer performs Iyar? (Salah Al Zadjali). These identify different works, different institutions or different artist attributes. The review excluded the protected Zaman Al Samt performer and Wardak Ya Zare Al Ward first-radio-song facts while authoring. Different song credits, artist instruments, labels, collaborators and musical genres remain separate relations; no retained pair asks the same relation about the same entity."
"saudi_music_v2_039/gulf_music_v2_015","9c0b2c759e3d2d6f92528fd42130afd114e10186242f3f4f6cdce737836b3797","distinct","Assistant inspected song:radinak:singer: Which Saudi singer performs Radinak? (Talal Salamah) against song:alamaken:singer: Which singer performs Al Amaken? (Mohammed Abdu). These identify different works, different institutions or different artist attributes. The review excluded the protected Zaman Al Samt performer and Wardak Ya Zare Al Ward first-radio-song facts while authoring. Different song credits, artist instruments, labels, collaborators and musical genres remain separate relations; no retained pair asks the same relation about the same entity."
"saudi_music_v2_039/gulf_music_v2_016","a5d9548c0b6ebd09cc47317a0256fc3690a5676631440ed39f9f077f96ad9a7b","distinct","Assistant inspected song:radinak:singer: Which Saudi singer performs Radinak? (Talal Salamah) against song:yabadahom:singer: Which singer performs Ya Badohom? (Abdul Majeed Abdullah). These identify different works, different institutions or different artist attributes. The review excluded the protected Zaman Al Samt performer and Wardak Ya Zare Al Ward first-radio-song facts while authoring. Different song credits, artist instruments, labels, collaborators and musical genres remain separate relations; no retained pair asks the same relation about the same entity."
"saudi_music_v2_039/gulf_music_v2_017","1f79223f479e8ed7652a96ebd72ef6215cd9788c82d4ae41c8ba701a314b6b84","distinct","Assistant inspected song:radinak:singer: Which Saudi singer performs Radinak? (Talal Salamah) against song:rahalty:singer: Which Kuwaiti singer performs Rahalty? (Abdullah Al Rowaished). These identify different works, different institutions or different artist attributes. The review excluded the protected Zaman Al Samt performer and Wardak Ya Zare Al Ward first-radio-song facts while authoring. Different song credits, artist instruments, labels, collaborators and musical genres remain separate relations; no retained pair asks the same relation about the same entity."
"saudi_music_v2_039/gulf_music_v2_022","d78565c8c7c8c21134cb819c776fdfb62c44955c70bbcccaa07a34c12aefe955","distinct","Assistant inspected song:radinak:singer: Which Saudi singer performs Radinak? (Talal Salamah) against song:sheratan:singer: Which singer performs Sheratan Al Thahab? (Rashed Al Majid). These identify different works, different institutions or different artist attributes. The review excluded the protected Zaman Al Samt performer and Wardak Ya Zare Al Ward first-radio-song facts while authoring. Different song credits, artist instruments, labels, collaborators and musical genres remain separate relations; no retained pair asks the same relation about the same entity."
"saudi_music_v2_039/gulf_music_v2_037","27a6af66483c6425207108c0d06da7d90355d5cf17243566da45feae3884490e","distinct","Assistant inspected song:radinak:singer: Which Saudi singer performs Radinak? (Talal Salamah) against song:duniaalwalah:singer: Which singer recorded Dunia Al Walah? (Abdullah Al Rowaished). These identify different works, different institutions or different artist attributes. The review excluded the protected Zaman Al Samt performer and Wardak Ya Zare Al Ward first-radio-song facts while authoring. Different song credits, artist instruments, labels, collaborators and musical genres remain separate relations; no retained pair asks the same relation about the same entity."
"saudi_music_v2_039/gulf_music_v2_052","bff6b444547aa1a8f5545b2b35c739998bf1ce5454c3e31c308149845435eef0","distinct","Assistant inspected song:radinak:singer: Which Saudi singer performs Radinak? (Talal Salamah) against song:mozhela:singer: Which singer recorded Mozhela? (Mohammed Abdu). These identify different works, different institutions or different artist attributes. The review excluded the protected Zaman Al Samt performer and Wardak Ya Zare Al Ward first-radio-song facts while authoring. Different song credits, artist instruments, labels, collaborators and musical genres remain separate relations; no retained pair asks the same relation about the same entity."
"saudi_music_v2_039/gulf_music_v2_056","3076ae7aec5d86e74a0af124346b1aca2529bfc6334c2ca7b97cfeab734de9e4","distinct","Assistant inspected song:radinak:singer: Which Saudi singer performs Radinak? (Talal Salamah) against song:qalootara:singer: Which singer recorded Qaloo Tara? (Abadi Al Johar). These identify different works, different institutions or different artist attributes. The review excluded the protected Zaman Al Samt performer and Wardak Ya Zare Al Ward first-radio-song facts while authoring. Different song credits, artist instruments, labels, collaborators and musical genres remain separate relations; no retained pair asks the same relation about the same entity."
"saudi_music_v2_039/gulf_music_v2_066","d887582eb709ea50d70b7e8fbdb9485f49e2d4d755b9086765494f163595e407","distinct","Assistant inspected song:radinak:singer: Which Saudi singer performs Radinak? (Talal Salamah) against song:tenadeek:singer: Which singer recorded Tenadeek? (Majid Al Mohandis). These identify different works, different institutions or different artist attributes. The review excluded the protected Zaman Al Samt performer and Wardak Ya Zare Al Ward first-radio-song facts while authoring. Different song credits, artist instruments, labels, collaborators and musical genres remain separate relations; no retained pair asks the same relation about the same entity."
"saudi_music_v2_041/gulf_music_v2_015","00c698cf6b07e50b62f34c0c2e7b4986992d0266eb610fa74c3db4e0ae70ec11","distinct","Assistant inspected song:rasayel:singer: Who sings Al Rasayel? (Mohammed Abdu) against song:alamaken:singer: Which singer performs Al Amaken? (Mohammed Abdu). These identify different works, different institutions or different artist attributes. The review excluded the protected Zaman Al Samt performer and Wardak Ya Zare Al Ward first-radio-song facts while authoring. Different song credits, artist instruments, labels, collaborators and musical genres remain separate relations; no retained pair asks the same relation about the same entity."
"saudi_music_v2_041/gulf_music_v2_052","770f898a18872664fee30617859646287c4c5d1a5537b702e6923944883d2d4a","distinct","Assistant inspected song:rasayel:singer: Who sings Al Rasayel? (Mohammed Abdu) against song:mozhela:singer: Which singer recorded Mozhela? (Mohammed Abdu). These identify different works, different institutions or different artist attributes. The review excluded the protected Zaman Al Samt performer and Wardak Ya Zare Al Ward first-radio-song facts while authoring. Different song credits, artist instruments, labels, collaborators and musical genres remain separate relations; no retained pair asks the same relation about the same entity."
"saudi_music_v2_041/gulf_music_v2_066","89223c951e3b6090fe7557e191a4683f10ecc154ada66e7c944b323c2598404e","distinct","Assistant inspected song:rasayel:singer: Who sings Al Rasayel? (Mohammed Abdu) against song:tenadeek:singer: Which singer recorded Tenadeek? (Majid Al Mohandis). These identify different works, different institutions or different artist attributes. The review excluded the protected Zaman Al Samt performer and Wardak Ya Zare Al Ward first-radio-song facts while authoring. Different song credits, artist instruments, labels, collaborators and musical genres remain separate relations; no retained pair asks the same relation about the same entity."
"saudi_music_v2_042/gulf_music_v2_015","cd3916ad3555814357ac7e40ced2828de926de58d145c722ab960541cfabef1b","distinct","Assistant inspected song:sayedi:singer: Which Saudi singer performs Sayedi Qum? (Talal Maddah) against song:alamaken:singer: Which singer performs Al Amaken? (Mohammed Abdu). These identify different works, different institutions or different artist attributes. The review excluded the protected Zaman Al Samt performer and Wardak Ya Zare Al Ward first-radio-song facts while authoring. Different song credits, artist instruments, labels, collaborators and musical genres remain separate relations; no retained pair asks the same relation about the same entity."
"saudi_music_v2_042/gulf_music_v2_052","2a3ba520eaa5f12dfcaf3e3418968988577603ce1585b235949544da9a683d5f","distinct","Assistant inspected song:sayedi:singer: Which Saudi singer performs Sayedi Qum? (Talal Maddah) against song:mozhela:singer: Which singer recorded Mozhela? (Mohammed Abdu). These identify different works, different institutions or different artist attributes. The review excluded the protected Zaman Al Samt performer and Wardak Ya Zare Al Ward first-radio-song facts while authoring. Different song credits, artist instruments, labels, collaborators and musical genres remain separate relations; no retained pair asks the same relation about the same entity."
"saudi_music_v2_042/gulf_music_v2_066","3e655b67c89c6262cf4d883923883912e4724e3675fb1e982f8ef181862a3714","distinct","Assistant inspected song:sayedi:singer: Which Saudi singer performs Sayedi Qum? (Talal Maddah) against song:tenadeek:singer: Which singer recorded Tenadeek? (Majid Al Mohandis). These identify different works, different institutions or different artist attributes. The review excluded the protected Zaman Al Samt performer and Wardak Ya Zare Al Ward first-radio-song facts while authoring. Different song credits, artist instruments, labels, collaborators and musical genres remain separate relations; no retained pair asks the same relation about the same entity."
"saudi_music_v2_046/gulf_music_v2_002","fdc9519bf1b767ad4533d018f689b6731765196f5f09ec86be59c1cc5d7bd6f8","distinct","Assistant inspected song:allamtni:singer: Which Saudi singer performs Allamtni? (Rashed Al Majid) against song:iyar:singer: Which Omani singer performs Iyar? (Salah Al Zadjali). These identify different works, different institutions or different artist attributes. The review excluded the protected Zaman Al Samt performer and Wardak Ya Zare Al Ward first-radio-song facts while authoring. Different song credits, artist instruments, labels, collaborators and musical genres remain separate relations; no retained pair asks the same relation about the same entity."
"saudi_music_v2_046/gulf_music_v2_015","5ed50ac938f3b78612d1c7e75a3c4e49fb876f88ef566fd6ef3ef1e60dcb1dd3","distinct","Assistant inspected song:allamtni:singer: Which Saudi singer performs Allamtni? (Rashed Al Majid) against song:alamaken:singer: Which singer performs Al Amaken? (Mohammed Abdu). These identify different works, different institutions or different artist attributes. The review excluded the protected Zaman Al Samt performer and Wardak Ya Zare Al Ward first-radio-song facts while authoring. Different song credits, artist instruments, labels, collaborators and musical genres remain separate relations; no retained pair asks the same relation about the same entity."
"saudi_music_v2_046/gulf_music_v2_016","ff6d614bd3e324dbd2030be7ecd22927538ccab3d95125bd1e3c3a4f0561e370","distinct","Assistant inspected song:allamtni:singer: Which Saudi singer performs Allamtni? (Rashed Al Majid) against song:yabadahom:singer: Which singer performs Ya Badohom? (Abdul Majeed Abdullah). These identify different works, different institutions or different artist attributes. The review excluded the protected Zaman Al Samt performer and Wardak Ya Zare Al Ward first-radio-song facts while authoring. Different song credits, artist instruments, labels, collaborators and musical genres remain separate relations; no retained pair asks the same relation about the same entity."
"saudi_music_v2_046/gulf_music_v2_017","02e1c307d460a60021b029dbc9f9ff50e863c6d6fc67ea95c1170f5d85b2b0a1","distinct","Assistant inspected song:allamtni:singer: Which Saudi singer performs Allamtni? (Rashed Al Majid) against song:rahalty:singer: Which Kuwaiti singer performs Rahalty? (Abdullah Al Rowaished). These identify different works, different institutions or different artist attributes. The review excluded the protected Zaman Al Samt performer and Wardak Ya Zare Al Ward first-radio-song facts while authoring. Different song credits, artist instruments, labels, collaborators and musical genres remain separate relations; no retained pair asks the same relation about the same entity."
"saudi_music_v2_046/gulf_music_v2_022","a9b429cdfb999d581f6be0c35ea219551a38e67f38b6f220a6fda6d0da31171c","distinct","Assistant inspected song:allamtni:singer: Which Saudi singer performs Allamtni? (Rashed Al Majid) against song:sheratan:singer: Which singer performs Sheratan Al Thahab? (Rashed Al Majid). These identify different works, different institutions or different artist attributes. The review excluded the protected Zaman Al Samt performer and Wardak Ya Zare Al Ward first-radio-song facts while authoring. Different song credits, artist instruments, labels, collaborators and musical genres remain separate relations; no retained pair asks the same relation about the same entity."
"saudi_music_v2_046/gulf_music_v2_037","af77069a6899fa9ee7ac4fa9077052d12b5b1c34ca6e6a7d454afe76bb793f2e","distinct","Assistant inspected song:allamtni:singer: Which Saudi singer performs Allamtni? (Rashed Al Majid) against song:duniaalwalah:singer: Which singer recorded Dunia Al Walah? (Abdullah Al Rowaished). These identify different works, different institutions or different artist attributes. The review excluded the protected Zaman Al Samt performer and Wardak Ya Zare Al Ward first-radio-song facts while authoring. Different song credits, artist instruments, labels, collaborators and musical genres remain separate relations; no retained pair asks the same relation about the same entity."
"saudi_music_v2_046/gulf_music_v2_052","34a0f6217df4c28c565d3942bed768bf59583c7db89fa87cdf664b9e256e53ab","distinct","Assistant inspected song:allamtni:singer: Which Saudi singer performs Allamtni? (Rashed Al Majid) against song:mozhela:singer: Which singer recorded Mozhela? (Mohammed Abdu). These identify different works, different institutions or different artist attributes. The review excluded the protected Zaman Al Samt performer and Wardak Ya Zare Al Ward first-radio-song facts while authoring. Different song credits, artist instruments, labels, collaborators and musical genres remain separate relations; no retained pair asks the same relation about the same entity."
"saudi_music_v2_046/gulf_music_v2_056","0e7f3c17124419bcfdf2b2b0496a89a3d76cbdee23a513e017f4a6148b68b7c5","distinct","Assistant inspected song:allamtni:singer: Which Saudi singer performs Allamtni? (Rashed Al Majid) against song:qalootara:singer: Which singer recorded Qaloo Tara? (Abadi Al Johar). These identify different works, different institutions or different artist attributes. The review excluded the protected Zaman Al Samt performer and Wardak Ya Zare Al Ward first-radio-song facts while authoring. Different song credits, artist instruments, labels, collaborators and musical genres remain separate relations; no retained pair asks the same relation about the same entity."
"saudi_music_v2_046/gulf_music_v2_066","0a6fc89d09911635da1ede67d1a4ebc66b75da4f16c5c5c1fdb525b11642abbb","distinct","Assistant inspected song:allamtni:singer: Which Saudi singer performs Allamtni? (Rashed Al Majid) against song:tenadeek:singer: Which singer recorded Tenadeek? (Majid Al Mohandis). These identify different works, different institutions or different artist attributes. The review excluded the protected Zaman Al Samt performer and Wardak Ya Zare Al Ward first-radio-song facts while authoring. Different song credits, artist instruments, labels, collaborators and musical genres remain separate relations; no retained pair asks the same relation about the same entity."
"saudi_music_v2_047/gulf_music_v2_002","81cfc05cb9605b945ebabfbf6c4a04857f24682df6c64f1637e8dd9e4236331a","distinct","Assistant inspected song:tahamaltak:singer: Which Saudi singer performs Tahamaltak? (Rabeh Saqer) against song:iyar:singer: Which Omani singer performs Iyar? (Salah Al Zadjali). These identify different works, different institutions or different artist attributes. The review excluded the protected Zaman Al Samt performer and Wardak Ya Zare Al Ward first-radio-song facts while authoring. Different song credits, artist instruments, labels, collaborators and musical genres remain separate relations; no retained pair asks the same relation about the same entity."
"saudi_music_v2_047/gulf_music_v2_015","ab8828eb6ec91c65b43a4d595810db3bc46e1281a2cdea19639a4ad28c614155","distinct","Assistant inspected song:tahamaltak:singer: Which Saudi singer performs Tahamaltak? (Rabeh Saqer) against song:alamaken:singer: Which singer performs Al Amaken? (Mohammed Abdu). These identify different works, different institutions or different artist attributes. The review excluded the protected Zaman Al Samt performer and Wardak Ya Zare Al Ward first-radio-song facts while authoring. Different song credits, artist instruments, labels, collaborators and musical genres remain separate relations; no retained pair asks the same relation about the same entity."
"saudi_music_v2_047/gulf_music_v2_016","3d8fe17f400170bf084fae4e1c48b70529aaa9cd74c7c028037dc8269ef56d15","distinct","Assistant inspected song:tahamaltak:singer: Which Saudi singer performs Tahamaltak? (Rabeh Saqer) against song:yabadahom:singer: Which singer performs Ya Badohom? (Abdul Majeed Abdullah). These identify different works, different institutions or different artist attributes. The review excluded the protected Zaman Al Samt performer and Wardak Ya Zare Al Ward first-radio-song facts while authoring. Different song credits, artist instruments, labels, collaborators and musical genres remain separate relations; no retained pair asks the same relation about the same entity."
"saudi_music_v2_047/gulf_music_v2_017","dc385481971356923a816212e19e08697d8c878514d789810f4088f06b9b3633","distinct","Assistant inspected song:tahamaltak:singer: Which Saudi singer performs Tahamaltak? (Rabeh Saqer) against song:rahalty:singer: Which Kuwaiti singer performs Rahalty? (Abdullah Al Rowaished). These identify different works, different institutions or different artist attributes. The review excluded the protected Zaman Al Samt performer and Wardak Ya Zare Al Ward first-radio-song facts while authoring. Different song credits, artist instruments, labels, collaborators and musical genres remain separate relations; no retained pair asks the same relation about the same entity."
"saudi_music_v2_047/gulf_music_v2_022","f906cb6a0f1472d4f59527af5f2e2154d044d4a636dd15aa173f909860f8d1cd","distinct","Assistant inspected song:tahamaltak:singer: Which Saudi singer performs Tahamaltak? (Rabeh Saqer) against song:sheratan:singer: Which singer performs Sheratan Al Thahab? (Rashed Al Majid). These identify different works, different institutions or different artist attributes. The review excluded the protected Zaman Al Samt performer and Wardak Ya Zare Al Ward first-radio-song facts while authoring. Different song credits, artist instruments, labels, collaborators and musical genres remain separate relations; no retained pair asks the same relation about the same entity."
"saudi_music_v2_047/gulf_music_v2_037","ebe03c77d0bc4f4db8157cb3af101372de6abecd68da7d6c4bdc6688781b5b84","distinct","Assistant inspected song:tahamaltak:singer: Which Saudi singer performs Tahamaltak? (Rabeh Saqer) against song:duniaalwalah:singer: Which singer recorded Dunia Al Walah? (Abdullah Al Rowaished). These identify different works, different institutions or different artist attributes. The review excluded the protected Zaman Al Samt performer and Wardak Ya Zare Al Ward first-radio-song facts while authoring. Different song credits, artist instruments, labels, collaborators and musical genres remain separate relations; no retained pair asks the same relation about the same entity."
"saudi_music_v2_047/gulf_music_v2_052","85fee55900aee47d580d5a34ea81c9b2d968b9480256833fa78f8865e0b3ddde","distinct","Assistant inspected song:tahamaltak:singer: Which Saudi singer performs Tahamaltak? (Rabeh Saqer) against song:mozhela:singer: Which singer recorded Mozhela? (Mohammed Abdu). These identify different works, different institutions or different artist attributes. The review excluded the protected Zaman Al Samt performer and Wardak Ya Zare Al Ward first-radio-song facts while authoring. Different song credits, artist instruments, labels, collaborators and musical genres remain separate relations; no retained pair asks the same relation about the same entity."
"saudi_music_v2_047/gulf_music_v2_056","921fce6c7adb3e0aee136a4ba28ad7d3910e760b3317c28188bd552884b1d209","distinct","Assistant inspected song:tahamaltak:singer: Which Saudi singer performs Tahamaltak? (Rabeh Saqer) against song:qalootara:singer: Which singer recorded Qaloo Tara? (Abadi Al Johar). These identify different works, different institutions or different artist attributes. The review excluded the protected Zaman Al Samt performer and Wardak Ya Zare Al Ward first-radio-song facts while authoring. Different song credits, artist instruments, labels, collaborators and musical genres remain separate relations; no retained pair asks the same relation about the same entity."
"saudi_music_v2_047/gulf_music_v2_066","7afd73d98f7c419ab6f1e815e396ba768a829633776a0543f8484b63e63264ef","distinct","Assistant inspected song:tahamaltak:singer: Which Saudi singer performs Tahamaltak? (Rabeh Saqer) against song:tenadeek:singer: Which singer recorded Tenadeek? (Majid Al Mohandis). These identify different works, different institutions or different artist attributes. The review excluded the protected Zaman Al Samt performer and Wardak Ya Zare Al Ward first-radio-song facts while authoring. Different song credits, artist instruments, labels, collaborators and musical genres remain separate relations; no retained pair asks the same relation about the same entity."
"saudi_music_v2_049/gulf_music_v2_015","8f9bb5c4eece5075ac9808135bb61efd2a90bce32d067142ee1b2abc63f82a15","distinct","Assistant inspected song:hujja:singer: Which Saudi singer performs Hujjat Al Ghayeb? (Rashed Al Majid) against song:alamaken:singer: Which singer performs Al Amaken? (Mohammed Abdu). These identify different works, different institutions or different artist attributes. The review excluded the protected Zaman Al Samt performer and Wardak Ya Zare Al Ward first-radio-song facts while authoring. Different song credits, artist instruments, labels, collaborators and musical genres remain separate relations; no retained pair asks the same relation about the same entity."
"saudi_music_v2_049/gulf_music_v2_052","37cc981c577945891b3e4bf8d54e8642bfba88b352d28dbcd62150011d07dcfc","distinct","Assistant inspected song:hujja:singer: Which Saudi singer performs Hujjat Al Ghayeb? (Rashed Al Majid) against song:mozhela:singer: Which singer recorded Mozhela? (Mohammed Abdu). These identify different works, different institutions or different artist attributes. The review excluded the protected Zaman Al Samt performer and Wardak Ya Zare Al Ward first-radio-song facts while authoring. Different song credits, artist instruments, labels, collaborators and musical genres remain separate relations; no retained pair asks the same relation about the same entity."
"saudi_music_v2_049/gulf_music_v2_066","bebe4b591c41ea3b19a8de5c43dac3516c19ecb094686c6b2b15fd1c7071f521","distinct","Assistant inspected song:hujja:singer: Which Saudi singer performs Hujjat Al Ghayeb? (Rashed Al Majid) against song:tenadeek:singer: Which singer recorded Tenadeek? (Majid Al Mohandis). These identify different works, different institutions or different artist attributes. The review excluded the protected Zaman Al Samt performer and Wardak Ya Zare Al Ward first-radio-song facts while authoring. Different song credits, artist instruments, labels, collaborators and musical genres remain separate relations; no retained pair asks the same relation about the same entity."
"saudi_music_v2_052/gulf_music_v2_024","fc18d48efef3c74d9f436e88611f26555e91b0a69e62a65c72f617b2cf26df2d","distinct","Assistant inspected song:ikhtafat:singer: Who sings Ikhtafat on the album Asdaq Ma Katabt? (Abadi Al Johar) against song:sikkataweela:singer: Who sang Sikka Taweela on the album Asdaq Ma Katabt? (Abadi Al Johar). These identify different works, different institutions or different artist attributes. The review excluded the protected Zaman Al Samt performer and Wardak Ya Zare Al Ward first-radio-song facts while authoring. Different song credits, artist instruments, labels, collaborators and musical genres remain separate relations; no retained pair asks the same relation about the same entity."
"saudi_music_v2_054/gulf_music_v2_002","8c1531dccb679f95ed96c29669d4f823188910585510bc8a8131504794be5e1c","distinct","Assistant inspected song:minkobraha:singer: Which Saudi singer performs Min Kobraha? (Rabeh Saqer) against song:iyar:singer: Which Omani singer performs Iyar? (Salah Al Zadjali). These identify different works, different institutions or different artist attributes. The review excluded the protected Zaman Al Samt performer and Wardak Ya Zare Al Ward first-radio-song facts while authoring. Different song credits, artist instruments, labels, collaborators and musical genres remain separate relations; no retained pair asks the same relation about the same entity."
"saudi_music_v2_054/gulf_music_v2_015","ab5b0c45d908f7b55a4e72b15495aba7c90662ac4b65a04577abaf61dab30307","distinct","Assistant inspected song:minkobraha:singer: Which Saudi singer performs Min Kobraha? (Rabeh Saqer) against song:alamaken:singer: Which singer performs Al Amaken? (Mohammed Abdu). These identify different works, different institutions or different artist attributes. The review excluded the protected Zaman Al Samt performer and Wardak Ya Zare Al Ward first-radio-song facts while authoring. Different song credits, artist instruments, labels, collaborators and musical genres remain separate relations; no retained pair asks the same relation about the same entity."
"saudi_music_v2_054/gulf_music_v2_016","7fb9cd60b7eec49b1aade31ba48688a18d695385bb46a48a2aafbf87fda491d8","distinct","Assistant inspected song:minkobraha:singer: Which Saudi singer performs Min Kobraha? (Rabeh Saqer) against song:yabadahom:singer: Which singer performs Ya Badohom? (Abdul Majeed Abdullah). These identify different works, different institutions or different artist attributes. The review excluded the protected Zaman Al Samt performer and Wardak Ya Zare Al Ward first-radio-song facts while authoring. Different song credits, artist instruments, labels, collaborators and musical genres remain separate relations; no retained pair asks the same relation about the same entity."
"saudi_music_v2_054/gulf_music_v2_017","3fe6cb8589380bd2403b50aa87b6ac1a94ed6fb68198079b53df4188d5a8865f","distinct","Assistant inspected song:minkobraha:singer: Which Saudi singer performs Min Kobraha? (Rabeh Saqer) against song:rahalty:singer: Which Kuwaiti singer performs Rahalty? (Abdullah Al Rowaished). These identify different works, different institutions or different artist attributes. The review excluded the protected Zaman Al Samt performer and Wardak Ya Zare Al Ward first-radio-song facts while authoring. Different song credits, artist instruments, labels, collaborators and musical genres remain separate relations; no retained pair asks the same relation about the same entity."
"saudi_music_v2_054/gulf_music_v2_022","8b6f69084bb141b963437d07d698729340f4400c7cc2036608d487541db6c6b7","distinct","Assistant inspected song:minkobraha:singer: Which Saudi singer performs Min Kobraha? (Rabeh Saqer) against song:sheratan:singer: Which singer performs Sheratan Al Thahab? (Rashed Al Majid). These identify different works, different institutions or different artist attributes. The review excluded the protected Zaman Al Samt performer and Wardak Ya Zare Al Ward first-radio-song facts while authoring. Different song credits, artist instruments, labels, collaborators and musical genres remain separate relations; no retained pair asks the same relation about the same entity."
"saudi_music_v2_054/gulf_music_v2_037","1f2199747711bc0345019810d2d06dd93d3be7bfb23df5b22446b6b889a1373e","distinct","Assistant inspected song:minkobraha:singer: Which Saudi singer performs Min Kobraha? (Rabeh Saqer) against song:duniaalwalah:singer: Which singer recorded Dunia Al Walah? (Abdullah Al Rowaished). These identify different works, different institutions or different artist attributes. The review excluded the protected Zaman Al Samt performer and Wardak Ya Zare Al Ward first-radio-song facts while authoring. Different song credits, artist instruments, labels, collaborators and musical genres remain separate relations; no retained pair asks the same relation about the same entity."
"saudi_music_v2_054/gulf_music_v2_052","17a5aed495739995b40ac323b67a76acdbd311cfbbbee6afde0292334060ac0c","distinct","Assistant inspected song:minkobraha:singer: Which Saudi singer performs Min Kobraha? (Rabeh Saqer) against song:mozhela:singer: Which singer recorded Mozhela? (Mohammed Abdu). These identify different works, different institutions or different artist attributes. The review excluded the protected Zaman Al Samt performer and Wardak Ya Zare Al Ward first-radio-song facts while authoring. Different song credits, artist instruments, labels, collaborators and musical genres remain separate relations; no retained pair asks the same relation about the same entity."
"saudi_music_v2_054/gulf_music_v2_056","4c06fa4d7eaf85525a45011ca80441146890cf4770129f1bff9d716008310125","distinct","Assistant inspected song:minkobraha:singer: Which Saudi singer performs Min Kobraha? (Rabeh Saqer) against song:qalootara:singer: Which singer recorded Qaloo Tara? (Abadi Al Johar). These identify different works, different institutions or different artist attributes. The review excluded the protected Zaman Al Samt performer and Wardak Ya Zare Al Ward first-radio-song facts while authoring. Different song credits, artist instruments, labels, collaborators and musical genres remain separate relations; no retained pair asks the same relation about the same entity."
"saudi_music_v2_054/gulf_music_v2_066","726347c87103b79ef6eaa78c071232dfb92bf14cae184aab7dfd38c87f92c028","distinct","Assistant inspected song:minkobraha:singer: Which Saudi singer performs Min Kobraha? (Rabeh Saqer) against song:tenadeek:singer: Which singer recorded Tenadeek? (Majid Al Mohandis). These identify different works, different institutions or different artist attributes. The review excluded the protected Zaman Al Samt performer and Wardak Ya Zare Al Ward first-radio-song facts while authoring. Different song credits, artist instruments, labels, collaborators and musical genres remain separate relations; no retained pair asks the same relation about the same entity."
"saudi_music_v2_059/gulf_music_v2_015","e41fdda28fa10ab9a057542168e49b4f7667deacd7f6104daa6ef5ff3ff0cb20","distinct","Assistant inspected song:saqiatash:singer: Which Saudi singer performs Saqi Al Atash? (Ayed) against song:alamaken:singer: Which singer performs Al Amaken? (Mohammed Abdu). These identify different works, different institutions or different artist attributes. The review excluded the protected Zaman Al Samt performer and Wardak Ya Zare Al Ward first-radio-song facts while authoring. Different song credits, artist instruments, labels, collaborators and musical genres remain separate relations; no retained pair asks the same relation about the same entity."
"saudi_music_v2_059/gulf_music_v2_052","d6bf8c700a7403d0a93245e06fb610db5e679a2b559ae06b071184f443265e38","distinct","Assistant inspected song:saqiatash:singer: Which Saudi singer performs Saqi Al Atash? (Ayed) against song:mozhela:singer: Which singer recorded Mozhela? (Mohammed Abdu). These identify different works, different institutions or different artist attributes. The review excluded the protected Zaman Al Samt performer and Wardak Ya Zare Al Ward first-radio-song facts while authoring. Different song credits, artist instruments, labels, collaborators and musical genres remain separate relations; no retained pair asks the same relation about the same entity."
"saudi_music_v2_059/gulf_music_v2_066","b406d9ceca84f966e497167307c001aa8c37ff3bde8f14fffa0ad49ed0329868","distinct","Assistant inspected song:saqiatash:singer: Which Saudi singer performs Saqi Al Atash? (Ayed) against song:tenadeek:singer: Which singer recorded Tenadeek? (Majid Al Mohandis). These identify different works, different institutions or different artist attributes. The review excluded the protected Zaman Al Samt performer and Wardak Ya Zare Al Ward first-radio-song facts while authoring. Different song credits, artist instruments, labels, collaborators and musical genres remain separate relations; no retained pair asks the same relation about the same entity."
"saudi_music_v2_060/gulf_music_v2_015","6576cfa5d28bbc3400d661626b3a66ad59b1bca8a5cc432e5b30fd7c80db8b3b","distinct","Assistant inspected song:istiraha:singer: Which Saudi singer performs Estrahet Mohareb? (Ayed) against song:alamaken:singer: Which singer performs Al Amaken? (Mohammed Abdu). These identify different works, different institutions or different artist attributes. The review excluded the protected Zaman Al Samt performer and Wardak Ya Zare Al Ward first-radio-song facts while authoring. Different song credits, artist instruments, labels, collaborators and musical genres remain separate relations; no retained pair asks the same relation about the same entity."
"saudi_music_v2_060/gulf_music_v2_052","f6cc2757d847e60fe3d652bc7b3fee348248a0df6b37126fc2e01aa335a8ba82","distinct","Assistant inspected song:istiraha:singer: Which Saudi singer performs Estrahet Mohareb? (Ayed) against song:mozhela:singer: Which singer recorded Mozhela? (Mohammed Abdu). These identify different works, different institutions or different artist attributes. The review excluded the protected Zaman Al Samt performer and Wardak Ya Zare Al Ward first-radio-song facts while authoring. Different song credits, artist instruments, labels, collaborators and musical genres remain separate relations; no retained pair asks the same relation about the same entity."
"saudi_music_v2_060/gulf_music_v2_066","30ba215311863c28c8184c5dfd62aa7f40031ecd4554d4b65e882e66f20f350d","distinct","Assistant inspected song:istiraha:singer: Which Saudi singer performs Estrahet Mohareb? (Ayed) against song:tenadeek:singer: Which singer recorded Tenadeek? (Majid Al Mohandis). These identify different works, different institutions or different artist attributes. The review excluded the protected Zaman Al Samt performer and Wardak Ya Zare Al Ward first-radio-song facts while authoring. Different song credits, artist instruments, labels, collaborators and musical genres remain separate relations; no retained pair asks the same relation about the same entity."
"saudi_music_v2_065/gulf_music_v2_002","e88f1774b08e29a538d540d7de0fe35f7394e4e3129e245dfe418fd1ff26a9fc","distinct","Assistant inspected song:mendala:singer: Which Saudi singer performs Men Dalaak? (Khalid Abdulrahman) against song:iyar:singer: Which Omani singer performs Iyar? (Salah Al Zadjali). These identify different works, different institutions or different artist attributes. The review excluded the protected Zaman Al Samt performer and Wardak Ya Zare Al Ward first-radio-song facts while authoring. Different song credits, artist instruments, labels, collaborators and musical genres remain separate relations; no retained pair asks the same relation about the same entity."
"saudi_music_v2_065/gulf_music_v2_015","41b2b73bc807e1810af9162708843e39546e5c93f9acba4cf344f9aa2cb8a130","distinct","Assistant inspected song:mendala:singer: Which Saudi singer performs Men Dalaak? (Khalid Abdulrahman) against song:alamaken:singer: Which singer performs Al Amaken? (Mohammed Abdu). These identify different works, different institutions or different artist attributes. The review excluded the protected Zaman Al Samt performer and Wardak Ya Zare Al Ward first-radio-song facts while authoring. Different song credits, artist instruments, labels, collaborators and musical genres remain separate relations; no retained pair asks the same relation about the same entity."
"saudi_music_v2_065/gulf_music_v2_016","5d7a4a693e945ae427be92dc7d02f910d64d2a8feddab8dac6d99f5d5074a3ff","distinct","Assistant inspected song:mendala:singer: Which Saudi singer performs Men Dalaak? (Khalid Abdulrahman) against song:yabadahom:singer: Which singer performs Ya Badohom? (Abdul Majeed Abdullah). These identify different works, different institutions or different artist attributes. The review excluded the protected Zaman Al Samt performer and Wardak Ya Zare Al Ward first-radio-song facts while authoring. Different song credits, artist instruments, labels, collaborators and musical genres remain separate relations; no retained pair asks the same relation about the same entity."
"saudi_music_v2_065/gulf_music_v2_017","e06c475cda4fadeb670fa63830da5884711a69dcca4cf029158ab94e13e581bb","distinct","Assistant inspected song:mendala:singer: Which Saudi singer performs Men Dalaak? (Khalid Abdulrahman) against song:rahalty:singer: Which Kuwaiti singer performs Rahalty? (Abdullah Al Rowaished). These identify different works, different institutions or different artist attributes. The review excluded the protected Zaman Al Samt performer and Wardak Ya Zare Al Ward first-radio-song facts while authoring. Different song credits, artist instruments, labels, collaborators and musical genres remain separate relations; no retained pair asks the same relation about the same entity."
"saudi_music_v2_065/gulf_music_v2_022","48f776d6166e2b635b6e4bba6ed55b591431cb59610b4d54debbce8dd49c3665","distinct","Assistant inspected song:mendala:singer: Which Saudi singer performs Men Dalaak? (Khalid Abdulrahman) against song:sheratan:singer: Which singer performs Sheratan Al Thahab? (Rashed Al Majid). These identify different works, different institutions or different artist attributes. The review excluded the protected Zaman Al Samt performer and Wardak Ya Zare Al Ward first-radio-song facts while authoring. Different song credits, artist instruments, labels, collaborators and musical genres remain separate relations; no retained pair asks the same relation about the same entity."
"saudi_music_v2_065/gulf_music_v2_037","dcae17bfd8d1b3a68009b493a6be3ecef182cf4a3c9b482fa4c5b2ae7627853f","distinct","Assistant inspected song:mendala:singer: Which Saudi singer performs Men Dalaak? (Khalid Abdulrahman) against song:duniaalwalah:singer: Which singer recorded Dunia Al Walah? (Abdullah Al Rowaished). These identify different works, different institutions or different artist attributes. The review excluded the protected Zaman Al Samt performer and Wardak Ya Zare Al Ward first-radio-song facts while authoring. Different song credits, artist instruments, labels, collaborators and musical genres remain separate relations; no retained pair asks the same relation about the same entity."
"saudi_music_v2_065/gulf_music_v2_052","9e91fbeb501f05b2e1ca0e113c3e2163e7b20c5524984da4588f037ad241b40f","distinct","Assistant inspected song:mendala:singer: Which Saudi singer performs Men Dalaak? (Khalid Abdulrahman) against song:mozhela:singer: Which singer recorded Mozhela? (Mohammed Abdu). These identify different works, different institutions or different artist attributes. The review excluded the protected Zaman Al Samt performer and Wardak Ya Zare Al Ward first-radio-song facts while authoring. Different song credits, artist instruments, labels, collaborators and musical genres remain separate relations; no retained pair asks the same relation about the same entity."
"saudi_music_v2_065/gulf_music_v2_056","f7d0be0220c3c8d726903db65c8c6ac3fdaf7369284fa9ffd0be45f9e6cb5a67","distinct","Assistant inspected song:mendala:singer: Which Saudi singer performs Men Dalaak? (Khalid Abdulrahman) against song:qalootara:singer: Which singer recorded Qaloo Tara? (Abadi Al Johar). These identify different works, different institutions or different artist attributes. The review excluded the protected Zaman Al Samt performer and Wardak Ya Zare Al Ward first-radio-song facts while authoring. Different song credits, artist instruments, labels, collaborators and musical genres remain separate relations; no retained pair asks the same relation about the same entity."
"saudi_music_v2_065/gulf_music_v2_066","5204865b3adaae9877d55049ee9133e82cba3a68209d09f77db0e3ae56e67bdf","distinct","Assistant inspected song:mendala:singer: Which Saudi singer performs Men Dalaak? (Khalid Abdulrahman) against song:tenadeek:singer: Which singer recorded Tenadeek? (Majid Al Mohandis). These identify different works, different institutions or different artist attributes. The review excluded the protected Zaman Al Samt performer and Wardak Ya Zare Al Ward first-radio-song facts while authoring. Different song credits, artist instruments, labels, collaborators and musical genres remain separate relations; no retained pair asks the same relation about the same entity."
"saudi_music_v2_070/gulf_music_v2_081","bbd11015e953dc7e98472c94c87651913619305e464f77c01bdc115b023f782d","distinct","Assistant inspected song:ikhtalafna:composer: Who composed Mohammed Abdu's Ikhtalafna? (Mohammed Abdu) against song:alamaken:composer: Who composed Mohammed Abdu's Al Amaken? (Nasser Al Saleh). These identify different works, different institutions or different artist attributes. The review excluded the protected Zaman Al Samt performer and Wardak Ya Zare Al Ward first-radio-song facts while authoring. Different song credits, artist instruments, labels, collaborators and musical genres remain separate relations; no retained pair asks the same relation about the same entity."
"saudi_music_v2_070/gulf_music_v2_109","e6d4e5bb35f3cbb74f98591a85c65a165adc6d71106eb9da13f07007426ccbae","distinct","Assistant inspected song:ikhtalafna:composer: Who composed Mohammed Abdu's Ikhtalafna? (Mohammed Abdu) against song:lelatkhamis:composer: Who composed Mohammed Abdu's Lelat Khamis? (Omar Kadars). These identify different works, different institutions or different artist attributes. The review excluded the protected Zaman Al Samt performer and Wardak Ya Zare Al Ward first-radio-song facts while authoring. Different song credits, artist instruments, labels, collaborators and musical genres remain separate relations; no retained pair asks the same relation about the same entity."
"saudi_music_v2_070/gulf_music_v2_112","34957d9c25b3a374f4a7e2755580b4b0136b4161303a9f3380746c4dae31b2e6","distinct","Assistant inspected song:ikhtalafna:composer: Who composed Mohammed Abdu's Ikhtalafna? (Mohammed Abdu) against song:mozhela:composer: Who composed Mohammed Abdu's Mozhela? (Sadeg Al Shaer). These identify different works, different institutions or different artist attributes. The review excluded the protected Zaman Al Samt performer and Wardak Ya Zare Al Ward first-radio-song facts while authoring. Different song credits, artist instruments, labels, collaborators and musical genres remain separate relations; no retained pair asks the same relation about the same entity."
"saudi_music_v2_070/gulf_music_v2_132","d174a72eec8523234bd7edbe460914f5d7857e678cf716df221198572bc6d399","distinct","Assistant inspected song:ikhtalafna:composer: Who composed Mohammed Abdu's Ikhtalafna? (Mohammed Abdu) against song:martnidunya:composer: Who composed Mohammed Abdu's Martni Al Dunya? (Siraj Omar). These identify different works, different institutions or different artist attributes. The review excluded the protected Zaman Al Samt performer and Wardak Ya Zare Al Ward first-radio-song facts while authoring. Different song credits, artist instruments, labels, collaborators and musical genres remain separate relations; no retained pair asks the same relation about the same entity."
"saudi_music_v2_071/gulf_music_v2_080","9fe21a0230191df4d2edecd4b88b67d60cc8da6fa248faad3471e16dfcd6eb99","distinct","Assistant inspected song:azeemehsasi:composer: Who composed Rashed Al Majid's Azeem Ehsasi? (Ahmed Al Harmi) against song:musafir:composer: Who composed Rashed Al Majid's Al Musafir? (Abdul Rab Idris). These identify different works, different institutions or different artist attributes. The review excluded the protected Zaman Al Samt performer and Wardak Ya Zare Al Ward first-radio-song facts while authoring. Different song credits, artist instruments, labels, collaborators and musical genres remain separate relations; no retained pair asks the same relation about the same entity."
"saudi_music_v2_071/gulf_music_v2_087","551b5fc2461d9e87e7da8fbc9e1e59217c757d3f7352f246c968c388b7fe72ca","distinct","Assistant inspected song:azeemehsasi:composer: Who composed Rashed Al Majid's Azeem Ehsasi? (Ahmed Al Harmi) against song:sheratan:composer: Who composed Rashed Al Majid's Sheratan Al Thahab? (Saleh Al Shehri). These identify different works, different institutions or different artist attributes. The review excluded the protected Zaman Al Samt performer and Wardak Ya Zare Al Ward first-radio-song facts while authoring. Different song credits, artist instruments, labels, collaborators and musical genres remain separate relations; no retained pair asks the same relation about the same entity."
"saudi_music_v2_071/gulf_music_v2_100","618b4af0750c3c3331712d4cdb825f0a047aad485106ae09f21ad04d3bacffeb","distinct","Assistant inspected song:azeemehsasi:composer: Who composed Rashed Al Majid's Azeem Ehsasi? (Ahmed Al Harmi) against song:wahashtnyswalifk:composer: Who composed Rashed Al Majid's 1996 song Wahashtny Swalifk? (Abdul Rab Idris). These identify different works, different institutions or different artist attributes. The review excluded the protected Zaman Al Samt performer and Wardak Ya Zare Al Ward first-radio-song facts while authoring. Different song credits, artist instruments, labels, collaborators and musical genres remain separate relations; no retained pair asks the same relation about the same entity."
"saudi_music_v2_071/gulf_music_v2_104","c16f0ea0ba790fc1964bc0eeb23ed1c0093b69fbcbe9864de6f1a20d700f35d0","distinct","Assistant inspected song:azeemehsasi:composer: Who composed Rashed Al Majid's Azeem Ehsasi? (Ahmed Al Harmi) against song:methelqalbk:composer: Who composed Rashed Al Majid's Methel Qalbk? (Nawaf Abdullah). These identify different works, different institutions or different artist attributes. The review excluded the protected Zaman Al Samt performer and Wardak Ya Zare Al Ward first-radio-song facts while authoring. Different song credits, artist instruments, labels, collaborators and musical genres remain separate relations; no retained pair asks the same relation about the same entity."
"saudi_music_v2_071/gulf_music_v2_110","8501a46a7b79d59caa2b3a48ccce0a646594163342acb74f8e2e8168146f4b9d","distinct","Assistant inspected song:azeemehsasi:composer: Who composed Rashed Al Majid's Azeem Ehsasi? (Ahmed Al Harmi) against song:walhan:composer: Who composed Rashed Al Majid's 2020 song Walhan? (Ahmed Al Harmi). These identify different works, different institutions or different artist attributes. The review excluded the protected Zaman Al Samt performer and Wardak Ya Zare Al Ward first-radio-song facts while authoring. Different song credits, artist instruments, labels, collaborators and musical genres remain separate relations; no retained pair asks the same relation about the same entity."
"saudi_music_v2_071/gulf_music_v2_113","2cf7a478c1ae3e6ec0cc86bde96d68a0d5c99319c4196a3774f9200ded22fd4e","distinct","Assistant inspected song:azeemehsasi:composer: Who composed Rashed Al Majid's Azeem Ehsasi? (Ahmed Al Harmi) against song:absher:composer: Who composed Rashed Al Majid's 1991 song Absher? (Saleh Al Shehri). These identify different works, different institutions or different artist attributes. The review excluded the protected Zaman Al Samt performer and Wardak Ya Zare Al Ward first-radio-song facts while authoring. Different song credits, artist instruments, labels, collaborators and musical genres remain separate relations; no retained pair asks the same relation about the same entity."
"saudi_music_v2_071/gulf_music_v2_124","081bdfa804e55a52807f0efbbf5866cbd3a8a62d2234d86d86054a6f1750d443","distinct","Assistant inspected song:azeemehsasi:composer: Who composed Rashed Al Majid's Azeem Ehsasi? (Ahmed Al Harmi) against song:tenadeek:composer: Who composed Majid Al Mohandis's Tenadeek? (Ahmed Al Harmi). These identify different works, different institutions or different artist attributes. The review excluded the protected Zaman Al Samt performer and Wardak Ya Zare Al Ward first-radio-song facts while authoring. Different song credits, artist instruments, labels, collaborators and musical genres remain separate relations; no retained pair asks the same relation about the same entity."
"saudi_music_v2_079/gulf_music_v2_095","def3964ba33a988fcea4b9ec090e3367418cb0b555d9fd66b1ea3a29a573e6ba","distinct","Assistant inspected song:lammah:composer: Who composed Ayed's Lammah? (Rakan) against song:nasetni:composer: Who composed Ayed's 2016 song Nasetni? (Wasm). These identify different works, different institutions or different artist attributes. The review excluded the protected Zaman Al Samt performer and Wardak Ya Zare Al Ward first-radio-song facts while authoring. Different song credits, artist instruments, labels, collaborators and musical genres remain separate relations; no retained pair asks the same relation about the same entity."
"saudi_music_v2_087/gulf_music_v2_111","694060288a3aa54e91fd9264405604912eb855f7482e49c3867d913448b88c24","distinct","Assistant inspected song:entehel:composer: Who composed Abdul Majeed Abdullah's Entehel Shakhsetak? (Sahm) against song:tetanfasak:composer: Who composed Abdul Majeed Abdullah's Tetanfasak Dunyay? (Ahmed Al Harmi). These identify different works, different institutions or different artist attributes. The review excluded the protected Zaman Al Samt performer and Wardak Ya Zare Al Ward first-radio-song facts while authoring. Different song credits, artist instruments, labels, collaborators and musical genres remain separate relations; no retained pair asks the same relation about the same entity."
"saudi_music_v2_087/gulf_music_v2_133","2c69399f7b50c73cd9c47b40b72d931f9bc23c9cbd7790f31b0670f5e27cb024","distinct","Assistant inspected song:entehel:composer: Who composed Abdul Majeed Abdullah's Entehel Shakhsetak? (Sahm) against song:raheeb:composer: Who composed Abdul Majeed Abdullah's Raheeb? (Saleh Al Shehri). These identify different works, different institutions or different artist attributes. The review excluded the protected Zaman Al Samt performer and Wardak Ya Zare Al Ward first-radio-song facts while authoring. Different song credits, artist instruments, labels, collaborators and musical genres remain separate relations; no retained pair asks the same relation about the same entity."
"saudi_music_v2_089/gulf_music_v2_081","6176f19ea1cc691f4706c31f3eed9260d269ea301734c8ef01104c8d73709659","distinct","Assistant inspected song:bentelnour:composer: Who composed Mohammed Abdu's Bent El Nour? (Nasser Al Saleh) against song:alamaken:composer: Who composed Mohammed Abdu's Al Amaken? (Nasser Al Saleh). These identify different works, different institutions or different artist attributes. The review excluded the protected Zaman Al Samt performer and Wardak Ya Zare Al Ward first-radio-song facts while authoring. Different song credits, artist instruments, labels, collaborators and musical genres remain separate relations; no retained pair asks the same relation about the same entity."
"saudi_music_v2_089/gulf_music_v2_109","8e0f4198c8fe8fb4a0c874fe5214a3f1936480521d46feb9b14f079c9ea9c445","distinct","Assistant inspected song:bentelnour:composer: Who composed Mohammed Abdu's Bent El Nour? (Nasser Al Saleh) against song:lelatkhamis:composer: Who composed Mohammed Abdu's Lelat Khamis? (Omar Kadars). These identify different works, different institutions or different artist attributes. The review excluded the protected Zaman Al Samt performer and Wardak Ya Zare Al Ward first-radio-song facts while authoring. Different song credits, artist instruments, labels, collaborators and musical genres remain separate relations; no retained pair asks the same relation about the same entity."
"saudi_music_v2_089/gulf_music_v2_112","cc71cb34fcbfdcd61f7a38cd30511f7b6fa03fb7e284b2727f397ce4bb675102","distinct","Assistant inspected song:bentelnour:composer: Who composed Mohammed Abdu's Bent El Nour? (Nasser Al Saleh) against song:mozhela:composer: Who composed Mohammed Abdu's Mozhela? (Sadeg Al Shaer). These identify different works, different institutions or different artist attributes. The review excluded the protected Zaman Al Samt performer and Wardak Ya Zare Al Ward first-radio-song facts while authoring. Different song credits, artist instruments, labels, collaborators and musical genres remain separate relations; no retained pair asks the same relation about the same entity."
"saudi_music_v2_089/gulf_music_v2_132","3ea2289173b9ab3c03f4ca465a4f16a635e346675f57e1245de79cb4508948ae","distinct","Assistant inspected song:bentelnour:composer: Who composed Mohammed Abdu's Bent El Nour? (Nasser Al Saleh) against song:martnidunya:composer: Who composed Mohammed Abdu's Martni Al Dunya? (Siraj Omar). These identify different works, different institutions or different artist attributes. The review excluded the protected Zaman Al Samt performer and Wardak Ya Zare Al Ward first-radio-song facts while authoring. Different song credits, artist instruments, labels, collaborators and musical genres remain separate relations; no retained pair asks the same relation about the same entity."
"saudi_music_v2_090/gulf_music_v2_080","e1a7be90f9f8eaeed4d11290769a469325bafffa7d2648ebc8ee5aa54ea31289","distinct","Assistant inspected song:anaalabyad:composer: Who composed Rashed Al Majid's Ana Al Abyad? (Yasser Bou Ali) against song:musafir:composer: Who composed Rashed Al Majid's Al Musafir? (Abdul Rab Idris). These identify different works, different institutions or different artist attributes. The review excluded the protected Zaman Al Samt performer and Wardak Ya Zare Al Ward first-radio-song facts while authoring. Different song credits, artist instruments, labels, collaborators and musical genres remain separate relations; no retained pair asks the same relation about the same entity."
"saudi_music_v2_090/gulf_music_v2_087","0275c01a7f4438d173195d049b6ef8c8cb06925f76fb3acd260ee42c2f41457e","distinct","Assistant inspected song:anaalabyad:composer: Who composed Rashed Al Majid's Ana Al Abyad? (Yasser Bou Ali) against song:sheratan:composer: Who composed Rashed Al Majid's Sheratan Al Thahab? (Saleh Al Shehri). These identify different works, different institutions or different artist attributes. The review excluded the protected Zaman Al Samt performer and Wardak Ya Zare Al Ward first-radio-song facts while authoring. Different song credits, artist instruments, labels, collaborators and musical genres remain separate relations; no retained pair asks the same relation about the same entity."
"saudi_music_v2_090/gulf_music_v2_100","30957f2243a5ff6632cab196fe7a2f8a59b330441426de0a22be86d38863685f","distinct","Assistant inspected song:anaalabyad:composer: Who composed Rashed Al Majid's Ana Al Abyad? (Yasser Bou Ali) against song:wahashtnyswalifk:composer: Who composed Rashed Al Majid's 1996 song Wahashtny Swalifk? (Abdul Rab Idris). These identify different works, different institutions or different artist attributes. The review excluded the protected Zaman Al Samt performer and Wardak Ya Zare Al Ward first-radio-song facts while authoring. Different song credits, artist instruments, labels, collaborators and musical genres remain separate relations; no retained pair asks the same relation about the same entity."
"saudi_music_v2_090/gulf_music_v2_104","a3232131d26872c34b5f0786ec016b09704f756b811b5eb757dc10c116df2a8e","distinct","Assistant inspected song:anaalabyad:composer: Who composed Rashed Al Majid's Ana Al Abyad? (Yasser Bou Ali) against song:methelqalbk:composer: Who composed Rashed Al Majid's Methel Qalbk? (Nawaf Abdullah). These identify different works, different institutions or different artist attributes. The review excluded the protected Zaman Al Samt performer and Wardak Ya Zare Al Ward first-radio-song facts while authoring. Different song credits, artist instruments, labels, collaborators and musical genres remain separate relations; no retained pair asks the same relation about the same entity."
"saudi_music_v2_090/gulf_music_v2_110","2f348a34d2f1dc464f1a376caa2ddc46767afacc84bf25bc0c401b147fbd6f92","distinct","Assistant inspected song:anaalabyad:composer: Who composed Rashed Al Majid's Ana Al Abyad? (Yasser Bou Ali) against song:walhan:composer: Who composed Rashed Al Majid's 2020 song Walhan? (Ahmed Al Harmi). These identify different works, different institutions or different artist attributes. The review excluded the protected Zaman Al Samt performer and Wardak Ya Zare Al Ward first-radio-song facts while authoring. Different song credits, artist instruments, labels, collaborators and musical genres remain separate relations; no retained pair asks the same relation about the same entity."
"saudi_music_v2_090/gulf_music_v2_113","2a2e37662f7d73aee1be6f8410db506c2e715fb9b9354f7528f93bfc5fc7e3cb","distinct","Assistant inspected song:anaalabyad:composer: Who composed Rashed Al Majid's Ana Al Abyad? (Yasser Bou Ali) against song:absher:composer: Who composed Rashed Al Majid's 1991 song Absher? (Saleh Al Shehri). These identify different works, different institutions or different artist attributes. The review excluded the protected Zaman Al Samt performer and Wardak Ya Zare Al Ward first-radio-song facts while authoring. Different song credits, artist instruments, labels, collaborators and musical genres remain separate relations; no retained pair asks the same relation about the same entity."
"saudi_music_v2_090/gulf_music_v2_124","d84d0a607d256e9a010bc8a6d474c077885eec28bed29a4411eb90ea92fb3bf2","distinct","Assistant inspected song:anaalabyad:composer: Who composed Rashed Al Majid's Ana Al Abyad? (Yasser Bou Ali) against song:tenadeek:composer: Who composed Majid Al Mohandis's Tenadeek? (Ahmed Al Harmi). These identify different works, different institutions or different artist attributes. The review excluded the protected Zaman Al Samt performer and Wardak Ya Zare Al Ward first-radio-song facts while authoring. Different song credits, artist instruments, labels, collaborators and musical genres remain separate relations; no retained pair asks the same relation about the same entity."
"saudi_music_v2_091/gulf_music_v2_111","71a8421f9691ae920bac9373dfa5d390191c89154d2383d2563d6ee6680d02fc","distinct","Assistant inspected song:awalhekaya:composer: Who composed Abdul Majeed Abdullah's Awal Hekayatna? (Tareq Mohammed) against song:tetanfasak:composer: Who composed Abdul Majeed Abdullah's Tetanfasak Dunyay? (Ahmed Al Harmi). These identify different works, different institutions or different artist attributes. The review excluded the protected Zaman Al Samt performer and Wardak Ya Zare Al Ward first-radio-song facts while authoring. Different song credits, artist instruments, labels, collaborators and musical genres remain separate relations; no retained pair asks the same relation about the same entity."
"saudi_music_v2_091/gulf_music_v2_133","2b740c744d6b1cba384a1da1cc119d8106fa0e3c5e8c459dafe1f5b278785796","distinct","Assistant inspected song:awalhekaya:composer: Who composed Abdul Majeed Abdullah's Awal Hekayatna? (Tareq Mohammed) against song:raheeb:composer: Who composed Abdul Majeed Abdullah's Raheeb? (Saleh Al Shehri). These identify different works, different institutions or different artist attributes. The review excluded the protected Zaman Al Samt performer and Wardak Ya Zare Al Ward first-radio-song facts while authoring. Different song credits, artist instruments, labels, collaborators and musical genres remain separate relations; no retained pair asks the same relation about the same entity."
"saudi_music_v2_092/gulf_music_v2_088","6f6dbaea503bc1c1ada5f5fc6e6e7782e7ce2222a9a24424ed5537d12ea6ca72","distinct","Assistant inspected song:mawedthani:composer: Who composed Talal Maddah's Al Mawed Al Thani? (Siraj Omar) against song:maqadir:composer: Who composed Talal Maddah's Maqadir? (Siraj Omar). These identify different works, different institutions or different artist attributes. The review excluded the protected Zaman Al Samt performer and Wardak Ya Zare Al Ward first-radio-song facts while authoring. Different song credits, artist instruments, labels, collaborators and musical genres remain separate relations; no retained pair asks the same relation about the same entity."
"saudi_music_v2_093/gulf_music_v2_111","c57ec95830cb5dd3f2bd146493193ccd5b69cc8405b2e35ba248163349ac68fe","distinct","Assistant inspected song:insanakthar:composer: Who composed Abdul Majeed Abdullah's Ensan Akthar? (Tareq Mohammed) against song:tetanfasak:composer: Who composed Abdul Majeed Abdullah's Tetanfasak Dunyay? (Ahmed Al Harmi). These identify different works, different institutions or different artist attributes. The review excluded the protected Zaman Al Samt performer and Wardak Ya Zare Al Ward first-radio-song facts while authoring. Different song credits, artist instruments, labels, collaborators and musical genres remain separate relations; no retained pair asks the same relation about the same entity."
"saudi_music_v2_093/gulf_music_v2_133","e0ed0557ea16cdd7051cb805d31ed79164a7dbf283770d86bfadcca5ca63a518","distinct","Assistant inspected song:insanakthar:composer: Who composed Abdul Majeed Abdullah's Ensan Akthar? (Tareq Mohammed) against song:raheeb:composer: Who composed Abdul Majeed Abdullah's Raheeb? (Saleh Al Shehri). These identify different works, different institutions or different artist attributes. The review excluded the protected Zaman Al Samt performer and Wardak Ya Zare Al Ward first-radio-song facts while authoring. Different song credits, artist instruments, labels, collaborators and musical genres remain separate relations; no retained pair asks the same relation about the same entity."
"saudi_music_v2_097/gulf_music_v2_081","ab9cbdfe4882a366fecf2e83d11af8c47f369225735d61515b759e0f1f3da3ec","distinct","Assistant inspected song:maazeem:composer: Who composed Mohammed Abdu's Al Maazeem? (Adnan Khoj) against song:alamaken:composer: Who composed Mohammed Abdu's Al Amaken? (Nasser Al Saleh). These identify different works, different institutions or different artist attributes. The review excluded the protected Zaman Al Samt performer and Wardak Ya Zare Al Ward first-radio-song facts while authoring. Different song credits, artist instruments, labels, collaborators and musical genres remain separate relations; no retained pair asks the same relation about the same entity."
"saudi_music_v2_097/gulf_music_v2_109","967151f12c0d6e040fca05adf6714b0596ec5c9da291daf589c2b82b474466f3","distinct","Assistant inspected song:maazeem:composer: Who composed Mohammed Abdu's Al Maazeem? (Adnan Khoj) against song:lelatkhamis:composer: Who composed Mohammed Abdu's Lelat Khamis? (Omar Kadars). These identify different works, different institutions or different artist attributes. The review excluded the protected Zaman Al Samt performer and Wardak Ya Zare Al Ward first-radio-song facts while authoring. Different song credits, artist instruments, labels, collaborators and musical genres remain separate relations; no retained pair asks the same relation about the same entity."
"saudi_music_v2_097/gulf_music_v2_112","e50348bcfa540bb2ee5a91e261b40685547b635cd9cd0ab44a74aa6eb185fdff","distinct","Assistant inspected song:maazeem:composer: Who composed Mohammed Abdu's Al Maazeem? (Adnan Khoj) against song:mozhela:composer: Who composed Mohammed Abdu's Mozhela? (Sadeg Al Shaer). These identify different works, different institutions or different artist attributes. The review excluded the protected Zaman Al Samt performer and Wardak Ya Zare Al Ward first-radio-song facts while authoring. Different song credits, artist instruments, labels, collaborators and musical genres remain separate relations; no retained pair asks the same relation about the same entity."
"saudi_music_v2_097/gulf_music_v2_132","856e8c28f4bafc08c5f8df13d2f40936796259161b1fea8d2e43bfffa3fc1301","distinct","Assistant inspected song:maazeem:composer: Who composed Mohammed Abdu's Al Maazeem? (Adnan Khoj) against song:martnidunya:composer: Who composed Mohammed Abdu's Martni Al Dunya? (Siraj Omar). These identify different works, different institutions or different artist attributes. The review excluded the protected Zaman Al Samt performer and Wardak Ya Zare Al Ward first-radio-song facts while authoring. Different song credits, artist instruments, labels, collaborators and musical genres remain separate relations; no retained pair asks the same relation about the same entity."
"saudi_music_v2_098/gulf_music_v2_080","9c7056babb7cf0eccf687f17af2ab1d1a561c6401433f8d596399ee9c157ae23","distinct","Assistant inspected song:tahdooh:composer: Who composed Rashed Al Majid's Tahdooh Al Bashar? (Mishal Al Arouj) against song:musafir:composer: Who composed Rashed Al Majid's Al Musafir? (Abdul Rab Idris). These identify different works, different institutions or different artist attributes. The review excluded the protected Zaman Al Samt performer and Wardak Ya Zare Al Ward first-radio-song facts while authoring. Different song credits, artist instruments, labels, collaborators and musical genres remain separate relations; no retained pair asks the same relation about the same entity."
"saudi_music_v2_098/gulf_music_v2_087","47c1d2133ae0420682404faeae018fad55d3baafe3e3dc82dbe1ba07a92ccaf2","distinct","Assistant inspected song:tahdooh:composer: Who composed Rashed Al Majid's Tahdooh Al Bashar? (Mishal Al Arouj) against song:sheratan:composer: Who composed Rashed Al Majid's Sheratan Al Thahab? (Saleh Al Shehri). These identify different works, different institutions or different artist attributes. The review excluded the protected Zaman Al Samt performer and Wardak Ya Zare Al Ward first-radio-song facts while authoring. Different song credits, artist instruments, labels, collaborators and musical genres remain separate relations; no retained pair asks the same relation about the same entity."
"saudi_music_v2_098/gulf_music_v2_100","454ace0af656647a7655bb7d37a5483f94489ba50fc5b2a3a3e1be2037762c23","distinct","Assistant inspected song:tahdooh:composer: Who composed Rashed Al Majid's Tahdooh Al Bashar? (Mishal Al Arouj) against song:wahashtnyswalifk:composer: Who composed Rashed Al Majid's 1996 song Wahashtny Swalifk? (Abdul Rab Idris). These identify different works, different institutions or different artist attributes. The review excluded the protected Zaman Al Samt performer and Wardak Ya Zare Al Ward first-radio-song facts while authoring. Different song credits, artist instruments, labels, collaborators and musical genres remain separate relations; no retained pair asks the same relation about the same entity."
"saudi_music_v2_098/gulf_music_v2_104","e92c148cadfcc2c2eecd4010fdff24b9b7ab19b8d5825f0a9628b8332cd92fc9","distinct","Assistant inspected song:tahdooh:composer: Who composed Rashed Al Majid's Tahdooh Al Bashar? (Mishal Al Arouj) against song:methelqalbk:composer: Who composed Rashed Al Majid's Methel Qalbk? (Nawaf Abdullah). These identify different works, different institutions or different artist attributes. The review excluded the protected Zaman Al Samt performer and Wardak Ya Zare Al Ward first-radio-song facts while authoring. Different song credits, artist instruments, labels, collaborators and musical genres remain separate relations; no retained pair asks the same relation about the same entity."
"saudi_music_v2_098/gulf_music_v2_110","a10f9fcf0a1e849634a6ec8bedb76fcff483ca10bf212a0186892d111b1720ad","distinct","Assistant inspected song:tahdooh:composer: Who composed Rashed Al Majid's Tahdooh Al Bashar? (Mishal Al Arouj) against song:walhan:composer: Who composed Rashed Al Majid's 2020 song Walhan? (Ahmed Al Harmi). These identify different works, different institutions or different artist attributes. The review excluded the protected Zaman Al Samt performer and Wardak Ya Zare Al Ward first-radio-song facts while authoring. Different song credits, artist instruments, labels, collaborators and musical genres remain separate relations; no retained pair asks the same relation about the same entity."
"saudi_music_v2_098/gulf_music_v2_113","7139bc3950908b54e88784bc8ccdac2d0197972cac4effecca82562d7ec9d304","distinct","Assistant inspected song:tahdooh:composer: Who composed Rashed Al Majid's Tahdooh Al Bashar? (Mishal Al Arouj) against song:absher:composer: Who composed Rashed Al Majid's 1991 song Absher? (Saleh Al Shehri). These identify different works, different institutions or different artist attributes. The review excluded the protected Zaman Al Samt performer and Wardak Ya Zare Al Ward first-radio-song facts while authoring. Different song credits, artist instruments, labels, collaborators and musical genres remain separate relations; no retained pair asks the same relation about the same entity."
"saudi_music_v2_098/gulf_music_v2_124","49266d41942dcf77ae3dc65cd65604ddfd49933af00d4bc849a3c39deb0fe541","distinct","Assistant inspected song:tahdooh:composer: Who composed Rashed Al Majid's Tahdooh Al Bashar? (Mishal Al Arouj) against song:tenadeek:composer: Who composed Majid Al Mohandis's Tenadeek? (Ahmed Al Harmi). These identify different works, different institutions or different artist attributes. The review excluded the protected Zaman Al Samt performer and Wardak Ya Zare Al Ward first-radio-song facts while authoring. Different song credits, artist instruments, labels, collaborators and musical genres remain separate relations; no retained pair asks the same relation about the same entity."
"saudi_music_v2_102/gulf_music_v2_081","3fe62b1c238d7894a01d754e3710cc16023ce1e651d3982a3328dec545ac5fce","distinct","Assistant inspected song:rasayel:composer: Who composed Mohammed Abdu's Al Rasayel? (Mohammed Abdu) against song:alamaken:composer: Who composed Mohammed Abdu's Al Amaken? (Nasser Al Saleh). These identify different works, different institutions or different artist attributes. The review excluded the protected Zaman Al Samt performer and Wardak Ya Zare Al Ward first-radio-song facts while authoring. Different song credits, artist instruments, labels, collaborators and musical genres remain separate relations; no retained pair asks the same relation about the same entity."
"saudi_music_v2_102/gulf_music_v2_109","3aa67a77f7bfbafaeee06808e33582dcd4b5a326a126e8cbf7bf71ed9876d50e","distinct","Assistant inspected song:rasayel:composer: Who composed Mohammed Abdu's Al Rasayel? (Mohammed Abdu) against song:lelatkhamis:composer: Who composed Mohammed Abdu's Lelat Khamis? (Omar Kadars). These identify different works, different institutions or different artist attributes. The review excluded the protected Zaman Al Samt performer and Wardak Ya Zare Al Ward first-radio-song facts while authoring. Different song credits, artist instruments, labels, collaborators and musical genres remain separate relations; no retained pair asks the same relation about the same entity."
"saudi_music_v2_102/gulf_music_v2_112","e9c61b84e5e8c2e75116e32af7dda762518a5f364e909812327f31be4821508b","distinct","Assistant inspected song:rasayel:composer: Who composed Mohammed Abdu's Al Rasayel? (Mohammed Abdu) against song:mozhela:composer: Who composed Mohammed Abdu's Mozhela? (Sadeg Al Shaer). These identify different works, different institutions or different artist attributes. The review excluded the protected Zaman Al Samt performer and Wardak Ya Zare Al Ward first-radio-song facts while authoring. Different song credits, artist instruments, labels, collaborators and musical genres remain separate relations; no retained pair asks the same relation about the same entity."
"saudi_music_v2_102/gulf_music_v2_132","072f2e76ab247d4d2a38759977f0d9c67a1086cf583402f1fe844f3e671c34be","distinct","Assistant inspected song:rasayel:composer: Who composed Mohammed Abdu's Al Rasayel? (Mohammed Abdu) against song:martnidunya:composer: Who composed Mohammed Abdu's Martni Al Dunya? (Siraj Omar). These identify different works, different institutions or different artist attributes. The review excluded the protected Zaman Al Samt performer and Wardak Ya Zare Al Ward first-radio-song facts while authoring. Different song credits, artist instruments, labels, collaborators and musical genres remain separate relations; no retained pair asks the same relation about the same entity."
"saudi_music_v2_103/gulf_music_v2_088","d7bd044078f3288df6df02404a71bf449f8b22605f6f20aa656bcd8018b5d120","distinct","Assistant inspected song:sayedi:composer: Who composed Talal Maddah's Sayedi Qum? (Talal Maddah) against song:maqadir:composer: Who composed Talal Maddah's Maqadir? (Siraj Omar). These identify different works, different institutions or different artist attributes. The review excluded the protected Zaman Al Samt performer and Wardak Ya Zare Al Ward first-radio-song facts while authoring. Different song credits, artist instruments, labels, collaborators and musical genres remain separate relations; no retained pair asks the same relation about the same entity."
"saudi_music_v2_104/gulf_music_v2_088","128f6c6217ceb38fce7c1588820d45dfb3a460cf785e02495ad30f2f8c92d03c","distinct","Assistant inspected song:ahebbak:composer: Who composed Talal Maddah's Ahebbak Law Tekoun Hader? (Talal Maddah) against song:maqadir:composer: Who composed Talal Maddah's Maqadir? (Siraj Omar). These identify different works, different institutions or different artist attributes. The review excluded the protected Zaman Al Samt performer and Wardak Ya Zare Al Ward first-radio-song facts while authoring. Different song credits, artist instruments, labels, collaborators and musical genres remain separate relations; no retained pair asks the same relation about the same entity."
"saudi_music_v2_106/gulf_music_v2_080","f11045497a882720848c29934b80c4d972d193397619a5f5eba9400837e81290","distinct","Assistant inspected song:allamtni:composer: Who composed Rashed Al Majid's Allamtni? (Abdul Rab Idris) against song:musafir:composer: Who composed Rashed Al Majid's Al Musafir? (Abdul Rab Idris). These identify different works, different institutions or different artist attributes. The review excluded the protected Zaman Al Samt performer and Wardak Ya Zare Al Ward first-radio-song facts while authoring. Different song credits, artist instruments, labels, collaborators and musical genres remain separate relations; no retained pair asks the same relation about the same entity."
"saudi_music_v2_106/gulf_music_v2_087","c4d3690e623d9e1250a206f1e518d9641ec8ae8c27efff2b305dea3bd1ea96e6","distinct","Assistant inspected song:allamtni:composer: Who composed Rashed Al Majid's Allamtni? (Abdul Rab Idris) against song:sheratan:composer: Who composed Rashed Al Majid's Sheratan Al Thahab? (Saleh Al Shehri). These identify different works, different institutions or different artist attributes. The review excluded the protected Zaman Al Samt performer and Wardak Ya Zare Al Ward first-radio-song facts while authoring. Different song credits, artist instruments, labels, collaborators and musical genres remain separate relations; no retained pair asks the same relation about the same entity."
"saudi_music_v2_106/gulf_music_v2_100","17b7b88e8cdf00a765ae86bb195a831812845c759a3161dbf670c4571c42d0ee","distinct","Assistant inspected song:allamtni:composer: Who composed Rashed Al Majid's Allamtni? (Abdul Rab Idris) against song:wahashtnyswalifk:composer: Who composed Rashed Al Majid's 1996 song Wahashtny Swalifk? (Abdul Rab Idris). These identify different works, different institutions or different artist attributes. The review excluded the protected Zaman Al Samt performer and Wardak Ya Zare Al Ward first-radio-song facts while authoring. Different song credits, artist instruments, labels, collaborators and musical genres remain separate relations; no retained pair asks the same relation about the same entity."
"saudi_music_v2_106/gulf_music_v2_104","bb42754a9af0eba9366fcf24e3edd7d71593b34b0d8d68eaa781fcadee4273bc","distinct","Assistant inspected song:allamtni:composer: Who composed Rashed Al Majid's Allamtni? (Abdul Rab Idris) against song:methelqalbk:composer: Who composed Rashed Al Majid's Methel Qalbk? (Nawaf Abdullah). These identify different works, different institutions or different artist attributes. The review excluded the protected Zaman Al Samt performer and Wardak Ya Zare Al Ward first-radio-song facts while authoring. Different song credits, artist instruments, labels, collaborators and musical genres remain separate relations; no retained pair asks the same relation about the same entity."
"saudi_music_v2_106/gulf_music_v2_110","359da05907b739ff63e15ac4db59c6d5173c605494db230f46e6ea172e98b11e","distinct","Assistant inspected song:allamtni:composer: Who composed Rashed Al Majid's Allamtni? (Abdul Rab Idris) against song:walhan:composer: Who composed Rashed Al Majid's 2020 song Walhan? (Ahmed Al Harmi). These identify different works, different institutions or different artist attributes. The review excluded the protected Zaman Al Samt performer and Wardak Ya Zare Al Ward first-radio-song facts while authoring. Different song credits, artist instruments, labels, collaborators and musical genres remain separate relations; no retained pair asks the same relation about the same entity."
"saudi_music_v2_106/gulf_music_v2_113","828e058802cffc745952c890134b0a7ca458e443254c81891fe5028fbf6deb41","distinct","Assistant inspected song:allamtni:composer: Who composed Rashed Al Majid's Allamtni? (Abdul Rab Idris) against song:absher:composer: Who composed Rashed Al Majid's 1991 song Absher? (Saleh Al Shehri). These identify different works, different institutions or different artist attributes. The review excluded the protected Zaman Al Samt performer and Wardak Ya Zare Al Ward first-radio-song facts while authoring. Different song credits, artist instruments, labels, collaborators and musical genres remain separate relations; no retained pair asks the same relation about the same entity."
"saudi_music_v2_106/gulf_music_v2_124","beb6b4f961022350a2d84d9af94081c40a0f6c723a4efbaaf93dad6a5952276b","distinct","Assistant inspected song:allamtni:composer: Who composed Rashed Al Majid's Allamtni? (Abdul Rab Idris) against song:tenadeek:composer: Who composed Majid Al Mohandis's Tenadeek? (Ahmed Al Harmi). These identify different works, different institutions or different artist attributes. The review excluded the protected Zaman Al Samt performer and Wardak Ya Zare Al Ward first-radio-song facts while authoring. Different song credits, artist instruments, labels, collaborators and musical genres remain separate relations; no retained pair asks the same relation about the same entity."
"saudi_music_v2_108/gulf_music_v2_103","e99b53134548c06e037db543eae37a772cee7dfb7dd3338097c38b96e58c12aa","distinct","Assistant inspected song:seqa:composer: Who composed Rabeh Saqer's Seqa Allah? (Yasser Bou Ali) against song:wajed:composer: Who composed Rabeh Saqer's 2022 song Wajed? (Sahm). These identify different works, different institutions or different artist attributes. The review excluded the protected Zaman Al Samt performer and Wardak Ya Zare Al Ward first-radio-song facts while authoring. Different song credits, artist instruments, labels, collaborators and musical genres remain separate relations; no retained pair asks the same relation about the same entity."
"saudi_music_v2_113/gulf_music_v2_080","b21fc0ab24a044f47263d0bf27c5c91370d40e340cad12221bbac6292d869e74","distinct","Assistant inspected song:entithar:composer: Who composed Majid Al Mohandis's Entitharak Saab? (Majid Al Mohandis) against song:musafir:composer: Who composed Rashed Al Majid's Al Musafir? (Abdul Rab Idris). These identify different works, different institutions or different artist attributes. The review excluded the protected Zaman Al Samt performer and Wardak Ya Zare Al Ward first-radio-song facts while authoring. Different song credits, artist instruments, labels, collaborators and musical genres remain separate relations; no retained pair asks the same relation about the same entity."
"saudi_music_v2_113/gulf_music_v2_124","4e7b4123fd85bbc63c7a054114690d8dcff6184e8be197c4e774364cffe30d27","distinct","Assistant inspected song:entithar:composer: Who composed Majid Al Mohandis's Entitharak Saab? (Majid Al Mohandis) against song:tenadeek:composer: Who composed Majid Al Mohandis's Tenadeek? (Ahmed Al Harmi). These identify different works, different institutions or different artist attributes. The review excluded the protected Zaman Al Samt performer and Wardak Ya Zare Al Ward first-radio-song facts while authoring. Different song credits, artist instruments, labels, collaborators and musical genres remain separate relations; no retained pair asks the same relation about the same entity."
"saudi_music_v2_116/gulf_music_v2_081","de85398912d5fa72f67fbea6445c6339041e2ed0bb37f558d6c7711407f20a4f","distinct","Assistant inspected song:alabal:composer: Who composed Mohammed Abdu's Ala El Bal? (Mohammed Abdu) against song:alamaken:composer: Who composed Mohammed Abdu's Al Amaken? (Nasser Al Saleh). These identify different works, different institutions or different artist attributes. The review excluded the protected Zaman Al Samt performer and Wardak Ya Zare Al Ward first-radio-song facts while authoring. Different song credits, artist instruments, labels, collaborators and musical genres remain separate relations; no retained pair asks the same relation about the same entity."
"saudi_music_v2_116/gulf_music_v2_109","28adb03c9cae4242c461d76c9fa683340c619f61c78af65809d4a4a5d2f82f47","distinct","Assistant inspected song:alabal:composer: Who composed Mohammed Abdu's Ala El Bal? (Mohammed Abdu) against song:lelatkhamis:composer: Who composed Mohammed Abdu's Lelat Khamis? (Omar Kadars). These identify different works, different institutions or different artist attributes. The review excluded the protected Zaman Al Samt performer and Wardak Ya Zare Al Ward first-radio-song facts while authoring. Different song credits, artist instruments, labels, collaborators and musical genres remain separate relations; no retained pair asks the same relation about the same entity."
"saudi_music_v2_116/gulf_music_v2_112","2e24a740a9879ff862a5dac37ef00a0b63ce6c334772c97cc3c280b71d5417e4","distinct","Assistant inspected song:alabal:composer: Who composed Mohammed Abdu's Ala El Bal? (Mohammed Abdu) against song:mozhela:composer: Who composed Mohammed Abdu's Mozhela? (Sadeg Al Shaer). These identify different works, different institutions or different artist attributes. The review excluded the protected Zaman Al Samt performer and Wardak Ya Zare Al Ward first-radio-song facts while authoring. Different song credits, artist instruments, labels, collaborators and musical genres remain separate relations; no retained pair asks the same relation about the same entity."
"saudi_music_v2_116/gulf_music_v2_132","e58256957dce7a2bad153c11094888869291b17820e5f9d1be93fe971dcbe6d5","distinct","Assistant inspected song:alabal:composer: Who composed Mohammed Abdu's Ala El Bal? (Mohammed Abdu) against song:martnidunya:composer: Who composed Mohammed Abdu's Martni Al Dunya? (Siraj Omar). These identify different works, different institutions or different artist attributes. The review excluded the protected Zaman Al Samt performer and Wardak Ya Zare Al Ward first-radio-song facts while authoring. Different song credits, artist instruments, labels, collaborators and musical genres remain separate relations; no retained pair asks the same relation about the same entity."
"saudi_music_v2_118/gulf_music_v2_103","523f883529a479e343f361eecb78ea94cd21f9318117031327a5d3867cfb9d63","distinct","Assistant inspected song:wainkent:composer: Who composed Rabeh Saqer's Wain Kent? (Rabeh Saqer) against song:wajed:composer: Who composed Rabeh Saqer's 2022 song Wajed? (Sahm). These identify different works, different institutions or different artist attributes. The review excluded the protected Zaman Al Samt performer and Wardak Ya Zare Al Ward first-radio-song facts while authoring. Different song credits, artist instruments, labels, collaborators and musical genres remain separate relations; no retained pair asks the same relation about the same entity."
"saudi_music_v2_119/gulf_music_v2_103","53eb3672b7ce77139d6c2f64e8706ee02f0157f0a604b85c92a7cf6997fa546d","distinct","Assistant inspected song:khamees:composer: Who composed Rabeh Saqer's Khamees? (Sahm) against song:wajed:composer: Who composed Rabeh Saqer's 2022 song Wajed? (Sahm). These identify different works, different institutions or different artist attributes. The review excluded the protected Zaman Al Samt performer and Wardak Ya Zare Al Ward first-radio-song facts while authoring. Different song credits, artist instruments, labels, collaborators and musical genres remain separate relations; no retained pair asks the same relation about the same entity."
"saudi_music_v2_120/gulf_music_v2_088","88f6a948a181442a9e755d5b490810d950b256a219612c658e941f08971962ec","distinct","Assistant inspected song:atni:composer: Who composed Talal Maddah's Atni Al Mahabba? (Talal Maddah) against song:maqadir:composer: Who composed Talal Maddah's Maqadir? (Siraj Omar). These identify different works, different institutions or different artist attributes. The review excluded the protected Zaman Al Samt performer and Wardak Ya Zare Al Ward first-radio-song facts while authoring. Different song credits, artist instruments, labels, collaborators and musical genres remain separate relations; no retained pair asks the same relation about the same entity."
"saudi_music_v2_124/gulf_music_v2_088","5ba63e835661d0a25d2a7c494433cd3265def15a4e09759a96c019209d32665b","distinct","Assistant inspected song:yasariya:composer: Who composed Talal Maddah's Ya Sariya Khabbirini? (Omar Kedres) against song:maqadir:composer: Who composed Talal Maddah's Maqadir? (Siraj Omar). These identify different works, different institutions or different artist attributes. The review excluded the protected Zaman Al Samt performer and Wardak Ya Zare Al Ward first-radio-song facts while authoring. Different song credits, artist instruments, labels, collaborators and musical genres remain separate relations; no retained pair asks the same relation about the same entity."
"saudi_music_v2_125/gulf_music_v2_080","afdc4339f40dc0ae5a5d9508d64c4eacfc18a7b8a50323bce3a2a7209cfcaa20","distinct","Assistant inspected song:azzah:composer: Who composed Rashed Al Fares's Azzah? (Sahm) against song:musafir:composer: Who composed Rashed Al Majid's Al Musafir? (Abdul Rab Idris). These identify different works, different institutions or different artist attributes. The review excluded the protected Zaman Al Samt performer and Wardak Ya Zare Al Ward first-radio-song facts while authoring. Different song credits, artist instruments, labels, collaborators and musical genres remain separate relations; no retained pair asks the same relation about the same entity."
"saudi_music_v2_125/gulf_music_v2_087","aab80d78576063b6519f2d792d683fdbdf0fb5049e98f940ca426a2ef2dceaaf","distinct","Assistant inspected song:azzah:composer: Who composed Rashed Al Fares's Azzah? (Sahm) against song:sheratan:composer: Who composed Rashed Al Majid's Sheratan Al Thahab? (Saleh Al Shehri). These identify different works, different institutions or different artist attributes. The review excluded the protected Zaman Al Samt performer and Wardak Ya Zare Al Ward first-radio-song facts while authoring. Different song credits, artist instruments, labels, collaborators and musical genres remain separate relations; no retained pair asks the same relation about the same entity."
"saudi_music_v2_125/gulf_music_v2_104","2df36d7e7a4998a5dd6f9a01ee638d85521fc824866d6c238226372ae57df463","distinct","Assistant inspected song:azzah:composer: Who composed Rashed Al Fares's Azzah? (Sahm) against song:methelqalbk:composer: Who composed Rashed Al Majid's Methel Qalbk? (Nawaf Abdullah). These identify different works, different institutions or different artist attributes. The review excluded the protected Zaman Al Samt performer and Wardak Ya Zare Al Ward first-radio-song facts while authoring. Different song credits, artist instruments, labels, collaborators and musical genres remain separate relations; no retained pair asks the same relation about the same entity."
"saudi_music_v2_126/gulf_music_v2_088","2fc17169dd9c73dffad037625e298dc3e5a8646eca5e2546eef14b1271cbd2c8","distinct","Assistant inspected song:aghrab:composer: Who composed Talal Maddah's Aghrab? (Siraj Omar) against song:maqadir:composer: Who composed Talal Maddah's Maqadir? (Siraj Omar). These identify different works, different institutions or different artist attributes. The review excluded the protected Zaman Al Samt performer and Wardak Ya Zare Al Ward first-radio-song facts while authoring. Different song credits, artist instruments, labels, collaborators and musical genres remain separate relations; no retained pair asks the same relation about the same entity."
"saudi_music_v2_127/gulf_music_v2_081","fe0a713592e5d775d3cd7f0684e08e54d3e3e0aee3d3b9fffc498b38357ba13f","distinct","Assistant inspected song:lanaallah:composer: Who composed Mohammed Abdu's Lana Allah? (Tariq Abdulhakim) against song:alamaken:composer: Who composed Mohammed Abdu's Al Amaken? (Nasser Al Saleh). These identify different works, different institutions or different artist attributes. The review excluded the protected Zaman Al Samt performer and Wardak Ya Zare Al Ward first-radio-song facts while authoring. Different song credits, artist instruments, labels, collaborators and musical genres remain separate relations; no retained pair asks the same relation about the same entity."
"saudi_music_v2_127/gulf_music_v2_109","8a70cc5069c9039249e2ec1788fd742513e08816f0ed22a9f111ab53196dff50","distinct","Assistant inspected song:lanaallah:composer: Who composed Mohammed Abdu's Lana Allah? (Tariq Abdulhakim) against song:lelatkhamis:composer: Who composed Mohammed Abdu's Lelat Khamis? (Omar Kadars). These identify different works, different institutions or different artist attributes. The review excluded the protected Zaman Al Samt performer and Wardak Ya Zare Al Ward first-radio-song facts while authoring. Different song credits, artist instruments, labels, collaborators and musical genres remain separate relations; no retained pair asks the same relation about the same entity."
"saudi_music_v2_127/gulf_music_v2_112","3a653fce60149ad202a5e4f99d37780dbd7d2ac922fc53e833d59eaa1c5df963","distinct","Assistant inspected song:lanaallah:composer: Who composed Mohammed Abdu's Lana Allah? (Tariq Abdulhakim) against song:mozhela:composer: Who composed Mohammed Abdu's Mozhela? (Sadeg Al Shaer). These identify different works, different institutions or different artist attributes. The review excluded the protected Zaman Al Samt performer and Wardak Ya Zare Al Ward first-radio-song facts while authoring. Different song credits, artist instruments, labels, collaborators and musical genres remain separate relations; no retained pair asks the same relation about the same entity."
"saudi_music_v2_127/gulf_music_v2_132","d409d7651df4f8af3c2517644073c52b71ab821b5a274ed0bb212d83b1766633","distinct","Assistant inspected song:lanaallah:composer: Who composed Mohammed Abdu's Lana Allah? (Tariq Abdulhakim) against song:martnidunya:composer: Who composed Mohammed Abdu's Martni Al Dunya? (Siraj Omar). These identify different works, different institutions or different artist attributes. The review excluded the protected Zaman Al Samt performer and Wardak Ya Zare Al Ward first-radio-song facts while authoring. Different song credits, artist instruments, labels, collaborators and musical genres remain separate relations; no retained pair asks the same relation about the same entity."
"saudi_music_v2_129/gulf_music_v2_090","349130610aba45c6ba41dd16d57fc0b8600c52bda502ec740dce3714255cce8e","distinct","Assistant inspected song:khalas:composer: Who composed Rabeh Saqer's Khalas? (Ahmed Al Harmi) against song:wadaatak:composer: Who composed Rabeh Saqer's Wadaatak on the album Sedqni? (Yaser Bu Ali). These identify different works, different institutions or different artist attributes. The review excluded the protected Zaman Al Samt performer and Wardak Ya Zare Al Ward first-radio-song facts while authoring. Different song credits, artist instruments, labels, collaborators and musical genres remain separate relations; no retained pair asks the same relation about the same entity."
"saudi_music_v2_129/gulf_music_v2_103","b353b9a3dd26e900fdf9a76802d1876c16fe2578df332ec856c0facefba6165f","distinct","Assistant inspected song:khalas:composer: Who composed Rabeh Saqer's Khalas? (Ahmed Al Harmi) against song:wajed:composer: Who composed Rabeh Saqer's 2022 song Wajed? (Sahm). These identify different works, different institutions or different artist attributes. The review excluded the protected Zaman Al Samt performer and Wardak Ya Zare Al Ward first-radio-song facts while authoring. Different song credits, artist instruments, labels, collaborators and musical genres remain separate relations; no retained pair asks the same relation about the same entity."
"saudi_music_v2_130/gulf_music_v2_090","3d98d18d35a08931ae8e5eb03ead0ba412aa5b01b80abd9eedcf132d274ec8c9","distinct","Assistant inspected song:tahamaltak:composer: Who composed Rabeh Saqer's Tahamaltak? (Sahm) against song:wadaatak:composer: Who composed Rabeh Saqer's Wadaatak on the album Sedqni? (Yaser Bu Ali). These identify different works, different institutions or different artist attributes. The review excluded the protected Zaman Al Samt performer and Wardak Ya Zare Al Ward first-radio-song facts while authoring. Different song credits, artist instruments, labels, collaborators and musical genres remain separate relations; no retained pair asks the same relation about the same entity."
"saudi_music_v2_130/gulf_music_v2_103","407a55a44200b5065a6b1cb60ddcc5f3bc15be2441f1b7b2654d047874f3fe74","distinct","Assistant inspected song:tahamaltak:composer: Who composed Rabeh Saqer's Tahamaltak? (Sahm) against song:wajed:composer: Who composed Rabeh Saqer's 2022 song Wajed? (Sahm). These identify different works, different institutions or different artist attributes. The review excluded the protected Zaman Al Samt performer and Wardak Ya Zare Al Ward first-radio-song facts while authoring. Different song credits, artist instruments, labels, collaborators and musical genres remain separate relations; no retained pair asks the same relation about the same entity."
"saudi_music_v2_131/gulf_music_v2_090","2a241c6b000131abf8c6d6a6e73fb92155475170f64f408e8044c1cd45de226d","distinct","Assistant inspected song:minkobraha:composer: Who composed Rabeh Saqer's Min Kobraha? (Sahm) against song:wadaatak:composer: Who composed Rabeh Saqer's Wadaatak on the album Sedqni? (Yaser Bu Ali). These identify different works, different institutions or different artist attributes. The review excluded the protected Zaman Al Samt performer and Wardak Ya Zare Al Ward first-radio-song facts while authoring. Different song credits, artist instruments, labels, collaborators and musical genres remain separate relations; no retained pair asks the same relation about the same entity."
"saudi_music_v2_131/gulf_music_v2_103","d3bd33b8e4331161cfc417d048e1ec56f0e67800c5137d776be0a5e99deaaadd","distinct","Assistant inspected song:minkobraha:composer: Who composed Rabeh Saqer's Min Kobraha? (Sahm) against song:wajed:composer: Who composed Rabeh Saqer's 2022 song Wajed? (Sahm). These identify different works, different institutions or different artist attributes. The review excluded the protected Zaman Al Samt performer and Wardak Ya Zare Al Ward first-radio-song facts while authoring. Different song credits, artist instruments, labels, collaborators and musical genres remain separate relations; no retained pair asks the same relation about the same entity."
"saudi_music_v2_132/gulf_music_v2_080","661cdff60312f52342ee7f6aec4017885b585c093b6ce4da2651bab27c709159","distinct","Assistant inspected song:akhqalbi:composer: Who composed Majid Al Mohandis's Akh Qalbi? (Ali Saber) against song:musafir:composer: Who composed Rashed Al Majid's Al Musafir? (Abdul Rab Idris). These identify different works, different institutions or different artist attributes. The review excluded the protected Zaman Al Samt performer and Wardak Ya Zare Al Ward first-radio-song facts while authoring. Different song credits, artist instruments, labels, collaborators and musical genres remain separate relations; no retained pair asks the same relation about the same entity."
"saudi_music_v2_132/gulf_music_v2_124","2369eda6d8c055cdda4e4ba8f80c855914b1d8a9c8258150d1d47acd8ae61d11","distinct","Assistant inspected song:akhqalbi:composer: Who composed Majid Al Mohandis's Akh Qalbi? (Ali Saber) against song:tenadeek:composer: Who composed Majid Al Mohandis's Tenadeek? (Ahmed Al Harmi). These identify different works, different institutions or different artist attributes. The review excluded the protected Zaman Al Samt performer and Wardak Ya Zare Al Ward first-radio-song facts while authoring. Different song credits, artist instruments, labels, collaborators and musical genres remain separate relations; no retained pair asks the same relation about the same entity."
"saudi_music_v2_138/gulf_music_v2_152","281f65eb762aae058ea389008f1580cd853566e4b6ca37df85cb8d4af062d3a7","distinct","Assistant inspected song:azeemehsasi:lyricist: Who wrote the words of Rashed Al Majid's Azeem Ehsasi? (Anwar Al Mushairi) against song:musafir:lyricist: Who wrote the lyrics of Rashed Al Majid's Al Musafir? (Badr bin Abdulmohsen). These identify different works, different institutions or different artist attributes. The review excluded the protected Zaman Al Samt performer and Wardak Ya Zare Al Ward first-radio-song facts while authoring. Different song credits, artist instruments, labels, collaborators and musical genres remain separate relations; no retained pair asks the same relation about the same entity."
"saudi_music_v2_138/gulf_music_v2_162","d447ce163b3d32c6248c3d3d8f38fda0ebac8adc3f121640be47bd3eea5fe272","distinct","Assistant inspected song:azeemehsasi:lyricist: Who wrote the words of Rashed Al Majid's Azeem Ehsasi? (Anwar Al Mushairi) against song:sheratan:lyricist: Who wrote the lyrics of Rashed Al Majid's Sheratan Al Thahab under the pen name Al Samer? (Prince Abdulaziz bin Saud). These identify different works, different institutions or different artist attributes. The review excluded the protected Zaman Al Samt performer and Wardak Ya Zare Al Ward first-radio-song facts while authoring. Different song credits, artist instruments, labels, collaborators and musical genres remain separate relations; no retained pair asks the same relation about the same entity."
"saudi_music_v2_138/gulf_music_v2_183","66372840cf75bbc803e9231b8d26942b93cc298651bcfa3cdea1c635b5f8819a","distinct","Assistant inspected song:azeemehsasi:lyricist: Who wrote the words of Rashed Al Majid's Azeem Ehsasi? (Anwar Al Mushairi) against song:methelqalbk:lyricist: Who wrote the lyrics of Rashed Al Majid's Methel Qalbk? (Turki Al Sheikh). These identify different works, different institutions or different artist attributes. The review excluded the protected Zaman Al Samt performer and Wardak Ya Zare Al Ward first-radio-song facts while authoring. Different song credits, artist instruments, labels, collaborators and musical genres remain separate relations; no retained pair asks the same relation about the same entity."
"saudi_music_v2_138/gulf_music_v2_194","c6f0268cdaf2435fef18a105944e607bb0cf0a3fb88fb68ab03f663276e039c2","distinct","Assistant inspected song:azeemehsasi:lyricist: Who wrote the words of Rashed Al Majid's Azeem Ehsasi? (Anwar Al Mushairi) against song:absher:lyricist: Who wrote the lyrics of Rashed Al Majid's Absher? (Rashed bin Juaythen). These identify different works, different institutions or different artist attributes. The review excluded the protected Zaman Al Samt performer and Wardak Ya Zare Al Ward first-radio-song facts while authoring. Different song credits, artist instruments, labels, collaborators and musical genres remain separate relations; no retained pair asks the same relation about the same entity."
"saudi_music_v2_138/gulf_music_v2_203","3f2d68f125001f14b0ce58350765eec4ade2d1de630c4455dba1c4a5eafe8d10","distinct","Assistant inspected song:azeemehsasi:lyricist: Who wrote the words of Rashed Al Majid's Azeem Ehsasi? (Anwar Al Mushairi) against song:tenadeek:lyricist: Who wrote the lyrics of Majid Al Mohandis's Tenadeek? (Yasser Al Twaijri). These identify different works, different institutions or different artist attributes. The review excluded the protected Zaman Al Samt performer and Wardak Ya Zare Al Ward first-radio-song facts while authoring. Different song credits, artist instruments, labels, collaborators and musical genres remain separate relations; no retained pair asks the same relation about the same entity."
"saudi_music_v2_139/gulf_music_v2_179","462eca13d31aa0b82ac876e942dba661b22413c9d7dab873f75d83ece924434a","distinct","Assistant inspected song:rdy:lyricist: What pen name is credited for the words of Ayed's Rdy? (Dhay) against song:tejyneshaq:lyricist: What pen name is credited for the lyrics of Fahad Al Kubaisi's Tejy Ne'shaq? (Al Amani). These identify different works, different institutions or different artist attributes. The review excluded the protected Zaman Al Samt performer and Wardak Ya Zare Al Ward first-radio-song facts while authoring. Different song credits, artist instruments, labels, collaborators and musical genres remain separate relations; no retained pair asks the same relation about the same entity."
"saudi_music_v2_139/gulf_music_v2_191","e716ee07bc75c08ca7278dc3f830034662e25ee588922d9703f011f3eacbb1f5","distinct","Assistant inspected song:rdy:lyricist: What pen name is credited for the words of Ayed's Rdy? (Dhay) against song:walhan:lyricist: What pen name is credited for the lyrics of Rashed Al Majid's Walhan? (Ramz). These identify different works, different institutions or different artist attributes. The review excluded the protected Zaman Al Samt performer and Wardak Ya Zare Al Ward first-radio-song facts while authoring. Different song credits, artist instruments, labels, collaborators and musical genres remain separate relations; no retained pair asks the same relation about the same entity."
"saudi_music_v2_144/gulf_music_v2_179","43a659d443a61194379c78ef26081840c14f1dc38c63565453d4c9bf402a6337","distinct","Assistant inspected song:azzah:lyricist: What pen name is credited for the lyrics of Rashed Al Fares's Azzah? (Al Aliyah) against song:tejyneshaq:lyricist: What pen name is credited for the lyrics of Fahad Al Kubaisi's Tejy Ne'shaq? (Al Amani). These identify different works, different institutions or different artist attributes. The review excluded the protected Zaman Al Samt performer and Wardak Ya Zare Al Ward first-radio-song facts while authoring. Different song credits, artist instruments, labels, collaborators and musical genres remain separate relations; no retained pair asks the same relation about the same entity."
"saudi_music_v2_144/gulf_music_v2_191","9c58dcab3fca1b8fe364e0a758b9f3c9d4539874232e372073f1a472e244a9f1","distinct","Assistant inspected song:azzah:lyricist: What pen name is credited for the lyrics of Rashed Al Fares's Azzah? (Al Aliyah) against song:walhan:lyricist: What pen name is credited for the lyrics of Rashed Al Majid's Walhan? (Ramz). These identify different works, different institutions or different artist attributes. The review excluded the protected Zaman Al Samt performer and Wardak Ya Zare Al Ward first-radio-song facts while authoring. Different song credits, artist instruments, labels, collaborators and musical genres remain separate relations; no retained pair asks the same relation about the same entity."
"saudi_music_v2_145/gulf_music_v2_163","f7e410c646bc859e04899cb88822d0dc709e8df4e80ce69ec9a5e6dec32c5ba1","distinct","Assistant inspected song:yahalawa:lyricist: Who wrote the lyrics of Ya Halawa, performed by Abadi Al Johar? (Lotfi Zaini) against song:sikkataweela:lyricist: Who wrote the lyrics of Abadi Al Johar's Sikka Taweela? (Saud Salem). These identify different works, different institutions or different artist attributes. The review excluded the protected Zaman Al Samt performer and Wardak Ya Zare Al Ward first-radio-song facts while authoring. Different song credits, artist instruments, labels, collaborators and musical genres remain separate relations; no retained pair asks the same relation about the same entity."
"saudi_music_v2_145/gulf_music_v2_196","1250d363470505f70f451ecd31822d6c7bf5c496f90d6677f54e2a9879d2709a","distinct","Assistant inspected song:yahalawa:lyricist: Who wrote the lyrics of Ya Halawa, performed by Abadi Al Johar? (Lotfi Zaini) against song:qalootara:lyricist: Who wrote the lyrics of Abadi Al Johar's Qaloo Tara? (Prince Abdulrahman bin Musaed). These identify different works, different institutions or different artist attributes. The review excluded the protected Zaman Al Samt performer and Wardak Ya Zare Al Ward first-radio-song facts while authoring. Different song credits, artist instruments, labels, collaborators and musical genres remain separate relations; no retained pair asks the same relation about the same entity."
"saudi_music_v2_146/gulf_music_v2_179","5900e6e5d88229fff22ba6adec4057bb713302dfa8b1903c5e388a78f7927ff3","distinct","Assistant inspected song:feztbek:lyricist: What pen name is credited for the lyrics of Sultan Al Murshed's Fezt Bek? (Watad) against song:tejyneshaq:lyricist: What pen name is credited for the lyrics of Fahad Al Kubaisi's Tejy Ne'shaq? (Al Amani). These identify different works, different institutions or different artist attributes. The review excluded the protected Zaman Al Samt performer and Wardak Ya Zare Al Ward first-radio-song facts while authoring. Different song credits, artist instruments, labels, collaborators and musical genres remain separate relations; no retained pair asks the same relation about the same entity."
"saudi_music_v2_146/gulf_music_v2_191","686423cf38a9c0f2b1d182c8d535a219ba43272c18ea984de34cb5956eee2255","distinct","Assistant inspected song:feztbek:lyricist: What pen name is credited for the lyrics of Sultan Al Murshed's Fezt Bek? (Watad) against song:walhan:lyricist: What pen name is credited for the lyrics of Rashed Al Majid's Walhan? (Ramz). These identify different works, different institutions or different artist attributes. The review excluded the protected Zaman Al Samt performer and Wardak Ya Zare Al Ward first-radio-song facts while authoring. Different song credits, artist instruments, labels, collaborators and musical genres remain separate relations; no retained pair asks the same relation about the same entity."
"saudi_music_v2_147/gulf_music_v2_150","90748ed66a1b1c712b707baf3d4e30e64d5714657e6c3b0b272e7c63c1054b73","distinct","Assistant inspected song:wardabaida:lyricist: Who wrote the lyrics of Zena Emad's Elwarda Elbaida? (Amr Al Masry) against song:tabra:lyricist: Who wrote the lyrics of Nawal's Tabra? (Abdul Latif Al Bannai). These identify different works, different institutions or different artist attributes. The review excluded the protected Zaman Al Samt performer and Wardak Ya Zare Al Ward first-radio-song facts while authoring. Different song credits, artist instruments, labels, collaborators and musical genres remain separate relations; no retained pair asks the same relation about the same entity."
"saudi_music_v2_147/gulf_music_v2_171","31b9027662704901b65f868a3b01d4d283187947e407065c8cafcd79758b7822","distinct","Assistant inspected song:wardabaida:lyricist: Who wrote the lyrics of Zena Emad's Elwarda Elbaida? (Amr Al Masry) against song:nasetni:lyricist: Who wrote the lyrics of Ayed's Nasetni? (Fahad Al Mosaed). These identify different works, different institutions or different artist attributes. The review excluded the protected Zaman Al Samt performer and Wardak Ya Zare Al Ward first-radio-song facts while authoring. Different song credits, artist instruments, labels, collaborators and musical genres remain separate relations; no retained pair asks the same relation about the same entity."
"saudi_music_v2_147/gulf_music_v2_184","3a53fd1693460a2a17b031df3cecfa8656e7a78a8c2425d4d7d09d1c010bbe51","distinct","Assistant inspected song:wardabaida:lyricist: Who wrote the lyrics of Zena Emad's Elwarda Elbaida? (Amr Al Masry) against song:tahadedninawal:lyricist: Who wrote the lyrics of Nawal's Tahadedni? (Saud Al Shubrmi). These identify different works, different institutions or different artist attributes. The review excluded the protected Zaman Al Samt performer and Wardak Ya Zare Al Ward first-radio-song facts while authoring. Different song credits, artist instruments, labels, collaborators and musical genres remain separate relations; no retained pair asks the same relation about the same entity."
"saudi_music_v2_149/gulf_music_v2_175","2d7a87fb7925ce729487c4f717bce90ba68e845b86e5b3afc1ccfe32c44624b3","distinct","Assistant inspected song:yawesasadri:lyricist: Who wrote the lyrics of Aseel Abu Bakr's Ya Wesa Sadri? (Khaled Al Mutairi) against song:shamsbayni:lyricist: Who wrote the lyrics of Aseel Abu Bakr's Shams Bayni Wabaynak? (Mohammed Al Qarni). These identify different works, different institutions or different artist attributes. The review excluded the protected Zaman Al Samt performer and Wardak Ya Zare Al Ward first-radio-song facts while authoring. Different song credits, artist instruments, labels, collaborators and musical genres remain separate relations; no retained pair asks the same relation about the same entity."
"saudi_music_v2_151/gulf_music_v2_151","3172c19092c8aebf2d043099efc9e81a5b474623c484ee4cb600f962db99bb59","distinct","Assistant inspected song:yasabr:lyricist: Who wrote the lyrics of Aseel Abu Bakr's Ya Sabr? (Ahmed Alawi) against song:yashams:lyricist: Who wrote the lyrics of Nabeel Shuail's Ya Shams? (Abdul Latif Al Bannai). These identify different works, different institutions or different artist attributes. The review excluded the protected Zaman Al Samt performer and Wardak Ya Zare Al Ward first-radio-song facts while authoring. Different song credits, artist instruments, labels, collaborators and musical genres remain separate relations; no retained pair asks the same relation about the same entity."
"saudi_music_v2_151/gulf_music_v2_175","e29aaf6e373fd8abf93642a0d6ed9d192b5c2ee6738feb4ae2975840cbd0db36","distinct","Assistant inspected song:yasabr:lyricist: Who wrote the lyrics of Aseel Abu Bakr's Ya Sabr? (Ahmed Alawi) against song:shamsbayni:lyricist: Who wrote the lyrics of Aseel Abu Bakr's Shams Bayni Wabaynak? (Mohammed Al Qarni). These identify different works, different institutions or different artist attributes. The review excluded the protected Zaman Al Samt performer and Wardak Ya Zare Al Ward first-radio-song facts while authoring. Different song credits, artist instruments, labels, collaborators and musical genres remain separate relations; no retained pair asks the same relation about the same entity."
"saudi_music_v2_159/gulf_music_v2_166","e83514b1d290351a178ddbb4b7953bce4bad6e4c9b1bdc4e9bc3e84380728b2c","distinct","Assistant inspected song:aghrab:lyricist: Which prince and poet wrote Talal Maddah's Aghrab? (Prince Mohammed Al Abdullah Al Faisal) against song:maqadir:lyricist: Who wrote the lyrics of Talal Maddah's Maqadir? (Prince Mohammed Al Abdullah Al Faisal). These identify different works, different institutions or different artist attributes. The review excluded the protected Zaman Al Samt performer and Wardak Ya Zare Al Ward first-radio-song facts while authoring. Different song credits, artist instruments, labels, collaborators and musical genres remain separate relations; no retained pair asks the same relation about the same entity."
"saudi_music_v2_160/gulf_music_v2_106","b811542e26c4eacea62b24598c8020f8d3f402696e02ad83ecfcaea2d09b51a8","distinct","Assistant inspected song:entehel:lyricist: What pen name is credited for the lyrics of Abdul Majeed Abdullah's Entehel Shakhsetak? (Qaws) against song:esmaani:composer: What professional name is credited for the composer of Abdul Majeed Abdullah's Esmaani? (Sahm). These identify different works, different institutions or different artist attributes. The review excluded the protected Zaman Al Samt performer and Wardak Ya Zare Al Ward first-radio-song facts while authoring. Different song credits, artist instruments, labels, collaborators and musical genres remain separate relations; no retained pair asks the same relation about the same entity."
"saudi_music_v2_160/gulf_music_v2_191","f176676e7bad1405d35d3098056a549b3982c4337abddad1d05f21e4f0663bc6","distinct","Assistant inspected song:entehel:lyricist: What pen name is credited for the lyrics of Abdul Majeed Abdullah's Entehel Shakhsetak? (Qaws) against song:walhan:lyricist: What pen name is credited for the lyrics of Rashed Al Majid's Walhan? (Ramz). These identify different works, different institutions or different artist attributes. The review excluded the protected Zaman Al Samt performer and Wardak Ya Zare Al Ward first-radio-song facts while authoring. Different song credits, artist instruments, labels, collaborators and musical genres remain separate relations; no retained pair asks the same relation about the same entity."
"saudi_music_v2_161/gulf_music_v2_147","cfeff105c127b510242137f367d68712a5a3bb3c2d89c9c5a37e4759a2d90b79","distinct","Assistant inspected song:montaha:lyricist: Who wrote the lyrics of Rabeh Saqer's Montaha Al Riqqa? (Mansour Al Shadi) against song:tarban:lyricist: Who wrote the lyrics of Salah Al Zadjali's Tarban? (Haitham Al Busaidi). These identify different works, different institutions or different artist attributes. The review excluded the protected Zaman Al Samt performer and Wardak Ya Zare Al Ward first-radio-song facts while authoring. Different song credits, artist instruments, labels, collaborators and musical genres remain separate relations; no retained pair asks the same relation about the same entity."
"saudi_music_v2_161/gulf_music_v2_149","f59c337826ad78e519ed0a5854a46197bb77cf8560af83a8c6bf03bf60c8ade2","distinct","Assistant inspected song:montaha:lyricist: Who wrote the lyrics of Rabeh Saqer's Montaha Al Riqqa? (Mansour Al Shadi) against song:batalna:lyricist: Who wrote the lyrics of Fahad Al Kubaisi's Batalna? (Saad Al Mosallam). These identify different works, different institutions or different artist attributes. The review excluded the protected Zaman Al Samt performer and Wardak Ya Zare Al Ward first-radio-song facts while authoring. Different song credits, artist instruments, labels, collaborators and musical genres remain separate relations; no retained pair asks the same relation about the same entity."
"saudi_music_v2_161/gulf_music_v2_152","688d65edd24f387b91a84fe99a9471bb8000ea9a215d5c140fadfff150021f52","distinct","Assistant inspected song:montaha:lyricist: Who wrote the lyrics of Rabeh Saqer's Montaha Al Riqqa? (Mansour Al Shadi) against song:musafir:lyricist: Who wrote the lyrics of Rashed Al Majid's Al Musafir? (Badr bin Abdulmohsen). These identify different works, different institutions or different artist attributes. The review excluded the protected Zaman Al Samt performer and Wardak Ya Zare Al Ward first-radio-song facts while authoring. Different song credits, artist instruments, labels, collaborators and musical genres remain separate relations; no retained pair asks the same relation about the same entity."
"saudi_music_v2_161/gulf_music_v2_153","d47b2b6cb41ec17fbb85e6602d8001823075d3eb43c539e607b6a5b6d3815037","distinct","Assistant inspected song:montaha:lyricist: Who wrote the lyrics of Rabeh Saqer's Montaha Al Riqqa? (Mansour Al Shadi) against song:alamaken:lyricist: Who wrote the lyrics of Mohammed Abdu's Al Amaken? (Mansour Al Shadi). These identify different works, different institutions or different artist attributes. The review excluded the protected Zaman Al Samt performer and Wardak Ya Zare Al Ward first-radio-song facts while authoring. Different song credits, artist instruments, labels, collaborators and musical genres remain separate relations; no retained pair asks the same relation about the same entity."
"saudi_music_v2_161/gulf_music_v2_154","7b8c7a83c8dad75f51be0afdb8f51b719d7469f59f67446ca0d0ce4f8e3ba67a","distinct","Assistant inspected song:montaha:lyricist: Who wrote the lyrics of Rabeh Saqer's Montaha Al Riqqa? (Mansour Al Shadi) against song:rahalty:lyricist: Who wrote the lyrics of Abdullah Al Rowaished's Rahalty? (Abdul Latif Al Bannai). These identify different works, different institutions or different artist attributes. The review excluded the protected Zaman Al Samt performer and Wardak Ya Zare Al Ward first-radio-song facts while authoring. Different song credits, artist instruments, labels, collaborators and musical genres remain separate relations; no retained pair asks the same relation about the same entity."
"saudi_music_v2_161/gulf_music_v2_155","19784aaa0b70420587eec4a51dece41e14606efcdf86be3d7c3176d763ed18a6","distinct","Assistant inspected song:montaha:lyricist: Who wrote the lyrics of Rabeh Saqer's Montaha Al Riqqa? (Mansour Al Shadi) against song:sedqni:lyricist: Who wrote the lyrics of Rabeh Saqer's Sedqni? (Mansour Al Shadi). These identify different works, different institutions or different artist attributes. The review excluded the protected Zaman Al Samt performer and Wardak Ya Zare Al Ward first-radio-song facts while authoring. Different song credits, artist instruments, labels, collaborators and musical genres remain separate relations; no retained pair asks the same relation about the same entity."
"saudi_music_v2_161/gulf_music_v2_174","4883980efea93af7724c1b7abedcd389dcd2d46c9b38a37bee8e04278b7d2e4d","distinct","Assistant inspected song:montaha:lyricist: Who wrote the lyrics of Rabeh Saqer's Montaha Al Riqqa? (Mansour Al Shadi) against song:qulubsahiya:lyricist: Who wrote the lyrics of Nawal's Al Quloub Al Sahiya? (Yousef Al Sabri). These identify different works, different institutions or different artist attributes. The review excluded the protected Zaman Al Samt performer and Wardak Ya Zare Al Ward first-radio-song facts while authoring. Different song credits, artist instruments, labels, collaborators and musical genres remain separate relations; no retained pair asks the same relation about the same entity."
"saudi_music_v2_161/gulf_music_v2_194","2555a7a3c96e8e95d0744e4d68d7ba4bfb021405749e7c381ebf062c3010a62a","distinct","Assistant inspected song:montaha:lyricist: Who wrote the lyrics of Rabeh Saqer's Montaha Al Riqqa? (Mansour Al Shadi) against song:absher:lyricist: Who wrote the lyrics of Rashed Al Majid's Absher? (Rashed bin Juaythen). These identify different works, different institutions or different artist attributes. The review excluded the protected Zaman Al Samt performer and Wardak Ya Zare Al Ward first-radio-song facts while authoring. Different song credits, artist instruments, labels, collaborators and musical genres remain separate relations; no retained pair asks the same relation about the same entity."
"saudi_music_v2_161/gulf_music_v2_197","cfc5d97c9945b9e11c488212ccd877939b558531e08b1cdca79a96764754b1e3","distinct","Assistant inspected song:montaha:lyricist: Who wrote the lyrics of Rabeh Saqer's Montaha Al Riqqa? (Mansour Al Shadi) against song:methlnaseem:lyricist: Who wrote the lyrics of Nawal's Methl Al Naseem? (Fahad Al Mosaed). These identify different works, different institutions or different artist attributes. The review excluded the protected Zaman Al Samt performer and Wardak Ya Zare Al Ward first-radio-song facts while authoring. Different song credits, artist instruments, labels, collaborators and musical genres remain separate relations; no retained pair asks the same relation about the same entity."
"saudi_music_v2_161/gulf_music_v2_203","9727afd764073309330ead9074841a25fe991e97513737aa3ce4fb888a83dda5","distinct","Assistant inspected song:montaha:lyricist: Who wrote the lyrics of Rabeh Saqer's Montaha Al Riqqa? (Mansour Al Shadi) against song:tenadeek:lyricist: Who wrote the lyrics of Majid Al Mohandis's Tenadeek? (Yasser Al Twaijri). These identify different works, different institutions or different artist attributes. The review excluded the protected Zaman Al Samt performer and Wardak Ya Zare Al Ward first-radio-song facts while authoring. Different song credits, artist instruments, labels, collaborators and musical genres remain separate relations; no retained pair asks the same relation about the same entity."
"saudi_music_v2_163/gulf_music_v2_152","103c8419ea310c359b09bef8a3cefe10c05c1886f234c4188e7870c1b79b9e8b","distinct","Assistant inspected song:anaalabyad:lyricist: Who wrote the words of Rashed Al Majid's Ana Al Abyad? (Musaed Al Shamrani) against song:musafir:lyricist: Who wrote the lyrics of Rashed Al Majid's Al Musafir? (Badr bin Abdulmohsen). These identify different works, different institutions or different artist attributes. The review excluded the protected Zaman Al Samt performer and Wardak Ya Zare Al Ward first-radio-song facts while authoring. Different song credits, artist instruments, labels, collaborators and musical genres remain separate relations; no retained pair asks the same relation about the same entity."
"saudi_music_v2_163/gulf_music_v2_161","6327a43cb63c2ade1113dfb481efd5419de4c6b0d2aa9bed9dc1714778fc3b5e","distinct","Assistant inspected song:anaalabyad:lyricist: Who wrote the words of Rashed Al Majid's Ana Al Abyad? (Musaed Al Shamrani) against song:anamasoul:lyricist: Who wrote the lyrics of Nawal's Ana El Masoul? (Mohamed Al Mansour). These identify different works, different institutions or different artist attributes. The review excluded the protected Zaman Al Samt performer and Wardak Ya Zare Al Ward first-radio-song facts while authoring. Different song credits, artist instruments, labels, collaborators and musical genres remain separate relations; no retained pair asks the same relation about the same entity."
"saudi_music_v2_163/gulf_music_v2_162","8831941da76c836e9147228faffdabe74309751ef43b3d784c755171b4e0ae30","distinct","Assistant inspected song:anaalabyad:lyricist: Who wrote the words of Rashed Al Majid's Ana Al Abyad? (Musaed Al Shamrani) against song:sheratan:lyricist: Who wrote the lyrics of Rashed Al Majid's Sheratan Al Thahab under the pen name Al Samer? (Prince Abdulaziz bin Saud). These identify different works, different institutions or different artist attributes. The review excluded the protected Zaman Al Samt performer and Wardak Ya Zare Al Ward first-radio-song facts while authoring. Different song credits, artist instruments, labels, collaborators and musical genres remain separate relations; no retained pair asks the same relation about the same entity."
"saudi_music_v2_163/gulf_music_v2_183","06f841ac7f92befa9c157a2fda7a2a4cadc04fbfc63b62c51ecf7c06b8f163df","distinct","Assistant inspected song:anaalabyad:lyricist: Who wrote the words of Rashed Al Majid's Ana Al Abyad? (Musaed Al Shamrani) against song:methelqalbk:lyricist: Who wrote the lyrics of Rashed Al Majid's Methel Qalbk? (Turki Al Sheikh). These identify different works, different institutions or different artist attributes. The review excluded the protected Zaman Al Samt performer and Wardak Ya Zare Al Ward first-radio-song facts while authoring. Different song credits, artist instruments, labels, collaborators and musical genres remain separate relations; no retained pair asks the same relation about the same entity."
"saudi_music_v2_163/gulf_music_v2_194","eb90871ad11c20ecab869875a44504615de341f8a07e7be6c77373a4c6dc4932","distinct","Assistant inspected song:anaalabyad:lyricist: Who wrote the words of Rashed Al Majid's Ana Al Abyad? (Musaed Al Shamrani) against song:absher:lyricist: Who wrote the lyrics of Rashed Al Majid's Absher? (Rashed bin Juaythen). These identify different works, different institutions or different artist attributes. The review excluded the protected Zaman Al Samt performer and Wardak Ya Zare Al Ward first-radio-song facts while authoring. Different song credits, artist instruments, labels, collaborators and musical genres remain separate relations; no retained pair asks the same relation about the same entity."
"saudi_music_v2_163/gulf_music_v2_203","6fdaaab8a1dc8ced54a37ade617fae8e69141104234ccb0d47fa286235a7530d","distinct","Assistant inspected song:anaalabyad:lyricist: Who wrote the words of Rashed Al Majid's Ana Al Abyad? (Musaed Al Shamrani) against song:tenadeek:lyricist: Who wrote the lyrics of Majid Al Mohandis's Tenadeek? (Yasser Al Twaijri). These identify different works, different institutions or different artist attributes. The review excluded the protected Zaman Al Samt performer and Wardak Ya Zare Al Ward first-radio-song facts while authoring. Different song credits, artist instruments, labels, collaborators and musical genres remain separate relations; no retained pair asks the same relation about the same entity."
"saudi_music_v2_164/gulf_music_v2_106","6956515ddd867cf7de4f0aadb9b443f3f42025fc670bbf3777c986bea2e5b6bc","distinct","Assistant inspected song:awalhekaya:lyricist: What name is credited for the lyrics of Abdul Majeed Abdullah's Awal Hekayatna? (Turki) against song:esmaani:composer: What professional name is credited for the composer of Abdul Majeed Abdullah's Esmaani? (Sahm). These identify different works, different institutions or different artist attributes. The review excluded the protected Zaman Al Samt performer and Wardak Ya Zare Al Ward first-radio-song facts while authoring. Different song credits, artist instruments, labels, collaborators and musical genres remain separate relations; no retained pair asks the same relation about the same entity."
"saudi_music_v2_166/gulf_music_v2_106","ae7d4919762ee3b118e2877dde68cbc11f572a6079855a9549cdab9abbc3dcb5","distinct","Assistant inspected song:insanakthar:lyricist: What name is credited for the lyrics of Abdul Majeed Abdullah's Ensan Akthar? (Turki) against song:esmaani:composer: What professional name is credited for the composer of Abdul Majeed Abdullah's Esmaani? (Sahm). These identify different works, different institutions or different artist attributes. The review excluded the protected Zaman Al Samt performer and Wardak Ya Zare Al Ward first-radio-song facts while authoring. Different song credits, artist instruments, labels, collaborators and musical genres remain separate relations; no retained pair asks the same relation about the same entity."
"saudi_music_v2_167/gulf_music_v2_163","92f40806f109797d1130db3cd85fc767fb7758a7ce6d74fe2b06ace52939160c","distinct","Assistant inspected song:hebrwarag:lyricist: Who wrote the words of Abadi Al Johar's Hebr W Warag? (Saleh Idris) against song:sikkataweela:lyricist: Who wrote the lyrics of Abadi Al Johar's Sikka Taweela? (Saud Salem). These identify different works, different institutions or different artist attributes. The review excluded the protected Zaman Al Samt performer and Wardak Ya Zare Al Ward first-radio-song facts while authoring. Different song credits, artist instruments, labels, collaborators and musical genres remain separate relations; no retained pair asks the same relation about the same entity."
"saudi_music_v2_167/gulf_music_v2_196","99433035d9411864c144da4c3d6b3bd9261a213d3e55d3cbefeea160fe9c6492","distinct","Assistant inspected song:hebrwarag:lyricist: Who wrote the words of Abadi Al Johar's Hebr W Warag? (Saleh Idris) against song:qalootara:lyricist: Who wrote the lyrics of Abadi Al Johar's Qaloo Tara? (Prince Abdulrahman bin Musaed). These identify different works, different institutions or different artist attributes. The review excluded the protected Zaman Al Samt performer and Wardak Ya Zare Al Ward first-radio-song facts while authoring. Different song credits, artist instruments, labels, collaborators and musical genres remain separate relations; no retained pair asks the same relation about the same entity."
"saudi_music_v2_169/gulf_music_v2_153","69be32cfdf26836fccdf58d5f6a3272c88d8558f013a851d6e8dae06a9164729","distinct","Assistant inspected song:maazeem:lyricist: Who wrote the words of Mohammed Abdu's Al Maazeem? (Faiq Abdul Jaleel) against song:alamaken:lyricist: Who wrote the lyrics of Mohammed Abdu's Al Amaken? (Mansour Al Shadi). These identify different works, different institutions or different artist attributes. The review excluded the protected Zaman Al Samt performer and Wardak Ya Zare Al Ward first-radio-song facts while authoring. Different song credits, artist instruments, labels, collaborators and musical genres remain separate relations; no retained pair asks the same relation about the same entity."
"saudi_music_v2_169/gulf_music_v2_190","6be8a94c505190327c6dd4e0fef8888bc22dd8b0c688cc160d152a8ef3ec3097","distinct","Assistant inspected song:maazeem:lyricist: Who wrote the words of Mohammed Abdu's Al Maazeem? (Faiq Abdul Jaleel) against song:lelatkhamis:lyricist: Who wrote the lyrics of Mohammed Abdu's Lelat Khamis? (Prince Khaled bin Yazid). These identify different works, different institutions or different artist attributes. The review excluded the protected Zaman Al Samt performer and Wardak Ya Zare Al Ward first-radio-song facts while authoring. Different song credits, artist instruments, labels, collaborators and musical genres remain separate relations; no retained pair asks the same relation about the same entity."
"saudi_music_v2_169/gulf_music_v2_193","565d01e92e57a7ed172874f5fd43fd2be4fd4a03669dc61e167942b6e97d5fbf","distinct","Assistant inspected song:maazeem:lyricist: Who wrote the words of Mohammed Abdu's Al Maazeem? (Faiq Abdul Jaleel) against song:mozhela:lyricist: Who wrote the lyrics of Mohammed Abdu's Mozhela? (Prince Abdulrahman bin Musaed). These identify different works, different institutions or different artist attributes. The review excluded the protected Zaman Al Samt performer and Wardak Ya Zare Al Ward first-radio-song facts while authoring. Different song credits, artist instruments, labels, collaborators and musical genres remain separate relations; no retained pair asks the same relation about the same entity."
"saudi_music_v2_170/gulf_music_v2_179","c3e4af3e47420f118cc39e8fd184b3aafdf6a4dc44ee4776aa153d891aff0991","distinct","Assistant inspected song:tahdooh:lyricist: What pen name is credited for the lyrics of Rashed Al Majid's Tahdooh Al Bashar? (Al Ani) against song:tejyneshaq:lyricist: What pen name is credited for the lyrics of Fahad Al Kubaisi's Tejy Ne'shaq? (Al Amani). These identify different works, different institutions or different artist attributes. The review excluded the protected Zaman Al Samt performer and Wardak Ya Zare Al Ward first-radio-song facts while authoring. Different song credits, artist instruments, labels, collaborators and musical genres remain separate relations; no retained pair asks the same relation about the same entity."
"saudi_music_v2_170/gulf_music_v2_191","3903899de84d0650ee0f25f284290a8369cb7b619f82cafedbebd1180dbf7c1e","distinct","Assistant inspected song:tahdooh:lyricist: What pen name is credited for the lyrics of Rashed Al Majid's Tahdooh Al Bashar? (Al Ani) against song:walhan:lyricist: What pen name is credited for the lyrics of Rashed Al Majid's Walhan? (Ramz). These identify different works, different institutions or different artist attributes. The review excluded the protected Zaman Al Samt performer and Wardak Ya Zare Al Ward first-radio-song facts while authoring. Different song credits, artist instruments, labels, collaborators and musical genres remain separate relations; no retained pair asks the same relation about the same entity."
"saudi_music_v2_173/gulf_music_v2_077","c6bb911e25a869215fc98a7364c8dc7649848c129d6258bc77a76730d32ceacd","distinct","Assistant inspected artist:toha:birthname: What is the birth name of the Saudi singer known as Toha? (Fathiya Hassan Yahya) against person:hind:birthname: What is the birth name of the Bahraini singer known as Hind? (Suhair). These identify different works, different institutions or different artist attributes. The review excluded the protected Zaman Al Samt performer and Wardak Ya Zare Al Ward first-radio-song facts while authoring. Different song credits, artist instruments, labels, collaborators and musical genres remain separate relations; no retained pair asks the same relation about the same entity."
"saudi_music_v2_178/gulf_music_v2_166","83b2a966d970275a0e2acee574e70c1256b0e8b4c460984871e3593436c78bfc","distinct","Assistant inspected song:ahebbak:lyricist: Who wrote Talal Maddah's Ahebbak Law Tekoun Hader? (Lotfi Zaini) against song:maqadir:lyricist: Who wrote the lyrics of Talal Maddah's Maqadir? (Prince Mohammed Al Abdullah Al Faisal). These identify different works, different institutions or different artist attributes. The review excluded the protected Zaman Al Samt performer and Wardak Ya Zare Al Ward first-radio-song facts while authoring. Different song credits, artist instruments, labels, collaborators and musical genres remain separate relations; no retained pair asks the same relation about the same entity."
"saudi_music_v2_180/gulf_music_v2_147","9ede5fa1e280949d0d8efd09f2cbe329d694bcc7e538ebe7eada351b53e22346","distinct","Assistant inspected song:allamtni:lyricist: Who wrote the lyrics of Rashed Al Majid's Allamtni? (Talal Al Rasheed) against song:tarban:lyricist: Who wrote the lyrics of Salah Al Zadjali's Tarban? (Haitham Al Busaidi). These identify different works, different institutions or different artist attributes. The review excluded the protected Zaman Al Samt performer and Wardak Ya Zare Al Ward first-radio-song facts while authoring. Different song credits, artist instruments, labels, collaborators and musical genres remain separate relations; no retained pair asks the same relation about the same entity."
"saudi_music_v2_180/gulf_music_v2_149","ace4aed0ff9746aac2ee496021d1412d7091dd8c56046f01500165ff91ef439b","distinct","Assistant inspected song:allamtni:lyricist: Who wrote the lyrics of Rashed Al Majid's Allamtni? (Talal Al Rasheed) against song:batalna:lyricist: Who wrote the lyrics of Fahad Al Kubaisi's Batalna? (Saad Al Mosallam). These identify different works, different institutions or different artist attributes. The review excluded the protected Zaman Al Samt performer and Wardak Ya Zare Al Ward first-radio-song facts while authoring. Different song credits, artist instruments, labels, collaborators and musical genres remain separate relations; no retained pair asks the same relation about the same entity."
"saudi_music_v2_180/gulf_music_v2_150","e4149fb1069305481e4f00f21b06685dc82973dedf8af6f697fe64dc8e32f647","distinct","Assistant inspected song:allamtni:lyricist: Who wrote the lyrics of Rashed Al Majid's Allamtni? (Talal Al Rasheed) against song:tabra:lyricist: Who wrote the lyrics of Nawal's Tabra? (Abdul Latif Al Bannai). These identify different works, different institutions or different artist attributes. The review excluded the protected Zaman Al Samt performer and Wardak Ya Zare Al Ward first-radio-song facts while authoring. Different song credits, artist instruments, labels, collaborators and musical genres remain separate relations; no retained pair asks the same relation about the same entity."
"saudi_music_v2_180/gulf_music_v2_152","9ba9877bf68d9c231e6757269fd90f47c5aeb2985e5df0905064244390083471","distinct","Assistant inspected song:allamtni:lyricist: Who wrote the lyrics of Rashed Al Majid's Allamtni? (Talal Al Rasheed) against song:musafir:lyricist: Who wrote the lyrics of Rashed Al Majid's Al Musafir? (Badr bin Abdulmohsen). These identify different works, different institutions or different artist attributes. The review excluded the protected Zaman Al Samt performer and Wardak Ya Zare Al Ward first-radio-song facts while authoring. Different song credits, artist instruments, labels, collaborators and musical genres remain separate relations; no retained pair asks the same relation about the same entity."
"saudi_music_v2_180/gulf_music_v2_153","d7f09f3a8aa912becca8a31cc27e616c15219c5f02ebf56e6373f752f47da2d4","distinct","Assistant inspected song:allamtni:lyricist: Who wrote the lyrics of Rashed Al Majid's Allamtni? (Talal Al Rasheed) against song:alamaken:lyricist: Who wrote the lyrics of Mohammed Abdu's Al Amaken? (Mansour Al Shadi). These identify different works, different institutions or different artist attributes. The review excluded the protected Zaman Al Samt performer and Wardak Ya Zare Al Ward first-radio-song facts while authoring. Different song credits, artist instruments, labels, collaborators and musical genres remain separate relations; no retained pair asks the same relation about the same entity."
"saudi_music_v2_180/gulf_music_v2_154","93bd2b73483dae238223b07fbce258ca8e0db8c8d2880e79859c4c497f92e615","distinct","Assistant inspected song:allamtni:lyricist: Who wrote the lyrics of Rashed Al Majid's Allamtni? (Talal Al Rasheed) against song:rahalty:lyricist: Who wrote the lyrics of Abdullah Al Rowaished's Rahalty? (Abdul Latif Al Bannai). These identify different works, different institutions or different artist attributes. The review excluded the protected Zaman Al Samt performer and Wardak Ya Zare Al Ward first-radio-song facts while authoring. Different song credits, artist instruments, labels, collaborators and musical genres remain separate relations; no retained pair asks the same relation about the same entity."
"saudi_music_v2_180/gulf_music_v2_162","39aa28db1ee56e31f67952d7c4136a78aa9b0de32208c22571a069a7552ccc65","distinct","Assistant inspected song:allamtni:lyricist: Who wrote the lyrics of Rashed Al Majid's Allamtni? (Talal Al Rasheed) against song:sheratan:lyricist: Who wrote the lyrics of Rashed Al Majid's Sheratan Al Thahab under the pen name Al Samer? (Prince Abdulaziz bin Saud). These identify different works, different institutions or different artist attributes. The review excluded the protected Zaman Al Samt performer and Wardak Ya Zare Al Ward first-radio-song facts while authoring. Different song credits, artist instruments, labels, collaborators and musical genres remain separate relations; no retained pair asks the same relation about the same entity."
"saudi_music_v2_180/gulf_music_v2_163","00eaedc30e0b690d72b2156a32c3902a6646d0ade5aa8836e30179c58479b5d9","distinct","Assistant inspected song:allamtni:lyricist: Who wrote the lyrics of Rashed Al Majid's Allamtni? (Talal Al Rasheed) against song:sikkataweela:lyricist: Who wrote the lyrics of Abadi Al Johar's Sikka Taweela? (Saud Salem). These identify different works, different institutions or different artist attributes. The review excluded the protected Zaman Al Samt performer and Wardak Ya Zare Al Ward first-radio-song facts while authoring. Different song credits, artist instruments, labels, collaborators and musical genres remain separate relations; no retained pair asks the same relation about the same entity."
"saudi_music_v2_180/gulf_music_v2_169","bb3654221938485bcf286ec53a34d04c14ab903cd4df427218b115945e5dd84b","distinct","Assistant inspected song:allamtni:lyricist: Who wrote the lyrics of Rashed Al Majid's Allamtni? (Talal Al Rasheed) against song:hekayatnai:lyricist: Who wrote the lyrics of Salah Al Zadjali's Hekayat Nai? (Hameed Al Bloushi). These identify different works, different institutions or different artist attributes. The review excluded the protected Zaman Al Samt performer and Wardak Ya Zare Al Ward first-radio-song facts while authoring. Different song credits, artist instruments, labels, collaborators and musical genres remain separate relations; no retained pair asks the same relation about the same entity."
"saudi_music_v2_180/gulf_music_v2_171","fb4803af3db137970eebed91d0bd41308a22d9ace6305c5d086ee960ae7b863b","distinct","Assistant inspected song:allamtni:lyricist: Who wrote the lyrics of Rashed Al Majid's Allamtni? (Talal Al Rasheed) against song:nasetni:lyricist: Who wrote the lyrics of Ayed's Nasetni? (Fahad Al Mosaed). These identify different works, different institutions or different artist attributes. The review excluded the protected Zaman Al Samt performer and Wardak Ya Zare Al Ward first-radio-song facts while authoring. Different song credits, artist instruments, labels, collaborators and musical genres remain separate relations; no retained pair asks the same relation about the same entity."
"saudi_music_v2_180/gulf_music_v2_174","86ccf484023842860bdebb6743b56251d9b1d9167cae9e0a55797b0f8f934369","distinct","Assistant inspected song:allamtni:lyricist: Who wrote the lyrics of Rashed Al Majid's Allamtni? (Talal Al Rasheed) against song:qulubsahiya:lyricist: Who wrote the lyrics of Nawal's Al Quloub Al Sahiya? (Yousef Al Sabri). These identify different works, different institutions or different artist attributes. The review excluded the protected Zaman Al Samt performer and Wardak Ya Zare Al Ward first-radio-song facts while authoring. Different song credits, artist instruments, labels, collaborators and musical genres remain separate relations; no retained pair asks the same relation about the same entity."
"saudi_music_v2_180/gulf_music_v2_183","136ba8b01cbb5469887927b99d0a8fa719c40231213feb8afd2d71a5e90e7a8b","distinct","Assistant inspected song:allamtni:lyricist: Who wrote the lyrics of Rashed Al Majid's Allamtni? (Talal Al Rasheed) against song:methelqalbk:lyricist: Who wrote the lyrics of Rashed Al Majid's Methel Qalbk? (Turki Al Sheikh). These identify different works, different institutions or different artist attributes. The review excluded the protected Zaman Al Samt performer and Wardak Ya Zare Al Ward first-radio-song facts while authoring. Different song credits, artist instruments, labels, collaborators and musical genres remain separate relations; no retained pair asks the same relation about the same entity."
"saudi_music_v2_180/gulf_music_v2_184","29a7550722302d2626dee7bd70e7d51b95ca06195a3e7f6affb1b83316d48abb","distinct","Assistant inspected song:allamtni:lyricist: Who wrote the lyrics of Rashed Al Majid's Allamtni? (Talal Al Rasheed) against song:tahadedninawal:lyricist: Who wrote the lyrics of Nawal's Tahadedni? (Saud Al Shubrmi). These identify different works, different institutions or different artist attributes. The review excluded the protected Zaman Al Samt performer and Wardak Ya Zare Al Ward first-radio-song facts while authoring. Different song credits, artist instruments, labels, collaborators and musical genres remain separate relations; no retained pair asks the same relation about the same entity."
"saudi_music_v2_180/gulf_music_v2_194","ce712796535347e1ed61467ee2c4bb04458e44cc0c4dbface03249c2c2678b1a","distinct","Assistant inspected song:allamtni:lyricist: Who wrote the lyrics of Rashed Al Majid's Allamtni? (Talal Al Rasheed) against song:absher:lyricist: Who wrote the lyrics of Rashed Al Majid's Absher? (Rashed bin Juaythen). These identify different works, different institutions or different artist attributes. The review excluded the protected Zaman Al Samt performer and Wardak Ya Zare Al Ward first-radio-song facts while authoring. Different song credits, artist instruments, labels, collaborators and musical genres remain separate relations; no retained pair asks the same relation about the same entity."
"saudi_music_v2_180/gulf_music_v2_196","8e327b023192342be0b9118f0808f67633160a98fde1fde8ed2dbbffff98a452","distinct","Assistant inspected song:allamtni:lyricist: Who wrote the lyrics of Rashed Al Majid's Allamtni? (Talal Al Rasheed) against song:qalootara:lyricist: Who wrote the lyrics of Abadi Al Johar's Qaloo Tara? (Prince Abdulrahman bin Musaed). These identify different works, different institutions or different artist attributes. The review excluded the protected Zaman Al Samt performer and Wardak Ya Zare Al Ward first-radio-song facts while authoring. Different song credits, artist instruments, labels, collaborators and musical genres remain separate relations; no retained pair asks the same relation about the same entity."
"saudi_music_v2_180/gulf_music_v2_197","069079dbfc7947e7c9fca928d7c5a94d2cd78e043c527377933cd82d6bb31592","distinct","Assistant inspected song:allamtni:lyricist: Who wrote the lyrics of Rashed Al Majid's Allamtni? (Talal Al Rasheed) against song:methlnaseem:lyricist: Who wrote the lyrics of Nawal's Methl Al Naseem? (Fahad Al Mosaed). These identify different works, different institutions or different artist attributes. The review excluded the protected Zaman Al Samt performer and Wardak Ya Zare Al Ward first-radio-song facts while authoring. Different song credits, artist instruments, labels, collaborators and musical genres remain separate relations; no retained pair asks the same relation about the same entity."
"saudi_music_v2_180/gulf_music_v2_199","3d745f768df3e65af4e53abf47afd6f66ebab9fe690c70e6f894bc2b64218208","distinct","Assistant inspected song:allamtni:lyricist: Who wrote the lyrics of Rashed Al Majid's Allamtni? (Talal Al Rasheed) against song:yarahleen:lyricist: Who wrote the lyrics of Salah Al Zadjali's Ya Rahleen? (Hameed Al Bloushi). These identify different works, different institutions or different artist attributes. The review excluded the protected Zaman Al Samt performer and Wardak Ya Zare Al Ward first-radio-song facts while authoring. Different song credits, artist instruments, labels, collaborators and musical genres remain separate relations; no retained pair asks the same relation about the same entity."
"saudi_music_v2_180/gulf_music_v2_203","609a087d87d08e1e4947104c888b446503ed09d920c7bba00e965e37108d47c6","distinct","Assistant inspected song:allamtni:lyricist: Who wrote the lyrics of Rashed Al Majid's Allamtni? (Talal Al Rasheed) against song:tenadeek:lyricist: Who wrote the lyrics of Majid Al Mohandis's Tenadeek? (Yasser Al Twaijri). These identify different works, different institutions or different artist attributes. The review excluded the protected Zaman Al Samt performer and Wardak Ya Zare Al Ward first-radio-song facts while authoring. Different song credits, artist instruments, labels, collaborators and musical genres remain separate relations; no retained pair asks the same relation about the same entity."
"saudi_music_v2_181/gulf_music_v2_155","09d36bd279c2cf875501cec0cf7a678bcf746589a10edb90ef6594c5c0a1d2f0","distinct","Assistant inspected song:tahamaltak:lyricist: Who wrote the words of Rabeh Saqer's Tahamaltak? (Mansour Al Shadi) against song:sedqni:lyricist: Who wrote the lyrics of Rabeh Saqer's Sedqni? (Mansour Al Shadi). These identify different works, different institutions or different artist attributes. The review excluded the protected Zaman Al Samt performer and Wardak Ya Zare Al Ward first-radio-song facts while authoring. Different song credits, artist instruments, labels, collaborators and musical genres remain separate relations; no retained pair asks the same relation about the same entity."
"saudi_music_v2_183/gulf_music_v2_147","6ec29edbee4ec50ec335f4cc2d2dbb987a19b856a3b4d71fae9dba0450ba6245","distinct","Assistant inspected song:hujja:lyricist: Who wrote the lyrics of Rashed Al Majid's Hujjat Al Ghayeb? (Badr Al Mleihi) against song:tarban:lyricist: Who wrote the lyrics of Salah Al Zadjali's Tarban? (Haitham Al Busaidi). These identify different works, different institutions or different artist attributes. The review excluded the protected Zaman Al Samt performer and Wardak Ya Zare Al Ward first-radio-song facts while authoring. Different song credits, artist instruments, labels, collaborators and musical genres remain separate relations; no retained pair asks the same relation about the same entity."
"saudi_music_v2_183/gulf_music_v2_149","5b400ad2a6cc8eb9f7d39584514fef1d6c22e639154506704a7f612f7b73cbe0","distinct","Assistant inspected song:hujja:lyricist: Who wrote the lyrics of Rashed Al Majid's Hujjat Al Ghayeb? (Badr Al Mleihi) against song:batalna:lyricist: Who wrote the lyrics of Fahad Al Kubaisi's Batalna? (Saad Al Mosallam). These identify different works, different institutions or different artist attributes. The review excluded the protected Zaman Al Samt performer and Wardak Ya Zare Al Ward first-radio-song facts while authoring. Different song credits, artist instruments, labels, collaborators and musical genres remain separate relations; no retained pair asks the same relation about the same entity."
"saudi_music_v2_183/gulf_music_v2_152","5f3d16bdbb369c07abfd2855514c8a3e52792331fc0f3b5144b65309f1db9684","distinct","Assistant inspected song:hujja:lyricist: Who wrote the lyrics of Rashed Al Majid's Hujjat Al Ghayeb? (Badr Al Mleihi) against song:musafir:lyricist: Who wrote the lyrics of Rashed Al Majid's Al Musafir? (Badr bin Abdulmohsen). These identify different works, different institutions or different artist attributes. The review excluded the protected Zaman Al Samt performer and Wardak Ya Zare Al Ward first-radio-song facts while authoring. Different song credits, artist instruments, labels, collaborators and musical genres remain separate relations; no retained pair asks the same relation about the same entity."
"saudi_music_v2_183/gulf_music_v2_153","acae059fe74e3607b6439638f923520a4ee9a589ca176cb2be227ed340e67e72","distinct","Assistant inspected song:hujja:lyricist: Who wrote the lyrics of Rashed Al Majid's Hujjat Al Ghayeb? (Badr Al Mleihi) against song:alamaken:lyricist: Who wrote the lyrics of Mohammed Abdu's Al Amaken? (Mansour Al Shadi). These identify different works, different institutions or different artist attributes. The review excluded the protected Zaman Al Samt performer and Wardak Ya Zare Al Ward first-radio-song facts while authoring. Different song credits, artist instruments, labels, collaborators and musical genres remain separate relations; no retained pair asks the same relation about the same entity."
"saudi_music_v2_183/gulf_music_v2_154","84835fc20acea7454aebadc5800d038a8f590b2e551a173dc2050e229f737b5f","distinct","Assistant inspected song:hujja:lyricist: Who wrote the lyrics of Rashed Al Majid's Hujjat Al Ghayeb? (Badr Al Mleihi) against song:rahalty:lyricist: Who wrote the lyrics of Abdullah Al Rowaished's Rahalty? (Abdul Latif Al Bannai). These identify different works, different institutions or different artist attributes. The review excluded the protected Zaman Al Samt performer and Wardak Ya Zare Al Ward first-radio-song facts while authoring. Different song credits, artist instruments, labels, collaborators and musical genres remain separate relations; no retained pair asks the same relation about the same entity."
"saudi_music_v2_183/gulf_music_v2_162","a5ea9ec65601b43a246db48281e70d781b622a20662de0bc9c51b0aa73044b1f","distinct","Assistant inspected song:hujja:lyricist: Who wrote the lyrics of Rashed Al Majid's Hujjat Al Ghayeb? (Badr Al Mleihi) against song:sheratan:lyricist: Who wrote the lyrics of Rashed Al Majid's Sheratan Al Thahab under the pen name Al Samer? (Prince Abdulaziz bin Saud). These identify different works, different institutions or different artist attributes. The review excluded the protected Zaman Al Samt performer and Wardak Ya Zare Al Ward first-radio-song facts while authoring. Different song credits, artist instruments, labels, collaborators and musical genres remain separate relations; no retained pair asks the same relation about the same entity."
"saudi_music_v2_183/gulf_music_v2_174","3464cd348f284b1be0ec7a65aa6d956e81968b932d43607800be309a445f7489","distinct","Assistant inspected song:hujja:lyricist: Who wrote the lyrics of Rashed Al Majid's Hujjat Al Ghayeb? (Badr Al Mleihi) against song:qulubsahiya:lyricist: Who wrote the lyrics of Nawal's Al Quloub Al Sahiya? (Yousef Al Sabri). These identify different works, different institutions or different artist attributes. The review excluded the protected Zaman Al Samt performer and Wardak Ya Zare Al Ward first-radio-song facts while authoring. Different song credits, artist instruments, labels, collaborators and musical genres remain separate relations; no retained pair asks the same relation about the same entity."
"saudi_music_v2_183/gulf_music_v2_183","7745528c7e40966eba038e07152d348f6cc515f22b75333283517f20fd16966a","distinct","Assistant inspected song:hujja:lyricist: Who wrote the lyrics of Rashed Al Majid's Hujjat Al Ghayeb? (Badr Al Mleihi) against song:methelqalbk:lyricist: Who wrote the lyrics of Rashed Al Majid's Methel Qalbk? (Turki Al Sheikh). These identify different works, different institutions or different artist attributes. The review excluded the protected Zaman Al Samt performer and Wardak Ya Zare Al Ward first-radio-song facts while authoring. Different song credits, artist instruments, labels, collaborators and musical genres remain separate relations; no retained pair asks the same relation about the same entity."
"saudi_music_v2_183/gulf_music_v2_194","66c6de1fa57d422f6d12528aee90814045b56b08f2d71ea6d43fab0a15115e73","distinct","Assistant inspected song:hujja:lyricist: Who wrote the lyrics of Rashed Al Majid's Hujjat Al Ghayeb? (Badr Al Mleihi) against song:absher:lyricist: Who wrote the lyrics of Rashed Al Majid's Absher? (Rashed bin Juaythen). These identify different works, different institutions or different artist attributes. The review excluded the protected Zaman Al Samt performer and Wardak Ya Zare Al Ward first-radio-song facts while authoring. Different song credits, artist instruments, labels, collaborators and musical genres remain separate relations; no retained pair asks the same relation about the same entity."
"saudi_music_v2_183/gulf_music_v2_197","f338adbb916d60ab96bef2f74948f56dbf60e30521b0de4de138660a2a930297","distinct","Assistant inspected song:hujja:lyricist: Who wrote the lyrics of Rashed Al Majid's Hujjat Al Ghayeb? (Badr Al Mleihi) against song:methlnaseem:lyricist: Who wrote the lyrics of Nawal's Methl Al Naseem? (Fahad Al Mosaed). These identify different works, different institutions or different artist attributes. The review excluded the protected Zaman Al Samt performer and Wardak Ya Zare Al Ward first-radio-song facts while authoring. Different song credits, artist instruments, labels, collaborators and musical genres remain separate relations; no retained pair asks the same relation about the same entity."
"saudi_music_v2_183/gulf_music_v2_203","18f47f5c166409088a71439bf551dc81acd72a719420efd76c1284bea317651f","distinct","Assistant inspected song:hujja:lyricist: Who wrote the lyrics of Rashed Al Majid's Hujjat Al Ghayeb? (Badr Al Mleihi) against song:tenadeek:lyricist: Who wrote the lyrics of Majid Al Mohandis's Tenadeek? (Yasser Al Twaijri). These identify different works, different institutions or different artist attributes. The review excluded the protected Zaman Al Samt performer and Wardak Ya Zare Al Ward first-radio-song facts while authoring. Different song credits, artist instruments, labels, collaborators and musical genres remain separate relations; no retained pair asks the same relation about the same entity."
"saudi_music_v2_185/gulf_music_v2_179","8d1f0b79d86ee39776d1d8c3d55c09b11ff2ebf3d12a7e679fbff45db861757a","distinct","Assistant inspected song:seqa:lyricist: What pen name is credited for the lyrics of Rabeh Saqer's Seqa Allah? (Qaws) against song:tejyneshaq:lyricist: What pen name is credited for the lyrics of Fahad Al Kubaisi's Tejy Ne'shaq? (Al Amani). These identify different works, different institutions or different artist attributes. The review excluded the protected Zaman Al Samt performer and Wardak Ya Zare Al Ward first-radio-song facts while authoring. Different song credits, artist instruments, labels, collaborators and musical genres remain separate relations; no retained pair asks the same relation about the same entity."
"saudi_music_v2_185/gulf_music_v2_191","3a1ca76a189ad1adf0575269b269f4014d44b476dfad2d9d043b1a8c52e0e40f","distinct","Assistant inspected song:seqa:lyricist: What pen name is credited for the lyrics of Rabeh Saqer's Seqa Allah? (Qaws) against song:walhan:lyricist: What pen name is credited for the lyrics of Rashed Al Majid's Walhan? (Ramz). These identify different works, different institutions or different artist attributes. The review excluded the protected Zaman Al Samt performer and Wardak Ya Zare Al Ward first-radio-song facts while authoring. Different song credits, artist instruments, labels, collaborators and musical genres remain separate relations; no retained pair asks the same relation about the same entity."
"saudi_music_v2_186/gulf_music_v2_147","c071c75ad14ede01b734028f9f4caa6a740bedbb6384a67d0bb270d8de513ccc","distinct","Assistant inspected song:ikhtafat:lyricist: Who wrote the lyrics of Abadi Al Johar's Ikhtafat? (Mohammed bin Khaled) against song:tarban:lyricist: Who wrote the lyrics of Salah Al Zadjali's Tarban? (Haitham Al Busaidi). These identify different works, different institutions or different artist attributes. The review excluded the protected Zaman Al Samt performer and Wardak Ya Zare Al Ward first-radio-song facts while authoring. Different song credits, artist instruments, labels, collaborators and musical genres remain separate relations; no retained pair asks the same relation about the same entity."
"saudi_music_v2_186/gulf_music_v2_149","c675343a6ee1132ef6a11db26e83722de54d404f024a8555d0f38995e9a45b64","distinct","Assistant inspected song:ikhtafat:lyricist: Who wrote the lyrics of Abadi Al Johar's Ikhtafat? (Mohammed bin Khaled) against song:batalna:lyricist: Who wrote the lyrics of Fahad Al Kubaisi's Batalna? (Saad Al Mosallam). These identify different works, different institutions or different artist attributes. The review excluded the protected Zaman Al Samt performer and Wardak Ya Zare Al Ward first-radio-song facts while authoring. Different song credits, artist instruments, labels, collaborators and musical genres remain separate relations; no retained pair asks the same relation about the same entity."
"saudi_music_v2_186/gulf_music_v2_150","9c418cf9be1a465b49d214552f9b819236f40ef93715de67ba9d5359d8229680","distinct","Assistant inspected song:ikhtafat:lyricist: Who wrote the lyrics of Abadi Al Johar's Ikhtafat? (Mohammed bin Khaled) against song:tabra:lyricist: Who wrote the lyrics of Nawal's Tabra? (Abdul Latif Al Bannai). These identify different works, different institutions or different artist attributes. The review excluded the protected Zaman Al Samt performer and Wardak Ya Zare Al Ward first-radio-song facts while authoring. Different song credits, artist instruments, labels, collaborators and musical genres remain separate relations; no retained pair asks the same relation about the same entity."
"saudi_music_v2_186/gulf_music_v2_152","35587dbf498aee0aedcc87d42be6a062ef17bd8f8e4a7894d84c0cc2ac456485","distinct","Assistant inspected song:ikhtafat:lyricist: Who wrote the lyrics of Abadi Al Johar's Ikhtafat? (Mohammed bin Khaled) against song:musafir:lyricist: Who wrote the lyrics of Rashed Al Majid's Al Musafir? (Badr bin Abdulmohsen). These identify different works, different institutions or different artist attributes. The review excluded the protected Zaman Al Samt performer and Wardak Ya Zare Al Ward first-radio-song facts while authoring. Different song credits, artist instruments, labels, collaborators and musical genres remain separate relations; no retained pair asks the same relation about the same entity."
"saudi_music_v2_186/gulf_music_v2_153","c4c21e8af3ccc9851797166f75bf574ff5d60d0307c372c1791ee963201072d6","distinct","Assistant inspected song:ikhtafat:lyricist: Who wrote the lyrics of Abadi Al Johar's Ikhtafat? (Mohammed bin Khaled) against song:alamaken:lyricist: Who wrote the lyrics of Mohammed Abdu's Al Amaken? (Mansour Al Shadi). These identify different works, different institutions or different artist attributes. The review excluded the protected Zaman Al Samt performer and Wardak Ya Zare Al Ward first-radio-song facts while authoring. Different song credits, artist instruments, labels, collaborators and musical genres remain separate relations; no retained pair asks the same relation about the same entity."
"saudi_music_v2_186/gulf_music_v2_154","66d6df535f8f4a042120e57ec8d1808dfa80ff1343c468a9be581e59826e60cf","distinct","Assistant inspected song:ikhtafat:lyricist: Who wrote the lyrics of Abadi Al Johar's Ikhtafat? (Mohammed bin Khaled) against song:rahalty:lyricist: Who wrote the lyrics of Abdullah Al Rowaished's Rahalty? (Abdul Latif Al Bannai). These identify different works, different institutions or different artist attributes. The review excluded the protected Zaman Al Samt performer and Wardak Ya Zare Al Ward first-radio-song facts while authoring. Different song credits, artist instruments, labels, collaborators and musical genres remain separate relations; no retained pair asks the same relation about the same entity."
"saudi_music_v2_186/gulf_music_v2_163","cb6ecf21dc8afa044054849bca4085874580dd4fcae7e6070f8d5cb4ff67ebe2","distinct","Assistant inspected song:ikhtafat:lyricist: Who wrote the lyrics of Abadi Al Johar's Ikhtafat? (Mohammed bin Khaled) against song:sikkataweela:lyricist: Who wrote the lyrics of Abadi Al Johar's Sikka Taweela? (Saud Salem). These identify different works, different institutions or different artist attributes. The review excluded the protected Zaman Al Samt performer and Wardak Ya Zare Al Ward first-radio-song facts while authoring. Different song credits, artist instruments, labels, collaborators and musical genres remain separate relations; no retained pair asks the same relation about the same entity."
"saudi_music_v2_186/gulf_music_v2_169","b8aa82c32f7b5c277a863656132cc7a3ab3c76151cacae4236e761d08cb088e1","distinct","Assistant inspected song:ikhtafat:lyricist: Who wrote the lyrics of Abadi Al Johar's Ikhtafat? (Mohammed bin Khaled) against song:hekayatnai:lyricist: Who wrote the lyrics of Salah Al Zadjali's Hekayat Nai? (Hameed Al Bloushi). These identify different works, different institutions or different artist attributes. The review excluded the protected Zaman Al Samt performer and Wardak Ya Zare Al Ward first-radio-song facts while authoring. Different song credits, artist instruments, labels, collaborators and musical genres remain separate relations; no retained pair asks the same relation about the same entity."
"saudi_music_v2_186/gulf_music_v2_171","66e9bc05508220fb428b7e942e02b40af2819c4308c85609776b47537ac6cc28","distinct","Assistant inspected song:ikhtafat:lyricist: Who wrote the lyrics of Abadi Al Johar's Ikhtafat? (Mohammed bin Khaled) against song:nasetni:lyricist: Who wrote the lyrics of Ayed's Nasetni? (Fahad Al Mosaed). These identify different works, different institutions or different artist attributes. The review excluded the protected Zaman Al Samt performer and Wardak Ya Zare Al Ward first-radio-song facts while authoring. Different song credits, artist instruments, labels, collaborators and musical genres remain separate relations; no retained pair asks the same relation about the same entity."
"saudi_music_v2_186/gulf_music_v2_174","b689aa1398731417632b5ef6740eab8ef7e72d345ad64f9251280d4e00cb354e","distinct","Assistant inspected song:ikhtafat:lyricist: Who wrote the lyrics of Abadi Al Johar's Ikhtafat? (Mohammed bin Khaled) against song:qulubsahiya:lyricist: Who wrote the lyrics of Nawal's Al Quloub Al Sahiya? (Yousef Al Sabri). These identify different works, different institutions or different artist attributes. The review excluded the protected Zaman Al Samt performer and Wardak Ya Zare Al Ward first-radio-song facts while authoring. Different song credits, artist instruments, labels, collaborators and musical genres remain separate relations; no retained pair asks the same relation about the same entity."
"saudi_music_v2_186/gulf_music_v2_183","add7c94c5ebf71e50f7f385d7ae59bbbc727010211c4d2ca8dabd84d5aa63f93","distinct","Assistant inspected song:ikhtafat:lyricist: Who wrote the lyrics of Abadi Al Johar's Ikhtafat? (Mohammed bin Khaled) against song:methelqalbk:lyricist: Who wrote the lyrics of Rashed Al Majid's Methel Qalbk? (Turki Al Sheikh). These identify different works, different institutions or different artist attributes. The review excluded the protected Zaman Al Samt performer and Wardak Ya Zare Al Ward first-radio-song facts while authoring. Different song credits, artist instruments, labels, collaborators and musical genres remain separate relations; no retained pair asks the same relation about the same entity."
"saudi_music_v2_186/gulf_music_v2_184","fc02da9f7f4a0bd68fa357c60bf53b732e15ec3883000b27fa6f77332290d481","distinct","Assistant inspected song:ikhtafat:lyricist: Who wrote the lyrics of Abadi Al Johar's Ikhtafat? (Mohammed bin Khaled) against song:tahadedninawal:lyricist: Who wrote the lyrics of Nawal's Tahadedni? (Saud Al Shubrmi). These identify different works, different institutions or different artist attributes. The review excluded the protected Zaman Al Samt performer and Wardak Ya Zare Al Ward first-radio-song facts while authoring. Different song credits, artist instruments, labels, collaborators and musical genres remain separate relations; no retained pair asks the same relation about the same entity."
"saudi_music_v2_186/gulf_music_v2_194","07f523bca5b0aff6c174129a06dafaf179f2ccfaa80c0466ac38989100792d9f","distinct","Assistant inspected song:ikhtafat:lyricist: Who wrote the lyrics of Abadi Al Johar's Ikhtafat? (Mohammed bin Khaled) against song:absher:lyricist: Who wrote the lyrics of Rashed Al Majid's Absher? (Rashed bin Juaythen). These identify different works, different institutions or different artist attributes. The review excluded the protected Zaman Al Samt performer and Wardak Ya Zare Al Ward first-radio-song facts while authoring. Different song credits, artist instruments, labels, collaborators and musical genres remain separate relations; no retained pair asks the same relation about the same entity."
"saudi_music_v2_186/gulf_music_v2_196","735a01ec30f29f74022d6c5cb705b85922231852ef91977e29b5ae5401e7ae7d","distinct","Assistant inspected song:ikhtafat:lyricist: Who wrote the lyrics of Abadi Al Johar's Ikhtafat? (Mohammed bin Khaled) against song:qalootara:lyricist: Who wrote the lyrics of Abadi Al Johar's Qaloo Tara? (Prince Abdulrahman bin Musaed). These identify different works, different institutions or different artist attributes. The review excluded the protected Zaman Al Samt performer and Wardak Ya Zare Al Ward first-radio-song facts while authoring. Different song credits, artist instruments, labels, collaborators and musical genres remain separate relations; no retained pair asks the same relation about the same entity."
"saudi_music_v2_186/gulf_music_v2_197","2bf396d0a2c12c68fea54da54c03624703f8e0dfae54026d2f8269153d1767dd","distinct","Assistant inspected song:ikhtafat:lyricist: Who wrote the lyrics of Abadi Al Johar's Ikhtafat? (Mohammed bin Khaled) against song:methlnaseem:lyricist: Who wrote the lyrics of Nawal's Methl Al Naseem? (Fahad Al Mosaed). These identify different works, different institutions or different artist attributes. The review excluded the protected Zaman Al Samt performer and Wardak Ya Zare Al Ward first-radio-song facts while authoring. Different song credits, artist instruments, labels, collaborators and musical genres remain separate relations; no retained pair asks the same relation about the same entity."
"saudi_music_v2_186/gulf_music_v2_199","cbf1bb2e1e4fe929b025128a2a40bffb0fcc94dc70e167e1ad7048d18d85f2e0","distinct","Assistant inspected song:ikhtafat:lyricist: Who wrote the lyrics of Abadi Al Johar's Ikhtafat? (Mohammed bin Khaled) against song:yarahleen:lyricist: Who wrote the lyrics of Salah Al Zadjali's Ya Rahleen? (Hameed Al Bloushi). These identify different works, different institutions or different artist attributes. The review excluded the protected Zaman Al Samt performer and Wardak Ya Zare Al Ward first-radio-song facts while authoring. Different song credits, artist instruments, labels, collaborators and musical genres remain separate relations; no retained pair asks the same relation about the same entity."
"saudi_music_v2_186/gulf_music_v2_203","32aaa269d1d1db3ce3b25e8ae4b78cffd3dc7c63ae4b99c90674634d6738bf83","distinct","Assistant inspected song:ikhtafat:lyricist: Who wrote the lyrics of Abadi Al Johar's Ikhtafat? (Mohammed bin Khaled) against song:tenadeek:lyricist: Who wrote the lyrics of Majid Al Mohandis's Tenadeek? (Yasser Al Twaijri). These identify different works, different institutions or different artist attributes. The review excluded the protected Zaman Al Samt performer and Wardak Ya Zare Al Ward first-radio-song facts while authoring. Different song credits, artist instruments, labels, collaborators and musical genres remain separate relations; no retained pair asks the same relation about the same entity."
"saudi_music_v2_187/gulf_music_v2_191","584036cba02fe6d69ae5144b0ed70398ed84ee978be7688ea01fff02f8ebc70a","distinct","Assistant inspected song:faman:lyricist: What pen name is credited for the words of Ayed's Faman Allah? (Al Maha) against song:walhan:lyricist: What pen name is credited for the lyrics of Rashed Al Majid's Walhan? (Ramz). These identify different works, different institutions or different artist attributes. The review excluded the protected Zaman Al Samt performer and Wardak Ya Zare Al Ward first-radio-song facts while authoring. Different song credits, artist instruments, labels, collaborators and musical genres remain separate relations; no retained pair asks the same relation about the same entity."
"saudi_music_v2_188/gulf_music_v2_150","d774853346fbae96cbc597b2ea0a8bc11a07e7feb378d0d530fa5c9e6c3c0bfa","distinct","Assistant inspected song:minkobraha:lyricist: Who wrote the lyrics of Rabeh Saqer's Min Kobraha? (Saud Al Babtain) against song:tabra:lyricist: Who wrote the lyrics of Nawal's Tabra? (Abdul Latif Al Bannai). These identify different works, different institutions or different artist attributes. The review excluded the protected Zaman Al Samt performer and Wardak Ya Zare Al Ward first-radio-song facts while authoring. Different song credits, artist instruments, labels, collaborators and musical genres remain separate relations; no retained pair asks the same relation about the same entity."
"saudi_music_v2_188/gulf_music_v2_155","7a53c949ef08ed7673fac97ffe2d18ed77a36cf2810820689d0792b2dc01aad4","distinct","Assistant inspected song:minkobraha:lyricist: Who wrote the lyrics of Rabeh Saqer's Min Kobraha? (Saud Al Babtain) against song:sedqni:lyricist: Who wrote the lyrics of Rabeh Saqer's Sedqni? (Mansour Al Shadi). These identify different works, different institutions or different artist attributes. The review excluded the protected Zaman Al Samt performer and Wardak Ya Zare Al Ward first-radio-song facts while authoring. Different song credits, artist instruments, labels, collaborators and musical genres remain separate relations; no retained pair asks the same relation about the same entity."
"saudi_music_v2_188/gulf_music_v2_171","56a8433d4214f2fe5b1e96421dee65dde09725bd932bbb74558b8f1ef426c48d","distinct","Assistant inspected song:minkobraha:lyricist: Who wrote the lyrics of Rabeh Saqer's Min Kobraha? (Saud Al Babtain) against song:nasetni:lyricist: Who wrote the lyrics of Ayed's Nasetni? (Fahad Al Mosaed). These identify different works, different institutions or different artist attributes. The review excluded the protected Zaman Al Samt performer and Wardak Ya Zare Al Ward first-radio-song facts while authoring. Different song credits, artist instruments, labels, collaborators and musical genres remain separate relations; no retained pair asks the same relation about the same entity."
"saudi_music_v2_188/gulf_music_v2_184","af6dc32f537292d7c47e2ae43743fa16bce5ba604a3b2b5c66c789080bd6ecbb","distinct","Assistant inspected song:minkobraha:lyricist: Who wrote the lyrics of Rabeh Saqer's Min Kobraha? (Saud Al Babtain) against song:tahadedninawal:lyricist: Who wrote the lyrics of Nawal's Tahadedni? (Saud Al Shubrmi). These identify different works, different institutions or different artist attributes. The review excluded the protected Zaman Al Samt performer and Wardak Ya Zare Al Ward first-radio-song facts while authoring. Different song credits, artist instruments, labels, collaborators and musical genres remain separate relations; no retained pair asks the same relation about the same entity."
"saudi_music_v2_189/gulf_music_v2_124","49001930b03b2e538e334d2a45c891b9d0a508944682c5a710dc689950ba171f","distinct","Assistant inspected song:akhqalbi:arranger: Who arranged Majid Al Mohandis's Akh Qalbi? (Hossam Kamel) against song:tenadeek:composer: Who composed Majid Al Mohandis's Tenadeek? (Ahmed Al Harmi). These identify different works, different institutions or different artist attributes. The review excluded the protected Zaman Al Samt performer and Wardak Ya Zare Al Ward first-radio-song facts while authoring. Different song credits, artist instruments, labels, collaborators and musical genres remain separate relations; no retained pair asks the same relation about the same entity."
"saudi_music_v2_190/gulf_music_v2_191","b10714c42baa8f8a35583c2cc9a5c8925ec73ca1a3eb37712572728d6aaa5e41","distinct","Assistant inspected song:entithar:lyricist: What pen name is credited for the words of Majid Al Mohandis's Entitharak Saab? (Sari) against song:walhan:lyricist: What pen name is credited for the lyrics of Rashed Al Majid's Walhan? (Ramz). These identify different works, different institutions or different artist attributes. The review excluded the protected Zaman Al Samt performer and Wardak Ya Zare Al Ward first-radio-song facts while authoring. Different song credits, artist instruments, labels, collaborators and musical genres remain separate relations; no retained pair asks the same relation about the same entity."
"saudi_music_v2_191/gulf_music_v2_179","fa62c7bbfb299d710b09616b5907d5bd3739980febb1c8b24e285724aa256e5b","distinct","Assistant inspected song:saqiatash:lyricist: What pen name is credited for the lyrics of Ayed's Saqi Al Atash? (Yam) against song:tejyneshaq:lyricist: What pen name is credited for the lyrics of Fahad Al Kubaisi's Tejy Ne'shaq? (Al Amani). These identify different works, different institutions or different artist attributes. The review excluded the protected Zaman Al Samt performer and Wardak Ya Zare Al Ward first-radio-song facts while authoring. Different song credits, artist instruments, labels, collaborators and musical genres remain separate relations; no retained pair asks the same relation about the same entity."
"saudi_music_v2_191/gulf_music_v2_191","3a5c86709bf0991730321aa8620ad1421b21440907e03fd9b77562cb836550f2","distinct","Assistant inspected song:saqiatash:lyricist: What pen name is credited for the lyrics of Ayed's Saqi Al Atash? (Yam) against song:walhan:lyricist: What pen name is credited for the lyrics of Rashed Al Majid's Walhan? (Ramz). These identify different works, different institutions or different artist attributes. The review excluded the protected Zaman Al Samt performer and Wardak Ya Zare Al Ward first-radio-song facts while authoring. Different song credits, artist instruments, labels, collaborators and musical genres remain separate relations; no retained pair asks the same relation about the same entity."
"saudi_music_v2_192/gulf_music_v2_179","372a8f7494278d7998c93a4e3a17a0673ee83385a76140fa4a5f5e66596556c8","distinct","Assistant inspected song:istiraha:lyricist: What pen name is credited for the lyrics of Ayed's Estrahet Mohareb? (Al Aliyah) against song:tejyneshaq:lyricist: What pen name is credited for the lyrics of Fahad Al Kubaisi's Tejy Ne'shaq? (Al Amani). These identify different works, different institutions or different artist attributes. The review excluded the protected Zaman Al Samt performer and Wardak Ya Zare Al Ward first-radio-song facts while authoring. Different song credits, artist instruments, labels, collaborators and musical genres remain separate relations; no retained pair asks the same relation about the same entity."
"saudi_music_v2_192/gulf_music_v2_191","30cb41207e948c4e0a5153ab1eb39aab53e6e4ba6e2ddf6b399802c4bc0a7377","distinct","Assistant inspected song:istiraha:lyricist: What pen name is credited for the lyrics of Ayed's Estrahet Mohareb? (Al Aliyah) against song:walhan:lyricist: What pen name is credited for the lyrics of Rashed Al Majid's Walhan? (Ramz). These identify different works, different institutions or different artist attributes. The review excluded the protected Zaman Al Samt performer and Wardak Ya Zare Al Ward first-radio-song facts while authoring. Different song credits, artist instruments, labels, collaborators and musical genres remain separate relations; no retained pair asks the same relation about the same entity."
"saudi_music_v2_193/gulf_music_v2_182","0d425d7d190025c2a0642b141fe661940adaa3cb79101cf3d129b2b80d7ab614","distinct","Assistant inspected song:wainkent:arranger: Who arranged Rabeh Saqer's Wain Kent? (Khaled Ezz) against song:wajed:arranger: Who arranged Rabeh Saqer's 2022 song Wajed? (Bashar Sultan). These identify different works, different institutions or different artist attributes. The review excluded the protected Zaman Al Samt performer and Wardak Ya Zare Al Ward first-radio-song facts while authoring. Different song credits, artist instruments, labels, collaborators and musical genres remain separate relations; no retained pair asks the same relation about the same entity."
"saudi_music_v2_194/gulf_music_v2_191","14d4c05651303ae9139677d18894f353f79d424c48a869b126221653c0400f7d","distinct","Assistant inspected song:khamees:lyricist: What name is credited for the lyrics of Rabeh Saqer's Khamees? (Turki) against song:walhan:lyricist: What pen name is credited for the lyrics of Rashed Al Majid's Walhan? (Ramz). These identify different works, different institutions or different artist attributes. The review excluded the protected Zaman Al Samt performer and Wardak Ya Zare Al Ward first-radio-song facts while authoring. Different song credits, artist instruments, labels, collaborators and musical genres remain separate relations; no retained pair asks the same relation about the same entity."
"saudi_music_v2_198/gulf_music_v2_077","deaf2f7a3bd33c261f439d7aec64f5b779b334686a3fc9ae5e02d2915e4867b3","distinct","Assistant inspected artist:omar:birthname: What is the birth name of the Saudi composer known as Omar Kedres? (Omar Nuh Fallatah) against person:hind:birthname: What is the birth name of the Bahraini singer known as Hind? (Suhair). These identify different works, different institutions or different artist attributes. The review excluded the protected Zaman Al Samt performer and Wardak Ya Zare Al Ward first-radio-song facts while authoring. Different song credits, artist instruments, labels, collaborators and musical genres remain separate relations; no retained pair asks the same relation about the same entity."
"saudi_music_v2_201/gulf_music_v2_182","95e9d27fff131f91c4ca937d044173da0a1fe4b37577a34b466b7c72fb7bab27","distinct","Assistant inspected song:seqa:arranger: Who arranged Rabeh Saqer's Seqa Allah? (Cyrus) against song:wajed:arranger: Who arranged Rabeh Saqer's 2022 song Wajed? (Bashar Sultan). These identify different works, different institutions or different artist attributes. The review excluded the protected Zaman Al Samt performer and Wardak Ya Zare Al Ward first-radio-song facts while authoring. Different song credits, artist instruments, labels, collaborators and musical genres remain separate relations; no retained pair asks the same relation about the same entity."
"saudi_music_v2_002/kuwaiti_music_v2_012","9662194b84dff8dabdfbf2af5e1e08bbd2dd8add89b5879b4e11c813a387d8bf","distinct","Assistant inspected song:ikhtalafna:singer: Which Saudi singer performs Ikhtalafna? (Mohammed Abdu) against song:etmaen:singer: Which Kuwaiti singer performs Etmaen? (Hammoud Naser). These identify different works, different institutions or different artist attributes. The review excluded the protected Zaman Al Samt performer and Wardak Ya Zare Al Ward first-radio-song facts while authoring. Different song credits, artist instruments, labels, collaborators and musical genres remain separate relations; no retained pair asks the same relation about the same entity."
"saudi_music_v2_004/kuwaiti_music_v2_045","58630afc670e9efa8ca193a6f48e76c6bb6ea1c6a6687b090ade6dd47a4a80e3","distinct","Assistant inspected song:weshloonmaghleek:singer: Who sings Weshloon Maghleek? (Khalid Abdulrahman) against song:fahhmouh:singer: Who sings Fahhmouh? (Mutrif Al Mutrif). These identify different works, different institutions or different artist attributes. The review excluded the protected Zaman Al Samt performer and Wardak Ya Zare Al Ward first-radio-song facts while authoring. Different song credits, artist instruments, labels, collaborators and musical genres remain separate relations; no retained pair asks the same relation about the same entity."
"saudi_music_v2_004/kuwaiti_music_v2_053","e096a882f8cf8749dc579f1b0f77b73d7d203e829438fccc59a1efc872cd07fe","distinct","Assistant inspected song:weshloonmaghleek:singer: Who sings Weshloon Maghleek? (Khalid Abdulrahman) against song:qanabel:singer: Who sings Qanabel? (Essa Al Marzouq). These identify different works, different institutions or different artist attributes. The review excluded the protected Zaman Al Samt performer and Wardak Ya Zare Al Ward first-radio-song facts while authoring. Different song credits, artist instruments, labels, collaborators and musical genres remain separate relations; no retained pair asks the same relation about the same entity."
"saudi_music_v2_010/kuwaiti_music_v2_012","8d0b0d276441bd214fe458f5c41ba5d16040d6811099ac9f44ca53f1f1351c2f","distinct","Assistant inspected song:azzah:singer: Which Saudi singer performs Azzah? (Rashed Al Fares) against song:etmaen:singer: Which Kuwaiti singer performs Etmaen? (Hammoud Naser). These identify different works, different institutions or different artist attributes. The review excluded the protected Zaman Al Samt performer and Wardak Ya Zare Al Ward first-radio-song facts while authoring. Different song credits, artist instruments, labels, collaborators and musical genres remain separate relations; no retained pair asks the same relation about the same entity."
"saudi_music_v2_023/kuwaiti_music_v2_012","67989073774e13f871bea2c60ae50c560252d9bd93749446ccafe39eaabf685f","distinct","Assistant inspected song:aghrab:singer: Which Saudi singer performs Aghrab? (Talal Maddah) against song:etmaen:singer: Which Kuwaiti singer performs Etmaen? (Hammoud Naser). These identify different works, different institutions or different artist attributes. The review excluded the protected Zaman Al Samt performer and Wardak Ya Zare Al Ward first-radio-song facts while authoring. Different song credits, artist instruments, labels, collaborators and musical genres remain separate relations; no retained pair asks the same relation about the same entity."
"saudi_music_v2_027/kuwaiti_music_v2_045","d909e748b274d3a72b4fe0dad3ad650e788d09ea43e46472896af72879d5a07f","distinct","Assistant inspected song:bentelnour:singer: Who sings Bent El Nour? (Mohammed Abdu) against song:fahhmouh:singer: Who sings Fahhmouh? (Mutrif Al Mutrif). These identify different works, different institutions or different artist attributes. The review excluded the protected Zaman Al Samt performer and Wardak Ya Zare Al Ward first-radio-song facts while authoring. Different song credits, artist instruments, labels, collaborators and musical genres remain separate relations; no retained pair asks the same relation about the same entity."
"saudi_music_v2_027/kuwaiti_music_v2_053","9af3b5af2d22cdfae99bdff28bfbf0804471edb6bc33289c2d4708d8bf2a569f","distinct","Assistant inspected song:bentelnour:singer: Who sings Bent El Nour? (Mohammed Abdu) against song:qanabel:singer: Who sings Qanabel? (Essa Al Marzouq). These identify different works, different institutions or different artist attributes. The review excluded the protected Zaman Al Samt performer and Wardak Ya Zare Al Ward first-radio-song facts while authoring. Different song credits, artist instruments, labels, collaborators and musical genres remain separate relations; no retained pair asks the same relation about the same entity."
"saudi_music_v2_033/kuwaiti_music_v2_045","cc5f48a5d3d357e3e4aefab12a7c52491f2e7c8eba3cce2be1a74e51e92713fb","distinct","Assistant inspected song:hebrwarag:singer: Who sings Hebr W Warag? (Abadi Al Johar) against song:fahhmouh:singer: Who sings Fahhmouh? (Mutrif Al Mutrif). These identify different works, different institutions or different artist attributes. The review excluded the protected Zaman Al Samt performer and Wardak Ya Zare Al Ward first-radio-song facts while authoring. Different song credits, artist instruments, labels, collaborators and musical genres remain separate relations; no retained pair asks the same relation about the same entity."
"saudi_music_v2_033/kuwaiti_music_v2_053","d46ed6b79aeca6aac7c5077a3c1ac4560d501a0070fb9dd8fc2954d51399e2d5","distinct","Assistant inspected song:hebrwarag:singer: Who sings Hebr W Warag? (Abadi Al Johar) against song:qanabel:singer: Who sings Qanabel? (Essa Al Marzouq). These identify different works, different institutions or different artist attributes. The review excluded the protected Zaman Al Samt performer and Wardak Ya Zare Al Ward first-radio-song facts while authoring. Different song credits, artist instruments, labels, collaborators and musical genres remain separate relations; no retained pair asks the same relation about the same entity."
"saudi_music_v2_034/kuwaiti_music_v2_012","6468d50deecccb174ae6da043f7418daa6ee84b07a771897d6a93be2e3dfce03","distinct","Assistant inspected song:nadet:singer: Which Saudi singer performs Nadet? (Abbas Ibrahim) against song:etmaen:singer: Which Kuwaiti singer performs Etmaen? (Hammoud Naser). These identify different works, different institutions or different artist attributes. The review excluded the protected Zaman Al Samt performer and Wardak Ya Zare Al Ward first-radio-song facts while authoring. Different song credits, artist instruments, labels, collaborators and musical genres remain separate relations; no retained pair asks the same relation about the same entity."
"saudi_music_v2_036/kuwaiti_music_v2_045","f110019440fb8588ad0b064c475817a165b3b6e07ec6f659bffa52420ed95010","distinct","Assistant inspected song:tahdooh:singer: Who sings Tahdooh Al Bashar? (Rashed Al Majid) against song:fahhmouh:singer: Who sings Fahhmouh? (Mutrif Al Mutrif). These identify different works, different institutions or different artist attributes. The review excluded the protected Zaman Al Samt performer and Wardak Ya Zare Al Ward first-radio-song facts while authoring. Different song credits, artist instruments, labels, collaborators and musical genres remain separate relations; no retained pair asks the same relation about the same entity."
"saudi_music_v2_036/kuwaiti_music_v2_053","e0d462c26ac437d127fb2842f9223e8343212e5d7ed540e7865b7367915824e0","distinct","Assistant inspected song:tahdooh:singer: Who sings Tahdooh Al Bashar? (Rashed Al Majid) against song:qanabel:singer: Who sings Qanabel? (Essa Al Marzouq). These identify different works, different institutions or different artist attributes. The review excluded the protected Zaman Al Samt performer and Wardak Ya Zare Al Ward first-radio-song facts while authoring. Different song credits, artist instruments, labels, collaborators and musical genres remain separate relations; no retained pair asks the same relation about the same entity."
"saudi_music_v2_039/kuwaiti_music_v2_012","93dd0ec90f506b1785eb324e5fa6a0c409882c29c44f696c4992361dd854752b","distinct","Assistant inspected song:radinak:singer: Which Saudi singer performs Radinak? (Talal Salamah) against song:etmaen:singer: Which Kuwaiti singer performs Etmaen? (Hammoud Naser). These identify different works, different institutions or different artist attributes. The review excluded the protected Zaman Al Samt performer and Wardak Ya Zare Al Ward first-radio-song facts while authoring. Different song credits, artist instruments, labels, collaborators and musical genres remain separate relations; no retained pair asks the same relation about the same entity."
"saudi_music_v2_041/kuwaiti_music_v2_045","79b8179878e0c3d288231271a5a736cb728b92126fe4bc073449977aed2767ac","distinct","Assistant inspected song:rasayel:singer: Who sings Al Rasayel? (Mohammed Abdu) against song:fahhmouh:singer: Who sings Fahhmouh? (Mutrif Al Mutrif). These identify different works, different institutions or different artist attributes. The review excluded the protected Zaman Al Samt performer and Wardak Ya Zare Al Ward first-radio-song facts while authoring. Different song credits, artist instruments, labels, collaborators and musical genres remain separate relations; no retained pair asks the same relation about the same entity."
"saudi_music_v2_041/kuwaiti_music_v2_053","c6f781ddfe97340d0655783518ffa3c39ac60cb06c1c36400e22a19b4123ea34","distinct","Assistant inspected song:rasayel:singer: Who sings Al Rasayel? (Mohammed Abdu) against song:qanabel:singer: Who sings Qanabel? (Essa Al Marzouq). These identify different works, different institutions or different artist attributes. The review excluded the protected Zaman Al Samt performer and Wardak Ya Zare Al Ward first-radio-song facts while authoring. Different song credits, artist instruments, labels, collaborators and musical genres remain separate relations; no retained pair asks the same relation about the same entity."
"saudi_music_v2_041/kuwaiti_music_v2_061","91b43abedc635ec54004807fd44f38a6edad8b03587f1da2e6dcff0279489605","distinct","Assistant inspected song:rasayel:singer: Who sings Al Rasayel? (Mohammed Abdu) against song:dandinmai:singer: Who sings Dandin Ma'i? (Humood Al Khudher). These identify different works, different institutions or different artist attributes. The review excluded the protected Zaman Al Samt performer and Wardak Ya Zare Al Ward first-radio-song facts while authoring. Different song credits, artist instruments, labels, collaborators and musical genres remain separate relations; no retained pair asks the same relation about the same entity."
"saudi_music_v2_046/kuwaiti_music_v2_012","cde408be73ef9d9261d0e69d19e96c251e29722ae005275ae83d7431ba495b8f","distinct","Assistant inspected song:allamtni:singer: Which Saudi singer performs Allamtni? (Rashed Al Majid) against song:etmaen:singer: Which Kuwaiti singer performs Etmaen? (Hammoud Naser). These identify different works, different institutions or different artist attributes. The review excluded the protected Zaman Al Samt performer and Wardak Ya Zare Al Ward first-radio-song facts while authoring. Different song credits, artist instruments, labels, collaborators and musical genres remain separate relations; no retained pair asks the same relation about the same entity."
"saudi_music_v2_047/kuwaiti_music_v2_012","203de642ba56c2c2b413f8d1cb0f8f17d01e4a2e3f706aa9500b50af5682750e","distinct","Assistant inspected song:tahamaltak:singer: Which Saudi singer performs Tahamaltak? (Rabeh Saqer) against song:etmaen:singer: Which Kuwaiti singer performs Etmaen? (Hammoud Naser). These identify different works, different institutions or different artist attributes. The review excluded the protected Zaman Al Samt performer and Wardak Ya Zare Al Ward first-radio-song facts while authoring. Different song credits, artist instruments, labels, collaborators and musical genres remain separate relations; no retained pair asks the same relation about the same entity."
"saudi_music_v2_054/kuwaiti_music_v2_012","66ccb7a7f13ca4240a584f7d207913cb57697be0eb7281cd919f48cd92a91c10","distinct","Assistant inspected song:minkobraha:singer: Which Saudi singer performs Min Kobraha? (Rabeh Saqer) against song:etmaen:singer: Which Kuwaiti singer performs Etmaen? (Hammoud Naser). These identify different works, different institutions or different artist attributes. The review excluded the protected Zaman Al Samt performer and Wardak Ya Zare Al Ward first-radio-song facts while authoring. Different song credits, artist instruments, labels, collaborators and musical genres remain separate relations; no retained pair asks the same relation about the same entity."
"saudi_music_v2_065/kuwaiti_music_v2_012","60f3268882c5dca0294eecb4d7a25e304fd4fb617ae83867c7d8c07609d5802a","distinct","Assistant inspected song:mendala:singer: Which Saudi singer performs Men Dalaak? (Khalid Abdulrahman) against song:etmaen:singer: Which Kuwaiti singer performs Etmaen? (Hammoud Naser). These identify different works, different institutions or different artist attributes. The review excluded the protected Zaman Al Samt performer and Wardak Ya Zare Al Ward first-radio-song facts while authoring. Different song credits, artist instruments, labels, collaborators and musical genres remain separate relations; no retained pair asks the same relation about the same entity."
"saudi_music_v2_068/kuwaiti_music_v2_045","892abd75b19c3c366e70716e700287b5dd0d9d3b68e1f4dcaa37a62a48d04e18","distinct","Assistant inspected song:atni:singer: Who sings Atni Al Mahabba? (Talal Maddah) against song:fahhmouh:singer: Who sings Fahhmouh? (Mutrif Al Mutrif). These identify different works, different institutions or different artist attributes. The review excluded the protected Zaman Al Samt performer and Wardak Ya Zare Al Ward first-radio-song facts while authoring. Different song credits, artist instruments, labels, collaborators and musical genres remain separate relations; no retained pair asks the same relation about the same entity."
"saudi_music_v2_068/kuwaiti_music_v2_053","4597062b936c69f197e51c0f36d240c67a3e678d6f09e5a03a70fdee210c49ef","distinct","Assistant inspected song:atni:singer: Who sings Atni Al Mahabba? (Talal Maddah) against song:qanabel:singer: Who sings Qanabel? (Essa Al Marzouq). These identify different works, different institutions or different artist attributes. The review excluded the protected Zaman Al Samt performer and Wardak Ya Zare Al Ward first-radio-song facts while authoring. Different song credits, artist instruments, labels, collaborators and musical genres remain separate relations; no retained pair asks the same relation about the same entity."
"saudi_music_v2_097/kuwaiti_music_v2_160","1957334fe89a78e4d7fffefaa581231edd513903d14d20e4f0413b60976319d0","distinct","Assistant inspected song:maazeem:composer: Who composed Mohammed Abdu's Al Maazeem? (Adnan Khoj) against song:yabidayatna:composer: Who composed Mohammed Al Balushi's Ya Bidayatna? (Mohammed Al Rowaished). These identify different works, different institutions or different artist attributes. The review excluded the protected Zaman Al Samt performer and Wardak Ya Zare Al Ward first-radio-song facts while authoring. Different song credits, artist instruments, labels, collaborators and musical genres remain separate relations; no retained pair asks the same relation about the same entity."
"saudi_music_v2_102/kuwaiti_music_v2_160","513f897124acadc6fd87439d200a3588b3c37e96b4aa2b5b1c1ba9b79e11fff6","distinct","Assistant inspected song:rasayel:composer: Who composed Mohammed Abdu's Al Rasayel? (Mohammed Abdu) against song:yabidayatna:composer: Who composed Mohammed Al Balushi's Ya Bidayatna? (Mohammed Al Rowaished). These identify different works, different institutions or different artist attributes. The review excluded the protected Zaman Al Samt performer and Wardak Ya Zare Al Ward first-radio-song facts while authoring. Different song credits, artist instruments, labels, collaborators and musical genres remain separate relations; no retained pair asks the same relation about the same entity."
"saudi_music_v2_147/kuwaiti_music_v2_187","64bf27be8ecfd98f0dba93f7e33350609192b2886ca86c7fde3fd742822333a4","distinct","Assistant inspected song:wardabaida:lyricist: Who wrote the lyrics of Zena Emad's Elwarda Elbaida? (Amr Al Masry) against song:mughroura:lyricist: Who wrote the lyrics of Maram's Mughroura? (Khaled Al Bathal). These identify different works, different institutions or different artist attributes. The review excluded the protected Zaman Al Samt performer and Wardak Ya Zare Al Ward first-radio-song facts while authoring. Different song credits, artist instruments, labels, collaborators and musical genres remain separate relations; no retained pair asks the same relation about the same entity."
"saudi_music_v2_151/kuwaiti_music_v2_145","e72239c1a5ca147230dc3ffd18754de945a0bb826d845d44502a4ba03eb92fca","distinct","Assistant inspected song:yasabr:lyricist: Who wrote the lyrics of Aseel Abu Bakr's Ya Sabr? (Ahmed Alawi) against song:yaassal:lyricist: Who wrote the lyrics of Nabeel Shuail's Ya Assal? (Ahmed Alawi). These identify different works, different institutions or different artist attributes. The review excluded the protected Zaman Al Samt performer and Wardak Ya Zare Al Ward first-radio-song facts while authoring. Different song credits, artist instruments, labels, collaborators and musical genres remain separate relations; no retained pair asks the same relation about the same entity."
"saudi_music_v2_151/kuwaiti_music_v2_157","a1f39ec3145e7dfcf4f94a1af7e36bdf1a4e7ab8227c0de37f8dab026e7508f0","distinct","Assistant inspected song:yasabr:lyricist: Who wrote the lyrics of Aseel Abu Bakr's Ya Sabr? (Ahmed Alawi) against song:yamuairis:lyricist: Who wrote the lyrics of Hussein Jassim's Ya Muairis? (Mubarak Al Hudaibi). These identify different works, different institutions or different artist attributes. The review excluded the protected Zaman Al Samt performer and Wardak Ya Zare Al Ward first-radio-song facts while authoring. Different song credits, artist instruments, labels, collaborators and musical genres remain separate relations; no retained pair asks the same relation about the same entity."
"saudi_music_v2_161/kuwaiti_music_v2_109","d568c150444934d807952804629c4628371807fe06da54ab60524feb009233b3","distinct","Assistant inspected song:montaha:lyricist: Who wrote the lyrics of Rabeh Saqer's Montaha Al Riqqa? (Mansour Al Shadi) against song:abeek:lyricist: Who wrote the lyrics of Abdullah Al Rowaished's Abeek? (Abdul Latif Al Bannai). These identify different works, different institutions or different artist attributes. The review excluded the protected Zaman Al Samt performer and Wardak Ya Zare Al Ward first-radio-song facts while authoring. Different song credits, artist instruments, labels, collaborators and musical genres remain separate relations; no retained pair asks the same relation about the same entity."
"saudi_music_v2_161/kuwaiti_music_v2_179","536c4667c4a8e682f5d3bc10139e1a25275345e63a0365fd86f8a144318ab259","distinct","Assistant inspected song:montaha:lyricist: Who wrote the lyrics of Rabeh Saqer's Montaha Al Riqqa? (Mansour Al Shadi) against song:mistajela:lyricist: Who wrote the lyrics of Mesaed Al Baloushy's Mistajela? (Saud Al Fulaih). These identify different works, different institutions or different artist attributes. The review excluded the protected Zaman Al Samt performer and Wardak Ya Zare Al Ward first-radio-song facts while authoring. Different song credits, artist instruments, labels, collaborators and musical genres remain separate relations; no retained pair asks the same relation about the same entity."
"saudi_music_v2_161/kuwaiti_music_v2_190","2dc0b0b90795a90c3e11a38f27a157a1dab4b965d922e76356c5484ef87735bd","distinct","Assistant inspected song:montaha:lyricist: Who wrote the lyrics of Rabeh Saqer's Montaha Al Riqqa? (Mansour Al Shadi) against song:fahhmouh:lyricist: Who wrote the lyrics of Mutrif Al Mutrif's Fahhmouh? (Saad Al Musallam). These identify different works, different institutions or different artist attributes. The review excluded the protected Zaman Al Samt performer and Wardak Ya Zare Al Ward first-radio-song facts while authoring. Different song credits, artist instruments, labels, collaborators and musical genres remain separate relations; no retained pair asks the same relation about the same entity."
"saudi_music_v2_161/kuwaiti_music_v2_200","e8a5e17f6a337b889158b53fdf7aae611c9e24e76c5e52d76a74f402cb0c351d","distinct","Assistant inspected song:montaha:lyricist: Who wrote the lyrics of Rabeh Saqer's Montaha Al Riqqa? (Mansour Al Shadi) against song:wenwen:lyricist: Who wrote the lyrics of Hamad Al Qattan's Wen Wen? (Abdullah Al Omani). These identify different works, different institutions or different artist attributes. The review excluded the protected Zaman Al Samt performer and Wardak Ya Zare Al Ward first-radio-song facts while authoring. Different song credits, artist instruments, labels, collaborators and musical genres remain separate relations; no retained pair asks the same relation about the same entity."
"saudi_music_v2_161/kuwaiti_music_v2_202","50131a14fd7eca1680b8d0ef490d4821e282120c2c7c86ca58ab407d7610142a","distinct","Assistant inspected song:montaha:lyricist: Who wrote the lyrics of Rabeh Saqer's Montaha Al Riqqa? (Mansour Al Shadi) against song:masmouh:lyricist: Who wrote the lyrics of Ghareed Al Shati's Masmouh? (Bader Borsli). These identify different works, different institutions or different artist attributes. The review excluded the protected Zaman Al Samt performer and Wardak Ya Zare Al Ward first-radio-song facts while authoring. Different song credits, artist instruments, labels, collaborators and musical genres remain separate relations; no retained pair asks the same relation about the same entity."
"saudi_music_v2_180/kuwaiti_music_v2_109","bd978de0dd60d1b2220fc32a83280a0a356a6ce8c1b56a3f82f930322594ec2a","distinct","Assistant inspected song:allamtni:lyricist: Who wrote the lyrics of Rashed Al Majid's Allamtni? (Talal Al Rasheed) against song:abeek:lyricist: Who wrote the lyrics of Abdullah Al Rowaished's Abeek? (Abdul Latif Al Bannai). These identify different works, different institutions or different artist attributes. The review excluded the protected Zaman Al Samt performer and Wardak Ya Zare Al Ward first-radio-song facts while authoring. Different song credits, artist instruments, labels, collaborators and musical genres remain separate relations; no retained pair asks the same relation about the same entity."
"saudi_music_v2_180/kuwaiti_music_v2_179","098f850d7e86489351d12fb0d96a1f76f14641a2fa183b393b7ecd76ebb2a00d","distinct","Assistant inspected song:allamtni:lyricist: Who wrote the lyrics of Rashed Al Majid's Allamtni? (Talal Al Rasheed) against song:mistajela:lyricist: Who wrote the lyrics of Mesaed Al Baloushy's Mistajela? (Saud Al Fulaih). These identify different works, different institutions or different artist attributes. The review excluded the protected Zaman Al Samt performer and Wardak Ya Zare Al Ward first-radio-song facts while authoring. Different song credits, artist instruments, labels, collaborators and musical genres remain separate relations; no retained pair asks the same relation about the same entity."
"saudi_music_v2_180/kuwaiti_music_v2_187","e153cf21002a925c98a72ab896fabef6520c464eebe5fd3d564f896d8e204886","distinct","Assistant inspected song:allamtni:lyricist: Who wrote the lyrics of Rashed Al Majid's Allamtni? (Talal Al Rasheed) against song:mughroura:lyricist: Who wrote the lyrics of Maram's Mughroura? (Khaled Al Bathal). These identify different works, different institutions or different artist attributes. The review excluded the protected Zaman Al Samt performer and Wardak Ya Zare Al Ward first-radio-song facts while authoring. Different song credits, artist instruments, labels, collaborators and musical genres remain separate relations; no retained pair asks the same relation about the same entity."
"saudi_music_v2_180/kuwaiti_music_v2_190","a62485df24ac392b1899d2ddc5be305301f7cf51cacbe6ef63ef6f612abd0910","distinct","Assistant inspected song:allamtni:lyricist: Who wrote the lyrics of Rashed Al Majid's Allamtni? (Talal Al Rasheed) against song:fahhmouh:lyricist: Who wrote the lyrics of Mutrif Al Mutrif's Fahhmouh? (Saad Al Musallam). These identify different works, different institutions or different artist attributes. The review excluded the protected Zaman Al Samt performer and Wardak Ya Zare Al Ward first-radio-song facts while authoring. Different song credits, artist instruments, labels, collaborators and musical genres remain separate relations; no retained pair asks the same relation about the same entity."
"saudi_music_v2_180/kuwaiti_music_v2_200","b6649fa187610896d2ae0ffe698c485e3fc90a522ce794b91b352ed72d227a1c","distinct","Assistant inspected song:allamtni:lyricist: Who wrote the lyrics of Rashed Al Majid's Allamtni? (Talal Al Rasheed) against song:wenwen:lyricist: Who wrote the lyrics of Hamad Al Qattan's Wen Wen? (Abdullah Al Omani). These identify different works, different institutions or different artist attributes. The review excluded the protected Zaman Al Samt performer and Wardak Ya Zare Al Ward first-radio-song facts while authoring. Different song credits, artist instruments, labels, collaborators and musical genres remain separate relations; no retained pair asks the same relation about the same entity."
"saudi_music_v2_180/kuwaiti_music_v2_202","01562f02d47809edcea9c729d17f30d22f803479767cf96d1f3607969fecee6e","distinct","Assistant inspected song:allamtni:lyricist: Who wrote the lyrics of Rashed Al Majid's Allamtni? (Talal Al Rasheed) against song:masmouh:lyricist: Who wrote the lyrics of Ghareed Al Shati's Masmouh? (Bader Borsli). These identify different works, different institutions or different artist attributes. The review excluded the protected Zaman Al Samt performer and Wardak Ya Zare Al Ward first-radio-song facts while authoring. Different song credits, artist instruments, labels, collaborators and musical genres remain separate relations; no retained pair asks the same relation about the same entity."
"saudi_music_v2_183/kuwaiti_music_v2_109","83fb4e93fcae65a5bda973f53453cea1ef068eb561883c4868259028db62c1d8","distinct","Assistant inspected song:hujja:lyricist: Who wrote the lyrics of Rashed Al Majid's Hujjat Al Ghayeb? (Badr Al Mleihi) against song:abeek:lyricist: Who wrote the lyrics of Abdullah Al Rowaished's Abeek? (Abdul Latif Al Bannai). These identify different works, different institutions or different artist attributes. The review excluded the protected Zaman Al Samt performer and Wardak Ya Zare Al Ward first-radio-song facts while authoring. Different song credits, artist instruments, labels, collaborators and musical genres remain separate relations; no retained pair asks the same relation about the same entity."
"saudi_music_v2_183/kuwaiti_music_v2_179","1267f5665df4d2d559998a0a5c3d23a255fab6ba61c98662c3b85795c5046376","distinct","Assistant inspected song:hujja:lyricist: Who wrote the lyrics of Rashed Al Majid's Hujjat Al Ghayeb? (Badr Al Mleihi) against song:mistajela:lyricist: Who wrote the lyrics of Mesaed Al Baloushy's Mistajela? (Saud Al Fulaih). These identify different works, different institutions or different artist attributes. The review excluded the protected Zaman Al Samt performer and Wardak Ya Zare Al Ward first-radio-song facts while authoring. Different song credits, artist instruments, labels, collaborators and musical genres remain separate relations; no retained pair asks the same relation about the same entity."
"saudi_music_v2_183/kuwaiti_music_v2_190","42e918c5b3d02b1fedf99a6cb5576382f1e56d093dc96df5c29c4352e1a9228e","distinct","Assistant inspected song:hujja:lyricist: Who wrote the lyrics of Rashed Al Majid's Hujjat Al Ghayeb? (Badr Al Mleihi) against song:fahhmouh:lyricist: Who wrote the lyrics of Mutrif Al Mutrif's Fahhmouh? (Saad Al Musallam). These identify different works, different institutions or different artist attributes. The review excluded the protected Zaman Al Samt performer and Wardak Ya Zare Al Ward first-radio-song facts while authoring. Different song credits, artist instruments, labels, collaborators and musical genres remain separate relations; no retained pair asks the same relation about the same entity."
"saudi_music_v2_183/kuwaiti_music_v2_200","2cd3843f899265aa0883c320834774c7a9c4d884d05d200934e11c12c297ba4b","distinct","Assistant inspected song:hujja:lyricist: Who wrote the lyrics of Rashed Al Majid's Hujjat Al Ghayeb? (Badr Al Mleihi) against song:wenwen:lyricist: Who wrote the lyrics of Hamad Al Qattan's Wen Wen? (Abdullah Al Omani). These identify different works, different institutions or different artist attributes. The review excluded the protected Zaman Al Samt performer and Wardak Ya Zare Al Ward first-radio-song facts while authoring. Different song credits, artist instruments, labels, collaborators and musical genres remain separate relations; no retained pair asks the same relation about the same entity."
"saudi_music_v2_183/kuwaiti_music_v2_202","0b46579a03c8adba60da8857ffb484530c0908e7ec796d12dbe9c49ba7204a40","distinct","Assistant inspected song:hujja:lyricist: Who wrote the lyrics of Rashed Al Majid's Hujjat Al Ghayeb? (Badr Al Mleihi) against song:masmouh:lyricist: Who wrote the lyrics of Ghareed Al Shati's Masmouh? (Bader Borsli). These identify different works, different institutions or different artist attributes. The review excluded the protected Zaman Al Samt performer and Wardak Ya Zare Al Ward first-radio-song facts while authoring. Different song credits, artist instruments, labels, collaborators and musical genres remain separate relations; no retained pair asks the same relation about the same entity."
"saudi_music_v2_186/kuwaiti_music_v2_109","fcc742577fc85b89382bd94d5631f9bfe36cce245b6cae5facc16f27f95e6a1e","distinct","Assistant inspected song:ikhtafat:lyricist: Who wrote the lyrics of Abadi Al Johar's Ikhtafat? (Mohammed bin Khaled) against song:abeek:lyricist: Who wrote the lyrics of Abdullah Al Rowaished's Abeek? (Abdul Latif Al Bannai). These identify different works, different institutions or different artist attributes. The review excluded the protected Zaman Al Samt performer and Wardak Ya Zare Al Ward first-radio-song facts while authoring. Different song credits, artist instruments, labels, collaborators and musical genres remain separate relations; no retained pair asks the same relation about the same entity."
"saudi_music_v2_186/kuwaiti_music_v2_179","63bf0a08f729fd520e6dfd443a1c4bcf2f8dbcb14cf3c3e7205dd93002edfadc","distinct","Assistant inspected song:ikhtafat:lyricist: Who wrote the lyrics of Abadi Al Johar's Ikhtafat? (Mohammed bin Khaled) against song:mistajela:lyricist: Who wrote the lyrics of Mesaed Al Baloushy's Mistajela? (Saud Al Fulaih). These identify different works, different institutions or different artist attributes. The review excluded the protected Zaman Al Samt performer and Wardak Ya Zare Al Ward first-radio-song facts while authoring. Different song credits, artist instruments, labels, collaborators and musical genres remain separate relations; no retained pair asks the same relation about the same entity."
"saudi_music_v2_186/kuwaiti_music_v2_187","df3e7fb3b08ce40ae212cb0403e869379228955999e6f83238efbc00b43724cb","distinct","Assistant inspected song:ikhtafat:lyricist: Who wrote the lyrics of Abadi Al Johar's Ikhtafat? (Mohammed bin Khaled) against song:mughroura:lyricist: Who wrote the lyrics of Maram's Mughroura? (Khaled Al Bathal). These identify different works, different institutions or different artist attributes. The review excluded the protected Zaman Al Samt performer and Wardak Ya Zare Al Ward first-radio-song facts while authoring. Different song credits, artist instruments, labels, collaborators and musical genres remain separate relations; no retained pair asks the same relation about the same entity."
"saudi_music_v2_186/kuwaiti_music_v2_190","a4c05b366afdc0b3336576a5d4d9fd55eb5bab3faca12e39b6a2d7347bd62abb","distinct","Assistant inspected song:ikhtafat:lyricist: Who wrote the lyrics of Abadi Al Johar's Ikhtafat? (Mohammed bin Khaled) against song:fahhmouh:lyricist: Who wrote the lyrics of Mutrif Al Mutrif's Fahhmouh? (Saad Al Musallam). These identify different works, different institutions or different artist attributes. The review excluded the protected Zaman Al Samt performer and Wardak Ya Zare Al Ward first-radio-song facts while authoring. Different song credits, artist instruments, labels, collaborators and musical genres remain separate relations; no retained pair asks the same relation about the same entity."
"saudi_music_v2_186/kuwaiti_music_v2_200","b4e65a8de6e4263bb07aca1d195a8e049819bf5d33dba3d351338ebdbf612036","distinct","Assistant inspected song:ikhtafat:lyricist: Who wrote the lyrics of Abadi Al Johar's Ikhtafat? (Mohammed bin Khaled) against song:wenwen:lyricist: Who wrote the lyrics of Hamad Al Qattan's Wen Wen? (Abdullah Al Omani). These identify different works, different institutions or different artist attributes. The review excluded the protected Zaman Al Samt performer and Wardak Ya Zare Al Ward first-radio-song facts while authoring. Different song credits, artist instruments, labels, collaborators and musical genres remain separate relations; no retained pair asks the same relation about the same entity."
"saudi_music_v2_186/kuwaiti_music_v2_202","bb401ea1c842d4a3cafea78c8d9d8496f301f1ef860655cfd22e3cbd4c5e04cb","distinct","Assistant inspected song:ikhtafat:lyricist: Who wrote the lyrics of Abadi Al Johar's Ikhtafat? (Mohammed bin Khaled) against song:masmouh:lyricist: Who wrote the lyrics of Ghareed Al Shati's Masmouh? (Bader Borsli). These identify different works, different institutions or different artist attributes. The review excluded the protected Zaman Al Samt performer and Wardak Ya Zare Al Ward first-radio-song facts while authoring. Different song credits, artist instruments, labels, collaborators and musical genres remain separate relations; no retained pair asks the same relation about the same entity."
"saudi_music_v2_188/kuwaiti_music_v2_187","a65670cf918bc5002beba8ccb31becaa1fa669925f10dd99ffd17a0aa7a31663","distinct","Assistant inspected song:minkobraha:lyricist: Who wrote the lyrics of Rabeh Saqer's Min Kobraha? (Saud Al Babtain) against song:mughroura:lyricist: Who wrote the lyrics of Maram's Mughroura? (Khaled Al Bathal). These identify different works, different institutions or different artist attributes. The review excluded the protected Zaman Al Samt performer and Wardak Ya Zare Al Ward first-radio-song facts while authoring. Different song credits, artist instruments, labels, collaborators and musical genres remain separate relations; no retained pair asks the same relation about the same entity."
