"id","hash","factKey","source","evidenceVerified","translationParity","difficultyReviewed","distinctFact","reason"
"001","99cadbf845da73c2fd4798f7d4aed26319647ff9f6f28c1b20f49d9af71b424a","song:kelmanasnas:singer","kelmanasnas","yes","yes","yes","yes","Assistant reviewed Who sings the well-known self-composed recording of Kel Ma Nasnas? Answer: Mohammed Abdu. Arabic and English request the same attribute. Evidence: Indexed official channel description inspected 2026-10-08: Mohammed Abdu performs and composes; lyrics Khaled Al Faisal. Credits refer to this artist's recording, not other settings of the poem. Difficulty: Recognition of performers, familiar songs, musical instruments and prominent artist identities."
"002","28e351a2665352fd4c35a559b8614e9ed01d3b1ef97d57cd3d5b8e5cb7338d78","song:ikhtalafna:singer","ikhtalafna","yes","yes","yes","yes","Assistant reviewed Which Saudi singer performs Ikhtalafna? Answer: Mohammed Abdu. Arabic and English request the same attribute. Evidence: Contemporary review dated 2001-03-17 inspected 2026-10-08: Mohammed Abdu performs and composes; Prince Nawaf bin Faisal, pen name Aseer Al Shooq, wrote the words. Difficulty: Recognition of performers, familiar songs, musical instruments and prominent artist identities."
"003","dc1586e0b40343bced5881067cf7928bd6477f36d88b4fb118375dfed9b5023c","song:roohitehebbek:singer","roohi","yes","yes","yes","yes","Assistant reviewed Which Saudi singer performs Roohi Tehebbek? Answer: Abdul Majeed Abdullah. Arabic and English request the same attribute. Evidence: Indexed artist-channel description inspected 2026-10-08 identifies the singer and the song performed in the 2024 Riyadh Season concert. No original release year inferred from upload. Difficulty: Recognition of performers, familiar songs, musical instruments and prominent artist identities."
"004","dfcbbd66879920c7bddf8899c85f8f3603f23de3ac5d504b5a257ab9f6da332c","song:weshloonmaghleek:singer","weshloon","yes","yes","yes","yes","Assistant reviewed Who sings Weshloon Maghleek? Answer: Khalid Abdulrahman. Arabic and English request the same attribute. Evidence: Indexed official artist-channel recording inspected 2026-10-08 confirms performer and title only. Unverified composer and poet credits excluded. Difficulty: Recognition of performers, familiar songs, musical instruments and prominent artist identities."
"005","e1dbfe1bd2cd7998d099e34b4f013bd7bf5d2d5915a8dd9222e30403db5a241c","song:azeemehsasi:singer","azeem","yes","yes","yes","yes","Assistant reviewed Who sings the original Azeem Ehsasi release on his official channel? Answer: Rashed Al Majid. Arabic and English request the same attribute. Evidence: Indexed original-version description inspected 2026-10-08: Rashed Al Majid sings; words Anwar Al Mushairi; music Ahmed Al Harmi. Video metadata date is not treated as original recording date. Difficulty: Recognition of performers, familiar songs, musical instruments and prominent artist identities."
"006","d8d6d00502d7a52c25dc4d8dbf7e21e59a4a73bdc2bfd5e7f55a126e867ce0d3","song:rdy:singer","rdy","yes","yes","yes","yes","Assistant reviewed Which Saudi singer performs the Luxury release Rdy? Answer: Ayed. Arabic and English request the same attribute. Evidence: Indexed official lyric-video credits inspected 2026-10-08: Ayed performs; words Dhay; composition Rakan. No lyrics reproduced. Difficulty: Recognition of performers, familiar songs, musical instruments and prominent artist identities."
"007","53fbeac422ad5061e3cc9559436c178e9b16ffe675787a3e14353477ca92d638","song:kathamumkin:singer","kathamumkin","yes","yes","yes","yes","Assistant reviewed Which Saudi female singer performs Katha Mumkin? Answer: Dalia Mubarak. Arabic and English request the same attribute. Evidence: Indexed release description inspected 2026-10-08 confirms Dalia Mubarak as singer and Samt as credited lyricist. No guessed composition credit. Difficulty: Recognition of performers, familiar songs, musical instruments and prominent artist identities."
"008","c2d7f8b32fe957ca44ed09a1592d40f021b9c7a46499a6868f8b86e71a41c192","song:entamalek:performercomposer","entamalek","yes","yes","yes","yes","Assistant reviewed Which Saudi artist both sang and composed Enta Malek? Answer: Rabeh Saqer. Arabic and English request the same attribute. Evidence: Indexed score credits inspected 2026-10-08: Enta Malek performed and composed by Rabeh Saqer; words Wahed; arrangement Hisham Al Sakran. Direct PDF retrieval timed out; indexed official score evidence retained. Difficulty: Recognition of performers, familiar songs, musical instruments and prominent artist identities."
"009","5f697f4388dffb90b0dd3e938d3146d8028fadd6c6b85064964337705f2930d6","song:dukhoon:singer","dukhoon","yes","yes","yes","yes","Assistant reviewed Who sings Dukhoon, the title track of one of his albums? Answer: Abadi Al Johar. Arabic and English request the same attribute. Evidence: Indexed recording description inspected 2026-10-08 identifies Abadi Al Johar, his own composition, words Abdulrahman bin Musaed and album Dukhoon. Lyrics credit independently corroborated by Al Riyadh 2087984. Difficulty: Recognition of performers, familiar songs, musical instruments and prominent artist identities."
"010","6f8797bfba2059b7cbf57a23ee9a1ba4b2f9f07264fa9b3f09c59760452b7867","song:azzah:singer","azzah","yes","yes","yes","yes","Assistant reviewed Which Saudi singer performs Azzah? Answer: Rashed Al Fares. Arabic and English request the same attribute. Evidence: Review inspected 2026-10-08 identifies Azzah performed by Rashed Al Fares, composed by Sahm, written by Al Aliyah. No legal identity inferred from the credited pen names. Difficulty: Recognition of performers, familiar songs, musical instruments and prominent artist identities."
"011","d2a44588c866eb5940c42958c0eecd78e06926e0a11742d3d8bb0bfc7f9da6c4","song:ytayeb:singer","ytayeb","yes","yes","yes","yes","Assistant reviewed Which Saudi singer performs Ya Tayeb Alqalb? Answer: Abdul Majeed Abdullah. Arabic and English request the same attribute. Evidence: Indexed artist-channel performance inspected 2026-10-08 confirms the singer and title, with concert expressly identified as Jeddah 2022. Original composition credits not established here. Difficulty: Recognition of performers, familiar songs, musical instruments and prominent artist identities."
"012","c7a16a591bf86d58a843a8e8112f4d9c2fb8b204631ef9765a33ee4295e8b34f","song:sarheeni:singer","sarheeni","yes","yes","yes","yes","Assistant reviewed Who sings Sarheeni, the title track of one of his albums? Answer: Khalid Abdulrahman. Arabic and English request the same attribute. Evidence: Indexed official channel description inspected 2026-10-08 confirms Khalid Abdulrahman sings Sarheeni, from the album of the same name. No original release year inferred. Difficulty: Recognition of performers, familiar songs, musical instruments and prominent artist identities."
"013","18b557aab1d6daf19b494153614a9063c91636da59f1cdc3a4525dfe3dd70526","song:feztbek:singer","feztbek","yes","yes","yes","yes","Assistant reviewed Which Saudi singer performs Fezt Bek? Answer: Sultan Al Murshed. Arabic and English request the same attribute. Evidence: Official Artist Channel description inspected 2026-10-08: Sultan Al Murshed sings; words Watad; music Al Anein; arrangement Hisham Al Sakran. Lyrics excluded from bank. Difficulty: Recognition of performers, familiar songs, musical instruments and prominent artist identities."
"014","730132d13feb9b541574f7f5f7a8f17bbd54b92abf94e0f69f9b1b5be37e0f80","song:dehkatayami:singer","dehkat","yes","yes","yes","yes","Assistant reviewed Who sings Dehkat Ayami on Luxury's 2022 release? Answer: Sultan Al Murshed. Arabic and English request the same attribute. Evidence: Verified publisher-channel description inspected 2026-10-08: Sultan Al Murshed sings; words Watad; joint composition Sultan / Watad; arrangement Marwan. Joint composer credit preserved. Difficulty: Recognition of performers, familiar songs, musical instruments and prominent artist identities."
"015","19978565d5213872c63395bc9800cd4732f24e2f608c0b50186477a1a034fdfc","song:wardabaida:singer","wardabaida","yes","yes","yes","yes","Assistant reviewed Which Saudi female singer performs Elwarda Elbaida? Answer: Zena Emad. Arabic and English request the same attribute. Evidence: Official Artist Channel description inspected 2026-10-08: Zena Emad sings; words Amr Al Masry; music Samer Abu Taleb; arrangement Mohammed Najm; animated clip directed by Ahmed Nady. No lyrics reproduced. Difficulty: Recognition of performers, familiar songs, musical instruments and prominent artist identities."
"016","69d98fab4f834c6ab6763f13cf71c1b615bdc3dbc23c6310aa42966d2096b408","song:yawesasadri:singer","yawesa","yes","yes","yes","yes","Assistant reviewed Who sings Rotana's Ya Wesa Sadri? Answer: Aseel Abu Bakr. Arabic and English request the same attribute. Evidence: Verified Rotana channel description inspected 2026-10-08: Aseel Abu Bakr sings; words Khaled Al Mutairi; music Nawaf Abdullah; album Helw Sowtak; arrangement Cyrus. Difficulty: Recognition of performers, familiar songs, musical instruments and prominent artist identities."
"017","16a118f6cd8d72dca9827af54efd6c13d577dac86b2f91e93ee3217bb8a0a845","song:yasabr:singer","yasabr","yes","yes","yes","yes","Assistant reviewed Which Saudi singer performs Rotana's Ya Sabr? Answer: Aseel Abu Bakr. Arabic and English request the same attribute. Evidence: Verified Rotana channel description inspected 2026-10-08: Aseel Abu Bakr sings; words Ahmed Alawi; music Abdullah Al Jassem; album Helw Sowtak. Same album fact queried only once, with Ya Wesa Sadri. Difficulty: Recognition of performers, familiar songs, musical instruments and prominent artist identities."
"018","555e94fa62790bc81ab8a33f2fb93c31d2407c7ef4af03b43eb924d1a3a0c801","song:lammah:singer","lammah","yes","yes","yes","yes","Assistant reviewed Who sings Lammah on Luxury's 2024 release? Answer: Ayed. Arabic and English request the same attribute. Evidence: Indexed publisher's official lyric-video description inspected 2026-10-08 confirms Ayed as singer and Rakan as composer. Unestablished lyricist excluded. Difficulty: Recognition of performers, familiar songs, musical instruments and prominent artist identities."
"019","8d56dfbf0a7e01a41bba4c96deb0d2d02cc799830041ddef6a4560abdce23154","song:watanialhabib:performercomposer","talalbio","yes","yes","yes","yes","Assistant reviewed Who both sang and composed the Saudi patriotic song Watani Al Habib? Answer: Talal Maddah. Arabic and English request the same attribute. Evidence: Article inspected 2026-10-08: Talal Maddah born in Makkah, sang and composed Watani Al Habib; Al Muftaha Theatre in Abha renamed for him in 2019. Existing Gulf Music nickname and first-radio-song facts excluded. Difficulty: Recognition of performers, familiar songs, musical instruments and prominent artist identities."
"020","310ac1729e27aa9868376d675c3bf4fd4b17732fedf0794a9c66858ed3f96fe8","genre:yanbawi:namingcity","yanbawi","yes","yes","yes","yes","Assistant reviewed Which Saudi coastal city gives Yanbawi music its name? Answer: Yanbu. Arabic and English request the same attribute. Evidence: Article inspected 2026-10-08: name from Yanbu; three sections mawwal, dawr and tabheera; mawwal opens the performance; tabheera closes dawr; music associated with Red Sea maritime heritage. Instrument-family and UNESCO facts already protected elsewhere excluded. Difficulty: Recognition of performers, familiar songs, musical instruments and prominent artist identities."
"021","2c87614061f9944f51dac2ddf8fb8d71f07f135570ced389711a639ff9d667ca","genre:majass:originregion","majass","yes","yes","yes","yes","Assistant reviewed Which Saudi region is the original home of Al Majass singing? Answer: Hijaz. Arabic and English request the same attribute. Evidence: Indexed official encyclopedia article inspected 2026-10-08 identifies Hijaz as origin; performer called jasees; historically performed when welcoming Hajj caravans. No unsupported ancient founding date used. Difficulty: Recognition of performers, familiar songs, musical instruments and prominent artist identities."
"022","071ee172a66dfe101fd84429728d0c24d4bb51cbd93e630c71375190f3ee96a9","awards:joy2024:favouritemale","abdmajbio","yes","yes","yes","yes","Assistant reviewed Who won the favourite male music artist award at Joy Awards 2024? Answer: Abdul Majeed Abdullah. Arabic and English request the same attribute. Evidence: Article inspected 2026-10-08: early mentor Sami Ihsan; first radio talent programme Nadi Al Huwat hosted by Hussein Najjar; Egyptian artist influence Abdel Halim Hafez; favourite male music artist award at Joy Awards 2024. Nickname already used in Gulf Music excluded. Difficulty: Recognition of performers, familiar songs, musical instruments and prominent artist identities."
"023","5a36c6e1351399c44034270da6d04d4ca52cd1270abf47dd52f7d217c2b52f87","song:aghrab:singer","aghrab","yes","yes","yes","yes","Assistant reviewed Which Saudi singer performs Aghrab? Answer: Talal Maddah. Arabic and English request the same attribute. Evidence: Score publisher credits inspected 2026-10-08: Talal Maddah performs; words Prince Mohammed Al Abdullah Al Faisal; composition Siraj Omar. Difficulty: Recognition of performers, familiar songs, musical instruments and prominent artist identities."
"024","e12bfcb2a3a693549a5f003fdf40b56ed28b59baf932aee2eb7d1f08a2f37403","song:lanaallah:singer","lanaallah","yes","yes","yes","yes","Assistant reviewed Who sings the Saudi classic Lana Allah? Answer: Mohammed Abdu. Arabic and English request the same attribute. Evidence: Music report inspected 2026-10-08 confirms Mohammed Abdu sings, lyrics Ibrahim Khafaji and composition Tariq Abdulhakim. Disputed anecdotal recording history not queried. Difficulty: Recognition of performers, familiar songs, musical instruments and prominent artist identities."
"025","4986adae4e985d2fc2a46c7569ec5e3f1fc084fe73bfd1a004aa1f45ae7e9328","song:entehel:singer","entehel","yes","yes","yes","yes","Assistant reviewed Which Saudi singer performs Entehel Shakhsetak? Answer: Abdul Majeed Abdullah. Arabic and English request the same attribute. Evidence: Contemporary release report inspected 2026-10-08 identifies Abdul Majeed Abdullah as performer, Qaws as lyricist and Sahm as composer; report links the official artist release. Difficulty: Recognition of performers, familiar songs, musical instruments and prominent artist identities."
"026","223a5873044ffb8941477bde5e49703b1ec7e33bda47be775c01eefb07deefdc","song:montaha:singer","montaha","yes","yes","yes","yes","Assistant reviewed Which Saudi singer performs Montaha Al Riqqa? Answer: Rabeh Saqer. Arabic and English request the same attribute. Evidence: Contemporary album review inspected 2026-10-08: Montaha Al Riqqa by Rabeh Saqer; words Mansour Al Shadi; music Sahm. Album Ehsas Rabeh is distinct from a song of the same name. Difficulty: Recognition of performers, familiar songs, musical instruments and prominent artist identities."
"027","08daff6a69b5c737a25c2901129baa708995b442b9a010f8fc329fcd6dacfe2f","song:bentelnour:singer","bentelnour","yes","yes","yes","yes","Assistant reviewed Who sings Bent El Nour? Answer: Mohammed Abdu. Arabic and English request the same attribute. Evidence: Indexed official concert description inspected 2026-10-08: Mohammed Abdu sings; words Faisal bin Turki; music Nasser Al Saleh. Al Jazirah 20020331/at5 names the poet fully as Faisal bin Turki bin Abdullah. Difficulty: Recognition of performers, familiar songs, musical instruments and prominent artist identities."
"028","194a5ae516b3056d3a369e0e539b25247d44c5e732986d2d28fd2afd0720627b","song:anaalabyad:singer","anaalabyad","yes","yes","yes","yes","Assistant reviewed Which Saudi singer performs Ana Al Abyad? Answer: Rashed Al Majid. Arabic and English request the same attribute. Evidence: Indexed official artist-channel description inspected 2026-10-08: singer Rashed Al Majid; words Musaed Al Shammari; music Yasser Bou Ali. Concert year not equated with release year. Difficulty: Recognition of performers, familiar songs, musical instruments and prominent artist identities."
"029","a860f5010d3ee5990a71ce638956f71fa2076700cbf5f55914aaf1248347406b","song:awalhekaya:singer","awalhekaya","yes","yes","yes","yes","Assistant reviewed Who sings Awal Hekayatna on Aalam Mowazi? Answer: Abdul Majeed Abdullah. Arabic and English request the same attribute. Evidence: Indexed album release inspected 2026-10-08: Abdul Majeed Abdullah performs; music Tareq Mohammed; album Aalam Mowazi. Contemporary ET Arabic album announcement corroborates words Turki. Difficulty: Recognition of performers, familiar songs, musical instruments and prominent artist identities."
"030","efcb8a4dbde8877ba453ecd876234f283cc09de95e240076bd37c7a07eba94d5","song:mawedthani:singer","mawedthani","yes","yes","yes","yes","Assistant reviewed Which Saudi singer performs Al Mawed Al Thani? Answer: Talal Maddah. Arabic and English request the same attribute. Evidence: Score publisher credits inspected 2026-10-08: Talal Maddah performs; words Badr bin Abdulmohsen; music Siraj Omar. Recording anecdotes are not used as established facts. Difficulty: Recognition of performers, familiar songs, musical instruments and prominent artist identities."
"031","7787281fb420e43c356e9690beffa3b891e3f478c853ae6f1cc94c40ebdcc5bb","song:insanakthar:singer","insanakthar","yes","yes","yes","yes","Assistant reviewed Who is the artist behind the song and album Ensan Akthar? Answer: Abdul Majeed Abdullah. Arabic and English request the same attribute. Evidence: Album review inspected 2026-10-08 lists title track by Abdul Majeed Abdullah, words Turki and music Tareq Mohammed. No approximate sales or subjective percentage claims used. Difficulty: Recognition of performers, familiar songs, musical instruments and prominent artist identities."
"032","5281515c4912939deb5e43dfb48192a67f34ad862110c818917dd886cd2e5401","song:wahm:singer","wahm","yes","yes","yes","yes","Assistant reviewed Which Saudi singer performs Wahm, composed by Omar Kedres? Answer: Mohammed Abdu. Arabic and English request the same attribute. Evidence: Artist interview report inspected 2026-10-08 identifies Mohammed Abdu as performer, Faiq Abdul Jaleel as poet and Omar Kedres as composer. Artist's account of intended performers is not presented as independently established history. Difficulty: Recognition of performers, familiar songs, musical instruments and prominent artist identities."
"033","548982057c2e453b329c684cdd799eaa716ec02955d17974694dac7a3a2e35fd","song:hebrwarag:singer","hebrwarag","yes","yes","yes","yes","Assistant reviewed Who sings Hebr W Warag? Answer: Abadi Al Johar. Arabic and English request the same attribute. Evidence: Score publisher credits inspected 2026-10-08: Abadi Al Johar performs and composes; words Saleh Idris. Difficulty: Recognition of performers, familiar songs, musical instruments and prominent artist identities."
"034","bc8eb88473ca4b7e4dc15335478c497882dffcf54076ddec0f24a56ed4c23e21","song:nadet:singer","nadet","yes","yes","yes","yes","Assistant reviewed Which Saudi singer performs Nadet? Answer: Abbas Ibrahim. Arabic and English request the same attribute. Evidence: Publisher description inspected 2026-10-08: Abbas Ibrahim performs; words Khaled Al Faisal; composition Bandar bin Fahad; Abbas plays oud. Upload year not claimed as original release year. Difficulty: Recognition of performers, familiar songs, musical instruments and prominent artist identities."
"035","8b96d8500be393d1c0b37295350a9ec7b7b5760c015fbc1894ebf2316da4a666","song:maazeem:singer","maazeem","yes","yes","yes","yes","Assistant reviewed Who sings the Saudi song Al Maazeem? Answer: Mohammed Abdu. Arabic and English request the same attribute. Evidence: Official Artist Channel description inspected 2026-10-08: Mohammed Abdu sings; words Faiq Abdul Jaleel; composition Adnan Khoj. London concert date is not used as original release date. Difficulty: Recognition of performers, familiar songs, musical instruments and prominent artist identities."
"036","e2861ba4d9696cc2f67ea90f6be2c9dd347d1348dc79d59b2a7efd541be12f55","song:tahdooh:singer","tahdooh","yes","yes","yes","yes","Assistant reviewed Who sings Tahdooh Al Bashar? Answer: Rashed Al Majid. Arabic and English request the same attribute. Evidence: Official Artist Channel description inspected 2026-10-08: Rashed Al Majid sings; words Al Ani; composition Mishal Al Arouj. Pen name retained without guessing legal identity. Difficulty: Recognition of performers, familiar songs, musical instruments and prominent artist identities."
"037","86a68ed19478f511a71312ef66a0fab85be6a0929699ca465adafbd376f2b07e","competition:saudiidol:firstwinner","hamsidol","yes","yes","yes","yes","Assistant reviewed Which female singer won the first season of Saudi Idol? Answer: Hams Fikri. Arabic and English request the same attribute. Evidence: Exclusive interview inspected 2026-10-08 confirms she won the first season of Saudi Idol. No unverified song credits used. Difficulty: Recognition of performers, familiar songs, musical instruments and prominent artist identities."
"038","a2f719d8479911a761fcc8dafa3c1e0239ee3e528aafa8422032b8a1720cfb51","song:janyasmar:singer","janyasmar","yes","yes","yes","yes","Assistant reviewed Which Saudi female singer performs the classic Jani Al Asmar? Answer: Etab. Arabic and English request the same attribute. Evidence: Music-history article inspected 2026-10-08 identifies Jani Al Asmar performed by Etab, composed by Fawzi Mahsoun and written by Thuraiya Qabil. Difficulty: Recognition of performers, familiar songs, musical instruments and prominent artist identities."
"039","83f4d536ef0afe40fe69f6ac1ab50b91b4af892bea542dba56962e221f33caaa","song:radinak:singer","radinak","yes","yes","yes","yes","Assistant reviewed Which Saudi singer performs Radinak? Answer: Talal Salamah. Arabic and English request the same attribute. Evidence: Verified Rotana channel release inspected 2026-10-08 identifies Talal Salamah as singer. Composition credits not established by this description and excluded. Difficulty: Recognition of performers, familiar songs, musical instruments and prominent artist identities."
"040","600e11ab96c34a37f6c3b1f50f2efa7971e0440c8528767ab83d181a995c4256","song:ahyaqalbi:singer","ahyaqalbi","yes","yes","yes","yes","Assistant reviewed Who is the artist behind the song and album Ah Ya Qalbi? Answer: Rashed Al Majid. Arabic and English request the same attribute. Evidence: Official Artist Channel description inspected 2026-10-08 labels album Ah Ya Qalbi as 1985; song written and composed by Hamed Al Hamed. Album year distinguished from video upload 2019. Difficulty: Recognition of performers, familiar songs, musical instruments and prominent artist identities."
"041","0af940dbc88e487d3033a04afc8644b6384701dd1c07cbd695f4c9b8d3e97c46","song:rasayel:singer","rasayel","yes","yes","yes","yes","Assistant reviewed Who sings Al Rasayel? Answer: Mohammed Abdu. Arabic and English request the same attribute. Evidence: Indexed Official Artist Channel description inspected 2026-10-08: singer and composer Mohammed Abdu; poet Badr bin Abdulmohsen. Difficulty: Recognition of performers, familiar songs, musical instruments and prominent artist identities."
"042","67c76cecf0142c3d28702f4cf0b95322574515d14755c7e6d80186258f6fb7d0","song:sayedi:singer","sayedi","yes","yes","yes","yes","Assistant reviewed Which Saudi singer performs Sayedi Qum? Answer: Talal Maddah. Arabic and English request the same attribute. Evidence: Score publisher credits inspected 2026-10-08: Talal Maddah performs and composes; words Badr bin Abdulmohsen. Difficulty: Recognition of performers, familiar songs, musical instruments and prominent artist identities."
"043","d5ea0fa51d55c64bc75ad6c8859b6458fd16a823f3f79b67e714a90afcd05e39","song:ahebbak:singer","ahebbak","yes","yes","yes","yes","Assistant reviewed Who sings Ahebbak Law Tekoun Hader? Answer: Talal Maddah. Arabic and English request the same attribute. Evidence: Score publisher credits inspected 2026-10-08: Talal Maddah performs and composes; words Lotfi Zaini. Difficulty: Recognition of performers, familiar songs, musical instruments and prominent artist identities."
"044","24e7f03433b7f984e68b70e20946760bc703b649fcdeb69d07d0d979a9ef28a8","song:khalas:singer","khalas","yes","yes","yes","yes","Assistant reviewed Who sings Rotana's Khalas, written by Turki Al Musheiqih? Answer: Rabeh Saqer. Arabic and English request the same attribute. Evidence: Indexed verified publisher-channel description inspected 2026-10-08: Rabeh Saqer sings; words Turki Al Musheiqih; music Ahmed Al Harmi. Khalas distinguished from the separate song Yaani Khalas. Difficulty: Recognition of performers, familiar songs, musical instruments and prominent artist identities."
"045","683374d6e7e8fc43bf567fffaa65a97642a7f5db078b1f098388c324ac95ac4b","song:menathabi:singer","menathabi","yes","yes","yes","yes","Assistant reviewed Who sings Men Athabi on the album Tal Al Sukoot? Answer: Abadi Al Johar. Arabic and English request the same attribute. Evidence: Score publisher credits inspected 2026-10-08: Abadi Al Johar performs and composes; words Khaled Al Faisal. Artist's album recording identifies album Tal Al Sukoot. Difficulty: Recognition of performers, familiar songs, musical instruments and prominent artist identities."
"046","c6cb653d1511146c4538246d1f3f26e366bdaf2ff61c2c77885832a157340a11","song:allamtni:singer","allamtni","yes","yes","yes","yes","Assistant reviewed Which Saudi singer performs Allamtni? Answer: Rashed Al Majid. Arabic and English request the same attribute. Evidence: Indexed official artist release inspected 2026-10-08: singer Rashed Al Majid; composer Abdul Rab Idris. Official 2020 concert description TgCE5GmO5wM identifies poet Talal Al Rasheed. Difficulty: Recognition of performers, familiar songs, musical instruments and prominent artist identities."
"047","c2b85b893ecf597b69c8e55baf4b81a0091b25a4b306e48a9564bc3663ae5299","song:tahamaltak:singer","tahamaltak","yes","yes","yes","yes","Assistant reviewed Which Saudi singer performs Tahamaltak? Answer: Rabeh Saqer. Arabic and English request the same attribute. Evidence: Artist-label profile inspected 2026-10-08 confirms Tahamaltak performed by Rabeh Saqer, words Mansour Al Shadi, composition Sahm. First-ever claims and existing Gulf Music career facts are excluded. Difficulty: Recognition of performers, familiar songs, musical instruments and prominent artist identities."
"048","d75c23396ff01115d742005356f9e9dd2b0ef24cff08bccbb0bde348430d79b9","song:etjammal:singer","etjammal","yes","yes","yes","yes","Assistant reviewed Which Saudi female singer performs Etjammal Lenafsi? Answer: Dalia Mubarak. Arabic and English request the same attribute. Evidence: Indexed original release inspected 2026-10-08 confirms Dalia Mubarak sings and Anwar Al Mushairi wrote the words. Unestablished composer excluded. Difficulty: Recognition of performers, familiar songs, musical instruments and prominent artist identities."
"049","7381ecdea233be99356cf1776c69ed423601643c2d8578ae5a11243fb65fafb4","song:hujja:singer","hujja","yes","yes","yes","yes","Assistant reviewed Which Saudi singer performs Hujjat Al Ghayeb? Answer: Rashed Al Majid. Arabic and English request the same attribute. Evidence: Indexed original artist recording inspected 2026-10-08 confirms Rashed Al Majid sings and Badr Al Mleihi wrote the words. Composer corroboration pending and not queried here. Difficulty: Recognition of performers, familiar songs, musical instruments and prominent artist identities."
"050","ac5afa95a571cc35b7daeb78c47151c835394cc8085e2970da6087d024189d85","song:mostageb:singer","mostageb","yes","yes","yes","yes","Assistant reviewed Which Saudi singer performed Ya Mostageb Lel Daay in his 2002 Carthage programme? Answer: Mohammed Abdu. Arabic and English request the same attribute. Evidence: Indexed official channel description inspected 2026-10-08: Mohammed Abdu sings; words Hassan bin Ahmed Al Faseel; melody credited to tradition rather than to a named modern composer. Difficulty: Recognition of performers, familiar songs, musical instruments and prominent artist identities."
"051","13ed1125da861782ddf4c4df959ebef3fde9d93cb5fb1d9937ae72cb5c09af05","song:seqa:singer","seqa","yes","yes","yes","yes","Assistant reviewed Who sings Seqa Allah on the album Awjeh Al Maana? Answer: Rabeh Saqer. Arabic and English request the same attribute. Evidence: Indexed Rotana recording credits inspected 2026-10-08: Rabeh Saqer performs; Qaws lyrics; Yasser Bou Ali composition; Cyrus arrangement. Al Jazirah 20151226/at1 corroborates album Awjeh Al Maana. Difficulty: Recognition of performers, familiar songs, musical instruments and prominent artist identities."
"052","8ff42633525d3d847b4cadab5e0945ab3e1cdc79e9fc8407b5eccd7775b8d005","song:ikhtafat:singer","ikhtafat","yes","yes","yes","yes","Assistant reviewed Who sings Ikhtafat on the album Asdaq Ma Katabt? Answer: Abadi Al Johar. Arabic and English request the same attribute. Evidence: Indexed album recording inspected 2026-10-08: Abadi Al Johar sings; words Mohammed bin Khaled; album Asdaq Ma Katabt. Composer not queried without further corroboration. Difficulty: Recognition of performers, familiar songs, musical instruments and prominent artist identities."
"053","5bb22d26eb04150d501df8d4274a1b39c35a652560432aebbc86eec5b16027d7","song:faman:singer","faman","yes","yes","yes","yes","Assistant reviewed Which Saudi singer performs the 2016 release Faman Allah? Answer: Ayed. Arabic and English request the same attribute. Evidence: Indexed official artist release inspected 2026-10-08: Ayed performs; words Al Maha; composition Faisal Saud. Original release labelled 2016; no view-count fact used. Difficulty: Recognition of performers, familiar songs, musical instruments and prominent artist identities."
"054","96f604c5996d05821c7d6a1a738d6c9a338e176d624748d7c674678075a5627c","song:minkobraha:singer","minkobraha","yes","yes","yes","yes","Assistant reviewed Which Saudi singer performs Min Kobraha? Answer: Rabeh Saqer. Arabic and English request the same attribute. Evidence: Indexed publisher release identifies Rabeh Saqer. Credits independently corroborated by Billboard Arabia career review 7319: poet Saud Al Babtain, composer Sahm, arranger Cyrus. Inspected 2026-10-08. Difficulty: Recognition of performers, familiar songs, musical instruments and prominent artist identities."
"055","956abd6b17c240c05aea368330ac5627351f7b3dcdb557195bc075f76322303b","song:lataht:singer","lataht","yes","yes","yes","yes","Assistant reviewed Which Saudi female singer performs La Taht? Answer: Dalia Mubarak. Arabic and English request the same attribute. Evidence: Indexed artist-channel release inspected 2026-10-08 confirms Dalia Mubarak performs, from album Fi Hayatak Mostaheel. No unestablished composition credit used. Difficulty: Recognition of performers, familiar songs, musical instruments and prominent artist identities."
"056","340b025f1aa91068c7a5695ead140de6442a7b967fe386910e361d90d7c95206","song:thaheba:singer","thaheba","yes","yes","yes","yes","Assistant reviewed Which Saudi singer performs Nasser Al Qahtani's Al Thaheba? Answer: Khalid Abdulrahman. Arabic and English request the same attribute. Evidence: Music-history article inspected 2026-10-08 explicitly identifies poet Nasser Al Qahtani, with Khalid Abdulrahman singing and composing Al Thaheba. Contemporary Al Jazirah Abha report 20010818/at1 corroborates performer and poet. Difficulty: Recognition of performers, familiar songs, musical instruments and prominent artist identities."
"057","440ef610526cbe9c8db9eb28965f07515da7c8c51fb1f813968b9a8667400be9","song:akhqalbi:singer","akhqalbi","yes","yes","yes","yes","Assistant reviewed Who sings Rotana's 2016 release Akh Qalbi? Answer: Majid Al Mohandis. Arabic and English request the same attribute. Evidence: Label's report inspected 2026-10-08 confirms Majid Al Mohandis performs; words Qusai Issa; composition Ali Saber; arrangement Hossam Kamel. View-count claims excluded; naturalized Saudi artist's repertoire remains in category scope. Difficulty: Recognition of performers, familiar songs, musical instruments and prominent artist identities."
"058","b7fa07a7b986aa9a21b3a43b011d306748cf358686a574a6feec3d2f7fd659ad","song:entithar:singer","entithar","yes","yes","yes","yes","Assistant reviewed Who sings Rotana's 2015 release Entitharak Saab? Answer: Majid Al Mohandis. Arabic and English request the same attribute. Evidence: Verified label recording inspected 2026-10-08: Majid Al Mohandis sings and composes; words Sari. Original digital album 2015 is distinguished from later Akh Qalbi compilation. Difficulty: Recognition of performers, familiar songs, musical instruments and prominent artist identities."
"059","d4e93e0657a6a8c6f4a4ba051bc30b7b0ba14a15865f981c81723221b76a88de","song:saqiatash:singer","saqiatash","yes","yes","yes","yes","Assistant reviewed Which Saudi singer performs Saqi Al Atash? Answer: Ayed. Arabic and English request the same attribute. Evidence: Contemporary release report inspected 2026-10-08: Ayed sings; words Yam; music Hamad Al Qattan; arrangement Zaid Nadeem; filmed in Lebanon by Alaa Al Ansari. Artist video later label 2016 not used as first-release year. Difficulty: Recognition of performers, familiar songs, musical instruments and prominent artist identities."
"060","9bb25f3eed1d20d49def5a27e09d7439d86c02ed692c7f7bc7abde2aa84f9d56","song:istiraha:singer","istiraha","yes","yes","yes","yes","Assistant reviewed Which Saudi singer performs Estrahet Mohareb? Answer: Ayed. Arabic and English request the same attribute. Evidence: Indexed verified publisher release inspected 2026-10-08: Ayed sings; words Al Aliyah; composition Yasser Bou Ali; arrangement Cyrus. Credits corroborated by Billboard Arabia artist profile. Difficulty: Recognition of performers, familiar songs, musical instruments and prominent artist identities."
"061","b58d0bcb54397af29024a3e5baf7ec01916e47e01f35df3dacf0e49323dc0344","song:alabal:singer","alabal","yes","yes","yes","yes","Assistant reviewed Who sings the Saudi song Ala El Bal, written by Aseer Al Shooq? Answer: Mohammed Abdu. Arabic and English request the same attribute. Evidence: Score publisher credits inspected 2026-10-08: Mohammed Abdu sings and composes; words Aseer Al Shooq. Difficulty: Recognition of performers, familiar songs, musical instruments and prominent artist identities."
"062","a17eb2922356279fd83c7702b9f9590b205dad6b43f4913172320e72c259ec80","song:markeb:performercomposer","markeb","yes","yes","yes","yes","Assistant reviewed Which Saudi singer performed and composed Ya Markeb Al Hind? Answer: Mohammed Abdu. Arabic and English request the same attribute. Evidence: Indexed artist-channel description inspected 2026-10-08: Mohammed Abdu sings and composes; words Badr bin Abdulmohsen. Carthage performance year not treated as original release year. Difficulty: Recognition of performers, familiar songs, musical instruments and prominent artist identities."
"063","b72320b698704a3c76def222471682d1a5a5e64f1bc0e8ede52cfbe8fc63c002","song:wainkent:singer","wainkent","yes","yes","yes","yes","Assistant reviewed Who sings Wain Kent on the album Awjeh Al Maana? Answer: Rabeh Saqer. Arabic and English request the same attribute. Evidence: Indexed label release inspected 2026-10-08: Rabeh Saqer performs and composes; words Mansour Al Shadi; arrangement Khaled Ezz. Difficulty: Recognition of performers, familiar songs, musical instruments and prominent artist identities."
"064","d4ce301d8f88aa35af236ed18385e5ebb9cfc5d0c0e9122b7943b50ea83c5875","song:khamees:singer","khamees","yes","yes","yes","yes","Assistant reviewed Who sings Khamees on the album Awjeh Al Maana? Answer: Rabeh Saqer. Arabic and English request the same attribute. Evidence: Contemporary album report inspected 2026-10-08: Rabeh Saqer's Khamees, words Turki and composition Sahm. Song distinguished from Mohammed Abdu's Lelat Khamis, whose facts are protected in Gulf Music. Difficulty: Recognition of performers, familiar songs, musical instruments and prominent artist identities."
"065","2f16755b21ac4b7ef1ae13f2c948ca55bdadf8fb952384056352f57c5c7defa4","song:mendala:singer","mendala","yes","yes","yes","yes","Assistant reviewed Which Saudi singer performs Men Dalaak? Answer: Khalid Abdulrahman. Arabic and English request the same attribute. Evidence: Contemporary article inspected 2026-10-08 identifies Men Dalaak among poems by Mukhawi Al Lail sung by Khalid Abdulrahman. No unverified album date used. Difficulty: Recognition of performers, familiar songs, musical instruments and prominent artist identities."
"066","e8a60eff98d465f078505020fd7c3b366b429d8241ce73103c53ce117673dd8d","song:maaldunya:singer","maaldunya","yes","yes","yes","yes","Assistant reviewed Who sings Ma Ala Al Dunya Atab on the album Tal Al Sukoot? Answer: Abadi Al Johar. Arabic and English request the same attribute. Evidence: Indexed album recording inspected 2026-10-08 identifies Abadi Al Johar as performer and album Tal Al Sukoot. Unestablished poem credit not queried. Difficulty: Recognition of performers, familiar songs, musical instruments and prominent artist identities."
"067","e04cd867c998797a1894d6c5be3d97346dae3bf67bcaa356f3724ef85bbef57f","song:fazet:saudicoverperformer","fazet","yes","yes","yes","yes","Assistant reviewed Which Saudi singer performed Fazet Men Nomi at his Riyadh Season concert in 2024? Answer: Abdul Majeed Abdullah. Arabic and English request the same attribute. Evidence: Indexed artist-channel Riyadh Season 2024 performance inspected 2026-10-08 identifies Abdul Majeed Abdullah. This is a cover, not claimed as original recording; Al Riyadh 2152995 records his statement that the original is by Thikra. Difficulty: Recognition of performers, familiar songs, musical instruments and prominent artist identities."
"068","c86447eb6c5e4344f21f63563094b38afe56e5288848a465e770fe4b7721fac1","song:atni:singer","atni","yes","yes","yes","yes","Assistant reviewed Who sings Atni Al Mahabba? Answer: Talal Maddah. Arabic and English request the same attribute. Evidence: Score publisher credits inspected 2026-10-08: Talal Maddah sings and composes; words Badr bin Abdulmohsen. Difficulty: Recognition of performers, familiar songs, musical instruments and prominent artist identities."
"069","ecc92a17d27c787e8f2c777a7475bf2f272f63573294424c89f06dc83a3bf6ca","song:kelmanasnas:lyricist","kelmanasnas","yes","yes","yes","yes","Assistant reviewed Which prince and poet wrote Kel Ma Nasnas, sung by Mohammed Abdu? Answer: Prince Khaled Al Faisal. Arabic and English request the same attribute. Evidence: Indexed official channel description inspected 2026-10-08: Mohammed Abdu performs and composes; lyrics Khaled Al Faisal. Credits refer to this artist's recording, not other settings of the poem. Difficulty: Recall of albums, credited composers, musical collaborations, institutions or a less familiar artist attribute."
"070","5788d64c63db1d1643b8c6fefaff506668dbc569e225a41deecf2398f3766630","song:ikhtalafna:composer","ikhtalafna","yes","yes","yes","yes","Assistant reviewed Who composed Mohammed Abdu's Ikhtalafna? Answer: Mohammed Abdu. Arabic and English request the same attribute. Evidence: Contemporary review dated 2001-03-17 inspected 2026-10-08: Mohammed Abdu performs and composes; Prince Nawaf bin Faisal, pen name Aseer Al Shooq, wrote the words. Difficulty: Recall of albums, credited composers, musical collaborations, institutions or a less familiar artist attribute."
"071","5a8c5bb3f148959dee516c26ea67e841540f175ea237bc8542bf53b834da46af","song:azeemehsasi:composer","azeem","yes","yes","yes","yes","Assistant reviewed Who composed Rashed Al Majid's Azeem Ehsasi? Answer: Ahmed Al Harmi. Arabic and English request the same attribute. Evidence: Indexed original-version description inspected 2026-10-08: Rashed Al Majid sings; words Anwar Al Mushairi; music Ahmed Al Harmi. Video metadata date is not treated as original recording date. Difficulty: Recall of albums, credited composers, musical collaborations, institutions or a less familiar artist attribute."
"072","0aeed868c73736e3cee9235341a2ff227d1319b08f11187d9cf3d7faaabdaf83","song:rdy:composer","rdy","yes","yes","yes","yes","Assistant reviewed Who is credited with composing Ayed's Rdy? Answer: Rakan. Arabic and English request the same attribute. Evidence: Indexed official lyric-video credits inspected 2026-10-08: Ayed performs; words Dhay; composition Rakan. No lyrics reproduced. Difficulty: Recall of albums, credited composers, musical collaborations, institutions or a less familiar artist attribute."
"073","dd4146b72889f56231cb8ffb2b2de23ef5ebaa27b0a188cfb9aa4dca4b18cba9","song:dukhoon:composer","dukhoon","yes","yes","yes","yes","Assistant reviewed Who composed Abadi Al Johar's Dukhoon? Answer: Abadi Al Johar. Arabic and English request the same attribute. Evidence: Indexed recording description inspected 2026-10-08 identifies Abadi Al Johar, his own composition, words Abdulrahman bin Musaed and album Dukhoon. Lyrics credit independently corroborated by Al Riyadh 2087984. Difficulty: Recall of albums, credited composers, musical collaborations, institutions or a less familiar artist attribute."
"074","d94b34c8081d55cc6cd7a88b64add0da76e42921cb97f0cc29a4042fdf6ac7ca","song:yahalawa:composer","yahalawa","yes","yes","yes","yes","Assistant reviewed Which artist composed Ya Halawa for Abadi Al Johar? Answer: Talal Maddah. Arabic and English request the same attribute. Evidence: Report inspected 2026-10-08 identifies Ya Halawa performed by Abadi Al Johar, lyrics Lotfi Zaini and composition Talal Maddah. Avoids asserting that the reported concert was the song's original recording. Difficulty: Recall of albums, credited composers, musical collaborations, institutions or a less familiar artist attribute."
"075","b97ec2aefbbda32a407ba564a8d2dde25f0126191ed1bccafb976b86e29051b3","song:feztbek:composer","feztbek","yes","yes","yes","yes","Assistant reviewed Who composed Sultan Al Murshed's Fezt Bek? Answer: Al Anein. Arabic and English request the same attribute. Evidence: Official Artist Channel description inspected 2026-10-08: Sultan Al Murshed sings; words Watad; music Al Anein; arrangement Hisham Al Sakran. Lyrics excluded from bank. Difficulty: Recall of albums, credited composers, musical collaborations, institutions or a less familiar artist attribute."
"076","b89415c3bea32db3d943412c5339e9f4dd2912f7f15385869aab955c8fd7427a","song:dehkatayami:composers","dehkat","yes","yes","yes","yes","Assistant reviewed Which two names are jointly credited for the composition of Sultan Al Murshed's Dehkat Ayami? Answer: Sultan and Watad. Arabic and English request the same attribute. Evidence: Verified publisher-channel description inspected 2026-10-08: Sultan Al Murshed sings; words Watad; joint composition Sultan / Watad; arrangement Marwan. Joint composer credit preserved. Difficulty: Recall of albums, credited composers, musical collaborations, institutions or a less familiar artist attribute."
"077","e1d95c11fe346f4ca09bd0bf9de25a8d8bcd791612f28c29c7420cf2b62c934a","song:wardabaida:composer","wardabaida","yes","yes","yes","yes","Assistant reviewed Who composed Zena Emad's Elwarda Elbaida? Answer: Samer Abu Taleb. Arabic and English request the same attribute. Evidence: Official Artist Channel description inspected 2026-10-08: Zena Emad sings; words Amr Al Masry; music Samer Abu Taleb; arrangement Mohammed Najm; animated clip directed by Ahmed Nady. No lyrics reproduced. Difficulty: Recall of albums, credited composers, musical collaborations, institutions or a less familiar artist attribute."
"078","d3ab25b3ef437f67ce73c9268c40f9ca05145be54bd30ed2b5280cf36fa38435","album:helwsowtak:yawesatrack","yawesa","yes","yes","yes","yes","Assistant reviewed Which Aseel Abu Bakr album includes Ya Wesa Sadri? Answer: Helw Sowtak. Arabic and English request the same attribute. Evidence: Verified Rotana channel description inspected 2026-10-08: Aseel Abu Bakr sings; words Khaled Al Mutairi; music Nawaf Abdullah; album Helw Sowtak; arrangement Cyrus. Difficulty: Recall of albums, credited composers, musical collaborations, institutions or a less familiar artist attribute."
"079","df9d5976c73d539022ae7f1d5fa3cbe8dfa59fed768171a006cfd2072a1a0cb5","song:lammah:composer","lammah","yes","yes","yes","yes","Assistant reviewed Who composed Ayed's Lammah? Answer: Rakan. Arabic and English request the same attribute. Evidence: Indexed publisher's official lyric-video description inspected 2026-10-08 confirms Ayed as singer and Rakan as composer. Unestablished lyricist excluded. Difficulty: Recall of albums, credited composers, musical collaborations, institutions or a less familiar artist attribute."
"080","da9346607554d8033377baf051fff363b94be315ea9947eab322605fe81d089f","artist:tariq:deannickname","tariqbio","yes","yes","yes","yes","Assistant reviewed Which Saudi composer is known as the Dean of Saudi Art? Answer: Tariq Abdulhakim. Arabic and English request the same attribute. Evidence: Article inspected 2026-10-08: Dean of Saudi Art; Cairo military-music scholarship in 1952; army music school founded 1954; compositions include Lana Allah and Taallaq Qalbi. Questions avoid confusing his national-anthem arrangement with the original composition. Difficulty: Recall of albums, credited composers, musical collaborations, institutions or a less familiar artist attribute."
"081","5a1e81ab6d3ec69c8d15c0cb4f47682ec330d589ad319d5bd22304bb8550ee98","museum:tariq:city","tariqmuseum","yes","yes","yes","yes","Assistant reviewed Which city houses the Tariq Abdulhakim Museum, showcasing Saudi musical history? Answer: Jeddah. Arabic and English request the same attribute. Evidence: Official encyclopedia inspected 2026-10-08 locates the museum in historic Jeddah; Tariq biography identifies its historic building as Bayt Al Manoufi. Museum's 2023 inauguration is distinguished from its 2020 announcement. Difficulty: Recall of albums, credited composers, musical collaborations, institutions or a less familiar artist attribute."
"082","7b5937be8eb1bf7f5440bc155d11f01c87eb5fcd52262369011eea093ccb9ce7","artist:talal:birthcity","talalbio","yes","yes","yes","yes","Assistant reviewed In which Saudi city was Talal Maddah born? Answer: Makkah. Arabic and English request the same attribute. Evidence: Article inspected 2026-10-08: Talal Maddah born in Makkah, sang and composed Watani Al Habib; Al Muftaha Theatre in Abha renamed for him in 2019. Existing Gulf Music nickname and first-radio-song facts excluded. Difficulty: Recall of albums, credited composers, musical collaborations, institutions or a less familiar artist attribute."
"083","def290cf276b1c7a8343c332e42a3f6e128f9b186b3ddd52c9abc37e586f879a","genre:yanbawi:openingsection","yanbawi","yes","yes","yes","yes","Assistant reviewed Which type of singing opens a Yanbawi song before the dawr section? Answer: Mawwal. Arabic and English request the same attribute. Evidence: Article inspected 2026-10-08: name from Yanbu; three sections mawwal, dawr and tabheera; mawwal opens the performance; tabheera closes dawr; music associated with Red Sea maritime heritage. Instrument-family and UNESCO facts already protected elsewhere excluded. Difficulty: Recall of albums, credited composers, musical collaborations, institutions or a less familiar artist attribute."
"084","8bc4614e75091b453c43464f9246a905342118ccbb98b5987cc607cb8f7ab5b5","genre:majass:historicalwelcome","majass","yes","yes","yes","yes","Assistant reviewed Which religious caravans did Makkah's residents historically welcome with Al Majass singing? Answer: Hajj pilgrim caravans. Arabic and English request the same attribute. Evidence: Indexed official encyclopedia article inspected 2026-10-08 identifies Hijaz as origin; performer called jasees; historically performed when welcoming Hajj caravans. No unsupported ancient founding date used. Difficulty: Recall of albums, credited composers, musical collaborations, institutions or a less familiar artist attribute."
"085","b99a1c6330c005f04de3598a933d98c7cdd602cb17fee4d53762060c91248711","artist:abdmaj:earlymentor","abdmajbio","yes","yes","yes","yes","Assistant reviewed Which composer mentored Abdul Majeed Abdullah early in his career and accompanied him to Egypt to record? Answer: Sami Ihsan. Arabic and English request the same attribute. Evidence: Article inspected 2026-10-08: early mentor Sami Ihsan; first radio talent programme Nadi Al Huwat hosted by Hussein Najjar; Egyptian artist influence Abdel Halim Hafez; favourite male music artist award at Joy Awards 2024. Nickname already used in Gulf Music excluded. Difficulty: Recall of albums, credited composers, musical collaborations, institutions or a less familiar artist attribute."
"086","dc5759cb42f7303c67ab60ec691b9e01ad35a00e9be6e46a78d8db4731b61745","song:lanaallah:lyricist","lanaallah","yes","yes","yes","yes","Assistant reviewed Which Saudi poet wrote Mohammed Abdu's Lana Allah? Answer: Ibrahim Khafaji. Arabic and English request the same attribute. Evidence: Music report inspected 2026-10-08 confirms Mohammed Abdu sings, lyrics Ibrahim Khafaji and composition Tariq Abdulhakim. Disputed anecdotal recording history not queried. Difficulty: Recall of albums, credited composers, musical collaborations, institutions or a less familiar artist attribute."
"087","4195174965c181bc2299e7edbb146eeb5f4cbcef2f89214ef064ef9c219dffb7","song:entehel:composer","entehel","yes","yes","yes","yes","Assistant reviewed Who composed Abdul Majeed Abdullah's Entehel Shakhsetak? Answer: Sahm. Arabic and English request the same attribute. Evidence: Contemporary release report inspected 2026-10-08 identifies Abdul Majeed Abdullah as performer, Qaws as lyricist and Sahm as composer; report links the official artist release. Difficulty: Recall of albums, credited composers, musical collaborations, institutions or a less familiar artist attribute."
"088","11b1bd89010012d3f630d193a1c80163a334f2f42482d2480ca7d5fe04fd5da2","album:ehsasrabeh:montahatrack","montaha","yes","yes","yes","yes","Assistant reviewed Which Rabeh Saqer album contains Montaha Al Riqqa, reviewed by Al Jazirah in 2011? Answer: Ehsas Rabeh. Arabic and English request the same attribute. Evidence: Contemporary album review inspected 2026-10-08: Montaha Al Riqqa by Rabeh Saqer; words Mansour Al Shadi; music Sahm. Album Ehsas Rabeh is distinct from a song of the same name. Difficulty: Recall of albums, credited composers, musical collaborations, institutions or a less familiar artist attribute."
"089","e4c6b525beaaac4d011d0b305330536c0d361d161bcdbaf3f76ec01e997903f3","song:bentelnour:composer","bentelnour","yes","yes","yes","yes","Assistant reviewed Who composed Mohammed Abdu's Bent El Nour? Answer: Nasser Al Saleh. Arabic and English request the same attribute. Evidence: Indexed official concert description inspected 2026-10-08: Mohammed Abdu sings; words Faisal bin Turki; music Nasser Al Saleh. Al Jazirah 20020331/at5 names the poet fully as Faisal bin Turki bin Abdullah. Difficulty: Recall of albums, credited composers, musical collaborations, institutions or a less familiar artist attribute."
"090","d18c037e4064d792dc2b420acff4b28b0e5d6903d1e69db8b34003464669aeb0","song:anaalabyad:composer","anaalabyad","yes","yes","yes","yes","Assistant reviewed Who composed Rashed Al Majid's Ana Al Abyad? Answer: Yasser Bou Ali. Arabic and English request the same attribute. Evidence: Indexed official artist-channel description inspected 2026-10-08: singer Rashed Al Majid; words Musaed Al Shammari; music Yasser Bou Ali. Concert year not equated with release year. Difficulty: Recall of albums, credited composers, musical collaborations, institutions or a less familiar artist attribute."
"091","4ad87e86c24428aeb337dae367f79e6e11fe1914e85b231fc0e9b3c482b13498","song:awalhekaya:composer","awalhekaya","yes","yes","yes","yes","Assistant reviewed Who composed Abdul Majeed Abdullah's Awal Hekayatna? Answer: Tareq Mohammed. Arabic and English request the same attribute. Evidence: Indexed album release inspected 2026-10-08: Abdul Majeed Abdullah performs; music Tareq Mohammed; album Aalam Mowazi. Contemporary ET Arabic album announcement corroborates words Turki. Difficulty: Recall of albums, credited composers, musical collaborations, institutions or a less familiar artist attribute."
"092","c34d2176f97921e5b83a82a51d32f39bf875f6e3e7e19e24e1268b829446abb8","song:mawedthani:composer","mawedthani","yes","yes","yes","yes","Assistant reviewed Who composed Talal Maddah's Al Mawed Al Thani? Answer: Siraj Omar. Arabic and English request the same attribute. Evidence: Score publisher credits inspected 2026-10-08: Talal Maddah performs; words Badr bin Abdulmohsen; music Siraj Omar. Recording anecdotes are not used as established facts. Difficulty: Recall of albums, credited composers, musical collaborations, institutions or a less familiar artist attribute."
"093","537295160c0ed893e568f5efad4ccea628cc8ff36f385949ddc621ce4ed35889","song:insanakthar:composer","insanakthar","yes","yes","yes","yes","Assistant reviewed Who composed Abdul Majeed Abdullah's Ensan Akthar? Answer: Tareq Mohammed. Arabic and English request the same attribute. Evidence: Album review inspected 2026-10-08 lists title track by Abdul Majeed Abdullah, words Turki and music Tareq Mohammed. No approximate sales or subjective percentage claims used. Difficulty: Recall of albums, credited composers, musical collaborations, institutions or a less familiar artist attribute."
"094","3d12affaaadb60e937a294027a7739fc52a757dc986f8a823cf6c64a89c468b8","song:wahm:lyricist","wahm","yes","yes","yes","yes","Assistant reviewed Which Kuwaiti poet wrote Mohammed Abdu's Wahm? Answer: Faiq Abdul Jaleel. Arabic and English request the same attribute. Evidence: Artist interview report inspected 2026-10-08 identifies Mohammed Abdu as performer, Faiq Abdul Jaleel as poet and Omar Kedres as composer. Artist's account of intended performers is not presented as independently established history. Difficulty: Recall of albums, credited composers, musical collaborations, institutions or a less familiar artist attribute."
"095","d665725383d424ef1b60adcbda91ef11d112a49df76a4ef8439077b58f13a607","song:hebrwarag:composer","hebrwarag","yes","yes","yes","yes","Assistant reviewed Who composed Abadi Al Johar's Hebr W Warag? Answer: Abadi Al Johar. Arabic and English request the same attribute. Evidence: Score publisher credits inspected 2026-10-08: Abadi Al Johar performs and composes; words Saleh Idris. Difficulty: Recall of albums, credited composers, musical collaborations, institutions or a less familiar artist attribute."
"096","c1087eb7336ba07fc3bc8deb5528f8b31fecace797fe0fed71a17a84ca8feeb6","song:nadet:lyricist","nadet","yes","yes","yes","yes","Assistant reviewed Which prince and poet wrote Abbas Ibrahim's Nadet? Answer: Prince Khaled Al Faisal. Arabic and English request the same attribute. Evidence: Publisher description inspected 2026-10-08: Abbas Ibrahim performs; words Khaled Al Faisal; composition Bandar bin Fahad; Abbas plays oud. Upload year not claimed as original release year. Difficulty: Recall of albums, credited composers, musical collaborations, institutions or a less familiar artist attribute."
"097","bbb472dc2366c8d2320e6e0a0ef20eb41e43da9f92b7d17302f2076ec27f98b6","song:maazeem:composer","maazeem","yes","yes","yes","yes","Assistant reviewed Who composed Mohammed Abdu's Al Maazeem? Answer: Adnan Khoj. Arabic and English request the same attribute. Evidence: Official Artist Channel description inspected 2026-10-08: Mohammed Abdu sings; words Faiq Abdul Jaleel; composition Adnan Khoj. London concert date is not used as original release date. Difficulty: Recall of albums, credited composers, musical collaborations, institutions or a less familiar artist attribute."
"098","fd5e2a812659a4d8ca8c8622958e7abaf342f43842bde5b0868a9e14edc98a51","song:tahdooh:composer","tahdooh","yes","yes","yes","yes","Assistant reviewed Who composed Rashed Al Majid's Tahdooh Al Bashar? Answer: Mishal Al Arouj. Arabic and English request the same attribute. Evidence: Official Artist Channel description inspected 2026-10-08: Rashed Al Majid sings; words Al Ani; composition Mishal Al Arouj. Pen name retained without guessing legal identity. Difficulty: Recall of albums, credited composers, musical collaborations, institutions or a less familiar artist attribute."
"099","9b384e72222124aa43ef310788a33d7b0a9bae5cc359383f8a1fd0fdfdef96ba","song:janyasmar:composer","janyasmar","yes","yes","yes","yes","Assistant reviewed Who composed Etab's Jani Al Asmar? Answer: Fawzi Mahsoun. Arabic and English request the same attribute. Evidence: Music-history article inspected 2026-10-08 identifies Jani Al Asmar performed by Etab, composed by Fawzi Mahsoun and written by Thuraiya Qabil. Difficulty: Recall of albums, credited composers, musical collaborations, institutions or a less familiar artist attribute."
"100","b8090f4ecc31090e0ebaed324ea1b96b721253917db7c241ec3e0e018b32685f","artist:toha:fatherinstrumentgift","toha","yes","yes","yes","yes","Assistant reviewed Which musical instrument did Toha receive from her father, describing it as Yemeni? Answer: Oud. Arabic and English request the same attribute. Evidence: First-person interview inspected 2026-10-08: birth name Fathiya Hassan Yahya; father's gift a Yemeni oud; brother Mohammed Amin Hassan Yahya taught her singing. Uncorroborated first-ever institute claim excluded. Difficulty: Recall of albums, credited composers, musical collaborations, institutions or a less familiar artist attribute."
"101","f495002d05ac864238eca4e7b9208cef5dafc0e9be086576d7cff5a155f914e1","song:ibtisamwadaa:composer","ibtisam","yes","yes","yes","yes","Assistant reviewed Which Egyptian composer set Wadaa for Ibtisam Lotfi? Answer: Riad Al Sunbati. Arabic and English request the same attribute. Evidence: Music historian Ahmed Al Wasel's article inspected 2026-10-08: Wadaa by Ibtisam Lotfi, composition Riad Al Sunbati and poetry Ahmed Rami; Lawaa composition Ahmed Sidqi and poetry Ahmed Rami. Difficulty: Recall of albums, credited composers, musical collaborations, institutions or a less familiar artist attribute."
"102","7ffbd6286b0b15ed71cc7d6cb02d896dfe63dcc1a25c04a0cee0766f9884dffd","song:rasayel:composer","rasayel","yes","yes","yes","yes","Assistant reviewed Who composed Mohammed Abdu's Al Rasayel? Answer: Mohammed Abdu. Arabic and English request the same attribute. Evidence: Indexed Official Artist Channel description inspected 2026-10-08: singer and composer Mohammed Abdu; poet Badr bin Abdulmohsen. Difficulty: Recall of albums, credited composers, musical collaborations, institutions or a less familiar artist attribute."
"103","6795513dabaf280c88d5de46788a81700657cb1961b84a11aeafb0ff62715a7e","song:sayedi:composer","sayedi","yes","yes","yes","yes","Assistant reviewed Who composed Talal Maddah's Sayedi Qum? Answer: Talal Maddah. Arabic and English request the same attribute. Evidence: Score publisher credits inspected 2026-10-08: Talal Maddah performs and composes; words Badr bin Abdulmohsen. Difficulty: Recall of albums, credited composers, musical collaborations, institutions or a less familiar artist attribute."
"104","4786ab53d7b82f2d044b53403a312926290e4b3282bf160b53689fae3d5a6d25","song:ahebbak:composer","ahebbak","yes","yes","yes","yes","Assistant reviewed Who composed Talal Maddah's Ahebbak Law Tekoun Hader? Answer: Talal Maddah. Arabic and English request the same attribute. Evidence: Score publisher credits inspected 2026-10-08: Talal Maddah performs and composes; words Lotfi Zaini. Difficulty: Recall of albums, credited composers, musical collaborations, institutions or a less familiar artist attribute."
"105","e98094939917f13f658ed40fa2a4073474525e0dc473a8bea88f86ef919afc01","song:menathabi:composer","menathabi","yes","yes","yes","yes","Assistant reviewed Who composed Abadi Al Johar's Men Athabi? Answer: Abadi Al Johar. Arabic and English request the same attribute. Evidence: Score publisher credits inspected 2026-10-08: Abadi Al Johar performs and composes; words Khaled Al Faisal. Artist's album recording identifies album Tal Al Sukoot. Difficulty: Recall of albums, credited composers, musical collaborations, institutions or a less familiar artist attribute."
"106","32822b92de8af6c74f9468f0d015be9af3824cd7786b5acac232bd5394a25afc","song:allamtni:composer","allamtni","yes","yes","yes","yes","Assistant reviewed Who composed Rashed Al Majid's Allamtni? Answer: Abdul Rab Idris. Arabic and English request the same attribute. Evidence: Indexed official artist release inspected 2026-10-08: singer Rashed Al Majid; composer Abdul Rab Idris. Official 2020 concert description TgCE5GmO5wM identifies poet Talal Al Rasheed. Difficulty: Recall of albums, credited composers, musical collaborations, institutions or a less familiar artist attribute."
"107","10798673b7fecc89a285b90db7d49aa268adf1d35b9a7410aff7598157cb3a34","song:mostageb:melodyorigin","mostageb","yes","yes","yes","yes","Assistant reviewed Is the melody of Ya Mostageb Lel Daay credited on Mohammed Abdu's official release to a modern composer or to tradition? Answer: To tradition. Arabic and English request the same attribute. Evidence: Indexed official channel description inspected 2026-10-08: Mohammed Abdu sings; words Hassan bin Ahmed Al Faseel; melody credited to tradition rather than to a named modern composer. Difficulty: Recall of albums, credited composers, musical collaborations, institutions or a less familiar artist attribute."
"108","07e300f4f5bf672e1484427dcdb2f70961280fe1865c42b93a9c8eaa229f4617","song:seqa:composer","seqa","yes","yes","yes","yes","Assistant reviewed Who composed Rabeh Saqer's Seqa Allah? Answer: Yasser Bou Ali. Arabic and English request the same attribute. Evidence: Indexed Rotana recording credits inspected 2026-10-08: Rabeh Saqer performs; Qaws lyrics; Yasser Bou Ali composition; Cyrus arrangement. Al Jazirah 20151226/at1 corroborates album Awjeh Al Maana. Difficulty: Recall of albums, credited composers, musical collaborations, institutions or a less familiar artist attribute."
"109","8ac276cfa062e23d2eddac12ad78f50c710d21770b57d8a0458569118bc33eb5","song:seqa:album","seqa","yes","yes","yes","yes","Assistant reviewed Which Rabeh Saqer album includes the 2015 release Seqa Allah? Answer: Awjeh Al Maana. Arabic and English request the same attribute. Evidence: Indexed Rotana recording credits inspected 2026-10-08: Rabeh Saqer performs; Qaws lyrics; Yasser Bou Ali composition; Cyrus arrangement. Al Jazirah 20151226/at1 corroborates album Awjeh Al Maana. Difficulty: Recall of albums, credited composers, musical collaborations, institutions or a less familiar artist attribute."
"110","39ca5d1644da553a589d297cae36197948420677dc56423bd42148d9444fb79a","song:faman:composer","faman","yes","yes","yes","yes","Assistant reviewed Who composed Ayed's Faman Allah? Answer: Faisal Saud. Arabic and English request the same attribute. Evidence: Indexed official artist release inspected 2026-10-08: Ayed performs; words Al Maha; composition Faisal Saud. Original release labelled 2016; no view-count fact used. Difficulty: Recall of albums, credited composers, musical collaborations, institutions or a less familiar artist attribute."
"111","7b460a3cbc2f5684703ed74af095b2912ce01a02775507179f72d3ed5da03446","song:lataht:album","lataht","yes","yes","yes","yes","Assistant reviewed Which Dalia Mubarak album includes La Taht? Answer: Fi Hayatak Mostaheel. Arabic and English request the same attribute. Evidence: Indexed artist-channel release inspected 2026-10-08 confirms Dalia Mubarak performs, from album Fi Hayatak Mostaheel. No unestablished composition credit used. Difficulty: Recall of albums, credited composers, musical collaborations, institutions or a less familiar artist attribute."
"112","f3a73ee40e335611df7ceffaa1c91a0a17b08b6605339ac343d1b6747dcb0ebb","song:thaheba:composer","thaheba","yes","yes","yes","yes","Assistant reviewed Who composed Al Thaheba, sung by Khalid Abdulrahman? Answer: Khalid Abdulrahman. Arabic and English request the same attribute. Evidence: Music-history article inspected 2026-10-08 explicitly identifies poet Nasser Al Qahtani, with Khalid Abdulrahman singing and composing Al Thaheba. Contemporary Al Jazirah Abha report 20010818/at1 corroborates performer and poet. Difficulty: Recall of albums, credited composers, musical collaborations, institutions or a less familiar artist attribute."
"113","aeccc57e93a7a2e5b0341ec8f3835a3d9fa89b906134a359e3902ace105539eb","song:entithar:composer","entithar","yes","yes","yes","yes","Assistant reviewed Who composed Majid Al Mohandis's Entitharak Saab? Answer: Majid Al Mohandis. Arabic and English request the same attribute. Evidence: Verified label recording inspected 2026-10-08: Majid Al Mohandis sings and composes; words Sari. Original digital album 2015 is distinguished from later Akh Qalbi compilation. Difficulty: Recall of albums, credited composers, musical collaborations, institutions or a less familiar artist attribute."
"114","df0c83a4fb3d5fd401826ce8f7cbc434691bc3c28a87df3ca7ccc5fa90a24ead","song:saqiatash:composer","saqiatash","yes","yes","yes","yes","Assistant reviewed Who composed Ayed's Saqi Al Atash? Answer: Hamad Al Qattan. Arabic and English request the same attribute. Evidence: Contemporary release report inspected 2026-10-08: Ayed sings; words Yam; music Hamad Al Qattan; arrangement Zaid Nadeem; filmed in Lebanon by Alaa Al Ansari. Artist video later label 2016 not used as first-release year. Difficulty: Recall of albums, credited composers, musical collaborations, institutions or a less familiar artist attribute."
"115","eaa926495a24b6a8448957ade29a4fda7dfb9d0e9899fc9ebb71eb7b9dc87f3a","song:istiraha:composer","istiraha","yes","yes","yes","yes","Assistant reviewed Who composed Ayed's Estrahet Mohareb? Answer: Yasser Bou Ali. Arabic and English request the same attribute. Evidence: Indexed verified publisher release inspected 2026-10-08: Ayed sings; words Al Aliyah; composition Yasser Bou Ali; arrangement Cyrus. Credits corroborated by Billboard Arabia artist profile. Difficulty: Recall of albums, credited composers, musical collaborations, institutions or a less familiar artist attribute."
"116","b126a4744bdfeb0788b913ecbf0cf67f948a2bb75951f062f4801ba8f0385eed","song:alabal:composer","alabal","yes","yes","yes","yes","Assistant reviewed Who composed Mohammed Abdu's Ala El Bal? Answer: Mohammed Abdu. Arabic and English request the same attribute. Evidence: Score publisher credits inspected 2026-10-08: Mohammed Abdu sings and composes; words Aseer Al Shooq. Difficulty: Recall of albums, credited composers, musical collaborations, institutions or a less familiar artist attribute."
"117","efd217cc15aed314720244349e3a45bcf8a3bbd390892162e87bf67c9e7b4835","song:markeb:lyricist","markeb","yes","yes","yes","yes","Assistant reviewed Which prince and poet wrote Mohammed Abdu's Ya Markeb Al Hind? Answer: Prince Badr bin Abdulmohsen. Arabic and English request the same attribute. Evidence: Indexed artist-channel description inspected 2026-10-08: Mohammed Abdu sings and composes; words Badr bin Abdulmohsen. Carthage performance year not treated as original release year. Difficulty: Recall of albums, credited composers, musical collaborations, institutions or a less familiar artist attribute."
"118","c98587499e93fb2598be07ee27ea20c68520e2c9e528938971878a972198d0a7","song:wainkent:composer","wainkent","yes","yes","yes","yes","Assistant reviewed Who composed Rabeh Saqer's Wain Kent? Answer: Rabeh Saqer. Arabic and English request the same attribute. Evidence: Indexed label release inspected 2026-10-08: Rabeh Saqer performs and composes; words Mansour Al Shadi; arrangement Khaled Ezz. Difficulty: Recall of albums, credited composers, musical collaborations, institutions or a less familiar artist attribute."
"119","a1752ae70aad4560178c3ef6723c2f776f80a5e02ea67164b300235994c5686e","song:khamees:composer","khamees","yes","yes","yes","yes","Assistant reviewed Who composed Rabeh Saqer's Khamees? Answer: Sahm. Arabic and English request the same attribute. Evidence: Contemporary album report inspected 2026-10-08: Rabeh Saqer's Khamees, words Turki and composition Sahm. Song distinguished from Mohammed Abdu's Lelat Khamis, whose facts are protected in Gulf Music. Difficulty: Recall of albums, credited composers, musical collaborations, institutions or a less familiar artist attribute."
"120","500b02d052cff4cc55115845e5f8449f0fb402d1e5bfb45ad817de5869e61efb","song:atni:composer","atni","yes","yes","yes","yes","Assistant reviewed Who composed Talal Maddah's Atni Al Mahabba? Answer: Talal Maddah. Arabic and English request the same attribute. Evidence: Score publisher credits inspected 2026-10-08: Talal Maddah sings and composes; words Badr bin Abdulmohsen. Difficulty: Recall of albums, credited composers, musical collaborations, institutions or a less familiar artist attribute."
"121","a522b0fc9e79969556d32d6de6e6f0570bb6aad8fa8fa4dc372a520a5446c19f","artist:jameel:tvprogramme","jameel","yes","yes","yes","yes","Assistant reviewed What music programme did Jameel Mahmoud present on Saudi television? Answer: Watar Wa Samar. Arabic and English request the same attribute. Evidence: Article inspected 2026-10-08: Watar Wa Samar programme; Samraa composed by Jameel Mahmoud, words Yahya Tawfiq; Ya Amal Atshan in Saba maqam; weekly salon called Al Ahadiyah; grew up in Al Misfalah, Makkah. Unrelated military facts excluded. Difficulty: Recall of albums, credited composers, musical collaborations, institutions or a less familiar artist attribute."
"122","e63bbb2594829baa591d8106d337fa448477f77ab3caa90180e009a840f9415c","song:samraa:composer","jameel","yes","yes","yes","yes","Assistant reviewed Which Saudi composer wrote the music of Samraa, with words by Yahya Tawfiq? Answer: Jameel Mahmoud. Arabic and English request the same attribute. Evidence: Article inspected 2026-10-08: Watar Wa Samar programme; Samraa composed by Jameel Mahmoud, words Yahya Tawfiq; Ya Amal Atshan in Saba maqam; weekly salon called Al Ahadiyah; grew up in Al Misfalah, Makkah. Unrelated military facts excluded. Difficulty: Recall of albums, credited composers, musical collaborations, institutions or a less familiar artist attribute."
"123","23615241e1782ed18470e66a597bd7ea93ebd4f7736f90d74ff00a749f309da4","artist:jameel:upbringingcity","jameel","yes","yes","yes","yes","Assistant reviewed In which city did musician Jameel Mahmoud grow up in Al Misfalah district? Answer: Makkah. Arabic and English request the same attribute. Evidence: Article inspected 2026-10-08: Watar Wa Samar programme; Samraa composed by Jameel Mahmoud, words Yahya Tawfiq; Ya Amal Atshan in Saba maqam; weekly salon called Al Ahadiyah; grew up in Al Misfalah, Makkah. Unrelated military facts excluded. Difficulty: Recall of albums, credited composers, musical collaborations, institutions or a less familiar artist attribute."
"124","c84efc030cfb0f11b15ec2495fff34dc12c14c16d216b9f27e0655b9af579b37","song:yasariya:composer","omarbio","yes","yes","yes","yes","Assistant reviewed Who composed Talal Maddah's Ya Sariya Khabbirini? Answer: Omar Kedres. Arabic and English request the same attribute. Evidence: Article inspected 2026-10-08: birth name Omar Nuh Fallatah; studio album Tadallal; composed Talal Maddah's Ya Sariya Khabbirini. Protected Lelat Khamis credits and uncorroborated nickname anecdote excluded. Difficulty: Recall of albums, credited composers, musical collaborations, institutions or a less familiar artist attribute."
"125","119a125c497f5396555c25c947bcf73f9ad50f9473ec3f2abdd43347e5518496","song:azzah:composer","azzah","yes","yes","yes","yes","Assistant reviewed Who composed Rashed Al Fares's Azzah? Answer: Sahm. Arabic and English request the same attribute. Evidence: Review inspected 2026-10-08 identifies Azzah performed by Rashed Al Fares, composed by Sahm, written by Al Aliyah. No legal identity inferred from the credited pen names. Difficulty: Recall of albums, credited composers, musical collaborations, institutions or a less familiar artist attribute."
"126","2cf467046cc3841496bbb942e57661c7a189ea1ff9ed0ab45f0dffd1149c75db","song:aghrab:composer","aghrab","yes","yes","yes","yes","Assistant reviewed Who composed Talal Maddah's Aghrab? Answer: Siraj Omar. Arabic and English request the same attribute. Evidence: Score publisher credits inspected 2026-10-08: Talal Maddah performs; words Prince Mohammed Al Abdullah Al Faisal; composition Siraj Omar. Difficulty: Recall of albums, credited composers, musical collaborations, institutions or a less familiar artist attribute."
"127","c8cda17ce8e8f712c0b581277236fe8ad83146f338733ef75cdfe9e5a556b575","song:lanaallah:composer","lanaallah","yes","yes","yes","yes","Assistant reviewed Who composed Mohammed Abdu's Lana Allah? Answer: Tariq Abdulhakim. Arabic and English request the same attribute. Evidence: Music report inspected 2026-10-08 confirms Mohammed Abdu sings, lyrics Ibrahim Khafaji and composition Tariq Abdulhakim. Disputed anecdotal recording history not queried. Difficulty: Recall of albums, credited composers, musical collaborations, institutions or a less familiar artist attribute."
"128","6292e28c2131c918490e19be1c1548361c40c7fcc28068b0dbf8bad85797219f","song:montaha:composer","montaha","yes","yes","yes","yes","Assistant reviewed Who composed Rabeh Saqer's Montaha Al Riqqa? Answer: Sahm. Arabic and English request the same attribute. Evidence: Contemporary album review inspected 2026-10-08: Montaha Al Riqqa by Rabeh Saqer; words Mansour Al Shadi; music Sahm. Album Ehsas Rabeh is distinct from a song of the same name. Difficulty: Recall of albums, credited composers, musical collaborations, institutions or a less familiar artist attribute."
"129","297300c1b0a9d65774f3b0eed3d2fad8be48d8926da5b4e24d3dd83b53f535ae","song:khalas:composer","khalas","yes","yes","yes","yes","Assistant reviewed Who composed Rabeh Saqer's Khalas? Answer: Ahmed Al Harmi. Arabic and English request the same attribute. Evidence: Indexed verified publisher-channel description inspected 2026-10-08: Rabeh Saqer sings; words Turki Al Musheiqih; music Ahmed Al Harmi. Khalas distinguished from the separate song Yaani Khalas. Difficulty: Recall of albums, credited composers, musical collaborations, institutions or a less familiar artist attribute."
"130","87a22ef26b32744814bb80ff65384ed38329cef85ada5adbfce8522d216bfaca","song:tahamaltak:composer","tahamaltak","yes","yes","yes","yes","Assistant reviewed Who composed Rabeh Saqer's Tahamaltak? Answer: Sahm. Arabic and English request the same attribute. Evidence: Artist-label profile inspected 2026-10-08 confirms Tahamaltak performed by Rabeh Saqer, words Mansour Al Shadi, composition Sahm. First-ever claims and existing Gulf Music career facts are excluded. Difficulty: Recall of albums, credited composers, musical collaborations, institutions or a less familiar artist attribute."
"131","f1c3b1b9c22f03a537ceb2670e96330998764b0a52520f87f41dd9aa0e8c99b3","song:minkobraha:composer","minkobraha","yes","yes","yes","yes","Assistant reviewed Who composed Rabeh Saqer's Min Kobraha? Answer: Sahm. Arabic and English request the same attribute. Evidence: Indexed publisher release identifies Rabeh Saqer. Credits independently corroborated by Billboard Arabia career review 7319: poet Saud Al Babtain, composer Sahm, arranger Cyrus. Inspected 2026-10-08. Difficulty: Recall of albums, credited composers, musical collaborations, institutions or a less familiar artist attribute."
"132","3c8685bfd84b86cb0c11771693cbdc2aca6d41ff9e4e40894f4b0f3cca1cbc42","song:akhqalbi:composer","akhqalbi","yes","yes","yes","yes","Assistant reviewed Who composed Majid Al Mohandis's Akh Qalbi? Answer: Ali Saber. Arabic and English request the same attribute. Evidence: Label's report inspected 2026-10-08 confirms Majid Al Mohandis performs; words Qusai Issa; composition Ali Saber; arrangement Hossam Kamel. View-count claims excluded; naturalized Saudi artist's repertoire remains in category scope. Difficulty: Recall of albums, credited composers, musical collaborations, institutions or a less familiar artist attribute."
"133","622eba376eed91f92a33dac22034b795a82148f1153155284b88d000dd56588a","song:yasabr:composer","yasabr","yes","yes","yes","yes","Assistant reviewed Who composed Aseel Abu Bakr's Ya Sabr? Answer: Abdullah Al Jassem. Arabic and English request the same attribute. Evidence: Verified Rotana channel description inspected 2026-10-08: Aseel Abu Bakr sings; words Ahmed Alawi; music Abdullah Al Jassem; album Helw Sowtak. Same album fact queried only once, with Ya Wesa Sadri. Difficulty: Recall of albums, credited composers, musical collaborations, institutions or a less familiar artist attribute."
"134","ee801d724fc75a5694b58888f184e985efbc22a70e59eac4c674b680869f019b","song:ikhtafat:album","ikhtafat","yes","yes","yes","yes","Assistant reviewed Which Abadi Al Johar album includes Ikhtafat? Answer: Asdaq Ma Katabt. Arabic and English request the same attribute. Evidence: Indexed album recording inspected 2026-10-08: Abadi Al Johar sings; words Mohammed bin Khaled; album Asdaq Ma Katabt. Composer not queried without further corroboration. Difficulty: Recall of albums, credited composers, musical collaborations, institutions or a less familiar artist attribute."
"135","951d85b8525fedb1c68678b4340a7d67a28787a1af5a4e689d8937cccf43f191","song:maaldunya:album","maaldunya","yes","yes","yes","yes","Assistant reviewed Which Abadi Al Johar album includes Ma Ala Al Dunya Atab? Answer: Tal Al Sukoot. Arabic and English request the same attribute. Evidence: Indexed album recording inspected 2026-10-08 identifies Abadi Al Johar as performer and album Tal Al Sukoot. Unestablished poem credit not queried. Difficulty: Recall of albums, credited composers, musical collaborations, institutions or a less familiar artist attribute."
"136","c19fd68d458b62a0505403042af4139c3b73cd5f71c77082b2c92e83eb723b3b","museum:tariq:inaugurationyear","tariqmuseum","yes","yes","yes","yes","Assistant reviewed In which year were the Tariq Abdulhakim Centre and its museum inaugurated in historic Jeddah? Answer: 2023. Arabic and English request the same attribute. Evidence: Official encyclopedia inspected 2026-10-08 locates the museum in historic Jeddah; Tariq biography identifies its historic building as Bayt Al Manoufi. Museum's 2023 inauguration is distinguished from its 2020 announcement. Difficulty: Recall of albums, credited composers, musical collaborations, institutions or a less familiar artist attribute."
"137","a673bbec3b11c3434a18a661b114d3f824c152cc3e4349be6d11aa4d4641a93b","song:ikhtalafna:lyricist","ikhtalafna","yes","yes","yes","yes","Assistant reviewed Which prince wrote Mohammed Abdu's Ikhtalafna under the pen name Aseer Al Shooq? Answer: Prince Nawaf bin Faisal. Arabic and English request the same attribute. Evidence: Contemporary review dated 2001-03-17 inspected 2026-10-08: Mohammed Abdu performs and composes; Prince Nawaf bin Faisal, pen name Aseer Al Shooq, wrote the words. Difficulty: Specialist recall of lyricists, arrangers, orchestral works, historical credits or a precisely dated musical event."
"138","007d22fb873cc1b06ead13896772e74c91a71997743b8096b9570c97f9a5a230","song:azeemehsasi:lyricist","azeem","yes","yes","yes","yes","Assistant reviewed Who wrote the words of Rashed Al Majid's Azeem Ehsasi? Answer: Anwar Al Mushairi. Arabic and English request the same attribute. Evidence: Indexed original-version description inspected 2026-10-08: Rashed Al Majid sings; words Anwar Al Mushairi; music Ahmed Al Harmi. Video metadata date is not treated as original recording date. Difficulty: Specialist recall of lyricists, arrangers, orchestral works, historical credits or a precisely dated musical event."
"139","d8e40787d1ede8221c292509f09e8852721a861da8a845bad7498373bb839304","song:rdy:lyricist","rdy","yes","yes","yes","yes","Assistant reviewed What pen name is credited for the words of Ayed's Rdy? Answer: Dhay. Arabic and English request the same attribute. Evidence: Indexed official lyric-video credits inspected 2026-10-08: Ayed performs; words Dhay; composition Rakan. No lyrics reproduced. Difficulty: Specialist recall of lyricists, arrangers, orchestral works, historical credits or a precisely dated musical event."
"140","e4724e17f249359e08732b761a997a94d87d2dab97a834b92ab096756918ecb2","song:kathamumkin:lyricist","kathamumkin","yes","yes","yes","yes","Assistant reviewed What pen name is credited for the lyricist of Dalia Mubarak's Katha Mumkin? Answer: Samt. Arabic and English request the same attribute. Evidence: Indexed release description inspected 2026-10-08 confirms Dalia Mubarak as singer and Samt as credited lyricist. No guessed composition credit. Difficulty: Specialist recall of lyricists, arrangers, orchestral works, historical credits or a precisely dated musical event."
"141","019fda835d521163328c4166bc5a05353383082cfc19e3ae019d0bed76169c80","song:entamalek:lyricist","entamalek","yes","yes","yes","yes","Assistant reviewed What pen name is credited for the words of Rabeh Saqer's Enta Malek? Answer: Wahed. Arabic and English request the same attribute. Evidence: Indexed score credits inspected 2026-10-08: Enta Malek performed and composed by Rabeh Saqer; words Wahed; arrangement Hisham Al Sakran. Direct PDF retrieval timed out; indexed official score evidence retained. Difficulty: Specialist recall of lyricists, arrangers, orchestral works, historical credits or a precisely dated musical event."
"142","cadd19bed482d92fffd5f4f827ea7384d5ab86dd82cfd2a1551b1969ce3f4467","song:entamalek:arranger","entamalek","yes","yes","yes","yes","Assistant reviewed Who arranged Rabeh Saqer's Enta Malek according to the Music Commission's published score? Answer: Hisham Al Sakran. Arabic and English request the same attribute. Evidence: Indexed score credits inspected 2026-10-08: Enta Malek performed and composed by Rabeh Saqer; words Wahed; arrangement Hisham Al Sakran. Direct PDF retrieval timed out; indexed official score evidence retained. Difficulty: Specialist recall of lyricists, arrangers, orchestral works, historical credits or a precisely dated musical event."
"143","29711af8946645c5a853f83ffc3ab4c6a27606bdf83b58842bc4426f192f0f05","song:dukhoon:lyricist","dukhoon","yes","yes","yes","yes","Assistant reviewed Which prince and poet wrote Abadi Al Johar's Dukhoon? Answer: Prince Abdulrahman bin Musaed. Arabic and English request the same attribute. Evidence: Indexed recording description inspected 2026-10-08 identifies Abadi Al Johar, his own composition, words Abdulrahman bin Musaed and album Dukhoon. Lyrics credit independently corroborated by Al Riyadh 2087984. Difficulty: Specialist recall of lyricists, arrangers, orchestral works, historical credits or a precisely dated musical event."
"144","deb42c396c10a3cd19998ff1ca6ba71e05349723621a1e405802f56fbe5139a2","song:azzah:lyricist","azzah","yes","yes","yes","yes","Assistant reviewed What pen name is credited for the lyrics of Rashed Al Fares's Azzah? Answer: Al Aliyah. Arabic and English request the same attribute. Evidence: Review inspected 2026-10-08 identifies Azzah performed by Rashed Al Fares, composed by Sahm, written by Al Aliyah. No legal identity inferred from the credited pen names. Difficulty: Specialist recall of lyricists, arrangers, orchestral works, historical credits or a precisely dated musical event."
"145","03c34846387ed2348243ceb78f44a5a21ddaa0fb5b1f185a1bc451fd8ca6001f","song:yahalawa:lyricist","yahalawa","yes","yes","yes","yes","Assistant reviewed Who wrote the lyrics of Ya Halawa, performed by Abadi Al Johar? Answer: Lotfi Zaini. Arabic and English request the same attribute. Evidence: Report inspected 2026-10-08 identifies Ya Halawa performed by Abadi Al Johar, lyrics Lotfi Zaini and composition Talal Maddah. Avoids asserting that the reported concert was the song's original recording. Difficulty: Specialist recall of lyricists, arrangers, orchestral works, historical credits or a precisely dated musical event."
"146","d23fb1416f7a84294530718dc6d6c64f667d743ed602726b368c5fea0629ab58","song:feztbek:lyricist","feztbek","yes","yes","yes","yes","Assistant reviewed What pen name is credited for the lyrics of Sultan Al Murshed's Fezt Bek? Answer: Watad. Arabic and English request the same attribute. Evidence: Official Artist Channel description inspected 2026-10-08: Sultan Al Murshed sings; words Watad; music Al Anein; arrangement Hisham Al Sakran. Lyrics excluded from bank. Difficulty: Specialist recall of lyricists, arrangers, orchestral works, historical credits or a precisely dated musical event."
"147","44262d08320a0f1d0d322402c98f8f714d0e07d5720fe9a9518acc401fd9e73d","song:wardabaida:lyricist","wardabaida","yes","yes","yes","yes","Assistant reviewed Who wrote the lyrics of Zena Emad's Elwarda Elbaida? Answer: Amr Al Masry. Arabic and English request the same attribute. Evidence: Official Artist Channel description inspected 2026-10-08: Zena Emad sings; words Amr Al Masry; music Samer Abu Taleb; arrangement Mohammed Najm; animated clip directed by Ahmed Nady. No lyrics reproduced. Difficulty: Specialist recall of lyricists, arrangers, orchestral works, historical credits or a precisely dated musical event."
"148","865ea700db02e515497d6b8e8f8b5bc61f1017eaf6b37c6c88ad6b9d2983b6cc","song:wardabaida:animationdirector","wardabaida","yes","yes","yes","yes","Assistant reviewed Who directed the official animated video for Zena Emad's Elwarda Elbaida? Answer: Ahmed Nady. Arabic and English request the same attribute. Evidence: Official Artist Channel description inspected 2026-10-08: Zena Emad sings; words Amr Al Masry; music Samer Abu Taleb; arrangement Mohammed Najm; animated clip directed by Ahmed Nady. No lyrics reproduced. Difficulty: Specialist recall of lyricists, arrangers, orchestral works, historical credits or a precisely dated musical event."
"149","12b053d58d06c54d2538c055261c9cc3085b949cc1064ddc7c494a9689841d80","song:yawesasadri:lyricist","yawesa","yes","yes","yes","yes","Assistant reviewed Who wrote the lyrics of Aseel Abu Bakr's Ya Wesa Sadri? Answer: Khaled Al Mutairi. Arabic and English request the same attribute. Evidence: Verified Rotana channel description inspected 2026-10-08: Aseel Abu Bakr sings; words Khaled Al Mutairi; music Nawaf Abdullah; album Helw Sowtak; arrangement Cyrus. Difficulty: Specialist recall of lyricists, arrangers, orchestral works, historical credits or a precisely dated musical event."
"150","0bf5bf86b554b6ae74de717fc4639acb0af08625f12aed9288fdcffcaf17fa97","song:yawesasadri:composer","yawesa","yes","yes","yes","yes","Assistant reviewed Who composed Aseel Abu Bakr's Ya Wesa Sadri? Answer: Nawaf Abdullah. Arabic and English request the same attribute. Evidence: Verified Rotana channel description inspected 2026-10-08: Aseel Abu Bakr sings; words Khaled Al Mutairi; music Nawaf Abdullah; album Helw Sowtak; arrangement Cyrus. Difficulty: Specialist recall of lyricists, arrangers, orchestral works, historical credits or a precisely dated musical event."
"151","39030faebbfb677482cf16730b9a166e3cedd74e4c7deb37390fb367d69550c6","song:yasabr:lyricist","yasabr","yes","yes","yes","yes","Assistant reviewed Who wrote the lyrics of Aseel Abu Bakr's Ya Sabr? Answer: Ahmed Alawi. Arabic and English request the same attribute. Evidence: Verified Rotana channel description inspected 2026-10-08: Aseel Abu Bakr sings; words Ahmed Alawi; music Abdullah Al Jassem; album Helw Sowtak. Same album fact queried only once, with Ya Wesa Sadri. Difficulty: Specialist recall of lyricists, arrangers, orchestral works, historical credits or a precisely dated musical event."
"152","7dfd6d764f8609602d001f84a1ffaba27b40324a110e4eb740bf6c65e5ae05f0","artist:tariq:scholarshipcity","tariqbio","yes","yes","yes","yes","Assistant reviewed To which city was Tariq Abdulhakim sent in 1952 to study military-band music? Answer: Cairo. Arabic and English request the same attribute. Evidence: Article inspected 2026-10-08: Dean of Saudi Art; Cairo military-music scholarship in 1952; army music school founded 1954; compositions include Lana Allah and Taallaq Qalbi. Questions avoid confusing his national-anthem arrangement with the original composition. Difficulty: Specialist recall of lyricists, arrangers, orchestral works, historical credits or a precisely dated musical event."
"153","409f98704d0feb45c141feccae23b5051ea3b586da026fd5a4c96a6de9763c05","artist:tariq:armyschoolyear","tariqbio","yes","yes","yes","yes","Assistant reviewed In which year did Tariq Abdulhakim establish Saudi Arabia's army music school? Answer: 1954. Arabic and English request the same attribute. Evidence: Article inspected 2026-10-08: Dean of Saudi Art; Cairo military-music scholarship in 1952; army music school founded 1954; compositions include Lana Allah and Taallaq Qalbi. Questions avoid confusing his national-anthem arrangement with the original composition. Difficulty: Specialist recall of lyricists, arrangers, orchestral works, historical credits or a precisely dated musical event."
"154","f67d22e7b1cd4367e07cad994c3d2d304c5af9a5a3d5c1470c35e6c0b8de12d0","museum:tariq:building","tariqmuseum","yes","yes","yes","yes","Assistant reviewed Which historic house in Al Balad, Jeddah, houses the Tariq Abdulhakim Museum? Answer: Bayt Al Manoufi. Arabic and English request the same attribute. Evidence: Official encyclopedia inspected 2026-10-08 locates the museum in historic Jeddah; Tariq biography identifies its historic building as Bayt Al Manoufi. Museum's 2023 inauguration is distinguished from its 2020 announcement. Difficulty: Specialist recall of lyricists, arrangers, orchestral works, historical credits or a precisely dated musical event."
"155","42159d279918d7ea083d5ff9b4a8bbbff2841ae328d3ba9c49e7e2abec9fcbcb","theatre:talal:renamedvenue","talalbio","yes","yes","yes","yes","Assistant reviewed Which Abha theatre was renamed after Talal Maddah in 2019? Answer: Al Muftaha Theatre. Arabic and English request the same attribute. Evidence: Article inspected 2026-10-08: Talal Maddah born in Makkah, sang and composed Watani Al Habib; Al Muftaha Theatre in Abha renamed for him in 2019. Existing Gulf Music nickname and first-radio-song facts excluded. Difficulty: Specialist recall of lyricists, arrangers, orchestral works, historical credits or a precisely dated musical event."
"156","3fda9499b056146894cccc27cb28fbaca3e2d965a8f959459fd725cd28369a0c","genre:yanbawi:closingsection","yanbawi","yes","yes","yes","yes","Assistant reviewed What is the name of the section that closes the dawr in a Yanbawi song? Answer: Tabheera. Arabic and English request the same attribute. Evidence: Article inspected 2026-10-08: name from Yanbu; three sections mawwal, dawr and tabheera; mawwal opens the performance; tabheera closes dawr; music associated with Red Sea maritime heritage. Instrument-family and UNESCO facts already protected elsewhere excluded. Difficulty: Specialist recall of lyricists, arrangers, orchestral works, historical credits or a precisely dated musical event."
"157","6b0f1c82e93418113a7dfb0eed4488e9b21e232a242373653fc9054ec7950b2a","genre:majass:performertitle","majass","yes","yes","yes","yes","Assistant reviewed What is an Al Majass singer called in Hijazi terminology? Answer: Jasees. Arabic and English request the same attribute. Evidence: Indexed official encyclopedia article inspected 2026-10-08 identifies Hijaz as origin; performer called jasees; historically performed when welcoming Hajj caravans. No unsupported ancient founding date used. Difficulty: Specialist recall of lyricists, arrangers, orchestral works, historical credits or a precisely dated musical event."
"158","46c6f6e7d8940ae34483f74bc586e510e5fe973d966e4c7ec3795ccc8e98572b","artist:abdmaj:radioprogramme","abdmajbio","yes","yes","yes","yes","Assistant reviewed What radio programme hosted by Hussein Najjar featured Abdul Majeed Abdullah early in his career? Answer: Nadi Al Huwat. Arabic and English request the same attribute. Evidence: Article inspected 2026-10-08: early mentor Sami Ihsan; first radio talent programme Nadi Al Huwat hosted by Hussein Najjar; Egyptian artist influence Abdel Halim Hafez; favourite male music artist award at Joy Awards 2024. Nickname already used in Gulf Music excluded. Difficulty: Specialist recall of lyricists, arrangers, orchestral works, historical credits or a precisely dated musical event."
"159","ebc54b4303c1eff06920c2430b7052b0c0232cc1c0609992e6edd3d99de9fafc","song:aghrab:lyricist","aghrab","yes","yes","yes","yes","Assistant reviewed Which prince and poet wrote Talal Maddah's Aghrab? Answer: Prince Mohammed Al Abdullah Al Faisal. Arabic and English request the same attribute. Evidence: Score publisher credits inspected 2026-10-08: Talal Maddah performs; words Prince Mohammed Al Abdullah Al Faisal; composition Siraj Omar. Difficulty: Specialist recall of lyricists, arrangers, orchestral works, historical credits or a precisely dated musical event."
"160","69c1972014085fd588010b8d41f5fac5ac4c2ab5b6f1b455afa4333f1d21e3a6","song:entehel:lyricist","entehel","yes","yes","yes","yes","Assistant reviewed What pen name is credited for the lyrics of Abdul Majeed Abdullah's Entehel Shakhsetak? Answer: Qaws. Arabic and English request the same attribute. Evidence: Contemporary release report inspected 2026-10-08 identifies Abdul Majeed Abdullah as performer, Qaws as lyricist and Sahm as composer; report links the official artist release. Difficulty: Specialist recall of lyricists, arrangers, orchestral works, historical credits or a precisely dated musical event."
"161","76ca7347e868f353c412074bbcc4b38f74783331dc0926cccb471f40396fd469","song:montaha:lyricist","montaha","yes","yes","yes","yes","Assistant reviewed Who wrote the lyrics of Rabeh Saqer's Montaha Al Riqqa? Answer: Mansour Al Shadi. Arabic and English request the same attribute. Evidence: Contemporary album review inspected 2026-10-08: Montaha Al Riqqa by Rabeh Saqer; words Mansour Al Shadi; music Sahm. Album Ehsas Rabeh is distinct from a song of the same name. Difficulty: Specialist recall of lyricists, arrangers, orchestral works, historical credits or a precisely dated musical event."
"162","854695233e2015da2e13bfb70d5c0ab012d649b1b9296dfe016b128067eec104","song:bentelnour:lyricist","bentelnour","yes","yes","yes","yes","Assistant reviewed Which prince and poet wrote Mohammed Abdu's Bent El Nour? Answer: Prince Faisal bin Turki bin Abdullah. Arabic and English request the same attribute. Evidence: Indexed official concert description inspected 2026-10-08: Mohammed Abdu sings; words Faisal bin Turki; music Nasser Al Saleh. Al Jazirah 20020331/at5 names the poet fully as Faisal bin Turki bin Abdullah. Difficulty: Specialist recall of lyricists, arrangers, orchestral works, historical credits or a precisely dated musical event."
"163","361b78963a97b5a35fe0d8605d89c1ba565456771de61cd7d1f283727a6ecf09","song:anaalabyad:lyricist","anaalabyad","yes","yes","yes","yes","Assistant reviewed Who wrote the words of Rashed Al Majid's Ana Al Abyad? Answer: Musaed Al Shamrani. Arabic and English request the same attribute. Evidence: Indexed official artist-channel description inspected 2026-10-08: singer Rashed Al Majid; words Musaed Al Shammari; music Yasser Bou Ali. Concert year not equated with release year. Difficulty: Specialist recall of lyricists, arrangers, orchestral works, historical credits or a precisely dated musical event."
"164","1957dc64ce285d958f5831bbc6dcb40a991cdb5b7544b05e306767ed0ef13c1e","song:awalhekaya:lyricist","awalhekaya","yes","yes","yes","yes","Assistant reviewed What name is credited for the lyrics of Abdul Majeed Abdullah's Awal Hekayatna? Answer: Turki. Arabic and English request the same attribute. Evidence: Indexed album release inspected 2026-10-08: Abdul Majeed Abdullah performs; music Tareq Mohammed; album Aalam Mowazi. Contemporary ET Arabic album announcement corroborates words Turki. Difficulty: Specialist recall of lyricists, arrangers, orchestral works, historical credits or a precisely dated musical event."
"165","edc14086a10e403ddc04e6282e62cc28640091f2723baee72bc1f65425fcc628","song:mawedthani:recordingengineer","mawedinterview","yes","yes","yes","yes","Assistant reviewed Which sound engineer recorded Talal Maddah's Al Mawed Al Thani at Maspero Studio 45, according to Siraj Omar's account? Answer: Zakaria Amer. Arabic and English request the same attribute. Evidence: Composer's account inspected 2026-10-08 identifies recording engineer Zakaria Amer at Cairo's Maspero Studio 45. Anecdotal emotions and exact take counts excluded. Difficulty: Specialist recall of lyricists, arrangers, orchestral works, historical credits or a precisely dated musical event."
"166","530a3d30ca1387fb05125add71100b7ecc354e0ea6461348a75bcac8a962161f","song:insanakthar:lyricist","insanakthar","yes","yes","yes","yes","Assistant reviewed What name is credited for the lyrics of Abdul Majeed Abdullah's Ensan Akthar? Answer: Turki. Arabic and English request the same attribute. Evidence: Album review inspected 2026-10-08 lists title track by Abdul Majeed Abdullah, words Turki and music Tareq Mohammed. No approximate sales or subjective percentage claims used. Difficulty: Specialist recall of lyricists, arrangers, orchestral works, historical credits or a precisely dated musical event."
"167","d3db3d4350f674e720864d186aa1bc6db2b9bbf86f078cc80edf6afae10fdb38","song:hebrwarag:lyricist","hebrwarag","yes","yes","yes","yes","Assistant reviewed Who wrote the words of Abadi Al Johar's Hebr W Warag? Answer: Saleh Idris. Arabic and English request the same attribute. Evidence: Score publisher credits inspected 2026-10-08: Abadi Al Johar performs and composes; words Saleh Idris. Difficulty: Specialist recall of lyricists, arrangers, orchestral works, historical credits or a precisely dated musical event."
"168","ba2a6b1301f60b7ddc9cc099cffa87a02a14299b5dd6a03e11eb2b4e5aa9fb99","song:nadet:composer","nadet","yes","yes","yes","yes","Assistant reviewed Who composed Abbas Ibrahim's Nadet? Answer: Bandar bin Fahad. Arabic and English request the same attribute. Evidence: Publisher description inspected 2026-10-08: Abbas Ibrahim performs; words Khaled Al Faisal; composition Bandar bin Fahad; Abbas plays oud. Upload year not claimed as original release year. Difficulty: Specialist recall of lyricists, arrangers, orchestral works, historical credits or a precisely dated musical event."
"169","e06a1c9a1c027f437bef3db3f8510301dca3401a69ac92842c59173b8acb2016","song:maazeem:lyricist","maazeem","yes","yes","yes","yes","Assistant reviewed Who wrote the words of Mohammed Abdu's Al Maazeem? Answer: Faiq Abdul Jaleel. Arabic and English request the same attribute. Evidence: Official Artist Channel description inspected 2026-10-08: Mohammed Abdu sings; words Faiq Abdul Jaleel; composition Adnan Khoj. London concert date is not used as original release date. Difficulty: Specialist recall of lyricists, arrangers, orchestral works, historical credits or a precisely dated musical event."
"170","4070f882a6374368df91a14c7cfeab74eacbb9f10807b5ee1b84110311178903","song:tahdooh:lyricist","tahdooh","yes","yes","yes","yes","Assistant reviewed What pen name is credited for the lyrics of Rashed Al Majid's Tahdooh Al Bashar? Answer: Al Ani. Arabic and English request the same attribute. Evidence: Official Artist Channel description inspected 2026-10-08: Rashed Al Majid sings; words Al Ani; composition Mishal Al Arouj. Pen name retained without guessing legal identity. Difficulty: Specialist recall of lyricists, arrangers, orchestral works, historical credits or a precisely dated musical event."
"171","60a2c6722372eb7aff84e93dc5f988d3bd763638d5c9a00c6af4eceeabcb49c9","song:janyasmar:lyricist","janyasmar","yes","yes","yes","yes","Assistant reviewed Which Saudi female poet wrote Etab's Jani Al Asmar? Answer: Thuraiya Qabil. Arabic and English request the same attribute. Evidence: Music-history article inspected 2026-10-08 identifies Jani Al Asmar performed by Etab, composed by Fawzi Mahsoun and written by Thuraiya Qabil. Difficulty: Specialist recall of lyricists, arrangers, orchestral works, historical credits or a precisely dated musical event."
"172","715a24f45de6fe8bb23ec1654c03ce256789b2ec44b3691266d6df5bf7a7a3bc","song:ahyaqalbi:writercomposer","ahyaqalbi","yes","yes","yes","yes","Assistant reviewed Who both wrote and composed Rashed Al Majid's Ah Ya Qalbi? Answer: Hamed Al Hamed. Arabic and English request the same attribute. Evidence: Official Artist Channel description inspected 2026-10-08 labels album Ah Ya Qalbi as 1985; song written and composed by Hamed Al Hamed. Album year distinguished from video upload 2019. Difficulty: Specialist recall of lyricists, arrangers, orchestral works, historical credits or a precisely dated musical event."
"173","8f708bdce157adbcca354ccc29187c0897bc19e858aab26ba85a226ece5e9f62","artist:toha:birthname","toha","yes","yes","yes","yes","Assistant reviewed What is the birth name of the Saudi singer known as Toha? Answer: Fathiya Hassan Yahya. Arabic and English request the same attribute. Evidence: First-person interview inspected 2026-10-08: birth name Fathiya Hassan Yahya; father's gift a Yemeni oud; brother Mohammed Amin Hassan Yahya taught her singing. Uncorroborated first-ever institute claim excluded. Difficulty: Specialist recall of lyricists, arrangers, orchestral works, historical credits or a precisely dated musical event."
"174","6ef189079b5d76aae088c102e19bee15ed164c707f9888abae396436c3abac29","artist:toha:brothermentor","toha","yes","yes","yes","yes","Assistant reviewed Which brother of Toha taught her the foundations of singing and worked as a poet and composer? Answer: Mohammed Amin Hassan Yahya. Arabic and English request the same attribute. Evidence: First-person interview inspected 2026-10-08: birth name Fathiya Hassan Yahya; father's gift a Yemeni oud; brother Mohammed Amin Hassan Yahya taught her singing. Uncorroborated first-ever institute claim excluded. Difficulty: Specialist recall of lyricists, arrangers, orchestral works, historical credits or a precisely dated musical event."
"175","7925edfde445e210aea5c4c35e604e36e38e85291b9e08661de87f06839935c7","song:ibtisamwadaa:poet","ibtisam","yes","yes","yes","yes","Assistant reviewed Who wrote Wadaa, sung by Ibtisam Lotfi to Riad Al Sunbati's composition? Answer: Ahmed Rami. Arabic and English request the same attribute. Evidence: Music historian Ahmed Al Wasel's article inspected 2026-10-08: Wadaa by Ibtisam Lotfi, composition Riad Al Sunbati and poetry Ahmed Rami; Lawaa composition Ahmed Sidqi and poetry Ahmed Rami. Difficulty: Specialist recall of lyricists, arrangers, orchestral works, historical credits or a precisely dated musical event."
"176","effab329dc16093651d22e65ed07cb0d9a89b3e0a429bb7fce722dca91933402","artist:ghazi:educationmentor","ghazibio","yes","yes","yes","yes","Assistant reviewed Which Egyptian composer did Ghazi Ali credit with making secondary-school study at Cairo's music institute possible? Answer: Abu Bakr Khairat. Arabic and English request the same attribute. Evidence: Biographical music report inspected 2026-10-08 relates Ghazi Ali's account of Abu Bakr Khairat supporting his music study in Cairo. Unestablished European-academy claim excluded. Difficulty: Specialist recall of lyricists, arrangers, orchestral works, historical credits or a precisely dated musical event."
"177","90058df70bd3003398076507e2e0cb23ccd41e9cb0bf2ec8e21d69eb118ad036","artist:siraj:earlyensemble","sirajband","yes","yes","yes","yes","Assistant reviewed In which band did Siraj Omar play violin between 1964 and 1968? Answer: Al Nujoom Music Band. Arabic and English request the same attribute. Evidence: Music obituary inspected 2026-10-08 identifies Al Nujoom band as Siraj Omar's early violin ensemble, 1964-1968; distinguishes other later ensembles. Difficulty: Specialist recall of lyricists, arrangers, orchestral works, historical credits or a precisely dated musical event."
"178","acd0f47ad1399c85eb5687d279231bd7f3238c2794200db7ef027281f30dd85e","song:ahebbak:lyricist","ahebbak","yes","yes","yes","yes","Assistant reviewed Who wrote Talal Maddah's Ahebbak Law Tekoun Hader? Answer: Lotfi Zaini. Arabic and English request the same attribute. Evidence: Score publisher credits inspected 2026-10-08: Talal Maddah performs and composes; words Lotfi Zaini. Difficulty: Specialist recall of lyricists, arrangers, orchestral works, historical credits or a precisely dated musical event."
"179","85057de14fcf269a00d58a9e911227221a11a87e3eeb4860f3ab45be35880516","label:riyadfon:founder","riyadfon","yes","yes","yes","yes","Assistant reviewed Which artist and lyricist founded the Riyad Fon record company on Qabil Street in Jeddah? Answer: Lotfi Zaini. Arabic and English request the same attribute. Evidence: Indexed historical article inspected 2026-10-08 identifies Lotfi Zaini as founder of Riyad Fon record company on Qabil Street. Existing artist/song credits in completed banks excluded. Difficulty: Specialist recall of lyricists, arrangers, orchestral works, historical credits or a precisely dated musical event."
"180","07bcc8cf8d9073ae90707c138b06ed226d9ff07721a31b06c3eb8dc7bed8bbad","song:allamtni:lyricist","allamtni","yes","yes","yes","yes","Assistant reviewed Who wrote the lyrics of Rashed Al Majid's Allamtni? Answer: Talal Al Rasheed. Arabic and English request the same attribute. Evidence: Indexed official artist release inspected 2026-10-08: singer Rashed Al Majid; composer Abdul Rab Idris. Official 2020 concert description TgCE5GmO5wM identifies poet Talal Al Rasheed. Difficulty: Specialist recall of lyricists, arrangers, orchestral works, historical credits or a precisely dated musical event."
"181","5559c6741e997215375409232af58938b20bca6009077ca312a92500c872ec45","song:tahamaltak:lyricist","tahamaltak","yes","yes","yes","yes","Assistant reviewed Who wrote the words of Rabeh Saqer's Tahamaltak? Answer: Mansour Al Shadi. Arabic and English request the same attribute. Evidence: Artist-label profile inspected 2026-10-08 confirms Tahamaltak performed by Rabeh Saqer, words Mansour Al Shadi, composition Sahm. First-ever claims and existing Gulf Music career facts are excluded. Difficulty: Specialist recall of lyricists, arrangers, orchestral works, historical credits or a precisely dated musical event."
"182","3bfd8b33124f85180b2c19892b76d3c169edaf53f34e60df301c2bc8ca7bc0f7","song:etjammal:lyricist","etjammal","yes","yes","yes","yes","Assistant reviewed Who wrote Dalia Mubarak's Etjammal Lenafsi? Answer: Anwar Al Mushairi. Arabic and English request the same attribute. Evidence: Indexed original release inspected 2026-10-08 confirms Dalia Mubarak sings and Anwar Al Mushairi wrote the words. Unestablished composer excluded. Difficulty: Specialist recall of lyricists, arrangers, orchestral works, historical credits or a precisely dated musical event."
"183","6d00c5cd0f74a292633cae9914a2ad1c229fa3b5d95199227fda750e3cabd3cc","song:hujja:lyricist","hujja","yes","yes","yes","yes","Assistant reviewed Who wrote the lyrics of Rashed Al Majid's Hujjat Al Ghayeb? Answer: Badr Al Mleihi. Arabic and English request the same attribute. Evidence: Indexed original artist recording inspected 2026-10-08 confirms Rashed Al Majid sings and Badr Al Mleihi wrote the words. Composer corroboration pending and not queried here. Difficulty: Specialist recall of lyricists, arrangers, orchestral works, historical credits or a precisely dated musical event."
"184","23cfc607860799269b2dfd98aad5d76b62bfc1ae1149a18ec029d7ba112bc580","song:mostageb:lyricist","mostageb","yes","yes","yes","yes","Assistant reviewed Which poet wrote Ya Mostageb Lel Daay, performed by Mohammed Abdu? Answer: Hassan bin Ahmed Al Faseel. Arabic and English request the same attribute. Evidence: Indexed official channel description inspected 2026-10-08: Mohammed Abdu sings; words Hassan bin Ahmed Al Faseel; melody credited to tradition rather than to a named modern composer. Difficulty: Specialist recall of lyricists, arrangers, orchestral works, historical credits or a precisely dated musical event."
"185","7d31724a704db1bafad50173d27163fea09e410328c4cda25855bc97c88d25f8","song:seqa:lyricist","seqa","yes","yes","yes","yes","Assistant reviewed What pen name is credited for the lyrics of Rabeh Saqer's Seqa Allah? Answer: Qaws. Arabic and English request the same attribute. Evidence: Indexed Rotana recording credits inspected 2026-10-08: Rabeh Saqer performs; Qaws lyrics; Yasser Bou Ali composition; Cyrus arrangement. Al Jazirah 20151226/at1 corroborates album Awjeh Al Maana. Difficulty: Specialist recall of lyricists, arrangers, orchestral works, historical credits or a precisely dated musical event."
"186","a9a102f80e8631b8fd01de3416296098bb68e93eeba3c0f1ce32b1b8369426d3","song:ikhtafat:lyricist","ikhtafat","yes","yes","yes","yes","Assistant reviewed Who wrote the lyrics of Abadi Al Johar's Ikhtafat? Answer: Mohammed bin Khaled. Arabic and English request the same attribute. Evidence: Indexed album recording inspected 2026-10-08: Abadi Al Johar sings; words Mohammed bin Khaled; album Asdaq Ma Katabt. Composer not queried without further corroboration. Difficulty: Specialist recall of lyricists, arrangers, orchestral works, historical credits or a precisely dated musical event."
"187","7c15e7a91e4afac72c1e79d04a1973f7d856551a4288f60e9991b9b1bd501843","song:faman:lyricist","faman","yes","yes","yes","yes","Assistant reviewed What pen name is credited for the words of Ayed's Faman Allah? Answer: Al Maha. Arabic and English request the same attribute. Evidence: Indexed official artist release inspected 2026-10-08: Ayed performs; words Al Maha; composition Faisal Saud. Original release labelled 2016; no view-count fact used. Difficulty: Specialist recall of lyricists, arrangers, orchestral works, historical credits or a precisely dated musical event."
"188","2eb71bce05159cda1ec9c05cbbad787d1e964583d183a685cd4e02fb1670683e","song:minkobraha:lyricist","minkobraha","yes","yes","yes","yes","Assistant reviewed Who wrote the lyrics of Rabeh Saqer's Min Kobraha? Answer: Saud Al Babtain. Arabic and English request the same attribute. Evidence: Indexed publisher release identifies Rabeh Saqer. Credits independently corroborated by Billboard Arabia career review 7319: poet Saud Al Babtain, composer Sahm, arranger Cyrus. Inspected 2026-10-08. Difficulty: Specialist recall of lyricists, arrangers, orchestral works, historical credits or a precisely dated musical event."
"189","dea2091c47f4e1b2edf51a0b05f1b49c4f5a443edeaf86941e29defdd5adf39a","song:akhqalbi:arranger","akhqalbi","yes","yes","yes","yes","Assistant reviewed Who arranged Majid Al Mohandis's Akh Qalbi? Answer: Hossam Kamel. Arabic and English request the same attribute. Evidence: Label's report inspected 2026-10-08 confirms Majid Al Mohandis performs; words Qusai Issa; composition Ali Saber; arrangement Hossam Kamel. View-count claims excluded; naturalized Saudi artist's repertoire remains in category scope. Difficulty: Specialist recall of lyricists, arrangers, orchestral works, historical credits or a precisely dated musical event."
"190","a4b5903f67559162669c0fb73b05c50f0c75aa8024ff491e4e1fe58446fc6272","song:entithar:lyricist","entithar","yes","yes","yes","yes","Assistant reviewed What pen name is credited for the words of Majid Al Mohandis's Entitharak Saab? Answer: Sari. Arabic and English request the same attribute. Evidence: Verified label recording inspected 2026-10-08: Majid Al Mohandis sings and composes; words Sari. Original digital album 2015 is distinguished from later Akh Qalbi compilation. Difficulty: Specialist recall of lyricists, arrangers, orchestral works, historical credits or a precisely dated musical event."
"191","05f21c2421e9cfe34732ba7dff5bc7aed57c77b762f16b2a234a5fa35c3a8402","song:saqiatash:lyricist","saqiatash","yes","yes","yes","yes","Assistant reviewed What pen name is credited for the lyrics of Ayed's Saqi Al Atash? Answer: Yam. Arabic and English request the same attribute. Evidence: Contemporary release report inspected 2026-10-08: Ayed sings; words Yam; music Hamad Al Qattan; arrangement Zaid Nadeem; filmed in Lebanon by Alaa Al Ansari. Artist video later label 2016 not used as first-release year. Difficulty: Specialist recall of lyricists, arrangers, orchestral works, historical credits or a precisely dated musical event."
"192","40f0f77ced5a390ab31b6872494411e6dd0abe29d8417323306611adc197d488","song:istiraha:lyricist","istiraha","yes","yes","yes","yes","Assistant reviewed What pen name is credited for the lyrics of Ayed's Estrahet Mohareb? Answer: Al Aliyah. Arabic and English request the same attribute. Evidence: Indexed verified publisher release inspected 2026-10-08: Ayed sings; words Al Aliyah; composition Yasser Bou Ali; arrangement Cyrus. Credits corroborated by Billboard Arabia artist profile. Difficulty: Specialist recall of lyricists, arrangers, orchestral works, historical credits or a precisely dated musical event."
"193","67cb386b372b0afdd7217b1745785ab9ae00ed6a1f6bdec27030f345973e3c4e","song:wainkent:arranger","wainkent","yes","yes","yes","yes","Assistant reviewed Who arranged Rabeh Saqer's Wain Kent? Answer: Khaled Ezz. Arabic and English request the same attribute. Evidence: Indexed label release inspected 2026-10-08: Rabeh Saqer performs and composes; words Mansour Al Shadi; arrangement Khaled Ezz. Difficulty: Specialist recall of lyricists, arrangers, orchestral works, historical credits or a precisely dated musical event."
"194","586ed10ce51c5a94db58d49b320c2e966fd984cb17006a34093d08a50adee606","song:khamees:lyricist","khamees","yes","yes","yes","yes","Assistant reviewed What name is credited for the lyrics of Rabeh Saqer's Khamees? Answer: Turki. Arabic and English request the same attribute. Evidence: Contemporary album report inspected 2026-10-08: Rabeh Saqer's Khamees, words Turki and composition Sahm. Song distinguished from Mohammed Abdu's Lelat Khamis, whose facts are protected in Gulf Music. Difficulty: Specialist recall of lyricists, arrangers, orchestral works, historical credits or a precisely dated musical event."
"195","a8e592168a70cfec19364cd6464c26d43dc3c605691cabcfd06b220d1fd92756","song:samraa:lyricist","jameel","yes","yes","yes","yes","Assistant reviewed Which poet wrote Samraa, composed by Jameel Mahmoud? Answer: Yahya Tawfiq. Arabic and English request the same attribute. Evidence: Article inspected 2026-10-08: Watar Wa Samar programme; Samraa composed by Jameel Mahmoud, words Yahya Tawfiq; Ya Amal Atshan in Saba maqam; weekly salon called Al Ahadiyah; grew up in Al Misfalah, Makkah. Unrelated military facts excluded. Difficulty: Specialist recall of lyricists, arrangers, orchestral works, historical credits or a precisely dated musical event."
"196","f30718688f4ef2bbb5ff6ed16cda4eeffd5221459b2bbcd050b9c692d8280add","song:yaamalatshan:maqam","jameel","yes","yes","yes","yes","Assistant reviewed In which maqam did Jameel Mahmoud sing Ya Amal Atshan? Answer: Saba. Arabic and English request the same attribute. Evidence: Article inspected 2026-10-08: Watar Wa Samar programme; Samraa composed by Jameel Mahmoud, words Yahya Tawfiq; Ya Amal Atshan in Saba maqam; weekly salon called Al Ahadiyah; grew up in Al Misfalah, Makkah. Unrelated military facts excluded. Difficulty: Specialist recall of lyricists, arrangers, orchestral works, historical credits or a precisely dated musical event."
"197","74ce948e581f45f3ef871af7776328b57522e68af58b6c8d7145d5c209813734","artist:jameel:salonname","jameel","yes","yes","yes","yes","Assistant reviewed What were Jameel Mahmoud's weekly Sunday music gatherings at his home called? Answer: Al Ahadiyah. Arabic and English request the same attribute. Evidence: Article inspected 2026-10-08: Watar Wa Samar programme; Samraa composed by Jameel Mahmoud, words Yahya Tawfiq; Ya Amal Atshan in Saba maqam; weekly salon called Al Ahadiyah; grew up in Al Misfalah, Makkah. Unrelated military facts excluded. Difficulty: Specialist recall of lyricists, arrangers, orchestral works, historical credits or a precisely dated musical event."
"198","4aad05ab32a607e3a62c055ed7e85720fcca160bfb3b486b3598d4eef9f3cd32","artist:omar:birthname","omarbio","yes","yes","yes","yes","Assistant reviewed What is the birth name of the Saudi composer known as Omar Kedres? Answer: Omar Nuh Fallatah. Arabic and English request the same attribute. Evidence: Article inspected 2026-10-08: birth name Omar Nuh Fallatah; studio album Tadallal; composed Talal Maddah's Ya Sariya Khabbirini. Protected Lelat Khamis credits and uncorroborated nickname anecdote excluded. Difficulty: Specialist recall of lyricists, arrangers, orchestral works, historical credits or a precisely dated musical event."
"199","7dc34d0689db729abe830a48086109c58a6ed4415242feb5595287574f1ceddc","artist:omar:studioalbum","omarbio","yes","yes","yes","yes","Assistant reviewed What was the title of Omar Kedres's vocal album of six studio-recorded songs? Answer: Tadallal. Arabic and English request the same attribute. Evidence: Article inspected 2026-10-08: birth name Omar Nuh Fallatah; studio album Tadallal; composed Talal Maddah's Ya Sariya Khabbirini. Protected Lelat Khamis credits and uncorroborated nickname anecdote excluded. Difficulty: Specialist recall of lyricists, arrangers, orchestral works, historical credits or a precisely dated musical event."
"200","c8ea7b89a67b9f8448f65a9077c584a420648fbf445f20cbe567549201245998","song:feztbek:arranger","feztbek","yes","yes","yes","yes","Assistant reviewed Who arranged Sultan Al Murshed's Fezt Bek? Answer: Hisham Al Sakran. Arabic and English request the same attribute. Evidence: Official Artist Channel description inspected 2026-10-08: Sultan Al Murshed sings; words Watad; music Al Anein; arrangement Hisham Al Sakran. Lyrics excluded from bank. Difficulty: Specialist recall of lyricists, arrangers, orchestral works, historical credits or a precisely dated musical event."
"201","a50e7521787037eee251d2cf53272c8e83cbca408039a0fdafc3243b995c5065","song:seqa:arranger","seqa","yes","yes","yes","yes","Assistant reviewed Who arranged Rabeh Saqer's Seqa Allah? Answer: Cyrus. Arabic and English request the same attribute. Evidence: Indexed Rotana recording credits inspected 2026-10-08: Rabeh Saqer performs; Qaws lyrics; Yasser Bou Ali composition; Cyrus arrangement. Al Jazirah 20151226/at1 corroborates album Awjeh Al Maana. Difficulty: Specialist recall of lyricists, arrangers, orchestral works, historical credits or a precisely dated musical event."
"202","af8c8ba7e499728889bffddfddb569cd46b796b49af0139bfded5c3735a9c89b","song:wardabaida:arranger","wardabaida","yes","yes","yes","yes","Assistant reviewed Who arranged Zena Emad's Elwarda Elbaida? Answer: Mohammed Najm. Arabic and English request the same attribute. Evidence: Official Artist Channel description inspected 2026-10-08: Zena Emad sings; words Amr Al Masry; music Samer Abu Taleb; arrangement Mohammed Najm; animated clip directed by Ahmed Nady. No lyrics reproduced. Difficulty: Specialist recall of lyricists, arrangers, orchestral works, historical credits or a precisely dated musical event."
"203","e10dacd1ad8ce911f4fbec8b77288dd3874d486e4f238dde6905ac7bbcb3c0cc","song:saqiatash:director","saqiatash","yes","yes","yes","yes","Assistant reviewed Who directed Ayed's Saqi Al Atash video, filmed in Lebanon? Answer: Alaa Al Ansari. Arabic and English request the same attribute. Evidence: Contemporary release report inspected 2026-10-08: Ayed sings; words Yam; music Hamad Al Qattan; arrangement Zaid Nadeem; filmed in Lebanon by Alaa Al Ansari. Artist video later label 2016 not used as first-release year. Difficulty: Specialist recall of lyricists, arrangers, orchestral works, historical credits or a precisely dated musical event."
"204","2a469c82d03676b1ca7aaffa706aeeeec4fbff45e05383a4a75a2e8ab0a92538","artist:tariq:unescoawardyear","tariqbio","yes","yes","yes","yes","Assistant reviewed In which year did Tariq Abdulhakim receive the music award documented by Saudipedia as the UNESCO music prize? Answer: 1981. Arabic and English request the same attribute. Evidence: Article inspected 2026-10-08: Dean of Saudi Art; Cairo military-music scholarship in 1952; army music school founded 1954; compositions include Lana Allah and Taallaq Qalbi. Questions avoid confusing his national-anthem arrangement with the original composition. Difficulty: Specialist recall of lyricists, arrangers, orchestral works, historical credits or a precisely dated musical event."
