"id","hash","factKey","source","evidenceVerified","translationParity","difficultyReviewed","distinctFact","reason"
"001","12b642d35226736da092ba3874b3868bbcb48b609da6e814f144cc3ce1c6cbac","worldcup:trophy1966:dogfinder","pickles","yes","yes","yes","yes","Assistant reviewed What was the name of the dog that found the stolen World Cup trophy before the 1966 tournament? Answer: Pickles. Arabic asks the same fact with equivalent answer. Evidence: The trophy was stolen in London on 20 March 1966 from a stamp exhibition at Methodist Central Hall, Westminster. Pickles and owner David Corbett recovered it wrapped in newspaper one week later. Verified 2026-10-07. Accessible recognition of an iconic moment, famous player, winning nation, host or basic tournament feature."
"002","51b5b67740665f0a832cd8a5df103ac7df031cd8be0fab00d64bb00d30a92b95","worldcup:final1958:champion","pele58","yes","yes","yes","yes","Assistant reviewed Which team beat Sweden 5–2 in the 1958 World Cup final? Answer: Brazil. Arabic asks the same fact with equivalent answer. Evidence: Brazil won the 1958 final 5-2 against host Sweden; Pele scored twice in the final. Verified 2026-10-07. Accessible recognition of an iconic moment, famous player, winning nation, host or basic tournament feature."
"003","123aa62793f6a3398f796a98b733d057f5b5c372423193b7766db6d94d28a378","worldcup:final1970:opponent","final70","yes","yes","yes","yes","Assistant reviewed Which team faced Brazil in the 1970 World Cup final? Answer: Italy. Arabic asks the same fact with equivalent answer. Evidence: Brazil beat Italy 4-1 at Estadio Azteca. Brazil's scorers were Pele, Gerson, Jairzinho and Carlos Alberto; Roberto Boninsegna scored for Italy. Brazil earned permanent possession of the Jules Rimet Trophy. Verified 2026-10-07. Accessible recognition of an iconic moment, famous player, winning nation, host or basic tournament feature."
"004","f3a9ca37248678c5378425d436469b73b0025d388317856639b44d46f1de7a4a","worldcup:final1978:champion","final78","yes","yes","yes","yes","Assistant reviewed Which team beat the Netherlands in the 1978 World Cup final? Answer: Argentina. Arabic asks the same fact with equivalent answer. Evidence: Argentina defeated the Netherlands 3-1 in the 1978 final; Mario Kempes scored the opening goal. Verified 2026-10-07. Accessible recognition of an iconic moment, famous player, winning nation, host or basic tournament feature."
"005","02af99f1e7cc7500015b31dcead319c835cfe91e3e67cb53c802223e4caa1eba","worldcup:fontaine1958:goaltotal","fontaine","yes","yes","yes","yes","Assistant reviewed How many goals did Just Fontaine score at the 1958 World Cup? Answer: 13 goals. Arabic asks the same fact with equivalent answer. Evidence: Just Fontaine scored thirteen goals in six matches for France at Sweden 1958. Verified 2026-10-07. Accessible recognition of an iconic moment, famous player, winning nation, host or basic tournament feature."
"006","b4ae424ce42e41b5db0a6a09f44f06de6b6e28cb0c70a468bfa684aae3caba3b","worldcup:maradona1986:solohero","maradona86","yes","yes","yes","yes","Assistant reviewed Who scored the Goal of the Century against England at the 1986 World Cup? Answer: Diego Maradona. Arabic asks the same fact with equivalent answer. Evidence: Maradona scored the Goal of the Century against England in the quarter-final at Mexico 1986. Verified 2026-10-07. Accessible recognition of an iconic moment, famous player, winning nation, host or basic tournament feature."
"007","fba98c5c8a9bcfa2357497e8bb80d0a0fe7f5ef6a01c2168092ccaa3d6246d65","worldcup:final2002:brace","ronaldo02","yes","yes","yes","yes","Assistant reviewed Who scored both Brazil goals in the 2002 World Cup final? Answer: Ronaldo. Arabic asks the same fact with equivalent answer. Evidence: Brazil beat Germany 2-0 in the 2002 final at Yokohama; Ronaldo scored both goals. Verified 2026-10-07. Accessible recognition of an iconic moment, famous player, winning nation, host or basic tournament feature."
"008","2e08d741329b4cf81ccf529cad1dbc8705c09429e958a98d87eaa578ad1aa09f","worldcup:final2010:winner","iniesta10","yes","yes","yes","yes","Assistant reviewed Who scored Spain's winning goal in the 2010 World Cup final? Answer: Andres Iniesta. Arabic asks the same fact with equivalent answer. Evidence: Andres Iniesta scored the winning goal against the Netherlands in the 2010 final and paid tribute to Dani Jarque. Verified 2026-10-07. Accessible recognition of an iconic moment, famous player, winning nation, host or basic tournament feature."
"009","60b484f69cb026086020197b9dc2012e8143bd6267085771160c7ccce5d6225d","worldcup:semifinal2014:score","klose14","yes","yes","yes","yes","Assistant reviewed By what score did Germany beat Brazil in the 2014 World Cup semi-final? Answer: 7–1. Arabic asks the same fact with equivalent answer. Evidence: Germany beat Brazil 7-1 in the 2014 semi-final at Estadio Mineirao. Klose scored his sixteenth World Cup goal to take the all-time scoring record. Verified 2026-10-07. Accessible recognition of an iconic moment, famous player, winning nation, host or basic tournament feature."
"010","64ec5af307e79ea616f0a8db1bb9172a41d395f41396f8fa94e8c9b38950e06c","worldcup:bronze2018:team","bronze18","yes","yes","yes","yes","Assistant reviewed Which team finished third at the 2018 World Cup after beating England? Answer: Belgium. Arabic asks the same fact with equivalent answer. Evidence: Belgium beat England 2-0 in the 2018 third-place play-off to finish third. Verified 2026-10-07. Accessible recognition of an iconic moment, famous player, winning nation, host or basic tournament feature."
"011","a9816404e5442b449ed7d3bde35835fbf307e5e842742a0d740e8477c4569fba","worldcup:final2022:champion","final22","yes","yes","yes","yes","Assistant reviewed Which team won the 2022 World Cup after a penalty shoot-out in the final? Answer: Argentina. Arabic asks the same fact with equivalent answer. Evidence: Argentina and France drew 3-3 after extra time at Lusail on 18 December 2022; Argentina won the shoot-out 4-2. Verified 2026-10-07. Accessible recognition of an iconic moment, famous player, winning nation, host or basic tournament feature."
"012","cdec83eb16087e85c4f4d8786fd3a248f6194869666c0f9c2c8afc7016eb58a8","worldcup:awards2022:goldenboot","awards22","yes","yes","yes","yes","Assistant reviewed Who won the Golden Boot at the 2022 World Cup? Answer: Kylian Mbappe. Arabic asks the same fact with equivalent answer. Evidence: Messi won the Golden Ball, Mbappe the Golden Boot, Emiliano Martinez the Golden Glove, Enzo Fernandez the Young Player award and England the Fair Play award. Verified 2026-10-07. Accessible recognition of an iconic moment, famous player, winning nation, host or basic tournament feature."
"013","100b6932aaa008238326dffd007d755990c083424410311fb1176dee3c3ac189","worldcup:awards2018:goldenball","awards18","yes","yes","yes","yes","Assistant reviewed Which Croatian star received the Golden Ball at Russia 2018? Answer: Luka Modric. Arabic asks the same fact with equivalent answer. Evidence: Luka Modric won the Golden Ball; Thibaut Courtois the Golden Glove; Harry Kane the Golden Boot; Kylian Mbappe the Young Player award in 2018. Verified 2026-10-07. Accessible recognition of an iconic moment, famous player, winning nation, host or basic tournament feature."
"014","5e10eebc68f9db41298578ff9952217ed29ceb9561fea99d454539634a786a98","worldcup:final2022:stadium","final22","yes","yes","yes","yes","Assistant reviewed At which stadium was the 2022 World Cup final played? Answer: Lusail Stadium. Arabic asks the same fact with equivalent answer. Evidence: Argentina and France drew 3-3 after extra time at Lusail on 18 December 2022; Argentina won the shoot-out 4-2. Verified 2026-10-07. Accessible recognition of an iconic moment, famous player, winning nation, host or basic tournament feature."
"015","babf24343f137399af63bc3c356026ed4fbb5f5c317c276d82fde385cf08cf60","worldcup:ball1970:manufacturer","balls","yes","yes","yes","yes","Assistant reviewed Which company made the official Telstar ball for the 1970 World Cup? Answer: adidas. Arabic asks the same fact with equivalent answer. Evidence: Telstar debuted in 1970 with 32 leather panels for visibility on black-and-white television. Tango 1978; Azteca 1986; Etrusco Unico 1990; Questra 1994; Tricolore 1998 first coloured ball; Fevernova 2002; Teamgeist 2006; Jabulani 2010 eight panels; Brazuca 2014 six panels; Telstar18 embedded NFC chip. Verified 2026-10-07. Accessible recognition of an iconic moment, famous player, winning nation, host or basic tournament feature."
"016","8989f480b9581f3b82e914faea5cbce9486ad42ca2c12afafd0d0c126bce12ba","worldcup:cards:introduction","cards","yes","yes","yes","yes","Assistant reviewed At which World Cup were yellow and red cards first used? Answer: Mexico 1970. Arabic asks the same fact with equivalent answer. Evidence: Ken Aston devised yellow and red cards after 1966, inspired by traffic lights. They debuted in 1970. Rudolf Kreitlein dismissed Argentina captain Antonio Rattin in 1966. Aston refereed the Chile-Italy Battle of Santiago in 1962. Verified 2026-10-07. Accessible recognition of an iconic moment, famous player, winning nation, host or basic tournament feature."
"017","39c276d8638dc327880ce7be3c8ac132eb7dfd861be089eeae9c73b241ae8d41","worldcup:cameroon1990:keeperdispossessed","milla90","yes","yes","yes","yes","Assistant reviewed Which Colombian goalkeeper had the ball stolen by Roger Milla before he scored at the 1990 World Cup? Answer: Rene Higuita. Arabic asks the same fact with equivalent answer. Evidence: Milla dispossessed goalkeeper Rene Higuita to score against Colombia in Naples in 1990, helping Cameroon reach the quarter-finals. Verified 2026-10-07. Accessible recognition of an iconic moment, famous player, winning nation, host or basic tournament feature."
"018","931e7b98882bb1651e090dd15966d9142e2f89d211e97560349e857b16d7e32b","worldcup:russia1994:fivegoalhero","salenko94","yes","yes","yes","yes","Assistant reviewed Which Russian player scored five goals in one match at the 1994 World Cup? Answer: Oleg Salenko. Arabic asks the same fact with equivalent answer. Evidence: Oleg Salenko scored five times for Russia in a 6-1 win over Cameroon at Stanford in 1994. Roger Milla scored for Cameroon at age forty-two. Verified 2026-10-07. Accessible recognition of an iconic moment, famous player, winning nation, host or basic tournament feature."
"019","5cac503323a9a1ad261df4de6c38f1f815e38c78a849f0382b82c016b98d73ea","worldcup:inaugural1930:champion","uruguay30","yes","yes","yes","yes","Assistant reviewed Which team won the first World Cup in 1930? Answer: Uruguay. Arabic asks the same fact with equivalent answer. Evidence: Uruguay beat Argentina 4-2 in the 1930 final at Estadio Centenario, Montevideo. Uruguay goals Dorado, Cea, Iriarte, Castro; Argentina goals Peucelle and Stabile. Verified 2026-10-07. Accessible recognition of an iconic moment, famous player, winning nation, host or basic tournament feature."
"020","803ed365aaf8ac0957835998822e0b5c218b5e7cf641c48df8090cb5ddb24054","worldcup:final1966:champion","final66","yes","yes","yes","yes","Assistant reviewed Which team won the 1966 World Cup at Wembley? Answer: England. Arabic asks the same fact with equivalent answer. Evidence: England defeated West Germany 4-2 after extra time at Wembley in the 1966 final; Geoff Hurst scored a hat-trick. Verified 2026-10-07. Accessible recognition of an iconic moment, famous player, winning nation, host or basic tournament feature."
"021","dbb5935c487e4c6aa6d4930d99648675c70aa932514dcee6e940e41f8056ceeb","worldcup:final1998:headers","zidane98","yes","yes","yes","yes","Assistant reviewed Who scored two headers for France in the 1998 World Cup final? Answer: Zinedine Zidane. Arabic asks the same fact with equivalent answer. Evidence: Zidane scored two first-half headers from corners in France's 3-0 final win over Brazil; corners were delivered by Emmanuel Petit and Youri Djorkaeff. Verified 2026-10-07. Accessible recognition of an iconic moment, famous player, winning nation, host or basic tournament feature."
"022","f6f129ace40b94bc3dd8c873ef03e1dbe8b1e10a380c700b49c230d441f062e3","worldcup:final2014:winner","gotze14","yes","yes","yes","yes","Assistant reviewed Who scored Germany's winning goal in the 2014 World Cup final? Answer: Mario Gotze. Arabic asks the same fact with equivalent answer. Evidence: Gotze scored the only goal of the 2014 final in extra time from Andre Schurrle's cross, beating Sergio Romero. Final at Maracana. Verified 2026-10-07. Accessible recognition of an iconic moment, famous player, winning nation, host or basic tournament feature."
"023","bf4ecacdc11527ca9afa4cec55645d97905419fb7f24f0c77ed4e6a2c2c7dd4e","worldcup:morocco2022:africanfirst","morocco22","yes","yes","yes","yes","Assistant reviewed Which team became the first African side to reach a World Cup semi-final in 2022? Answer: Morocco. Arabic asks the same fact with equivalent answer. Evidence: Morocco beat Portugal 1-0 in the 2022 quarter-final at Al Thumama Stadium with Youssef En-Nesyri's header. Morocco became Africa's first World Cup semi-finalist. Verified 2026-10-07. Accessible recognition of an iconic moment, famous player, winning nation, host or basic tournament feature."
"024","44662412eef96d60717e4bc7237e1d98991334180095f05d176ec3666ff0f841","worldcup:senegal2002:openingupset","senegal02","yes","yes","yes","yes","Assistant reviewed Which African team beat defending champions France in the opening match of the 2002 World Cup? Answer: Senegal. Arabic asks the same fact with equivalent answer. Evidence: Senegal beat defending world and European champions France in the opening match of the 2002 World Cup; Papa Bouba Diop scored the winner. Verified 2026-10-07. Accessible recognition of an iconic moment, famous player, winning nation, host or basic tournament feature."
"025","2ad6bd75ca850a7fad30897c93f10faa9d48008d02766eb3954b9fb419a900b2","worldcup:final1966:hat-trick","final66","yes","yes","yes","yes","Assistant reviewed Who scored a hat-trick for England in the 1966 World Cup final? Answer: Geoff Hurst. Arabic asks the same fact with equivalent answer. Evidence: England defeated West Germany 4-2 after extra time at Wembley in the 1966 final; Geoff Hurst scored a hat-trick. Verified 2026-10-07. Accessible recognition of an iconic moment, famous player, winning nation, host or basic tournament feature."
"026","accc6fae281ea79ecc9850f2f9f89be9c74d470b10626682197b94ae804b9d48","worldcup:ghana2010:handball","ghana10","yes","yes","yes","yes","Assistant reviewed Which Uruguay player was sent off for handling on the goal line against Ghana at the 2010 World Cup? Answer: Luis Suarez. Arabic asks the same fact with equivalent answer. Evidence: Luis Suarez was sent off for handling on the goal line at the end of extra time; Asamoah Gyan missed the subsequent penalty in the 2010 quarter-final. Verified 2026-10-07. Accessible recognition of an iconic moment, famous player, winning nation, host or basic tournament feature."
"027","d7a9125316f4cf290202703ea8c5b1c32782ec20c9610c73bf2002433b8ef558","worldcup:final1954:champion","final54","yes","yes","yes","yes","Assistant reviewed Which team achieved the Miracle of Bern by beating Hungary in the 1954 World Cup final? Answer: West Germany. Arabic asks the same fact with equivalent answer. Evidence: West Germany defeated Hungary 3-2 in the 1954 final in Bern, with Helmut Rahn scoring the winner. Verified 2026-10-07. Accessible recognition of an iconic moment, famous player, winning nation, host or basic tournament feature."
"028","8ecd2c3b3a8e65c0b730d0e9d31121dfc5c4f0af3b94feff1a1482ec92edb00b","worldcup:belgium2018:comebackopponent","chadli18","yes","yes","yes","yes","Assistant reviewed Which team led Belgium by two goals before losing 3–2 in the round of 16 at the 2018 World Cup? Answer: Japan. Arabic asks the same fact with equivalent answer. Evidence: Belgium overturned a two-goal deficit to beat Japan 3-2 in the 2018 round of 16; Nacer Chadli scored the stoppage-time winner. Verified 2026-10-07. Accessible recognition of an iconic moment, famous player, winning nation, host or basic tournament feature."
"029","4e930705acb81865e0bb8db83be9eed82d6d7a67f6683285f88f9f7f9bd4a3e0","womensworldcup:inaugural1991:champion","women91","yes","yes","yes","yes","Assistant reviewed Which team won the first Women's World Cup in 1991? Answer: United States. Arabic asks the same fact with equivalent answer. Evidence: USA won the inaugural Women's World Cup in China in 1991, beating Norway 2-1. Carin Jennings-Gabarra won the Golden Ball. Verified 2026-10-07. Accessible recognition of an iconic moment, famous player, winning nation, host or basic tournament feature."
"030","fe0b522c476494bcef6b05a35626f287e4e7a8c36c6478e4f39f67e18d32119d","womensworldcup:inaugural1991:host","women91","yes","yes","yes","yes","Assistant reviewed Which country hosted the first Women's World Cup in 1991? Answer: China. Arabic asks the same fact with equivalent answer. Evidence: USA won the inaugural Women's World Cup in China in 1991, beating Norway 2-1. Carin Jennings-Gabarra won the Golden Ball. Verified 2026-10-07. Accessible recognition of an iconic moment, famous player, winning nation, host or basic tournament feature."
"031","36086e55e09195b3cdabada109436ad23d635efd747c5a2440bb316d708c13d7","womensworldcup:final2011:champion","women11","yes","yes","yes","yes","Assistant reviewed Which Asian team won the Women's World Cup in 2011? Answer: Japan. Arabic asks the same fact with equivalent answer. Evidence: Japan won the 2011 final against USA after a 2-2 draw and a 3-1 shoot-out; Aya Miyama and Homare Sawa scored Japan's goals. Verified 2026-10-07. Accessible recognition of an iconic moment, famous player, winning nation, host or basic tournament feature."
"032","0d987a955873c693888cf867d93b7d5a0f2f5e9d0e2a3318acb33a299096e724","womensworldcup:final2023:champion","women23","yes","yes","yes","yes","Assistant reviewed Which team won the 2023 Women's World Cup by beating England? Answer: Spain. Arabic asks the same fact with equivalent answer. Evidence: Spain won the 2023 Women's World Cup final 1-0 against England at Stadium Australia; Olga Carmona scored. Verified 2026-10-07. Accessible recognition of an iconic moment, famous player, winning nation, host or basic tournament feature."
"033","ab7197127f2ff182429fff516c60abd7a98fbde116b2a3d409f79001daea5c8c","worldcup:spain2014:divingheader","vanpersie14","yes","yes","yes","yes","Assistant reviewed Who scored the famous flying header for the Netherlands against Spain at the 2014 World Cup? Answer: Robin van Persie. Arabic asks the same fact with equivalent answer. Evidence: Van Persie's diving header equalised against Spain in 2014; Netherlands won 5-1. Verified 2026-10-07. Accessible recognition of an iconic moment, famous player, winning nation, host or basic tournament feature."
"034","4057c6567df3b737babeb7b6b50e428d2c933811e92c2f510202272f91c16900","worldcup:england2002:freekick","ronaldinho02","yes","yes","yes","yes","Assistant reviewed Who scored Brazil's famous free-kick over David Seaman at the 2002 World Cup? Answer: Ronaldinho. Arabic asks the same fact with equivalent answer. Evidence: Ronaldinho scored the winning free-kick over England goalkeeper David Seaman in the 2002 quarter-final. Verified 2026-10-07. Accessible recognition of an iconic moment, famous player, winning nation, host or basic tournament feature."
"035","939f8b053b06476ad0a4bc0f7aeeea71e608fbf348a04a3d794bc3744d75df49","worldcup:spain2018:hat-trick","ronaldo18","yes","yes","yes","yes","Assistant reviewed Who scored a hat-trick for Portugal against Spain at the 2018 World Cup? Answer: Cristiano Ronaldo. Arabic asks the same fact with equivalent answer. Evidence: Cristiano Ronaldo scored a hat-trick as Portugal drew 3-3 with Spain in a 2018 Group B match. Verified 2026-10-07. Accessible recognition of an iconic moment, famous player, winning nation, host or basic tournament feature."
"036","45f80329260ca6bc8e8af9c8dab15ddbf19a20535f4be48e2c025a65266439ad","worldcup:serbia2022:bicyclekick","richarlison22","yes","yes","yes","yes","Assistant reviewed Who scored Brazil's bicycle kick against Serbia that was voted Goal of the Tournament at the 2022 World Cup? Answer: Richarlison. Arabic asks the same fact with equivalent answer. Evidence: Richarlison's bicycle kick against Serbia won the 2022 Goal of the Tournament award. Verified 2026-10-07. Accessible recognition of an iconic moment, famous player, winning nation, host or basic tournament feature."
"037","ad058c64d35f661a254ff6af667bd509569872bf24deefc85250a0383dc29498","worldcup:england2010:disallowedshot","lampard10","yes","yes","yes","yes","Assistant reviewed Whose shot crossed Germany's goal line but was not awarded as an England goal at the 2010 World Cup? Answer: Frank Lampard. Arabic asks the same fact with equivalent answer. Evidence: Frank Lampard's shot against Germany in 2010 crossed the line but was incorrectly ruled out. Verified 2026-10-07. Accessible recognition of an iconic moment, famous player, winning nation, host or basic tournament feature."
"038","6619f3570488a469cfba1c8c4ea5a51d14da45be10f1cff080ac75fcbe617ed0","worldcup:inaugural1930:year","uruguay30","yes","yes","yes","yes","Assistant reviewed In which year was the first World Cup final between Uruguay and Argentina played? Answer: 1930. Arabic asks the same fact with equivalent answer. Evidence: Uruguay beat Argentina 4-2 in the 1930 final at Estadio Centenario, Montevideo. Uruguay goals Dorado, Cea, Iriarte, Castro; Argentina goals Peucelle and Stabile. Verified 2026-10-07. Accessible recognition of an iconic moment, famous player, winning nation, host or basic tournament feature."
"039","062f6e57c1d3332ac785cad1f48c8b9643ad634b6b3382d306fbbe8d90d79aa0","worldcup:egypt:firstafrican","morocco86","yes","yes","yes","yes","Assistant reviewed Which Arab country was the first African country to qualify for the World Cup? Answer: Egypt. Arabic asks the same fact with equivalent answer. Evidence: Morocco became the first African side to reach the knockout stage in 1986 after beating Portugal 3-1. Egypt was the first African country to qualify for the World Cup. Verified 2026-10-07. Accessible recognition of an iconic moment, famous player, winning nation, host or basic tournament feature."
"040","a019baff398d7373e030183e2d2724b25386d7b7b90589515d61ba2c555d7c10","worldcup:champions2006:team","klose06","yes","yes","yes","yes","Assistant reviewed Which team won the 2006 World Cup in Germany? Answer: Italy. Arabic asks the same fact with equivalent answer. Evidence: Italy won the 2006 World Cup; host Germany finished third and Miroslav Klose won the Golden Boot. Verified 2026-10-07. Accessible recognition of an iconic moment, famous player, winning nation, host or basic tournament feature."
"041","8ada05c040a8cd0ca94122edaf06675785791bd18beceae9255dfd77613be124","worldcup:final2010:opponent","iniesta10","yes","yes","yes","yes","Assistant reviewed Which team lost the 2010 World Cup final to Spain? Answer: Netherlands. Arabic asks the same fact with equivalent answer. Evidence: Andres Iniesta scored the winning goal against the Netherlands in the 2010 final and paid tribute to Dani Jarque. Verified 2026-10-07. Accessible recognition of an iconic moment, famous player, winning nation, host or basic tournament feature."
"042","b6162886246dd08b9531e3dadee44bec4f37a286acd21d4ab948558560837b85","worldcup:final2014:venue","gotze14","yes","yes","yes","yes","Assistant reviewed Which Brazilian stadium hosted the 2014 World Cup final? Answer: Maracana. Arabic asks the same fact with equivalent answer. Evidence: Gotze scored the only goal of the 2014 final in extra time from Andre Schurrle's cross, beating Sergio Romero. Final at Maracana. Verified 2026-10-07. Accessible recognition of an iconic moment, famous player, winning nation, host or basic tournament feature."
"043","e7bb1610aa4281da5a8287608075d9b7fb8eadd564c407b1963315cfaffad6f3","worldcup:final1966:venue","final66","yes","yes","yes","yes","Assistant reviewed At which stadium was the 1966 World Cup final played? Answer: Wembley. Arabic asks the same fact with equivalent answer. Evidence: England defeated West Germany 4-2 after extra time at Wembley in the 1966 final; Geoff Hurst scored a hat-trick. Verified 2026-10-07. Accessible recognition of an iconic moment, famous player, winning nation, host or basic tournament feature."
"044","4d40aac2aa58320c64cd4e66ba51e1d95dff159c43aa5992f68d66387a32221e","worldcup:final2018:score","final18","yes","yes","yes","yes","Assistant reviewed What was the score in the 2018 World Cup final between France and Croatia? Answer: 4–2 to France. Arabic asks the same fact with equivalent answer. Evidence: France beat Croatia 4-2 at Luzhniki Stadium in Moscow. France goals included Griezmann, Pogba and Mbappe. Verified 2026-10-07. Accessible recognition of an iconic moment, famous player, winning nation, host or basic tournament feature."
"045","c8acc44fe2c60d84052f0972ab42ff7ebc085e5baec82e12da20a6dc03c44627","worldcup:final2022:extra-timescore","final22","yes","yes","yes","yes","Assistant reviewed What was the score after extra time, before the shoot-out, in the 2022 World Cup final between Argentina and France? Answer: 3–3. Arabic asks the same fact with equivalent answer. Evidence: Argentina and France drew 3-3 after extra time at Lusail on 18 December 2022; Argentina won the shoot-out 4-2. Verified 2026-10-07. Accessible recognition of an iconic moment, famous player, winning nation, host or basic tournament feature."
"046","8ac80c142693d58e308dc94ed274fa21943eaabe648e55182f34eb3fe2dbf367","worldcup:korea2018:upsetopponent","korea18","yes","yes","yes","yes","Assistant reviewed Which defending champion did Korea Republic beat 2–0 at the 2018 World Cup? Answer: Germany. Arabic asks the same fact with equivalent answer. Evidence: Korea Republic beat Germany 2-0 in Kazan in 2018; Kim Young-gwon and Son Heung-min scored. Neither team progressed from Group F. Verified 2026-10-07. Accessible recognition of an iconic moment, famous player, winning nation, host or basic tournament feature."
"047","f2d0c9029f405ec221c25724015c3845221248ddfc4e1d51bc7c5eb32499584d","worldcup:spain2022:decisivekick","hakimi22","yes","yes","yes","yes","Assistant reviewed Who scored Morocco's decisive shoot-out kick against Spain at the 2022 World Cup? Answer: Achraf Hakimi. Arabic asks the same fact with equivalent answer. Evidence: Achraf Hakimi chipped the decisive penalty to take Morocco past Spain in the 2022 round of 16. Verified 2026-10-07. Accessible recognition of an iconic moment, famous player, winning nation, host or basic tournament feature."
"048","b17f68213c46c3858039bc9a7cfb97632d23423278b14143ba31f6d0d470d858","worldcup:brazil2022:eliminator","petkovic22","yes","yes","yes","yes","Assistant reviewed Which team eliminated Brazil on penalties in the 2022 World Cup quarter-final? Answer: Croatia. Arabic asks the same fact with equivalent answer. Evidence: Croatia drew 1-1 with Brazil after extra time in the quarter-final, winning the shoot-out 4-2. Bruno Petkovic equalised after Neymar's opener. Verified 2026-10-07. Accessible recognition of an iconic moment, famous player, winning nation, host or basic tournament feature."
"049","bbc3d31675c5e14d92f9c52bc1e85b8cfdc9a02e86ad4e7e2e0899e45f5be3c9","worldcup:spain2022:moroccokeeper","bono22","yes","yes","yes","yes","Assistant reviewed Which Morocco goalkeeper saved two penalties against Spain at the 2022 World Cup? Answer: Yassine Bounou. Arabic asks the same fact with equivalent answer. Evidence: Morocco goalkeeper Yassine Bounou saved two Spain penalties in the 2022 round of 16 shoot-out. Verified 2026-10-07. Accessible recognition of an iconic moment, famous player, winning nation, host or basic tournament feature."
"050","178b00c1e78a7ffb171d588acf7817be6e8d5d4ba97b4a0584e233a362e1cece","worldcup:france1998:coach","blanc98","yes","yes","yes","yes","Assistant reviewed Who coached France when they won the 1998 World Cup? Answer: Aime Jacquet. Arabic asks the same fact with equivalent answer. Evidence: Laurent Blanc scored the first World Cup golden goal against Paraguay in 1998. Aime Jacquet coached champion France. Verified 2026-10-07. Accessible recognition of an iconic moment, famous player, winning nation, host or basic tournament feature."
"051","88bee6e06b75cd53d278bc11b89c792941a30c82dc5ca21e39286fe14d8b4685","worldcup:final1970:score","final70","yes","yes","yes","yes","Assistant reviewed By what score did Brazil beat Italy in the 1970 World Cup final? Answer: 4–1. Arabic asks the same fact with equivalent answer. Evidence: Brazil beat Italy 4-1 at Estadio Azteca. Brazil's scorers were Pele, Gerson, Jairzinho and Carlos Alberto; Roberto Boninsegna scored for Italy. Brazil earned permanent possession of the Jules Rimet Trophy. Verified 2026-10-07. Accessible recognition of an iconic moment, famous player, winning nation, host or basic tournament feature."
"052","a5729b7331f16e3748bb265b0cca7bb50f799062b24be9344fba227e1bf286e0","worldcup:final2002:score","ronaldo02","yes","yes","yes","yes","Assistant reviewed By what score did Brazil beat Germany in the 2002 World Cup final? Answer: 2–0. Arabic asks the same fact with equivalent answer. Evidence: Brazil beat Germany 2-0 in the 2002 final at Yokohama; Ronaldo scored both goals. Verified 2026-10-07. Accessible recognition of an iconic moment, famous player, winning nation, host or basic tournament feature."
"053","ed8de014774f229b5fdad9eec465b55303c7b367a574b31246428da7920aa7ff","worldcup:final1998:score","zidane98","yes","yes","yes","yes","Assistant reviewed By what score did France beat Brazil in the 1998 World Cup final? Answer: 3–0. Arabic asks the same fact with equivalent answer. Evidence: Zidane scored two first-half headers from corners in France's 3-0 final win over Brazil; corners were delivered by Emmanuel Petit and Youri Djorkaeff. Verified 2026-10-07. Accessible recognition of an iconic moment, famous player, winning nation, host or basic tournament feature."
"054","87f782c199845a5144091a59dd293f20f540361f104f1cf49a62646accf3d44b","worldcup:schedule:interval","rimetvision","yes","yes","yes","yes","Assistant reviewed How many years usually separate editions of the men's World Cup? Answer: Four years. Arabic asks the same fact with equivalent answer. Evidence: The 1928 FIFA Congress approved a tournament beginning in 1930 and held every four years. Verified 2026-10-07. Accessible recognition of an iconic moment, famous player, winning nation, host or basic tournament feature."
"055","c3fa7c16b8203c2368df907855ff439b6121e556d658885cc7b26bdb8b3679d6","worldcup:africa2010:firsthost","tshabalala10","yes","yes","yes","yes","Assistant reviewed Which country was the first African country to host the World Cup? Answer: South Africa. Arabic asks the same fact with equivalent answer. Evidence: South Africa was the first African host; Siphiwe Tshabalala scored the tournament's opening goal against Mexico. Verified 2026-10-07. Accessible recognition of an iconic moment, famous player, winning nation, host or basic tournament feature."
"056","869bf63ee00acb70c475d7139ff1958cb99ef81cec97f0446ca379109bff819f","worldcup:asia2002:cohosts","asiahosts","yes","yes","yes","yes","Assistant reviewed Which two countries co-hosted the 2002 World Cup? Answer: Korea Republic and Japan. Arabic asks the same fact with equivalent answer. Evidence: Korea Republic and Japan co-hosted the 2002 World Cup, the first held in Asia. Verified 2026-10-07. Accessible recognition of an iconic moment, famous player, winning nation, host or basic tournament feature."
"057","e5c50ecda0bea824be677935b44a05fa6ff22f027eb017d73c5451c8cd6433f7","worldcup:host2018:country","russiahost","yes","yes","yes","yes","Assistant reviewed Which country hosted the 2018 World Cup? Answer: Russia. Arabic asks the same fact with equivalent answer. Evidence: Russia was awarded the 2018 World Cup and Qatar the 2022 World Cup. Verified 2026-10-07. Accessible recognition of an iconic moment, famous player, winning nation, host or basic tournament feature."
"058","3b01e3012261ea2de5b78816829fa94a0c9197bf009fb8d45019ee21066febef","worldcup:host1986:country","mexicohost","yes","yes","yes","yes","Assistant reviewed Which country hosted the 1986 World Cup won by Argentina? Answer: Mexico. Arabic asks the same fact with equivalent answer. Evidence: Mexico hosted the 1970 and 1986 World Cups. Historical editions only used. Verified 2026-10-07. Accessible recognition of an iconic moment, famous player, winning nation, host or basic tournament feature."
"059","80adcc3d75d5e33773c626970da92077fc1f42939271a317cea2d7da698e1c23","worldcup:host1998:country","teamcounts","yes","yes","yes","yes","Assistant reviewed Which country hosted the 1998 World Cup? Answer: France. Arabic asks the same fact with equivalent answer. Evidence: 1930 thirteen teams; 1982 twenty-four; 1998 through 2022 thirty-two. Hosts include USA1994, France1998, Germany2006 and Brazil2014. Verified 2026-10-07. Accessible recognition of an iconic moment, famous player, winning nation, host or basic tournament feature."
"060","050e79d496a08fc7db67cf8aa14a2089d158112fee077c32ee89d490013209f4","worldcup:host2006:country","teamcounts","yes","yes","yes","yes","Assistant reviewed Which country hosted the 2006 World Cup? Answer: Germany. Arabic asks the same fact with equivalent answer. Evidence: 1930 thirteen teams; 1982 twenty-four; 1998 through 2022 thirty-two. Hosts include USA1994, France1998, Germany2006 and Brazil2014. Verified 2026-10-07. Accessible recognition of an iconic moment, famous player, winning nation, host or basic tournament feature."
"061","bdb1d159e0159b983157757d4f06dfccba171137ce15152fb8f0da71ed8f1a70","worldcup:host1994:country","teamcounts","yes","yes","yes","yes","Assistant reviewed Which country hosted the 1994 World Cup? Answer: United States. Arabic asks the same fact with equivalent answer. Evidence: 1930 thirteen teams; 1982 twenty-four; 1998 through 2022 thirty-two. Hosts include USA1994, France1998, Germany2006 and Brazil2014. Verified 2026-10-07. Accessible recognition of an iconic moment, famous player, winning nation, host or basic tournament feature."
"062","1df5e1c38e73edaea1449ea66f36bbf6f95fd5ec60039b36e4a59f5a34280352","worldcup:host2014:country","teamcounts","yes","yes","yes","yes","Assistant reviewed Which country hosted the 2014 World Cup? Answer: Brazil. Arabic asks the same fact with equivalent answer. Evidence: 1930 thirteen teams; 1982 twenty-four; 1998 through 2022 thirty-two. Hosts include USA1994, France1998, Germany2006 and Brazil2014. Verified 2026-10-07. Accessible recognition of an iconic moment, famous player, winning nation, host or basic tournament feature."
"063","a5daec16f94f0b0f95d22c8b54212232a69886b73c654bad652bebcda420f5ca","worldcup:uruguay2014:volleyhero","james14","yes","yes","yes","yes","Assistant reviewed Who scored Colombia's famous volley against Uruguay at the 2014 World Cup? Answer: James Rodriguez. Arabic asks the same fact with equivalent answer. Evidence: James Rodriguez scored the spectacular chest-control volley against Uruguay at Brazil2014. Verified2026-10-07. Accessible recognition of an iconic moment, famous player, winning nation, host or basic tournament feature."
"064","7b2169c6672f0894f28dfb80d83b4ad09d98669dd593c8a8620bc3dde8f13cd7","worldcup:qualifying2014:portugalhat-trick","ronaldoqualify","yes","yes","yes","yes","Assistant reviewed Who scored a hat-trick in Sweden to take Portugal to the 2014 World Cup through the play-off? Answer: Cristiano Ronaldo. Arabic asks the same fact with equivalent answer. Evidence: Ronaldo scored a hat-trick in the away play-off leg against Sweden in November2013 to qualify Portugal for Brazil2014. Verified2026-10-07. Accessible recognition of an iconic moment, famous player, winning nation, host or basic tournament feature."
"065","ea62b258fca789177701cb7b683b44688913fbdfac39f595b4b0cc50a7bf6127","worldcup:awards2022:goldenball","awards22","yes","yes","yes","yes","Assistant reviewed Which Argentina captain received the best-player Golden Ball at Qatar 2022? Answer: Lionel Messi. Arabic asks the same fact with equivalent answer. Evidence: Messi won the Golden Ball, Mbappe the Golden Boot, Emiliano Martinez the Golden Glove, Enzo Fernandez the Young Player award and England the Fair Play award. Verified 2026-10-07. Accessible recognition of an iconic moment, famous player, winning nation, host or basic tournament feature."
"066","9c804b2bc68ba6c71efe52668e0b47caddc9cb936d8fbdb2957862ec454a65cc","worldcup:awards2018:youngplayer","awards18","yes","yes","yes","yes","Assistant reviewed Who won the Young Player Award at the 2018 World Cup? Answer: Kylian Mbappe. Arabic asks the same fact with equivalent answer. Evidence: Luka Modric won the Golden Ball; Thibaut Courtois the Golden Glove; Harry Kane the Golden Boot; Kylian Mbappe the Young Player award in 2018. Verified 2026-10-07. Accessible recognition of an iconic moment, famous player, winning nation, host or basic tournament feature."
"067","ebf6b7e29090c206f391acc6a2dc5698fbbbb34369ad8f3ad6f2d64db7d4c29c","worldcup:trophy1970:permanentholder","final70","yes","yes","yes","yes","Assistant reviewed Which team kept the Jules Rimet Trophy permanently after its third title in 1970? Answer: Brazil. Arabic asks the same fact with equivalent answer. Evidence: Brazil beat Italy 4-1 at Estadio Azteca. Brazil's scorers were Pele, Gerson, Jairzinho and Carlos Alberto; Roberto Boninsegna scored for Italy. Brazil earned permanent possession of the Jules Rimet Trophy. Verified 2026-10-07. Accessible recognition of an iconic moment, famous player, winning nation, host or basic tournament feature."
"068","d1edfa289c538546369f9f8c66496451d2634851a4e35859e0ad5838537cccb5","worldcup:pele:threetitles","pelethree","yes","yes","yes","yes","Assistant reviewed Which Brazilian player won the World Cup in 1958, 1962 and 1970? Answer: Pele. Arabic asks the same fact with equivalent answer. Evidence: Pele won the World Cup as a player in 1958, 1962 and 1970. Verified 2026-10-07. Accessible recognition of an iconic moment, famous player, winning nation, host or basic tournament feature."
"069","e378b9ec443a34f701110b23a8eb8f0eaef85ecc5ea6ee90f25259cb83dea6b2","worldcup:laurent1930:firstscorer","laurent","yes","yes","yes","yes","Assistant reviewed Who scored the first goal in World Cup finals history? Answer: Lucien Laurent. Arabic asks the same fact with equivalent answer. Evidence: France's Lucien Laurent scored the first World Cup goal against Mexico on 13 July 1930 in Montevideo; France won 4-1; Ernest Liberati supplied the cross. Verified 2026-10-07. Moderate recall of a notable tournament-specific scorer, coach, award, venue or historical milestone."
"070","5a2eb162c57017d7c8e899540d2a54c9a916e0da3ef97631785eec74668e0638","worldcup:italy1930s:coach","pozzo","yes","yes","yes","yes","Assistant reviewed Which coach led Italy to World Cup titles in 1934 and 1938? Answer: Vittorio Pozzo. Arabic asks the same fact with equivalent answer. Evidence: Vittorio Pozzo coached Italy to the 1934 and 1938 World Cup titles. Verified 2026-10-07. Moderate recall of a notable tournament-specific scorer, coach, award, venue or historical milestone."
"071","1ad220f674cef8bb155164b7b23ab158028c8420c8be0b10b3b4af3315d1956d","worldcup:maracanazo1950:winnergoal","maracanazo","yes","yes","yes","yes","Assistant reviewed Who scored Uruguay's winning goal against Brazil in the decisive match of the 1950 World Cup? Answer: Alcides Ghiggia. Arabic asks the same fact with equivalent answer. Evidence: Uruguay beat Brazil 2-1 at the Maracana on 16 July 1950. Juan Alberto Schiaffino and Alcides Ghiggia scored Uruguay's goals; Brazil needed only a draw. Verified 2026-10-07. Moderate recall of a notable tournament-specific scorer, coach, award, venue or historical milestone."
"072","f25c117baad161bdf7c0d8233b61f33ad1935fce41375ffd4e727d0f6782516c","worldcup:lausanne1954:score","lausanne","yes","yes","yes","yes","Assistant reviewed What was the score in the twelve-goal Austria–Switzerland match at the 1954 World Cup? Answer: 7–5 to Austria. Arabic asks the same fact with equivalent answer. Evidence: Austria beat Switzerland 7-5 on 26 June 1954 in the quarter-finals in Lausanne. The match contained twelve goals. Verified 2026-10-07. Moderate recall of a notable tournament-specific scorer, coach, award, venue or historical milestone."
"073","0c8ac941f080f1db7d0ff11757b1fb72ed87bde5b4ac440c40097c4a325c1a3b","worldcup:final1970:fourthscorer","final70","yes","yes","yes","yes","Assistant reviewed Who scored Brazil's fourth goal in the 1970 World Cup final after the famous team move? Answer: Carlos Alberto. Arabic asks the same fact with equivalent answer. Evidence: Brazil beat Italy 4-1 at Estadio Azteca. Brazil's scorers were Pele, Gerson, Jairzinho and Carlos Alberto; Roberto Boninsegna scored for Italy. Brazil earned permanent possession of the Jules Rimet Trophy. Verified 2026-10-07. Moderate recall of a notable tournament-specific scorer, coach, award, venue or historical milestone."
"074","48b44a88dc1876ec4f6e20914b421f465a67f1c18636429364da6d151cf70b56","worldcup:cruyff1974:turnopponent","cruyffturn","yes","yes","yes","yes","Assistant reviewed Against which team did Johan Cruyff demonstrate the famous Cruyff turn at the 1974 World Cup? Answer: Sweden. Arabic asks the same fact with equivalent answer. Evidence: Johan Cruyff demonstrated the Cruyff turn against Sweden at the 1974 World Cup. Verified 2026-10-07. Moderate recall of a notable tournament-specific scorer, coach, award, venue or historical milestone."
"075","bec9fb766abed1a3e4f9d2506cc1043772d946393522ea936668db8430bbb64b","worldcup:brazil1982:hat-trick","rossi82","yes","yes","yes","yes","Assistant reviewed Who scored Italy's hat-trick in their 3–2 victory over Brazil at the 1982 World Cup? Answer: Paolo Rossi. Arabic asks the same fact with equivalent answer. Evidence: Italy beat Brazil 3-2 in Barcelona in the second round in 1982; Paolo Rossi scored a hat-trick. Verified 2026-10-07. Moderate recall of a notable tournament-specific scorer, coach, award, venue or historical milestone."
"076","979db50d68192378e74145d1f6b4d0f06a0b38e65c5fb9dacdbae2a726c4640e","worldcup:brazil1990:eliminator","caniggia90","yes","yes","yes","yes","Assistant reviewed Who scored the goal that eliminated Brazil against Argentina in the round of 16 at the 1990 World Cup? Answer: Claudio Caniggia. Arabic asks the same fact with equivalent answer. Evidence: Argentina beat Brazil 1-0 in the round of 16 in Turin in 1990; Claudio Caniggia scored. Argentina's group opponents included Cameroon, the USSR and Romania. Verified 2026-10-07. Moderate recall of a notable tournament-specific scorer, coach, award, venue or historical milestone."
"077","5a1156c32cb87221f9508411bd0dfc1cfa87780d6b49ae4e7e37c50a295b9f56","worldcup:croatia1998:brace","thuram98","yes","yes","yes","yes","Assistant reviewed Who scored both France goals against Croatia in the 1998 World Cup semi-final? Answer: Lilian Thuram. Arabic asks the same fact with equivalent answer. Evidence: France beat Croatia 2-1 in the 8 July 1998 semi-final at Stade de France. Lilian Thuram scored both France goals; Davor Suker scored Croatia's goal. Verified 2026-10-07. Moderate recall of a notable tournament-specific scorer, coach, award, venue or historical milestone."
"078","7c4292461ea9872a713587f428321a2f068c81cb1562c74bbbe4e7a2849fee23","worldcup:final2006:decisivekick","grosso06","yes","yes","yes","yes","Assistant reviewed Who scored the shoot-out kick that clinched the 2006 World Cup title for Italy? Answer: Fabio Grosso. Arabic asks the same fact with equivalent answer. Evidence: Fabio Grosso scored the winning shoot-out kick against France in the 2006 final; Fabien Barthez was France's goalkeeper. Verified 2026-10-07. Moderate recall of a notable tournament-specific scorer, coach, award, venue or historical milestone."
"079","15438f6c694cbc4cb5c3bf5d86942b65dd68fde7548099024997232c252f6464","worldcup:awards2010:goldenball","forlan10","yes","yes","yes","yes","Assistant reviewed Who won the Golden Ball as the best player at the 2010 World Cup? Answer: Diego Forlan. Arabic asks the same fact with equivalent answer. Evidence: Diego Forlan won the 2010 Golden Ball; he scored a volley against Germany in the third-place play-off. Verified 2026-10-07. Moderate recall of a notable tournament-specific scorer, coach, award, venue or historical milestone."
"080","1bfddcc1245bc6cb3584b7d4a59a04aa286aa2b83403fa0070eece42f1d49336","worldcup:awards2018:goldenboot","awards18","yes","yes","yes","yes","Assistant reviewed Who won the Golden Boot at the 2018 World Cup? Answer: Harry Kane. Arabic asks the same fact with equivalent answer. Evidence: Luka Modric won the Golden Ball; Thibaut Courtois the Golden Glove; Harry Kane the Golden Boot; Kylian Mbappe the Young Player award in 2018. Verified 2026-10-07. Moderate recall of a notable tournament-specific scorer, coach, award, venue or historical milestone."
"081","007dd4911ccae944045fbfb8219c895cebec7722f1c786e2da2f3ef19e2938ea","worldcup:awards2022:youngplayer","awards22","yes","yes","yes","yes","Assistant reviewed Who won the Young Player Award at the 2022 World Cup? Answer: Enzo Fernandez. Arabic asks the same fact with equivalent answer. Evidence: Messi won the Golden Ball, Mbappe the Golden Boot, Emiliano Martinez the Golden Glove, Enzo Fernandez the Young Player award and England the Fair Play award. Verified 2026-10-07. Moderate recall of a notable tournament-specific scorer, coach, award, venue or historical milestone."
"082","72a8f03269bd5b05218cb35cdfadbec0690090963e0321acf2291053fee5b285","worldcup:portugal1966:fourgoals","eusebio66","yes","yes","yes","yes","Assistant reviewed Who scored four goals for Portugal as they recovered from 0–3 against Korea DPR at the 1966 World Cup? Answer: Eusebio. Arabic asks the same fact with equivalent answer. Evidence: Portugal overturned a 3-0 deficit to win 5-3 at Goodison Park in the 1966 quarter-final. Eusebio scored four goals, two penalties; Jose Augusto scored Portugal's fifth. Verified 2026-10-07. Moderate recall of a notable tournament-specific scorer, coach, award, venue or historical milestone."
"083","678db418c6593e3a0f525f7b131f6c8acd8025af4bf455298ee14ec9d7aeab2e","worldcup:spain2010:openingdefeat","spain10","yes","yes","yes","yes","Assistant reviewed Which team beat Spain in their opening match of the 2010 World Cup before they won the title? Answer: Switzerland. Arabic asks the same fact with equivalent answer. Evidence: Spain won the 2010 title after losing their opener to Switzerland; their last four victories were all 1-0; Iker Casillas won the Golden Glove. Verified 2026-10-07. Moderate recall of a notable tournament-specific scorer, coach, award, venue or historical milestone."
"084","92a69e9b70523d0f2fc6fd6105d179d4819e648c3453bf1125ff7e789a907fe0","worldcup:klose2014:milestone","klose14","yes","yes","yes","yes","Assistant reviewed How many World Cup goals had Miroslav Klose scored when he broke the record against Brazil in 2014? Answer: 16 goals. Arabic asks the same fact with equivalent answer. Evidence: Germany beat Brazil 7-1 in the 2014 semi-final at Estadio Mineirao. Klose scored his sixteenth World Cup goal to take the all-time scoring record. Verified 2026-10-07. Moderate recall of a notable tournament-specific scorer, coach, award, venue or historical milestone."
"085","3402442c258af3fe22ea0be129160f3e394f88d3b1e762b1e943c81d74a9ec1c","worldcup:mascot1998:name","mascots","yes","yes","yes","yes","Assistant reviewed What was the name of the mascot of the 1998 World Cup in France? Answer: Footix. Arabic asks the same fact with equivalent answer. Evidence: Official mascot names: World Cup Willie 1966; Juanito 1970; Tip and Tap 1974; Gauchito 1978; Naranjito 1982; Pique 1986; Ciao 1990; Footix 1998. Verified 2026-10-07. Moderate recall of a notable tournament-specific scorer, coach, award, venue or historical milestone."
"086","ec070043c6f02979e090978cab91f4f4093ba6e646364649ab264ea6f8beb6de","worldcup:mascot1982:name","mascots","yes","yes","yes","yes","Assistant reviewed What was the name of the mascot of the 1982 World Cup in Spain? Answer: Naranjito. Arabic asks the same fact with equivalent answer. Evidence: Official mascot names: World Cup Willie 1966; Juanito 1970; Tip and Tap 1974; Gauchito 1978; Naranjito 1982; Pique 1986; Ciao 1990; Footix 1998. Verified 2026-10-07. Moderate recall of a notable tournament-specific scorer, coach, award, venue or historical milestone."
"087","e9b55c9700ab9395569a70534438da0a0adc1894ea3c49f3cd432b72170cdc53","worldcup:ball2010:name","balls","yes","yes","yes","yes","Assistant reviewed What was the name of the official ball of the 2010 World Cup in South Africa? Answer: Jabulani. Arabic asks the same fact with equivalent answer. Evidence: Telstar debuted in 1970 with 32 leather panels for visibility on black-and-white television. Tango 1978; Azteca 1986; Etrusco Unico 1990; Questra 1994; Tricolore 1998 first coloured ball; Fevernova 2002; Teamgeist 2006; Jabulani 2010 eight panels; Brazuca 2014 six panels; Telstar18 embedded NFC chip. Verified 2026-10-07. Moderate recall of a notable tournament-specific scorer, coach, award, venue or historical milestone."
"088","b922afa302fa89ae17988974d6937883acad8e2f80e8ebe27b4bccc79b8f41b6","worldcup:ball2014:name","balls","yes","yes","yes","yes","Assistant reviewed What was the name of the official ball of the 2014 World Cup in Brazil? Answer: Brazuca. Arabic asks the same fact with equivalent answer. Evidence: Telstar debuted in 1970 with 32 leather panels for visibility on black-and-white television. Tango 1978; Azteca 1986; Etrusco Unico 1990; Questra 1994; Tricolore 1998 first coloured ball; Fevernova 2002; Teamgeist 2006; Jabulani 2010 eight panels; Brazuca 2014 six panels; Telstar18 embedded NFC chip. Verified 2026-10-07. Moderate recall of a notable tournament-specific scorer, coach, award, venue or historical milestone."
"089","9c5e96b2b7889093c1358a09f76a5b87b20d744a66e6aa0d1da5623c239e71ec","worldcup:fastgoal2002:seconds","fastgoals","yes","yes","yes","yes","Assistant reviewed After how many seconds did Hakan Sukur score his famous goal against Korea Republic at the 2002 World Cup? Answer: 11 seconds. Arabic asks the same fact with equivalent answer. Evidence: Hakan Sukur scored at eleven seconds against Korea Republic in 2002; Vaclav Masek at fifteen seconds in 1962; Bryan Robson at twenty-eight seconds in 1982; Clint Dempsey at thirty seconds in 2014. Verified 2026-10-07. Moderate recall of a notable tournament-specific scorer, coach, award, venue or historical milestone."
"090","7aea909b563cef3b6bb42d9a37c7f4aac3f659bf10ad29eca118c7545b7c5a0f","worldcup:milla1994:age","salenko94","yes","yes","yes","yes","Assistant reviewed How old was Roger Milla when he scored for Cameroon against Russia at the 1994 World Cup? Answer: 42 years old. Arabic asks the same fact with equivalent answer. Evidence: Oleg Salenko scored five times for Russia in a 6-1 win over Cameroon at Stanford in 1994. Roger Milla scored for Cameroon at age forty-two. Verified 2026-10-07. Moderate recall of a notable tournament-specific scorer, coach, award, venue or historical milestone."
"091","1a4191258b3b1fe73dffce38c4cc22fd3cebbf663ffc718b254b1facb70f4146","worldcup:hungary1982:subhat-trick","kiss82","yes","yes","yes","yes","Assistant reviewed Who scored a hat-trick as a substitute for Hungary against El Salvador at the 1982 World Cup? Answer: Laszlo Kiss. Arabic asks the same fact with equivalent answer. Evidence: Laszlo Kiss scored a hat-trick in seven minutes against El Salvador in 1982 after coming on as a substitute. Hungary won 10-1. Verified 2026-10-07. Moderate recall of a notable tournament-specific scorer, coach, award, venue or historical milestone."
"092","ca4c6c081a842850ae68121101fd867525a6a9f5b417298714de087656c2557d","worldcup:cards:inventor","cards","yes","yes","yes","yes","Assistant reviewed Which referee devised yellow and red cards after the 1966 World Cup? Answer: Ken Aston. Arabic asks the same fact with equivalent answer. Evidence: Ken Aston devised yellow and red cards after 1966, inspired by traffic lights. They debuted in 1970. Rudolf Kreitlein dismissed Argentina captain Antonio Rattin in 1966. Aston refereed the Chile-Italy Battle of Santiago in 1962. Verified 2026-10-07. Moderate recall of a notable tournament-specific scorer, coach, award, venue or historical milestone."
"093","875665d393f8c40608ae47ec90393a59193d2b3a9a5684a7b3a95eb8735df015","worldcup:semifinal1982:shootoutteams","shootout82","yes","yes","yes","yes","Assistant reviewed Which two teams contested the first penalty shoot-out in World Cup finals history in 1982? Answer: West Germany and France. Arabic asks the same fact with equivalent answer. Evidence: West Germany and France drew 3-3 in the 1982 semi-final in Seville; Harald Schumacher saved Maxime Bossis's shoot-out kick. Verified 2026-10-07. Moderate recall of a notable tournament-specific scorer, coach, award, venue or historical milestone."
"094","d9e4bc948634d251b77ca1cf239e0af710ed064575299a6ce33413070d8c11e6","worldcup:final1986:winnergoal","final86","yes","yes","yes","yes","Assistant reviewed Who scored Argentina's winning goal in the 1986 World Cup final? Answer: Jorge Burruchaga. Arabic asks the same fact with equivalent answer. Evidence: Jorge Burruchaga scored Argentina's winner in the 3-2 final against West Germany in 1986 at Estadio Azteca. Verified 2026-10-07. Moderate recall of a notable tournament-specific scorer, coach, award, venue or historical milestone."
"095","92dc8a5346bb67a716eeeddcc2ad3d8cfa1f13743b909ef94e4cdb6a2e742f7a","worldcup:final1990:penaltyscorer","final90","yes","yes","yes","yes","Assistant reviewed Who scored the penalty that decided the 1990 World Cup final for West Germany? Answer: Andreas Brehme. Arabic asks the same fact with equivalent answer. Evidence: Andreas Brehme scored the only goal from a penalty in West Germany's 1990 final win over Argentina at Stadio Olimpico in Rome. Verified 2026-10-07. Moderate recall of a notable tournament-specific scorer, coach, award, venue or historical milestone."
"096","22900744fc77fbcb3f5c64e6a31b61ba3dabe061d09257185e793c576069b96c","worldcup:final1998:thirdscorer","petit98","yes","yes","yes","yes","Assistant reviewed Who scored France's third goal in the 1998 World Cup final? Answer: Emmanuel Petit. Arabic asks the same fact with equivalent answer. Evidence: Emmanuel Petit scored France's third goal in the 1998 final, completing a 3-0 victory over Brazil. Verified 2026-10-07. Moderate recall of a notable tournament-specific scorer, coach, award, venue or historical milestone."
"097","07b0d34695c737d9178a95630f9002efcb31c9a459098b229182021a2209cc32","worldcup:final2014:assist","gotze14","yes","yes","yes","yes","Assistant reviewed Who supplied the cross from which Gotze scored in the 2014 World Cup final? Answer: Andre Schurrle. Arabic asks the same fact with equivalent answer. Evidence: Gotze scored the only goal of the 2014 final in extra time from Andre Schurrle's cross, beating Sergio Romero. Final at Maracana. Verified 2026-10-07. Moderate recall of a notable tournament-specific scorer, coach, award, venue or historical milestone."
"098","da716e5cbde96ad32c470bfdd92e887c1db7c1e4fc1ef7028c4150cbcf3c4971","worldcup:morocco2022:quartergoal","morocco22","yes","yes","yes","yes","Assistant reviewed Who scored Morocco's goal against Portugal in the 2022 World Cup quarter-final? Answer: Youssef En-Nesyri. Arabic asks the same fact with equivalent answer. Evidence: Morocco beat Portugal 1-0 in the 2022 quarter-final at Al Thumama Stadium with Youssef En-Nesyri's header. Morocco became Africa's first World Cup semi-finalist. Verified 2026-10-07. Moderate recall of a notable tournament-specific scorer, coach, award, venue or historical milestone."
"099","1e58579b4e9ca4e9c9944eb63db6bae01c6b38757a7c7219f728ca5daaf2aa99","worldcup:belgium2018:stoppagewinner","chadli18","yes","yes","yes","yes","Assistant reviewed Who scored Belgium's stoppage-time winner against Japan at the 2018 World Cup? Answer: Nacer Chadli. Arabic asks the same fact with equivalent answer. Evidence: Belgium overturned a two-goal deficit to beat Japan 3-2 in the 2018 round of 16; Nacer Chadli scored the stoppage-time winner. Verified 2026-10-07. Moderate recall of a notable tournament-specific scorer, coach, award, venue or historical milestone."
"100","28366dee78391c328547e4995aad19a62ab8a7a8966c421fb01a63e5679bcdf6","worldcup:ghana2010:penaltymiss","ghana10","yes","yes","yes","yes","Assistant reviewed Who missed Ghana's penalty at the end of extra time against Uruguay at the 2010 World Cup? Answer: Asamoah Gyan. Arabic asks the same fact with equivalent answer. Evidence: Luis Suarez was sent off for handling on the goal line at the end of extra time; Asamoah Gyan missed the subsequent penalty in the 2010 quarter-final. Verified 2026-10-07. Moderate recall of a notable tournament-specific scorer, coach, award, venue or historical milestone."
"101","ff107f1243f0cd8207e45981e73450ebbf3c0eabe7a1164cebb688d80a853600","worldcup:final1962:opponent","final62","yes","yes","yes","yes","Assistant reviewed Which team faced Brazil in the 1962 World Cup final? Answer: Czechoslovakia. Arabic asks the same fact with equivalent answer. Evidence: Brazil beat Czechoslovakia 3-1 at Estadio Nacional in Santiago in 1962. Masopust opened the scoring; Amarildo, Zito and Vava scored Brazil's goals. Verified 2026-10-07. Moderate recall of a notable tournament-specific scorer, coach, award, venue or historical milestone."
"102","89f12332d673200babb817ed9831bb2be39db6354984d2b4bf20b9c9249b1d6f","worldcup:senegal2002:openinggoal","senegal02","yes","yes","yes","yes","Assistant reviewed Who scored Senegal's goal in their win over France in the opening match of the 2002 World Cup? Answer: Papa Bouba Diop. Arabic asks the same fact with equivalent answer. Evidence: Senegal beat defending world and European champions France in the opening match of the 2002 World Cup; Papa Bouba Diop scored the winner. Verified 2026-10-07. Moderate recall of a notable tournament-specific scorer, coach, award, venue or historical milestone."
"103","ecc4260fd64738b4baa6a073002f455c1f146bfb2d935a12595cd1c5658466b7","womensworldcup:final1999:decisivekick","women99","yes","yes","yes","yes","Assistant reviewed Who scored the decisive shoot-out kick for the United States in the 1999 Women's World Cup final? Answer: Brandi Chastain. Arabic asks the same fact with equivalent answer. Evidence: Brandi Chastain scored the decisive shoot-out kick against China in the 1999 Women's World Cup final at Rose Bowl, Pasadena. Attendance 90,185. Verified 2026-10-07. Moderate recall of a notable tournament-specific scorer, coach, award, venue or historical milestone."
"104","05eb77cbf80995dfb95805239fe87d81e6626ba2a9e209502fb776730f5ce9d6","womensworldcup:final2015:hat-trick","women15","yes","yes","yes","yes","Assistant reviewed Who scored a hat-trick for the United States in the 2015 Women's World Cup final? Answer: Carli Lloyd. Arabic asks the same fact with equivalent answer. Evidence: Carli Lloyd scored a hat-trick in the 2015 Women's World Cup final against Japan, including a shot from halfway. She won the tournament's Golden Ball. Verified 2026-10-07. Moderate recall of a notable tournament-specific scorer, coach, award, venue or historical milestone."
"105","27a931bc27899904dff21b6b36c284dfaed46eb92060f4d5b2afc11435a7414f","womensworldcup:final2023:scorer","women23","yes","yes","yes","yes","Assistant reviewed Who scored Spain's goal in the 2023 Women's World Cup final? Answer: Olga Carmona. Arabic asks the same fact with equivalent answer. Evidence: Spain won the 2023 Women's World Cup final 1-0 against England at Stadium Australia; Olga Carmona scored. Verified 2026-10-07. Moderate recall of a notable tournament-specific scorer, coach, award, venue or historical milestone."
"106","6b6b91fd2bcfac382a2c921b6dbcd6b126c9aef5cc13e6258714994e1152cb5d","womensworldcup:final1995:champion","women95","yes","yes","yes","yes","Assistant reviewed Which Scandinavian team won the 1995 Women's World Cup? Answer: Norway. Arabic asks the same fact with equivalent answer. Evidence: Norway won the 1995 Women's World Cup in Sweden; Hege Riise scored the final's opening goal. Verified 2026-10-07. Moderate recall of a notable tournament-specific scorer, coach, award, venue or historical milestone."
"107","3c7c9d63e79213bd0c2b05c805c5322362a14b27c063d8b85194d378845e224b","worldcup:argentina1998:latewinner","bergkamp98","yes","yes","yes","yes","Assistant reviewed Who scored the Netherlands' late winner against Argentina at the 1998 World Cup? Answer: Dennis Bergkamp. Arabic asks the same fact with equivalent answer. Evidence: Bergkamp scored the late winning goal for the Netherlands against Argentina in 1998. Verified 2026-10-07. Moderate recall of a notable tournament-specific scorer, coach, award, venue or historical milestone."
"108","7c0ffbb71a26c6dbc30fc65b1a19b95a475af8c691574255669e12edc955e3a8","worldcup:mexico2006:volleywinner","maxi06","yes","yes","yes","yes","Assistant reviewed Who scored Argentina's extra-time volley against Mexico at the 2006 World Cup? Answer: Maxi Rodriguez. Arabic asks the same fact with equivalent answer. Evidence: Maxi Rodriguez scored an extra-time volley against Mexico in the 2006 round of 16. Verified 2026-10-07. Moderate recall of a notable tournament-specific scorer, coach, award, venue or historical milestone."
"109","faced63351421d409da853f7a8af6b679d4b57711eb6520faee5a84b875fbd84","worldcup:germany1994:eliminator","letchkov94","yes","yes","yes","yes","Assistant reviewed Which team eliminated defending champions Germany in the 1994 World Cup quarter-final? Answer: Bulgaria. Arabic asks the same fact with equivalent answer. Evidence: Hristo Stoichkov and Yordan Letchkov scored in Bulgaria's 1994 quarter-final victory over Germany; Letchkov's header was the winner. Verified 2026-10-07. Moderate recall of a notable tournament-specific scorer, coach, award, venue or historical milestone."
"110","05e46cb8430dc18ccecbb4696250b8b2969bfa8ec3ff61e77b49c24c5e2fa0ff","worldcup:serbia2006:teamgoal","cambiasso06","yes","yes","yes","yes","Assistant reviewed Who finished Argentina's famous team move with a goal against Serbia and Montenegro at the 2006 World Cup? Answer: Esteban Cambiasso. Arabic asks the same fact with equivalent answer. Evidence: Esteban Cambiasso finished Argentina's celebrated team move in a 6-0 victory over Serbia and Montenegro in Gelsenkirchen in 2006. Verified 2026-10-07. Moderate recall of a notable tournament-specific scorer, coach, award, venue or historical milestone."
"111","270a6784532fef19056165ea3f0d3e33bbeaaa8ceef5b5ba8d11df860bc16126","worldcup:morocco1986:firstknockouts","morocco86","yes","yes","yes","yes","Assistant reviewed At which World Cup did Morocco become the first African team to progress beyond the group stage? Answer: Mexico 1986. Arabic asks the same fact with equivalent answer. Evidence: Morocco became the first African side to reach the knockout stage in 1986 after beating Portugal 3-1. Egypt was the first African country to qualify for the World Cup. Verified 2026-10-07. Moderate recall of a notable tournament-specific scorer, coach, award, venue or historical milestone."
"112","7241e73127b942e1c1988b0e2e1d686d90ad8cdb13670e2601e0dc58680bf80b","worldcup:korea2002:goldengoal","ahn02","yes","yes","yes","yes","Assistant reviewed Who scored Korea Republic's golden goal that eliminated Italy at the 2002 World Cup? Answer: Ahn Jung-hwan. Arabic asks the same fact with equivalent answer. Evidence: Ahn Jung-hwan scored the golden goal in the 2002 round of 16 at Daejeon; Seol Ki-hyeon equalised and Christian Vieri scored Italy's goal. Verified 2026-10-07. Moderate recall of a notable tournament-specific scorer, coach, award, venue or historical milestone."
"113","9cfdda47f76b647bdfc7a6cd178be3dcef5af71a070d9546167eda6f7dc87f95","worldcup:netherlands2014:keeperchange","krul14","yes","yes","yes","yes","Assistant reviewed Which Dutch goalkeeper came on specifically for the shoot-out against Costa Rica at the 2014 World Cup? Answer: Tim Krul. Arabic asks the same fact with equivalent answer. Evidence: Tim Krul came on as substitute goalkeeper in the 2014 quarter-final against Costa Rica and helped Netherlands win the shoot-out. Verified 2026-10-07. Moderate recall of a notable tournament-specific scorer, coach, award, venue or historical milestone."
"114","272e16c2b74ea10e87699163eca30bb8f6848376f3eba86010d8d6583a447946","worldcup:france1998:goldengoal","blanc98","yes","yes","yes","yes","Assistant reviewed Who scored the first golden goal in men's World Cup history, against Paraguay in 1998? Answer: Laurent Blanc. Arabic asks the same fact with equivalent answer. Evidence: Laurent Blanc scored the first World Cup golden goal against Paraguay in 1998. Aime Jacquet coached champion France. Verified 2026-10-07. Moderate recall of a notable tournament-specific scorer, coach, award, venue or historical milestone."
"115","6017130ce7c203c2b73352128b97664605867d553cf234e2bd45ec62cda3a7b2","worldcup:awards1986:goldenboot","lineker86","yes","yes","yes","yes","Assistant reviewed Who won the Golden Boot at the 1986 World Cup? Answer: Gary Lineker. Arabic asks the same fact with equivalent answer. Evidence: Gary Lineker won the 1986 Golden Boot; his first World Cup goals came in a hat-trick against Poland. Verified 2026-10-07. Moderate recall of a notable tournament-specific scorer, coach, award, venue or historical milestone."
"116","5e54a765599f8c075983599d931cc8516fce8f91955027a0df6804de63075e47","worldcup:awards1990:doubleaward","schillaci90","yes","yes","yes","yes","Assistant reviewed Which Italian player won both the Golden Ball and Golden Boot at the 1990 World Cup? Answer: Salvatore Schillaci. Arabic asks the same fact with equivalent answer. Evidence: Salvatore Schillaci won both Golden Ball and Golden Boot at Italy 1990. Verified 2026-10-07. Moderate recall of a notable tournament-specific scorer, coach, award, venue or historical milestone."
"117","9b8f1069fec36e85bee37584441c2d1dfdf0ae1eaba7efbac6e8763315581e03","worldcup:trophy:designer","gazzaniga","yes","yes","yes","yes","Assistant reviewed Which Italian sculptor designed the World Cup trophy used since 1974? Answer: Silvio Gazzaniga. Arabic asks the same fact with equivalent answer. Evidence: Silvio Gazzaniga designed the World Cup trophy; its base has two bands of green malachite. Verified 2026-10-07. Moderate recall of a notable tournament-specific scorer, coach, award, venue or historical milestone."
"118","f5084232aea9556b3b8eb13d88de7bd325495e5a6b42d1ec7d989aaeb1e9b57a","worldcup:awards2006:goldenboot","klose06","yes","yes","yes","yes","Assistant reviewed Who won the Golden Boot at the 2006 World Cup? Answer: Miroslav Klose. Arabic asks the same fact with equivalent answer. Evidence: Italy won the 2006 World Cup; host Germany finished third and Miroslav Klose won the Golden Boot. Verified 2026-10-07. Moderate recall of a notable tournament-specific scorer, coach, award, venue or historical milestone."
"119","a3362d1b381fd9289c38dbfcd344258ddb7c658d875209757758f585d040332a","worldcup:algeria1982:winninggoal","algeria82","yes","yes","yes","yes","Assistant reviewed Who scored Algeria's winning goal against West Germany at the 1982 World Cup? Answer: Lakhdar Belloumi. Arabic asks the same fact with equivalent answer. Evidence: Algeria defeated West Germany 2-1 in 1982 with goals by Rabah Madjer and Lakhdar Belloumi. Verified 2026-10-07. Moderate recall of a notable tournament-specific scorer, coach, award, venue or historical milestone."
"120","b43f038dbc266237968ed284e2ffb781a1e1c1d806d54ac71bac608e85faa18c","worldcup:brazil2010:dutchbrace","sneijder10","yes","yes","yes","yes","Assistant reviewed Who scored both Netherlands goals in their quarter-final win over Brazil at the 2010 World Cup? Answer: Wesley Sneijder. Arabic asks the same fact with equivalent answer. Evidence: Netherlands beat Brazil 2-1 in the 2010 quarter-final; Sneijder scored twice and Robinho scored Brazil's goal. Verified 2026-10-07. Moderate recall of a notable tournament-specific scorer, coach, award, venue or historical milestone."
"121","5a5ba245c71bb450327731a9290ea42ad56c5defddac33e565a8988b7586b007","worldcup:spain2018:russiakeeper","russia18","yes","yes","yes","yes","Assistant reviewed Which Russia goalkeeper saved Iago Aspas's decisive penalty at the 2018 World Cup? Answer: Igor Akinfeev. Arabic asks the same fact with equivalent answer. Evidence: Igor Akinfeev saved Iago Aspas's penalty to take Russia past Spain in the 2018 round of 16. Verified 2026-10-07. Moderate recall of a notable tournament-specific scorer, coach, award, venue or historical milestone."
"122","76ff80b382b7f096d6d107d005e2967468543209ef0c75ce7f40f1b0f9160fe8","worldcup:germany2018:secondkoreangoal","korea18","yes","yes","yes","yes","Assistant reviewed Who scored Korea Republic's second goal into Germany's empty net at the 2018 World Cup? Answer: Son Heung-min. Arabic asks the same fact with equivalent answer. Evidence: Korea Republic beat Germany 2-0 in Kazan in 2018; Kim Young-gwon and Son Heung-min scored. Neither team progressed from Group F. Verified 2026-10-07. Moderate recall of a notable tournament-specific scorer, coach, award, venue or historical milestone."
"123","d8c19e618d5d6fd2faac7201549bef995f762b4417a4a5d08009aa680fb44deb","worldcup:algeria2014:germanopener","algeria14","yes","yes","yes","yes","Assistant reviewed Who opened the scoring for Germany in extra time against Algeria at the 2014 World Cup? Answer: Andre Schurrle. Arabic asks the same fact with equivalent answer. Evidence: Germany beat Algeria 2-1 after extra time in the 2014 round of 16. Andre Schurrle and Mesut Ozil scored for Germany; Abdelmoumene Djabou for Algeria. Verified 2026-10-07. Moderate recall of a notable tournament-specific scorer, coach, award, venue or historical milestone."
"124","3d8c0ba228d0d0cf16995bd5ccaabfbaac952782263151b57d17a1a30aac5a0c","worldcup:final1974:winnergoal","final74","yes","yes","yes","yes","Assistant reviewed Who scored West Germany's winning goal in the 1974 World Cup final? Answer: Gerd Muller. Arabic asks the same fact with equivalent answer. Evidence: Johan Neeskens opened the final with a penalty; Paul Breitner equalised with a penalty; Gerd Muller scored the winner before half-time. Helmut Schon coached West Germany. Verified 2026-10-07. Moderate recall of a notable tournament-specific scorer, coach, award, venue or historical milestone."
"125","88d705ff84a859b591a3e0e98c3b075bd13e72ba96a0c80fd94adf07029fe163","worldcup:awards2010:goldenglove","spain10","yes","yes","yes","yes","Assistant reviewed Which Spanish goalkeeper received the Golden Glove at South Africa 2010? Answer: Iker Casillas. Arabic asks the same fact with equivalent answer. Evidence: Spain won the 2010 title after losing their opener to Switzerland; their last four victories were all 1-0; Iker Casillas won the Golden Glove. Verified 2026-10-07. Moderate recall of a notable tournament-specific scorer, coach, award, venue or historical milestone."
"126","8e187a75889c1cc21d737868431b578d5c4199a4f67a08854c6cdcd6ab9ee31d","worldcup:awards2022:goldenglove","awards22","yes","yes","yes","yes","Assistant reviewed Which Argentina goalkeeper received Qatar 2022's Golden Glove? Answer: Emiliano Martinez. Arabic asks the same fact with equivalent answer. Evidence: Messi won the Golden Ball, Mbappe the Golden Boot, Emiliano Martinez the Golden Glove, Enzo Fernandez the Young Player award and England the Fair Play award. Verified 2026-10-07. Moderate recall of a notable tournament-specific scorer, coach, award, venue or historical milestone."
"127","a9ca9bc6495a6060b0ba5a0c9783b209eb9b58c7880ad2388419e323b3e2ed35","worldcup:format2022:teamcount","teamcounts","yes","yes","yes","yes","Assistant reviewed How many teams competed at the 2022 World Cup? Answer: 32 teams. Arabic asks the same fact with equivalent answer. Evidence: 1930 thirteen teams; 1982 twenty-four; 1998 through 2022 thirty-two. Hosts include USA1994, France1998, Germany2006 and Brazil2014. Verified 2026-10-07. Moderate recall of a notable tournament-specific scorer, coach, award, venue or historical milestone."
"128","96e82881bbf1ee400086b80fadc137f3f61f8ab2a3bd3227ef393c373793a4b2","worldcup:format1930:teamcount","teamcounts","yes","yes","yes","yes","Assistant reviewed How many teams competed at the first World Cup in 1930? Answer: 13 teams. Arabic asks the same fact with equivalent answer. Evidence: 1930 thirteen teams; 1982 twenty-four; 1998 through 2022 thirty-two. Hosts include USA1994, France1998, Germany2006 and Brazil2014. Verified 2026-10-07. Moderate recall of a notable tournament-specific scorer, coach, award, venue or historical milestone."
"129","aec2d6a04b7644a8b0aa89fd7a48a169152d9e6f51e6718123d2c7d5900e48bf","worldcup:france2018:coach","championsmodern","yes","yes","yes","yes","Assistant reviewed Who coached France to the 2018 World Cup title? Answer: Didier Deschamps. Arabic asks the same fact with equivalent answer. Evidence: Italy won2006 under Marcello Lippi; Germany won2014 under Joachim Low; France won2018 under Didier Deschamps. Only historical editions through2022 used. Verified 2026-10-07. Moderate recall of a notable tournament-specific scorer, coach, award, venue or historical milestone."
"130","d54f86aba9723ca74d237f134ad2ab85e154f296982875d71792b4f8dfe36d03","worldcup:italy2006:coach","championsmodern","yes","yes","yes","yes","Assistant reviewed Who coached Italy to the 2006 World Cup title? Answer: Marcello Lippi. Arabic asks the same fact with equivalent answer. Evidence: Italy won2006 under Marcello Lippi; Germany won2014 under Joachim Low; France won2018 under Didier Deschamps. Only historical editions through2022 used. Verified 2026-10-07. Moderate recall of a notable tournament-specific scorer, coach, award, venue or historical milestone."
"131","84cc75ce10663dc269c0867b969ac7501d6b26d783fa9bed58c2e1217d1adada","worldcup:spain2010:coach","delbosque","yes","yes","yes","yes","Assistant reviewed Who coached Spain when they won the 2010 World Cup? Answer: Vicente del Bosque. Arabic asks the same fact with equivalent answer. Evidence: Vicente del Bosque coached Spain to the 2010 title. Verified 2026-10-07. Moderate recall of a notable tournament-specific scorer, coach, award, venue or historical milestone."
"132","d0375db79f128d0803e7f56262ca25c55f5381b7c64a7601f2f985da68ba88d4","worldcup:germany2014:coach","championsmodern","yes","yes","yes","yes","Assistant reviewed Who coached Germany to the 2014 World Cup title? Answer: Joachim Low. Arabic asks the same fact with equivalent answer. Evidence: Italy won2006 under Marcello Lippi; Germany won2014 under Joachim Low; France won2018 under Didier Deschamps. Only historical editions through2022 used. Verified 2026-10-07. Moderate recall of a notable tournament-specific scorer, coach, award, venue or historical milestone."
"133","51e1efa5bd1ab60e7e91bf0738b0e457485b118ba35477ba2f32b2e5bd5707b5","worldcup:uruguay1930:captain","uruguay30","yes","yes","yes","yes","Assistant reviewed Who captained Uruguay to victory at the first World Cup in 1930? Answer: Jose Nasazzi. Arabic asks the same fact with equivalent answer. Evidence: Uruguay beat Argentina 4-2 in the 1930 final at Estadio Centenario, Montevideo. Uruguay goals Dorado, Cea, Iriarte, Castro; Argentina goals Peucelle and Stabile. Verified 2026-10-07. Moderate recall of a notable tournament-specific scorer, coach, award, venue or historical milestone."
"134","03aeb96a15b11ed30c3a8a2f086c00cbe7c1ed41b932da437243d08f00895080","worldcup:italy1982:fortyyearold","zoff82","yes","yes","yes","yes","Assistant reviewed Which Italy goalkeeper won the 1982 World Cup at the age of forty? Answer: Dino Zoff. Arabic asks the same fact with equivalent answer. Evidence: Dino Zoff was forty when he won the 1982 World Cup with Italy. Verified 2026-10-07. Moderate recall of a notable tournament-specific scorer, coach, award, venue or historical milestone."
"135","a6c3adefe6054d0d83498ad6c9037ce035b93e92ef77aeb2481817cd76aece77","worldcup:trophy:honoree","rimettrophy","yes","yes","yes","yes","Assistant reviewed After which FIFA president was the original World Cup trophy named? Answer: Jules Rimet. Arabic asks the same fact with equivalent answer. Evidence: The original World Cup trophy was renamed in honour of Jules Rimet in1946. Verified 2026-10-07. Moderate recall of a notable tournament-specific scorer, coach, award, venue or historical milestone."
"136","2f11e00e0ed5955cc6298676cae0eae9179b5e49ef1aa15ba6612fa22b7bfb51","worldcup:opening2010:scorer","tshabalala10","yes","yes","yes","yes","Assistant reviewed Who scored the opening goal of the 2010 World Cup for South Africa against Mexico? Answer: Siphiwe Tshabalala. Arabic asks the same fact with equivalent answer. Evidence: South Africa was the first African host; Siphiwe Tshabalala scored the tournament's opening goal against Mexico. Verified 2026-10-07. Moderate recall of a notable tournament-specific scorer, coach, award, venue or historical milestone."
"137","d7982b61794bd0f7af28ead53e69b57621a16ebe5302d0e536df06e56b4e62bb","worldcup:laurent1930:assist","laurent","yes","yes","yes","yes","Assistant reviewed Who supplied the cross from which Lucien Laurent scored the first World Cup goal? Answer: Ernest Liberati. Arabic asks the same fact with equivalent answer. Evidence: France's Lucien Laurent scored the first World Cup goal against Mexico on 13 July 1930 in Montevideo; France won 4-1; Ernest Liberati supplied the cross. Verified 2026-10-07. Specialist recall of a less prominent contributor, precise historical incident, technical detail or older tournament role."
"138","fcfa5e603325db16b909a63e7c90697fd17d1e4d306b18f6fe03cbb6848f8067","worldcup:trophy1966:owner","pickles","yes","yes","yes","yes","Assistant reviewed What was the name of Pickles' owner, who recovered the stolen World Cup trophy in 1966? Answer: David Corbett. Arabic asks the same fact with equivalent answer. Evidence: The trophy was stolen in London on 20 March 1966 from a stamp exhibition at Methodist Central Hall, Westminster. Pickles and owner David Corbett recovered it wrapped in newspaper one week later. Verified 2026-10-07. Specialist recall of a less prominent contributor, precise historical incident, technical detail or older tournament role."
"139","e35ff4226c91768a2b62125a2112911c349741c17bdcd0edda03f4ccb253926e","worldcup:trophy1966:exhibitiontype","pickles","yes","yes","yes","yes","Assistant reviewed At an exhibition for which hobby was the World Cup trophy stolen in London in 1966? Answer: Stamp collecting. Arabic asks the same fact with equivalent answer. Evidence: The trophy was stolen in London on 20 March 1966 from a stamp exhibition at Methodist Central Hall, Westminster. Pickles and owner David Corbett recovered it wrapped in newspaper one week later. Verified 2026-10-07. Specialist recall of a less prominent contributor, precise historical incident, technical detail or older tournament role."
"140","53eef4ec72250abfb4bc11ae1631bc71810d1d4a33ea629bbc5ce7b19374f65c","worldcup:italy1938:finalopponent","italy38","yes","yes","yes","yes","Assistant reviewed Which team lost 4–2 to Italy in the 1938 World Cup final? Answer: Hungary. Arabic asks the same fact with equivalent answer. Evidence: Italy defeated Hungary 4-2 in the 1938 final, with Gino Colaussi and Silvio Piola scoring two goals each. France hosted the tournament. Verified 2026-10-07. Specialist recall of a less prominent contributor, precise historical incident, technical detail or older tournament role."
"141","7db74e63a6b9453004f7d1d9265b6ea04e1356c420e1d4c1297fc6ed57a5d9b3","worldcup:maracanazo1950:equaliser","maracanazo","yes","yes","yes","yes","Assistant reviewed Who equalised for Uruguay before Ghiggia's goal in the decisive match of the 1950 World Cup? Answer: Juan Alberto Schiaffino. Arabic asks the same fact with equivalent answer. Evidence: Uruguay beat Brazil 2-1 at the Maracana on 16 July 1950. Juan Alberto Schiaffino and Alcides Ghiggia scored Uruguay's goals; Brazil needed only a draw. Verified 2026-10-07. Specialist recall of a less prominent contributor, precise historical incident, technical detail or older tournament role."
"142","6b69cd01fc23e85c5825ea7658adb050dfb32c4f131cc2fcc4ff2ce3c0ef8ba0","worldcup:lausanne1954:city","lausanne","yes","yes","yes","yes","Assistant reviewed In which city was Austria's 7–5 win over Switzerland at the 1954 World Cup played? Answer: Lausanne. Arabic asks the same fact with equivalent answer. Evidence: Austria beat Switzerland 7-5 on 26 June 1954 in the quarter-finals in Lausanne. The match contained twelve goals. Verified 2026-10-07. Specialist recall of a less prominent contributor, precise historical incident, technical detail or older tournament role."
"143","5ec7efb82683351ba9c8b79a16f667b952101a21417bff17f3af576b625b171d","worldcup:final1970:italianscorer","final70","yes","yes","yes","yes","Assistant reviewed Who scored Italy's only goal in the 1970 World Cup final? Answer: Roberto Boninsegna. Arabic asks the same fact with equivalent answer. Evidence: Brazil beat Italy 4-1 at Estadio Azteca. Brazil's scorers were Pele, Gerson, Jairzinho and Carlos Alberto; Roberto Boninsegna scored for Italy. Brazil earned permanent possession of the Jules Rimet Trophy. Verified 2026-10-07. Specialist recall of a less prominent contributor, precise historical incident, technical detail or older tournament role."
"144","a3c1980ab7411554c73fc587d7e3cc27d94829cdc9723fdc8a38a812f159c565","worldcup:final1974:equaliser","final74","yes","yes","yes","yes","Assistant reviewed Who scored West Germany's equaliser from a penalty in the 1974 World Cup final? Answer: Paul Breitner. Arabic asks the same fact with equivalent answer. Evidence: Johan Neeskens opened the final with a penalty; Paul Breitner equalised with a penalty; Gerd Muller scored the winner before half-time. Helmut Schon coached West Germany. Verified 2026-10-07. Specialist recall of a less prominent contributor, precise historical incident, technical detail or older tournament role."
"145","db29c266741e9b4798305164077821be50141c37d93fcf9c2da1d1f146568aa3","worldcup:final1974:openingpenalty","final74","yes","yes","yes","yes","Assistant reviewed Who scored the penalty that gave the Netherlands an early lead in the 1974 World Cup final? Answer: Johan Neeskens. Arabic asks the same fact with equivalent answer. Evidence: Johan Neeskens opened the final with a penalty; Paul Breitner equalised with a penalty; Gerd Muller scored the winner before half-time. Helmut Schon coached West Germany. Verified 2026-10-07. Specialist recall of a less prominent contributor, precise historical incident, technical detail or older tournament role."
"146","427ebd14f7d881878d8580b89bd8b5e49252c4684ab449bfe272bbe135a00219","worldcup:semifinal2006:secondscorer","semi06","yes","yes","yes","yes","Assistant reviewed Who scored Italy's second goal against Germany at the end of extra time in the 2006 World Cup semi-final? Answer: Alessandro Del Piero. Arabic asks the same fact with equivalent answer. Evidence: Italy beat Germany 2-0 in the 2006 semi-final at Dortmund with late extra-time goals by Fabio Grosso and Alessandro Del Piero. Verified 2026-10-07. Specialist recall of a less prominent contributor, precise historical incident, technical detail or older tournament role."
"147","5e7edd7275480da2a24b130fbd15ffcb46aca3dccea58fb6e113e25f22e74454","worldcup:final2006:francekeeper","grosso06","yes","yes","yes","yes","Assistant reviewed Who was France's goalkeeper facing Fabio Grosso's decisive kick in the 2006 World Cup final? Answer: Fabien Barthez. Arabic asks the same fact with equivalent answer. Evidence: Fabio Grosso scored the winning shoot-out kick against France in the 2006 final; Fabien Barthez was France's goalkeeper. Verified 2026-10-07. Specialist recall of a less prominent contributor, precise historical incident, technical detail or older tournament role."
"148","9e7b67af5b9caad6d4f89c6dd992031fcf909485765734f66671172a74616459","worldcup:final2010:tributeperson","iniesta10","yes","yes","yes","yes","Assistant reviewed To whom did Iniesta dedicate his goal in the 2010 World Cup final with a message on his undershirt? Answer: Dani Jarque. Arabic asks the same fact with equivalent answer. Evidence: Andres Iniesta scored the winning goal against the Netherlands in the 2010 final and paid tribute to Dani Jarque. Verified 2026-10-07. Specialist recall of a less prominent contributor, precise historical incident, technical detail or older tournament role."
"149","a85df58efe386e710c6e7673683a5557ef5a438ef387248269f6bdbffbc79d4f","worldcup:awards2018:goldenglove","awards18","yes","yes","yes","yes","Assistant reviewed Who won the Golden Glove as the best goalkeeper at the 2018 World Cup? Answer: Thibaut Courtois. Arabic asks the same fact with equivalent answer. Evidence: Luka Modric won the Golden Ball; Thibaut Courtois the Golden Glove; Harry Kane the Golden Boot; Kylian Mbappe the Young Player award in 2018. Verified 2026-10-07. Specialist recall of a less prominent contributor, precise historical incident, technical detail or older tournament role."
"150","f2796fc74867468ec1014d79a95822a98ca303a6886a78a9e34c9411bc0859ee","worldcup:awards2022:fairplay","awards22","yes","yes","yes","yes","Assistant reviewed Which team won the Fair Play Award at the 2022 World Cup? Answer: England. Arabic asks the same fact with equivalent answer. Evidence: Messi won the Golden Ball, Mbappe the Golden Boot, Emiliano Martinez the Golden Glove, Enzo Fernandez the Young Player award and England the Fair Play award. Verified 2026-10-07. Specialist recall of a less prominent contributor, precise historical incident, technical detail or older tournament role."
"151","12c756fe80b4eedc889f6936d5b7295ea1708ba5341cb2cae835af5b26e911a7","worldcup:final2022:savedfrenchkick","shootout22","yes","yes","yes","yes","Assistant reviewed Which French player's kick did Emiliano Martinez save in the 2022 World Cup final shoot-out? Answer: Kingsley Coman. Arabic asks the same fact with equivalent answer. Evidence: In the 2022 final shoot-out Coman's kick was saved and Tchouameni missed; Argentina won. Verified 2026-10-07. Specialist recall of a less prominent contributor, precise historical incident, technical detail or older tournament role."
"152","7c61d4b9fbd1d930e703cc7fd4b38839e08fad018cf995e552a21e286bdca4c0","worldcup:portugal1966:fifthscorer","eusebio66","yes","yes","yes","yes","Assistant reviewed Who scored Portugal's fifth goal against Korea DPR in the 1966 World Cup quarter-final? Answer: Jose Augusto. Arabic asks the same fact with equivalent answer. Evidence: Portugal overturned a 3-0 deficit to win 5-3 at Goodison Park in the 1966 quarter-final. Eusebio scored four goals, two penalties; Jose Augusto scored Portugal's fifth. Verified 2026-10-07. Specialist recall of a less prominent contributor, precise historical incident, technical detail or older tournament role."
"153","c7f2b62f2cd2805e0c25b90f9552a9f9262e8e7112ed01f0bfcd92e3203ec5ee","worldcup:croatia1998:openinggoal","thuram98","yes","yes","yes","yes","Assistant reviewed Who scored Croatia's opening goal against France in the 1998 World Cup semi-final? Answer: Davor Suker. Arabic asks the same fact with equivalent answer. Evidence: France beat Croatia 2-1 in the 8 July 1998 semi-final at Stade de France. Lilian Thuram scored both France goals; Davor Suker scored Croatia's goal. Verified 2026-10-07. Specialist recall of a less prominent contributor, precise historical incident, technical detail or older tournament role."
"154","58d66c1389f0fb982443e0ced03cf1b7b50df6eba9990a501f459c1d047da2d4","worldcup:nigeria1994:italyhero","baggio94","yes","yes","yes","yes","Assistant reviewed Who scored both Italy goals in their comeback against Nigeria in the round of 16 at the 1994 World Cup? Answer: Roberto Baggio. Arabic asks the same fact with equivalent answer. Evidence: Italy eliminated Nigeria in the round of 16 after extra time with Baggio scoring both Italian goals; Baggio scored the quarter-final winner against Spain and twice against Bulgaria in the semi-final. Verified 2026-10-07. Specialist recall of a less prominent contributor, precise historical incident, technical detail or older tournament role."
"155","6c7fcdad754fa934954539959d7d2ff884c32e9a552b9f8bf645ca0bbef66df2","worldcup:portugal1966:venue","eusebio66","yes","yes","yes","yes","Assistant reviewed At which stadium did Portugal recover from 0–3 against Korea DPR at the 1966 World Cup? Answer: Goodison Park. Arabic asks the same fact with equivalent answer. Evidence: Portugal overturned a 3-0 deficit to win 5-3 at Goodison Park in the 1966 quarter-final. Eusebio scored four goals, two penalties; Jose Augusto scored Portugal's fifth. Verified 2026-10-07. Specialist recall of a less prominent contributor, precise historical incident, technical detail or older tournament role."
"156","f835cefc9ad49695f2ca0ba3d68fe83d4fb138e40e95eaa961876625be74eb09","worldcup:mascot1974:names","mascots","yes","yes","yes","yes","Assistant reviewed What were the names of the two mascots of the 1974 World Cup in West Germany? Answer: Tip and Tap. Arabic asks the same fact with equivalent answer. Evidence: Official mascot names: World Cup Willie 1966; Juanito 1970; Tip and Tap 1974; Gauchito 1978; Naranjito 1982; Pique 1986; Ciao 1990; Footix 1998. Verified 2026-10-07. Specialist recall of a less prominent contributor, precise historical incident, technical detail or older tournament role."
"157","abb47e015dcdcaecd3bc176616a0bb67ef3c0a51c898b83f0c92fffef1c72efa","worldcup:mascot1990:name","mascots","yes","yes","yes","yes","Assistant reviewed What was the name of the mascot of the 1990 World Cup in Italy? Answer: Ciao. Arabic asks the same fact with equivalent answer. Evidence: Official mascot names: World Cup Willie 1966; Juanito 1970; Tip and Tap 1974; Gauchito 1978; Naranjito 1982; Pique 1986; Ciao 1990; Footix 1998. Verified 2026-10-07. Specialist recall of a less prominent contributor, precise historical incident, technical detail or older tournament role."
"158","acd7fc293f88cf7f77e4e7313b5fd7c8627fd161435f21c4463f9bbe1e4fb007","worldcup:ball1994:name","balls","yes","yes","yes","yes","Assistant reviewed What was the name of the official ball of the 1994 World Cup in the United States? Answer: Questra. Arabic asks the same fact with equivalent answer. Evidence: Telstar debuted in 1970 with 32 leather panels for visibility on black-and-white television. Tango 1978; Azteca 1986; Etrusco Unico 1990; Questra 1994; Tricolore 1998 first coloured ball; Fevernova 2002; Teamgeist 2006; Jabulani 2010 eight panels; Brazuca 2014 six panels; Telstar18 embedded NFC chip. Verified 2026-10-07. Specialist recall of a less prominent contributor, precise historical incident, technical detail or older tournament role."
"159","c93f3681d9cfc9cce856c5fec07a4fa6ff9c02202e2969af6003ae9cdd0d6ecc","worldcup:ball2002:name","balls","yes","yes","yes","yes","Assistant reviewed What was the name of the official ball of the 2002 World Cup in Korea Republic and Japan? Answer: Fevernova. Arabic asks the same fact with equivalent answer. Evidence: Telstar debuted in 1970 with 32 leather panels for visibility on black-and-white television. Tango 1978; Azteca 1986; Etrusco Unico 1990; Questra 1994; Tricolore 1998 first coloured ball; Fevernova 2002; Teamgeist 2006; Jabulani 2010 eight panels; Brazuca 2014 six panels; Telstar18 embedded NFC chip. Verified 2026-10-07. Specialist recall of a less prominent contributor, precise historical incident, technical detail or older tournament role."
"160","bdc2d35d8e994fb8e769f2e87147c774e5eb097869cd81a05c3e7c6f743fe3fa","worldcup:ball1970:panels","balls","yes","yes","yes","yes","Assistant reviewed How many leather panels made up the Telstar ball at the 1970 World Cup? Answer: 32 panels. Arabic asks the same fact with equivalent answer. Evidence: Telstar debuted in 1970 with 32 leather panels for visibility on black-and-white television. Tango 1978; Azteca 1986; Etrusco Unico 1990; Questra 1994; Tricolore 1998 first coloured ball; Fevernova 2002; Teamgeist 2006; Jabulani 2010 eight panels; Brazuca 2014 six panels; Telstar18 embedded NFC chip. Verified 2026-10-07. Specialist recall of a less prominent contributor, precise historical incident, technical detail or older tournament role."
"161","684bbd5b2d99c6fc32979442ffcaa5e6f8819ea2a32a9bb2bb62f2775e21f25e","worldcup:ball1998:colourfirst","balls","yes","yes","yes","yes","Assistant reviewed Which ball became the first coloured official World Cup ball when used at France 1998? Answer: Tricolore. Arabic asks the same fact with equivalent answer. Evidence: Telstar debuted in 1970 with 32 leather panels for visibility on black-and-white television. Tango 1978; Azteca 1986; Etrusco Unico 1990; Questra 1994; Tricolore 1998 first coloured ball; Fevernova 2002; Teamgeist 2006; Jabulani 2010 eight panels; Brazuca 2014 six panels; Telstar18 embedded NFC chip. Verified 2026-10-07. Specialist recall of a less prominent contributor, precise historical incident, technical detail or older tournament role."
"162","06f8fecba7523bebe44243d814aa6bb9342171755d013db9b136407cb3b7b18f","worldcup:shootout1982:firstmiss","firstmiss","yes","yes","yes","yes","Assistant reviewed Who was the first player to fail to score in a World Cup finals penalty shoot-out? Answer: Uli Stielike. Arabic asks the same fact with equivalent answer. Evidence: Uli Stielike was the first player to miss a World Cup shoot-out penalty in the 1982 semi-final against France. David O'Leary scored Ireland's decisive shoot-out penalty in 1990. Verified 2026-10-07. Specialist recall of a less prominent contributor, precise historical incident, technical detail or older tournament role."
"163","9fcdcf36e0d9a27eb74941bab8981116443ddf2224536f899b8399691cc09be2","worldcup:ireland1990:decisivekick","firstmiss","yes","yes","yes","yes","Assistant reviewed Who scored the shoot-out kick that sent Ireland to the 1990 World Cup quarter-finals? Answer: David O'Leary. Arabic asks the same fact with equivalent answer. Evidence: Uli Stielike was the first player to miss a World Cup shoot-out penalty in the 1982 semi-final against France. David O'Leary scored Ireland's decisive shoot-out penalty in 1990. Verified 2026-10-07. Specialist recall of a less prominent contributor, precise historical incident, technical detail or older tournament role."
"164","9809a9ba7f08cee6221385b7260ca41e18ab9573c0b566bb03e322c174979c74","worldcup:cards1966:dismissedcaptain","cards","yes","yes","yes","yes","Assistant reviewed Which Argentina captain was sent off against England in the 1966 World Cup quarter-final? Answer: Antonio Rattin. Arabic asks the same fact with equivalent answer. Evidence: Ken Aston devised yellow and red cards after 1966, inspired by traffic lights. They debuted in 1970. Rudolf Kreitlein dismissed Argentina captain Antonio Rattin in 1966. Aston refereed the Chile-Italy Battle of Santiago in 1962. Verified 2026-10-07. Specialist recall of a less prominent contributor, precise historical incident, technical detail or older tournament role."
"165","a603fa537a941374d7cbdf85321cf6ab366b292a8e91036c429e77052598c836","worldcup:cards1966:referee","cards","yes","yes","yes","yes","Assistant reviewed Which German referee sent off Antonio Rattin against England at the 1966 World Cup? Answer: Rudolf Kreitlein. Arabic asks the same fact with equivalent answer. Evidence: Ken Aston devised yellow and red cards after 1966, inspired by traffic lights. They debuted in 1970. Rudolf Kreitlein dismissed Argentina captain Antonio Rattin in 1966. Aston refereed the Chile-Italy Battle of Santiago in 1962. Verified 2026-10-07. Specialist recall of a less prominent contributor, precise historical incident, technical detail or older tournament role."
"166","76f1c90dd8aa8a4d9e162766bde9807fe6b42d6d63c0d1533a5329e11943e168","worldcup:final1954:winnergoal","final54","yes","yes","yes","yes","Assistant reviewed Who completed West Germany's Miracle of Bern comeback with the winning goal in the 1954 final? Answer: Helmut Rahn. Arabic asks the same fact with equivalent answer. Evidence: West Germany defeated Hungary 3-2 in the 1954 final in Bern, with Helmut Rahn scoring the winner. Verified 2026-10-07. Specialist recall of a less prominent contributor, precise historical incident, technical detail or older tournament role."
"167","9d0208871bd225a1feefe42e6d2dbcd099488c122ba87e25f790a7011b21d75c","worldcup:final1962:openinggoal","final62","yes","yes","yes","yes","Assistant reviewed Who gave Czechoslovakia the lead against Brazil in the 1962 World Cup final? Answer: Josef Masopust. Arabic asks the same fact with equivalent answer. Evidence: Brazil beat Czechoslovakia 3-1 at Estadio Nacional in Santiago in 1962. Masopust opened the scoring; Amarildo, Zito and Vava scored Brazil's goals. Verified 2026-10-07. Specialist recall of a less prominent contributor, precise historical incident, technical detail or older tournament role."
"168","58534713c41c2e434d6f00acca8b1c77993d38d1998f44b64ed443a6162bcc6e","worldcup:final1962:equaliser","final62","yes","yes","yes","yes","Assistant reviewed Who scored Brazil's equaliser in the 1962 World Cup final? Answer: Amarildo. Arabic asks the same fact with equivalent answer. Evidence: Brazil beat Czechoslovakia 3-1 at Estadio Nacional in Santiago in 1962. Masopust opened the scoring; Amarildo, Zito and Vava scored Brazil's goals. Verified 2026-10-07. Specialist recall of a less prominent contributor, precise historical incident, technical detail or older tournament role."
"169","402a0685d0faef75da47d5b771e7588c53c34b57e3cadcdbd8dd51b178f996b4","worldcup:final1930:closinggoal","uruguay30","yes","yes","yes","yes","Assistant reviewed Who scored Uruguay's fourth goal in the 1930 World Cup final? Answer: Hector Castro. Arabic asks the same fact with equivalent answer. Evidence: Uruguay beat Argentina 4-2 in the 1930 final at Estadio Centenario, Montevideo. Uruguay goals Dorado, Cea, Iriarte, Castro; Argentina goals Peucelle and Stabile. Verified 2026-10-07. Specialist recall of a less prominent contributor, precise historical incident, technical detail or older tournament role."
"170","ce2f67dd39dde5d0d5aa42c2c93ac2ffa9d17693258e41b8ea41abfc623aae98","worldcup:ghana2010:decisivekick","abreu10","yes","yes","yes","yes","Assistant reviewed Who scored the shoot-out kick that secured Uruguay's progress against Ghana at the 2010 World Cup? Answer: Sebastian Abreu. Arabic asks the same fact with equivalent answer. Evidence: Sebastian Abreu scored the decisive shoot-out kick against Ghana in the 2010 quarter-final. Verified 2026-10-07. Specialist recall of a less prominent contributor, precise historical incident, technical detail or older tournament role."
"171","a6e220aba8982d988fd726f535ea002ea775397c82ab1278ff79a6f24f3661d9","worldcup:final2014:replacedplayer","schurrle14","yes","yes","yes","yes","Assistant reviewed Which German player had to leave the field for Andre Schurrle in the first half of the 2014 World Cup final? Answer: Christoph Kramer. Arabic asks the same fact with equivalent answer. Evidence: Schurrle replaced Christoph Kramer in the thirty-second minute of the 2014 final and supplied Gotze's winning goal. Verified 2026-10-07. Specialist recall of a less prominent contributor, precise historical incident, technical detail or older tournament role."
"172","557575887c691c85df642ae9b6d08a7a6c0115049708c205e5761f3e9c9d386d","worldcup:japan2022:germanywinner","japan22","yes","yes","yes","yes","Assistant reviewed Who scored Japan's winning goal against Germany at the 2022 World Cup? Answer: Takuma Asano. Arabic asks the same fact with equivalent answer. Evidence: Germany lost 2-1 to Japan; Ritsu Doan and Takuma Asano scored for Japan. Germany drew 1-1 with Spain; Niclas Fullkrug equalised. Germany exited at the group stage. Verified 2026-10-07. Specialist recall of a less prominent contributor, precise historical incident, technical detail or older tournament role."
"173","68a5e606893ed2844705bdd2bff41c2d1eea92545c49eaede38027855f1990ad","worldcup:germany2022:spainequaliser","japan22","yes","yes","yes","yes","Assistant reviewed Who scored Germany's equaliser against Spain at the 2022 World Cup? Answer: Niclas Fullkrug. Arabic asks the same fact with equivalent answer. Evidence: Germany lost 2-1 to Japan; Ritsu Doan and Takuma Asano scored for Japan. Germany drew 1-1 with Spain; Niclas Fullkrug equalised. Germany exited at the group stage. Verified 2026-10-07. Specialist recall of a less prominent contributor, precise historical incident, technical detail or older tournament role."
"174","161a278c155d686235458868baf3ee67aed549c5f540b283a79effad7646c631","womensworldcup:final2003:goldengoal","women03","yes","yes","yes","yes","Assistant reviewed Who scored the golden goal that won Germany the 2003 Women's World Cup? Answer: Nia Kunzer. Arabic asks the same fact with equivalent answer. Evidence: Nia Kunzer scored an extra-time golden goal against Sweden to win Germany the 2003 Women's World Cup title. Verified 2026-10-07. Specialist recall of a less prominent contributor, precise historical incident, technical detail or older tournament role."
"175","7d814eba741c75d0122bfd1c05bb0415332a38c61f567ee1dd1ea33bd0b54397","womensworldcup:final2007:penaltysave","women07","yes","yes","yes","yes","Assistant reviewed Which Germany goalkeeper saved Marta's penalty in the 2007 Women's World Cup final? Answer: Nadine Angerer. Arabic asks the same fact with equivalent answer. Evidence: Nadine Angerer saved Marta's penalty in the 2007 Women's World Cup final against Brazil in Shanghai. Verified 2026-10-07. Specialist recall of a less prominent contributor, precise historical incident, technical detail or older tournament role."
"176","ecc7d89e1cebc04fb803532513a8099bccb2a51059b829a4c0bb3e0eabf09b83","womensworldcup:awards1991:goldenball","women91","yes","yes","yes","yes","Assistant reviewed Who won the Golden Ball at the first Women's World Cup in 1991? Answer: Carin Jennings-Gabarra. Arabic asks the same fact with equivalent answer. Evidence: USA won the inaugural Women's World Cup in China in 1991, beating Norway 2-1. Carin Jennings-Gabarra won the Golden Ball. Verified 2026-10-07. Specialist recall of a less prominent contributor, precise historical incident, technical detail or older tournament role."
"177","b2cba71392687031251ec2d8dba06f39baa6647241b5656984ab7769a8dc6798","womensworldcup:final1995:opener","women95","yes","yes","yes","yes","Assistant reviewed Who scored Norway's opening goal in the 1995 Women's World Cup final? Answer: Hege Riise. Arabic asks the same fact with equivalent answer. Evidence: Norway won the 1995 Women's World Cup in Sweden; Hege Riise scored the final's opening goal. Verified 2026-10-07. Specialist recall of a less prominent contributor, precise historical incident, technical detail or older tournament role."
"178","b85e00794dc6d151cee196e6db3e62bb49a3994ef8540e1ad08b071a774a8a0b","worldcup:germany1994:headerwinner","letchkov94","yes","yes","yes","yes","Assistant reviewed Who headed Bulgaria's winning goal against Germany in the 1994 World Cup quarter-final? Answer: Yordan Letchkov. Arabic asks the same fact with equivalent answer. Evidence: Hristo Stoichkov and Yordan Letchkov scored in Bulgaria's 1994 quarter-final victory over Germany; Letchkov's header was the winner. Verified 2026-10-07. Specialist recall of a less prominent contributor, precise historical incident, technical detail or older tournament role."
"179","5eb1a3cdf9404373a5dc0c1b0f1ec7b01cf6d2a59a0dd9b5a300f81c58b1bf52","worldcup:turkey2002:goldengoal","mansiz02","yes","yes","yes","yes","Assistant reviewed Who scored Turkey's golden goal against Senegal in the 2002 World Cup quarter-final? Answer: Ilhan Mansiz. Arabic asks the same fact with equivalent answer. Evidence: Turkey's Ilhan Mansiz scored a golden goal that eliminated Senegal in the 2002 quarter-final. Bruno Metsu coached Senegal. Verified 2026-10-07. Specialist recall of a less prominent contributor, precise historical incident, technical detail or older tournament role."
"180","3e8638accd284cdd6ca713e670b360e87bf598fb9545746008ea8befe3649016","worldcup:eastgermany1974:scorer","sparwasser74","yes","yes","yes","yes","Assistant reviewed Who scored East Germany's goal in their victory over West Germany at the 1974 World Cup? Answer: Jurgen Sparwasser. Arabic asks the same fact with equivalent answer. Evidence: East Germany defeated West Germany 1-0 in Hamburg's Volksparkstadion on 22 June 1974 with Jurgen Sparwasser's goal. Verified 2026-10-07. Specialist recall of a less prominent contributor, precise historical incident, technical detail or older tournament role."
"181","90051b914294b0c7744019c8e15811a46d6fa864102f17f1f68cb182dcfd5d8d","worldcup:asia1938:firstteam","indonesia38","yes","yes","yes","yes","Assistant reviewed Under what name did Indonesia compete at the 1938 World Cup as Asia's first representative? Answer: Dutch East Indies. Arabic asks the same fact with equivalent answer. Evidence: Dutch East Indies, now Indonesia, became the first Asian side represented at the World Cup in France 1938. Verified 2026-10-07. Specialist recall of a less prominent contributor, precise historical incident, technical detail or older tournament role."
"182","400b13bf7c4df4d9066c05984d8baa9bcc9d2bde8827e58cc42763d87340dd87","worldcup:sweden1938:bigwinopponent","knockoutwins","yes","yes","yes","yes","Assistant reviewed Which team did Sweden beat 8–0 in the 1938 World Cup quarter-final? Answer: Cuba. Arabic asks the same fact with equivalent answer. Evidence: Sweden beat Cuba 8-0 in 1938; Italy beat USA 7-1 in 1934; Hungary beat Dutch East Indies 6-0 in 1938; Portugal beat Switzerland 6-1 in 2022. Verified 2026-10-07. Specialist recall of a less prominent contributor, precise historical incident, technical detail or older tournament role."
"183","3a7180e10e4e0be87e7475a562d8f785ea5f736676502276a26510e4d5b3a2da","worldcup:awards1974:topscorer","lato74","yes","yes","yes","yes","Assistant reviewed Which Polish player topped the scoring at the 1974 World Cup? Answer: Grzegorz Lato. Arabic asks the same fact with equivalent answer. Evidence: Grzegorz Lato topped the scoring in 1974 and helped Poland finish third. Verified 2026-10-07. Specialist recall of a less prominent contributor, precise historical incident, technical detail or older tournament role."
"184","3b8e66474f4daef809277f9a9c3ef5d59838e0ee5f8378a3bc96f575e4b4fcd5","worldcup:trophywar:hider","barassi","yes","yes","yes","yes","Assistant reviewed Which Italian official hid the World Cup trophy in a shoe box during World War II? Answer: Ottorino Barassi. Arabic asks the same fact with equivalent answer. Evidence: Italian official Ottorino Barassi hid the World Cup trophy in a shoe box under his bed during World War II. Verified 2026-10-07. Specialist recall of a less prominent contributor, precise historical incident, technical detail or older tournament role."
"185","8215c13a4b5343d89659910d0f7c3b77ce5ffa0a22080d28be1f2bc7a263e32d","worldcup:trophy:originalname","trophyoriginal","yes","yes","yes","yes","Assistant reviewed What was the World Cup trophy originally named before it became the Jules Rimet Trophy? Answer: Victory. Arabic asks the same fact with equivalent answer. Evidence: The original trophy was first named Victory before becoming the Jules Rimet Trophy. Verified2026-10-07. Specialist recall of a less prominent contributor, precise historical incident, technical detail or older tournament role."
"186","de8c3f527eeba5cbb240eb09b98d2b6b8a43d7ab3292acd9b1220586496f1aad","worldcup:inaugural1930:ship","conteverde","yes","yes","yes","yes","Assistant reviewed What was the name of the ship that carried teams from Europe to Uruguay for the 1930 World Cup? Answer: Conte Verde. Arabic asks the same fact with equivalent answer. Evidence: The Conte Verde carried teams to the inaugural World Cup and picked up Brazil's team in Rio de Janeiro. Italy travelled to Brazil's 1950 World Cup by ship. Verified 2026-10-07. Specialist recall of a less prominent contributor, precise historical incident, technical detail or older tournament role."
"187","a3a5f32a031fd414a645870f4924b62f85487a61ee464f09ed9504bddeb9c109","worldcup:usa1950:winninggoal","gaetjens50","yes","yes","yes","yes","Assistant reviewed Who scored the United States' goal in their shock victory over England at the 1950 World Cup? Answer: Joe Gaetjens. Arabic asks the same fact with equivalent answer. Evidence: USA beat England 1-0 in Belo Horizonte in 1950; Joe Gaetjens scored. Verified 2026-10-07. Specialist recall of a less prominent contributor, precise historical incident, technical detail or older tournament role."
"188","324a3c9a3e775410158945457997ccd86eeb03a33c931090625687c637c71414","worldcup:colombia1962:directcorner","coll62","yes","yes","yes","yes","Assistant reviewed Which Colombian player scored directly from a corner against the Soviet Union at the 1962 World Cup? Answer: Marcos Coll. Arabic asks the same fact with equivalent answer. Evidence: Marcos Coll scored directly from a corner for Colombia against the Soviet Union at Chile 1962. Verified 2026-10-07. Specialist recall of a less prominent contributor, precise historical incident, technical detail or older tournament role."
"189","45def31e998735f3e814de5f68cd6a311e69960be7f4f46c35ecee6094ce0d49","worldcup:scotland1978:solohero","gemmill78","yes","yes","yes","yes","Assistant reviewed Who scored Scotland's famous solo goal against the Netherlands at the 1978 World Cup? Answer: Archie Gemmill. Arabic asks the same fact with equivalent answer. Evidence: Archie Gemmill scored Scotland's famous solo goal against Netherlands in 1978. Verified 2026-10-07. Specialist recall of a less prominent contributor, precise historical incident, technical detail or older tournament role."
"190","f19f1f6e76bcb40987fdbe3100d3f05c842a59114524f2fd325223a7d12ff578","worldcup:peru1978:freekick","cubillas78","yes","yes","yes","yes","Assistant reviewed Who scored Peru's famous free-kick against Scotland at the 1978 World Cup? Answer: Teofilo Cubillas. Arabic asks the same fact with equivalent answer. Evidence: Teofilo Cubillas scored Peru's celebrated free-kick against Scotland in 1978. Verified 2026-10-07. Specialist recall of a less prominent contributor, precise historical incident, technical detail or older tournament role."
"191","431fe01de3524c86616e42a7a5ee796a29a4b9b55970ff7536866b86642f99d6","worldcup:algeria1982:openinggoal","algeria82","yes","yes","yes","yes","Assistant reviewed Which Algerian striker opened the scoring in the historic 1982 win over West Germany? Answer: Rabah Madjer. Arabic asks the same fact with equivalent answer. Evidence: Algeria defeated West Germany 2-1 in 1982 with goals by Rabah Madjer and Lakhdar Belloumi. Verified 2026-10-07. Specialist recall of a less prominent contributor, precise historical incident, technical detail or older tournament role."
"192","c1bdf38af5871ae8c08c3cc06f14a6867c9245d855d6c9546290294108f01ebf","worldcup:algeria2014:consolation","algeria14","yes","yes","yes","yes","Assistant reviewed Who scored Algeria's goal against Germany in the round of 16 at the 2014 World Cup? Answer: Abdelmoumene Djabou. Arabic asks the same fact with equivalent answer. Evidence: Germany beat Algeria 2-1 after extra time in the 2014 round of 16. Andre Schurrle and Mesut Ozil scored for Germany; Abdelmoumene Djabou for Algeria. Verified 2026-10-07. Specialist recall of a less prominent contributor, precise historical incident, technical detail or older tournament role."
"193","826772a10d5cd518b47986be213b54d4e71509adc0abf84f7ebfbb86ff939ced","worldcup:croatia2022:equaliser","petkovic22","yes","yes","yes","yes","Assistant reviewed Who scored Croatia's late extra-time equaliser against Brazil at the 2022 World Cup? Answer: Bruno Petkovic. Arabic asks the same fact with equivalent answer. Evidence: Croatia drew 1-1 with Brazil after extra time in the quarter-final, winning the shoot-out 4-2. Bruno Petkovic equalised after Neymar's opener. Verified 2026-10-07. Specialist recall of a less prominent contributor, precise historical incident, technical detail or older tournament role."
"194","98702cad4e8407d593a1e06c2db0353232e8c01187e3b9b52f7b0a65d8398eba","worldcup:cameroon1982:unbeatenexit","unbeaten","yes","yes","yes","yes","Assistant reviewed Which African team exited the group stage at the 1982 World Cup without losing a match? Answer: Cameroon. Arabic asks the same fact with equivalent answer. Evidence: Cameroon in 1982, Belgium in 1998, Scotland in 1974 and New Zealand in 2010 exited the group stage unbeaten. Verified 2026-10-07. Specialist recall of a less prominent contributor, precise historical incident, technical detail or older tournament role."
"195","2d382bdc006f95b2549c08723cebdee6a9f6b2353c60f3cc47cb79fdda45519b","worldcup:newzealand2010:unbeatenexit","unbeaten","yes","yes","yes","yes","Assistant reviewed Which Oceania team exited the group stage at the 2010 World Cup unbeaten? Answer: New Zealand. Arabic asks the same fact with equivalent answer. Evidence: Cameroon in 1982, Belgium in 1998, Scotland in 1974 and New Zealand in 2010 exited the group stage unbeaten. Verified 2026-10-07. Specialist recall of a less prominent contributor, precise historical incident, technical detail or older tournament role."
"196","5f767f14f3f42ee940bef3a179f651c95f84a7b858334828de54595efc08be9c","worldcup:final1962:thirdgoal","final62","yes","yes","yes","yes","Assistant reviewed Who scored Brazil's third goal in the 1962 World Cup final? Answer: Vava. Arabic asks the same fact with equivalent answer. Evidence: Brazil beat Czechoslovakia 3-1 at Estadio Nacional in Santiago in 1962. Masopust opened the scoring; Amarildo, Zito and Vava scored Brazil's goals. Verified 2026-10-07. Specialist recall of a less prominent contributor, precise historical incident, technical detail or older tournament role."
"197","2990b75350815fc7e8060765532b64b03f1cfea9f47980afc2216a842f7fb2e6","worldcup:final1930:referee","langenus30","yes","yes","yes","yes","Assistant reviewed Who refereed the first World Cup final in 1930? Answer: John Langenus. Arabic asks the same fact with equivalent answer. Evidence: John Langenus refereed the inaugural World Cup final between Uruguay and Argentina. Verified 2026-10-07. Specialist recall of a less prominent contributor, precise historical incident, technical detail or older tournament role."
"198","fbb9bd1d95c797a9ec66520899e75704aa7d97ce452d5d4976fd297aee502594","worldcup:final1934:winnergoal","pozzo","yes","yes","yes","yes","Assistant reviewed Who scored Italy's extra-time winner in the 1934 World Cup final? Answer: Angelo Schiavio. Arabic asks the same fact with equivalent answer. Evidence: Vittorio Pozzo coached Italy to the 1934 and 1938 World Cup titles. Verified 2026-10-07. Specialist recall of a less prominent contributor, precise historical incident, technical detail or older tournament role."
"199","432d46bab2686467d606f9c21fc23ee2b104f550248f4e0348f98849d1ce7ee9","worldcup:final1938:two-braces","italy38","yes","yes","yes","yes","Assistant reviewed Which two players each scored twice for Italy in the 1938 World Cup final? Answer: Gino Colaussi and Silvio Piola. Arabic asks the same fact with equivalent answer. Evidence: Italy defeated Hungary 4-2 in the 1938 final, with Gino Colaussi and Silvio Piola scoring two goals each. France hosted the tournament. Verified 2026-10-07. Specialist recall of a less prominent contributor, precise historical incident, technical detail or older tournament role."
"200","ee620e7c6a54e8998a27869b6e2ce5b4a53fbd45fd32c41952f1a1d87b17a769","worldcup:monti:twofinalnations","monti","yes","yes","yes","yes","Assistant reviewed Who played the World Cup final for Argentina in 1930 and for Italy in 1934? Answer: Luis Monti. Arabic asks the same fact with equivalent answer. Evidence: Luis Monti played the1930 final for Argentina and1934 final for Italy. Verified 2026-10-07. Specialist recall of a less prominent contributor, precise historical incident, technical detail or older tournament role."
"201","413cb0cc0fbb0e614c376f0a31d920c90830e8be050f25bb386226ab73da3e44","worldcup:bora:fiveconsecutiveteams","bora","yes","yes","yes","yes","Assistant reviewed Which coach led five different national teams at five consecutive World Cups from 1986 to 2002? Answer: Bora Milutinovic. Arabic asks the same fact with equivalent answer. Evidence: Bora Milutinovic led five different national teams at five consecutive tournaments from1986 to2002. Verified 2026-10-07. Specialist recall of a less prominent contributor, precise historical incident, technical detail or older tournament role."
"202","07e2d21a7833fa145598487ba27119b9188a6d2f9e7b10fe44e5ab690676b5b1","worldcup:final1954:keeper","final54","yes","yes","yes","yes","Assistant reviewed Who was West Germany's goalkeeper in the 1954 World Cup final? Answer: Toni Turek. Arabic asks the same fact with equivalent answer. Evidence: West Germany defeated Hungary 3-2 in the 1954 final in Bern, with Helmut Rahn scoring the winner. Verified 2026-10-07. Specialist recall of a less prominent contributor, precise historical incident, technical detail or older tournament role."
"203","39224e8da9408d7aba3bdcecf6d72e84c765006ab32547eeaeb0c1f229e0d413","worldcup:final1962:secondgoal","final62","yes","yes","yes","yes","Assistant reviewed Which Brazilian put his team 2–1 ahead of Czechoslovakia in the 1962 final? Answer: Zito. Arabic asks the same fact with equivalent answer. Evidence: Brazil beat Czechoslovakia 3-1 at Estadio Nacional in Santiago in 1962. Masopust opened the scoring; Amarildo, Zito and Vava scored Brazil's goals. Verified 2026-10-07. Specialist recall of a less prominent contributor, precise historical incident, technical detail or older tournament role."
"204","fd89205935dbf771ea37f140267eb64de45d015a6847d5b089a6476317afa949","womensworldcup:final2003:freekicksupplier","lingor03","yes","yes","yes","yes","Assistant reviewed Who delivered the free-kick from which Nia Kunzer headed the golden goal in the 2003 Women's World Cup final? Answer: Renate Lingor. Arabic asks the same fact with equivalent answer. Evidence: Renate Lingor's free-kick supplied Nia Kunzer's golden-goal header in the2003 Women's World Cup final. Verified 2026-10-07. Specialist recall of a less prominent contributor, precise historical incident, technical detail or older tournament role."
