"id","difficulty","factKey","topic","questionAr","questionEn","answerAr","answerEn","sourceName","sourceUrl","evidence","lastVerified"
"world_cup_v2_001","easy200","worldcup:trophy1966:dogfinder",,"ما اسم الكلب الذي عثر على كأس العالم المسروقة قبل مونديال 1966؟","What was the name of the dog that found the stolen World Cup trophy before the 1966 tournament?","بيكلز","Pickles","FIFA — Pickles and the stolen World Cup","https://inside.fifa.com/en/news/pickles-and-the-stolen-world-cup-2771152","The trophy was stolen in London on 20 March 1966 from a stamp exhibition at Methodist Central Hall, Westminster. Pickles and owner David Corbett recovered it wrapped in newspaper one week later. Verified 2026-10-07.","2026-10-07"
"world_cup_v2_002","easy200","worldcup:final1958:champion",,"أي منتخب فاز بنهائي كأس العالم 1958 على السويد بنتيجة 5–2؟","Which team beat Sweden 5–2 in the 1958 World Cup final?","البرازيل","Brazil","FIFA — Pele's golden gaze","https://inside.fifa.com/tournaments/mens/worldcup/1958sweden/news/pele-s-golden-gaze-2883325","Brazil won the 1958 final 5-2 against host Sweden; Pele scored twice in the final. Verified 2026-10-07.","2026-10-07"
"world_cup_v2_003","easy200","worldcup:final1970:opponent",,"أي منتخب واجه البرازيل في نهائي كأس العالم 1970؟","Which team faced Brazil in the 1970 World Cup final?","إيطاليا","Italy","FIFA — Brazil v Italy, Mexico 1970 final","https://www.fifa.com/pt/tournaments/mens/worldcup/articles/brasil-italia-final-copa-mundo-1970","Brazil beat Italy 4-1 at Estadio Azteca. Brazil's scorers were Pele, Gerson, Jairzinho and Carlos Alberto; Roberto Boninsegna scored for Italy. Brazil earned permanent possession of the Jules Rimet Trophy. Verified 2026-10-07.","2026-10-07"
"world_cup_v2_004","easy200","worldcup:final1978:champion",,"أي منتخب فاز على هولندا في نهائي كأس العالم 1978؟","Which team beat the Netherlands in the 1978 World Cup final?","الأرجنتين","Argentina","KNVB — Argentina v Netherlands, 25 June 1978","https://www.onsoranje.nl/teams/185184/uitslagen/wedstrijd/474","Argentina defeated the Netherlands 3-1 in the 1978 final; Mario Kempes scored the opening goal. Verified 2026-10-07.","2026-10-07"
"world_cup_v2_005","easy200","worldcup:fontaine1958:goaltotal",,"كم هدفاً سجل جوست فونتين في كأس العالم 1958؟","How many goals did Just Fontaine score at the 1958 World Cup?","13 هدفاً","13 goals","FIFA — Fontaine's phenomenal World Cup record","https://www.fifa.com/en/articles/just-fontaine-13-goal-fifa-world-cup-record-sweden-1958-france","Just Fontaine scored thirteen goals in six matches for France at Sweden 1958. Verified 2026-10-07.","2026-10-07"
"world_cup_v2_006","easy200","worldcup:maradona1986:solohero",,"من صاحب «هدف القرن» في مرمى إنجلترا بكأس العالم 1986؟","Who scored the Goal of the Century against England at the 1986 World Cup?","دييغو مارادونا","Diego Maradona","FIFA — Maradona's immortal eleven-second dash","https://inside.fifa.com/en/tournaments/mens/worldcup/1986mexico/news/maradona-s-immortal-11-second-dash-2802747","Maradona scored the Goal of the Century against England in the quarter-final at Mexico 1986. Verified 2026-10-07.","2026-10-07"
"world_cup_v2_007","easy200","worldcup:final2002:brace",,"من سجل هدفي البرازيل في نهائي كأس العالم 2002؟","Who scored both Brazil goals in the 2002 World Cup final?","رونالدو","Ronaldo","FIFA — All Ronaldo's World Cup goals","https://www.fifa.com/pt/tournaments/mens/worldcup/articles/video-todos-gols-ronaldo-brasil-copa-do-mundo-1998-2002-2006","Brazil beat Germany 2-0 in the 2002 final at Yokohama; Ronaldo scored both goals. Verified 2026-10-07.","2026-10-07"
"world_cup_v2_008","easy200","worldcup:final2010:winner",,"من سجل هدف فوز إسبانيا في نهائي كأس العالم 2010؟","Who scored Spain's winning goal in the 2010 World Cup final?","أندريس إنييستا","Andres Iniesta","FIFA — Iniesta on Spain's triumph and Dani Jarque tribute","https://www.fifa.com/en/tournaments/mens/worldcup/articles/andres-iniesta-spain-dani-jarque","Andres Iniesta scored the winning goal against the Netherlands in the 2010 final and paid tribute to Dani Jarque. Verified 2026-10-07.","2026-10-07"
"world_cup_v2_009","easy200","worldcup:semifinal2014:score",,"بأي نتيجة فازت ألمانيا على البرازيل في نصف نهائي كأس العالم 2014؟","By what score did Germany beat Brazil in the 2014 World Cup semi-final?","7–1","7–1","FIFA — Klose record adorns Mineirazo","https://www.fifa.com/en/articles/100-great-world-cup-moments-qatar-2022-16-miroslav-klose-brazil-germany-2014","Germany beat Brazil 7-1 in the 2014 semi-final at Estadio Mineirao. Klose scored his sixteenth World Cup goal to take the all-time scoring record. Verified 2026-10-07.","2026-10-07"
"world_cup_v2_010","easy200","worldcup:bronze2018:team",,"أي منتخب احتل المركز الثالث في كأس العالم 2018 بعد فوزه على إنجلترا؟","Which team finished third at the 2018 World Cup after beating England?","بلجيكا","Belgium","FIFA — Hazard and Meunier win bronze for Belgium","https://inside.fifa.com/tournaments/mens/worldcup/2018russia/news/hazard-meunier-bag-bronze-for-belgium","Belgium beat England 2-0 in the 2018 third-place play-off to finish third. Verified 2026-10-07.","2026-10-07"
"world_cup_v2_011","easy200","worldcup:final2022:champion",,"أي منتخب تُوج بطلاً لكأس العالم 2022 بعد ركلات الترجيح في النهائي؟","Which team won the 2022 World Cup after a penalty shoot-out in the final?","الأرجنتين","Argentina","FIFA — Qatar 2022 final full-time match report","https://fdp.fifa.org/assetspublic/ce44/r2864/pdf/FullTimeMatchReport-English.pdf","Argentina and France drew 3-3 after extra time at Lusail on 18 December 2022; Argentina won the shoot-out 4-2. Verified 2026-10-07.","2026-10-07"
"world_cup_v2_012","easy200","worldcup:awards2022:goldenboot",,"من فاز بالحذاء الذهبي لهداف كأس العالم 2022؟","Who won the Golden Boot at the 2022 World Cup?","كيليان مبابي","Kylian Mbappe","FIFA — Messi wins Qatar 2022 Golden Ball","https://www.fifa.com/fr/articles/lionel-messi-ballon-d-or-meilleur-joueur-coupe-du-monde-2022","Messi won the Golden Ball, Mbappe the Golden Boot, Emiliano Martinez the Golden Glove, Enzo Fernandez the Young Player award and England the Fair Play award. Verified 2026-10-07.","2026-10-07"
"world_cup_v2_013","easy200","worldcup:awards2018:goldenball",,"أي نجم كرواتي اختير أفضل لاعب في مونديال روسيا 2018 ونال الكرة الذهبية؟","Which Croatian star received the Golden Ball at Russia 2018?","لوكا مودريتش","Luka Modric","FIFA — Golden consolation for magical Modric","https://inside.fifa.com/tournaments/mens/worldcup/2018russia/news/157-awards-piece-2986294","Luka Modric won the Golden Ball; Thibaut Courtois the Golden Glove; Harry Kane the Golden Boot; Kylian Mbappe the Young Player award in 2018. Verified 2026-10-07.","2026-10-07"
"world_cup_v2_014","easy200","worldcup:final2022:stadium",,"في أي ملعب أُقيم نهائي كأس العالم 2022؟","At which stadium was the 2022 World Cup final played?","استاد لوسيل","Lusail Stadium","FIFA — Qatar 2022 final full-time match report","https://fdp.fifa.org/assetspublic/ce44/r2864/pdf/FullTimeMatchReport-English.pdf","Argentina and France drew 3-3 after extra time at Lusail on 18 December 2022; Argentina won the shoot-out 4-2. Verified 2026-10-07.","2026-10-07"
"world_cup_v2_015","easy200","worldcup:ball1970:manufacturer",,"أي شركة صنعت كرة تيلستار الرسمية لكأس العالم 1970؟","Which company made the official Telstar ball for the 1970 World Cup?","أديداس","adidas","FIFA — The adidas Telstar begins ball chain","https://inside.fifa.com/tournaments/mens/worldcup/1970mexico/news/telstar-story-fifa-world-cup-ball-3073424","Telstar debuted in 1970 with 32 leather panels for visibility on black-and-white television. Tango 1978; Azteca 1986; Etrusco Unico 1990; Questra 1994; Tricolore 1998 first coloured ball; Fevernova 2002; Teamgeist 2006; Jabulani 2010 eight panels; Brazuca 2014 six panels; Telstar18 embedded NFC chip. Verified 2026-10-07.","2026-10-07"
"world_cup_v2_016","easy200","worldcup:cards:introduction",,"في أي نسخة من كأس العالم استُخدمت البطاقتان الصفراء والحمراء للمرة الأولى؟","At which World Cup were yellow and red cards first used?","المكسيك 1970","Mexico 1970","FIFA — Gripping tales and inspirational traffic lights","https://inside.fifa.com/en/tournaments/mens/worldcup/1966england/news/1966-world-cup-gripping-tales-and-inspirational-traffic-lights-2812820","Ken Aston devised yellow and red cards after 1966, inspired by traffic lights. They debuted in 1970. Rudolf Kreitlein dismissed Argentina captain Antonio Rattin in 1966. Aston refereed the Chile-Italy Battle of Santiago in 1962. Verified 2026-10-07.","2026-10-07"
"world_cup_v2_017","easy200","worldcup:cameroon1990:keeperdispossessed",,"من الحارس الكولومبي الذي خطف روجيه ميلا الكرة منه وسجل في مونديال 1990؟","Which Colombian goalkeeper had the ball stolen by Roger Milla before he scored at the 1990 World Cup?","رينيه هيغيتا","Rene Higuita","FIFA — When Rene Higuita met Roger Milla","https://www.fifa.com/en/articles/rene-higuita-roger-milla-colombia-cameroon-italy-1990","Milla dispossessed goalkeeper Rene Higuita to score against Colombia in Naples in 1990, helping Cameroon reach the quarter-finals. Verified 2026-10-07.","2026-10-07"
"world_cup_v2_018","easy200","worldcup:russia1994:fivegoalhero",,"من اللاعب الروسي الذي سجل خمسة أهداف في مباراة واحدة بكأس العالم 1994؟","Which Russian player scored five goals in one match at the 1994 World Cup?","أوليغ سالينكو","Oleg Salenko","FIFA — Five-star Salenko rewrites the record books","https://www.fifa.com/en/articles/100-great-world-cup-moments-63-salenko-scoring-record-five-russia-cameroon-1994","Oleg Salenko scored five times for Russia in a 6-1 win over Cameroon at Stanford in 1994. Roger Milla scored for Cameroon at age forty-two. Verified 2026-10-07.","2026-10-07"
"world_cup_v2_019","easy200","worldcup:inaugural1930:champion",,"أي منتخب فاز بأول نسخة من كأس العالم عام 1930؟","Which team won the first World Cup in 1930?","أوروغواي","Uruguay","FIFA — Uruguay at the 1930 World Cup","https://www.fifa.com/es/tournaments/mens/worldcup/articles/uruguay-copa-mundial-1930-jugadores-resutados-maximos-goleadores","Uruguay beat Argentina 4-2 in the 1930 final at Estadio Centenario, Montevideo. Uruguay goals Dorado, Cea, Iriarte, Castro; Argentina goals Peucelle and Stabile. Verified 2026-10-07.","2026-10-07"
"world_cup_v2_020","easy200","worldcup:final1966:champion",,"أي منتخب تُوج بكأس العالم 1966 على ملعب ويمبلي؟","Which team won the 1966 World Cup at Wembley?","إنجلترا","England","FIFA — England v West Germany 4-2 after extra time","https://www.fifa.com/de/tournaments/mens/worldcup/articles/wm-1966-england-bundesrepublik-deutschland","England defeated West Germany 4-2 after extra time at Wembley in the 1966 final; Geoff Hurst scored a hat-trick. Verified 2026-10-07.","2026-10-07"
"world_cup_v2_021","easy200","worldcup:final1998:headers",,"من سجل هدفين بالرأس لفرنسا في نهائي كأس العالم 1998؟","Who scored two headers for France in the 1998 World Cup final?","زين الدين زيدان","Zinedine Zidane","FIFA — Zizou gives Brazil the nut","https://www.fifa.com/en/articles/zinedine-zidane-headers-1998-final","Zidane scored two first-half headers from corners in France's 3-0 final win over Brazil; corners were delivered by Emmanuel Petit and Youri Djorkaeff. Verified 2026-10-07.","2026-10-07"
"world_cup_v2_022","easy200","worldcup:final2014:winner",,"من سجل هدف فوز ألمانيا في نهائي كأس العالم 2014؟","Who scored Germany's winning goal in the 2014 World Cup final?","ماريو غوتزه","Mario Gotze","FIFA — Mario Gotze v Argentina","https://www.fifa.com/en/tournaments/mens/worldcup/canadamexicousa2026/articles/mario-gotze-goal-germany-argentina-2014","Gotze scored the only goal of the 2014 final in extra time from Andre Schurrle's cross, beating Sergio Romero. Final at Maracana. Verified 2026-10-07.","2026-10-07"
"world_cup_v2_023","easy200","worldcup:morocco2022:africanfirst",,"أي منتخب أصبح أول فريق أفريقي يبلغ نصف نهائي كأس العالم عام 2022؟","Which team became the first African side to reach a World Cup semi-final in 2022?","المغرب","Morocco","FIFA — Morocco make history for Africa","https://www.fifa.com/en/articles/morocco-portugal","Morocco beat Portugal 1-0 in the 2022 quarter-final at Al Thumama Stadium with Youssef En-Nesyri's header. Morocco became Africa's first World Cup semi-finalist. Verified 2026-10-07.","2026-10-07"
"world_cup_v2_024","easy200","worldcup:senegal2002:openingupset",,"أي منتخب أفريقي هزم فرنسا حاملة اللقب في افتتاح كأس العالم 2002؟","Which African team beat defending champions France in the opening match of the 2002 World Cup?","السنغال","Senegal","FIFA — Diouf on Senegal's win over France","https://inside.fifa.com/news/diouf-interview-senegal-france-2002-fifa-world-cup","Senegal beat defending world and European champions France in the opening match of the 2002 World Cup; Papa Bouba Diop scored the winner. Verified 2026-10-07.","2026-10-07"
"world_cup_v2_025","easy200","worldcup:final1966:hat-trick",,"من سجل ثلاثية لإنجلترا في نهائي كأس العالم 1966؟","Who scored a hat-trick for England in the 1966 World Cup final?","جيوف هيرست","Geoff Hurst","FIFA — England v West Germany 4-2 after extra time","https://www.fifa.com/de/tournaments/mens/worldcup/articles/wm-1966-england-bundesrepublik-deutschland","England defeated West Germany 4-2 after extra time at Wembley in the 1966 final; Geoff Hurst scored a hat-trick. Verified 2026-10-07.","2026-10-07"
"world_cup_v2_026","easy200","worldcup:ghana2010:handball",,"من لاعب أوروغواي الذي طُرد للمسه الكرة بيده على خط المرمى أمام غانا في مونديال 2010؟","Which Uruguay player was sent off for handling on the goal line against Ghana at the 2010 World Cup?","لويس سواريز","Luis Suarez","FIFA — A controversial classic, Ghana v Uruguay","https://www.fifa.com/en/articles/ghana-uruguay-a-thriller-for-the-ages-world-cup-qatar-2022-south-africa-2010","Luis Suarez was sent off for handling on the goal line at the end of extra time; Asamoah Gyan missed the subsequent penalty in the 2010 quarter-final. Verified 2026-10-07.","2026-10-07"
"world_cup_v2_027","easy200","worldcup:final1954:champion",,"أي منتخب حقق «معجزة برن» بالفوز على المجر في نهائي مونديال 1954؟","Which team achieved the Miracle of Bern by beating Hungary in the 1954 World Cup final?","ألمانيا الغربية","West Germany","FIFA — The Miracle of Bern","https://www.fifa.com/en/tournaments/mens/worldcup/articles/west-germany-hungary-1954-final","West Germany defeated Hungary 3-2 in the 1954 final in Bern, with Helmut Rahn scoring the winner. Verified 2026-10-07.","2026-10-07"
"world_cup_v2_028","easy200","worldcup:belgium2018:comebackopponent",,"أي منتخب تقدّم على بلجيكا بهدفين قبل أن يخسر 3–2 في دور الـ16 بمونديال 2018؟","Which team led Belgium by two goals before losing 3–2 in the round of 16 at the 2018 World Cup?","اليابان","Japan","FIFA — Belgium turn the tables on Japan","https://inside.fifa.com/news/worldcupathome-belgium-japan-russia2018-3071468","Belgium overturned a two-goal deficit to beat Japan 3-2 in the 2018 round of 16; Nacer Chadli scored the stoppage-time winner. Verified 2026-10-07.","2026-10-07"
"world_cup_v2_029","easy200","womensworldcup:inaugural1991:champion",,"أي منتخب فاز بأول كأس عالم للسيدات عام 1991؟","Which team won the first Women's World Cup in 1991?","الولايات المتحدة","United States","FIFA — USA's triple-edged sword sets China 1991 ablaze","https://inside.fifa.com/tournaments/womens/womensworldcup/chinapr1991/news/usa-s-triple-edged-sword-sets-china-pr-1991-ablaze-2812104","USA won the inaugural Women's World Cup in China in 1991, beating Norway 2-1. Carin Jennings-Gabarra won the Golden Ball. Verified 2026-10-07.","2026-10-07"
"world_cup_v2_030","easy200","womensworldcup:inaugural1991:host",,"أي دولة استضافت أول كأس عالم للسيدات عام 1991؟","Which country hosted the first Women's World Cup in 1991?","الصين","China","FIFA — USA's triple-edged sword sets China 1991 ablaze","https://inside.fifa.com/tournaments/womens/womensworldcup/chinapr1991/news/usa-s-triple-edged-sword-sets-china-pr-1991-ablaze-2812104","USA won the inaugural Women's World Cup in China in 1991, beating Norway 2-1. Carin Jennings-Gabarra won the Golden Ball. Verified 2026-10-07.","2026-10-07"
"world_cup_v2_031","easy200","womensworldcup:final2011:champion",,"أي منتخب آسيوي فاز بكأس العالم للسيدات عام 2011؟","Which Asian team won the Women's World Cup in 2011?","اليابان","Japan","Japan Football Association — Women's World Cup history","https://www.jfa.jp/eng/about_jfa/fwwc2023/history.html","Japan won the 2011 final against USA after a 2-2 draw and a 3-1 shoot-out; Aya Miyama and Homare Sawa scored Japan's goals. Verified 2026-10-07.","2026-10-07"
"world_cup_v2_032","easy200","womensworldcup:final2023:champion",,"أي منتخب فاز بكأس العالم للسيدات عام 2023 على حساب إنجلترا؟","Which team won the 2023 Women's World Cup by beating England?","إسبانيا","Spain","England Football — Spain 1-0 England final report","https://www.englandfootball.com/england/womens-senior-team/fixtures-results/2023/england-women-v-spain-2023-fifa-world-cup-final-match-centre-report-sunday-20-august","Spain won the 2023 Women's World Cup final 1-0 against England at Stadium Australia; Olga Carmona scored. Verified 2026-10-07.","2026-10-07"
"world_cup_v2_033","easy200","worldcup:spain2014:divingheader",,"من سجل لهولندا هدفه الشهير بالرأس وهو طائر أمام إسبانيا في مونديال 2014؟","Who scored the famous flying header for the Netherlands against Spain at the 2014 World Cup?","روبن فان بيرسي","Robin van Persie","FIFA — Robin van Persie v Spain","https://www.fifa.com/en/articles/robin-van-persie-netherlands-spain-2014","Van Persie's diving header equalised against Spain in 2014; Netherlands won 5-1. Verified 2026-10-07.","2026-10-07"
"world_cup_v2_034","easy200","worldcup:england2002:freekick",,"من سجل للبرازيل الركلة الحرة الشهيرة فوق ديفيد سيمان في مونديال 2002؟","Who scored Brazil's famous free-kick over David Seaman at the 2002 World Cup?","رونالدينيو","Ronaldinho","FIFA — Ronaldinho's 2002 free-kick","https://collect.fifa.com/marketplace/R01-01","Ronaldinho scored the winning free-kick over England goalkeeper David Seaman in the 2002 quarter-final. Verified 2026-10-07.","2026-10-07"
"world_cup_v2_035","easy200","worldcup:spain2018:hat-trick",,"من سجل ثلاثية للبرتغال أمام إسبانيا في كأس العالم 2018؟","Who scored a hat-trick for Portugal against Spain at the 2018 World Cup?","كريستيانو رونالدو","Cristiano Ronaldo","FIFA — Ronaldo illuminates stellar draw with Spain","https://inside.fifa.com/news/portugal-spain-russia-2018-world-cup-at-home-3069617","Cristiano Ronaldo scored a hat-trick as Portugal drew 3-3 with Spain in a 2018 Group B match. Verified 2026-10-07.","2026-10-07"
"world_cup_v2_036","easy200","worldcup:serbia2022:bicyclekick",,"من سجل هدف البرازيل بالمقصية أمام صربيا الذي اختير أجمل أهداف مونديال 2022؟","Who scored Brazil's bicycle kick against Serbia that was voted Goal of the Tournament at the 2022 World Cup?","ريتشارليسون","Richarlison","FIFA — Richarlison wins Goal of the Tournament","https://www.fifa.com/fr/articles/richarlison-bresil-serbie-bicyclette-but-du-tournoi-coupe-du-monde-qatar-2022","Richarlison's bicycle kick against Serbia won the 2022 Goal of the Tournament award. Verified 2026-10-07.","2026-10-07"
"world_cup_v2_037","easy200","worldcup:england2010:disallowedshot",,"من صاحب التسديدة التي تجاوزت خط مرمى ألمانيا ولم تُحتسب هدفاً لإنجلترا في مونديال 2010؟","Whose shot crossed Germany's goal line but was not awarded as an England goal at the 2010 World Cup?","فرانك لامبارد","Frank Lampard","FIFA — Hurst on the goal-line debate","https://inside.fifa.com/tournaments/mens/worldcup/1966england/news/the-debate-goes-on-2813334","Frank Lampard's shot against Germany in 2010 crossed the line but was incorrectly ruled out. Verified 2026-10-07.","2026-10-07"
"world_cup_v2_038","easy200","worldcup:inaugural1930:year",,"في أي عام أُقيم أول نهائي لكأس العالم بين أوروغواي والأرجنتين؟","In which year was the first World Cup final between Uruguay and Argentina played?","1930","1930","FIFA — Uruguay at the 1930 World Cup","https://www.fifa.com/es/tournaments/mens/worldcup/articles/uruguay-copa-mundial-1930-jugadores-resutados-maximos-goleadores","Uruguay beat Argentina 4-2 in the 1930 final at Estadio Centenario, Montevideo. Uruguay goals Dorado, Cea, Iriarte, Castro; Argentina goals Peucelle and Stabile. Verified 2026-10-07.","2026-10-07"
"world_cup_v2_039","easy200","worldcup:egypt:firstafrican",,"أي دولة عربية كانت أول دولة أفريقية تتأهل إلى كأس العالم؟","Which Arab country was the first African country to qualify for the World Cup?","مصر","Egypt","FIFA — Morocco make World Cup history","https://inside.fifa.com/news/morocco-make-world-cup-history-2800839","Morocco became the first African side to reach the knockout stage in 1986 after beating Portugal 3-1. Egypt was the first African country to qualify for the World Cup. Verified 2026-10-07.","2026-10-07"
"world_cup_v2_040","easy200","worldcup:champions2006:team",,"أي منتخب فاز بكأس العالم 2006 في ألمانيا؟","Which team won the 2006 World Cup in Germany?","إيطاليا","Italy","FIFA — Italy conquer the world as Germany wins friends","https://inside.fifa.com/tournaments/mens/worldcup/2006germany/news/italy-conquer-the-world-as-germany-wins-friends","Italy won the 2006 World Cup; host Germany finished third and Miroslav Klose won the Golden Boot. Verified 2026-10-07.","2026-10-07"
"world_cup_v2_041","easy200","worldcup:final2010:opponent",,"أي منتخب خسر نهائي كأس العالم 2010 أمام إسبانيا؟","Which team lost the 2010 World Cup final to Spain?","هولندا","Netherlands","FIFA — Iniesta on Spain's triumph and Dani Jarque tribute","https://www.fifa.com/en/tournaments/mens/worldcup/articles/andres-iniesta-spain-dani-jarque","Andres Iniesta scored the winning goal against the Netherlands in the 2010 final and paid tribute to Dani Jarque. Verified 2026-10-07.","2026-10-07"
"world_cup_v2_042","easy200","worldcup:final2014:venue",,"أي ملعب برازيلي استضاف نهائي كأس العالم 2014؟","Which Brazilian stadium hosted the 2014 World Cup final?","ماراكانا","Maracana","FIFA — Mario Gotze v Argentina","https://www.fifa.com/en/tournaments/mens/worldcup/canadamexicousa2026/articles/mario-gotze-goal-germany-argentina-2014","Gotze scored the only goal of the 2014 final in extra time from Andre Schurrle's cross, beating Sergio Romero. Final at Maracana. Verified 2026-10-07.","2026-10-07"
"world_cup_v2_043","easy200","worldcup:final1966:venue",,"في أي ملعب أُقيم نهائي كأس العالم 1966؟","At which stadium was the 1966 World Cup final played?","ويمبلي","Wembley","FIFA — England v West Germany 4-2 after extra time","https://www.fifa.com/de/tournaments/mens/worldcup/articles/wm-1966-england-bundesrepublik-deutschland","England defeated West Germany 4-2 after extra time at Wembley in the 1966 final; Geoff Hurst scored a hat-trick. Verified 2026-10-07.","2026-10-07"
"world_cup_v2_044","easy200","worldcup:final2018:score",,"بأي نتيجة انتهى نهائي كأس العالم 2018 بين فرنسا وكرواتيا؟","What was the score in the 2018 World Cup final between France and Croatia?","4–2 لفرنسا","4–2 to France","FIFA — 2018 World Cup final highlights","https://www.youtube.com/watch?v=GrsEAvRerTg","France beat Croatia 4-2 at Luzhniki Stadium in Moscow. France goals included Griezmann, Pogba and Mbappe. Verified 2026-10-07.","2026-10-07"
"world_cup_v2_045","easy200","worldcup:final2022:extra-timescore",,"ما نتيجة نهائي كأس العالم 2022 بين الأرجنتين وفرنسا بعد الوقت الإضافي وقبل الترجيح؟","What was the score after extra time, before the shoot-out, in the 2022 World Cup final between Argentina and France?","3–3","3–3","FIFA — Qatar 2022 final full-time match report","https://fdp.fifa.org/assetspublic/ce44/r2864/pdf/FullTimeMatchReport-English.pdf","Argentina and France drew 3-3 after extra time at Lusail on 18 December 2022; Argentina won the shoot-out 4-2. Verified 2026-10-07.","2026-10-07"
"world_cup_v2_046","easy200","worldcup:korea2018:upsetopponent",,"أي منتخب حامل للقب هزمته كوريا الجنوبية 2–0 في مونديال 2018؟","Which defending champion did Korea Republic beat 2–0 at the 2018 World Cup?","ألمانيا","Germany","FIFA — Germany crash out as Korea Republic end on high","https://inside.fifa.com/en/tournaments/mens/worldcup/2018russia/news/review-korea-republic--germany-2971533","Korea Republic beat Germany 2-0 in Kazan in 2018; Kim Young-gwon and Son Heung-min scored. Neither team progressed from Group F. Verified 2026-10-07.","2026-10-07"
"world_cup_v2_047","easy200","worldcup:spain2022:decisivekick",,"من سجل ركلة الترجيح الحاسمة للمغرب أمام إسبانيا في مونديال 2022؟","Who scored Morocco's decisive shoot-out kick against Spain at the 2022 World Cup?","أشرف حكيمي","Achraf Hakimi","FIFA — Morocco eliminate Spain on penalties","https://www.fifa.com/es/articles/marruecos-dio-el-golpe-y-elimino-a-espana-por-penales-copa-mundial-qatar-2022","Achraf Hakimi chipped the decisive penalty to take Morocco past Spain in the 2022 round of 16. Verified 2026-10-07.","2026-10-07"
"world_cup_v2_048","easy200","worldcup:brazil2022:eliminator",,"أي منتخب أقصى البرازيل بركلات الترجيح في ربع نهائي مونديال 2022؟","Which team eliminated Brazil on penalties in the 2022 World Cup quarter-final?","كرواتيا","Croatia","UEFA — Croatia at the 2022 World Cup","https://www.uefa.com/news/027b-169a7169dd60-6148d39469f8-1000--croatia-at-the-2022-world-cup/","Croatia drew 1-1 with Brazil after extra time in the quarter-final, winning the shoot-out 4-2. Bruno Petkovic equalised after Neymar's opener. Verified 2026-10-07.","2026-10-07"
"world_cup_v2_049","easy200","worldcup:spain2022:moroccokeeper",,"من حارس المغرب الذي تصدى لركلتي ترجيح أمام إسبانيا في مونديال 2022؟","Which Morocco goalkeeper saved two penalties against Spain at the 2022 World Cup?","ياسين بونو","Yassine Bounou","FIFA — Bono celebrates shoot-out victory","https://www.fifa.com/en/watch/ySama4EaEkC79S0dsnJLcg","Morocco goalkeeper Yassine Bounou saved two Spain penalties in the 2022 round of 16 shoot-out. Verified 2026-10-07.","2026-10-07"
"world_cup_v2_050","easy200","worldcup:france1998:coach",,"من كان مدرب فرنسا عند فوزها بكأس العالم 1998؟","Who coached France when they won the 1998 World Cup?","إيمي جاكيه","Aime Jacquet","FIFA — Le jour de gloire est arrive","https://inside.fifa.com/fr/news/jour-gloire-est-arrive-1187993","Laurent Blanc scored the first World Cup golden goal against Paraguay in 1998. Aime Jacquet coached champion France. Verified 2026-10-07.","2026-10-07"
"world_cup_v2_051","easy200","worldcup:final1970:score",,"بأي نتيجة فازت البرازيل على إيطاليا في نهائي كأس العالم 1970؟","By what score did Brazil beat Italy in the 1970 World Cup final?","4–1","4–1","FIFA — Brazil v Italy, Mexico 1970 final","https://www.fifa.com/pt/tournaments/mens/worldcup/articles/brasil-italia-final-copa-mundo-1970","Brazil beat Italy 4-1 at Estadio Azteca. Brazil's scorers were Pele, Gerson, Jairzinho and Carlos Alberto; Roberto Boninsegna scored for Italy. Brazil earned permanent possession of the Jules Rimet Trophy. Verified 2026-10-07.","2026-10-07"
"world_cup_v2_052","easy200","worldcup:final2002:score",,"بأي نتيجة فازت البرازيل على ألمانيا في نهائي كأس العالم 2002؟","By what score did Brazil beat Germany in the 2002 World Cup final?","2–0","2–0","FIFA — All Ronaldo's World Cup goals","https://www.fifa.com/pt/tournaments/mens/worldcup/articles/video-todos-gols-ronaldo-brasil-copa-do-mundo-1998-2002-2006","Brazil beat Germany 2-0 in the 2002 final at Yokohama; Ronaldo scored both goals. Verified 2026-10-07.","2026-10-07"
"world_cup_v2_053","easy200","worldcup:final1998:score",,"بأي نتيجة فازت فرنسا على البرازيل في نهائي كأس العالم 1998؟","By what score did France beat Brazil in the 1998 World Cup final?","3–0","3–0","FIFA — Zizou gives Brazil the nut","https://www.fifa.com/en/articles/zinedine-zidane-headers-1998-final","Zidane scored two first-half headers from corners in France's 3-0 final win over Brazil; corners were delivered by Emmanuel Petit and Youri Djorkaeff. Verified 2026-10-07.","2026-10-07"
"world_cup_v2_054","easy200","worldcup:schedule:interval",,"كم سنة تفصل عادةً بين نسختين من كأس العالم للرجال؟","How many years usually separate editions of the men's World Cup?","أربع سنوات","Four years","FIFA — Rimet's World Cup vision realised","https://inside.fifa.com/en/tournaments/mens/worldcup/1930uruguay/news/rimet-s-world-cup-vision-realised-2927423","The 1928 FIFA Congress approved a tournament beginning in 1930 and held every four years. Verified 2026-10-07.","2026-10-07"
"world_cup_v2_055","easy200","worldcup:africa2010:firsthost",,"أي دولة كانت أول دولة أفريقية تستضيف كأس العالم؟","Which country was the first African country to host the World Cup?","جنوب أفريقيا","South Africa","FIFA — Tshabalala opens South Africa 2010 with a bang","https://inside.fifa.com/tournaments/mens/worldcup/2010south-africa/news/video-vault-tshabalala-opens-south-africa-2010-with-a-bang-2921847","South Africa was the first African host; Siphiwe Tshabalala scored the tournament's opening goal against Mexico. Verified 2026-10-07.","2026-10-07"
"world_cup_v2_056","easy200","worldcup:asia2002:cohosts",,"ما الدولتان اللتان استضافتا كأس العالم 2002 معاً؟","Which two countries co-hosted the 2002 World Cup?","كوريا الجنوبية واليابان","Korea Republic and Japan","AFC — World Cup Asian moments, 2002","https://www.the-afc.com/en/national/fifa_world_cup.html/news/asian-moments-2002","Korea Republic and Japan co-hosted the 2002 World Cup, the first held in Asia. Verified 2026-10-07.","2026-10-07"
"world_cup_v2_057","easy200","worldcup:host2018:country",,"أي دولة استضافت كأس العالم 2018؟","Which country hosted the 2018 World Cup?","روسيا","Russia","FIFA — Russia and Qatar awarded World Cups","https://inside.fifa.com/tournaments/mens/worldcup/2018russia/media-releases/russia-and-qatar-awarded-2018-and-2022-fifa-world-cups-1344698","Russia was awarded the 2018 World Cup and Qatar the 2022 World Cup. Verified 2026-10-07.","2026-10-07"
"world_cup_v2_058","easy200","worldcup:host1986:country",,"أي دولة استضافت كأس العالم 1986 التي تُوجت بها الأرجنتين؟","Which country hosted the 1986 World Cup won by Argentina?","المكسيك","Mexico","FIFA — Mexico host country guide","https://www.fifa.com/en/articles/world-cup-2026-host-country-mexico-guide","Mexico hosted the 1970 and 1986 World Cups. Historical editions only used. Verified 2026-10-07.","2026-10-07"
"world_cup_v2_059","easy200","worldcup:host1998:country",,"أي دولة استضافت كأس العالم 1998؟","Which country hosted the 1998 World Cup?","فرنسا","France","FIFA — Number of teams at each World Cup","https://www.fifa.com/de/tournaments/mens/worldcup/articles/wm-anzahl-teams-teilnehmer-geschichte","1930 thirteen teams; 1982 twenty-four; 1998 through 2022 thirty-two. Hosts include USA1994, France1998, Germany2006 and Brazil2014. Verified 2026-10-07.","2026-10-07"
"world_cup_v2_060","easy200","worldcup:host2006:country",,"أي دولة استضافت كأس العالم 2006؟","Which country hosted the 2006 World Cup?","ألمانيا","Germany","FIFA — Number of teams at each World Cup","https://www.fifa.com/de/tournaments/mens/worldcup/articles/wm-anzahl-teams-teilnehmer-geschichte","1930 thirteen teams; 1982 twenty-four; 1998 through 2022 thirty-two. Hosts include USA1994, France1998, Germany2006 and Brazil2014. Verified 2026-10-07.","2026-10-07"
"world_cup_v2_061","easy200","worldcup:host1994:country",,"أي دولة استضافت كأس العالم 1994؟","Which country hosted the 1994 World Cup?","الولايات المتحدة","United States","FIFA — Number of teams at each World Cup","https://www.fifa.com/de/tournaments/mens/worldcup/articles/wm-anzahl-teams-teilnehmer-geschichte","1930 thirteen teams; 1982 twenty-four; 1998 through 2022 thirty-two. Hosts include USA1994, France1998, Germany2006 and Brazil2014. Verified 2026-10-07.","2026-10-07"
"world_cup_v2_062","easy200","worldcup:host2014:country",,"أي دولة استضافت كأس العالم 2014؟","Which country hosted the 2014 World Cup?","البرازيل","Brazil","FIFA — Number of teams at each World Cup","https://www.fifa.com/de/tournaments/mens/worldcup/articles/wm-anzahl-teams-teilnehmer-geschichte","1930 thirteen teams; 1982 twenty-four; 1998 through 2022 thirty-two. Hosts include USA1994, France1998, Germany2006 and Brazil2014. Verified 2026-10-07.","2026-10-07"
"world_cup_v2_063","easy200","worldcup:uruguay2014:volleyhero",,"من سجل لكولومبيا تسديدته الطائرة الشهيرة أمام أوروغواي في كأس العالم 2014؟","Who scored Colombia's famous volley against Uruguay at the 2014 World Cup?","خاميس رودريغيز","James Rodriguez","FIFA — James Rodriguez volley against Uruguay","https://www.fifa.com/fr/tournaments/mens/worldcup/articles/james-rodriguez-volee-colombie-uruguay","James Rodriguez scored the spectacular chest-control volley against Uruguay at Brazil2014. Verified2026-10-07.","2026-10-07"
"world_cup_v2_064","easy200","worldcup:qualifying2014:portugalhat-trick",,"من سجل ثلاثية في السويد ليقود البرتغال إلى كأس العالم 2014 عبر الملحق؟","Who scored a hat-trick in Sweden to take Portugal to the 2014 World Cup through the play-off?","كريستيانو رونالدو","Cristiano Ronaldo","UEFA — Ronaldo hat-trick takes Portugal past Sweden","https://www.uefa.com/european-qualifiers/news/0253-0d7eeff62152-38beffc43bd8-1000--ronaldo-hat-trick-takes-portugal-past-sweden/","Ronaldo scored a hat-trick in the away play-off leg against Sweden in November2013 to qualify Portugal for Brazil2014. Verified2026-10-07.","2026-10-07"
"world_cup_v2_065","easy200","worldcup:awards2022:goldenball",,"أي قائد للأرجنتين نال الكرة الذهبية لأفضل لاعب في مونديال قطر 2022؟","Which Argentina captain received the best-player Golden Ball at Qatar 2022?","ليونيل ميسي","Lionel Messi","FIFA — Messi wins Qatar 2022 Golden Ball","https://www.fifa.com/fr/articles/lionel-messi-ballon-d-or-meilleur-joueur-coupe-du-monde-2022","Messi won the Golden Ball, Mbappe the Golden Boot, Emiliano Martinez the Golden Glove, Enzo Fernandez the Young Player award and England the Fair Play award. Verified 2026-10-07.","2026-10-07"
"world_cup_v2_066","easy200","worldcup:awards2018:youngplayer",,"من فاز بجائزة أفضل لاعب شاب في كأس العالم 2018؟","Who won the Young Player Award at the 2018 World Cup?","كيليان مبابي","Kylian Mbappe","FIFA — Golden consolation for magical Modric","https://inside.fifa.com/tournaments/mens/worldcup/2018russia/news/157-awards-piece-2986294","Luka Modric won the Golden Ball; Thibaut Courtois the Golden Glove; Harry Kane the Golden Boot; Kylian Mbappe the Young Player award in 2018. Verified 2026-10-07.","2026-10-07"
"world_cup_v2_067","easy200","worldcup:trophy1970:permanentholder",,"أي منتخب احتفظ بكأس جول ريميه نهائياً بعد تتويجه الثالث عام 1970؟","Which team kept the Jules Rimet Trophy permanently after its third title in 1970?","البرازيل","Brazil","FIFA — Brazil v Italy, Mexico 1970 final","https://www.fifa.com/pt/tournaments/mens/worldcup/articles/brasil-italia-final-copa-mundo-1970","Brazil beat Italy 4-1 at Estadio Azteca. Brazil's scorers were Pele, Gerson, Jairzinho and Carlos Alberto; Roberto Boninsegna scored for Italy. Brazil earned permanent possession of the Jules Rimet Trophy. Verified 2026-10-07.","2026-10-07"
"world_cup_v2_068","easy200","worldcup:pele:threetitles",,"من اللاعب البرازيلي الذي تُوج بكأس العالم في أعوام 1958 و1962 و1970؟","Which Brazilian player won the World Cup in 1958, 1962 and 1970?","بيليه","Pele","FIFA — Pele's three titles","https://www.fifa.com/en/tournaments/mens/worldcup/articles/pele-three-world-cup-titles-only-player","Pele won the World Cup as a player in 1958, 1962 and 1970. Verified 2026-10-07.","2026-10-07"
"world_cup_v2_069","medium400","worldcup:laurent1930:firstscorer",,"من سجل أول هدف في تاريخ نهائيات كأس العالم؟","Who scored the first goal in World Cup finals history?","لوسيان لوران","Lucien Laurent","FIFA — Lucien Laurent, the first World Cup goalscorer","https://inside.fifa.com/en/tournaments/mens/worldcup/1930uruguay/news/lucien-laurent-the-first-world-cup-goalscorer","France's Lucien Laurent scored the first World Cup goal against Mexico on 13 July 1930 in Montevideo; France won 4-1; Ernest Liberati supplied the cross. Verified 2026-10-07.","2026-10-07"
"world_cup_v2_070","medium400","worldcup:italy1930s:coach",,"من المدرب الذي قاد إيطاليا للفوز بكأس العالم عامي 1934 و1938؟","Which coach led Italy to World Cup titles in 1934 and 1938?","فيتوريو بوتزو","Vittorio Pozzo","FIFA — Pozzo prepares Azzurri push","https://inside.fifa.com/tournaments/mens/worldcup/1934italy/news/pozzo-prepares-azzurri-push-2769391","Vittorio Pozzo coached Italy to the 1934 and 1938 World Cup titles. Verified 2026-10-07.","2026-10-07"
"world_cup_v2_071","medium400","worldcup:maracanazo1950:winnergoal",,"من سجل هدف فوز أوروغواي على البرازيل في المباراة الحاسمة بمونديال 1950؟","Who scored Uruguay's winning goal against Brazil in the decisive match of the 1950 World Cup?","ألسيدس غيغيا","Alcides Ghiggia","FIFA — Uruguay's stunning upset of Brazil","https://www.fifa.com/en/articles/uruguay-brazil-1950-maracanazo","Uruguay beat Brazil 2-1 at the Maracana on 16 July 1950. Juan Alberto Schiaffino and Alcides Ghiggia scored Uruguay's goals; Brazil needed only a draw. Verified 2026-10-07.","2026-10-07"
"world_cup_v2_072","medium400","worldcup:lausanne1954:score",,"بأي نتيجة انتهت مباراة النمسا وسويسرا التي شهدت 12 هدفاً في مونديال 1954؟","What was the score in the twelve-goal Austria–Switzerland match at the 1954 World Cup?","7–5 للنمسا","7–5 to Austria","FIFA — Goals galore at Switzerland 1954","https://inside.fifa.com/tournaments/mens/worldcup/2018russia/news/12-days-to-go-goals-galore-switzerland-1954-2952383","Austria beat Switzerland 7-5 on 26 June 1954 in the quarter-finals in Lausanne. The match contained twelve goals. Verified 2026-10-07.","2026-10-07"
"world_cup_v2_073","medium400","worldcup:final1970:fourthscorer",,"من سجل الهدف الرابع للبرازيل في نهائي كأس العالم 1970 بعد الهجمة الجماعية الشهيرة؟","Who scored Brazil's fourth goal in the 1970 World Cup final after the famous team move?","كارلوس ألبرتو","Carlos Alberto","FIFA — Brazil v Italy, Mexico 1970 final","https://www.fifa.com/pt/tournaments/mens/worldcup/articles/brasil-italia-final-copa-mundo-1970","Brazil beat Italy 4-1 at Estadio Azteca. Brazil's scorers were Pele, Gerson, Jairzinho and Carlos Alberto; Roberto Boninsegna scored for Italy. Brazil earned permanent possession of the Jules Rimet Trophy. Verified 2026-10-07.","2026-10-07"
"world_cup_v2_074","medium400","worldcup:cruyff1974:turnopponent",,"أمام أي منتخب قدم يوهان كرويف حركته الشهيرة «دوران كرويف» في مونديال 1974؟","Against which team did Johan Cruyff demonstrate the famous Cruyff turn at the 1974 World Cup?","السويد","Sweden","FIFA — Johan Cruyff turn, Netherlands v Sweden","https://www.fifa.com/en/tournaments/mens/worldcup/articles/johan-cruyff-turn-netherlands-1974","Johan Cruyff demonstrated the Cruyff turn against Sweden at the 1974 World Cup. Verified 2026-10-07.","2026-10-07"
"world_cup_v2_075","medium400","worldcup:brazil1982:hat-trick",,"من سجل ثلاثية إيطاليا في الفوز 3–2 على البرازيل بمونديال 1982؟","Who scored Italy's hat-trick in their 3–2 victory over Brazil at the 1982 World Cup?","باولو روسي","Paolo Rossi","FIFA — Pablito paints over futebol-arte","https://www.fifa.com/en/tournaments/mens/worldcup/articles/italy-brazil-barcelona-spain-1982","Italy beat Brazil 3-2 in Barcelona in the second round in 1982; Paolo Rossi scored a hat-trick. Verified 2026-10-07.","2026-10-07"
"world_cup_v2_076","medium400","worldcup:brazil1990:eliminator",,"من سجل هدف إقصاء البرازيل أمام الأرجنتين في دور الـ16 بمونديال 1990؟","Who scored the goal that eliminated Brazil against Argentina in the round of 16 at the 1990 World Cup?","كلاوديو كانيجيا","Claudio Caniggia","FIFA — How Maradona helped Argentina defeat Brazil","https://www.fifa.com/en/articles/maradona-argentina-brazil-1990","Argentina beat Brazil 1-0 in the round of 16 in Turin in 1990; Claudio Caniggia scored. Argentina's group opponents included Cameroon, the USSR and Romania. Verified 2026-10-07.","2026-10-07"
"world_cup_v2_077","medium400","worldcup:croatia1998:brace",,"من سجل هدفي فرنسا أمام كرواتيا في نصف نهائي كأس العالم 1998؟","Who scored both France goals against Croatia in the 1998 World Cup semi-final?","ليليان تورام","Lilian Thuram","FIFA — Titanic Thuram sinks Croatia","https://inside.fifa.com/en/tournaments/mens/worldcup/1998france/news/worldcupathome-titanic-thuram-sinks-croatia-3072150","France beat Croatia 2-1 in the 8 July 1998 semi-final at Stade de France. Lilian Thuram scored both France goals; Davor Suker scored Croatia's goal. Verified 2026-10-07.","2026-10-07"
"world_cup_v2_078","medium400","worldcup:final2006:decisivekick",,"من سجل ركلة الترجيح التي حسمت لقب كأس العالم 2006 لإيطاليا؟","Who scored the shoot-out kick that clinched the 2006 World Cup title for Italy?","فابيو غروسو","Fabio Grosso","FIFA — Grosso strikes gold for Italy","https://inside.fifa.com/tournaments/mens/worldcup/2006germany/news/grosso-strikes-gold-for-italy-2861579","Fabio Grosso scored the winning shoot-out kick against France in the 2006 final; Fabien Barthez was France's goalkeeper. Verified 2026-10-07.","2026-10-07"
"world_cup_v2_079","medium400","worldcup:awards2010:goldenball",,"من فاز بالكرة الذهبية لأفضل لاعب في كأس العالم 2010؟","Who won the Golden Ball as the best player at the 2010 World Cup?","دييغو فورلان","Diego Forlan","FIFA — Forlan's goal against Germany","https://www.fifa.com/en/tournaments/mens/worldcup/articles/diego-forlan-goal-uruguay-germany-2010","Diego Forlan won the 2010 Golden Ball; he scored a volley against Germany in the third-place play-off. Verified 2026-10-07.","2026-10-07"
"world_cup_v2_080","medium400","worldcup:awards2018:goldenboot",,"من فاز بالحذاء الذهبي في كأس العالم 2018؟","Who won the Golden Boot at the 2018 World Cup?","هاري كين","Harry Kane","FIFA — Golden consolation for magical Modric","https://inside.fifa.com/tournaments/mens/worldcup/2018russia/news/157-awards-piece-2986294","Luka Modric won the Golden Ball; Thibaut Courtois the Golden Glove; Harry Kane the Golden Boot; Kylian Mbappe the Young Player award in 2018. Verified 2026-10-07.","2026-10-07"
"world_cup_v2_081","medium400","worldcup:awards2022:youngplayer",,"من فاز بجائزة أفضل لاعب شاب في كأس العالم 2022؟","Who won the Young Player Award at the 2022 World Cup?","إنزو فرنانديز","Enzo Fernandez","FIFA — Messi wins Qatar 2022 Golden Ball","https://www.fifa.com/fr/articles/lionel-messi-ballon-d-or-meilleur-joueur-coupe-du-monde-2022","Messi won the Golden Ball, Mbappe the Golden Boot, Emiliano Martinez the Golden Glove, Enzo Fernandez the Young Player award and England the Fair Play award. Verified 2026-10-07.","2026-10-07"
"world_cup_v2_082","medium400","worldcup:portugal1966:fourgoals",,"من سجل أربعة أهداف للبرتغال في عودتها من 0–3 أمام كوريا الشمالية بمونديال 1966؟","Who scored four goals for Portugal as they recovered from 0–3 against Korea DPR at the 1966 World Cup?","أوزيبيو","Eusebio","FIFA — Portugal 5-3 Korea DPR, greatest games","https://www.fifa.com/en/tournaments/mens/worldcup/articles/portugal-korea-dpr-eusebio-england-1966","Portugal overturned a 3-0 deficit to win 5-3 at Goodison Park in the 1966 quarter-final. Eusebio scored four goals, two penalties; Jose Augusto scored Portugal's fifth. Verified 2026-10-07.","2026-10-07"
"world_cup_v2_083","medium400","worldcup:spain2010:openingdefeat",,"أي منتخب هزم إسبانيا في أول مباراة لها بكأس العالم 2010 قبل أن تفوز باللقب؟","Which team beat Spain in their opening match of the 2010 World Cup before they won the title?","سويسرا","Switzerland","FIFA — Pride for Africa as Spain strike gold","https://inside.fifa.com/en/tournaments/mens/worldcup/2010south-africa/news/pride-for-africa-spain-strike-gold-2247372","Spain won the 2010 title after losing their opener to Switzerland; their last four victories were all 1-0; Iker Casillas won the Golden Glove. Verified 2026-10-07.","2026-10-07"
"world_cup_v2_084","medium400","worldcup:klose2014:milestone",,"كم بلغ رصيد ميروسلاف كلوزه من أهداف كأس العالم عندما حطم الرقم القياسي أمام البرازيل عام 2014؟","How many World Cup goals had Miroslav Klose scored when he broke the record against Brazil in 2014?","16 هدفاً","16 goals","FIFA — Klose record adorns Mineirazo","https://www.fifa.com/en/articles/100-great-world-cup-moments-qatar-2022-16-miroslav-klose-brazil-germany-2014","Germany beat Brazil 7-1 in the 2014 semi-final at Estadio Mineirao. Klose scored his sixteenth World Cup goal to take the all-time scoring record. Verified 2026-10-07.","2026-10-07"
"world_cup_v2_085","medium400","worldcup:mascot1998:name",,"ما اسم تميمة كأس العالم 1998 في فرنسا؟","What was the name of the mascot of the 1998 World Cup in France?","فوتيكس","Footix","FIFA — Remembering World Cup mascots","https://inside.fifa.com/en/tournaments/mens/worldcup/2018russia/news/from-1966-to-2014-looking-back-at-fifa-world-cup-mascots-2764879","Official mascot names: World Cup Willie 1966; Juanito 1970; Tip and Tap 1974; Gauchito 1978; Naranjito 1982; Pique 1986; Ciao 1990; Footix 1998. Verified 2026-10-07.","2026-10-07"
"world_cup_v2_086","medium400","worldcup:mascot1982:name",,"ما اسم تميمة كأس العالم 1982 في إسبانيا؟","What was the name of the mascot of the 1982 World Cup in Spain?","نارانخيتو","Naranjito","FIFA — Remembering World Cup mascots","https://inside.fifa.com/en/tournaments/mens/worldcup/2018russia/news/from-1966-to-2014-looking-back-at-fifa-world-cup-mascots-2764879","Official mascot names: World Cup Willie 1966; Juanito 1970; Tip and Tap 1974; Gauchito 1978; Naranjito 1982; Pique 1986; Ciao 1990; Footix 1998. Verified 2026-10-07.","2026-10-07"
"world_cup_v2_087","medium400","worldcup:ball2010:name",,"ما اسم الكرة الرسمية لكأس العالم 2010 في جنوب أفريقيا؟","What was the name of the official ball of the 2010 World Cup in South Africa?","جابولاني","Jabulani","FIFA — The adidas Telstar begins ball chain","https://inside.fifa.com/tournaments/mens/worldcup/1970mexico/news/telstar-story-fifa-world-cup-ball-3073424","Telstar debuted in 1970 with 32 leather panels for visibility on black-and-white television. Tango 1978; Azteca 1986; Etrusco Unico 1990; Questra 1994; Tricolore 1998 first coloured ball; Fevernova 2002; Teamgeist 2006; Jabulani 2010 eight panels; Brazuca 2014 six panels; Telstar18 embedded NFC chip. Verified 2026-10-07.","2026-10-07"
"world_cup_v2_088","medium400","worldcup:ball2014:name",,"ما اسم الكرة الرسمية لكأس العالم 2014 في البرازيل؟","What was the name of the official ball of the 2014 World Cup in Brazil?","برازوكا","Brazuca","FIFA — The adidas Telstar begins ball chain","https://inside.fifa.com/tournaments/mens/worldcup/1970mexico/news/telstar-story-fifa-world-cup-ball-3073424","Telstar debuted in 1970 with 32 leather panels for visibility on black-and-white television. Tango 1978; Azteca 1986; Etrusco Unico 1990; Questra 1994; Tricolore 1998 first coloured ball; Fevernova 2002; Teamgeist 2006; Jabulani 2010 eight panels; Brazuca 2014 six panels; Telstar18 embedded NFC chip. Verified 2026-10-07.","2026-10-07"
"world_cup_v2_089","medium400","worldcup:fastgoal2002:seconds",,"بعد كم ثانية سجل هاكان شوكور هدفه الشهير أمام كوريا الجنوبية في مونديال 2002؟","After how many seconds did Hakan Sukur score his famous goal against Korea Republic at the 2002 World Cup?","11 ثانية","11 seconds","FIFA — Fastest goals in World Cup history","https://www.fifa.com/en/articles/quickest-fastest-goals","Hakan Sukur scored at eleven seconds against Korea Republic in 2002; Vaclav Masek at fifteen seconds in 1962; Bryan Robson at twenty-eight seconds in 1982; Clint Dempsey at thirty seconds in 2014. Verified 2026-10-07.","2026-10-07"
"world_cup_v2_090","medium400","worldcup:milla1994:age",,"كم كان عمر روجيه ميلا عندما سجل للكاميرون أمام روسيا في كأس العالم 1994؟","How old was Roger Milla when he scored for Cameroon against Russia at the 1994 World Cup?","42 عاماً","42 years old","FIFA — Five-star Salenko rewrites the record books","https://www.fifa.com/en/articles/100-great-world-cup-moments-63-salenko-scoring-record-five-russia-cameroon-1994","Oleg Salenko scored five times for Russia in a 6-1 win over Cameroon at Stanford in 1994. Roger Milla scored for Cameroon at age forty-two. Verified 2026-10-07.","2026-10-07"
"world_cup_v2_091","medium400","worldcup:hungary1982:subhat-trick",,"من سجل ثلاثية بصفته بديلاً للمجر أمام السلفادور في كأس العالم 1982؟","Who scored a hat-trick as a substitute for Hungary against El Salvador at the 1982 World Cup?","لازلو كيش","Laszlo Kiss","FIFA — Record hat-trick for Hungary's Kiss","https://inside.fifa.com/tournaments/mens/worldcup/2018russia/news/june-7--dtg-7-132-w-2954076","Laszlo Kiss scored a hat-trick in seven minutes against El Salvador in 1982 after coming on as a substitute. Hungary won 10-1. Verified 2026-10-07.","2026-10-07"
"world_cup_v2_092","medium400","worldcup:cards:inventor",,"من الحكم الذي ابتكر فكرة البطاقتين الصفراء والحمراء بعد مونديال 1966؟","Which referee devised yellow and red cards after the 1966 World Cup?","كين أستون","Ken Aston","FIFA — Gripping tales and inspirational traffic lights","https://inside.fifa.com/en/tournaments/mens/worldcup/1966england/news/1966-world-cup-gripping-tales-and-inspirational-traffic-lights-2812820","Ken Aston devised yellow and red cards after 1966, inspired by traffic lights. They debuted in 1970. Rudolf Kreitlein dismissed Argentina captain Antonio Rattin in 1966. Aston refereed the Chile-Italy Battle of Santiago in 1962. Verified 2026-10-07.","2026-10-07"
"world_cup_v2_093","medium400","worldcup:semifinal1982:shootoutteams",,"أي منتخبين خاضا أول ركلات ترجيح في تاريخ نهائيات كأس العالم عام 1982؟","Which two teams contested the first penalty shoot-out in World Cup finals history in 1982?","ألمانيا الغربية وفرنسا","West Germany and France","FIFA — The hero and villain of a Seville thriller","https://inside.fifa.com/tournaments/mens/worldcup/1982spain/news/the-hero-and-villain-of-a-seville-thriller-2863728","West Germany and France drew 3-3 in the 1982 semi-final in Seville; Harald Schumacher saved Maxime Bossis's shoot-out kick. Verified 2026-10-07.","2026-10-07"
"world_cup_v2_094","medium400","worldcup:final1986:winnergoal",,"من سجل هدف فوز الأرجنتين في نهائي كأس العالم 1986؟","Who scored Argentina's winning goal in the 1986 World Cup final?","خورخي بوروتشاغا","Jorge Burruchaga","FIFA — Burruchaga's Azteca ecstasy","https://inside.fifa.com/en/tournaments/mens/worldcup/1986mexico/news/burruchagas-jubel-im-aztekenstadion-2893360","Jorge Burruchaga scored Argentina's winner in the 3-2 final against West Germany in 1986 at Estadio Azteca. Verified 2026-10-07.","2026-10-07"
"world_cup_v2_095","medium400","worldcup:final1990:penaltyscorer",,"من سجل ركلة الجزاء التي حسمت نهائي كأس العالم 1990 لألمانيا الغربية؟","Who scored the penalty that decided the 1990 World Cup final for West Germany?","أندرياس بريمه","Andreas Brehme","FIFA — Brave Brehme solves boot bother","https://www.fifa.com/en/tournaments/mens/worldcup/canadamexicousa2026/articles/andreas-brehme-penalty-final-goal?searchOverlay=1","Andreas Brehme scored the only goal from a penalty in West Germany's 1990 final win over Argentina at Stadio Olimpico in Rome. Verified 2026-10-07.","2026-10-07"
"world_cup_v2_096","medium400","worldcup:final1998:thirdscorer",,"من سجل هدف فرنسا الثالث في نهائي كأس العالم 1998؟","Who scored France's third goal in the 1998 World Cup final?","إيمانويل بيتي","Emmanuel Petit","FIFA — Five memorable Zidane World Cup matches","https://www.fifa.com/fr/tournaments/mens/worldcup/articles/cinq-matches-memorables-zinedine-zidane-coupe-du-monde","Emmanuel Petit scored France's third goal in the 1998 final, completing a 3-0 victory over Brazil. Verified 2026-10-07.","2026-10-07"
"world_cup_v2_097","medium400","worldcup:final2014:assist",,"من أرسل العرضية التي سجل منها غوتزه هدف نهائي كأس العالم 2014؟","Who supplied the cross from which Gotze scored in the 2014 World Cup final?","أندريه شورله","Andre Schurrle","FIFA — Mario Gotze v Argentina","https://www.fifa.com/en/tournaments/mens/worldcup/canadamexicousa2026/articles/mario-gotze-goal-germany-argentina-2014","Gotze scored the only goal of the 2014 final in extra time from Andre Schurrle's cross, beating Sergio Romero. Final at Maracana. Verified 2026-10-07.","2026-10-07"
"world_cup_v2_098","medium400","worldcup:morocco2022:quartergoal",,"من سجل هدف المغرب أمام البرتغال في ربع نهائي كأس العالم 2022؟","Who scored Morocco's goal against Portugal in the 2022 World Cup quarter-final?","يوسف النصيري","Youssef En-Nesyri","FIFA — Morocco make history for Africa","https://www.fifa.com/en/articles/morocco-portugal","Morocco beat Portugal 1-0 in the 2022 quarter-final at Al Thumama Stadium with Youssef En-Nesyri's header. Morocco became Africa's first World Cup semi-finalist. Verified 2026-10-07.","2026-10-07"
"world_cup_v2_099","medium400","worldcup:belgium2018:stoppagewinner",,"من سجل هدف بلجيكا الحاسم في الوقت بدل الضائع أمام اليابان بمونديال 2018؟","Who scored Belgium's stoppage-time winner against Japan at the 2018 World Cup?","ناصر الشاذلي","Nacer Chadli","FIFA — Belgium turn the tables on Japan","https://inside.fifa.com/news/worldcupathome-belgium-japan-russia2018-3071468","Belgium overturned a two-goal deficit to beat Japan 3-2 in the 2018 round of 16; Nacer Chadli scored the stoppage-time winner. Verified 2026-10-07.","2026-10-07"
"world_cup_v2_100","medium400","worldcup:ghana2010:penaltymiss",,"من أهدر ركلة جزاء لغانا في نهاية الوقت الإضافي أمام أوروغواي بمونديال 2010؟","Who missed Ghana's penalty at the end of extra time against Uruguay at the 2010 World Cup?","أسامواه جيان","Asamoah Gyan","FIFA — A controversial classic, Ghana v Uruguay","https://www.fifa.com/en/articles/ghana-uruguay-a-thriller-for-the-ages-world-cup-qatar-2022-south-africa-2010","Luis Suarez was sent off for handling on the goal line at the end of extra time; Asamoah Gyan missed the subsequent penalty in the 2010 quarter-final. Verified 2026-10-07.","2026-10-07"
"world_cup_v2_101","medium400","worldcup:final1962:opponent",,"أي منتخب واجه البرازيل في نهائي كأس العالم 1962؟","Which team faced Brazil in the 1962 World Cup final?","تشيكوسلوفاكيا","Czechoslovakia","FIFA — Brazil's history in World Cup finals","https://www.fifa.com/pt/tournaments/mens/worldcup/canadamexicousa2026/articles/historia-brasil-finais-copa-mundo-fifa?searchOverlay=1","Brazil beat Czechoslovakia 3-1 at Estadio Nacional in Santiago in 1962. Masopust opened the scoring; Amarildo, Zito and Vava scored Brazil's goals. Verified 2026-10-07.","2026-10-07"
"world_cup_v2_102","medium400","worldcup:senegal2002:openinggoal",,"من سجل هدف السنغال في فوزها على فرنسا بافتتاح كأس العالم 2002؟","Who scored Senegal's goal in their win over France in the opening match of the 2002 World Cup?","بابا بوبا ديوب","Papa Bouba Diop","FIFA — Diouf on Senegal's win over France","https://inside.fifa.com/news/diouf-interview-senegal-france-2002-fifa-world-cup","Senegal beat defending world and European champions France in the opening match of the 2002 World Cup; Papa Bouba Diop scored the winner. Verified 2026-10-07.","2026-10-07"
"world_cup_v2_103","medium400","womensworldcup:final1999:decisivekick",,"من سجلت ركلة الترجيح الحاسمة للولايات المتحدة في نهائي كأس العالم للسيدات 1999؟","Who scored the decisive shoot-out kick for the United States in the 1999 Women's World Cup final?","براندي تشاستين","Brandi Chastain","FIFA — USA clinch World Cup title on home soil","https://inside.fifa.com/tournaments/womens/womensworldcup/usa1999/news/mo-3003-usa-v-chn-1999-wwc-3069388","Brandi Chastain scored the decisive shoot-out kick against China in the 1999 Women's World Cup final at Rose Bowl, Pasadena. Attendance 90,185. Verified 2026-10-07.","2026-10-07"
"world_cup_v2_104","medium400","womensworldcup:final2015:hat-trick",,"من سجلت ثلاثية للولايات المتحدة في نهائي كأس العالم للسيدات 2015؟","Who scored a hat-trick for the United States in the 2015 Women's World Cup final?","كارلي لويد","Carli Lloyd","FIFA — Lloyd lets rip from halfway","https://inside.fifa.com/about-fifa/who-we-are/news/memorable-moments-lloyd-lets-rip-from-halfway-2907915","Carli Lloyd scored a hat-trick in the 2015 Women's World Cup final against Japan, including a shot from halfway. She won the tournament's Golden Ball. Verified 2026-10-07.","2026-10-07"
"world_cup_v2_105","medium400","womensworldcup:final2023:scorer",,"من سجلت هدف نهائي كأس العالم للسيدات 2023 لإسبانيا؟","Who scored Spain's goal in the 2023 Women's World Cup final?","أولغا كارمونا","Olga Carmona","England Football — Spain 1-0 England final report","https://www.englandfootball.com/england/womens-senior-team/fixtures-results/2023/england-women-v-spain-2023-fifa-world-cup-final-match-centre-report-sunday-20-august","Spain won the 2023 Women's World Cup final 1-0 against England at Stadium Australia; Olga Carmona scored. Verified 2026-10-07.","2026-10-07"
"world_cup_v2_106","medium400","womensworldcup:final1995:champion",,"أي منتخب إسكندنافي فاز بكأس العالم للسيدات 1995؟","Which Scandinavian team won the 1995 Women's World Cup?","النرويج","Norway","FIFA — Norway's world-conquering class of 95","https://inside.fifa.com/tournaments/womens/womensworldcup/sweden1995/news/celebrating-norway-s-world-conquering-class-of-95","Norway won the 1995 Women's World Cup in Sweden; Hege Riise scored the final's opening goal. Verified 2026-10-07.","2026-10-07"
"world_cup_v2_107","medium400","worldcup:argentina1998:latewinner",,"من سجل هدف هولندا الحاسم في اللحظات الأخيرة أمام الأرجنتين بمونديال 1998؟","Who scored the Netherlands' late winner against Argentina at the 1998 World Cup?","دينيس بيركامب","Dennis Bergkamp","FIFA — Dennis Bergkamp v Argentina","https://www.fifa.com/en/tournaments/mens/worldcup/canadamexicousa2026/articles/dennis-bergkamp-goals-netherlands-argentina-1998","Bergkamp scored the late winning goal for the Netherlands against Argentina in 1998. Verified 2026-10-07.","2026-10-07"
"world_cup_v2_108","medium400","worldcup:mexico2006:volleywinner",,"من سجل هدف الأرجنتين بتسديدة طائرة في الوقت الإضافي أمام المكسيك بمونديال 2006؟","Who scored Argentina's extra-time volley against Mexico at the 2006 World Cup?","ماكسي رودريغيز","Maxi Rodriguez","FIFA — Rodriguez on his Mexico goal","https://inside.fifa.com/en/news/maxi-rodriguez-my-mexico-goal-was-a-career-highlight","Maxi Rodriguez scored an extra-time volley against Mexico in the 2006 round of 16. Verified 2026-10-07.","2026-10-07"
"world_cup_v2_109","medium400","worldcup:germany1994:eliminator",,"أي منتخب أقصى ألمانيا حاملة اللقب في ربع نهائي كأس العالم 1994؟","Which team eliminated defending champions Germany in the 1994 World Cup quarter-final?","بلغاريا","Bulgaria","FIFA — Bulgaria shock Germany","https://www.fifa.com/pt/articles/bulgaria-vence-alemanha-1994-copa-grandes-momentos","Hristo Stoichkov and Yordan Letchkov scored in Bulgaria's 1994 quarter-final victory over Germany; Letchkov's header was the winner. Verified 2026-10-07.","2026-10-07"
"world_cup_v2_110","medium400","worldcup:serbia2006:teamgoal",,"من أنهى الهجمة الجماعية الشهيرة للأرجنتين بهدف أمام صربيا والجبل الأسود في مونديال 2006؟","Who finished Argentina's famous team move with a goal against Serbia and Montenegro at the 2006 World Cup?","إستيبان كامبياسو","Esteban Cambiasso","FIFA — Gelsenkirchen glory for Cambiasso and Argentina","https://inside.fifa.com/tournaments/mens/worldcup/2006germany/news/gelsenkirchen-glory-for-cambiasso-and-argentina-2913673","Esteban Cambiasso finished Argentina's celebrated team move in a 6-0 victory over Serbia and Montenegro in Gelsenkirchen in 2006. Verified 2026-10-07.","2026-10-07"
"world_cup_v2_111","medium400","worldcup:morocco1986:firstknockouts",,"في أي نسخة أصبح المغرب أول منتخب أفريقي يتجاوز دور المجموعات في كأس العالم؟","At which World Cup did Morocco become the first African team to progress beyond the group stage?","المكسيك 1986","Mexico 1986","FIFA — Morocco make World Cup history","https://inside.fifa.com/news/morocco-make-world-cup-history-2800839","Morocco became the first African side to reach the knockout stage in 1986 after beating Portugal 3-1. Egypt was the first African country to qualify for the World Cup. Verified 2026-10-07.","2026-10-07"
"world_cup_v2_112","medium400","worldcup:korea2002:goldengoal",,"من سجل الهدف الذهبي لكوريا الجنوبية الذي أقصى إيطاليا في مونديال 2002؟","Who scored Korea Republic's golden goal that eliminated Italy at the 2002 World Cup?","آهن جونغ هوان","Ahn Jung-hwan","FIFA — Korea Republic 2-1 Italy","https://www.fifa.com/es/tournaments/mens/worldcup/articles/republica-de-corea-italia-2002?searchOverlay=1","Ahn Jung-hwan scored the golden goal in the 2002 round of 16 at Daejeon; Seol Ki-hyeon equalised and Christian Vieri scored Italy's goal. Verified 2026-10-07.","2026-10-07"
"world_cup_v2_113","medium400","worldcup:netherlands2014:keeperchange",,"من الحارس الهولندي الذي دخل خصيصاً لركلات الترجيح أمام كوستاريكا في مونديال 2014؟","Which Dutch goalkeeper came on specifically for the shoot-out against Costa Rica at the 2014 World Cup?","تيم كرول","Tim Krul","FIFA — Tim Krul interview","https://www.fifa.com/en/tournaments/mens/worldcup/articles/tim-krul-interview-costa-rica-shootout","Tim Krul came on as substitute goalkeeper in the 2014 quarter-final against Costa Rica and helped Netherlands win the shoot-out. Verified 2026-10-07.","2026-10-07"
"world_cup_v2_114","medium400","worldcup:france1998:goldengoal",,"من سجل أول هدف ذهبي في تاريخ كأس العالم للرجال، أمام باراغواي عام 1998؟","Who scored the first golden goal in men's World Cup history, against Paraguay in 1998?","لوران بلان","Laurent Blanc","FIFA — Le jour de gloire est arrive","https://inside.fifa.com/fr/news/jour-gloire-est-arrive-1187993","Laurent Blanc scored the first World Cup golden goal against Paraguay in 1998. Aime Jacquet coached champion France. Verified 2026-10-07.","2026-10-07"
"world_cup_v2_115","medium400","worldcup:awards1986:goldenboot",,"من فاز بالحذاء الذهبي لهداف كأس العالم 1986؟","Who won the Golden Boot at the 1986 World Cup?","غاري لينيكر","Gary Lineker","FIFA — Lineker's life-changing treble","https://inside.fifa.com/en/tournaments/mens/worldcup/1986mexico/news/lineker-s-life-changing-treble-2867980","Gary Lineker won the 1986 Golden Boot; his first World Cup goals came in a hat-trick against Poland. Verified 2026-10-07.","2026-10-07"
"world_cup_v2_116","medium400","worldcup:awards1990:doubleaward",,"من اللاعب الإيطالي الذي جمع الكرة الذهبية والحذاء الذهبي في مونديال 1990؟","Which Italian player won both the Golden Ball and Golden Boot at the 1990 World Cup?","سلفاتوري سكيلاتشي","Salvatore Schillaci","FIFA — Schillaci, shooting star in the azure sky","https://inside.fifa.com/tournaments/mens/worldcup/1990italy/news/schillaci-the-shooting-star-in-the-azure-sky","Salvatore Schillaci won both Golden Ball and Golden Boot at Italy 1990. Verified 2026-10-07.","2026-10-07"
"world_cup_v2_117","medium400","worldcup:trophy:designer",,"من النحات الإيطالي الذي صمم كأس العالم المستخدمة منذ 1974؟","Which Italian sculptor designed the World Cup trophy used since 1974?","سيلفيو غاتسانيغا","Silvio Gazzaniga","Silvio Gazzaniga official site — FIFA World Cup trophy","https://www.silviogazzaniga.com/en/","Silvio Gazzaniga designed the World Cup trophy; its base has two bands of green malachite. Verified 2026-10-07.","2026-10-07"
"world_cup_v2_118","medium400","worldcup:awards2006:goldenboot",,"من فاز بالحذاء الذهبي في كأس العالم 2006؟","Who won the Golden Boot at the 2006 World Cup?","ميروسلاف كلوزه","Miroslav Klose","FIFA — Italy conquer the world as Germany wins friends","https://inside.fifa.com/tournaments/mens/worldcup/2006germany/news/italy-conquer-the-world-as-germany-wins-friends","Italy won the 2006 World Cup; host Germany finished third and Miroslav Klose won the Golden Boot. Verified 2026-10-07.","2026-10-07"
"world_cup_v2_119","medium400","worldcup:algeria1982:winninggoal",,"من سجل هدف فوز الجزائر على ألمانيا الغربية في كأس العالم 1982؟","Who scored Algeria's winning goal against West Germany at the 1982 World Cup?","لخضر بلومي","Lakhdar Belloumi","FIFA — Algeria shock West Germany","https://www.fifa.com/ar/articles/100-great-world-cup-moments-72-algeria-west-germany-1982-ar","Algeria defeated West Germany 2-1 in 1982 with goals by Rabah Madjer and Lakhdar Belloumi. Verified 2026-10-07.","2026-10-07"
"world_cup_v2_120","medium400","worldcup:brazil2010:dutchbrace",,"من سجل هدفي هولندا في فوزها على البرازيل بربع نهائي كأس العالم 2010؟","Who scored both Netherlands goals in their quarter-final win over Brazil at the 2010 World Cup?","ويسلي شنايدر","Wesley Sneijder","FIFA — When Oranje shocked A Selecao","https://inside.fifa.com/en/tournaments/mens/worldcup/2010south-africa/news/worldcupathome-when-oranje-shocked-a-selecao","Netherlands beat Brazil 2-1 in the 2010 quarter-final; Sneijder scored twice and Robinho scored Brazil's goal. Verified 2026-10-07.","2026-10-07"
"world_cup_v2_121","medium400","worldcup:spain2018:russiakeeper",,"من حارس روسيا الذي تصدى لركلة ياغو أسباس الحاسمة في مونديال 2018؟","Which Russia goalkeeper saved Iago Aspas's decisive penalty at the 2018 World Cup?","إيغور أكينفييف","Igor Akinfeev","FIFA — Akinfeev retires from Russia duty","https://inside.fifa.com/en/tournaments/mens/worldcup/2018russia/news/akinfeev-retires-from-russia-duty","Igor Akinfeev saved Iago Aspas's penalty to take Russia past Spain in the 2018 round of 16. Verified 2026-10-07.","2026-10-07"
"world_cup_v2_122","medium400","worldcup:germany2018:secondkoreangoal",,"من سجل هدف كوريا الجنوبية الثاني في مرمى ألمانيا الخالي بمونديال 2018؟","Who scored Korea Republic's second goal into Germany's empty net at the 2018 World Cup?","سون هيونغ مين","Son Heung-min","FIFA — Germany crash out as Korea Republic end on high","https://inside.fifa.com/en/tournaments/mens/worldcup/2018russia/news/review-korea-republic--germany-2971533","Korea Republic beat Germany 2-0 in Kazan in 2018; Kim Young-gwon and Son Heung-min scored. Neither team progressed from Group F. Verified 2026-10-07.","2026-10-07"
"world_cup_v2_123","medium400","worldcup:algeria2014:germanopener",,"من افتتح التسجيل لألمانيا في الوقت الإضافي أمام الجزائر بمونديال 2014؟","Who opened the scoring for Germany in extra time against Algeria at the 2014 World Cup?","أندريه شورله","Andre Schurrle","FIFA — Algeria's performance against Germany","https://www.fifa.com/en/tournaments/mens/worldcup/articles/algeria-germany-brazil-2014","Germany beat Algeria 2-1 after extra time in the 2014 round of 16. Andre Schurrle and Mesut Ozil scored for Germany; Abdelmoumene Djabou for Algeria. Verified 2026-10-07.","2026-10-07"
"world_cup_v2_124","medium400","worldcup:final1974:winnergoal",,"من سجل هدف فوز ألمانيا الغربية في نهائي كأس العالم 1974؟","Who scored West Germany's winning goal in the 1974 World Cup final?","غيرد مولر","Gerd Muller","FIFA — Neeskens just about holds his nerve","https://inside.fifa.com/tournaments/mens/worldcup/1974germany/news/neeskens-just-about-holds-his-nerve-2840562","Johan Neeskens opened the final with a penalty; Paul Breitner equalised with a penalty; Gerd Muller scored the winner before half-time. Helmut Schon coached West Germany. Verified 2026-10-07.","2026-10-07"
"world_cup_v2_125","medium400","worldcup:awards2010:goldenglove",,"أي حارس إسباني نال القفاز الذهبي في مونديال جنوب أفريقيا 2010؟","Which Spanish goalkeeper received the Golden Glove at South Africa 2010?","إيكر كاسياس","Iker Casillas","FIFA — Pride for Africa as Spain strike gold","https://inside.fifa.com/en/tournaments/mens/worldcup/2010south-africa/news/pride-for-africa-spain-strike-gold-2247372","Spain won the 2010 title after losing their opener to Switzerland; their last four victories were all 1-0; Iker Casillas won the Golden Glove. Verified 2026-10-07.","2026-10-07"
"world_cup_v2_126","medium400","worldcup:awards2022:goldenglove",,"أي حارس أرجنتيني نال جائزة القفاز الذهبي في مونديال قطر 2022؟","Which Argentina goalkeeper received Qatar 2022's Golden Glove?","إيميليانو مارتينيز","Emiliano Martinez","FIFA — Messi wins Qatar 2022 Golden Ball","https://www.fifa.com/fr/articles/lionel-messi-ballon-d-or-meilleur-joueur-coupe-du-monde-2022","Messi won the Golden Ball, Mbappe the Golden Boot, Emiliano Martinez the Golden Glove, Enzo Fernandez the Young Player award and England the Fair Play award. Verified 2026-10-07.","2026-10-07"
"world_cup_v2_127","medium400","worldcup:format2022:teamcount",,"كم منتخباً شارك في كأس العالم 2022؟","How many teams competed at the 2022 World Cup?","32 منتخباً","32 teams","FIFA — Number of teams at each World Cup","https://www.fifa.com/de/tournaments/mens/worldcup/articles/wm-anzahl-teams-teilnehmer-geschichte","1930 thirteen teams; 1982 twenty-four; 1998 through 2022 thirty-two. Hosts include USA1994, France1998, Germany2006 and Brazil2014. Verified 2026-10-07.","2026-10-07"
"world_cup_v2_128","medium400","worldcup:format1930:teamcount",,"كم منتخباً شارك في أول كأس عالم عام 1930؟","How many teams competed at the first World Cup in 1930?","13 منتخباً","13 teams","FIFA — Number of teams at each World Cup","https://www.fifa.com/de/tournaments/mens/worldcup/articles/wm-anzahl-teams-teilnehmer-geschichte","1930 thirteen teams; 1982 twenty-four; 1998 through 2022 thirty-two. Hosts include USA1994, France1998, Germany2006 and Brazil2014. Verified 2026-10-07.","2026-10-07"
"world_cup_v2_129","medium400","worldcup:france2018:coach",,"من قاد فرنسا مدرباً للفوز بكأس العالم 2018؟","Who coached France to the 2018 World Cup title?","ديدييه ديشان","Didier Deschamps","FIFA — World Cup champions 1982-2026","https://www.fifa.com/en/tournaments/mens/worldcup/articles/world-cup-champions-1982-2026-italy-argentina-germany-brazil-france-spain","Italy won2006 under Marcello Lippi; Germany won2014 under Joachim Low; France won2018 under Didier Deschamps. Only historical editions through2022 used. Verified 2026-10-07.","2026-10-07"
"world_cup_v2_130","medium400","worldcup:italy2006:coach",,"من قاد إيطاليا مدرباً للفوز بكأس العالم 2006؟","Who coached Italy to the 2006 World Cup title?","مارشيلو ليبي","Marcello Lippi","FIFA — World Cup champions 1982-2026","https://www.fifa.com/en/tournaments/mens/worldcup/articles/world-cup-champions-1982-2026-italy-argentina-germany-brazil-france-spain","Italy won2006 under Marcello Lippi; Germany won2014 under Joachim Low; France won2018 under Didier Deschamps. Only historical editions through2022 used. Verified 2026-10-07.","2026-10-07"
"world_cup_v2_131","medium400","worldcup:spain2010:coach",,"من كان مدرب إسبانيا حين فازت بكأس العالم 2010؟","Who coached Spain when they won the 2010 World Cup?","فيسنتي ديل بوسكي","Vicente del Bosque","FIFA — All World Cup finals","https://www.fifa.com/es/tournaments/mens/worldcup/articles/todas-las-finales-de-la-copa-mundial-de-la-fifa","Vicente del Bosque coached Spain to the 2010 title. Verified 2026-10-07.","2026-10-07"
"world_cup_v2_132","medium400","worldcup:germany2014:coach",,"من كان مدرب ألمانيا في تتويجها بكأس العالم 2014؟","Who coached Germany to the 2014 World Cup title?","يواخيم لوف","Joachim Low","FIFA — World Cup champions 1982-2026","https://www.fifa.com/en/tournaments/mens/worldcup/articles/world-cup-champions-1982-2026-italy-argentina-germany-brazil-france-spain","Italy won2006 under Marcello Lippi; Germany won2014 under Joachim Low; France won2018 under Didier Deschamps. Only historical editions through2022 used. Verified 2026-10-07.","2026-10-07"
"world_cup_v2_133","medium400","worldcup:uruguay1930:captain",,"من قاد أوروغواي داخل الملعب للفوز بأول كأس عالم عام 1930؟","Who captained Uruguay to victory at the first World Cup in 1930?","خوسيه ناسازي","Jose Nasazzi","FIFA — Uruguay at the 1930 World Cup","https://www.fifa.com/es/tournaments/mens/worldcup/articles/uruguay-copa-mundial-1930-jugadores-resutados-maximos-goleadores","Uruguay beat Argentina 4-2 in the 1930 final at Estadio Centenario, Montevideo. Uruguay goals Dorado, Cea, Iriarte, Castro; Argentina goals Peucelle and Stabile. Verified 2026-10-07.","2026-10-07"
"world_cup_v2_134","medium400","worldcup:italy1982:fortyyearold",,"من حارس إيطاليا الذي فاز بكأس العالم 1982 وهو في الأربعين من عمره؟","Which Italy goalkeeper won the 1982 World Cup at the age of forty?","دينو زوف","Dino Zoff","FIFA — Dino Zoff, an icon turns eighty","https://inside.fifa.com/en/news/dino-zoff-an-icon-turns-80","Dino Zoff was forty when he won the 1982 World Cup with Italy. Verified 2026-10-07.","2026-10-07"
"world_cup_v2_135","medium400","worldcup:trophy:honoree",,"على اسم أي رئيس للفيفا سُمّيت الكأس الأصلية لكأس العالم؟","After which FIFA president was the original World Cup trophy named?","جول ريميه","Jules Rimet","FIFA — Past presidents, Jules Rimet","https://inside.fifa.com/en/organisation/president/past-presidents","The original World Cup trophy was renamed in honour of Jules Rimet in1946. Verified 2026-10-07.","2026-10-07"
"world_cup_v2_136","medium400","worldcup:opening2010:scorer",,"من سجل أول أهداف كأس العالم 2010 لجنوب أفريقيا أمام المكسيك؟","Who scored the opening goal of the 2010 World Cup for South Africa against Mexico?","سيفيوي تشابالالا","Siphiwe Tshabalala","FIFA — Tshabalala opens South Africa 2010 with a bang","https://inside.fifa.com/tournaments/mens/worldcup/2010south-africa/news/video-vault-tshabalala-opens-south-africa-2010-with-a-bang-2921847","South Africa was the first African host; Siphiwe Tshabalala scored the tournament's opening goal against Mexico. Verified 2026-10-07.","2026-10-07"
"world_cup_v2_137","hard600","worldcup:laurent1930:assist",,"من أرسل العرضية التي سجل منها لوسيان لوران أول هدف في تاريخ كأس العالم؟","Who supplied the cross from which Lucien Laurent scored the first World Cup goal?","إرنست ليبيراتي","Ernest Liberati","FIFA — Lucien Laurent, the first World Cup goalscorer","https://inside.fifa.com/en/tournaments/mens/worldcup/1930uruguay/news/lucien-laurent-the-first-world-cup-goalscorer","France's Lucien Laurent scored the first World Cup goal against Mexico on 13 July 1930 in Montevideo; France won 4-1; Ernest Liberati supplied the cross. Verified 2026-10-07.","2026-10-07"
"world_cup_v2_138","hard600","worldcup:trophy1966:owner",,"ما اسم صاحب الكلب بيكلز الذي عثر على كأس العالم المسروقة عام 1966؟","What was the name of Pickles' owner, who recovered the stolen World Cup trophy in 1966?","ديفيد كوربيت","David Corbett","FIFA — Pickles and the stolen World Cup","https://inside.fifa.com/en/news/pickles-and-the-stolen-world-cup-2771152","The trophy was stolen in London on 20 March 1966 from a stamp exhibition at Methodist Central Hall, Westminster. Pickles and owner David Corbett recovered it wrapped in newspaper one week later. Verified 2026-10-07.","2026-10-07"
"world_cup_v2_139","hard600","worldcup:trophy1966:exhibitiontype",,"في معرض لأي هواية سُرقت كأس العالم في لندن عام 1966؟","At an exhibition for which hobby was the World Cup trophy stolen in London in 1966?","جمع الطوابع","Stamp collecting","FIFA — Pickles and the stolen World Cup","https://inside.fifa.com/en/news/pickles-and-the-stolen-world-cup-2771152","The trophy was stolen in London on 20 March 1966 from a stamp exhibition at Methodist Central Hall, Westminster. Pickles and owner David Corbett recovered it wrapped in newspaper one week later. Verified 2026-10-07.","2026-10-07"
"world_cup_v2_140","hard600","worldcup:italy1938:finalopponent",,"أي منتخب خسر أمام إيطاليا 4–2 في نهائي كأس العالم 1938؟","Which team lost 4–2 to Italy in the 1938 World Cup final?","المجر","Hungary","FIFA — Double joy for Pozzo's Italy","https://inside.fifa.com/tournaments/mens/worldcup/1938france/news/double-joy-for-pozzo-s-italy","Italy defeated Hungary 4-2 in the 1938 final, with Gino Colaussi and Silvio Piola scoring two goals each. France hosted the tournament. Verified 2026-10-07.","2026-10-07"
"world_cup_v2_141","hard600","worldcup:maracanazo1950:equaliser",,"من سجل هدف التعادل لأوروغواي قبل هدف غيغيا في المباراة الحاسمة لمونديال 1950؟","Who equalised for Uruguay before Ghiggia's goal in the decisive match of the 1950 World Cup?","خوان ألبرتو سكيافينو","Juan Alberto Schiaffino","FIFA — Uruguay's stunning upset of Brazil","https://www.fifa.com/en/articles/uruguay-brazil-1950-maracanazo","Uruguay beat Brazil 2-1 at the Maracana on 16 July 1950. Juan Alberto Schiaffino and Alcides Ghiggia scored Uruguay's goals; Brazil needed only a draw. Verified 2026-10-07.","2026-10-07"
"world_cup_v2_142","hard600","worldcup:lausanne1954:city",,"في أي مدينة أُقيمت مباراة النمسا وسويسرا التي انتهت 7–5 في مونديال 1954؟","In which city was Austria's 7–5 win over Switzerland at the 1954 World Cup played?","لوزان","Lausanne","FIFA — Goals galore at Switzerland 1954","https://inside.fifa.com/tournaments/mens/worldcup/2018russia/news/12-days-to-go-goals-galore-switzerland-1954-2952383","Austria beat Switzerland 7-5 on 26 June 1954 in the quarter-finals in Lausanne. The match contained twelve goals. Verified 2026-10-07.","2026-10-07"
"world_cup_v2_143","hard600","worldcup:final1970:italianscorer",,"من سجل هدف إيطاليا الوحيد في نهائي كأس العالم 1970؟","Who scored Italy's only goal in the 1970 World Cup final?","روبرتو بونينسينيا","Roberto Boninsegna","FIFA — Brazil v Italy, Mexico 1970 final","https://www.fifa.com/pt/tournaments/mens/worldcup/articles/brasil-italia-final-copa-mundo-1970","Brazil beat Italy 4-1 at Estadio Azteca. Brazil's scorers were Pele, Gerson, Jairzinho and Carlos Alberto; Roberto Boninsegna scored for Italy. Brazil earned permanent possession of the Jules Rimet Trophy. Verified 2026-10-07.","2026-10-07"
"world_cup_v2_144","hard600","worldcup:final1974:equaliser",,"من سجل من ركلة جزاء هدف التعادل لألمانيا الغربية في نهائي كأس العالم 1974؟","Who scored West Germany's equaliser from a penalty in the 1974 World Cup final?","باول برايتنر","Paul Breitner","FIFA — Neeskens just about holds his nerve","https://inside.fifa.com/tournaments/mens/worldcup/1974germany/news/neeskens-just-about-holds-his-nerve-2840562","Johan Neeskens opened the final with a penalty; Paul Breitner equalised with a penalty; Gerd Muller scored the winner before half-time. Helmut Schon coached West Germany. Verified 2026-10-07.","2026-10-07"
"world_cup_v2_145","hard600","worldcup:final1974:openingpenalty",,"من سجل ركلة الجزاء التي منحت هولندا التقدم في بداية نهائي كأس العالم 1974؟","Who scored the penalty that gave the Netherlands an early lead in the 1974 World Cup final?","يوهان نيسكينز","Johan Neeskens","FIFA — Neeskens just about holds his nerve","https://inside.fifa.com/tournaments/mens/worldcup/1974germany/news/neeskens-just-about-holds-his-nerve-2840562","Johan Neeskens opened the final with a penalty; Paul Breitner equalised with a penalty; Gerd Muller scored the winner before half-time. Helmut Schon coached West Germany. Verified 2026-10-07.","2026-10-07"
"world_cup_v2_146","hard600","worldcup:semifinal2006:secondscorer",,"من سجل هدف إيطاليا الثاني أمام ألمانيا في نهاية الوقت الإضافي بنصف نهائي مونديال 2006؟","Who scored Italy's second goal against Germany at the end of extra time in the 2006 World Cup semi-final?","أليساندرو ديل بييرو","Alessandro Del Piero","FIFA — Germany v Italy, greatest games","https://www.fifa.com/en/tournaments/mens/worldcup/articles/germany-italy-greatest-games","Italy beat Germany 2-0 in the 2006 semi-final at Dortmund with late extra-time goals by Fabio Grosso and Alessandro Del Piero. Verified 2026-10-07.","2026-10-07"
"world_cup_v2_147","hard600","worldcup:final2006:francekeeper",,"من كان حارس فرنسا الذي واجه ركلة فابيو غروسو الحاسمة في نهائي مونديال 2006؟","Who was France's goalkeeper facing Fabio Grosso's decisive kick in the 2006 World Cup final?","فابيان بارتيز","Fabien Barthez","FIFA — Grosso strikes gold for Italy","https://inside.fifa.com/tournaments/mens/worldcup/2006germany/news/grosso-strikes-gold-for-italy-2861579","Fabio Grosso scored the winning shoot-out kick against France in the 2006 final; Fabien Barthez was France's goalkeeper. Verified 2026-10-07.","2026-10-07"
"world_cup_v2_148","hard600","worldcup:final2010:tributeperson",,"لمن أهدى إنييستا هدفه في نهائي مونديال 2010 برسالة على قميصه الداخلي؟","To whom did Iniesta dedicate his goal in the 2010 World Cup final with a message on his undershirt?","داني خاركي","Dani Jarque","FIFA — Iniesta on Spain's triumph and Dani Jarque tribute","https://www.fifa.com/en/tournaments/mens/worldcup/articles/andres-iniesta-spain-dani-jarque","Andres Iniesta scored the winning goal against the Netherlands in the 2010 final and paid tribute to Dani Jarque. Verified 2026-10-07.","2026-10-07"
"world_cup_v2_149","hard600","worldcup:awards2018:goldenglove",,"من فاز بالقفاز الذهبي لأفضل حارس في كأس العالم 2018؟","Who won the Golden Glove as the best goalkeeper at the 2018 World Cup?","تيبو كورتوا","Thibaut Courtois","FIFA — Golden consolation for magical Modric","https://inside.fifa.com/tournaments/mens/worldcup/2018russia/news/157-awards-piece-2986294","Luka Modric won the Golden Ball; Thibaut Courtois the Golden Glove; Harry Kane the Golden Boot; Kylian Mbappe the Young Player award in 2018. Verified 2026-10-07.","2026-10-07"
"world_cup_v2_150","hard600","worldcup:awards2022:fairplay",,"أي منتخب فاز بجائزة اللعب النظيف في كأس العالم 2022؟","Which team won the Fair Play Award at the 2022 World Cup?","إنجلترا","England","FIFA — Messi wins Qatar 2022 Golden Ball","https://www.fifa.com/fr/articles/lionel-messi-ballon-d-or-meilleur-joueur-coupe-du-monde-2022","Messi won the Golden Ball, Mbappe the Golden Boot, Emiliano Martinez the Golden Glove, Enzo Fernandez the Young Player award and England the Fair Play award. Verified 2026-10-07.","2026-10-07"
"world_cup_v2_151","hard600","worldcup:final2022:savedfrenchkick",,"لأي لاعب فرنسي تصدى إيميليانو مارتينيز في ركلات ترجيح نهائي كأس العالم 2022؟","Which French player's kick did Emiliano Martinez save in the 2022 World Cup final shoot-out?","كينغسلي كومان","Kingsley Coman","FFF — Si fou, si beau, si cruel","https://www.fff.fr/article/9090-si-fou-si-beau-si-cruel.html","In the 2022 final shoot-out Coman's kick was saved and Tchouameni missed; Argentina won. Verified 2026-10-07.","2026-10-07"
"world_cup_v2_152","hard600","worldcup:portugal1966:fifthscorer",,"من سجل هدف البرتغال الخامس أمام كوريا الشمالية في ربع نهائي كأس العالم 1966؟","Who scored Portugal's fifth goal against Korea DPR in the 1966 World Cup quarter-final?","جوزيه أوغوستو","Jose Augusto","FIFA — Portugal 5-3 Korea DPR, greatest games","https://www.fifa.com/en/tournaments/mens/worldcup/articles/portugal-korea-dpr-eusebio-england-1966","Portugal overturned a 3-0 deficit to win 5-3 at Goodison Park in the 1966 quarter-final. Eusebio scored four goals, two penalties; Jose Augusto scored Portugal's fifth. Verified 2026-10-07.","2026-10-07"
"world_cup_v2_153","hard600","worldcup:croatia1998:openinggoal",,"من سجل هدف تقدم كرواتيا أمام فرنسا في نصف نهائي مونديال 1998؟","Who scored Croatia's opening goal against France in the 1998 World Cup semi-final?","دافور شوكر","Davor Suker","FIFA — Titanic Thuram sinks Croatia","https://inside.fifa.com/en/tournaments/mens/worldcup/1998france/news/worldcupathome-titanic-thuram-sinks-croatia-3072150","France beat Croatia 2-1 in the 8 July 1998 semi-final at Stade de France. Lilian Thuram scored both France goals; Davor Suker scored Croatia's goal. Verified 2026-10-07.","2026-10-07"
"world_cup_v2_154","hard600","worldcup:nigeria1994:italyhero",,"من سجل هدفي إيطاليا في قلب النتيجة على نيجيريا بدور الـ16 في مونديال 1994؟","Who scored both Italy goals in their comeback against Nigeria in the round of 16 at the 1994 World Cup?","روبرتو باجيو","Roberto Baggio","FIFA — Baggio-inspired comeback sees Italy oust Nigeria","https://inside.fifa.com/tournaments/mens/worldcup/1994usa/news/worldcupathome-nigeria-italy-1994-baggio-comeback","Italy eliminated Nigeria in the round of 16 after extra time with Baggio scoring both Italian goals; Baggio scored the quarter-final winner against Spain and twice against Bulgaria in the semi-final. Verified 2026-10-07.","2026-10-07"
"world_cup_v2_155","hard600","worldcup:portugal1966:venue",,"في أي ملعب عادت البرتغال من تأخرها 0–3 أمام كوريا الشمالية في مونديال 1966؟","At which stadium did Portugal recover from 0–3 against Korea DPR at the 1966 World Cup?","غوديسون بارك","Goodison Park","FIFA — Portugal 5-3 Korea DPR, greatest games","https://www.fifa.com/en/tournaments/mens/worldcup/articles/portugal-korea-dpr-eusebio-england-1966","Portugal overturned a 3-0 deficit to win 5-3 at Goodison Park in the 1966 quarter-final. Eusebio scored four goals, two penalties; Jose Augusto scored Portugal's fifth. Verified 2026-10-07.","2026-10-07"
"world_cup_v2_156","hard600","worldcup:mascot1974:names",,"ما اسما تميمتي كأس العالم 1974 في ألمانيا الغربية؟","What were the names of the two mascots of the 1974 World Cup in West Germany?","تيب وتاب","Tip and Tap","FIFA — Remembering World Cup mascots","https://inside.fifa.com/en/tournaments/mens/worldcup/2018russia/news/from-1966-to-2014-looking-back-at-fifa-world-cup-mascots-2764879","Official mascot names: World Cup Willie 1966; Juanito 1970; Tip and Tap 1974; Gauchito 1978; Naranjito 1982; Pique 1986; Ciao 1990; Footix 1998. Verified 2026-10-07.","2026-10-07"
"world_cup_v2_157","hard600","worldcup:mascot1990:name",,"ما اسم تميمة كأس العالم 1990 في إيطاليا؟","What was the name of the mascot of the 1990 World Cup in Italy?","تشاو","Ciao","FIFA — Remembering World Cup mascots","https://inside.fifa.com/en/tournaments/mens/worldcup/2018russia/news/from-1966-to-2014-looking-back-at-fifa-world-cup-mascots-2764879","Official mascot names: World Cup Willie 1966; Juanito 1970; Tip and Tap 1974; Gauchito 1978; Naranjito 1982; Pique 1986; Ciao 1990; Footix 1998. Verified 2026-10-07.","2026-10-07"
"world_cup_v2_158","hard600","worldcup:ball1994:name",,"ما اسم الكرة الرسمية لكأس العالم 1994 في الولايات المتحدة؟","What was the name of the official ball of the 1994 World Cup in the United States?","كويسترا","Questra","FIFA — The adidas Telstar begins ball chain","https://inside.fifa.com/tournaments/mens/worldcup/1970mexico/news/telstar-story-fifa-world-cup-ball-3073424","Telstar debuted in 1970 with 32 leather panels for visibility on black-and-white television. Tango 1978; Azteca 1986; Etrusco Unico 1990; Questra 1994; Tricolore 1998 first coloured ball; Fevernova 2002; Teamgeist 2006; Jabulani 2010 eight panels; Brazuca 2014 six panels; Telstar18 embedded NFC chip. Verified 2026-10-07.","2026-10-07"
"world_cup_v2_159","hard600","worldcup:ball2002:name",,"ما اسم الكرة الرسمية لمونديال كوريا الجنوبية واليابان 2002؟","What was the name of the official ball of the 2002 World Cup in Korea Republic and Japan?","فيفرنوفا","Fevernova","FIFA — The adidas Telstar begins ball chain","https://inside.fifa.com/tournaments/mens/worldcup/1970mexico/news/telstar-story-fifa-world-cup-ball-3073424","Telstar debuted in 1970 with 32 leather panels for visibility on black-and-white television. Tango 1978; Azteca 1986; Etrusco Unico 1990; Questra 1994; Tricolore 1998 first coloured ball; Fevernova 2002; Teamgeist 2006; Jabulani 2010 eight panels; Brazuca 2014 six panels; Telstar18 embedded NFC chip. Verified 2026-10-07.","2026-10-07"
"world_cup_v2_160","hard600","worldcup:ball1970:panels",,"من كم قطعة جلدية تكوّنت كرة تيلستار في كأس العالم 1970؟","How many leather panels made up the Telstar ball at the 1970 World Cup?","32 قطعة","32 panels","FIFA — The adidas Telstar begins ball chain","https://inside.fifa.com/tournaments/mens/worldcup/1970mexico/news/telstar-story-fifa-world-cup-ball-3073424","Telstar debuted in 1970 with 32 leather panels for visibility on black-and-white television. Tango 1978; Azteca 1986; Etrusco Unico 1990; Questra 1994; Tricolore 1998 first coloured ball; Fevernova 2002; Teamgeist 2006; Jabulani 2010 eight panels; Brazuca 2014 six panels; Telstar18 embedded NFC chip. Verified 2026-10-07.","2026-10-07"
"world_cup_v2_161","hard600","worldcup:ball1998:colourfirst",,"أي كرة كانت أول كرة رسمية ملونة في كأس العالم، عند استخدامها في فرنسا 1998؟","Which ball became the first coloured official World Cup ball when used at France 1998?","تريكولور","Tricolore","FIFA — The adidas Telstar begins ball chain","https://inside.fifa.com/tournaments/mens/worldcup/1970mexico/news/telstar-story-fifa-world-cup-ball-3073424","Telstar debuted in 1970 with 32 leather panels for visibility on black-and-white television. Tango 1978; Azteca 1986; Etrusco Unico 1990; Questra 1994; Tricolore 1998 first coloured ball; Fevernova 2002; Teamgeist 2006; Jabulani 2010 eight panels; Brazuca 2014 six panels; Telstar18 embedded NFC chip. Verified 2026-10-07.","2026-10-07"
"world_cup_v2_162","hard600","worldcup:shootout1982:firstmiss",,"من كان أول لاعب لا يسجل ركلته في ركلات ترجيح نهائيات كأس العالم؟","Who was the first player to fail to score in a World Cup finals penalty shoot-out?","أولي شتيليكه","Uli Stielike","FIFA — The history of the penalty shoot-out","https://www.fifa.com/en/articles/the-long-walk-documentary-the-history-of-the-penalty-shoot-out","Uli Stielike was the first player to miss a World Cup shoot-out penalty in the 1982 semi-final against France. David O'Leary scored Ireland's decisive shoot-out penalty in 1990. Verified 2026-10-07.","2026-10-07"
"world_cup_v2_163","hard600","worldcup:ireland1990:decisivekick",,"من سجل ركلة الترجيح التي أهلت أيرلندا إلى ربع نهائي مونديال 1990؟","Who scored the shoot-out kick that sent Ireland to the 1990 World Cup quarter-finals?","ديفيد أوليري","David O'Leary","FIFA — The history of the penalty shoot-out","https://www.fifa.com/en/articles/the-long-walk-documentary-the-history-of-the-penalty-shoot-out","Uli Stielike was the first player to miss a World Cup shoot-out penalty in the 1982 semi-final against France. David O'Leary scored Ireland's decisive shoot-out penalty in 1990. Verified 2026-10-07.","2026-10-07"
"world_cup_v2_164","hard600","worldcup:cards1966:dismissedcaptain",,"من قائد الأرجنتين الذي طُرد أمام إنجلترا في ربع نهائي كأس العالم 1966؟","Which Argentina captain was sent off against England in the 1966 World Cup quarter-final?","أنطونيو راتين","Antonio Rattin","FIFA — Gripping tales and inspirational traffic lights","https://inside.fifa.com/en/tournaments/mens/worldcup/1966england/news/1966-world-cup-gripping-tales-and-inspirational-traffic-lights-2812820","Ken Aston devised yellow and red cards after 1966, inspired by traffic lights. They debuted in 1970. Rudolf Kreitlein dismissed Argentina captain Antonio Rattin in 1966. Aston refereed the Chile-Italy Battle of Santiago in 1962. Verified 2026-10-07.","2026-10-07"
"world_cup_v2_165","hard600","worldcup:cards1966:referee",,"من الحكم الألماني الذي طرد أنطونيو راتين أمام إنجلترا في مونديال 1966؟","Which German referee sent off Antonio Rattin against England at the 1966 World Cup?","رودولف كرايتلاين","Rudolf Kreitlein","FIFA — Gripping tales and inspirational traffic lights","https://inside.fifa.com/en/tournaments/mens/worldcup/1966england/news/1966-world-cup-gripping-tales-and-inspirational-traffic-lights-2812820","Ken Aston devised yellow and red cards after 1966, inspired by traffic lights. They debuted in 1970. Rudolf Kreitlein dismissed Argentina captain Antonio Rattin in 1966. Aston refereed the Chile-Italy Battle of Santiago in 1962. Verified 2026-10-07.","2026-10-07"
"world_cup_v2_166","hard600","worldcup:final1954:winnergoal",,"من أنهى عودة ألمانيا الغربية في «معجزة برن» بتسجيل هدف الفوز في نهائي 1954؟","Who completed West Germany's Miracle of Bern comeback with the winning goal in the 1954 final?","هيلموت ران","Helmut Rahn","FIFA — The Miracle of Bern","https://www.fifa.com/en/tournaments/mens/worldcup/articles/west-germany-hungary-1954-final","West Germany defeated Hungary 3-2 in the 1954 final in Bern, with Helmut Rahn scoring the winner. Verified 2026-10-07.","2026-10-07"
"world_cup_v2_167","hard600","worldcup:final1962:openinggoal",,"من منح تشيكوسلوفاكيا التقدم على البرازيل في نهائي كأس العالم 1962؟","Who gave Czechoslovakia the lead against Brazil in the 1962 World Cup final?","يوزيف ماسوبوست","Josef Masopust","FIFA — Brazil's history in World Cup finals","https://www.fifa.com/pt/tournaments/mens/worldcup/canadamexicousa2026/articles/historia-brasil-finais-copa-mundo-fifa?searchOverlay=1","Brazil beat Czechoslovakia 3-1 at Estadio Nacional in Santiago in 1962. Masopust opened the scoring; Amarildo, Zito and Vava scored Brazil's goals. Verified 2026-10-07.","2026-10-07"
"world_cup_v2_168","hard600","worldcup:final1962:equaliser",,"من سجل هدف تعادل البرازيل في نهائي كأس العالم 1962؟","Who scored Brazil's equaliser in the 1962 World Cup final?","أماريلدو","Amarildo","FIFA — Brazil's history in World Cup finals","https://www.fifa.com/pt/tournaments/mens/worldcup/canadamexicousa2026/articles/historia-brasil-finais-copa-mundo-fifa?searchOverlay=1","Brazil beat Czechoslovakia 3-1 at Estadio Nacional in Santiago in 1962. Masopust opened the scoring; Amarildo, Zito and Vava scored Brazil's goals. Verified 2026-10-07.","2026-10-07"
"world_cup_v2_169","hard600","worldcup:final1930:closinggoal",,"من سجل هدف أوروغواي الرابع في نهائي كأس العالم 1930؟","Who scored Uruguay's fourth goal in the 1930 World Cup final?","هيكتور كاسترو","Hector Castro","FIFA — Uruguay at the 1930 World Cup","https://www.fifa.com/es/tournaments/mens/worldcup/articles/uruguay-copa-mundial-1930-jugadores-resutados-maximos-goleadores","Uruguay beat Argentina 4-2 in the 1930 final at Estadio Centenario, Montevideo. Uruguay goals Dorado, Cea, Iriarte, Castro; Argentina goals Peucelle and Stabile. Verified 2026-10-07.","2026-10-07"
"world_cup_v2_170","hard600","worldcup:ghana2010:decisivekick",,"من سجل ركلة الترجيح التي حسمت تأهل أوروغواي أمام غانا في مونديال 2010؟","Who scored the shoot-out kick that secured Uruguay's progress against Ghana at the 2010 World Cup?","سيباستيان أبريو","Sebastian Abreu","FIFA — World Cup group celebrations","https://www.fifa.com/es/tournaments/mens/worldcup/articles/fotos-copa-mundial-celebraciones-de-grupo","Sebastian Abreu scored the decisive shoot-out kick against Ghana in the 2010 quarter-final. Verified 2026-10-07.","2026-10-07"
"world_cup_v2_171","hard600","worldcup:final2014:replacedplayer",,"أي لاعب ألماني اضطر للخروج ليحل أندريه شورله مكانه في الشوط الأول من نهائي مونديال 2014؟","Which German player had to leave the field for Andre Schurrle in the first half of the 2014 World Cup final?","كريستوف كرامر","Christoph Kramer","FIFA — An unlikely German hero","https://www.fifa.com/en/tournaments/mens/worldcup/canadamexicousa2026/articles/andre-schurrle-germany-2014","Schurrle replaced Christoph Kramer in the thirty-second minute of the 2014 final and supplied Gotze's winning goal. Verified 2026-10-07.","2026-10-07"
"world_cup_v2_172","hard600","worldcup:japan2022:germanywinner",,"من سجل هدف فوز اليابان على ألمانيا في كأس العالم 2022؟","Who scored Japan's winning goal against Germany at the 2022 World Cup?","تاكوما أسانو","Takuma Asano","UEFA — Germany at the 2022 World Cup","https://www.uefa.com/news/027b-169a7cb4af77-83e3ff86d224-1000--germany-at-the-2022-world-cup/","Germany lost 2-1 to Japan; Ritsu Doan and Takuma Asano scored for Japan. Germany drew 1-1 with Spain; Niclas Fullkrug equalised. Germany exited at the group stage. Verified 2026-10-07.","2026-10-07"
"world_cup_v2_173","hard600","worldcup:germany2022:spainequaliser",,"من سجل هدف تعادل ألمانيا أمام إسبانيا في كأس العالم 2022؟","Who scored Germany's equaliser against Spain at the 2022 World Cup?","نيكلاس فولكروغ","Niclas Fullkrug","UEFA — Germany at the 2022 World Cup","https://www.uefa.com/news/027b-169a7cb4af77-83e3ff86d224-1000--germany-at-the-2022-world-cup/","Germany lost 2-1 to Japan; Ritsu Doan and Takuma Asano scored for Japan. Germany drew 1-1 with Spain; Niclas Fullkrug equalised. Germany exited at the group stage. Verified 2026-10-07.","2026-10-07"
"world_cup_v2_174","hard600","womensworldcup:final2003:goldengoal",,"من سجلت الهدف الذهبي الذي حسم كأس العالم للسيدات 2003 لألمانيا؟","Who scored the golden goal that won Germany the 2003 Women's World Cup?","نيا كونتسر","Nia Kunzer","FIFA — Germany's golden goal seals historic success","https://inside.fifa.com/tournaments/womens/womensworldcup/usa2003/news/worldcupathome-germany-sweden-usa-2003-3070050","Nia Kunzer scored an extra-time golden goal against Sweden to win Germany the 2003 Women's World Cup title. Verified 2026-10-07.","2026-10-07"
"world_cup_v2_175","hard600","womensworldcup:final2007:penaltysave",,"من حارسة ألمانيا التي تصدت لركلة جزاء مارتا في نهائي كأس العالم للسيدات 2007؟","Which Germany goalkeeper saved Marta's penalty in the 2007 Women's World Cup final?","نادين أنغيرر","Nadine Angerer","FIFA — The indomitable Nadine Angerer","https://inside.fifa.com/news/the-indomitable-nadine-angerer-2813379","Nadine Angerer saved Marta's penalty in the 2007 Women's World Cup final against Brazil in Shanghai. Verified 2026-10-07.","2026-10-07"
"world_cup_v2_176","hard600","womensworldcup:awards1991:goldenball",,"من فازت بالكرة الذهبية في أول كأس عالم للسيدات عام 1991؟","Who won the Golden Ball at the first Women's World Cup in 1991?","كارين جينينغز غابارا","Carin Jennings-Gabarra","FIFA — USA's triple-edged sword sets China 1991 ablaze","https://inside.fifa.com/tournaments/womens/womensworldcup/chinapr1991/news/usa-s-triple-edged-sword-sets-china-pr-1991-ablaze-2812104","USA won the inaugural Women's World Cup in China in 1991, beating Norway 2-1. Carin Jennings-Gabarra won the Golden Ball. Verified 2026-10-07.","2026-10-07"
"world_cup_v2_177","hard600","womensworldcup:final1995:opener",,"من سجلت هدف النرويج الأول في نهائي كأس العالم للسيدات 1995؟","Who scored Norway's opening goal in the 1995 Women's World Cup final?","هيغه ريسه","Hege Riise","FIFA — Norway's world-conquering class of 95","https://inside.fifa.com/tournaments/womens/womensworldcup/sweden1995/news/celebrating-norway-s-world-conquering-class-of-95","Norway won the 1995 Women's World Cup in Sweden; Hege Riise scored the final's opening goal. Verified 2026-10-07.","2026-10-07"
"world_cup_v2_178","hard600","worldcup:germany1994:headerwinner",,"من سجل برأسه هدف فوز بلغاريا على ألمانيا في ربع نهائي مونديال 1994؟","Who headed Bulgaria's winning goal against Germany in the 1994 World Cup quarter-final?","يوردان ليتشكوف","Yordan Letchkov","FIFA — Bulgaria shock Germany","https://www.fifa.com/pt/articles/bulgaria-vence-alemanha-1994-copa-grandes-momentos","Hristo Stoichkov and Yordan Letchkov scored in Bulgaria's 1994 quarter-final victory over Germany; Letchkov's header was the winner. Verified 2026-10-07.","2026-10-07"
"world_cup_v2_179","hard600","worldcup:turkey2002:goldengoal",,"من سجل الهدف الذهبي لتركيا أمام السنغال في ربع نهائي كأس العالم 2002؟","Who scored Turkey's golden goal against Senegal in the 2002 World Cup quarter-final?","إلهان مانسيز","Ilhan Mansiz","FIFA — Senegal's golden game","https://inside.fifa.com/tournaments/mens/worldcup/2002korea-japan/news/senegal-s-golden-game-2811871","Turkey's Ilhan Mansiz scored a golden goal that eliminated Senegal in the 2002 quarter-final. Bruno Metsu coached Senegal. Verified 2026-10-07.","2026-10-07"
"world_cup_v2_180","hard600","worldcup:eastgermany1974:scorer",,"من سجل هدف ألمانيا الشرقية في فوزها على ألمانيا الغربية بكأس العالم 1974؟","Who scored East Germany's goal in their victory over West Germany at the 1974 World Cup?","يورغن سبارفاسر","Jurgen Sparwasser","FIFA — East Germany edge battle of brothers","https://inside.fifa.com/news/east-edge-battle-brothers-1206103","East Germany defeated West Germany 1-0 in Hamburg's Volksparkstadion on 22 June 1974 with Jurgen Sparwasser's goal. Verified 2026-10-07.","2026-10-07"
"world_cup_v2_181","hard600","worldcup:asia1938:firstteam",,"تحت أي اسم شاركت إندونيسيا في كأس العالم 1938 بوصفها أول ممثل لآسيا؟","Under what name did Indonesia compete at the 1938 World Cup as Asia's first representative?","جزر الهند الشرقية الهولندية","Dutch East Indies","FIFA — Asia's greatest World Cup moments","https://www.fifa.com/en/tournaments/mens/worldcup/articles/asia-best-moments","Dutch East Indies, now Indonesia, became the first Asian side represented at the World Cup in France 1938. Verified 2026-10-07.","2026-10-07"
"world_cup_v2_182","hard600","worldcup:sweden1938:bigwinopponent",,"أي منتخب هزمته السويد 8–0 في ربع نهائي كأس العالم 1938؟","Which team did Sweden beat 8–0 in the 1938 World Cup quarter-final?","كوبا","Cuba","FIFA — Biggest knockout-phase victories","https://www.fifa.com/en/tournaments/mens/worldcup/articles/biggest-knockout-phase-stage-victories","Sweden beat Cuba 8-0 in 1938; Italy beat USA 7-1 in 1934; Hungary beat Dutch East Indies 6-0 in 1938; Portugal beat Switzerland 6-1 in 2022. Verified 2026-10-07.","2026-10-07"
"world_cup_v2_183","hard600","worldcup:awards1974:topscorer",,"من اللاعب البولندي الذي تصدر هدافي كأس العالم 1974؟","Which Polish player topped the scoring at the 1974 World Cup?","غجيغوش لاتو","Grzegorz Lato","FIFA — Lato wins Golden Boot","https://www.fifa.com/en/articles/grzegorz-lato-poland-1974","Grzegorz Lato topped the scoring in 1974 and helped Poland finish third. Verified 2026-10-07.","2026-10-07"
"world_cup_v2_184","hard600","worldcup:trophywar:hider",,"من المسؤول الإيطالي الذي أخفى كأس العالم في صندوق أحذية خلال الحرب العالمية الثانية؟","Which Italian official hid the World Cup trophy in a shoe box during World War II?","أوتورينو باراسي","Ottorino Barassi","FIFA — Dominant Azzurri retain their crown","https://inside.fifa.com/tournaments/mens/worldcup/1938france/news/dominant-azzurri-retain-their-crown-2866627","Italian official Ottorino Barassi hid the World Cup trophy in a shoe box under his bed during World War II. Verified 2026-10-07.","2026-10-07"
"world_cup_v2_185","hard600","worldcup:trophy:originalname",,"ما الاسم الأصلي لكأس العالم قبل تسميتها كأس جول ريميه؟","What was the World Cup trophy originally named before it became the Jules Rimet Trophy?","النصر «فيكتوري»","Victory","FIFA — World Cup trophy history","https://www.fifa.com/en/tournaments/mens/worldcup/canadamexicousa2026/articles/trophy-design-history-jules-rimet","The original trophy was first named Victory before becoming the Jules Rimet Trophy. Verified2026-10-07.","2026-10-07"
"world_cup_v2_186","hard600","worldcup:inaugural1930:ship",,"ما اسم السفينة التي نقلت منتخبات من أوروبا إلى أوروغواي للمشاركة في كأس العالم 1930؟","What was the name of the ship that carried teams from Europe to Uruguay for the 1930 World Cup?","كونتي فيردي","Conte Verde","FIFA — Better to travel hopefully than to arrive","https://inside.fifa.com/tournaments/mens/worldcup/1930uruguay/news/better-to-travel-hopefully-than-to-arrive-2771098","The Conte Verde carried teams to the inaugural World Cup and picked up Brazil's team in Rio de Janeiro. Italy travelled to Brazil's 1950 World Cup by ship. Verified 2026-10-07.","2026-10-07"
"world_cup_v2_187","hard600","worldcup:usa1950:winninggoal",,"من سجل هدف الولايات المتحدة في فوزها المفاجئ على إنجلترا بمونديال 1950؟","Who scored the United States' goal in their shock victory over England at the 1950 World Cup?","جو غايتجنز","Joe Gaetjens","FIFA — USA 1-0 England, 1950","https://www.fifa.com/pt/tournaments/mens/worldcup/articles/copa-mundo-1950-estados-unidos-inglaterra-zebra","USA beat England 1-0 in Belo Horizonte in 1950; Joe Gaetjens scored. Verified 2026-10-07.","2026-10-07"
"world_cup_v2_188","hard600","worldcup:colombia1962:directcorner",,"من اللاعب الكولومبي الذي سجل مباشرة من ركنية أمام الاتحاد السوفيتي في مونديال 1962؟","Which Colombian player scored directly from a corner against the Soviet Union at the 1962 World Cup?","ماركوس كول","Marcos Coll","FIFA — When corner king Coll shocked Yashin","https://www.fifa.com/en/tournaments/mens/worldcup/articles/marcos-coll-colombia-olympic-goal-1962","Marcos Coll scored directly from a corner for Colombia against the Soviet Union at Chile 1962. Verified 2026-10-07.","2026-10-07"
"world_cup_v2_189","hard600","worldcup:scotland1978:solohero",,"من سجل هدف اسكتلندا الفردي الشهير أمام هولندا في مونديال 1978؟","Who scored Scotland's famous solo goal against the Netherlands at the 1978 World Cup?","آرتشي غيميل","Archie Gemmill","FIFA — Archie Gemmill v Netherlands","https://www.fifa.com/en/tournaments/mens/worldcup/articles/archie-gemmill-scotland-netherlands-goal-1978","Archie Gemmill scored Scotland's famous solo goal against Netherlands in 1978. Verified 2026-10-07.","2026-10-07"
"world_cup_v2_190","hard600","worldcup:peru1978:freekick",,"من سجل لبيرو الركلة الحرة الشهيرة أمام اسكتلندا في كأس العالم 1978؟","Who scored Peru's famous free-kick against Scotland at the 1978 World Cup?","تيوفيلو كوبياس","Teofilo Cubillas","FIFA — Teofilo Cubillas v Scotland","https://www.fifa.com/en/articles/teofilo-cubillas-goal-peru-scotland-argentina-1978","Teofilo Cubillas scored Peru's celebrated free-kick against Scotland in 1978. Verified 2026-10-07.","2026-10-07"
"world_cup_v2_191","hard600","worldcup:algeria1982:openinggoal",,"أي مهاجم جزائري افتتح التسجيل في الانتصار التاريخي على ألمانيا الغربية بمونديال 1982؟","Which Algerian striker opened the scoring in the historic 1982 win over West Germany?","رابح ماجر","Rabah Madjer","FIFA — Algeria shock West Germany","https://www.fifa.com/ar/articles/100-great-world-cup-moments-72-algeria-west-germany-1982-ar","Algeria defeated West Germany 2-1 in 1982 with goals by Rabah Madjer and Lakhdar Belloumi. Verified 2026-10-07.","2026-10-07"
"world_cup_v2_192","hard600","worldcup:algeria2014:consolation",,"من سجل هدف الجزائر أمام ألمانيا في دور الـ16 بمونديال 2014؟","Who scored Algeria's goal against Germany in the round of 16 at the 2014 World Cup?","عبد المؤمن جابو","Abdelmoumene Djabou","FIFA — Algeria's performance against Germany","https://www.fifa.com/en/tournaments/mens/worldcup/articles/algeria-germany-brazil-2014","Germany beat Algeria 2-1 after extra time in the 2014 round of 16. Andre Schurrle and Mesut Ozil scored for Germany; Abdelmoumene Djabou for Algeria. Verified 2026-10-07.","2026-10-07"
"world_cup_v2_193","hard600","worldcup:croatia2022:equaliser",,"من سجل هدف تعادل كرواتيا أمام البرازيل في نهاية الوقت الإضافي بمونديال 2022؟","Who scored Croatia's late extra-time equaliser against Brazil at the 2022 World Cup?","برونو بيتكوفيتش","Bruno Petkovic","UEFA — Croatia at the 2022 World Cup","https://www.uefa.com/news/027b-169a7169dd60-6148d39469f8-1000--croatia-at-the-2022-world-cup/","Croatia drew 1-1 with Brazil after extra time in the quarter-final, winning the shoot-out 4-2. Bruno Petkovic equalised after Neymar's opener. Verified 2026-10-07.","2026-10-07"
"world_cup_v2_194","hard600","worldcup:cameroon1982:unbeatenexit",,"أي منتخب أفريقي خرج من دور المجموعات في كأس العالم 1982 دون خسارة أي مباراة؟","Which African team exited the group stage at the 1982 World Cup without losing a match?","الكاميرون","Cameroon","FIFA — Unbeaten teams","https://www.fifa.com/en/tournaments/mens/worldcup/canadamexicousa2026/articles/unbeaten-undefeated-teams?searchOverlay=1","Cameroon in 1982, Belgium in 1998, Scotland in 1974 and New Zealand in 2010 exited the group stage unbeaten. Verified 2026-10-07.","2026-10-07"
"world_cup_v2_195","hard600","worldcup:newzealand2010:unbeatenexit",,"أي منتخب من أوقيانوسيا خرج من دور المجموعات بمونديال 2010 دون خسارة؟","Which Oceania team exited the group stage at the 2010 World Cup unbeaten?","نيوزيلندا","New Zealand","FIFA — Unbeaten teams","https://www.fifa.com/en/tournaments/mens/worldcup/canadamexicousa2026/articles/unbeaten-undefeated-teams?searchOverlay=1","Cameroon in 1982, Belgium in 1998, Scotland in 1974 and New Zealand in 2010 exited the group stage unbeaten. Verified 2026-10-07.","2026-10-07"
"world_cup_v2_196","hard600","worldcup:final1962:thirdgoal",,"من سجل هدف البرازيل الثالث في نهائي كأس العالم 1962؟","Who scored Brazil's third goal in the 1962 World Cup final?","فافا","Vava","FIFA — Brazil's history in World Cup finals","https://www.fifa.com/pt/tournaments/mens/worldcup/canadamexicousa2026/articles/historia-brasil-finais-copa-mundo-fifa?searchOverlay=1","Brazil beat Czechoslovakia 3-1 at Estadio Nacional in Santiago in 1962. Masopust opened the scoring; Amarildo, Zito and Vava scored Brazil's goals. Verified 2026-10-07.","2026-10-07"
"world_cup_v2_197","hard600","worldcup:final1930:referee",,"من الحكم الذي أدار أول نهائي لكأس العالم عام 1930؟","Who refereed the first World Cup final in 1930?","جون لانغينوس","John Langenus","FIFA — Journey's end for Belgium's beach boys","https://inside.fifa.com/tournaments/mens/worldcup/1930uruguay/news/journey-s-end-for-belgium-s-beach-boys-2848795","John Langenus refereed the inaugural World Cup final between Uruguay and Argentina. Verified 2026-10-07.","2026-10-07"
"world_cup_v2_198","hard600","worldcup:final1934:winnergoal",,"من سجل هدف إيطاليا في الوقت الإضافي الذي حسم نهائي كأس العالم 1934؟","Who scored Italy's extra-time winner in the 1934 World Cup final?","أنجيلو سكيافيو","Angelo Schiavio","FIFA — Pozzo prepares Azzurri push","https://inside.fifa.com/tournaments/mens/worldcup/1934italy/news/pozzo-prepares-azzurri-push-2769391","Vittorio Pozzo coached Italy to the 1934 and 1938 World Cup titles. Verified 2026-10-07.","2026-10-07"
"world_cup_v2_199","hard600","worldcup:final1938:two-braces",,"أي لاعبين سجلا هدفين لكل منهما لإيطاليا في نهائي كأس العالم 1938؟","Which two players each scored twice for Italy in the 1938 World Cup final?","جينو كولاوسي وسيلفيو بيولا","Gino Colaussi and Silvio Piola","FIFA — Double joy for Pozzo's Italy","https://inside.fifa.com/tournaments/mens/worldcup/1938france/news/double-joy-for-pozzo-s-italy","Italy defeated Hungary 4-2 in the 1938 final, with Gino Colaussi and Silvio Piola scoring two goals each. France hosted the tournament. Verified 2026-10-07.","2026-10-07"
"world_cup_v2_200","hard600","worldcup:monti:twofinalnations",,"من لعب نهائي كأس العالم للأرجنتين عام 1930 ولإيطاليا عام 1934؟","Who played the World Cup final for Argentina in 1930 and for Italy in 1934?","لويس مونتي","Luis Monti","FIFA — Luis Monti's two finals","https://inside.fifa.com/es/tournaments/mens/worldcup/1934italy/news/la-singular-historia-de-luis-monti-y-sus-dos-finales","Luis Monti played the1930 final for Argentina and1934 final for Italy. Verified 2026-10-07.","2026-10-07"
"world_cup_v2_201","hard600","worldcup:bora:fiveconsecutiveteams",,"من المدرب الذي قاد خمسة منتخبات مختلفة في خمس نسخ متتالية من كأس العالم بين 1986 و2002؟","Which coach led five different national teams at five consecutive World Cups from 1986 to 2002?","بورا ميلوتينوفيتش","Bora Milutinovic","FIFA — Coaches with most World Cup participations","https://www.fifa.com/en/articles/coaches-most-participations-tournaments","Bora Milutinovic led five different national teams at five consecutive tournaments from1986 to2002. Verified 2026-10-07.","2026-10-07"
"world_cup_v2_202","hard600","worldcup:final1954:keeper",,"من حارس مرمى ألمانيا الغربية في نهائي كأس العالم 1954؟","Who was West Germany's goalkeeper in the 1954 World Cup final?","توني توريك","Toni Turek","FIFA — The Miracle of Bern","https://www.fifa.com/en/tournaments/mens/worldcup/articles/west-germany-hungary-1954-final","West Germany defeated Hungary 3-2 in the 1954 final in Bern, with Helmut Rahn scoring the winner. Verified 2026-10-07.","2026-10-07"
"world_cup_v2_203","hard600","worldcup:final1962:secondgoal",,"أي لاعب برازيلي سجل الهدف الذي منح فريقه التقدم 2–1 على تشيكوسلوفاكيا في نهائي 1962؟","Which Brazilian put his team 2–1 ahead of Czechoslovakia in the 1962 final?","زيتو","Zito","FIFA — Brazil's history in World Cup finals","https://www.fifa.com/pt/tournaments/mens/worldcup/canadamexicousa2026/articles/historia-brasil-finais-copa-mundo-fifa?searchOverlay=1","Brazil beat Czechoslovakia 3-1 at Estadio Nacional in Santiago in 1962. Masopust opened the scoring; Amarildo, Zito and Vava scored Brazil's goals. Verified 2026-10-07.","2026-10-07"
"world_cup_v2_204","hard600","womensworldcup:final2003:freekicksupplier",,"من أرسلت الركلة الحرة التي سجلت منها نيا كونتسر الهدف الذهبي في نهائي كأس العالم للسيدات 2003؟","Who delivered the free-kick from which Nia Kunzer headed the golden goal in the 2003 Women's World Cup final?","ريناته لينغور","Renate Lingor","FIFA — 2003 final countdown","https://www.fifa.com/en/articles/2003-final-sweden-germany-womens-world-cup-australia-and-new-zealand-countdown","Renate Lingor's free-kick supplied Nia Kunzer's golden-goal header in the2003 Women's World Cup final. Verified 2026-10-07.","2026-10-07"
