"id","difficulty","factKey","topic","questionAr","questionEn","answerAr","answerEn","sourceName","sourceUrl","evidence","lastVerified"
"saudi_general_v2_001","easy200","geography:riyadh:capital",,"ما عاصمة المملكة العربية السعودية؟","What is the capital of Saudi Arabia?","الرياض","Riyadh","OPEC Fund — Saudi Arabia country profile","https://opecfund.org/who-we-are/member-countries/saudi-arabia","Capital Riyadh; kingdom occupies most of Arabian Peninsula; borders listed. Use stable geography only, excluding changing economic statistics.","2026-10-07"
"saudi_general_v2_002","easy200","currency:riyal:unit",,"ما العملة الرسمية في السعودية؟","What is Saudi Arabia's official currency?","الريال السعودي","The Saudi riyal","Saudipedia — Saudi Arabia","https://saudipedia.com/en/saudi-arabia","Saudi riyal; 13 administrative provinces; western Red Sea and eastern Arabian Gulf; founder King Abdulaziz; unification 23 September 1932. Exclude disputed banknote and mining claims.","2026-10-07"
"saudi_general_v2_003","easy200","history:abdulaziz:founder",,"من الملك المؤسس للمملكة العربية السعودية الحديثة؟","Who was the founding king of modern Saudi Arabia?","الملك عبدالعزيز بن عبدالرحمن آل سعود","King Abdulaziz bin Abdulrahman Al Saud","Saudipedia — Saudi Arabia","https://saudipedia.com/en/saudi-arabia","Saudi riyal; 13 administrative provinces; western Red Sea and eastern Arabian Gulf; founder King Abdulaziz; unification 23 September 1932. Exclude disputed banknote and mining claims.","2026-10-07"
"saudi_general_v2_004","easy200","geography:redsea:westcoast",,"ما البحر الذي يطل عليه الساحل الغربي للسعودية؟","Which sea borders Saudi Arabia's western coast?","البحر الأحمر","The Red Sea","Saudipedia — Saudi Arabia","https://saudipedia.com/en/saudi-arabia","Saudi riyal; 13 administrative provinces; western Red Sea and eastern Arabian Gulf; founder King Abdulaziz; unification 23 September 1932. Exclude disputed banknote and mining claims.","2026-10-07"
"saudi_general_v2_005","easy200","geography:arabianpeninsula:location",,"في أي شبه جزيرة تقع السعودية؟","On which peninsula is Saudi Arabia located?","شبه الجزيرة العربية","The Arabian Peninsula","OPEC Fund — Saudi Arabia country profile","https://opecfund.org/who-we-are/member-countries/saudi-arabia","Capital Riyadh; kingdom occupies most of Arabian Peninsula; borders listed. Use stable geography only, excluding changing economic statistics.","2026-10-07"
"saudi_general_v2_006","easy200","symbols:flag:background",,"ما لون خلفية العلم السعودي؟","What is the background color of the Saudi flag?","الأخضر","Green","Saudipedia — Saudi National Flag","https://saudipedia.com/en/the-saudi-national-flag","Green national flag bears white shahada and sword; Jeddah flagpole achieved a historical record in 2014. No claim to current global record.","2026-10-07"
"saudi_general_v2_007","easy200","symbols:emblem:palm",,"ما الشجرة التي تعلو السيفين في شعار السعودية؟","Which tree stands above the two swords in Saudi Arabia's emblem?","النخلة","A palm tree","Saudipedia — Saudi national emblem","https://saudipedia.com/en/what-is-the-emblem-of-saudi-arabia","Two crossed swords beneath a palm tree. Swords symbolize strength, protection and sacrifice; palm symbolizes growth, prosperity and abundance.","2026-10-07"
"saudi_general_v2_008","easy200","calendar:nationalday:date",,"في أي يوم وشهر تحتفل السعودية باليوم الوطني؟","On which day and month does Saudi Arabia celebrate National Day?","23 سبتمبر","23 September","National Center for Non-Profit Sector — Saudi National Day","https://ncnp.gov.sa/en/media-center/saudi-national-day","23 September commemorates the Kingdom's unification in 1932 by King Abdulaziz.","2026-10-07"
"saudi_general_v2_009","easy200","calendar:foundingday:date",,"في أي يوم وشهر تحتفل السعودية بيوم التأسيس؟","On which day and month does Saudi Arabia celebrate Founding Day?","22 فبراير","22 February","Saudipedia — Saudi Founding Day","https://saudipedia.com/en/saudi-founding-day","Annual observance 22 February commemorates establishment of first Saudi state in 1727 by Imam Mohammed bin Saud, with Diriyah its capital. Do not imply independently established exact historical founding day.","2026-10-07"
"saudi_general_v2_010","easy200","religious:hira:mountain",,"ما الجبل في مكة الذي يضم غار حراء؟","Which mountain in Makkah contains Hira Cave?","جبل النور","Jabal Al-Nour","Ministry of Hajj and Umrah — Hira Cave official guide","https://media1.haj.gov.sa/storage/uploads/EN-108.pdf","Hira Cave north of Grand Mosque at top of Jabal Al-Nour. Primary ministry guide, independently corroborated by Saudipedia Jabal Al-Nour article.","2026-10-07"
"saudi_general_v2_011","easy200","heritage:jeddah:pilgrimagegateway",,"لأي مدينة مقدسة كانت جدة بوابة الحجاج القادمين بحرًا؟","To which holy city was Jeddah the gateway for pilgrims arriving by sea?","مكة المكرمة","Makkah","UNESCO — Historic Jeddah","https://whc.unesco.org/en/list/1361/","Red Sea port and gateway for pilgrims to Makkah; coral-stone buildings and wooden roshan tower houses; Suez Canal opening in 1869 contributed to renewed trade. Exclude inconsistent century wording in caliph passage.","2026-10-07"
"saudi_general_v2_012","easy200","landmarks:masmak:city",,"في أي مدينة سعودية يقع قصر المصمك؟","In which Saudi city is Al-Masmak Palace located?","الرياض","Riyadh","Saudipedia — Al-Masmak Palace","https://saudipedia.com/en/al-masmak-palace","Riyadh landmark associated with recapture in 1902; thick fortified walls; clay construction with stone foundations; converted to ammunition storage after recapture. Exclude conflicting construction and museum inauguration dates.","2026-10-07"
"saudi_general_v2_013","easy200","travel:alula:elephantrock",,"أي وجهة سعودية تشتهر بصخرة جبل الفيل؟","Which Saudi destination is famous for Elephant Rock?","العلا","AlUla","Saudi Tourism Authority — About Saudi","https://www.visitsaudi.com/en/about-saudi","Riyadh, Jeddah, AlUla and Aseer destination descriptions; Jeddah's Al-Balad and wooden roshans; AlUla's Elephant Rock and Hegra; Abha and Soudah in Aseer. Indexed text available; page HTML is client rendered.","2026-10-07"
"saudi_general_v2_014","easy200","travel:abha:province",,"في أي منطقة سعودية تقع مدينة أبها؟","In which Saudi region is Abha located?","عسير","Aseer","Saudi Tourism Authority — About Saudi","https://www.visitsaudi.com/en/about-saudi","Riyadh, Jeddah, AlUla and Aseer destination descriptions; Jeddah's Al-Balad and wooden roshans; AlUla's Elephant Rock and Hegra; Abha and Soudah in Aseer. Indexed text available; page HTML is client rendered.","2026-10-07"
"saudi_general_v2_015","easy200","travel:jeddah:historicdistrict",,"ما اسم المنطقة التاريخية الشهيرة في جدة؟","What is Jeddah's famous historic district called?","البلد","Al-Balad","Saudi Tourism Authority — About Saudi","https://www.visitsaudi.com/en/about-saudi","Riyadh, Jeddah, AlUla and Aseer destination descriptions; Jeddah's Al-Balad and wooden roshans; AlUla's Elephant Rock and Hegra; Abha and Soudah in Aseer. Indexed text available; page HTML is client rendered.","2026-10-07"
"saudi_general_v2_016","easy200","development:vision:targetyear",,"ما السنة الواردة في اسم الرؤية السعودية للتنمية الوطنية؟","Which year appears in the name of Saudi Arabia's national development vision?","2030","2030","Saudi Vision 2030 — Overview","https://www.vision2030.gov.sa/en/overview","Vision 2030 launched in 2016; national framework for economic and social development.","2026-10-07"
"saudi_general_v2_017","easy200","food:jareesh:nationaldish",,"ما الطبق الذي اختارته هيئة فنون الطهي طبقًا وطنيًا للسعودية عام 2023؟","Which dish did the Culinary Arts Commission designate Saudi Arabia's national dish in 2023?","الجريش","Jareesh","Saudipedia — Jareesh","https://saudipedia.com/en/jareesh","Culinary Arts Commission designated jareesh the national dish in 2023; main ingredient coarsely crushed wheat.","2026-10-07"
"saudi_general_v2_018","easy200","space:sultan:firstsaudi",,"من أول رائد فضاء سعودي؟","Who was the first Saudi astronaut?","الأمير سلطان بن سلمان","Prince Sultan bin Salman","Saudipedia — Saudi astronauts","https://saudipedia.com/en/are-there-saudi-astronauts","Prince Sultan bin Salman flew aboard Discovery in June 1985; Rayyanah Barnawi and Ali al-Qarni traveled to ISS in May 2023; Barnawi first Saudi female astronaut.","2026-10-07"
"saudi_general_v2_019","easy200","space:barnawi:firstwoman",,"من السعودية التي أصبحت أول امرأة من المملكة تصل إلى الفضاء في رحلة إلى المحطة الدولية عام 2023؟","Which Saudi woman became the Kingdom's first female space traveler on a mission to the International Space Station in 2023?","ريانة برناوي","Rayyanah Barnawi","Saudipedia — Saudi astronauts","https://saudipedia.com/en/are-there-saudi-astronauts","Prince Sultan bin Salman flew aboard Discovery in June 1985; Rayyanah Barnawi and Ali al-Qarni traveled to ISS in May 2023; Barnawi first Saudi female astronaut.","2026-10-07"
"saudi_general_v2_020","easy200","history:diriyah:firstcapital",,"ما عاصمة الدولة السعودية الأولى؟","What was the capital of the first Saudi state?","الدرعية","Diriyah","Saudipedia — Saudi Founding Day","https://saudipedia.com/en/saudi-founding-day","Annual observance 22 February commemorates establishment of first Saudi state in 1727 by Imam Mohammed bin Saud, with Diriyah its capital. Do not imply independently established exact historical founding day.","2026-10-07"
"saudi_general_v2_021","easy200","transport:causeway:destination",,"إلى أي دولة يوصلك جسر الملك فهد عند الانطلاق من السعودية؟","Which country does King Fahd Causeway take you to when leaving Saudi Arabia?","البحرين","Bahrain","Saudipedia — King Fahd Causeway","https://saudipedia.com/en/king-fahd-causeway","Links Saudi Arabia with Bahrain; Saudi end south of Al-Khobar; inaugurated by King Fahd and Sheikh Isa bin Salman in 1986. Passport Island consists of joined Saudi western and Bahraini eastern halves.","2026-10-07"
"saudi_general_v2_022","easy200","geography:farasan:region",,"تتبع جزر فرسان أي منطقة سعودية؟","To which Saudi region do the Farasan Islands belong?","جازان","Jazan","Saudipedia — Farasan Island","https://saudipedia.com/en/farasan-island","Farasan in Jazan Province, southwestern Saudi Arabia; archipelago in Red Sea. Exclude fluctuating distance and island-count estimates.","2026-10-07"
"saudi_general_v2_023","easy200","religious:prophetmosque:city",,"في أي مدينة سعودية يقع المسجد النبوي؟","In which Saudi city is the Prophet's Mosque located?","المدينة المنورة","Madinah","Saudipedia — The Prophet's Mosque","https://saudipedia.com/en/the-prophet%22s-mosque","The Prophet's Mosque is in Madinah in western Saudi Arabia.","2026-10-07"
"saudi_general_v2_024","easy200","cinema:wadjda:director",,"من المخرجة السعودية التي أخرجت فيلم «وجدة»؟","Which Saudi filmmaker directed Wadjda?","هيفاء المنصور","Haifaa Al-Mansour","Sony Pictures Classics — Wadjda acquisition press release","https://www.sonyclassics.com/downloads/Wadjda-Release.pdf","Film directed by Haifaa Al-Mansour; central girl's determined quest to buy a bicycle. Official distributor release.","2026-10-07"
"saudi_general_v2_025","easy200","sport:argentina2022:opponent",,"أي منتخب هزمته السعودية 2–1 في افتتاح مشوارها بمونديال قطر 2022؟","Which team did Saudi Arabia beat 2–1 in its opening match at Qatar 2022?","الأرجنتين","Argentina","FIFA — Saudi Arabia defeats Argentina at Qatar 2022","https://www.fifa.com/en/articles/world-cup-qatar-2022-argentina-v-saudi-arabia-match-report-review-first-game-group-e-result","Saudi Arabia won 2–1 at Lusail on 22 November 2022; Saleh Al-Shehri equalized; Salem Al-Dawsari scored winner.","2026-10-07"
"saudi_general_v2_026","easy200","food:maqshush:nationaldessert",,"ما الحلوى التي اختارتها هيئة فنون الطهي حلوى وطنية للسعودية؟","Which dessert did the Culinary Arts Commission designate Saudi Arabia's national dessert?","المقشوش","Maqshush","Saudipedia — Saudi Cuisine","https://saudipedia.com/en/saudi-cuisine","Maqshush designated national dessert; small wheat-flour pieces served with ghee and honey, sugar or date syrup; regional culinary distinctions. Avoid repetitive region-to-dish recall items.","2026-10-07"
"saudi_general_v2_027","easy200","administration:provinces:number",,"إلى كم منطقة إدارية تنقسم السعودية؟","Into how many administrative regions is Saudi Arabia divided?","13 منطقة","13 regions","Saudipedia — Saudi Arabia","https://saudipedia.com/en/saudi-arabia","Saudi riyal; 13 administrative provinces; western Red Sea and eastern Arabian Gulf; founder King Abdulaziz; unification 23 September 1932. Exclude disputed banknote and mining claims.","2026-10-07"
"saudi_general_v2_028","easy200","calendar:weekend:days",,"ما يوما عطلة نهاية الأسبوع الرسمية في السعودية؟","Which two days form Saudi Arabia's official weekend?","الجمعة والسبت","Friday and Saturday","Saudipedia — Official Holidays","https://saudipedia.com/en/official-holidays-in-saudi-arabia","Weekly weekend Friday and Saturday; changed from Thursday and Friday in June 2013 during King Abdullah's reign.","2026-10-07"
"saudi_general_v2_029","easy200","transport:haramain:endpoints",,"ما المدينتان المقدستان اللتان يربط بينهما قطار الحرمين السريع؟","Which two holy cities does the Haramain High Speed Railway connect?","مكة المكرمة والمدينة المنورة","Makkah and Madinah","Saudipedia — Haramain High Speed Railway","https://saudipedia.com/en/haramain-high-speed-railway","Passenger railway links Makkah and Madinah, with stations in Jeddah and at King Abdulaziz International Airport.","2026-10-07"
"saudi_general_v2_030","easy200","culture:ithra:fullname",,"ما الاسم الكامل للمركز الثقافي السعودي المعروف باسم «إثراء»؟","What is the full name of the Saudi cultural center known as Ithra?","مركز الملك عبدالعزيز الثقافي العالمي","King Abdulaziz Center for World Culture","Ithra — Official center website","https://www.ithra.com/en?trk=test","King Abdulaziz Center for World Culture, known as Ithra, is a Saudi Aramco initiative in Dhahran.","2026-10-07"
"saudi_general_v2_031","easy200","transport:saudia:firstairline",,"ما شركة الطيران التي كانت أول شركة طيران سعودية؟","Which airline was Saudi Arabia's first airline?","الخطوط السعودية «السعودية»","Saudi Arabian Airlines, known as Saudia","Saudipedia — Saudi Arabian Airlines","https://saudipedia.com/en/saudi-arabian-airlines-saudia","Saudia is Saudi Arabia's first airline; first flights in 1945. Exclude conflicting formal establishment dates.","2026-10-07"
"saudi_general_v2_032","easy200","music:abdu:title",,"أي مطرب سعودي يُعرف بلقب «فنان العرب»؟","Which Saudi singer is known as the Artist of the Arabs?","محمد عبده","Mohammed Abdu","Saudipedia — Mohammed Abdu","https://saudipedia.com/en/mohammed-abdu","Saudi singer and composer known as Artist of the Arabs and Abu Noura; composed and sang Fawq Ham Al-Sahab. Avoid copying the source's quiz wording.","2026-10-07"
"saudi_general_v2_033","easy200","architecture:maraya:cladding",,"بماذا كُسيت واجهات مبنى «مرايا» في العلا لتعكس الجبال المحيطة؟","What covers the facades of Maraya in AlUla to reflect the surrounding mountains?","المرايا","Mirrors","Royal Commission for AlUla — Maraya brochure","https://www.experiencealula.com/content/dam/rcudxp/global/atm/Maraya%20Brochure.pdf","Maraya concert and event venue in AlUla; exterior fully clad in mirrors reflecting canyon landscape.","2026-10-07"
"saudi_general_v2_034","easy200","landmarks:fountain:city",,"في أي مدينة سعودية تقع نافورة الملك فهد؟","In which Saudi city is King Fahd's Fountain located?","جدة","Jeddah","Saudipedia — King Fahd's Fountain","https://saudipedia.com/en/king-fahd%22s-fountain","King Fahd's Fountain stands on Jeddah's Red Sea coast. Do not assert current world-record status.","2026-10-07"
"saudi_general_v2_035","easy200","religious:kiswa:identity",,"ما اسم الغطاء القماشي للكعبة المشرفة؟","What is the Kaaba's cloth covering called?","الكسوة","The kiswa","Saudipedia — Al-Kaaba's Kiswa","https://saudipedia.com/en/al-kaaba%22s-kiswa","Kiswa is Kaaba's cloth covering; King Abdulaziz ordered a dedicated manufacturing factory in Makkah. Avoid changing replacement dates unless verified in dated official records.","2026-10-07"
"saudi_general_v2_036","easy200","religious:kaaba:mosque",,"ما المسجد الذي تقع الكعبة المشرفة داخله؟","Inside which mosque is the Kaaba located?","المسجد الحرام","The Grand Mosque","Saudipedia — Grand Mosque","https://saudipedia.com/en/grand-mosque","Grand Mosque in Makkah includes the Kaaba and Zamzam Well.","2026-10-07"
"saudi_general_v2_037","easy200","religious:zamzam:mosque",,"ما اسم البئر الشهيرة الموجودة داخل المسجد الحرام؟","What is the famous well inside the Grand Mosque called?","بئر زمزم","Zamzam Well","Saudipedia — Grand Mosque","https://saudipedia.com/en/grand-mosque","Grand Mosque in Makkah includes the Kaaba and Zamzam Well.","2026-10-07"
"saudi_general_v2_038","easy200","history:faisal:oilembargo",,"أي ملك سعودي ارتبط اسمه بالحظر النفطي عام 1973؟","Which Saudi king is associated with the 1973 oil embargo?","الملك فيصل بن عبدالعزيز","King Faisal bin Abdulaziz","Saudipedia — King Faisal bin Abdulaziz","https://saudipedia.com/en/faisal-bin-abdulaziz-al-saud","King Faisal was third king of Saudi Arabia; imposed oil export embargo against US and other countries in October 1973.","2026-10-07"
"saudi_general_v2_039","easy200","agriculture:buraydah:festivalcrop",,"ما الثمرة التي تُخصص لها بريدة كرنفالًا وسوقًا شهيرين؟","Which fruit is celebrated in Buraydah's famous carnival and market?","التمر","Dates","Saudipedia — Buraydah City","https://saudipedia.com/en/buraydah-city","Buraydah's date festival is a prominent date market. Avoid current ranking and production figures.","2026-10-07"
"saudi_general_v2_040","easy200","education:ksu:city",,"في أي مدينة يقع المقر الرئيسي لجامعة الملك سعود؟","In which city is King Saud University's main campus located?","الرياض","Riyadh","King Saud University — Official history","https://ksu.edu.sa/en/history","Royal decree established university in Riyadh in 1957 under King Saud. Previously named Riyadh University; first college Arts, followed by Science.","2026-10-07"
"saudi_general_v2_041","easy200","sport:owairan:solohero",,"من اللاعب السعودي الذي اشتهر بهدفه الفردي أمام بلجيكا في مونديال 1994؟","Which Saudi player became famous for his solo goal against Belgium at the 1994 World Cup?","سعيد العويران","Saeed Al-Owairan","FIFA — Al-Owairan's Washington wonder goal","https://www.fifa.com/en/articles/100-great-world-cup-moments-69-al-owairan-saudi-arabia-usa-94","Saeed Al-Owairan scored solo goal against Belgium in 1994 World Cup in Washington; Saudi Arabia won 1–0.","2026-10-07"
"saudi_general_v2_042","easy200","heritage:rijal:province",,"في أي منطقة تقع قرية رجال ألمع التراثية؟","In which region is Rijal Almaa Heritage Village located?","عسير","Aseer","Saudipedia — Rijal Heritage Village","https://saudipedia.com/en/rijal-heritage-village","Historic village in Rijal Almaa Governorate, Aseer Province.","2026-10-07"
"saudi_general_v2_043","easy200","sport:jeddahderby:clubs",,"ما الناديان اللذان يتواجهان في ديربي جدة؟","Which two clubs meet in the Jeddah derby?","الاتحاد والأهلي","Al Ittihad and Al Ahli","Saudi Pro League — Jeddah rivals, 2024","https://www.spl.com.sa/en/news/jeddah-rivals-lock-horns-in-battle-for-continental-football","Al Ahli and Al Ittihad contest Jeddah derby; King Abdullah Sports City Stadium hosts meeting described. Avoid current standing claims.","2026-10-07"
"saudi_general_v2_044","easy200","sport:alhilal:city",,"أي مدينة سعودية هي موطن نادي الهلال؟","Which Saudi city is home to Al Hilal?","الرياض","Riyadh","Saudi Pro League — Official website visitor information","https://www.spl.com.sa/en/index","Riyadh clubs include Al Hilal, Al Nassr, Al Shabab, Al Riyadh; Jeddah clubs Al Ittihad and Al Ahli. Use geographic affiliation only.","2026-10-07"
"saudi_general_v2_045","easy200","sport:ittihad:oldestclub",,"ما أقدم نادٍ رياضي في السعودية، الذي تأسس عام 1927؟","Which is Saudi Arabia's oldest sports club, founded in 1927?","نادي الاتحاد","Al Ittihad","Al-Ittihad — Official club history","https://www.ittihadclub.sa/en/about","Founded 1927; headquarters in Jeddah's Al-Safa neighborhood; Saudi Arabia's oldest sports club.","2026-10-07"
"saudi_general_v2_046","easy200","symbols:flag:mourningpractice",,"هل يُنكّس العلم السعودي في حالات الحداد؟","Is the Saudi national flag lowered to half-mast during mourning?","لا، لا يُنكّس","No, it is not lowered to half-mast","Saudi Press Agency — National flag, 2024","https://spa.gov.sa/en/N2063157","Saudi national flag is not lowered to half-mast during mourning and not draped over deceased leaders.","2026-10-07"
"saudi_general_v2_047","easy200","heritage:okaz:city",,"بالقرب من أي مدينة سعودية يقع سوق عكاظ التاريخي؟","Near which Saudi city is the historic Souk Okaz located?","الطائف","Taif","Saudipedia — Souk Okaz","https://saudipedia.com/en/souk-okaz","Archaeological and historic market in Taif Governorate.","2026-10-07"
"saudi_general_v2_048","easy200","culture:nationalmuseum:city",,"في أي مدينة يوجد المتحف الوطني السعودي؟","In which city is the Saudi National Museum located?","الرياض","Riyadh","Saudipedia — Saudi National Museum contents","https://saudipedia.com/en/what-does-the-saudi-national-museum-contain","National Museum in Riyadh's Murabba district, beside King Abdulaziz's palace; galleries follow chronology ending with Hajj and Two Holy Mosques. Exclude changing object counts.","2026-10-07"
"saudi_general_v2_049","easy200","heritage:dadan:carvedanimal",,"أي حيوان نُحت على واجهات مجموعة المقابر الشهيرة في دادان بالعلا؟","Which animal is carved on the facades of the famous group of tombs at Dadan in AlUla?","الأسد","The lion","Royal Commission for AlUla — Dadan destination","https://www.experiencealula.com/en/places-to-go/dadan","Tomb facades feature carved seated lions; tombs attributed to Dadanite elite. Avoid Saudipedia article's incorrect Nabataean society attribution.","2026-10-07"
"saudi_general_v2_050","easy200","transport:riyadhmetro:linecount",,"من كم خط يتألف مترو الرياض الذي بدأ تشغيله عام 2024؟","How many lines make up the Riyadh Metro that began operating in 2024?","ستة خطوط","Six lines","Royal Commission for Riyadh City — Metro operation schedule","https://www.rcrc.gov.sa/en/rcrc-announces-sequential-operation-schedule-of-riyadh-metro-lines/","Six lines; Blue Line Al-Olaya–Al-Batha; Yellow Line King Khalid International Airport Road; Purple Line Abdulrahman bin Auf and Sheikh Hassan bin Hussein roads. Opening schedule 2024. Do not use changing station counts.","2026-10-07"
"saudi_general_v2_051","easy200","craft:hasawibisht:productionoasis",,"أي واحة سعودية اشتهرت بورش صناعة البشوت وتطريزها يدويًا؟","Which Saudi oasis is famous for workshops that handcraft and embroider bishts?","الأحساء","Al-Ahsa","Saudipedia — Hasawi Bisht","https://saudipedia.com/en/hasawi-bisht","Bisht weaving and embroidery traditional Al-Ahsa crafts; final bardakh stage involves striking zari embroidery to highlight its color. Exclude generic bisht identity and gold/silver-thread facts already in other banks.","2026-10-07"
"saudi_general_v2_052","easy200","food:klija:province",,"ما المنطقة السعودية التي تشتهر بحلوى الكليجا؟","Which Saudi region is famous for klija sweets?","القصيم","Qassim","Saudipedia — Klija","https://saudipedia.com/en/klija","Traditional cookie especially associated with Qassim; diverse fillings. Exclude generalized date stuffing that may conflate Iraqi kleicha and traditional Qassim recipe.","2026-10-07"
"saudi_general_v2_053","easy200","landmarks:clock:city",,"في أي مدينة سعودية تشاهد أبراج البيت وبرج الساعة المطل على المسجد الحرام؟","In which Saudi city are the Clock Towers and their clock tower overlooking the Grand Mosque located?","مكة المكرمة","Makkah","Makkah destination authority — Abraj Al-Bayt","https://www.discovermakkah.sa/en/places-worth-visiting/landmarks/abraj-al-bait","Clock Towers landmark overlooks Makkah's Grand Mosque.","2026-10-07"
"saudi_general_v2_054","easy200","institutions:sama:identity",,"أي مؤسسة سعودية تُعرف اختصارًا باسم «ساما»؟","Which Saudi institution is known by the abbreviation SAMA?","البنك المركزي السعودي","The Saudi Central Bank","Saudi Central Bank — Official website","https://www.sama.gov.sa/en-us/Pages/default.aspx","Official institutional name Saudi Central Bank, abbreviation SAMA. No economic forecast or financial guidance questions.","2026-10-07"
"saudi_general_v2_055","easy200","literature:gosaibi:administrationauthor",,"من الكاتب والوزير السعودي صاحب كتاب «حياة في الإدارة»؟","Which Saudi writer and minister wrote A Life in Administration?","غازي القصيبي","Ghazi Al-Gosaibi","Saudipedia — A Life in Administration","https://saudipedia.com/en/a-life-in-administration-book","Ghazi Al-Gosaibi's book draws on his experience managing Saudi entities.","2026-10-07"
"saudi_general_v2_056","easy200","sport:sauditeam:nickname",,"ما اللقب المرتبط بالصقور الذي يُعرف به المنتخب السعودي لكرة القدم؟","What falcon-related nickname is Saudi Arabia's national football team known by?","الصقور الخضر","The Green Falcons","AFC — Saudi Arabia qualification preview, 2024","https://www.the-afc.com/en/national/asian_qualifiers/news/preview_-_group_g_pakistan_v_saudi_arabia_jordan_v_tajikistan.html","Saudi national team called Green Falcons. Exclude current standings.","2026-10-07"
"saudi_general_v2_057","easy200","currency:500:kaabaimage",,"ما المعلم المقدس الذي يظهر على وجه ورقة 500 ريال في الإصدار السادس السعودي؟","Which holy landmark appears on the front of the Saudi sixth-issue 500-riyal note?","الكعبة المشرفة","The Kaaba","Saudi Central Bank — Sixth currency issue","https://www.sama.gov.sa/en-US/Currency/pages/sixthissue.aspx","500 front Kaaba and King Abdulaziz; 50 front Dome of Rock and back Al-Aqsa in Jerusalem; five-riyal polymer note issued September 2020; 200 Vision 2030 note January 2021. Primary record resolves conflicting dates in summaries.","2026-10-07"
"saudi_general_v2_058","easy200","sport:f1saudi:city",,"في أي مدينة أُقيم أول سباق جائزة كبرى للفورمولا 1 في السعودية عام 2021؟","In which city was Saudi Arabia's first Formula 1 Grand Prix held in 2021?","جدة","Jeddah","Formula 1 — Inaugural Saudi Arabian Grand Prix report","https://www.formula1.com/en/latest/article/hamilton-beats-verstappen-in-controversy-filled-first-ever-saudi-arabian.5tXuSymwVOwoVCU4LYBHNl","Lewis Hamilton won inaugural Saudi Arabian Grand Prix in 2021 at Jeddah Corniche Circuit.","2026-10-07"
"saudi_general_v2_059","easy200","cinema:redsea:hostcity",,"أي مدينة سعودية استضافت مهرجان البحر الأحمر السينمائي الدولي عام 2025؟","Which Saudi city hosted the Red Sea International Film Festival in 2025?","جدة","Jeddah","Red Sea Film Festival — 2025 official festival information","https://redseafilmfest.com/en/festival-information-2025/","Festival held in historic Jeddah's Culture Square and Cultural Garden. Use 2025 venue, not future operating assumptions.","2026-10-07"
"saudi_general_v2_060","easy200","business:albaik:origin",,"في أي مدينة بدأت سلسلة مطاعم البيك السعودية؟","In which city did the Saudi restaurant chain Albaik begin?","جدة","Jeddah","Albaik — Official company story","https://www.albaik.com/","Company story began 1974 in Jeddah, founded by Shakour AbuGhazalah. No current branch counts.","2026-10-07"
"saudi_general_v2_061","easy200","history:salman:2015succession",,"من الملك الذي تولى حكم السعودية بعد الملك عبدالله عام 2015؟","Which king succeeded King Abdullah as ruler of Saudi Arabia in 2015?","الملك سلمان بن عبدالعزيز","King Salman bin Abdulaziz","Saudipedia — Salman bin Abdulaziz","https://saudipedia.com/en/salman-bin-abdulaziz-al-saud","Succeeded King Abdullah on 23 January 2015; historical succession only, no assumption about current office holders.","2026-10-07"
"saudi_general_v2_062","easy200","agriculture:jawf:treecrop",,"أي شجرة زيتية تشتهر منطقة الجوف بمزارعها الكبيرة؟","Which oil-producing tree is grown on Al-Jawf's famous large farms?","الزيتون","The olive tree","Saudipedia — Olive Tree","https://saudipedia.com/en/olive-tree","Olive farming especially successful in Al-Jawf; no current production or global-ranking assertions.","2026-10-07"
"saudi_general_v2_063","easy200","media:spa:identity",,"إلى أي جهة إعلامية سعودية يشير اختصار «واس»؟","Which Saudi news organization does the Arabic abbreviation WAS refer to?","وكالة الأنباء السعودية","The Saudi Press Agency","Saudi Press Agency — Official website","https://spa.gov.sa/en","Saudi Press Agency, established 1971. Official national news agency.","2026-10-07"
"saudi_general_v2_064","easy200","transport:jedairport:city",,"في أي مدينة يقع مطار الملك عبدالعزيز الدولي؟","In which city is King Abdulaziz International Airport located?","جدة","Jeddah","King Abdulaziz International Airport — Official website","https://www.kaia.sa/en","Airport address Jeddah, Saudi Arabia.","2026-10-07"
"saudi_general_v2_065","easy200","geography:aqaba:egyptfacinggulf",,"ما الخليج الذي يفصل ساحل شمال غرب السعودية عن الساحل المصري المقابل؟","Which gulf separates Saudi Arabia's northwestern coast from the facing Egyptian coast?","خليج العقبة","The Gulf of Aqaba","Saudipedia — Geography of Saudi Arabia","https://saudipedia.com/en/geography-of-saudi-arabia","Saudi Arabia faces Egypt across Gulf of Aqaba; northwestern maritime geography. Exclude disputed highest-peak and exact-border-length claims.","2026-10-07"
"saudi_general_v2_066","easy200","symbols:flag:shahada",,"ما الشهادة المكتوبة باللون الأبيض على العلم السعودي؟","Which declaration of faith is written in white on the Saudi flag?","لا إله إلا الله محمد رسول الله","There is no god but Allah; Muhammad is the Messenger of Allah","Saudipedia — Saudi National Flag","https://saudipedia.com/en/the-saudi-national-flag","Green national flag bears white shahada and sword; Jeddah flagpole achieved a historical record in 2014. No claim to current global record.","2026-10-07"
"saudi_general_v2_067","easy200","culture:ithra:initiator",,"أي شركة سعودية أنشأت مركز «إثراء» كمبادرة ثقافية؟","Which Saudi company established Ithra as a cultural initiative?","أرامكو السعودية","Saudi Aramco","Ithra — Official center website","https://www.ithra.com/en?trk=test","King Abdulaziz Center for World Culture, known as Ithra, is a Saudi Aramco initiative in Dhahran.","2026-10-07"
"saudi_general_v2_068","easy200","geography:eastcoast:gulf",,"ما الخليج الذي تطل عليه سواحل شرق السعودية؟","Which gulf borders Saudi Arabia's eastern coast?","الخليج العربي","The Arabian Gulf","Saudipedia — Saudi Arabia","https://saudipedia.com/en/saudi-arabia","Saudi riyal; 13 administrative provinces; western Red Sea and eastern Arabian Gulf; founder King Abdulaziz; unification 23 September 1932. Exclude disputed banknote and mining claims.","2026-10-07"
"saudi_general_v2_069","medium400","history:unification:year",,"في أي عام أُعلن توحيد البلاد باسم المملكة العربية السعودية؟","In which year was the country's unification under the name Kingdom of Saudi Arabia proclaimed?","1932","1932","National Center for Non-Profit Sector — Saudi National Day","https://ncnp.gov.sa/en/media-center/saudi-national-day","23 September commemorates the Kingdom's unification in 1932 by King Abdulaziz.","2026-10-07"
"saudi_general_v2_070","medium400","history:firststate:founder",,"من الإمام الذي أسس الدولة السعودية الأولى عام 1727؟","Which imam established the first Saudi state in 1727?","الإمام محمد بن سعود","Imam Mohammed bin Saud","Saudipedia — Saudi Founding Day","https://saudipedia.com/en/saudi-founding-day","Annual observance 22 February commemorates establishment of first Saudi state in 1727 by Imam Mohammed bin Saud, with Diriyah its capital. Do not imply independently established exact historical founding day.","2026-10-07"
"saudi_general_v2_071","medium400","history:riyadh:recaptureyear",,"في أي عام استعاد الملك عبدالعزيز الرياض، بداية مسيرة توحيد المملكة؟","In which year did King Abdulaziz recover Riyadh, beginning his campaign to unify the Kingdom?","1902","1902","Saudipedia — History of Saudi Arabia","https://saudipedia.com/en/history-of-saudi-arabia","Mani bin Rabia al-Muraydi founded Diriyah in 1446; first Saudi state 1727–1818; second state established 1824 by Imam Turki bin Abdullah; King Abdulaziz recovered Riyadh in 1902; Kingdom unified 1932.","2026-10-07"
"saudi_general_v2_072","medium400","history:secondstate:founder",,"من مؤسس الدولة السعودية الثانية؟","Who founded the second Saudi state?","الإمام تركي بن عبدالله","Imam Turki bin Abdullah","Saudipedia — History of Saudi Arabia","https://saudipedia.com/en/history-of-saudi-arabia","Mani bin Rabia al-Muraydi founded Diriyah in 1446; first Saudi state 1727–1818; second state established 1824 by Imam Turki bin Abdullah; King Abdulaziz recovered Riyadh in 1902; Kingdom unified 1932.","2026-10-07"
"saudi_general_v2_073","medium400","music:anthem:lyricist",,"من الشاعر الذي كتب كلمات النشيد الوطني السعودي الحالي؟","Which poet wrote the lyrics of the current Saudi national anthem?","إبراهيم خفاجي","Ibrahim Khafaji","Saudipedia — Saudi National Anthem","https://saudipedia.com/en/saudi-national-anthem","Lyrics by Ibrahim Khafaji; Siraj Umar arranged the music to fit the existing Royal Salute; first broadcast 29 June 1984. Do not confuse arranger with original Royal Salute composer.","2026-10-07"
"saudi_general_v2_074","medium400","development:vision:launchyear",,"في أي عام أُطلقت رؤية السعودية 2030؟","In which year was Saudi Vision 2030 launched?","2016","2016","Saudi Vision 2030 — Overview","https://www.vision2030.gov.sa/en/overview","Vision 2030 launched in 2016; national framework for economic and social development.","2026-10-07"
"saudi_general_v2_075","medium400","heritage:hegra:civilization",,"إلى أي حضارة تنتمي المقابر ذات الواجهات المنحوتة الشهيرة في الحِجر؟","To which civilization do Hegra's famous tombs with carved facades belong?","الحضارة النبطية","The Nabataean civilization","UNESCO — Hegra Archaeological Site","https://whc.unesco.org/en/list/1293","First Saudi World Heritage inscription in 2008; largest preserved Nabataean site south of Petra; monumental rock-cut tombs with decorated facades.","2026-10-07"
"saudi_general_v2_076","medium400","heritage:hegra:firstunesco",,"ما أول موقع سعودي أُدرج في قائمة التراث العالمي لليونسكو؟","What was the first Saudi site inscribed on UNESCO's World Heritage List?","الحِجر «مدائن صالح»","Hegra, also known as Madain Salih","UNESCO — Hegra Archaeological Site","https://whc.unesco.org/en/list/1293","First Saudi World Heritage inscription in 2008; largest preserved Nabataean site south of Petra; monumental rock-cut tombs with decorated facades.","2026-10-07"
"saudi_general_v2_077","medium400","architecture:turaif:style",,"أي طراز معماري يمثل حي الطريف في الدرعية؟","Which architectural style does At-Turaif in Diriyah represent?","الطراز النجدي","The Najdi style","UNESCO — At-Turaif District in Diriyah","https://whc.unesco.org/en/list/1329","First capital of Saudi dynasty; northwest of Riyadh; Najdi architectural style; inscription 2010.","2026-10-07"
"saudi_general_v2_078","medium400","food:jareesh:grain",,"ما الحبوب التي تُجرش لصنع الجريش السعودي؟","Which grain is coarsely crushed to make Saudi jareesh?","القمح","Wheat","Saudipedia — Jareesh","https://saudipedia.com/en/jareesh","Culinary Arts Commission designated jareesh the national dish in 2023; main ingredient coarsely crushed wheat.","2026-10-07"
"saudi_general_v2_079","medium400","culture:coffee:designatedyear",,"أي عام أعلنته وزارة الثقافة «عام القهوة السعودية»؟","Which year did the Ministry of Culture designate the Year of Saudi Coffee?","2022","2022","Saudipedia — Saudi Coffee","https://saudipedia.com/en/saudi-coffee","Ministry of Culture designated 2022 Year of Saudi Coffee; naming initiative promoted Saudi coffee wording. Exclude coffee-origin speculation and shared Gulf hospitality facts.","2026-10-07"
"saudi_general_v2_080","medium400","space:sultan:shuttle",,"ما اسم المكوك الذي حمل الأمير سلطان بن سلمان إلى الفضاء؟","Which space shuttle carried Prince Sultan bin Salman into space?","ديسكفري","Discovery","Saudipedia — Saudi astronauts","https://saudipedia.com/en/are-there-saudi-astronauts","Prince Sultan bin Salman flew aboard Discovery in June 1985; Rayyanah Barnawi and Ali al-Qarni traveled to ISS in May 2023; Barnawi first Saudi female astronaut.","2026-10-07"
"saudi_general_v2_081","medium400","space:qarni:2023partner",,"من رائد الفضاء السعودي الذي رافق ريانة برناوي إلى محطة الفضاء الدولية عام 2023؟","Which Saudi astronaut accompanied Rayyanah Barnawi to the International Space Station in 2023?","علي القرني","Ali Al-Qarni","Saudipedia — Saudi astronauts","https://saudipedia.com/en/are-there-saudi-astronauts","Prince Sultan bin Salman flew aboard Discovery in June 1985; Rayyanah Barnawi and Ali al-Qarni traveled to ISS in May 2023; Barnawi first Saudi female astronaut.","2026-10-07"
"saudi_general_v2_082","medium400","sport:argentina2022:winninggoal",,"من سجل هدف الفوز السعودي على الأرجنتين في مونديال 2022؟","Who scored Saudi Arabia's winning goal against Argentina at the 2022 World Cup?","سالم الدوسري","Salem Al-Dawsari","FIFA — Saudi Arabia defeats Argentina at Qatar 2022","https://www.fifa.com/en/articles/world-cup-qatar-2022-argentina-v-saudi-arabia-match-report-review-first-game-group-e-result","Saudi Arabia won 2–1 at Lusail on 22 November 2022; Saleh Al-Shehri equalized; Salem Al-Dawsari scored winner.","2026-10-07"
"saudi_general_v2_083","medium400","sport:hadi:silverdiscipline",,"في أي سباق فاز هادي صوعان بفضية أولمبياد سيدني 2000؟","In which race did Hadi Souan win silver at the Sydney 2000 Olympics?","400 متر حواجز","The 400 metres hurdles","World Athletics — Saudi Arabia's new prodigy, 6 October 2000","https://worldathletics.org/news/news/saudi-arabias-new-prodigy-1","Hadi Souan Al-Somayli won Sydney 2000 Olympic silver in men's 400 metres hurdles; Angelo Taylor Olympic champion.","2026-10-07"
"saudi_general_v2_084","medium400","cinema:wadjda:ambition",,"ما الشيء الذي تحلم بطلة فيلم «وجدة» بشرائه؟","What does the heroine of Wadjda dream of buying?","دراجة هوائية","A bicycle","Sony Pictures Classics — Wadjda acquisition press release","https://www.sonyclassics.com/downloads/Wadjda-Release.pdf","Film directed by Haifaa Al-Mansour; central girl's determined quest to buy a bicycle. Official distributor release.","2026-10-07"
"saudi_general_v2_085","medium400","industry:dammam7:discoveryyear",,"في أي عام اكتُشف النفط بكميات تجارية في بئر الدمام رقم 7؟","In which year was commercial oil discovered at Dammam Well No. 7?","1938","1938","Saudi Aramco — Company history","https://japan.aramco.com/en/about-us/aramco-overview/history-of-aramco","1933 oil concession to Standard Oil Company of California; commercial oil discovered at Dammam No. 7 in 1938.","2026-10-07"
"saudi_general_v2_086","medium400","transport:causeway:saudiend",,"بالقرب من أي مدينة سعودية يبدأ جسر الملك فهد من جهة العزيزية؟","Near which Saudi city does King Fahd Causeway begin on the Aziziyah side?","الخبر","Al-Khobar","Saudipedia — King Fahd Causeway","https://saudipedia.com/en/king-fahd-causeway","Links Saudi Arabia with Bahrain; Saudi end south of Al-Khobar; inaugurated by King Fahd and Sheikh Isa bin Salman in 1986. Passport Island consists of joined Saudi western and Bahraini eastern halves.","2026-10-07"
"saudi_general_v2_087","medium400","geography:edge:mountainrange",,"إلى أي سلسلة جبلية ينتمي معلم «حافة العالم» قرب الرياض؟","To which mountain range does the Edge of the World landmark near Riyadh belong?","جبال طويق","The Tuwaiq Mountains","Saudi Press Agency — Edge of the World, 7 May 2025","https://spa.gov.sa/en/N2313396","Edge of the World is landmark of Tuwaiq mountain range near Riyadh. Avoid inconsistent mountain-range length estimates.","2026-10-07"
"saudi_general_v2_088","medium400","culture:ithra:city",,"في أي مدينة سعودية يقع مركز «إثراء»؟","In which Saudi city is Ithra located?","الظهران","Dhahran","Ithra — Official center website","https://www.ithra.com/en?trk=test","King Abdulaziz Center for World Culture, known as Ithra, is a Saudi Aramco initiative in Dhahran.","2026-10-07"
"saudi_general_v2_089","medium400","ecology:uruq:desert",,"على الحافة الغربية لأي صحراء تقع محمية عروق بني معارض؟","At the western edge of which desert is Uruq Bani Maarid situated?","الربع الخالي","The Empty Quarter","UNESCO — Uruq Bani Maarid","https://whc.unesco.org/en/list/1699/","Western edge of Empty Quarter; Arabian oryx reintroduction; longitudinal dune systems over limestone plateau and southern Tuwaiq escarpment; low-relief coarse-sand zibars lack well-formed slip faces. Natural World Heritage inscription 2023.","2026-10-07"
"saudi_general_v2_090","medium400","ecology:uruq:reintroducedoryx",,"أي حيوان أُعيد إلى موطنه في عروق بني معارض بعد عقود من انقراضه في البرية؟","Which animal was reintroduced at Uruq Bani Maarid after decades of extinction in the wild?","المها العربي","The Arabian oryx","UNESCO — Uruq Bani Maarid","https://whc.unesco.org/en/list/1699/","Western edge of Empty Quarter; Arabian oryx reintroduction; longitudinal dune systems over limestone plateau and southern Tuwaiq escarpment; low-relief coarse-sand zibars lack well-formed slip faces. Natural World Heritage inscription 2023.","2026-10-07"
"saudi_general_v2_091","medium400","literature:sparks:author",,"من الروائي السعودي الذي فاز بالجائزة العالمية للرواية العربية عام 2010 عن «ترمي بشرر»؟","Which Saudi novelist won the 2010 International Prize for Arabic Fiction for Throwing Sparks?","عبده خال","Abdo Khal","International Prize for Arabic Fiction — 2010 winner","https://archive.arabicfiction.org/en/2010","Throwing Sparks by Saudi novelist Abdo Khal won the 2010 award.","2026-10-07"
"saudi_general_v2_092","medium400","transport:metro:airportcolor",,"ما لون خط مترو الرياض الذي يصل إلى مطار الملك خالد الدولي؟","Which color is the Riyadh Metro line serving King Khalid International Airport?","الأصفر","Yellow","King Khalid International Airport — Metro","https://www.kkia.sa/en/parking-and-transport/metro","Yellow Line, Line 4, links airport terminal to Riyadh.","2026-10-07"
"saudi_general_v2_093","medium400","heritage:marid:town",,"في أي بلدة سعودية تقع قلعة مارد الأثرية؟","In which Saudi town is the archaeological Marid Castle located?","دومة الجندل","Dumat al-Jandal","Saudipedia — Marid Archaeological Castle location","https://saudipedia.com/en/where-is-marid-archaeological-castle-located","Marid Castle is in Dumat al-Jandal in Al-Jawf Province.","2026-10-07"
"saudi_general_v2_094","medium400","food:hasawi:graincolor",,"ما اللون الذي يميز حبوب الأرز الحساوي المحلي التقليدي؟","What color distinguishes traditional local Hasawi rice grains?","الأحمر الداكن","Dark red","Saudipedia — Hasawi Rice","https://saudipedia.com/en/hasawi-rice","Traditional local Hasawi rice grains dark red; cultivation in Al-Ahsa; local harvest season al-Wasmi; heavy clay soil retains water; avoid medical-benefit claims and prices.","2026-10-07"
"saudi_general_v2_095","medium400","education:ksu:foundingyear",,"في أي عام أُنشئت جامعة الملك سعود؟","In which year was King Saud University established?","1957","1957","King Saud University — Official history","https://ksu.edu.sa/en/history","Royal decree established university in Riyadh in 1957 under King Saud. Previously named Riyadh University; first college Arts, followed by Science.","2026-10-07"
"saudi_general_v2_096","medium400","education:kaust:town",,"في أي بلدة ساحلية تقع جامعة الملك عبدالله للعلوم والتقنية «كاوست»؟","In which coastal town is King Abdullah University of Science and Technology, KAUST, located?","ثول","Thuwal","KAUST — King's speech at inauguration","https://www.kaust.edu.sa/en/about/the-king%27s-speech-at-kaust-inauguration-ceremony","King Abdullah University of Science and Technology inaugurated 23 September 2009 in Thuwal.","2026-10-07"
"saudi_general_v2_097","medium400","landmarks:qarah:oasis",,"في أي واحة سعودية تشتهر كهوف جبل القارة؟","In which Saudi oasis are Al-Qarah Mountain's caves a famous landmark?","الأحساء","Al-Ahsa","Saudipedia — Al-Qarah Mountain","https://saudipedia.com/en/al-qarah-mountain","Mountain east of Hofuf in Al-Ahsa, Eastern Province; caves are major landmark. No exact height question.","2026-10-07"
"saudi_general_v2_098","medium400","industry:sabic:fullname",,"ما الاسم الكامل للشركة السعودية المعروفة اختصارًا باسم «سابك»؟","What is the full name of the Saudi company abbreviated SABIC?","الشركة السعودية للصناعات الأساسية","Saudi Basic Industries Corporation","SABIC — 2022 financial statements","https://www.sabic.com/en/Images/SABIC-FS-2022-EN_tcm1010-40119.pdf","SABIC expands to Saudi Basic Industries Corporation. Use corporate name only.","2026-10-07"
"saudi_general_v2_099","medium400","geography:diriyah:valley",,"ما الوادي الذي يطل عليه حي الطريف وقصر سلوى في الدرعية؟","Which valley do At-Turaif and Salwa Palace in Diriyah overlook?","وادي حنيفة","Wadi Hanifa","Diriyah Gate Development Authority — Wadi Hanifah","https://www.dgda.gov.sa/en/place/wadi-hanifah","Diriyah's historic valley; At-Turaif Mosque beside Salwa Palace overlooks Wadi Hanifa.","2026-10-07"
"saudi_general_v2_100","medium400","heritage:hegra:isolatedtomb",,"ما اسم المقبرة الشهيرة في الحِجر التي تقف منفردة عن مجموعات المقابر الأخرى؟","What is the famous tomb at Hegra that stands separately from the other tomb groups called?","قصر الفريد","Qasr Al-Farid","Saudipedia — Hegra","https://saudipedia.com/en/hegra","Qasr Al-Farid is a famous tomb standing separately from Hegra's other tomb groups. Do not describe as a residential palace.","2026-10-07"
"saudi_general_v2_101","medium400","history:salwa:rulingpalace",,"ما القصر الذي كان مقر الحكم في حي الطريف خلال الدولة السعودية الأولى؟","Which palace in At-Turaif served as the seat of government during the first Saudi state?","قصر سلوى","Salwa Palace","Saudipedia — Salwa Palace","https://saudipedia.com/en/salwa-palace","Ruling palace of first Saudi state in Diriyah's At-Turaif district.","2026-10-07"
"saudi_general_v2_102","medium400","media:ummalqura:officialgazette",,"ما اسم الجريدة الرسمية التي تُنشر فيها الأنظمة والمراسيم السعودية؟","What is the official gazette in which Saudi laws and decrees are published called?","أم القرى","Umm al-Qura","Saudipedia — Umm al-Qura newspaper","https://saudipedia.com/en/umm-al-qura-newspaper","Official Saudi gazette, founded in Makkah by King Abdulaziz; Umm al-Qura a name of Makkah.","2026-10-07"
"saudi_general_v2_103","medium400","transport:hijazrail:endpoints",,"ما المدينتان اللتان ربط بينهما الخط التاريخي الرئيسي لسكة حديد الحجاز؟","Which two cities did the historic main line of the Hijaz railway connect?","دمشق والمدينة المنورة","Damascus and Madinah","Saudi UNESCO nomination — Hegra site description","https://whc.unesco.org/document/168945","Historic Hijaz railway connected Damascus to Madinah, entered Saudi Arabia through Tabuk and passed Hegra and AlUla. No active present-day service claim.","2026-10-07"
"saudi_general_v2_104","medium400","heritage:haddaj:town",,"في أي واحة سعودية تقع بئر هداج التاريخية؟","In which Saudi oasis is the historic Haddaj Well located?","تيماء","Tayma","Saudipedia — Archaeological findings in Tayma","https://saudipedia.com/en/archaeological-findings-in-tayma","Tayma in Tabuk Province; Haddaj Well at ancient town center; Al-Bajidi first discovered Islamic palace from Abbasid era. Exclude questionable Al-Hamra prehistoric dating and unverified human-bone age.","2026-10-07"
"saudi_general_v2_105","medium400","heritage:ikmah:openairlibrary",,"ما الجبل في العلا الذي يُوصف بمكتبة مفتوحة لكثرة نقوشه القديمة؟","Which mountain in AlUla is described as an open-air library because of its many ancient inscriptions?","جبل عكمة","Jabal Ikmah","Saudipedia — Jabal Ikmah","https://saudipedia.com/en/jabal-ikmah","Sandstone mountain in AlUla; Dadanite and Lihyanite inscriptions, religious ritual records; known as open-air library. Exclude contradictory inscription counts.","2026-10-07"
"saudi_general_v2_106","medium400","architecture:jeddah:tradecanal",,"ما القناة التي أسهم افتتاحها عام 1869 في ازدهار تجارة جدة البحرية وبيوت تجارها؟","The opening of which canal in 1869 helped maritime trade and merchants' houses flourish in Jeddah?","قناة السويس","The Suez Canal","UNESCO — Historic Jeddah","https://whc.unesco.org/en/list/1361/","Red Sea port and gateway for pilgrims to Makkah; coral-stone buildings and wooden roshan tower houses; Suez Canal opening in 1869 contributed to renewed trade. Exclude inconsistent century wording in caliph passage.","2026-10-07"
"saudi_general_v2_107","medium400","history:saudalkabir:imam",,"أي إمام من أئمة الدولة السعودية الأولى عُرف باسم «سعود الكبير»؟","Which imam of the first Saudi state was known as Saud Al-Kabir?","الإمام سعود بن عبدالعزيز","Imam Saud bin Abdulaziz","Saudipedia — First Saudi State","https://saudipedia.com/en/first-saudi-state","Four imams: Mohammed bin Saud, Abdulaziz bin Mohammed, Saud bin Abdulaziz known as Saud Al-Kabir, Abdullah bin Saud last ruler. Exclude incorrect arithmetic for 1727–1818 duration and inconsistent execution date.","2026-10-07"
"saudi_general_v2_108","medium400","food:matazeez:doughcooking",,"كيف تُطهى قطع العجين في المطازيز التقليدية: في المرق أم بالقلي؟","How are the dough pieces in traditional matazeez cooked: in broth or by frying?","تُطهى في المرق","They are cooked in broth","Saudipedia — Matazeez","https://saudipedia.com/en/matazeez","Traditional dough pieces simmered in broth with meat and vegetables; popular Riyadh and Qassim. Exclude speculative name etymology.","2026-10-07"
"saudi_general_v2_109","medium400","heritage:ibrahim:city",,"في أي مدينة بالأحساء يقع قصر إبراهيم التاريخي؟","In which Al-Ahsa city is the historic Qasr Ibrahim located?","الهفوف","Al-Hofuf","Saudi Tourism Authority — Qasr Ibrahim","https://www.visitsaudi.com/en/al-ahsa/attractions/qasr-ibrahim","Historic fortress in Al-Hofuf, Al-Ahsa.","2026-10-07"
"saudi_general_v2_110","medium400","architecture:ithra:stoneconcept",,"ما العناصر الطبيعية التي استلهم منها تصميم مباني «إثراء» المتداخلة؟","Which natural elements inspired Ithra's interlocking building forms?","الصخور","Stones","Ithra — The Ithra Story","https://www.ithra.com/application/files/1416/8198/0500/The_Ithra_Story_English.pdf","Building concept interlocking stones symbolizes unity; includes library, museum, cinema, theater, Idea Lab and Energy Exhibit. Avoid minor capacity trivia.","2026-10-07"
"saudi_general_v2_111","medium400","culture:clockmuseum:subject",,"ما المجال العلمي الذي يركز عليه متحف برج الساعة في مكة؟","Which scientific field is the focus of Makkah's Clock Tower Museum?","علم الفلك","Astronomy","Saudi Ministry of Hajj — Clock Tower Museum guide","https://media1.haj.gov.sa/storage/uploads/EN-108.pdf","Astronomy museum in Makkah Clock Tower.","2026-10-07"
"saudi_general_v2_112","medium400","sport:asian1984:coach",,"من المدرب السعودي الذي قاد المنتخب إلى لقبه الأول في كأس آسيا عام 1984؟","Which Saudi coach led the national team to its first Asian Cup title in 1984?","خليل الزياني","Khalil Al-Zayani","AFC — Saudi Arabia's 1984 Asian Cup triumph","https://www.the-afc.com/en/national/afc_asian_cup/news/flashback_saudi_arabias_historic_triumph_at_the_1984_afc_asian_cup%C2%A0.html","Coach Khalil Al-Zayani replaced Mario Zagallo before 1984 title; Al-Zayani previously managed hometown club Al Ettifaq. Saudi Arabia's first Asian Cup title.","2026-10-07"
"saudi_general_v2_113","medium400","sport:asian1988:finalopponent",,"على أي منتخب تفوقت السعودية بركلات الترجيح في نهائي كأس آسيا 1988؟","Which team did Saudi Arabia defeat on penalties in the 1988 Asian Cup final?","كوريا الجنوبية","South Korea","AFC — Asian Cup history book, 2019","https://assets.the-afc.com/migration/a/f/AFC%20Book%20AUG%202019%20DIGITAL%20MR%20%281%29.pdf","1988 final against Korea Republic, Abdullah Al-Deayea goalkeeper; Fahad Al-Bishi converted decisive penalty. No 1996 facts overlapping UAE Football bank.","2026-10-07"
"saudi_general_v2_114","medium400","history:fahd:royaltitle",,"أي ملك سعودي استبدل رسميًا لقب «صاحب الجلالة» بلقب «خادم الحرمين الشريفين» عام 1986؟","Which Saudi king officially replaced the title His Majesty with Custodian of the Two Holy Mosques in 1986?","الملك فهد بن عبدالعزيز","King Fahd bin Abdulaziz","Saudipedia — King Fahd bin Abdulaziz","https://saudipedia.com/en/fahd-bin-abdulaziz-al-saud","King Fahd requested replacing His Majesty with Custodian of the Two Holy Mosques in 1986 at Madinah television station opening speech.","2026-10-07"
"saudi_general_v2_115","medium400","currency:50:foreigncity",,"أي مدينة خارج السعودية تظهر معالمها الدينية على وجهي ورقة 50 ريال في الإصدار السادس؟","Which city outside Saudi Arabia has religious landmarks shown on both sides of the sixth-issue 50-riyal note?","القدس","Jerusalem","Saudi Central Bank — Sixth currency issue","https://www.sama.gov.sa/en-US/Currency/pages/sixthissue.aspx","500 front Kaaba and King Abdulaziz; 50 front Dome of Rock and back Al-Aqsa in Jerusalem; five-riyal polymer note issued September 2020; 200 Vision 2030 note January 2021. Primary record resolves conflicting dates in summaries.","2026-10-07"
"saudi_general_v2_116","medium400","sport:hamdi:medalsport",,"في أي رياضة حقق طارق حامدي فضية أولمبياد طوكيو 2020؟","In which sport did Tariq Hamdi win silver at the Tokyo 2020 Olympics?","الكاراتيه","Karate","Saudi Olympic and Paralympic Committee — Tokyo silver medal","https://olympic.sa/saudi-arabia-concludes-its-participation-in-tokyo-2020-with-hmadis-sliver-medal/","Tariq Hamdi won Tokyo 2020 silver in karate. Exclude source's inaccurate weight-class wording and final-medical speculation.","2026-10-07"
"saudi_general_v2_117","medium400","sport:u16_1989:finalopponent",,"من المنتخب المضيف الذي هزمته السعودية في نهائي كأس العالم تحت 16 عامًا عام 1989؟","Which host nation did Saudi Arabia defeat in the 1989 Under-16 World Championship final?","اسكتلندا","Scotland","AFC — Mohamed Al Deayea career retrospective","https://www.the-afc.com/en/more/news/mohamed_al_deayea_saudi_arabias_mr_safe_hands.html","Saudi Arabia won 1989 U-16 World Championship against host Scotland at Hampden Park; coach Ivo Wortmann; goalkeeper Mohamed Al Deayea from Al Taee's youth ranks. Exclude dated current appearance rankings.","2026-10-07"
"saudi_general_v2_118","medium400","sport:deayea:1989goalkeeper",,"من الحارس السعودي الذي برز في الفوز بكأس العالم تحت 16 عامًا عام 1989؟","Which Saudi goalkeeper starred in the 1989 Under-16 World Championship victory?","محمد الدعيع","Mohamed Al Deayea","AFC — Mohamed Al Deayea career retrospective","https://www.the-afc.com/en/more/news/mohamed_al_deayea_saudi_arabias_mr_safe_hands.html","Saudi Arabia won 1989 U-16 World Championship against host Scotland at Hampden Park; coach Ivo Wortmann; goalkeeper Mohamed Al Deayea from Al Taee's youth ranks. Exclude dated current appearance rankings.","2026-10-07"
"saudi_general_v2_119","medium400","heritage:hailrock:localities",,"ما الموقعان في حائل اللذان يجمعهما إدراج الفن الصخري في قائمة التراث العالمي؟","Which two localities in Hail are jointly included in the World Heritage rock-art property?","جبة والشويمس","Jubbah and Shuwaymis","UNESCO — Rock Art in the Hail Region","https://whc.unesco.org/en/list/1472/","Jubbah and Shuwaymis components; Umm Sinman formerly overlooked freshwater lake; Shuwaymis mountains Al-Manjor and Raat. Original questions use distinct geographical attributes, not UNESCO's wording.","2026-10-07"
"saudi_general_v2_120","medium400","heritage:hegra:petrarelation",,"الحِجر أكبر موقع محفوظ للأنباط جنوب أي مدينة أثرية أردنية؟","Hegra is the largest preserved Nabataean site south of which ancient Jordanian city?","البتراء","Petra","UNESCO — Hegra Archaeological Site","https://whc.unesco.org/en/list/1293","First Saudi World Heritage inscription in 2008; largest preserved Nabataean site south of Petra; monumental rock-cut tombs with decorated facades.","2026-10-07"
"saudi_general_v2_121","medium400","tradition:hareed:fish",,"أي نوع من الأسماك يرتبط بمهرجان الحريد الذي يحتفل به أهالي فرسان؟","Which type of fish is associated with the Hareed festival celebrated by Farasan islanders?","سمك الببغاء","Parrotfish","Saudi Press Agency — Hareed Fish Festival","https://www.spa.gov.sa/2212818","Farasan islanders celebrate Hareed festival associated with parrotfish. Do not assume fixed festival date across years.","2026-10-07"
"saudi_general_v2_122","medium400","industry:dammam7:identity",,"ما رقم بئر الدمام التي عُرفت لاحقًا ببئر الخير بعد اكتشاف النفط بكميات تجارية؟","What was the number of the Dammam well later known as the Prosperity Well after the commercial oil discovery?","بئر الدمام رقم 7","Dammam No. 7","Aramco — The desert pioneer behind our first oil discovery","https://china.aramco.com/en/news-media/elements-magazine/2025/the-desert-pioneer-behind-our-first-oil-discovery","Saudi guide Khamis bin Rimthan worked with chief geologist Max Steineke; Dammam No. 7 later called Prosperity Well. Exclude disputed precise discovery day.","2026-10-07"
"saudi_general_v2_123","medium400","geography:dahna:link",,"أي صحراء سعودية تمتد كقوس رملي يصل النفود الكبير بالربع الخالي؟","Which Saudi desert forms an arched sand belt connecting the Great Nafud to the Empty Quarter?","الدهناء","Al-Dahna","Saudipedia — Al-Dahna Desert","https://saudipedia.com/en/al-dahna-desert","Arched sand belt links Great Nafud in north to Empty Quarter in south. No rankings or disputed exact lengths used.","2026-10-07"
"saudi_general_v2_124","medium400","heritage:rajajil:region",,"في أي منطقة سعودية تقع أعمدة الرجاجيل الأثرية؟","In which Saudi province are the ancient Columns of Rajajil located?","الجوف","Al-Jawf","Saudipedia — Columns of Rajajil","https://saudipedia.com/en/columns-of-rajajil","Al-Jawf archaeological standing stones; name locally means gathering of men, resembling standing people from a distance.","2026-10-07"
"saudi_general_v2_125","medium400","cinema:redsea:principalaward",,"ما اسم الجائزة الذهبية الرئيسية للأفلام الطويلة في مهرجان البحر الأحمر السينمائي؟","What is the name of the principal golden feature-film award at the Red Sea Film Festival?","اليسر الذهبي","Golden Yusr","Red Sea Film Festival — Official Yusr Awards","https://redseafilmfest.com/en/the-yusr-awards/","Golden Yusr is festival's principal feature-film award; avoid unstable current prize money.","2026-10-07"
"saudi_general_v2_126","medium400","cinema:barakah:director",,"من أخرج الفيلم السعودي «بركة يقابل بركة» الذي عُرض عام 2016؟","Who directed the 2016 Saudi film Barakah Meets Barakah?","محمود صباغ","Mahmoud Sabbagh","Trigon-film — Official distributor credits for Barakah Meets Barakah","https://trigon-film.org/en/films/barakah-meets-barakah/","Director Mahmoud Sabbagh; male Barakah actor Hisham Fageeh; female Barakah/Bibi actor Fatima Al Banawi. Distributor is a primary film-credit source.","2026-10-07"
"saudi_general_v2_127","medium400","heritage:ikmah:register",,"إلى أي سجل دولي تابع لليونسكو أُضيفت نقوش جبل عكمة عام 2023؟","To which UNESCO international register were Jabal Ikmah's inscriptions added in 2023?","سجل ذاكرة العالم","Memory of the World International Register","UNESCO — Jabal Ikmah secures Memory of the World status","https://www.unesco.org/en/articles/jabal-ikmah-alula-secures-memory-world-status","Added to Memory of the World International Register on 23 May 2023. Documentary register, not World Heritage List.","2026-10-07"
"saudi_general_v2_128","medium400","heritage:tarout:governorate",,"في أي محافظة تقع الجزيرة التي تضم قلعة تاروت؟","In which governorate is the island containing Tarout Castle?","القطيف","Al-Qatif","Saudipedia — Tarout Castle","https://saudipedia.com/en/tarout-castle","Castle on Tarout Island in Al-Qatif. Do not use disputed builder, date or unverified Ishtar-name etymology.","2026-10-07"
"saudi_general_v2_129","medium400","heritage:uqair:gateway",,"أي ميناء تاريخي في الأحساء كان بوابة نجد البحرية؟","Which historic port in Al-Ahsa served as Najd's maritime gateway?","العقير","Al-Uqayr","Saudipedia — Historic al-Uqayr Port","https://saudipedia.com/en/historic-al-uqayr-port","Al-Ahsa historic maritime gateway for Najd; King Abdulaziz developed customs, passports and Al-Khan resting building. Indexed source text verified despite intermittent full-page timeout.","2026-10-07"
"saudi_general_v2_130","medium400","poetry:badr:nickname",,"أي شاعر سعودي عُرف بلقب «مهندس الكلمة»؟","Which Saudi poet was known by the nickname Word Engineer?","بدر بن عبدالمحسن","Badr bin Abdulmohsen","Saudipedia — Badr bin Abdulmohsen","https://saudipedia.com/en/badr-bin-abdulmohsen","Poet known as Word Engineer; wrote Fawq Ham Al-Sahab sung by Mohammed Abdu; six poetry collections include Wamd. Avoid source's mismatched Hijri/Gregorian event dates.","2026-10-07"
"saudi_general_v2_131","medium400","heritage:shubra:city",,"في أي مدينة سعودية يقع قصر شبرا التاريخي الذي استُخدم مقرًا صيفيًا للحكم؟","In which Saudi city is historic Shubra Palace, once used as a summer seat of government?","الطائف","Taif","Saudipedia — Historic Shubra Palace","https://saudipedia.com/%D9%82%D8%B5%D8%B1-%D8%B4%D8%A8%D8%B1%D8%A7-%D8%A7%D9%84%D8%AA%D8%A7%D8%B1%D9%8A%D8%AE%D9%8A","Taif palace name derives from design inspired by a palace in Cairo's Shubra district. Exclude room counts and construction-date discrepancies.","2026-10-07"
"saudi_general_v2_132","medium400","awards:faisalprize:firstawardyear",,"في أي سنة مُنحت جائزة الملك فيصل للمرة الأولى؟","In which year was the King Faisal Prize first awarded?","1979","1979","King Faisal Prize — Official history","https://kingfaisalprize.org/","Established 1977 and first awarded 1979. Distinguish establishment from first award.","2026-10-07"
"saudi_general_v2_133","medium400","geology:wahbah:formation",,"ما الذي حدث عند التقاء الصهارة بالمياه الجوفية ليكوّن فوهة الوعبة؟","What happened when magma encountered groundwater to form Al Wahbah crater?","انفجار بركاني","A volcanic explosion","International Union of Geological Sciences — Al Wahbah maar crater","https://iugs-geoheritage.org/geoheritage_sites/the-pleistocene-al-wahbah-dry-maar-crater/","Crater formed by explosive interaction of magma and groundwater; Harrat Kishb. No meteor-impact folklore or absolute size ranking.","2026-10-07"
"saudi_general_v2_134","medium400","sport:worldcup:firstscorer",,"من سجل أول هدف للسعودية في نهائيات كأس العالم أمام هولندا عام 1994؟","Who scored Saudi Arabia's first World Cup finals goal against the Netherlands in 1994?","فؤاد أنور","Fuad Anwar","FIFA — Fuad Anwar interview on USA 1994","https://inside.fifa.com/tournaments/mens/worldcup/1994usa/news/anwar-we-surprised-the-world-in-1994","First Saudi World Cup scorer Fuad Anwar against Netherlands; Jorge Solari coach; Sweden round-of-16 opponent; Sami Al Jaber penalty opened Morocco match. First-person primary interview.","2026-10-07"
"saudi_general_v2_135","medium400","heritage:okhdood:province",,"في أي منطقة سعودية تقع مدينة الأخدود الأثرية؟","In which Saudi province is the archaeological city of Al-Okhdood located?","نجران","Najran","Saudipedia — Al-Okhdood Archaeological City","https://saudipedia.com/en/al-okhdood-archaeological-city","Najran city also called Raqamat/Rijmat; caravans on Incense Route. Avoid unverified ancient casualty counts and excavation dimensions.","2026-10-07"
"saudi_general_v2_136","medium400","sport:worldcup1994:knockoutopponent",,"أي منتخب واجه السعودية في دور الـ16 بكأس العالم 1994؟","Which team faced Saudi Arabia in the round of 16 at the 1994 World Cup?","السويد","Sweden","FIFA — Fuad Anwar interview on USA 1994","https://inside.fifa.com/tournaments/mens/worldcup/1994usa/news/anwar-we-surprised-the-world-in-1994","First Saudi World Cup scorer Fuad Anwar against Netherlands; Jorge Solari coach; Sweden round-of-16 opponent; Sami Al Jaber penalty opened Morocco match. First-person primary interview.","2026-10-07"
"saudi_general_v2_137","hard600","history:diriyah:founder",,"من أسس الدرعية عام 1446، قبل قيام الدولة السعودية الأولى؟","Who founded Diriyah in 1446, before the first Saudi state was established?","مانع بن ربيعة المريدي","Mani bin Rabia Al-Muraydi","Saudipedia — History of Saudi Arabia","https://saudipedia.com/en/history-of-saudi-arabia","Mani bin Rabia al-Muraydi founded Diriyah in 1446; first Saudi state 1727–1818; second state established 1824 by Imam Turki bin Abdullah; King Abdulaziz recovered Riyadh in 1902; Kingdom unified 1932.","2026-10-07"
"saudi_general_v2_138","hard600","music:anthem:arranger",,"من الموسيقي الذي تولى توزيع لحن السلام الملكي ليتوافق مع كلمات النشيد السعودي الحالي؟","Which musician arranged the Royal Salute melody to fit the lyrics of the current Saudi anthem?","سراج عمر","Siraj Umar","Saudipedia — Saudi National Anthem","https://saudipedia.com/en/saudi-national-anthem","Lyrics by Ibrahim Khafaji; Siraj Umar arranged the music to fit the existing Royal Salute; first broadcast 29 June 1984. Do not confuse arranger with original Royal Salute composer.","2026-10-07"
"saudi_general_v2_139","hard600","industry:concession:1933company",,"أي شركة أمريكية حصلت على امتياز التنقيب عن النفط في السعودية عام 1933؟","Which American company received Saudi Arabia's oil exploration concession in 1933?","ستاندرد أويل أوف كاليفورنيا","Standard Oil Company of California","Saudi Aramco — Company history","https://japan.aramco.com/en/about-us/aramco-overview/history-of-aramco","1933 oil concession to Standard Oil Company of California; commercial oil discovered at Dammam No. 7 in 1938.","2026-10-07"
"saudi_general_v2_140","hard600","heritage:tayma:abbasidpalace",,"ما أول قصر إسلامي اكتُشف في تيماء ويعود إلى العصر العباسي؟","What was the first Islamic palace discovered in Tayma, dating to the Abbasid period?","قصر البجيدي","Al-Bajidi Palace","Saudipedia — Archaeological findings in Tayma","https://saudipedia.com/en/archaeological-findings-in-tayma","Tayma in Tabuk Province; Haddaj Well at ancient town center; Al-Bajidi first discovered Islamic palace from Abbasid era. Exclude questionable Al-Hamra prehistoric dating and unverified human-bone age.","2026-10-07"
"saudi_general_v2_141","hard600","heritage:hima:greekinscriptions",,"ما الخط الأوروبي القديم الذي تظهر به نقوش في حمى، إلى جانب المسند والثمودي والعربي؟","Which ancient European script appears in Hima inscriptions alongside Musnad, Thamudic and Arabic?","الخط اليوناني","Greek script","UNESCO — Hima Cultural Area","https://whc.unesco.org/en/list/1619/","Ancient caravan route; rock art and inscriptions including Musnad, Aramaic-Nabataean, Thamudic, Greek and Arabic; Bir Hima wells still produce fresh water; inscription 2021.","2026-10-07"
"saudi_general_v2_142","hard600","architecture:masmak:postcaptureuse",,"ما الاستخدام الذي خُصص له قصر المصمك بعد استعادة الرياض، قبل تحويله إلى متحف؟","What use was Al-Masmak Palace assigned after Riyadh was recovered, before becoming a museum?","مستودع للذخيرة","An ammunition store","Saudipedia — Al-Masmak Palace","https://saudipedia.com/en/al-masmak-palace","Riyadh landmark associated with recapture in 1902; thick fortified walls; clay construction with stone foundations; converted to ammunition storage after recapture. Exclude conflicting construction and museum inauguration dates.","2026-10-07"
"saudi_general_v2_143","hard600","history:faw:kingdom",,"كانت قرية الفاو عاصمة أي مملكة عربية قديمة؟","Qaryat al-Faw was the capital of which ancient Arabian kingdom?","مملكة كندة","The kingdom of Kinda","UNESCO — Al-Faw Archaeological Area","https://whc.unesco.org/en/list/1712/","Qaryat al-Faw capital of Kinda; important caravan relay between Najran and central/eastern Arabia; water depletion led to abandonment in fifth century CE; sacred mountain Khashm Qaryah; inscription 2024.","2026-10-07"
"saudi_general_v2_144","hard600","archaeology:faw:sacredmountain",,"ما الجبل المقدس الذي تتركز فيه نقوش ضمن المنظر الثقافي لمنطقة الفاو الأثرية؟","What sacred mountain contains inscriptions within the cultural landscape of Al-Faw Archaeological Area?","خشم قرية","Khashm Qaryah","UNESCO — Al-Faw Archaeological Area","https://whc.unesco.org/en/list/1712/","Qaryat al-Faw capital of Kinda; important caravan relay between Najran and central/eastern Arabia; water depletion led to abandonment in fifth century CE; sacred mountain Khashm Qaryah; inscription 2024.","2026-10-07"
"saudi_general_v2_145","hard600","geography:tuwaiq:nameorigin",,"تصغير أي كلمة عربية هو اسم «طويق»؟","The name Tuwaiq is a diminutive of which Arabic word?","طوق","Tawq, meaning a ring","Official Saudi Founding Day — English guide","https://foundingday.sa/en/-/media/FoundingDay/PDFs/Guides/EN/foundingday-book-guideline-en.pdf","Tuwaiq in central Najd; name diminutive of tawq or ring; historic caravan routes. Do not use inconsistent range-length estimates.","2026-10-07"
"saudi_general_v2_146","hard600","ecology:uruq:zirbarlandform",,"ما اسم الأشكال الرملية المنخفضة في عروق بني معارض، التي تتكون من رمل خشن وتفتقر إلى أوجه انزلاق واضحة؟","What are the low-relief sandy forms at Uruq Bani Maarid, made of coarse sand and lacking well-defined slip faces, called?","الزيبار","Zibars","UNESCO — Uruq Bani Maarid","https://whc.unesco.org/en/list/1699/","Western edge of Empty Quarter; Arabian oryx reintroduction; longitudinal dune systems over limestone plateau and southern Tuwaiq escarpment; low-relief coarse-sand zibars lack well-formed slip faces. Natural World Heritage inscription 2023.","2026-10-07"
"saudi_general_v2_147","hard600","agriculture:hasawi:harvestterm",,"ما الاسم المحلي لموسم حصاد الأرز الحساوي؟","What is the local name for the Hasawi rice harvest season?","الوسمي","Al-Wasmi","Saudipedia — Hasawi Rice","https://saudipedia.com/en/hasawi-rice","Traditional local Hasawi rice grains dark red; cultivation in Al-Ahsa; local harvest season al-Wasmi; heavy clay soil retains water; avoid medical-benefit claims and prices.","2026-10-07"
"saudi_general_v2_148","hard600","heritage:zubaydah:iraqiendpoint",,"من أي مدينة عراقية يبدأ درب زبيدة التاريخي المتجه إلى مكة؟","From which Iraqi city does the historic Darb Zubaydah route to Makkah begin?","الكوفة","Kufa","Saudi UNESCO nomination — Darb Zubaydah","https://whc.unesco.org/en/tentativelists/6577","Historic pilgrimage route from Kufa to Makkah; Abbasid state planned water and accommodation infrastructure. Tentative listing, not inscribed World Heritage.","2026-10-07"
"saudi_general_v2_149","hard600","history:redpalace:commissionedfor",,"لمن من أبناء الملك عبدالعزيز بُني القصر الأحمر عام 1943؟","For which son of King Abdulaziz was the Red Palace built in 1943?","الملك سعود بن عبدالعزيز","King Saud bin Abdulaziz","Saudi Aramco Life — Murabba Palace","https://www.aramcolife.com/en/publications/the-arabian-sun/articles/2021/week-06/murrabba-palace","Murabba Palace former home of King Abdulaziz and his family; Red Palace built for his son King Saud in 1943.","2026-10-07"
"saudi_general_v2_150","hard600","craft:hasawibisht:bardakh",,"ما اسم المرحلة الأخيرة في صنع البشت الحساوي، التي يُطرق فيها الزري لإبراز لونه؟","What is the final stage of making a Hasawi bisht, in which zari is struck to bring out its color, called?","البرداخ","Bardakh","Saudipedia — Hasawi Bisht","https://saudipedia.com/en/hasawi-bisht","Bisht weaving and embroidery traditional Al-Ahsa crafts; final bardakh stage involves striking zari embroidery to highlight its color. Exclude generic bisht identity and gold/silver-thread facts already in other banks.","2026-10-07"
"saudi_general_v2_151","hard600","history:firststate:lastimam",,"من آخر أئمة الدولة السعودية الأولى عند سقوط الدرعية؟","Who was the last imam of the first Saudi state when Diriyah fell?","الإمام عبدالله بن سعود","Imam Abdullah bin Saud","Saudipedia — First Saudi State","https://saudipedia.com/en/first-saudi-state","Four imams: Mohammed bin Saud, Abdulaziz bin Mohammed, Saud bin Abdulaziz known as Saud Al-Kabir, Abdullah bin Saud last ruler. Exclude incorrect arithmetic for 1727–1818 duration and inconsistent execution date.","2026-10-07"
"saudi_general_v2_152","hard600","culture:nationalmuseum:lastgallery",,"ما موضوع القاعة الأخيرة في التسلسل التاريخي للقاعات الدائمة في المتحف الوطني السعودي؟","What is the theme of the last gallery in the historical sequence of permanent galleries at the Saudi National Museum?","الحج والحرمان الشريفان","Hajj and the Two Holy Mosques","Saudipedia — Saudi National Museum contents","https://saudipedia.com/en/what-does-the-saudi-national-museum-contain","National Museum in Riyadh's Murabba district, beside King Abdulaziz's palace; galleries follow chronology ending with Hajj and Two Holy Mosques. Exclude changing object counts.","2026-10-07"
"saudi_general_v2_153","hard600","architecture:ithra:firm",,"ما المكتب النرويجي الذي صمم مركز «إثراء»؟","Which Norwegian architecture firm designed Ithra?","سنوهيتا","Snøhetta","Ithra — Early sketches","https://ithraeyat.ithra.com/editions/sketches/early-sketches-of-ithra","Norwegian architecture firm Snohetta designed Ithra.","2026-10-07"
"saudi_general_v2_154","hard600","architecture:kafd:firm",,"ما المكتب المعماري الذي صمم محطة مترو مركز الملك عبدالله المالي في الرياض؟","Which architecture firm designed the King Abdullah Financial District Metro Station in Riyadh?","زها حديد أركيتكتس","Zaha Hadid Architects","Zaha Hadid Architects — KAFD Metro Station","https://www.zaha-hadid.com/architecture/king-abdullah-financial-district-metro-station/","Designed by Zaha Hadid Architects; interchange for Blue, Yellow and Purple lines. Geometric circulation concept opposing sine waves; facade pattern echoes desert sand formations.","2026-10-07"
"saudi_general_v2_155","hard600","architecture:faisaliah:firm",,"ما المكتب البريطاني الذي اختير لتصميم مركز الفيصلية في الرياض؟","Which British architecture firm was selected to design Al Faisaliah Center in Riyadh?","فوستر وشركاؤه","Foster and Partners","Al Faisaliah Mall — Official history","https://alfaisaliahmall.com/about_us/","Prince Abdullah Al Faisal commissioned Al Faisaliah Center in 1994, appointing Foster and Partners.","2026-10-07"
"saudi_general_v2_156","hard600","architecture:nationalmuseum:architect",,"من المعماري الذي استلهم تصميم المتحف الوطني السعودي من عمارة نجد وكثبان الرياض الحمراء؟","Which architect drew on Najdi architecture and Riyadh's red dunes to design the Saudi National Museum?","رايموند مورياما","Raymond Moriyama","Saudi National Museum — Official museum history","https://engage.moc.gov.sa/national_museum/about-museum/?lang=ar","Raymond Moriyama designed museum, inspired by Najdi buildings and red dunes around Riyadh. Exclude inconsistent permanent gallery counts and calendar conversions.","2026-10-07"
"saudi_general_v2_157","hard600","transport:kafd:interchangecolors",,"ما ألوان خطوط مترو الرياض الثلاثة التي تلتقي في محطة مركز الملك عبدالله المالي؟","Which three Riyadh Metro line colors meet at the King Abdullah Financial District station?","الأزرق والأصفر والبنفسجي","Blue, yellow and purple","Zaha Hadid Architects — KAFD Metro Station","https://www.zaha-hadid.com/architecture/king-abdullah-financial-district-metro-station/","Designed by Zaha Hadid Architects; interchange for Blue, Yellow and Purple lines. Geometric circulation concept opposing sine waves; facade pattern echoes desert sand formations.","2026-10-07"
"saudi_general_v2_158","hard600","development:neom:namecomponents",,"من أي كلمة يونانية وأي كلمة عربية اشتُق اسم «نيوم»؟","From which Greek word and which Arabic word was the name NEOM derived?","«نيو» بمعنى جديد و«مستقبل»","Neo, meaning new, and mostaqbal, meaning future","NEOM — Official naming journey","https://www.neom.com/en-us/about/journey","NEOM name combines Greek neo, new, and m representing Arabic mostaqbal, future.","2026-10-07"
"saudi_general_v2_159","hard600","literature:gosaibi:debutcollection",,"ما اسم أول ديوان شعري نشره غازي القصيبي؟","What was the title of Ghazi Al-Gosaibi's first published poetry collection?","جزائر اللؤلؤ","Pearl Islands","Saudipedia — Ghazi Al-Gosaibi","https://saudipedia.com/en/ghazi-al-gosaibi","Saudi poet, novelist, minister; author of An Apartment Called Freedom and Al-Usfuriyah; ambassador to Bahrain and United Kingdom; first poetry collection Pearl Islands.","2026-10-07"
"saudi_general_v2_160","hard600","sport:asian1988:decisivepenalty",,"من سجل ركلة الترجيح التي حسمت للسعودية لقب كأس آسيا 1988؟","Who converted the decisive penalty that secured Saudi Arabia the 1988 Asian Cup title?","فهد البيشي","Fahad Al-Bishi","AFC — Asian Cup history book, 2019","https://assets.the-afc.com/migration/a/f/AFC%20Book%20AUG%202019%20DIGITAL%20MR%20%281%29.pdf","1988 final against Korea Republic, Abdullah Al-Deayea goalkeeper; Fahad Al-Bishi converted decisive penalty. No 1996 facts overlapping UAE Football bank.","2026-10-07"
"saudi_general_v2_161","hard600","sport:zayani:previousclub",,"أي نادٍ كان خليل الزياني يدربه عندما استُدعي لقيادة المنتخب السعودي عام 1984؟","Which club was Khalil Al-Zayani coaching when he was called to lead Saudi Arabia's national team in 1984?","الاتفاق","Al Ettifaq","AFC — Saudi Arabia's 1984 Asian Cup triumph","https://www.the-afc.com/en/national/afc_asian_cup/news/flashback_saudi_arabias_historic_triumph_at_the_1984_afc_asian_cup%C2%A0.html","Coach Khalil Al-Zayani replaced Mario Zagallo before 1984 title; Al-Zayani previously managed hometown club Al Ettifaq. Saudi Arabia's first Asian Cup title.","2026-10-07"
"saudi_general_v2_162","hard600","currency:polymer:denomination",,"ما فئة الورقة النقدية السعودية التي صدرت بنسخة بوليمر في سبتمبر 2020؟","Which Saudi banknote denomination was issued in a polymer version in September 2020?","خمسة ريالات","Five riyals","Saudi Central Bank — Sixth currency issue","https://www.sama.gov.sa/en-US/Currency/pages/sixthissue.aspx","500 front Kaaba and King Abdulaziz; 50 front Dome of Rock and back Al-Aqsa in Jerusalem; five-riyal polymer note issued September 2020; 200 Vision 2030 note January 2021. Primary record resolves conflicting dates in summaries.","2026-10-07"
"saudi_general_v2_163","hard600","sport:f1saudi:firstwinner",,"من فاز بالنسخة الأولى من جائزة السعودية الكبرى للفورمولا 1 عام 2021؟","Who won the inaugural Saudi Arabian Formula 1 Grand Prix in 2021?","لويس هاميلتون","Lewis Hamilton","Formula 1 — Inaugural Saudi Arabian Grand Prix report","https://www.formula1.com/en/latest/article/hamilton-beats-verstappen-in-controversy-filled-first-ever-saudi-arabian.5tXuSymwVOwoVCU4LYBHNl","Lewis Hamilton won inaugural Saudi Arabian Grand Prix in 2021 at Jeddah Corniche Circuit.","2026-10-07"
"saudi_general_v2_164","hard600","sport:u16_1989:coach",,"من المدرب البرازيلي الذي قاد السعودية إلى لقب كأس العالم تحت 16 عامًا عام 1989؟","Which Brazilian coach led Saudi Arabia to the 1989 Under-16 World Championship title?","إيفو وورتمان","Ivo Wortmann","AFC — Mohamed Al Deayea career retrospective","https://www.the-afc.com/en/more/news/mohamed_al_deayea_saudi_arabias_mr_safe_hands.html","Saudi Arabia won 1989 U-16 World Championship against host Scotland at Hampden Park; coach Ivo Wortmann; goalkeeper Mohamed Al Deayea from Al Taee's youth ranks. Exclude dated current appearance rankings.","2026-10-07"
"saudi_general_v2_165","hard600","sport:u16_1989:finalstadium",,"في أي ملعب تُوج المنتخب السعودي بلقب كأس العالم تحت 16 عامًا عام 1989؟","At which stadium did Saudi Arabia win the 1989 Under-16 World Championship?","هامبدن بارك","Hampden Park","AFC — Mohamed Al Deayea career retrospective","https://www.the-afc.com/en/more/news/mohamed_al_deayea_saudi_arabias_mr_safe_hands.html","Saudi Arabia won 1989 U-16 World Championship against host Scotland at Hampden Park; coach Ivo Wortmann; goalkeeper Mohamed Al Deayea from Al Taee's youth ranks. Exclude dated current appearance rankings.","2026-10-07"
"saudi_general_v2_166","hard600","business:albaik:founder",,"من صاحب فكرة تأسيس سلسلة البيك في جدة عام 1974؟","Who conceived the founding of Albaik in Jeddah in 1974?","شكور أبو غزالة","Shakour AbuGhazalah","Albaik — Official company story","https://www.albaik.com/","Company story began 1974 in Jeddah, founded by Shakour AbuGhazalah. No current branch counts.","2026-10-07"
"saudi_general_v2_167","hard600","heritage:hailrock:shuwaymismountains",,"ما اسما الجبلين في الشويمس اللذين يضمان نقوشًا صخرية ضمن موقع حائل المدرج عالميًا؟","What are the names of the two mountains at Shuwaymis containing rock art within Hail's World Heritage property?","المنجور وراطا","Al-Manjor and Raat","UNESCO — Rock Art in the Hail Region","https://whc.unesco.org/en/list/1472/","Jubbah and Shuwaymis components; Umm Sinman formerly overlooked freshwater lake; Shuwaymis mountains Al-Manjor and Raat. Original questions use distinct geographical attributes, not UNESCO's wording.","2026-10-07"
"saudi_general_v2_168","hard600","education:falah:founder",,"من التاجر الذي أسس مدارس الفلاح الوقفية في جدة ومكة؟","Which merchant founded the endowed Al-Falah schools in Jeddah and Makkah?","محمد علي زينل","Mohammed Ali Zinal","Saudipedia — Al-Falah Private Schools","https://saudipedia.com/en/al-falah-private-schools","Mohammed Ali Zinal founded endowment schools; Jeddah branch 1905, Makkah branch 1912. Do not claim first school in all Saudi Arabia.","2026-10-07"
"saudi_general_v2_169","hard600","industry:rimthan:guide",,"من الدليل السعودي الذي استعان به جيولوجيو أرامكو الأوائل في رحلة اكتشاف النفط؟","Which Saudi guide helped Aramco's early geologists in their search for oil?","خميس بن رمثان","Khamis bin Rimthan","Aramco — The desert pioneer behind our first oil discovery","https://china.aramco.com/en/news-media/elements-magazine/2025/the-desert-pioneer-behind-our-first-oil-discovery","Saudi guide Khamis bin Rimthan worked with chief geologist Max Steineke; Dammam No. 7 later called Prosperity Well. Exclude disputed precise discovery day.","2026-10-07"
"saudi_general_v2_170","hard600","industry:steineke:geologist",,"من كبير جيولوجيي أرامكو الذي عمل مع خميس بن رمثان في استكشاف النفط خلال الثلاثينيات؟","Which Aramco chief geologist worked with Khamis bin Rimthan in oil exploration during the 1930s?","ماكس ستاينكي","Max Steineke","Aramco — The desert pioneer behind our first oil discovery","https://china.aramco.com/en/news-media/elements-magazine/2025/the-desert-pioneer-behind-our-first-oil-discovery","Saudi guide Khamis bin Rimthan worked with chief geologist Max Steineke; Dammam No. 7 later called Prosperity Well. Exclude disputed precise discovery day.","2026-10-07"
"saudi_general_v2_171","hard600","literature:alemdove:author",,"من الروائية السعودية التي تقاسمت الجائزة العالمية للرواية العربية عام 2011 عن «طوق الحمام»؟","Which Saudi novelist shared the 2011 International Prize for Arabic Fiction for The Dove's Necklace?","رجاء عالم","Raja Alem","International Prize for Arabic Fiction — 2011 winners","https://archive.arabicfiction.org/en/2011","Raja Alem's The Dove's Necklace shared the 2011 prize with Mohammed Achaari's The Arch and the Butterfly.","2026-10-07"
"saudi_general_v2_172","hard600","heritage:rajajil:nameorigin",,"ما التشابه البصري الذي يفسر تسمية أعمدة الرجاجيل في الجوف؟","What visual resemblance explains the name of Al-Jawf's Columns of Rajajil?","تشبه مجموعة رجال واقفين عند رؤيتها من بعيد","They resemble a group of standing men when seen from a distance","Saudipedia — Columns of Rajajil","https://saudipedia.com/en/columns-of-rajajil","Al-Jawf archaeological standing stones; name locally means gathering of men, resembling standing people from a distance.","2026-10-07"
"saudi_general_v2_173","hard600","heritage:hailrock:lostlake",,"ما المسطح المائي الذي كان عند سفح أم سنمان في جبة قبل أن يختفي؟","What body of water once lay at the foot of Umm Sinman at Jubbah before disappearing?","بحيرة مياه عذبة","A freshwater lake","UNESCO — Rock Art in the Hail Region","https://whc.unesco.org/en/list/1472/","Jubbah and Shuwaymis components; Umm Sinman formerly overlooked freshwater lake; Shuwaymis mountains Al-Manjor and Raat. Original questions use distinct geographical attributes, not UNESCO's wording.","2026-10-07"
"saudi_general_v2_174","hard600","heritage:faw:abandonment",,"ما العامل البيئي الذي أدى إلى هجر قرية الفاو في القرن الخامس الميلادي وفق ملف اليونسكو؟","According to UNESCO, what environmental factor led to Qaryat al-Faw's abandonment in the fifth century CE?","نضوب المياه","Water depletion","UNESCO — Al-Faw Archaeological Area","https://whc.unesco.org/en/list/1712/","Qaryat al-Faw capital of Kinda; important caravan relay between Najran and central/eastern Arabia; water depletion led to abandonment in fifth century CE; sacred mountain Khashm Qaryah; inscription 2024.","2026-10-07"
"saudi_general_v2_175","hard600","industry:tapline:port",,"إلى أي ميناء لبناني على المتوسط كان خط التابلاين ينقل النفط السعودي؟","To which Lebanese Mediterranean port did the Tapline carry Saudi oil?","صيدا","Sidon","Aramco — The Tapline: a legacy of triumph","https://www.aramco.com/en/news-media/elements-magazine/2021/the-tapline-a-legacy-of-triumph","Trans-Arabian Pipeline transported oil to Mediterranean port of Sidon, Lebanon; recognized Saudi Arabia's first industrial heritage site. Distinct route and heritage designation facts.","2026-10-07"
"saudi_general_v2_176","hard600","heritage:tapline:designation",,"ما المنشأة التي اعترفت بها السعودية بوصفها أول موقع تراث صناعي فيها؟","Which installation was recognized as Saudi Arabia's first industrial heritage site?","خط التابلاين، خط الأنابيب عبر البلاد العربية","The Tapline, the Trans-Arabian Pipeline","Aramco — The Tapline: a legacy of triumph","https://www.aramco.com/en/news-media/elements-magazine/2021/the-tapline-a-legacy-of-triumph","Trans-Arabian Pipeline transported oil to Mediterranean port of Sidon, Lebanon; recognized Saudi Arabia's first industrial heritage site. Distinct route and heritage designation facts.","2026-10-07"
"saudi_general_v2_177","hard600","heritage:zuhair:caliph",,"نقش زهير الأثري على طريق العلا والحِجر يسجل وفاة أي خليفة؟","The ancient Inscription of Zuhair on the AlUla–Hegra route records the death of which caliph?","عمر بن الخطاب","Umar bin al-Khattab","UNESCO — Documentary Heritage in AlUla","https://www.unesco.org/en/alula/documentary-heritage?hub=158596","Inscription of Zuhair records death of Umar bin al-Khattab; Kufic Arabic without diacritics. Avoid incorrect equivalence of source's Gregorian and Hijri dates.","2026-10-07"
"saudi_general_v2_178","hard600","cinema:barakah:malelead",,"من الممثل الذي أدى دور بركة الشاب في فيلم «بركة يقابل بركة»؟","Which actor played the male Barakah in Barakah Meets Barakah?","هشام فقيه","Hisham Fageeh","Trigon-film — Official distributor credits for Barakah Meets Barakah","https://trigon-film.org/en/films/barakah-meets-barakah/","Director Mahmoud Sabbagh; male Barakah actor Hisham Fageeh; female Barakah/Bibi actor Fatima Al Banawi. Distributor is a primary film-credit source.","2026-10-07"
"saudi_general_v2_179","hard600","television:tash:fuadactor",,"من أدى شخصية فؤاد الشهيرة في مسلسل «طاش ما طاش»؟","Who played the famous character Fuad in Tash Ma Tash?","ناصر القصبي","Nasser Al-Qasabi","Saudipedia — Tash Ma Tash Series","https://saudipedia.com/en/tash-ma-tash-series","Nasser Al-Qasabi performed iconic character Fuad. Indexed text verified; no unsupported episode or season totals.","2026-10-07"
"saudi_general_v2_180","hard600","heritage:shubra:inspirationcity",,"قصر شبرا في الطائف استوحى تصميمه واسمه من قصر في حي شبرا بأي عاصمة عربية؟","Shubra Palace in Taif drew its design and name from a palace in the Shubra district of which Arab capital?","القاهرة","Cairo","Saudipedia — Historic Shubra Palace","https://saudipedia.com/%D9%82%D8%B5%D8%B1-%D8%B4%D8%A8%D8%B1%D8%A7-%D8%A7%D9%84%D8%AA%D8%A7%D8%B1%D9%8A%D8%AE%D9%8A","Taif palace name derives from design inspired by a palace in Cairo's Shubra district. Exclude room counts and construction-date discrepancies.","2026-10-07"
"saudi_general_v2_181","hard600","music:fawqhamsahab:poet",,"من كتب قصيدة «فوق هام السحب» التي غناها محمد عبده؟","Who wrote the poem Fawq Ham Al-Sahab sung by Mohammed Abdu?","بدر بن عبدالمحسن","Badr bin Abdulmohsen","Saudipedia — Badr bin Abdulmohsen","https://saudipedia.com/en/badr-bin-abdulmohsen","Poet known as Word Engineer; wrote Fawq Ham Al-Sahab sung by Mohammed Abdu; six poetry collections include Wamd. Avoid source's mismatched Hijri/Gregorian event dates.","2026-10-07"
"saudi_general_v2_182","hard600","heritage:najdimosque:decororigin",,"من أي بلد استُوردت اللوحات والزخارف المستخدمة في بناء مسجد النجدي التاريخي بفرسان؟","From which country were the decorative panels and ornaments used to build Farasan's historic Al-Najdi Mosque imported?","الهند","India","Saudipedia — Al Najdi Mosque","https://saudipedia.com/en/al-najdi-mosque","Farasan mosque built by pearl merchant Ibrahim Al-Najdi; decorative panels imported from India, construction by Yemeni architects. Exclude contradictory start/completion date claims.","2026-10-07"
"saudi_general_v2_183","hard600","heritage:najdimosque:merchanttrade",,"في أي تجارة عمل إبراهيم النجدي الذي بنى المسجد التاريخي المسمى باسمه في فرسان؟","In what trade did Ibrahim Al-Najdi, who built the Farasan mosque bearing his name, work?","تجارة اللؤلؤ","Pearl trading","Saudipedia — Al Najdi Mosque","https://saudipedia.com/en/al-najdi-mosque","Farasan mosque built by pearl merchant Ibrahim Al-Najdi; decorative panels imported from India, construction by Yemeni architects. Exclude contradictory start/completion date claims.","2026-10-07"
"saudi_general_v2_184","hard600","awards:faisalprize:zewail1989",,"أي عالم مصري نال جائزة الملك فيصل للعلوم عام 1989 عن أبحاث الليزر قبل فوزه بنوبل للكيمياء؟","Which Egyptian scientist won the 1989 King Faisal Prize in Science for laser research before receiving the Nobel Prize in Chemistry?","أحمد زويل","Ahmed Zewail","King Faisal Prize — Ahmed H. Zewail","https://kingfaisalprize.org/professor-ahmed-h-zewail/","1989 Science laureate honored for laser radiation and chemical-reaction control; later Nobel chemistry laureate. Ask Saudi prize identity context, not unrelated personal trivia.","2026-10-07"
"saudi_general_v2_185","hard600","archaeology:thajmask:site",,"في أي موقع بالمنطقة الشرقية عُثر على القناع الذهبي لطفلة اشتهرت بلقب «الأميرة»؟","At which Eastern Province site was the gold mask of a young girl conventionally called a princess discovered?","ثاج","Thaj","Saudipedia — Mask of the Princess of Thaj","https://saudipedia.com/%D9%82%D9%86%D8%A7%D8%B9-%D8%A3%D9%85%D9%8A%D8%B1%D8%A9-%D8%AB%D8%A7%D8%AC","Gold funerary mask of young girl excavated near Thaj in Eastern Province. Royal title conventional archaeological label, not proven historical genealogy.","2026-10-07"
"saudi_general_v2_186","hard600","geology:wahbah:volcanicfield",,"إلى أي حرة بركانية تنتمي فوهة الوعبة الشهيرة غرب السعودية؟","To which volcanic field does western Saudi Arabia's famous Al Wahbah crater belong?","حرة كشب","Harrat Kishb","International Union of Geological Sciences — Al Wahbah maar crater","https://iugs-geoheritage.org/geoheritage_sites/the-pleistocene-al-wahbah-dry-maar-crater/","Crater formed by explosive interaction of magma and groundwater; Harrat Kishb. No meteor-impact folklore or absolute size ranking.","2026-10-07"
"saudi_general_v2_187","hard600","sport:worldcup1994:coach",,"من المدرب الأرجنتيني الذي قاد السعودية إلى دور الـ16 في كأس العالم 1994؟","Which Argentine coach led Saudi Arabia to the round of 16 at the 1994 World Cup?","خورخي سولاري","Jorge Solari","FIFA — Fuad Anwar interview on USA 1994","https://inside.fifa.com/tournaments/mens/worldcup/1994usa/news/anwar-we-surprised-the-world-in-1994","First Saudi World Cup scorer Fuad Anwar against Netherlands; Jorge Solari coach; Sweden round-of-16 opponent; Sami Al Jaber penalty opened Morocco match. First-person primary interview.","2026-10-07"
"saudi_general_v2_188","hard600","sport:abdulghani:swissclub",,"ما النادي السويسري الذي احترف فيه حسين عبدالغني قبل انتقاله إلى النصر عام 2009؟","For which Swiss club did Hussein Abdulghani play before joining Al-Nassr in 2009?","نيوشاتل زاماكس","Neuchatel Xamax","Saudipedia — Hussein Abdulghani","https://saudipedia.com/en/hussein-abdulghani","Played abroad at Swiss Neuchatel Xamax before joining Al-Nassr in 2009; Ferreya in Bulgaria later. Exclude date-of-birth discrepancies.","2026-10-07"
"saudi_general_v2_189","hard600","sport:souan:originalfootballposition",,"في أي مركز بكرة القدم بدأ هادي صوعان الرياضة قبل انتقاله لألعاب القوى؟","In which football position did Hadi Souan begin his sporting career before switching to athletics?","حارس مرمى","Goalkeeper","Saudipedia — Hadi Souan","https://saudipedia.com/%D9%87%D8%A7%D8%AF%D9%8A-%D8%B5%D9%88%D8%B9%D8%A7%D9%86","Joined Damac in Khamis Mushayt; began as football goalkeeper before coach encouraged athletics. Distinct from Sydney medal fact; do not call silver medalist Olympic champion.","2026-10-07"
"saudi_general_v2_190","hard600","sport:souan:developmentclub",,"في أي نادٍ بخميس مشيط بدأ هادي صوعان مسيرته الرياضية؟","At which Khamis Mushayt club did Hadi Souan begin his sporting career?","ضمك","Damac","Saudipedia — Hadi Souan","https://saudipedia.com/%D9%87%D8%A7%D8%AF%D9%8A-%D8%B5%D9%88%D8%B9%D8%A7%D9%86","Joined Damac in Khamis Mushayt; began as football goalkeeper before coach encouraged athletics. Distinct from Sydney medal fact; do not call silver medalist Olympic champion.","2026-10-07"
"saudi_general_v2_191","hard600","sport:morocco1994:penaltyopener",,"من سجل للسعودية من ركلة جزاء في بداية مباراة المغرب بكأس العالم 1994؟","Who opened Saudi Arabia's scoring from a penalty against Morocco at the 1994 World Cup?","سامي الجابر","Sami Al Jaber","FIFA — Fuad Anwar interview on USA 1994","https://inside.fifa.com/tournaments/mens/worldcup/1994usa/news/anwar-we-surprised-the-world-in-1994","First Saudi World Cup scorer Fuad Anwar against Netherlands; Jorge Solari coach; Sweden round-of-16 opponent; Sami Al Jaber penalty opened Morocco match. First-person primary interview.","2026-10-07"
"saudi_general_v2_192","hard600","heritage:okhdood:ancientname",,"ما الاسم القديم لمدينة الأخدود الأثرية في نجران، الذي يرد أيضًا بصيغة «رجمت»؟","What ancient name of Najran's Al-Okhdood archaeological city also appears in the form Rijmat?","رقمات","Raqamat","Saudipedia — Al-Okhdood Archaeological City","https://saudipedia.com/en/al-okhdood-archaeological-city","Najran city also called Raqamat/Rijmat; caravans on Incense Route. Avoid unverified ancient casualty counts and excavation dimensions.","2026-10-07"
"saudi_general_v2_193","hard600","heritage:zuhair:script",,"بأي خط عربي خالٍ من علامات الإعجام كُتب نقش زهير الأثري قرب العلا؟","In which Arabic script without diacritical marks was the ancient Inscription of Zuhair near AlUla written?","الخط الكوفي","Kufic script","UNESCO — Documentary Heritage in AlUla","https://www.unesco.org/en/alula/documentary-heritage?hub=158596","Inscription of Zuhair records death of Umar bin al-Khattab; Kufic Arabic without diacritics. Avoid incorrect equivalence of source's Gregorian and Hijri dates.","2026-10-07"
"saudi_general_v2_194","hard600","art:magnetism:creator",,"من الفنان السعودي الذي أنجز عمل «المغناطيسية» مستخدمًا مغناطيسًا وبرادة حديد للإشارة إلى الكعبة والطواف؟","Which Saudi artist created Magnetism, using a magnet and iron filings to evoke the Kaaba and circumambulation?","أحمد ماطر","Ahmed Mater","British Museum — Magnetism collection record","https://www.britishmuseum.org/collection/object/W_2012-6018-3","Ahmed Mater al-Ziad created Magnetism, photographing installation of magnet and iron filings; associated with Kaaba. Ask creator, not museum inventory number.","2026-10-07"
"saudi_general_v2_195","hard600","art:suspendedtogether:creator",,"من الفنانة السعودية صاحبة عمل «في الهوا سوا» عام 2011، الذي استخدم حمامًا يحمل صور تصاريح سفر؟","Which Saudi artist created the 2011 work Suspended Together, using doves bearing images of travel permits?","منال الضويان","Manal AlDowayan","Manal AlDowayan — Suspended Together","https://www.manaldowayan.com/artworks/36-suspended-together/","Artist's own 2011 installation uses dove sculptures bearing donated women's travel-permission documents. Arabic artist title Fi al-hawa sawa; historical artwork, not a claim about current law.","2026-10-07"
"saudi_general_v2_196","hard600","cinema:shamsalmaaref:director",,"من أخرج الفيلم السعودي «شمس المعارف» الصادر عام 2020؟","Who directed the 2020 Saudi film Shams Al-Maarif, also known as The Book of Sun?","فارس قدس","Faris Godus","MUBI — The Sun of Gnosis film credits","https://mubi.com/en/us/films/the-sun-of-gnosis","2020 Saudi film Shams Al-Maarif directed by Faris Godus; English title also known as The Book of Sun.","2026-10-07"
"saudi_general_v2_197","hard600","history:unwanalmajd:author",,"من المؤرخ صاحب كتاب «عنوان المجد في تاريخ نجد»؟","Which historian wrote Unwan al-Majd fi Tarikh Najd, The Title of Glory in the History of Najd?","عثمان بن عبدالله بن بشر","Uthman ibn Abdullah ibn Bishr","New York University Libraries — Unwan al-Majd primary book catalog","https://sites.dlib.nyu.edu/viewer/books/aub_aco001264/display?lang=en","Author Uthman ibn Abdullah ibn Bishr; primary digitized edition of Unwan al-Majd fi Tarikh Najd.","2026-10-07"
"saudi_general_v2_198","hard600","craft:kiswafactory:district",,"في أي حي بمكة يقع مجمع صناعة كسوة الكعبة المشرفة؟","In which Makkah district is the complex that manufactures the Kaaba's Kiswa located?","أم الجود","Umm Al-Jud","Saudi Press Agency — Saudi Kiswa craftsmanship history","https://www.spa.gov.sa/2115541","Kaaba Kiswa factory in Umm Al-Jud district, Makkah. Exclude conflicting Hijri/Gregorian renaming years.","2026-10-07"
"saudi_general_v2_199","hard600","culture:nassiflibrary:recipient",,"إلى أي جامعة أُهديت مجموعات مكتبة بيت نصيف بعد وفاة عمر نصيف؟","To which university were Nassif House's library collections donated after Omar Nassif's death?","جامعة الملك عبدالعزيز","King Abdulaziz University","Saudipedia — Nassif Haus","https://saudipedia.com/de/nassif-haus","Nassif House library collections donated to King Abdulaziz University after Omar Nassif's death; German indexed source independently verified, not inferred from a guessed translation.","2026-10-07"
"saudi_general_v2_200","hard600","art:mater:medicalbackground",,"ما المهنة التي مارسها أحمد ماطر حين بدأ أعماله الفنية المستوحاة من صور الأشعة السينية؟","What profession did Ahmed Mater practise when he began his artworks inspired by X-ray images?","الطب","Medicine","Ahmed Mater — Antenna official exhibition","https://www.ahmedmater.com/exhibitions/ahmed-mater-antenna","X-ray series created when Mater was practicing medicine. Historical profession, no current employment assumption.","2026-10-07"
"saudi_general_v2_201","hard600","cinema:barakah:femalelead",,"من الممثلة التي أدت دور بركة المعروفة باسم بيبي في «بركة يقابل بركة»؟","Which actress played Barakah, known as Bibi, in Barakah Meets Barakah?","فاطمة البنوي","Fatima Al Banawi","Trigon-film — Official distributor credits for Barakah Meets Barakah","https://trigon-film.org/en/films/barakah-meets-barakah/","Director Mahmoud Sabbagh; male Barakah actor Hisham Fageeh; female Barakah/Bibi actor Fatima Al Banawi. Distributor is a primary film-credit source.","2026-10-07"
"saudi_general_v2_202","hard600","art:suspendedtogether:documenttype",,"ما نوع الوثائق التي طبعتها منال الضويان على الحمام في عملها «في الهوا سوا» عام 2011؟","What type of documents did Manal AlDowayan print on the doves in her 2011 work Suspended Together?","تصاريح سفر لنساء سعوديات","Saudi women's travel-permission documents","Manal AlDowayan — Suspended Together","https://www.manaldowayan.com/artworks/36-suspended-together/","Artist's own 2011 installation uses dove sculptures bearing donated women's travel-permission documents. Arabic artist title Fi al-hawa sawa; historical artwork, not a claim about current law.","2026-10-07"
"saudi_general_v2_203","hard600","publishing:alarab:founder",,"من المؤرخ السعودي الذي أسس مجلة «العرب» المتخصصة في التراث الفكري والتاريخ عام 1966؟","Which Saudi historian founded the intellectual-heritage and history magazine Al-Arab in 1966?","حمد الجاسر","Hamad Al-Jasser","Saudipedia — Al-Arab magazine","https://saudipedia.com/%D9%85%D8%AC%D9%84%D8%A9-%D8%A7%D9%84%D8%B9%D8%B1%D8%A8","Hamad Al-Jasser founded cultural magazine Al-Arab in 1966; Arab intellectual heritage, history and literature.","2026-10-07"
"saudi_general_v2_204","hard600","publishing:aljazira:founder",,"من الأديب السعودي الذي أسس صحيفة «الجزيرة» عندما بدأت مجلة شهرية عام 1960؟","Which Saudi writer founded Al-Jazirah newspaper when it began as a monthly magazine in 1960?","عبدالله بن خميس","Abdullah bin Khamis","Al-Jazirah — Official newspaper search-page masthead","https://search.al-jazirah.com.sa/cgi-bin/utf_search/utf_main_search.cgi","Newspaper founded by Abdullah bin Khamis; first issue monthly magazine April 1960. Distinguish Saudi newspaper from Qatar's Al Jazeera broadcaster.","2026-10-07"
