"pair","hash","decision","reason"
"kuwaiti_music_v2_142/kuwait_general_v2_075","f735d519b9a23efdac88e815b3ce899b4179d7ae05fd9672ad1e423e007937bc","distinct","Assistant inspected song:zenatayyami:lyricist: Who wrote the lyrics of Nawal's Zenat Ayyami? (Bader Borsli) against anthem:lyrics:writer: Who wrote the lyrics of Kuwait's national anthem? (Ahmad Meshari Al-Adwani). These identify different works, different institutions or different artist attributes. The review excluded the protected Shadi stage-name fact and Sawt instrument facts while authoring. Different song credits, artist instruments, labels, collaborators and musical genres remain separate relations; no retained pair asks the same relation about the same entity."
"kuwaiti_music_v2_147/kuwait_general_v2_075","28f9371c488b1c118b4e0586e6acc8fa1dedca12a133f5909d88c146044ac243","distinct","Assistant inspected song:wayedwayed:lyricist: Who wrote the lyrics of Mustafa Ahmed's Wayed Wayed? (Khalifa Al Abdullah) against anthem:lyrics:writer: Who wrote the lyrics of Kuwait's national anthem? (Ahmad Meshari Al-Adwani). These identify different works, different institutions or different artist attributes. The review excluded the protected Shadi stage-name fact and Sawt instrument facts while authoring. Different song credits, artist instruments, labels, collaborators and musical genres remain separate relations; no retained pair asks the same relation about the same entity."
"kuwaiti_music_v2_153/kuwait_general_v2_075","d13e68cce0216a5aa6242492e97775eb3ea63f3c6c5bfc94c2528e9887df215a","distinct","Assistant inspected song:etmaen:lyricist: Who wrote the lyrics of Hammoud Naser's Etmaen? (Ali Al Matouq) against anthem:lyrics:writer: Who wrote the lyrics of Kuwait's national anthem? (Ahmad Meshari Al-Adwani). These identify different works, different institutions or different artist attributes. The review excluded the protected Shadi stage-name fact and Sawt instrument facts while authoring. Different song credits, artist instruments, labels, collaborators and musical genres remain separate relations; no retained pair asks the same relation about the same entity."
"kuwaiti_music_v2_162/kuwait_general_v2_075","9b9422ebaee13f9b9132399b46964032f395867deb4245030252ae78899c6c7a","distinct","Assistant inspected song:akoumislek:lyricist: Who wrote the lyrics of Nawal's Akou Mislek? (Bader Borsli) against anthem:lyrics:writer: Who wrote the lyrics of Kuwait's national anthem? (Ahmad Meshari Al-Adwani). These identify different works, different institutions or different artist attributes. The review excluded the protected Shadi stage-name fact and Sawt instrument facts while authoring. Different song credits, artist instruments, labels, collaborators and musical genres remain separate relations; no retained pair asks the same relation about the same entity."
"kuwaiti_music_v2_167/kuwait_general_v2_075","dacf0c897a18931065643a6979968e434d57ce986c3b6a7df81fc6bfdcf12298","distinct","Assistant inspected song:weshjabni:lyricist: Who wrote the lyrics of Fattouma's Wesh Jabni? (Hisham Al Shurooqi) against anthem:lyrics:writer: Who wrote the lyrics of Kuwait's national anthem? (Ahmad Meshari Al-Adwani). These identify different works, different institutions or different artist attributes. The review excluded the protected Shadi stage-name fact and Sawt instrument facts while authoring. Different song credits, artist instruments, labels, collaborators and musical genres remain separate relations; no retained pair asks the same relation about the same entity."
"kuwaiti_music_v2_169/kuwait_general_v2_075","fd3f7c768518f5b80ee06abd24acc8d188562e65d534603bf0484adbeb18c875","distinct","Assistant inspected song:ghamza:lyricist: Who wrote the lyrics of Ibrahim Dashti's Ghamza? (Mushrif Al Attabi) against anthem:lyrics:writer: Who wrote the lyrics of Kuwait's national anthem? (Ahmad Meshari Al-Adwani). These identify different works, different institutions or different artist attributes. The review excluded the protected Shadi stage-name fact and Sawt instrument facts while authoring. Different song credits, artist instruments, labels, collaborators and musical genres remain separate relations; no retained pair asks the same relation about the same entity."
"kuwaiti_music_v2_187/kuwait_general_v2_075","b1b15edd0f9b4ed70d53fc322dcd5dfba9fc84c2fbc4130de436f772018c7b54","distinct","Assistant inspected song:mughroura:lyricist: Who wrote the lyrics of Maram's Mughroura? (Khaled Al Bathal) against anthem:lyrics:writer: Who wrote the lyrics of Kuwait's national anthem? (Ahmad Meshari Al-Adwani). These identify different works, different institutions or different artist attributes. The review excluded the protected Shadi stage-name fact and Sawt instrument facts while authoring. Different song credits, artist instruments, labels, collaborators and musical genres remain separate relations; no retained pair asks the same relation about the same entity."
"kuwaiti_music_v2_190/kuwait_general_v2_075","220e8e4799e855f47b0fad513906e790b625e04a916fd13ce38633c76733e46b","distinct","Assistant inspected song:fahhmouh:lyricist: Who wrote the lyrics of Mutrif Al Mutrif's Fahhmouh? (Saad Al Musallam) against anthem:lyrics:writer: Who wrote the lyrics of Kuwait's national anthem? (Ahmad Meshari Al-Adwani). These identify different works, different institutions or different artist attributes. The review excluded the protected Shadi stage-name fact and Sawt instrument facts while authoring. Different song credits, artist instruments, labels, collaborators and musical genres remain separate relations; no retained pair asks the same relation about the same entity."
"kuwaiti_music_v2_194/kuwait_general_v2_075","f3284f26d352a24d4712a00df0fa913f546cc8c90c553b1d65f7c8fc62b58c03","distinct","Assistant inspected song:samihni:lyricist: Who wrote the lyrics of Shaymaa Sulaiman's Samihni? (Sulaiman Bu Shait) against anthem:lyrics:writer: Who wrote the lyrics of Kuwait's national anthem? (Ahmad Meshari Al-Adwani). These identify different works, different institutions or different artist attributes. The review excluded the protected Shadi stage-name fact and Sawt instrument facts while authoring. Different song credits, artist instruments, labels, collaborators and musical genres remain separate relations; no retained pair asks the same relation about the same entity."
"kuwaiti_music_v2_199/kuwait_general_v2_075","4de12cea2ac2c76cacaa8cea86607987701f1f94caa3b79b7e16440c3987fbbd","distinct","Assistant inspected song:zahqanamellait:lyricist: Who wrote the lyrics of Shams's Zahqana Mellait? (Adnan Al Amir) against anthem:lyrics:writer: Who wrote the lyrics of Kuwait's national anthem? (Ahmad Meshari Al-Adwani). These identify different works, different institutions or different artist attributes. The review excluded the protected Shadi stage-name fact and Sawt instrument facts while authoring. Different song credits, artist instruments, labels, collaborators and musical genres remain separate relations; no retained pair asks the same relation about the same entity."
"kuwaiti_music_v2_012/emirati_music_v2_044","6664df15da3fcc817af3ec6e2615ae2065a4fd2acf1a8c0c26cc6c4390342e5a","distinct","Assistant inspected song:etmaen:singer: Which Kuwaiti singer performs Etmaen? (Hammoud Naser) against song:fakadtek:singer: Which Emirati singer performed Fakadtak? (Hussain Al Jassmi). These identify different works, different institutions or different artist attributes. The review excluded the protected Shadi stage-name fact and Sawt instrument facts while authoring. Different song credits, artist instruments, labels, collaborators and musical genres remain separate relations; no retained pair asks the same relation about the same entity."
"kuwaiti_music_v2_016/emirati_music_v2_049","681ea058da0344e6e1ff1a5802d61a907458d187791e2d773bc8c82c38e117bb","distinct","Assistant inspected song:akoumislek:singer: Which female singer performs Akou Mislek? (Nawal) against song:diplomacy:singer: Which female singer performed Diplomacy? (Balqees). These identify different works, different institutions or different artist attributes. The review excluded the protected Shadi stage-name fact and Sawt instrument facts while authoring. Different song credits, artist instruments, labels, collaborators and musical genres remain separate relations; no retained pair asks the same relation about the same entity."
"kuwaiti_music_v2_016/emirati_music_v2_060","179d3c72328ce5557e4903cfb316f3ece3f1f525129b58dc7634f75c320a9b1f","distinct","Assistant inspected song:akoumislek:singer: Which female singer performs Akou Mislek? (Nawal) against song:yalazem:singer: Which female singer performs Yalazemni Khayalak? (Ahlam). These identify different works, different institutions or different artist attributes. The review excluded the protected Shadi stage-name fact and Sawt instrument facts while authoring. Different song credits, artist instruments, labels, collaborators and musical genres remain separate relations; no retained pair asks the same relation about the same entity."
"kuwaiti_music_v2_033/emirati_music_v2_049","b1e4ec5854c7d2da607eb36eb009e2a009a58829de559e579bb63cea885dae23","distinct","Assistant inspected song:sadqah:singer: Which Kuwaiti female singer performs Sadqah? (Maram) against song:diplomacy:singer: Which female singer performed Diplomacy? (Balqees). These identify different works, different institutions or different artist attributes. The review excluded the protected Shadi stage-name fact and Sawt instrument facts while authoring. Different song credits, artist instruments, labels, collaborators and musical genres remain separate relations; no retained pair asks the same relation about the same entity."
"kuwaiti_music_v2_033/emirati_music_v2_060","f2cb9b4e6612538a8d0cdf03a85da91ce80d9162b06778659dc8ef358d575ab3","distinct","Assistant inspected song:sadqah:singer: Which Kuwaiti female singer performs Sadqah? (Maram) against song:yalazem:singer: Which female singer performs Yalazemni Khayalak? (Ahlam). These identify different works, different institutions or different artist attributes. The review excluded the protected Shadi stage-name fact and Sawt instrument facts while authoring. Different song credits, artist instruments, labels, collaborators and musical genres remain separate relations; no retained pair asks the same relation about the same entity."
"kuwaiti_music_v2_041/emirati_music_v2_049","ad01ec23f5880f909d515c7a9821638c9859e23ccf5016dedbd30bdbe2853c42","distinct","Assistant inspected song:mughroura:singer: Which Kuwaiti female singer performs Mughroura? (Maram) against song:diplomacy:singer: Which female singer performed Diplomacy? (Balqees). These identify different works, different institutions or different artist attributes. The review excluded the protected Shadi stage-name fact and Sawt instrument facts while authoring. Different song credits, artist instruments, labels, collaborators and musical genres remain separate relations; no retained pair asks the same relation about the same entity."
"kuwaiti_music_v2_041/emirati_music_v2_060","03b8de95fcd5f2c10340ce3bfa4d8bf9b334bdd2945f61ddfe3eaad40fdf1ed2","distinct","Assistant inspected song:mughroura:singer: Which Kuwaiti female singer performs Mughroura? (Maram) against song:yalazem:singer: Which female singer performs Yalazemni Khayalak? (Ahlam). These identify different works, different institutions or different artist attributes. The review excluded the protected Shadi stage-name fact and Sawt instrument facts while authoring. Different song credits, artist instruments, labels, collaborators and musical genres remain separate relations; no retained pair asks the same relation about the same entity."
"kuwaiti_music_v2_045/emirati_music_v2_045","6f94e0367a6f9454aa6e09fffa3a8e43e930a8775683c54377a3adf403026d8e","distinct","Assistant inspected song:fahhmouh:singer: Who sings Fahhmouh? (Mutrif Al Mutrif) against song:hamadtezaal:singer: Who sings Tezaal W Aradeek? (Hamad Al Ameri). These identify different works, different institutions or different artist attributes. The review excluded the protected Shadi stage-name fact and Sawt instrument facts while authoring. Different song credits, artist instruments, labels, collaborators and musical genres remain separate relations; no retained pair asks the same relation about the same entity."
"kuwaiti_music_v2_053/emirati_music_v2_045","93ff215f64f09975160a0387a17599ad9449e20df84283753e9b5543e26a5fd5","distinct","Assistant inspected song:qanabel:singer: Who sings Qanabel? (Essa Al Marzouq) against song:hamadtezaal:singer: Who sings Tezaal W Aradeek? (Hamad Al Ameri). These identify different works, different institutions or different artist attributes. The review excluded the protected Shadi stage-name fact and Sawt instrument facts while authoring. Different song credits, artist instruments, labels, collaborators and musical genres remain separate relations; no retained pair asks the same relation about the same entity."
"kuwaiti_music_v2_058/emirati_music_v2_010","9b52f20683e3055e1877cc51bab78b4a483c544c5482f7c6dcf1d901f5a9a117","distinct","Assistant inspected artist:rashedhemli:instrument: Which string instrument is Kuwaiti artist Rashed Al Hemli known for playing? (The oud) against artist:elham:instrument: Which string instrument is Emirati musician Elham Al Marzooqi known for playing? (Cello). These identify different works, different institutions or different artist attributes. The review excluded the protected Shadi stage-name fact and Sawt instrument facts while authoring. Different song credits, artist instruments, labels, collaborators and musical genres remain separate relations; no retained pair asks the same relation about the same entity."
"kuwaiti_music_v2_071/emirati_music_v2_096","c641e3c8284350c94efa4d368ddc5396269ac0be4468c220b4a63737cb3828ee","distinct","Assistant inspected song:bastans:writercomposer: Who wrote and composed Miami Band's Bastans? (Yousef Al Omani) against song:jabbar:writercomposer: Who wrote and composed Balqees's Jabbar? (Rami Shafei). These identify different works, different institutions or different artist attributes. The review excluded the protected Shadi stage-name fact and Sawt instrument facts while authoring. Different song credits, artist instruments, labels, collaborators and musical genres remain separate relations; no retained pair asks the same relation about the same entity."
"kuwaiti_music_v2_073/emirati_music_v2_114","ed588d0dca956e2c49af12f8a8610652e92a3642e1b6c3ecdbdf7f16b02b2b77","distinct","Assistant inspected song:kunanta:lyricist: Who wrote the lyrics of Humood AlKhudher's Kun Anta? (Saif Fadhel) against song:diplomacy:writer: Who wrote the lyrics of Balqees's Diplomacy? (Aziz El Shaafei). These identify different works, different institutions or different artist attributes. The review excluded the protected Shadi stage-name fact and Sawt instrument facts while authoring. Different song credits, artist instruments, labels, collaborators and musical genres remain separate relations; no retained pair asks the same relation about the same entity."
"kuwaiti_music_v2_073/emirati_music_v2_172","8d81c1178525d2acb48fd6267293f18995c0f23208e2ce4078f3161c173b8631","distinct","Assistant inspected song:kunanta:lyricist: Who wrote the lyrics of Humood AlKhudher's Kun Anta? (Saif Fadhel) against song:mestaghreb:lyricist: Who wrote the lyrics of Ahlam's WeMestaghrb? (Abdulrahman Al Othman). These identify different works, different institutions or different artist attributes. The review excluded the protected Shadi stage-name fact and Sawt instrument facts while authoring. Different song credits, artist instruments, labels, collaborators and musical genres remain separate relations; no retained pair asks the same relation about the same entity."
"kuwaiti_music_v2_073/emirati_music_v2_174","221ef62f5c726e94583cda42ad9dd161e5563cee5d3cd5e36aeb12b1e4c4b03b","distinct","Assistant inspected song:kunanta:lyricist: Who wrote the lyrics of Humood AlKhudher's Kun Anta? (Saif Fadhel) against song:entaha:lyricist: Who wrote the lyrics of Balqees's Entaha? (Mshari Al Ibrahim). These identify different works, different institutions or different artist attributes. The review excluded the protected Shadi stage-name fact and Sawt instrument facts while authoring. Different song credits, artist instruments, labels, collaborators and musical genres remain separate relations; no retained pair asks the same relation about the same entity."
"kuwaiti_music_v2_109/emirati_music_v2_079","654117c6f08febbdd794871c51c2806ada64cd306c449b30897ddee737d80510","distinct","Assistant inspected song:abeek:lyricist: Who wrote the lyrics of Abdullah Al Rowaished's Abeek? (Abdul Latif Al Bannai) against song:fakadtek:lyricist: Who wrote the lyrics of Hussain Al Jassmi's Fakadtak? (Faisal Al Yami). These identify different works, different institutions or different artist attributes. The review excluded the protected Shadi stage-name fact and Sawt instrument facts while authoring. Different song credits, artist instruments, labels, collaborators and musical genres remain separate relations; no retained pair asks the same relation about the same entity."
"kuwaiti_music_v2_109/emirati_music_v2_082","c7009a80db2708340b7cf8849e5866f5be7ed9e975e5499de7a57fffc52c1068","distinct","Assistant inspected song:abeek:lyricist: Who wrote the lyrics of Abdullah Al Rowaished's Abeek? (Abdul Latif Al Bannai) against song:ahebak:lyricist: Who wrote the lyrics of Hussain Al Jassmi's Ahebak? (Ahmad Al Sanea). These identify different works, different institutions or different artist attributes. The review excluded the protected Shadi stage-name fact and Sawt instrument facts while authoring. Different song credits, artist instruments, labels, collaborators and musical genres remain separate relations; no retained pair asks the same relation about the same entity."
"kuwaiti_music_v2_109/emirati_music_v2_097","7e2de684cb355e79c5a1b7bdc10fc04d10b116ad13122e2382a852f23a20e495","distinct","Assistant inspected song:abeek:lyricist: Who wrote the lyrics of Abdullah Al Rowaished's Abeek? (Abdul Latif Al Bannai) against song:yamarini:lyricist: Who wrote the lyrics of Eida Al Menhali's Yamarini Tarik? (Saeed Al Rumaithi). These identify different works, different institutions or different artist attributes. The review excluded the protected Shadi stage-name fact and Sawt instrument facts while authoring. Different song credits, artist instruments, labels, collaborators and musical genres remain separate relations; no retained pair asks the same relation about the same entity."
"kuwaiti_music_v2_109/emirati_music_v2_114","55d50ac352f26a4669ecfcd506483db3460baf541409840ef61f796e8591e1c9","distinct","Assistant inspected song:abeek:lyricist: Who wrote the lyrics of Abdullah Al Rowaished's Abeek? (Abdul Latif Al Bannai) against song:diplomacy:writer: Who wrote the lyrics of Balqees's Diplomacy? (Aziz El Shaafei). These identify different works, different institutions or different artist attributes. The review excluded the protected Shadi stage-name fact and Sawt instrument facts while authoring. Different song credits, artist instruments, labels, collaborators and musical genres remain separate relations; no retained pair asks the same relation about the same entity."
"kuwaiti_music_v2_109/emirati_music_v2_146","9da0826b8472c6847dd423cb5c05a22d66decfdc9ce4124ebb1fb085f53b7170","distinct","Assistant inspected song:abeek:lyricist: Who wrote the lyrics of Abdullah Al Rowaished's Abeek? (Abdul Latif Al Bannai) against song:kashf:lyricist: Who wrote the lyrics of Mohamed Al Shehhi's Kashf Al Mahabba? (Ali Al Omari). These identify different works, different institutions or different artist attributes. The review excluded the protected Shadi stage-name fact and Sawt instrument facts while authoring. Different song credits, artist instruments, labels, collaborators and musical genres remain separate relations; no retained pair asks the same relation about the same entity."
"kuwaiti_music_v2_109/emirati_music_v2_148","3ba56eb0899354bce68c9ea454729830a83784ba1a67df236abc8570f3fc5d17","distinct","Assistant inspected song:abeek:lyricist: Who wrote the lyrics of Abdullah Al Rowaished's Abeek? (Abdul Latif Al Bannai) against song:dighewa:lyricist: Who wrote the lyrics of Fayez Al Saeed's Dig Hewa? (Firas Al Shathar). These identify different works, different institutions or different artist attributes. The review excluded the protected Shadi stage-name fact and Sawt instrument facts while authoring. Different song credits, artist instruments, labels, collaborators and musical genres remain separate relations; no retained pair asks the same relation about the same entity."
"kuwaiti_music_v2_109/emirati_music_v2_171","29a19eafcf1a0ba7f9ff3b84d8ed46eda1fe4d5ed30f645653b92d8ffc6b6cd7","distinct","Assistant inspected song:abeek:lyricist: Who wrote the lyrics of Abdullah Al Rowaished's Abeek? (Abdul Latif Al Bannai) against song:sketanak:lyricist: Who wrote the lyrics of Mohamed Al Shehhi's Sket Anak? (Hussain Khamis). These identify different works, different institutions or different artist attributes. The review excluded the protected Shadi stage-name fact and Sawt instrument facts while authoring. Different song credits, artist instruments, labels, collaborators and musical genres remain separate relations; no retained pair asks the same relation about the same entity."
"kuwaiti_music_v2_109/emirati_music_v2_172","d8cc5498aad6bad5447d3f1192de6058f1671305bdde0c87177cfde57682aa55","distinct","Assistant inspected song:abeek:lyricist: Who wrote the lyrics of Abdullah Al Rowaished's Abeek? (Abdul Latif Al Bannai) against song:mestaghreb:lyricist: Who wrote the lyrics of Ahlam's WeMestaghrb? (Abdulrahman Al Othman). These identify different works, different institutions or different artist attributes. The review excluded the protected Shadi stage-name fact and Sawt instrument facts while authoring. Different song credits, artist instruments, labels, collaborators and musical genres remain separate relations; no retained pair asks the same relation about the same entity."
"kuwaiti_music_v2_109/emirati_music_v2_174","417dd1bcef2c9ce9cc693f2c598ba8110c49ed97f17847fc547c3a0247b03b67","distinct","Assistant inspected song:abeek:lyricist: Who wrote the lyrics of Abdullah Al Rowaished's Abeek? (Abdul Latif Al Bannai) against song:entaha:lyricist: Who wrote the lyrics of Balqees's Entaha? (Mshari Al Ibrahim). These identify different works, different institutions or different artist attributes. The review excluded the protected Shadi stage-name fact and Sawt instrument facts while authoring. Different song credits, artist instruments, labels, collaborators and musical genres remain separate relations; no retained pair asks the same relation about the same entity."
"kuwaiti_music_v2_109/emirati_music_v2_175","e388aea3c5d784b1e49bbcb2498ca23561745cea54a343b9160760c3b0be75c7","distinct","Assistant inspected song:abeek:lyricist: Who wrote the lyrics of Abdullah Al Rowaished's Abeek? (Abdul Latif Al Bannai) against song:maktoum:lyricist: Who wrote the lyrics of Eida Al Menhali's Maktoum Onwani? (Ahmad Al Marri). These identify different works, different institutions or different artist attributes. The review excluded the protected Shadi stage-name fact and Sawt instrument facts while authoring. Different song credits, artist instruments, labels, collaborators and musical genres remain separate relations; no retained pair asks the same relation about the same entity."
"kuwaiti_music_v2_109/emirati_music_v2_180","779be4dd94b76e6fdcea84ac31d1e1bffb6415fa6cfb5da76117cf63eb03923c","distinct","Assistant inspected song:abeek:lyricist: Who wrote the lyrics of Abdullah Al Rowaished's Abeek? (Abdul Latif Al Bannai) against song:hazzaaljaw:writer: Who wrote the lyrics of Hazza's Al Jaw Londani? (Ali Al Khawar). These identify different works, different institutions or different artist attributes. The review excluded the protected Shadi stage-name fact and Sawt instrument facts while authoring. Different song credits, artist instruments, labels, collaborators and musical genres remain separate relations; no retained pair asks the same relation about the same entity."
"kuwaiti_music_v2_109/emirati_music_v2_181","3f505069ce9b44eb0dd63c90d5395765501677b690b0960e33bbf84042a5e335","distinct","Assistant inspected song:abeek:lyricist: Who wrote the lyrics of Abdullah Al Rowaished's Abeek? (Abdul Latif Al Bannai) against song:fayezselfie:writer: Who wrote the lyrics of Fayez Al Saeed's 2014 Selfie? (Turki Al Sharif). These identify different works, different institutions or different artist attributes. The review excluded the protected Shadi stage-name fact and Sawt instrument facts while authoring. Different song credits, artist instruments, labels, collaborators and musical genres remain separate relations; no retained pair asks the same relation about the same entity."
"kuwaiti_music_v2_109/emirati_music_v2_190","c82df92c764780b457d676443687f5b68375f5d506d409ce3891416f4fac9c8e","distinct","Assistant inspected song:abeek:lyricist: Who wrote the lyrics of Abdullah Al Rowaished's Abeek? (Abdul Latif Al Bannai) against song:qahwawadaa:writer: Who wrote the lyrics of Hussain Al Jassmi's Qahwat Wadaa? (Ahmad bin Thaher). These identify different works, different institutions or different artist attributes. The review excluded the protected Shadi stage-name fact and Sawt instrument facts while authoring. Different song credits, artist instruments, labels, collaborators and musical genres remain separate relations; no retained pair asks the same relation about the same entity."
"kuwaiti_music_v2_134/emirati_music_v2_072","a39db6b7c0494abf0e8fcc87d78d46cf4a45fa82144c4e7a624151c709794613","distinct","Assistant inspected album:guitara:debuttitle: What was the title of Guitara's debut album, released in 2001? (Kunt Athun) against album:balqees:debut: What was the title of Balqees's debut album released in 2013? (Majnoun). These identify different works, different institutions or different artist attributes. The review excluded the protected Shadi stage-name fact and Sawt instrument facts while authoring. Different song credits, artist instruments, labels, collaborators and musical genres remain separate relations; no retained pair asks the same relation about the same entity."
"kuwaiti_music_v2_134/emirati_music_v2_125","0360492530325389f62f1e97af8b330be58ca16f8ab4212f12fb4d6bc83cf587","distinct","Assistant inspected album:guitara:debuttitle: What was the title of Guitara's debut album, released in 2001? (Kunt Athun) against person:alya:debutsingle: What was the title of Alya's debut solo single released in 2020? (Hung Up). These identify different works, different institutions or different artist attributes. The review excluded the protected Shadi stage-name fact and Sawt instrument facts while authoring. Different song credits, artist instruments, labels, collaborators and musical genres remain separate relations; no retained pair asks the same relation about the same entity."
"kuwaiti_music_v2_137/emirati_music_v2_114","0ef6e328509694909dd5e3237b89d07c2678ae6fccb749dcde234ad06ac0ffcd","distinct","Assistant inspected song:ajorelsout:lyricist: Who wrote the lyrics of AbdulKarim AbdulQader's Ajor Elsoot? (AbdulLatif Al Bannai) against song:diplomacy:writer: Who wrote the lyrics of Balqees's Diplomacy? (Aziz El Shaafei). These identify different works, different institutions or different artist attributes. The review excluded the protected Shadi stage-name fact and Sawt instrument facts while authoring. Different song credits, artist instruments, labels, collaborators and musical genres remain separate relations; no retained pair asks the same relation about the same entity."
"kuwaiti_music_v2_137/emirati_music_v2_172","a4b6d4b45494ba11f5f42cc5757f46eb744763581d4f753e80f422ed5100bd8a","distinct","Assistant inspected song:ajorelsout:lyricist: Who wrote the lyrics of AbdulKarim AbdulQader's Ajor Elsoot? (AbdulLatif Al Bannai) against song:mestaghreb:lyricist: Who wrote the lyrics of Ahlam's WeMestaghrb? (Abdulrahman Al Othman). These identify different works, different institutions or different artist attributes. The review excluded the protected Shadi stage-name fact and Sawt instrument facts while authoring. Different song credits, artist instruments, labels, collaborators and musical genres remain separate relations; no retained pair asks the same relation about the same entity."
"kuwaiti_music_v2_137/emirati_music_v2_174","afc4ffc5a0a3f82c0f11a3cb2c99c8e3e99b61de352cec1f5aa29c6a8a10e3fc","distinct","Assistant inspected song:ajorelsout:lyricist: Who wrote the lyrics of AbdulKarim AbdulQader's Ajor Elsoot? (AbdulLatif Al Bannai) against song:entaha:lyricist: Who wrote the lyrics of Balqees's Entaha? (Mshari Al Ibrahim). These identify different works, different institutions or different artist attributes. The review excluded the protected Shadi stage-name fact and Sawt instrument facts while authoring. Different song credits, artist instruments, labels, collaborators and musical genres remain separate relations; no retained pair asks the same relation about the same entity."
"kuwaiti_music_v2_142/emirati_music_v2_114","5005cef84b407dd1bc1f0162e9507154702e9bf603bbf8e1862565588434a587","distinct","Assistant inspected song:zenatayyami:lyricist: Who wrote the lyrics of Nawal's Zenat Ayyami? (Bader Borsli) against song:diplomacy:writer: Who wrote the lyrics of Balqees's Diplomacy? (Aziz El Shaafei). These identify different works, different institutions or different artist attributes. The review excluded the protected Shadi stage-name fact and Sawt instrument facts while authoring. Different song credits, artist instruments, labels, collaborators and musical genres remain separate relations; no retained pair asks the same relation about the same entity."
"kuwaiti_music_v2_142/emirati_music_v2_150","65b08ca86b6619697a6f5f624811d49a0d410b426e23a3c4ca1c811d5a7451ab","distinct","Assistant inspected song:zenatayyami:lyricist: Who wrote the lyrics of Nawal's Zenat Ayyami? (Bader Borsli) against song:hathana:lyricist: Who wrote the lyrics of Ahlam's Hatha Ana? (Faisal Mohamed Al Sudairi). These identify different works, different institutions or different artist attributes. The review excluded the protected Shadi stage-name fact and Sawt instrument facts while authoring. Different song credits, artist instruments, labels, collaborators and musical genres remain separate relations; no retained pair asks the same relation about the same entity."
"kuwaiti_music_v2_142/emirati_music_v2_172","6129caf54e447e9b0772b731ac4ca0a4f71e56b16fbf4ea513175b19b6afd646","distinct","Assistant inspected song:zenatayyami:lyricist: Who wrote the lyrics of Nawal's Zenat Ayyami? (Bader Borsli) against song:mestaghreb:lyricist: Who wrote the lyrics of Ahlam's WeMestaghrb? (Abdulrahman Al Othman). These identify different works, different institutions or different artist attributes. The review excluded the protected Shadi stage-name fact and Sawt instrument facts while authoring. Different song credits, artist instruments, labels, collaborators and musical genres remain separate relations; no retained pair asks the same relation about the same entity."
"kuwaiti_music_v2_142/emirati_music_v2_174","b3b23a855a6044933fe05884a8cefd27bf2ec4cc7e3c3d62a9573bd48f5500e2","distinct","Assistant inspected song:zenatayyami:lyricist: Who wrote the lyrics of Nawal's Zenat Ayyami? (Bader Borsli) against song:entaha:lyricist: Who wrote the lyrics of Balqees's Entaha? (Mshari Al Ibrahim). These identify different works, different institutions or different artist attributes. The review excluded the protected Shadi stage-name fact and Sawt instrument facts while authoring. Different song credits, artist instruments, labels, collaborators and musical genres remain separate relations; no retained pair asks the same relation about the same entity."
"kuwaiti_music_v2_142/emirati_music_v2_184","6d125785710eb1216225cc4af9cfbf0e4416742554406231226231861ee88f05","distinct","Assistant inspected song:zenatayyami:lyricist: Who wrote the lyrics of Nawal's Zenat Ayyami? (Bader Borsli) against song:moajaba:writer: Who wrote the lyrics of Shamma Hamdan's Moajaba? (Ahmad Al Sanea). These identify different works, different institutions or different artist attributes. The review excluded the protected Shadi stage-name fact and Sawt instrument facts while authoring. Different song credits, artist instruments, labels, collaborators and musical genres remain separate relations; no retained pair asks the same relation about the same entity."
"kuwaiti_music_v2_142/emirati_music_v2_187","69f5702daaa881cb657184356eaa1ac0376b766e7befb54fe373858cb63411d9","distinct","Assistant inspected song:zenatayyami:lyricist: Who wrote the lyrics of Nawal's Zenat Ayyami? (Bader Borsli) against song:wayyakkhedni:writer: Who wrote the lyrics of Balqees's Wayyak Khedni? (Firas Al Habeeb). These identify different works, different institutions or different artist attributes. The review excluded the protected Shadi stage-name fact and Sawt instrument facts while authoring. Different song credits, artist instruments, labels, collaborators and musical genres remain separate relations; no retained pair asks the same relation about the same entity."
"kuwaiti_music_v2_145/emirati_music_v2_114","a09b6ba62391786749668a143b94fbe4a2eacd53a4efc29b582d54994f6fbf74","distinct","Assistant inspected song:yaassal:lyricist: Who wrote the lyrics of Nabeel Shuail's Ya Assal? (Ahmed Alawi) against song:diplomacy:writer: Who wrote the lyrics of Balqees's Diplomacy? (Aziz El Shaafei). These identify different works, different institutions or different artist attributes. The review excluded the protected Shadi stage-name fact and Sawt instrument facts while authoring. Different song credits, artist instruments, labels, collaborators and musical genres remain separate relations; no retained pair asks the same relation about the same entity."
"kuwaiti_music_v2_145/emirati_music_v2_172","7e000c7f3f0db4d045460ef6f33cfeb1394753cb22a5d71f5db3f1a14fb01724","distinct","Assistant inspected song:yaassal:lyricist: Who wrote the lyrics of Nabeel Shuail's Ya Assal? (Ahmed Alawi) against song:mestaghreb:lyricist: Who wrote the lyrics of Ahlam's WeMestaghrb? (Abdulrahman Al Othman). These identify different works, different institutions or different artist attributes. The review excluded the protected Shadi stage-name fact and Sawt instrument facts while authoring. Different song credits, artist instruments, labels, collaborators and musical genres remain separate relations; no retained pair asks the same relation about the same entity."
"kuwaiti_music_v2_145/emirati_music_v2_174","b8b20a28192fc053ab46eff5c5cb4e54871b8ed1aa2448b88a52198ed94444f9","distinct","Assistant inspected song:yaassal:lyricist: Who wrote the lyrics of Nabeel Shuail's Ya Assal? (Ahmed Alawi) against song:entaha:lyricist: Who wrote the lyrics of Balqees's Entaha? (Mshari Al Ibrahim). These identify different works, different institutions or different artist attributes. The review excluded the protected Shadi stage-name fact and Sawt instrument facts while authoring. Different song credits, artist instruments, labels, collaborators and musical genres remain separate relations; no retained pair asks the same relation about the same entity."
"kuwaiti_music_v2_147/emirati_music_v2_114","9a714eedf8af268ff4ebd8e8d7c3ec7e28f2bcb8ac7d3bba85d889569589a5ad","distinct","Assistant inspected song:wayedwayed:lyricist: Who wrote the lyrics of Mustafa Ahmed's Wayed Wayed? (Khalifa Al Abdullah) against song:diplomacy:writer: Who wrote the lyrics of Balqees's Diplomacy? (Aziz El Shaafei). These identify different works, different institutions or different artist attributes. The review excluded the protected Shadi stage-name fact and Sawt instrument facts while authoring. Different song credits, artist instruments, labels, collaborators and musical genres remain separate relations; no retained pair asks the same relation about the same entity."
"kuwaiti_music_v2_147/emirati_music_v2_150","3d799bb274830b435a031ba0781a2db4e6f9b38b297ff7c19e62703812a82bd0","distinct","Assistant inspected song:wayedwayed:lyricist: Who wrote the lyrics of Mustafa Ahmed's Wayed Wayed? (Khalifa Al Abdullah) against song:hathana:lyricist: Who wrote the lyrics of Ahlam's Hatha Ana? (Faisal Mohamed Al Sudairi). These identify different works, different institutions or different artist attributes. The review excluded the protected Shadi stage-name fact and Sawt instrument facts while authoring. Different song credits, artist instruments, labels, collaborators and musical genres remain separate relations; no retained pair asks the same relation about the same entity."
"kuwaiti_music_v2_147/emirati_music_v2_172","7375bb58864d360208eb5dce5e6cf6c43352f5d2d1886da1f48479d98d98d42b","distinct","Assistant inspected song:wayedwayed:lyricist: Who wrote the lyrics of Mustafa Ahmed's Wayed Wayed? (Khalifa Al Abdullah) against song:mestaghreb:lyricist: Who wrote the lyrics of Ahlam's WeMestaghrb? (Abdulrahman Al Othman). These identify different works, different institutions or different artist attributes. The review excluded the protected Shadi stage-name fact and Sawt instrument facts while authoring. Different song credits, artist instruments, labels, collaborators and musical genres remain separate relations; no retained pair asks the same relation about the same entity."
"kuwaiti_music_v2_147/emirati_music_v2_174","208e0cff333666e380a719bf4c56996166f3ca4788bc585186e8cf6b10f1c789","distinct","Assistant inspected song:wayedwayed:lyricist: Who wrote the lyrics of Mustafa Ahmed's Wayed Wayed? (Khalifa Al Abdullah) against song:entaha:lyricist: Who wrote the lyrics of Balqees's Entaha? (Mshari Al Ibrahim). These identify different works, different institutions or different artist attributes. The review excluded the protected Shadi stage-name fact and Sawt instrument facts while authoring. Different song credits, artist instruments, labels, collaborators and musical genres remain separate relations; no retained pair asks the same relation about the same entity."
"kuwaiti_music_v2_147/emirati_music_v2_184","01c63c01fa73b14485c1c3220f14165bf8d4e22d2fdab5204613f4dee71b1093","distinct","Assistant inspected song:wayedwayed:lyricist: Who wrote the lyrics of Mustafa Ahmed's Wayed Wayed? (Khalifa Al Abdullah) against song:moajaba:writer: Who wrote the lyrics of Shamma Hamdan's Moajaba? (Ahmad Al Sanea). These identify different works, different institutions or different artist attributes. The review excluded the protected Shadi stage-name fact and Sawt instrument facts while authoring. Different song credits, artist instruments, labels, collaborators and musical genres remain separate relations; no retained pair asks the same relation about the same entity."
"kuwaiti_music_v2_147/emirati_music_v2_187","2a0c8a942cf3c2bc18dc21884315bf891d21dee444d1a72277b9fc1b3ec0299f","distinct","Assistant inspected song:wayedwayed:lyricist: Who wrote the lyrics of Mustafa Ahmed's Wayed Wayed? (Khalifa Al Abdullah) against song:wayyakkhedni:writer: Who wrote the lyrics of Balqees's Wayyak Khedni? (Firas Al Habeeb). These identify different works, different institutions or different artist attributes. The review excluded the protected Shadi stage-name fact and Sawt instrument facts while authoring. Different song credits, artist instruments, labels, collaborators and musical genres remain separate relations; no retained pair asks the same relation about the same entity."
"kuwaiti_music_v2_149/emirati_music_v2_114","ea3481a9ce153b6158e66f4b500b2469592e8f770f2da2d9e9d023eaef578cba","distinct","Assistant inspected song:halaftomri:lyricist: Who wrote the lyrics of Hussein Jassim's Halaft Omri? (Majed Sultan) against song:diplomacy:writer: Who wrote the lyrics of Balqees's Diplomacy? (Aziz El Shaafei). These identify different works, different institutions or different artist attributes. The review excluded the protected Shadi stage-name fact and Sawt instrument facts while authoring. Different song credits, artist instruments, labels, collaborators and musical genres remain separate relations; no retained pair asks the same relation about the same entity."
"kuwaiti_music_v2_149/emirati_music_v2_172","e3d3f53a2cbaa9919d38701365a6926b84425bd1dd3cafa16fc68532345fc242","distinct","Assistant inspected song:halaftomri:lyricist: Who wrote the lyrics of Hussein Jassim's Halaft Omri? (Majed Sultan) against song:mestaghreb:lyricist: Who wrote the lyrics of Ahlam's WeMestaghrb? (Abdulrahman Al Othman). These identify different works, different institutions or different artist attributes. The review excluded the protected Shadi stage-name fact and Sawt instrument facts while authoring. Different song credits, artist instruments, labels, collaborators and musical genres remain separate relations; no retained pair asks the same relation about the same entity."
"kuwaiti_music_v2_149/emirati_music_v2_174","93f31029d0a99ee9d974e0452030038e782c20a94909b3a698a55f24a8fa2c0e","distinct","Assistant inspected song:halaftomri:lyricist: Who wrote the lyrics of Hussein Jassim's Halaft Omri? (Majed Sultan) against song:entaha:lyricist: Who wrote the lyrics of Balqees's Entaha? (Mshari Al Ibrahim). These identify different works, different institutions or different artist attributes. The review excluded the protected Shadi stage-name fact and Sawt instrument facts while authoring. Different song credits, artist instruments, labels, collaborators and musical genres remain separate relations; no retained pair asks the same relation about the same entity."
"kuwaiti_music_v2_153/emirati_music_v2_114","91f3ac5683cefb3c22351275cb6660ea06d578901ed21b650828ec7cdf931c86","distinct","Assistant inspected song:etmaen:lyricist: Who wrote the lyrics of Hammoud Naser's Etmaen? (Ali Al Matouq) against song:diplomacy:writer: Who wrote the lyrics of Balqees's Diplomacy? (Aziz El Shaafei). These identify different works, different institutions or different artist attributes. The review excluded the protected Shadi stage-name fact and Sawt instrument facts while authoring. Different song credits, artist instruments, labels, collaborators and musical genres remain separate relations; no retained pair asks the same relation about the same entity."
"kuwaiti_music_v2_153/emirati_music_v2_150","11f53058d6fec79c01e9fe0abb9a39447c9317641273da1c81bb3b1ca00cbb42","distinct","Assistant inspected song:etmaen:lyricist: Who wrote the lyrics of Hammoud Naser's Etmaen? (Ali Al Matouq) against song:hathana:lyricist: Who wrote the lyrics of Ahlam's Hatha Ana? (Faisal Mohamed Al Sudairi). These identify different works, different institutions or different artist attributes. The review excluded the protected Shadi stage-name fact and Sawt instrument facts while authoring. Different song credits, artist instruments, labels, collaborators and musical genres remain separate relations; no retained pair asks the same relation about the same entity."
"kuwaiti_music_v2_153/emirati_music_v2_172","b4ed9d49dc1c392e17e06f00a3271f58376e0bf386a7c8a514d1ba37333a1757","distinct","Assistant inspected song:etmaen:lyricist: Who wrote the lyrics of Hammoud Naser's Etmaen? (Ali Al Matouq) against song:mestaghreb:lyricist: Who wrote the lyrics of Ahlam's WeMestaghrb? (Abdulrahman Al Othman). These identify different works, different institutions or different artist attributes. The review excluded the protected Shadi stage-name fact and Sawt instrument facts while authoring. Different song credits, artist instruments, labels, collaborators and musical genres remain separate relations; no retained pair asks the same relation about the same entity."
"kuwaiti_music_v2_153/emirati_music_v2_174","7aedecfe86b57c9219b1872b63b406ef7c1c5c0f43225359360252fdcd5548f4","distinct","Assistant inspected song:etmaen:lyricist: Who wrote the lyrics of Hammoud Naser's Etmaen? (Ali Al Matouq) against song:entaha:lyricist: Who wrote the lyrics of Balqees's Entaha? (Mshari Al Ibrahim). These identify different works, different institutions or different artist attributes. The review excluded the protected Shadi stage-name fact and Sawt instrument facts while authoring. Different song credits, artist instruments, labels, collaborators and musical genres remain separate relations; no retained pair asks the same relation about the same entity."
"kuwaiti_music_v2_153/emirati_music_v2_184","71dce89863bd11f1645a2119906c10482aace5d5ff3428727ec1d9eb7d614319","distinct","Assistant inspected song:etmaen:lyricist: Who wrote the lyrics of Hammoud Naser's Etmaen? (Ali Al Matouq) against song:moajaba:writer: Who wrote the lyrics of Shamma Hamdan's Moajaba? (Ahmad Al Sanea). These identify different works, different institutions or different artist attributes. The review excluded the protected Shadi stage-name fact and Sawt instrument facts while authoring. Different song credits, artist instruments, labels, collaborators and musical genres remain separate relations; no retained pair asks the same relation about the same entity."
"kuwaiti_music_v2_153/emirati_music_v2_187","23b216f24d4f721f63213f495b46856d40e5b3fc575939d401ede793eaaa7f05","distinct","Assistant inspected song:etmaen:lyricist: Who wrote the lyrics of Hammoud Naser's Etmaen? (Ali Al Matouq) against song:wayyakkhedni:writer: Who wrote the lyrics of Balqees's Wayyak Khedni? (Firas Al Habeeb). These identify different works, different institutions or different artist attributes. The review excluded the protected Shadi stage-name fact and Sawt instrument facts while authoring. Different song credits, artist instruments, labels, collaborators and musical genres remain separate relations; no retained pair asks the same relation about the same entity."
"kuwaiti_music_v2_156/emirati_music_v2_114","8a3737b1ac21d3e002dc164b39d5b2ee95faeb3c31faa2b239b923acb52aead0","distinct","Assistant inspected song:hikayatbahar:lyricist: Who wrote the lyrics of Hussein Jassim's Hikayat Bahar? (Khaled Al Ayaf) against song:diplomacy:writer: Who wrote the lyrics of Balqees's Diplomacy? (Aziz El Shaafei). These identify different works, different institutions or different artist attributes. The review excluded the protected Shadi stage-name fact and Sawt instrument facts while authoring. Different song credits, artist instruments, labels, collaborators and musical genres remain separate relations; no retained pair asks the same relation about the same entity."
"kuwaiti_music_v2_156/emirati_music_v2_172","7d5a85563acffd1e325a4df0ced73daf8e2c43a27a79d5241647256ec276fbc4","distinct","Assistant inspected song:hikayatbahar:lyricist: Who wrote the lyrics of Hussein Jassim's Hikayat Bahar? (Khaled Al Ayaf) against song:mestaghreb:lyricist: Who wrote the lyrics of Ahlam's WeMestaghrb? (Abdulrahman Al Othman). These identify different works, different institutions or different artist attributes. The review excluded the protected Shadi stage-name fact and Sawt instrument facts while authoring. Different song credits, artist instruments, labels, collaborators and musical genres remain separate relations; no retained pair asks the same relation about the same entity."
"kuwaiti_music_v2_156/emirati_music_v2_174","e4a3749b2f523108611aaa1dcf9782f374088b0d28f08b864c8d83e1e91d223e","distinct","Assistant inspected song:hikayatbahar:lyricist: Who wrote the lyrics of Hussein Jassim's Hikayat Bahar? (Khaled Al Ayaf) against song:entaha:lyricist: Who wrote the lyrics of Balqees's Entaha? (Mshari Al Ibrahim). These identify different works, different institutions or different artist attributes. The review excluded the protected Shadi stage-name fact and Sawt instrument facts while authoring. Different song credits, artist instruments, labels, collaborators and musical genres remain separate relations; no retained pair asks the same relation about the same entity."
"kuwaiti_music_v2_157/emirati_music_v2_079","c9cabadf9c2776fb9c518eb614ea8713c00e724e80895eb70f6ff91306616b48","distinct","Assistant inspected song:yamuairis:lyricist: Who wrote the lyrics of Hussein Jassim's Ya Muairis? (Mubarak Al Hudaibi) against song:fakadtek:lyricist: Who wrote the lyrics of Hussain Al Jassmi's Fakadtak? (Faisal Al Yami). These identify different works, different institutions or different artist attributes. The review excluded the protected Shadi stage-name fact and Sawt instrument facts while authoring. Different song credits, artist instruments, labels, collaborators and musical genres remain separate relations; no retained pair asks the same relation about the same entity."
"kuwaiti_music_v2_157/emirati_music_v2_082","7bc66e8dc1cae9a0865fa3f65a8b03eb90646651444e8f9b3270670e46dbf5f8","distinct","Assistant inspected song:yamuairis:lyricist: Who wrote the lyrics of Hussein Jassim's Ya Muairis? (Mubarak Al Hudaibi) against song:ahebak:lyricist: Who wrote the lyrics of Hussain Al Jassmi's Ahebak? (Ahmad Al Sanea). These identify different works, different institutions or different artist attributes. The review excluded the protected Shadi stage-name fact and Sawt instrument facts while authoring. Different song credits, artist instruments, labels, collaborators and musical genres remain separate relations; no retained pair asks the same relation about the same entity."
"kuwaiti_music_v2_157/emirati_music_v2_114","94c2f236365e4a3756df18347b9d6320174480fd9cd4dac46695c360cf5c0727","distinct","Assistant inspected song:yamuairis:lyricist: Who wrote the lyrics of Hussein Jassim's Ya Muairis? (Mubarak Al Hudaibi) against song:diplomacy:writer: Who wrote the lyrics of Balqees's Diplomacy? (Aziz El Shaafei). These identify different works, different institutions or different artist attributes. The review excluded the protected Shadi stage-name fact and Sawt instrument facts while authoring. Different song credits, artist instruments, labels, collaborators and musical genres remain separate relations; no retained pair asks the same relation about the same entity."
"kuwaiti_music_v2_157/emirati_music_v2_172","26080dffde9e7d11363d71c96574d9eec606ca464a3cd0455f2f97c9191551d9","distinct","Assistant inspected song:yamuairis:lyricist: Who wrote the lyrics of Hussein Jassim's Ya Muairis? (Mubarak Al Hudaibi) against song:mestaghreb:lyricist: Who wrote the lyrics of Ahlam's WeMestaghrb? (Abdulrahman Al Othman). These identify different works, different institutions or different artist attributes. The review excluded the protected Shadi stage-name fact and Sawt instrument facts while authoring. Different song credits, artist instruments, labels, collaborators and musical genres remain separate relations; no retained pair asks the same relation about the same entity."
"kuwaiti_music_v2_157/emirati_music_v2_174","b654d1e8c83ca12c2242a4508b12b0693265b12427fbeb9c3ec4e1da1a8668a1","distinct","Assistant inspected song:yamuairis:lyricist: Who wrote the lyrics of Hussein Jassim's Ya Muairis? (Mubarak Al Hudaibi) against song:entaha:lyricist: Who wrote the lyrics of Balqees's Entaha? (Mshari Al Ibrahim). These identify different works, different institutions or different artist attributes. The review excluded the protected Shadi stage-name fact and Sawt instrument facts while authoring. Different song credits, artist instruments, labels, collaborators and musical genres remain separate relations; no retained pair asks the same relation about the same entity."
"kuwaiti_music_v2_162/emirati_music_v2_114","0b58173ad3fe3cbb1a3818b8a133b51ed036b5c09c94c13301a669291a1f9afb","distinct","Assistant inspected song:akoumislek:lyricist: Who wrote the lyrics of Nawal's Akou Mislek? (Bader Borsli) against song:diplomacy:writer: Who wrote the lyrics of Balqees's Diplomacy? (Aziz El Shaafei). These identify different works, different institutions or different artist attributes. The review excluded the protected Shadi stage-name fact and Sawt instrument facts while authoring. Different song credits, artist instruments, labels, collaborators and musical genres remain separate relations; no retained pair asks the same relation about the same entity."
"kuwaiti_music_v2_162/emirati_music_v2_150","da080330fa3842a842aa31f953e7f9be0c4b34dcd20478bb41527bf667f093ab","distinct","Assistant inspected song:akoumislek:lyricist: Who wrote the lyrics of Nawal's Akou Mislek? (Bader Borsli) against song:hathana:lyricist: Who wrote the lyrics of Ahlam's Hatha Ana? (Faisal Mohamed Al Sudairi). These identify different works, different institutions or different artist attributes. The review excluded the protected Shadi stage-name fact and Sawt instrument facts while authoring. Different song credits, artist instruments, labels, collaborators and musical genres remain separate relations; no retained pair asks the same relation about the same entity."
"kuwaiti_music_v2_162/emirati_music_v2_172","32a5bcb145ed467cae1e126b9e0f7beea04d41d4cd31f7f7b98e811882d0e2d8","distinct","Assistant inspected song:akoumislek:lyricist: Who wrote the lyrics of Nawal's Akou Mislek? (Bader Borsli) against song:mestaghreb:lyricist: Who wrote the lyrics of Ahlam's WeMestaghrb? (Abdulrahman Al Othman). These identify different works, different institutions or different artist attributes. The review excluded the protected Shadi stage-name fact and Sawt instrument facts while authoring. Different song credits, artist instruments, labels, collaborators and musical genres remain separate relations; no retained pair asks the same relation about the same entity."
"kuwaiti_music_v2_162/emirati_music_v2_174","62d61efbf3912d3a37cd948315fd701a265c0d51d937202c15abf572795ac0ec","distinct","Assistant inspected song:akoumislek:lyricist: Who wrote the lyrics of Nawal's Akou Mislek? (Bader Borsli) against song:entaha:lyricist: Who wrote the lyrics of Balqees's Entaha? (Mshari Al Ibrahim). These identify different works, different institutions or different artist attributes. The review excluded the protected Shadi stage-name fact and Sawt instrument facts while authoring. Different song credits, artist instruments, labels, collaborators and musical genres remain separate relations; no retained pair asks the same relation about the same entity."
"kuwaiti_music_v2_162/emirati_music_v2_184","8fdb1ab688843669f7eb14e5fd943511055dafda49757eb0c71e8e05b9a72182","distinct","Assistant inspected song:akoumislek:lyricist: Who wrote the lyrics of Nawal's Akou Mislek? (Bader Borsli) against song:moajaba:writer: Who wrote the lyrics of Shamma Hamdan's Moajaba? (Ahmad Al Sanea). These identify different works, different institutions or different artist attributes. The review excluded the protected Shadi stage-name fact and Sawt instrument facts while authoring. Different song credits, artist instruments, labels, collaborators and musical genres remain separate relations; no retained pair asks the same relation about the same entity."
"kuwaiti_music_v2_162/emirati_music_v2_187","af58f1cbeef825e80dc929ff979c5cb2a7fcd18d4d6d03e5208f29b8fd8b70cf","distinct","Assistant inspected song:akoumislek:lyricist: Who wrote the lyrics of Nawal's Akou Mislek? (Bader Borsli) against song:wayyakkhedni:writer: Who wrote the lyrics of Balqees's Wayyak Khedni? (Firas Al Habeeb). These identify different works, different institutions or different artist attributes. The review excluded the protected Shadi stage-name fact and Sawt instrument facts while authoring. Different song credits, artist instruments, labels, collaborators and musical genres remain separate relations; no retained pair asks the same relation about the same entity."
"kuwaiti_music_v2_167/emirati_music_v2_114","a09974923b6b3139f8b3116296b239cab6b9bc6c735e521b676c8bc8ad58c29e","distinct","Assistant inspected song:weshjabni:lyricist: Who wrote the lyrics of Fattouma's Wesh Jabni? (Hisham Al Shurooqi) against song:diplomacy:writer: Who wrote the lyrics of Balqees's Diplomacy? (Aziz El Shaafei). These identify different works, different institutions or different artist attributes. The review excluded the protected Shadi stage-name fact and Sawt instrument facts while authoring. Different song credits, artist instruments, labels, collaborators and musical genres remain separate relations; no retained pair asks the same relation about the same entity."
"kuwaiti_music_v2_167/emirati_music_v2_150","40e3b1cc9ce8bfc9787988b9cd0ebaa316f8182f1ae26447200dac2fbe2ddb98","distinct","Assistant inspected song:weshjabni:lyricist: Who wrote the lyrics of Fattouma's Wesh Jabni? (Hisham Al Shurooqi) against song:hathana:lyricist: Who wrote the lyrics of Ahlam's Hatha Ana? (Faisal Mohamed Al Sudairi). These identify different works, different institutions or different artist attributes. The review excluded the protected Shadi stage-name fact and Sawt instrument facts while authoring. Different song credits, artist instruments, labels, collaborators and musical genres remain separate relations; no retained pair asks the same relation about the same entity."
"kuwaiti_music_v2_167/emirati_music_v2_172","1204ad3ce1fe16cfa5fe71dc824155beae708570cbb9fc88583b0a28e2434c04","distinct","Assistant inspected song:weshjabni:lyricist: Who wrote the lyrics of Fattouma's Wesh Jabni? (Hisham Al Shurooqi) against song:mestaghreb:lyricist: Who wrote the lyrics of Ahlam's WeMestaghrb? (Abdulrahman Al Othman). These identify different works, different institutions or different artist attributes. The review excluded the protected Shadi stage-name fact and Sawt instrument facts while authoring. Different song credits, artist instruments, labels, collaborators and musical genres remain separate relations; no retained pair asks the same relation about the same entity."
"kuwaiti_music_v2_167/emirati_music_v2_174","b1bb620ca8fb97a76a69d630432f5285d284f310c53548d4a1eea58ab320a6bc","distinct","Assistant inspected song:weshjabni:lyricist: Who wrote the lyrics of Fattouma's Wesh Jabni? (Hisham Al Shurooqi) against song:entaha:lyricist: Who wrote the lyrics of Balqees's Entaha? (Mshari Al Ibrahim). These identify different works, different institutions or different artist attributes. The review excluded the protected Shadi stage-name fact and Sawt instrument facts while authoring. Different song credits, artist instruments, labels, collaborators and musical genres remain separate relations; no retained pair asks the same relation about the same entity."
"kuwaiti_music_v2_167/emirati_music_v2_184","c58e9e2743fb9833ece00f1806d2f4bcc634b5a24cbc433d69253ee435bac199","distinct","Assistant inspected song:weshjabni:lyricist: Who wrote the lyrics of Fattouma's Wesh Jabni? (Hisham Al Shurooqi) against song:moajaba:writer: Who wrote the lyrics of Shamma Hamdan's Moajaba? (Ahmad Al Sanea). These identify different works, different institutions or different artist attributes. The review excluded the protected Shadi stage-name fact and Sawt instrument facts while authoring. Different song credits, artist instruments, labels, collaborators and musical genres remain separate relations; no retained pair asks the same relation about the same entity."
"kuwaiti_music_v2_167/emirati_music_v2_187","ae9a15159ed0c1fb9f6f8dd18dfead568cb2b801ed9fcb254d110475a61bad3e","distinct","Assistant inspected song:weshjabni:lyricist: Who wrote the lyrics of Fattouma's Wesh Jabni? (Hisham Al Shurooqi) against song:wayyakkhedni:writer: Who wrote the lyrics of Balqees's Wayyak Khedni? (Firas Al Habeeb). These identify different works, different institutions or different artist attributes. The review excluded the protected Shadi stage-name fact and Sawt instrument facts while authoring. Different song credits, artist instruments, labels, collaborators and musical genres remain separate relations; no retained pair asks the same relation about the same entity."
"kuwaiti_music_v2_169/emirati_music_v2_114","217cc36b77c6a2653d54ac6f91848d34fbd9e927803ce685d091f808b52182cf","distinct","Assistant inspected song:ghamza:lyricist: Who wrote the lyrics of Ibrahim Dashti's Ghamza? (Mushrif Al Attabi) against song:diplomacy:writer: Who wrote the lyrics of Balqees's Diplomacy? (Aziz El Shaafei). These identify different works, different institutions or different artist attributes. The review excluded the protected Shadi stage-name fact and Sawt instrument facts while authoring. Different song credits, artist instruments, labels, collaborators and musical genres remain separate relations; no retained pair asks the same relation about the same entity."
"kuwaiti_music_v2_169/emirati_music_v2_150","cbfc25a2c139627de48910a982efffee50af7442265de8c54b039a823e393ae6","distinct","Assistant inspected song:ghamza:lyricist: Who wrote the lyrics of Ibrahim Dashti's Ghamza? (Mushrif Al Attabi) against song:hathana:lyricist: Who wrote the lyrics of Ahlam's Hatha Ana? (Faisal Mohamed Al Sudairi). These identify different works, different institutions or different artist attributes. The review excluded the protected Shadi stage-name fact and Sawt instrument facts while authoring. Different song credits, artist instruments, labels, collaborators and musical genres remain separate relations; no retained pair asks the same relation about the same entity."
"kuwaiti_music_v2_169/emirati_music_v2_172","10c935723b3d6a69b81c94951019425b714c07c9066f0fc64bda03f65edb8ab2","distinct","Assistant inspected song:ghamza:lyricist: Who wrote the lyrics of Ibrahim Dashti's Ghamza? (Mushrif Al Attabi) against song:mestaghreb:lyricist: Who wrote the lyrics of Ahlam's WeMestaghrb? (Abdulrahman Al Othman). These identify different works, different institutions or different artist attributes. The review excluded the protected Shadi stage-name fact and Sawt instrument facts while authoring. Different song credits, artist instruments, labels, collaborators and musical genres remain separate relations; no retained pair asks the same relation about the same entity."
"kuwaiti_music_v2_169/emirati_music_v2_174","7d8e58b284ea4a73e0f19b3b0b4b8cf99726cb224fbb47ca49370316df4d1d28","distinct","Assistant inspected song:ghamza:lyricist: Who wrote the lyrics of Ibrahim Dashti's Ghamza? (Mushrif Al Attabi) against song:entaha:lyricist: Who wrote the lyrics of Balqees's Entaha? (Mshari Al Ibrahim). These identify different works, different institutions or different artist attributes. The review excluded the protected Shadi stage-name fact and Sawt instrument facts while authoring. Different song credits, artist instruments, labels, collaborators and musical genres remain separate relations; no retained pair asks the same relation about the same entity."
"kuwaiti_music_v2_169/emirati_music_v2_184","916d16b6934f63ad2f57c7a526132221c63d89c477d0e6b25b0cdedc714e2c6c","distinct","Assistant inspected song:ghamza:lyricist: Who wrote the lyrics of Ibrahim Dashti's Ghamza? (Mushrif Al Attabi) against song:moajaba:writer: Who wrote the lyrics of Shamma Hamdan's Moajaba? (Ahmad Al Sanea). These identify different works, different institutions or different artist attributes. The review excluded the protected Shadi stage-name fact and Sawt instrument facts while authoring. Different song credits, artist instruments, labels, collaborators and musical genres remain separate relations; no retained pair asks the same relation about the same entity."
"kuwaiti_music_v2_169/emirati_music_v2_187","697813fb722ee399d033df9136a499704e7dbaca1d2d29b9cd5ef3417d5815a9","distinct","Assistant inspected song:ghamza:lyricist: Who wrote the lyrics of Ibrahim Dashti's Ghamza? (Mushrif Al Attabi) against song:wayyakkhedni:writer: Who wrote the lyrics of Balqees's Wayyak Khedni? (Firas Al Habeeb). These identify different works, different institutions or different artist attributes. The review excluded the protected Shadi stage-name fact and Sawt instrument facts while authoring. Different song credits, artist instruments, labels, collaborators and musical genres remain separate relations; no retained pair asks the same relation about the same entity."
"kuwaiti_music_v2_179/emirati_music_v2_079","d4a31ef64a61a29ae623ce2ec534c6598d59981fdb7b590decf96652b82a3109","distinct","Assistant inspected song:mistajela:lyricist: Who wrote the lyrics of Mesaed Al Baloushy's Mistajela? (Saud Al Fulaih) against song:fakadtek:lyricist: Who wrote the lyrics of Hussain Al Jassmi's Fakadtak? (Faisal Al Yami). These identify different works, different institutions or different artist attributes. The review excluded the protected Shadi stage-name fact and Sawt instrument facts while authoring. Different song credits, artist instruments, labels, collaborators and musical genres remain separate relations; no retained pair asks the same relation about the same entity."
"kuwaiti_music_v2_179/emirati_music_v2_082","524dc84e8c9d8077b8a10afd4ebf79403d8f69ece0cb4ce5c0ad3c4f5411d3b8","distinct","Assistant inspected song:mistajela:lyricist: Who wrote the lyrics of Mesaed Al Baloushy's Mistajela? (Saud Al Fulaih) against song:ahebak:lyricist: Who wrote the lyrics of Hussain Al Jassmi's Ahebak? (Ahmad Al Sanea). These identify different works, different institutions or different artist attributes. The review excluded the protected Shadi stage-name fact and Sawt instrument facts while authoring. Different song credits, artist instruments, labels, collaborators and musical genres remain separate relations; no retained pair asks the same relation about the same entity."
"kuwaiti_music_v2_179/emirati_music_v2_097","4fafd9fca244083eaf4de79237e36ae010c37399b996b797281d9a98f1e9b715","distinct","Assistant inspected song:mistajela:lyricist: Who wrote the lyrics of Mesaed Al Baloushy's Mistajela? (Saud Al Fulaih) against song:yamarini:lyricist: Who wrote the lyrics of Eida Al Menhali's Yamarini Tarik? (Saeed Al Rumaithi). These identify different works, different institutions or different artist attributes. The review excluded the protected Shadi stage-name fact and Sawt instrument facts while authoring. Different song credits, artist instruments, labels, collaborators and musical genres remain separate relations; no retained pair asks the same relation about the same entity."
"kuwaiti_music_v2_179/emirati_music_v2_114","9a3139d0d2478f306bbb031760fe505976d8ba8e53d1bd24ace883822ddde93d","distinct","Assistant inspected song:mistajela:lyricist: Who wrote the lyrics of Mesaed Al Baloushy's Mistajela? (Saud Al Fulaih) against song:diplomacy:writer: Who wrote the lyrics of Balqees's Diplomacy? (Aziz El Shaafei). These identify different works, different institutions or different artist attributes. The review excluded the protected Shadi stage-name fact and Sawt instrument facts while authoring. Different song credits, artist instruments, labels, collaborators and musical genres remain separate relations; no retained pair asks the same relation about the same entity."
"kuwaiti_music_v2_179/emirati_music_v2_146","da76fbd192d2f393e957ecdfb7c65440fe1fa7b53bf48dd9f6e551b5339d0eba","distinct","Assistant inspected song:mistajela:lyricist: Who wrote the lyrics of Mesaed Al Baloushy's Mistajela? (Saud Al Fulaih) against song:kashf:lyricist: Who wrote the lyrics of Mohamed Al Shehhi's Kashf Al Mahabba? (Ali Al Omari). These identify different works, different institutions or different artist attributes. The review excluded the protected Shadi stage-name fact and Sawt instrument facts while authoring. Different song credits, artist instruments, labels, collaborators and musical genres remain separate relations; no retained pair asks the same relation about the same entity."
"kuwaiti_music_v2_179/emirati_music_v2_148","5af0985ca6664c23787def0cebf1251c8db66b34234807d8505438055fe1aba8","distinct","Assistant inspected song:mistajela:lyricist: Who wrote the lyrics of Mesaed Al Baloushy's Mistajela? (Saud Al Fulaih) against song:dighewa:lyricist: Who wrote the lyrics of Fayez Al Saeed's Dig Hewa? (Firas Al Shathar). These identify different works, different institutions or different artist attributes. The review excluded the protected Shadi stage-name fact and Sawt instrument facts while authoring. Different song credits, artist instruments, labels, collaborators and musical genres remain separate relations; no retained pair asks the same relation about the same entity."
"kuwaiti_music_v2_179/emirati_music_v2_171","1aa1f472c31760b6b5e3130da8e54beaca4118db6cb0c28036f8891c707788b6","distinct","Assistant inspected song:mistajela:lyricist: Who wrote the lyrics of Mesaed Al Baloushy's Mistajela? (Saud Al Fulaih) against song:sketanak:lyricist: Who wrote the lyrics of Mohamed Al Shehhi's Sket Anak? (Hussain Khamis). These identify different works, different institutions or different artist attributes. The review excluded the protected Shadi stage-name fact and Sawt instrument facts while authoring. Different song credits, artist instruments, labels, collaborators and musical genres remain separate relations; no retained pair asks the same relation about the same entity."
"kuwaiti_music_v2_179/emirati_music_v2_172","4c15f2e4f249318e21d0bf40529a3fa38ed7fbab83d60f27faa77ff0c747772b","distinct","Assistant inspected song:mistajela:lyricist: Who wrote the lyrics of Mesaed Al Baloushy's Mistajela? (Saud Al Fulaih) against song:mestaghreb:lyricist: Who wrote the lyrics of Ahlam's WeMestaghrb? (Abdulrahman Al Othman). These identify different works, different institutions or different artist attributes. The review excluded the protected Shadi stage-name fact and Sawt instrument facts while authoring. Different song credits, artist instruments, labels, collaborators and musical genres remain separate relations; no retained pair asks the same relation about the same entity."
"kuwaiti_music_v2_179/emirati_music_v2_174","c86fc2151ffe761253ac5f6c5558a8542385b29a49f896abf804474e6e889bdf","distinct","Assistant inspected song:mistajela:lyricist: Who wrote the lyrics of Mesaed Al Baloushy's Mistajela? (Saud Al Fulaih) against song:entaha:lyricist: Who wrote the lyrics of Balqees's Entaha? (Mshari Al Ibrahim). These identify different works, different institutions or different artist attributes. The review excluded the protected Shadi stage-name fact and Sawt instrument facts while authoring. Different song credits, artist instruments, labels, collaborators and musical genres remain separate relations; no retained pair asks the same relation about the same entity."
"kuwaiti_music_v2_179/emirati_music_v2_175","3819f74b8b5172153066cd02d03220f32272e51f2791fa7c13ff05ae918aa944","distinct","Assistant inspected song:mistajela:lyricist: Who wrote the lyrics of Mesaed Al Baloushy's Mistajela? (Saud Al Fulaih) against song:maktoum:lyricist: Who wrote the lyrics of Eida Al Menhali's Maktoum Onwani? (Ahmad Al Marri). These identify different works, different institutions or different artist attributes. The review excluded the protected Shadi stage-name fact and Sawt instrument facts while authoring. Different song credits, artist instruments, labels, collaborators and musical genres remain separate relations; no retained pair asks the same relation about the same entity."
"kuwaiti_music_v2_179/emirati_music_v2_180","3bb80a8d860c31a88838e6f395b8fec3157d2d73b15eb9e9b84b2b74a4a48ac3","distinct","Assistant inspected song:mistajela:lyricist: Who wrote the lyrics of Mesaed Al Baloushy's Mistajela? (Saud Al Fulaih) against song:hazzaaljaw:writer: Who wrote the lyrics of Hazza's Al Jaw Londani? (Ali Al Khawar). These identify different works, different institutions or different artist attributes. The review excluded the protected Shadi stage-name fact and Sawt instrument facts while authoring. Different song credits, artist instruments, labels, collaborators and musical genres remain separate relations; no retained pair asks the same relation about the same entity."
"kuwaiti_music_v2_179/emirati_music_v2_181","d4850e040f60d65edbbb0c81f382d74bd49616ca03882c3be57f03ddf683437f","distinct","Assistant inspected song:mistajela:lyricist: Who wrote the lyrics of Mesaed Al Baloushy's Mistajela? (Saud Al Fulaih) against song:fayezselfie:writer: Who wrote the lyrics of Fayez Al Saeed's 2014 Selfie? (Turki Al Sharif). These identify different works, different institutions or different artist attributes. The review excluded the protected Shadi stage-name fact and Sawt instrument facts while authoring. Different song credits, artist instruments, labels, collaborators and musical genres remain separate relations; no retained pair asks the same relation about the same entity."
"kuwaiti_music_v2_179/emirati_music_v2_190","4d6c30881dde9d6e4dbd83a834df6471b643c9b0040b068198c065a700ccbe42","distinct","Assistant inspected song:mistajela:lyricist: Who wrote the lyrics of Mesaed Al Baloushy's Mistajela? (Saud Al Fulaih) against song:qahwawadaa:writer: Who wrote the lyrics of Hussain Al Jassmi's Qahwat Wadaa? (Ahmad bin Thaher). These identify different works, different institutions or different artist attributes. The review excluded the protected Shadi stage-name fact and Sawt instrument facts while authoring. Different song credits, artist instruments, labels, collaborators and musical genres remain separate relations; no retained pair asks the same relation about the same entity."
"kuwaiti_music_v2_185/emirati_music_v2_182","3acdfac9c05830d2710344278d24bfc0675dc0ca3b814e1db2dd8ab0afd97a8f","distinct","Assistant inspected song:maqeltlak:lyricist: Who wrote the lyrics of Abdullah Al Rowaished's Ma Qelt Lak? (Meshaal Duhaim) against song:mayeseh:writer: Who wrote the lyrics of Ahlam's Ma Yeseh Ela Al Saheh? (Sami Al Jamaan). These identify different works, different institutions or different artist attributes. The review excluded the protected Shadi stage-name fact and Sawt instrument facts while authoring. Different song credits, artist instruments, labels, collaborators and musical genres remain separate relations; no retained pair asks the same relation about the same entity."
"kuwaiti_music_v2_187/emirati_music_v2_079","515538373a9360ed8a68dd690fee480f8a6cf45fd5e691a5d657935404bdffa6","distinct","Assistant inspected song:mughroura:lyricist: Who wrote the lyrics of Maram's Mughroura? (Khaled Al Bathal) against song:fakadtek:lyricist: Who wrote the lyrics of Hussain Al Jassmi's Fakadtak? (Faisal Al Yami). These identify different works, different institutions or different artist attributes. The review excluded the protected Shadi stage-name fact and Sawt instrument facts while authoring. Different song credits, artist instruments, labels, collaborators and musical genres remain separate relations; no retained pair asks the same relation about the same entity."
"kuwaiti_music_v2_187/emirati_music_v2_082","2788f5c029670be62d42d5607464889c4a8dfd71335b6722dcb72611f70c19c3","distinct","Assistant inspected song:mughroura:lyricist: Who wrote the lyrics of Maram's Mughroura? (Khaled Al Bathal) against song:ahebak:lyricist: Who wrote the lyrics of Hussain Al Jassmi's Ahebak? (Ahmad Al Sanea). These identify different works, different institutions or different artist attributes. The review excluded the protected Shadi stage-name fact and Sawt instrument facts while authoring. Different song credits, artist instruments, labels, collaborators and musical genres remain separate relations; no retained pair asks the same relation about the same entity."
"kuwaiti_music_v2_187/emirati_music_v2_114","dbb608252bed4ffec5620f77911f463d3c15ca80347262c94587e3481f389054","distinct","Assistant inspected song:mughroura:lyricist: Who wrote the lyrics of Maram's Mughroura? (Khaled Al Bathal) against song:diplomacy:writer: Who wrote the lyrics of Balqees's Diplomacy? (Aziz El Shaafei). These identify different works, different institutions or different artist attributes. The review excluded the protected Shadi stage-name fact and Sawt instrument facts while authoring. Different song credits, artist instruments, labels, collaborators and musical genres remain separate relations; no retained pair asks the same relation about the same entity."
"kuwaiti_music_v2_187/emirati_music_v2_150","bdd34ba461b8aeb446f1dccd0e4ddad6446dbdfd4db18ff9f3962a6ad72b0255","distinct","Assistant inspected song:mughroura:lyricist: Who wrote the lyrics of Maram's Mughroura? (Khaled Al Bathal) against song:hathana:lyricist: Who wrote the lyrics of Ahlam's Hatha Ana? (Faisal Mohamed Al Sudairi). These identify different works, different institutions or different artist attributes. The review excluded the protected Shadi stage-name fact and Sawt instrument facts while authoring. Different song credits, artist instruments, labels, collaborators and musical genres remain separate relations; no retained pair asks the same relation about the same entity."
"kuwaiti_music_v2_187/emirati_music_v2_159","e609d484fa8e5ca1869bfce012274cd04839f4f20a9c9c863f2ff97fe38bd5bc","distinct","Assistant inspected song:mughroura:lyricist: Who wrote the lyrics of Maram's Mughroura? (Khaled Al Bathal) against song:lawahasayef:poet: Who wrote the lyrics of Aryam's La Wa Hasayef? (Khaled bin Saud Al Kabeer). These identify different works, different institutions or different artist attributes. The review excluded the protected Shadi stage-name fact and Sawt instrument facts while authoring. Different song credits, artist instruments, labels, collaborators and musical genres remain separate relations; no retained pair asks the same relation about the same entity."
"kuwaiti_music_v2_187/emirati_music_v2_172","eeea594198785e8c69666b31f99ea7a2395a458253291cc8ce1bd624b0a2fb39","distinct","Assistant inspected song:mughroura:lyricist: Who wrote the lyrics of Maram's Mughroura? (Khaled Al Bathal) against song:mestaghreb:lyricist: Who wrote the lyrics of Ahlam's WeMestaghrb? (Abdulrahman Al Othman). These identify different works, different institutions or different artist attributes. The review excluded the protected Shadi stage-name fact and Sawt instrument facts while authoring. Different song credits, artist instruments, labels, collaborators and musical genres remain separate relations; no retained pair asks the same relation about the same entity."
"kuwaiti_music_v2_187/emirati_music_v2_174","2bb6cec305993ff6aa8ac4ef7b35dfc286ce7a169b5f295dda8c9a1110de1465","distinct","Assistant inspected song:mughroura:lyricist: Who wrote the lyrics of Maram's Mughroura? (Khaled Al Bathal) against song:entaha:lyricist: Who wrote the lyrics of Balqees's Entaha? (Mshari Al Ibrahim). These identify different works, different institutions or different artist attributes. The review excluded the protected Shadi stage-name fact and Sawt instrument facts while authoring. Different song credits, artist instruments, labels, collaborators and musical genres remain separate relations; no retained pair asks the same relation about the same entity."
"kuwaiti_music_v2_187/emirati_music_v2_180","f7cc87206e664f8f24608ab405894906260df2b0bb92a1da8432e7e45b8f6e8b","distinct","Assistant inspected song:mughroura:lyricist: Who wrote the lyrics of Maram's Mughroura? (Khaled Al Bathal) against song:hazzaaljaw:writer: Who wrote the lyrics of Hazza's Al Jaw Londani? (Ali Al Khawar). These identify different works, different institutions or different artist attributes. The review excluded the protected Shadi stage-name fact and Sawt instrument facts while authoring. Different song credits, artist instruments, labels, collaborators and musical genres remain separate relations; no retained pair asks the same relation about the same entity."
"kuwaiti_music_v2_187/emirati_music_v2_183","e659d013de052297b59f45877513c165a15b485bb8fd2010d3cd90888ada9488","distinct","Assistant inspected song:mughroura:lyricist: Who wrote the lyrics of Maram's Mughroura? (Khaled Al Bathal) against song:malhoufa:writer: Who wrote the lyrics of Ahlam's Malhofa Le Soutak? (Ahmad Alawi). These identify different works, different institutions or different artist attributes. The review excluded the protected Shadi stage-name fact and Sawt instrument facts while authoring. Different song credits, artist instruments, labels, collaborators and musical genres remain separate relations; no retained pair asks the same relation about the same entity."
"kuwaiti_music_v2_187/emirati_music_v2_184","72c53c4d52cf691069037353fde0d9a746ce878303ee921806d3f20d880757d7","distinct","Assistant inspected song:mughroura:lyricist: Who wrote the lyrics of Maram's Mughroura? (Khaled Al Bathal) against song:moajaba:writer: Who wrote the lyrics of Shamma Hamdan's Moajaba? (Ahmad Al Sanea). These identify different works, different institutions or different artist attributes. The review excluded the protected Shadi stage-name fact and Sawt instrument facts while authoring. Different song credits, artist instruments, labels, collaborators and musical genres remain separate relations; no retained pair asks the same relation about the same entity."
"kuwaiti_music_v2_187/emirati_music_v2_187","0504a1b4a1d8311d54faeb33fecfb4a75dbef46ff620853517f1417381dd22a0","distinct","Assistant inspected song:mughroura:lyricist: Who wrote the lyrics of Maram's Mughroura? (Khaled Al Bathal) against song:wayyakkhedni:writer: Who wrote the lyrics of Balqees's Wayyak Khedni? (Firas Al Habeeb). These identify different works, different institutions or different artist attributes. The review excluded the protected Shadi stage-name fact and Sawt instrument facts while authoring. Different song credits, artist instruments, labels, collaborators and musical genres remain separate relations; no retained pair asks the same relation about the same entity."
"kuwaiti_music_v2_187/emirati_music_v2_199","f71f2f7e7c2d7f6706f4b783a0e6364afe8e16de04517ead0ad5a3572b3e7f5b","distinct","Assistant inspected song:mughroura:lyricist: Who wrote the lyrics of Maram's Mughroura? (Khaled Al Bathal) against song:shammaaheb:writer: Who wrote the lyrics of Shamma Hamdan's 2016 Ahebk? (Ahmad Al Sanea). These identify different works, different institutions or different artist attributes. The review excluded the protected Shadi stage-name fact and Sawt instrument facts while authoring. Different song credits, artist instruments, labels, collaborators and musical genres remain separate relations; no retained pair asks the same relation about the same entity."
"kuwaiti_music_v2_190/emirati_music_v2_079","9fb6329f59cdea9dba8b0bd44fde93ff407e7a841fab622ab466773ddf156027","distinct","Assistant inspected song:fahhmouh:lyricist: Who wrote the lyrics of Mutrif Al Mutrif's Fahhmouh? (Saad Al Musallam) against song:fakadtek:lyricist: Who wrote the lyrics of Hussain Al Jassmi's Fakadtak? (Faisal Al Yami). These identify different works, different institutions or different artist attributes. The review excluded the protected Shadi stage-name fact and Sawt instrument facts while authoring. Different song credits, artist instruments, labels, collaborators and musical genres remain separate relations; no retained pair asks the same relation about the same entity."
"kuwaiti_music_v2_190/emirati_music_v2_082","b6b0fa22783e8edec6a86e1bc1fddb148b5abe22c363a7181ec24b17f6db1b8a","distinct","Assistant inspected song:fahhmouh:lyricist: Who wrote the lyrics of Mutrif Al Mutrif's Fahhmouh? (Saad Al Musallam) against song:ahebak:lyricist: Who wrote the lyrics of Hussain Al Jassmi's Ahebak? (Ahmad Al Sanea). These identify different works, different institutions or different artist attributes. The review excluded the protected Shadi stage-name fact and Sawt instrument facts while authoring. Different song credits, artist instruments, labels, collaborators and musical genres remain separate relations; no retained pair asks the same relation about the same entity."
"kuwaiti_music_v2_190/emirati_music_v2_097","0cf62a56b3ccf59be83dbb776eae5d2d2b61cb8e461990ca686b95b0c99fe821","distinct","Assistant inspected song:fahhmouh:lyricist: Who wrote the lyrics of Mutrif Al Mutrif's Fahhmouh? (Saad Al Musallam) against song:yamarini:lyricist: Who wrote the lyrics of Eida Al Menhali's Yamarini Tarik? (Saeed Al Rumaithi). These identify different works, different institutions or different artist attributes. The review excluded the protected Shadi stage-name fact and Sawt instrument facts while authoring. Different song credits, artist instruments, labels, collaborators and musical genres remain separate relations; no retained pair asks the same relation about the same entity."
"kuwaiti_music_v2_190/emirati_music_v2_114","6d729bc03dbb43c91024a2b87f13d54aec36f21ff4f1e9ed1a408984bc250441","distinct","Assistant inspected song:fahhmouh:lyricist: Who wrote the lyrics of Mutrif Al Mutrif's Fahhmouh? (Saad Al Musallam) against song:diplomacy:writer: Who wrote the lyrics of Balqees's Diplomacy? (Aziz El Shaafei). These identify different works, different institutions or different artist attributes. The review excluded the protected Shadi stage-name fact and Sawt instrument facts while authoring. Different song credits, artist instruments, labels, collaborators and musical genres remain separate relations; no retained pair asks the same relation about the same entity."
"kuwaiti_music_v2_190/emirati_music_v2_146","a50f56f259b3190bcb3f1ed5745313b3c01a57f1492e68afa89eb7a2a77f8216","distinct","Assistant inspected song:fahhmouh:lyricist: Who wrote the lyrics of Mutrif Al Mutrif's Fahhmouh? (Saad Al Musallam) against song:kashf:lyricist: Who wrote the lyrics of Mohamed Al Shehhi's Kashf Al Mahabba? (Ali Al Omari). These identify different works, different institutions or different artist attributes. The review excluded the protected Shadi stage-name fact and Sawt instrument facts while authoring. Different song credits, artist instruments, labels, collaborators and musical genres remain separate relations; no retained pair asks the same relation about the same entity."
"kuwaiti_music_v2_190/emirati_music_v2_148","1bcf91ae3baddcc2c1005ed492d31f337257ce93a5593e1ca7c52b812a39ee38","distinct","Assistant inspected song:fahhmouh:lyricist: Who wrote the lyrics of Mutrif Al Mutrif's Fahhmouh? (Saad Al Musallam) against song:dighewa:lyricist: Who wrote the lyrics of Fayez Al Saeed's Dig Hewa? (Firas Al Shathar). These identify different works, different institutions or different artist attributes. The review excluded the protected Shadi stage-name fact and Sawt instrument facts while authoring. Different song credits, artist instruments, labels, collaborators and musical genres remain separate relations; no retained pair asks the same relation about the same entity."
"kuwaiti_music_v2_190/emirati_music_v2_150","6fce2e64d42aff772fdfe713fb18ee3603ff7c11ebd32b9ea5cfb13e97f39883","distinct","Assistant inspected song:fahhmouh:lyricist: Who wrote the lyrics of Mutrif Al Mutrif's Fahhmouh? (Saad Al Musallam) against song:hathana:lyricist: Who wrote the lyrics of Ahlam's Hatha Ana? (Faisal Mohamed Al Sudairi). These identify different works, different institutions or different artist attributes. The review excluded the protected Shadi stage-name fact and Sawt instrument facts while authoring. Different song credits, artist instruments, labels, collaborators and musical genres remain separate relations; no retained pair asks the same relation about the same entity."
"kuwaiti_music_v2_190/emirati_music_v2_158","62e304143cccfb0004b08b8ebac2acd583146451230ec4dc66368cb5df6862ac","distinct","Assistant inspected song:fahhmouh:lyricist: Who wrote the lyrics of Mutrif Al Mutrif's Fahhmouh? (Saad Al Musallam) against song:shalal:lyricist: Who wrote the lyrics of Mohamed Al Shehhi's 2025 song Shalal? (Aref Al Hammadi). These identify different works, different institutions or different artist attributes. The review excluded the protected Shadi stage-name fact and Sawt instrument facts while authoring. Different song credits, artist instruments, labels, collaborators and musical genres remain separate relations; no retained pair asks the same relation about the same entity."
"kuwaiti_music_v2_190/emirati_music_v2_171","125d25591fb8b0dc5df186acbf9f23675932775c31b0b0801da2649ce6ae4300","distinct","Assistant inspected song:fahhmouh:lyricist: Who wrote the lyrics of Mutrif Al Mutrif's Fahhmouh? (Saad Al Musallam) against song:sketanak:lyricist: Who wrote the lyrics of Mohamed Al Shehhi's Sket Anak? (Hussain Khamis). These identify different works, different institutions or different artist attributes. The review excluded the protected Shadi stage-name fact and Sawt instrument facts while authoring. Different song credits, artist instruments, labels, collaborators and musical genres remain separate relations; no retained pair asks the same relation about the same entity."
"kuwaiti_music_v2_190/emirati_music_v2_172","f81c73c1f2e5494e1e4c22d6e983b3bbac74fe583393f030ac162e9197697893","distinct","Assistant inspected song:fahhmouh:lyricist: Who wrote the lyrics of Mutrif Al Mutrif's Fahhmouh? (Saad Al Musallam) against song:mestaghreb:lyricist: Who wrote the lyrics of Ahlam's WeMestaghrb? (Abdulrahman Al Othman). These identify different works, different institutions or different artist attributes. The review excluded the protected Shadi stage-name fact and Sawt instrument facts while authoring. Different song credits, artist instruments, labels, collaborators and musical genres remain separate relations; no retained pair asks the same relation about the same entity."
"kuwaiti_music_v2_190/emirati_music_v2_174","a7d688d12637042f4bacc53324a16b5042772f8855241abe144fbc86f917db62","distinct","Assistant inspected song:fahhmouh:lyricist: Who wrote the lyrics of Mutrif Al Mutrif's Fahhmouh? (Saad Al Musallam) against song:entaha:lyricist: Who wrote the lyrics of Balqees's Entaha? (Mshari Al Ibrahim). These identify different works, different institutions or different artist attributes. The review excluded the protected Shadi stage-name fact and Sawt instrument facts while authoring. Different song credits, artist instruments, labels, collaborators and musical genres remain separate relations; no retained pair asks the same relation about the same entity."
"kuwaiti_music_v2_190/emirati_music_v2_175","ef28024d8f6c23f117b24ba354f9c5fe8a09479a98d5b4a213c8b517c8dbcdb3","distinct","Assistant inspected song:fahhmouh:lyricist: Who wrote the lyrics of Mutrif Al Mutrif's Fahhmouh? (Saad Al Musallam) against song:maktoum:lyricist: Who wrote the lyrics of Eida Al Menhali's Maktoum Onwani? (Ahmad Al Marri). These identify different works, different institutions or different artist attributes. The review excluded the protected Shadi stage-name fact and Sawt instrument facts while authoring. Different song credits, artist instruments, labels, collaborators and musical genres remain separate relations; no retained pair asks the same relation about the same entity."
"kuwaiti_music_v2_190/emirati_music_v2_180","19dcd84c5d4982efd166e74942b73029f2fd3beedc3841c6ad17bc2e14c41667","distinct","Assistant inspected song:fahhmouh:lyricist: Who wrote the lyrics of Mutrif Al Mutrif's Fahhmouh? (Saad Al Musallam) against song:hazzaaljaw:writer: Who wrote the lyrics of Hazza's Al Jaw Londani? (Ali Al Khawar). These identify different works, different institutions or different artist attributes. The review excluded the protected Shadi stage-name fact and Sawt instrument facts while authoring. Different song credits, artist instruments, labels, collaborators and musical genres remain separate relations; no retained pair asks the same relation about the same entity."
"kuwaiti_music_v2_190/emirati_music_v2_181","ac89cee1a2158cd5ae14342ab185e2d2514784532f26af975c446515bb9d3c82","distinct","Assistant inspected song:fahhmouh:lyricist: Who wrote the lyrics of Mutrif Al Mutrif's Fahhmouh? (Saad Al Musallam) against song:fayezselfie:writer: Who wrote the lyrics of Fayez Al Saeed's 2014 Selfie? (Turki Al Sharif). These identify different works, different institutions or different artist attributes. The review excluded the protected Shadi stage-name fact and Sawt instrument facts while authoring. Different song credits, artist instruments, labels, collaborators and musical genres remain separate relations; no retained pair asks the same relation about the same entity."
"kuwaiti_music_v2_190/emirati_music_v2_182","dab4d9c486f5c97dac56f7502955f4c29460636e1a7c22b2e678cc95c0db06dc","distinct","Assistant inspected song:fahhmouh:lyricist: Who wrote the lyrics of Mutrif Al Mutrif's Fahhmouh? (Saad Al Musallam) against song:mayeseh:writer: Who wrote the lyrics of Ahlam's Ma Yeseh Ela Al Saheh? (Sami Al Jamaan). These identify different works, different institutions or different artist attributes. The review excluded the protected Shadi stage-name fact and Sawt instrument facts while authoring. Different song credits, artist instruments, labels, collaborators and musical genres remain separate relations; no retained pair asks the same relation about the same entity."
"kuwaiti_music_v2_190/emirati_music_v2_184","91ee9ba53d89be97599f244e28efac051da7fd209b398e7a4e7ba668393a5436","distinct","Assistant inspected song:fahhmouh:lyricist: Who wrote the lyrics of Mutrif Al Mutrif's Fahhmouh? (Saad Al Musallam) against song:moajaba:writer: Who wrote the lyrics of Shamma Hamdan's Moajaba? (Ahmad Al Sanea). These identify different works, different institutions or different artist attributes. The review excluded the protected Shadi stage-name fact and Sawt instrument facts while authoring. Different song credits, artist instruments, labels, collaborators and musical genres remain separate relations; no retained pair asks the same relation about the same entity."
"kuwaiti_music_v2_190/emirati_music_v2_187","e85ca256437c1b67ec026378ae30fd12b270f1305fb6a2381ab41b90924a0706","distinct","Assistant inspected song:fahhmouh:lyricist: Who wrote the lyrics of Mutrif Al Mutrif's Fahhmouh? (Saad Al Musallam) against song:wayyakkhedni:writer: Who wrote the lyrics of Balqees's Wayyak Khedni? (Firas Al Habeeb). These identify different works, different institutions or different artist attributes. The review excluded the protected Shadi stage-name fact and Sawt instrument facts while authoring. Different song credits, artist instruments, labels, collaborators and musical genres remain separate relations; no retained pair asks the same relation about the same entity."
"kuwaiti_music_v2_190/emirati_music_v2_190","b0f07aaa35d494c47ac50b2ce9ecaab878cd6135afd80f96b7e56fe2c7071440","distinct","Assistant inspected song:fahhmouh:lyricist: Who wrote the lyrics of Mutrif Al Mutrif's Fahhmouh? (Saad Al Musallam) against song:qahwawadaa:writer: Who wrote the lyrics of Hussain Al Jassmi's Qahwat Wadaa? (Ahmad bin Thaher). These identify different works, different institutions or different artist attributes. The review excluded the protected Shadi stage-name fact and Sawt instrument facts while authoring. Different song credits, artist instruments, labels, collaborators and musical genres remain separate relations; no retained pair asks the same relation about the same entity."
"kuwaiti_music_v2_192/emirati_music_v2_114","c4124da419da7ee9d55dd7031f4919ab0da21bd83deaa11481919a045c47c98c","distinct","Assistant inspected song:tawaadna:lyricist: Who wrote the lyrics of Abdul Qader Hadhoud's Tawaadna? (Al Ghaim) against song:diplomacy:writer: Who wrote the lyrics of Balqees's Diplomacy? (Aziz El Shaafei). These identify different works, different institutions or different artist attributes. The review excluded the protected Shadi stage-name fact and Sawt instrument facts while authoring. Different song credits, artist instruments, labels, collaborators and musical genres remain separate relations; no retained pair asks the same relation about the same entity."
"kuwaiti_music_v2_192/emirati_music_v2_172","cf0516a14f7a2b4479f13126346c40770e351732262fb1f84f8971e31ffed43e","distinct","Assistant inspected song:tawaadna:lyricist: Who wrote the lyrics of Abdul Qader Hadhoud's Tawaadna? (Al Ghaim) against song:mestaghreb:lyricist: Who wrote the lyrics of Ahlam's WeMestaghrb? (Abdulrahman Al Othman). These identify different works, different institutions or different artist attributes. The review excluded the protected Shadi stage-name fact and Sawt instrument facts while authoring. Different song credits, artist instruments, labels, collaborators and musical genres remain separate relations; no retained pair asks the same relation about the same entity."
"kuwaiti_music_v2_192/emirati_music_v2_174","c086b884c4dfccf7463cb61ae987787e52b8de55f7d4b86415d2d78b4965940c","distinct","Assistant inspected song:tawaadna:lyricist: Who wrote the lyrics of Abdul Qader Hadhoud's Tawaadna? (Al Ghaim) against song:entaha:lyricist: Who wrote the lyrics of Balqees's Entaha? (Mshari Al Ibrahim). These identify different works, different institutions or different artist attributes. The review excluded the protected Shadi stage-name fact and Sawt instrument facts while authoring. Different song credits, artist instruments, labels, collaborators and musical genres remain separate relations; no retained pair asks the same relation about the same entity."
"kuwaiti_music_v2_194/emirati_music_v2_114","2eb9ac2223257c98695fae3b7c42ca092f8c9dfd42052835253dc0514a6b7f70","distinct","Assistant inspected song:samihni:lyricist: Who wrote the lyrics of Shaymaa Sulaiman's Samihni? (Sulaiman Bu Shait) against song:diplomacy:writer: Who wrote the lyrics of Balqees's Diplomacy? (Aziz El Shaafei). These identify different works, different institutions or different artist attributes. The review excluded the protected Shadi stage-name fact and Sawt instrument facts while authoring. Different song credits, artist instruments, labels, collaborators and musical genres remain separate relations; no retained pair asks the same relation about the same entity."
"kuwaiti_music_v2_194/emirati_music_v2_150","be00a377c851d69990bc23a583696a7c3a3ab4caa4fbb5c4676d9ae17e33794e","distinct","Assistant inspected song:samihni:lyricist: Who wrote the lyrics of Shaymaa Sulaiman's Samihni? (Sulaiman Bu Shait) against song:hathana:lyricist: Who wrote the lyrics of Ahlam's Hatha Ana? (Faisal Mohamed Al Sudairi). These identify different works, different institutions or different artist attributes. The review excluded the protected Shadi stage-name fact and Sawt instrument facts while authoring. Different song credits, artist instruments, labels, collaborators and musical genres remain separate relations; no retained pair asks the same relation about the same entity."
"kuwaiti_music_v2_194/emirati_music_v2_172","561ccd1be41ffe208fa3b28e91d816cc669752ea97b0e57a4a26315f183c2f59","distinct","Assistant inspected song:samihni:lyricist: Who wrote the lyrics of Shaymaa Sulaiman's Samihni? (Sulaiman Bu Shait) against song:mestaghreb:lyricist: Who wrote the lyrics of Ahlam's WeMestaghrb? (Abdulrahman Al Othman). These identify different works, different institutions or different artist attributes. The review excluded the protected Shadi stage-name fact and Sawt instrument facts while authoring. Different song credits, artist instruments, labels, collaborators and musical genres remain separate relations; no retained pair asks the same relation about the same entity."
"kuwaiti_music_v2_194/emirati_music_v2_174","fea341c2da78afe07fe11f285ea105d9b8093fb8c222db562dc2c9fe2fcab511","distinct","Assistant inspected song:samihni:lyricist: Who wrote the lyrics of Shaymaa Sulaiman's Samihni? (Sulaiman Bu Shait) against song:entaha:lyricist: Who wrote the lyrics of Balqees's Entaha? (Mshari Al Ibrahim). These identify different works, different institutions or different artist attributes. The review excluded the protected Shadi stage-name fact and Sawt instrument facts while authoring. Different song credits, artist instruments, labels, collaborators and musical genres remain separate relations; no retained pair asks the same relation about the same entity."
"kuwaiti_music_v2_194/emirati_music_v2_184","4aaefdeb2c32ee7fd6f7c38cec31fb61881cbb00cf7ffcd8fa43b2209bf7fe66","distinct","Assistant inspected song:samihni:lyricist: Who wrote the lyrics of Shaymaa Sulaiman's Samihni? (Sulaiman Bu Shait) against song:moajaba:writer: Who wrote the lyrics of Shamma Hamdan's Moajaba? (Ahmad Al Sanea). These identify different works, different institutions or different artist attributes. The review excluded the protected Shadi stage-name fact and Sawt instrument facts while authoring. Different song credits, artist instruments, labels, collaborators and musical genres remain separate relations; no retained pair asks the same relation about the same entity."
"kuwaiti_music_v2_194/emirati_music_v2_187","d971c9d03d7df24ff01232de2eb0446f4e67aaa98b406fa54ffd11564de9a371","distinct","Assistant inspected song:samihni:lyricist: Who wrote the lyrics of Shaymaa Sulaiman's Samihni? (Sulaiman Bu Shait) against song:wayyakkhedni:writer: Who wrote the lyrics of Balqees's Wayyak Khedni? (Firas Al Habeeb). These identify different works, different institutions or different artist attributes. The review excluded the protected Shadi stage-name fact and Sawt instrument facts while authoring. Different song credits, artist instruments, labels, collaborators and musical genres remain separate relations; no retained pair asks the same relation about the same entity."
"kuwaiti_music_v2_197/emirati_music_v2_150","f2b5b414ae399c1903a8e91c97dbbf1382daa01ab47280b63af345a5f904b9e8","distinct","Assistant inspected song:anaraddait:lyricist: Who wrote the lyrics of Abdul Karim Abdul Qader's Ana Raddait? (Abdul Latif Al Bannai) against song:hathana:lyricist: Who wrote the lyrics of Ahlam's Hatha Ana? (Faisal Mohamed Al Sudairi). These identify different works, different institutions or different artist attributes. The review excluded the protected Shadi stage-name fact and Sawt instrument facts while authoring. Different song credits, artist instruments, labels, collaborators and musical genres remain separate relations; no retained pair asks the same relation about the same entity."
"kuwaiti_music_v2_198/emirati_music_v2_114","d4bb1626fbd514e96f8fa945098fa5412b7bc25a4ff841b78966a435a78cc77e","distinct","Assistant inspected song:khatelkhatar:lyricist: Who wrote the lyrics of Shams's Khat El Khatar? (Qusay Issa) against song:diplomacy:writer: Who wrote the lyrics of Balqees's Diplomacy? (Aziz El Shaafei). These identify different works, different institutions or different artist attributes. The review excluded the protected Shadi stage-name fact and Sawt instrument facts while authoring. Different song credits, artist instruments, labels, collaborators and musical genres remain separate relations; no retained pair asks the same relation about the same entity."
"kuwaiti_music_v2_198/emirati_music_v2_172","911e4538e0f59453347427f767c7cc1c04e020f207d74d5cf200a23aa12ed358","distinct","Assistant inspected song:khatelkhatar:lyricist: Who wrote the lyrics of Shams's Khat El Khatar? (Qusay Issa) against song:mestaghreb:lyricist: Who wrote the lyrics of Ahlam's WeMestaghrb? (Abdulrahman Al Othman). These identify different works, different institutions or different artist attributes. The review excluded the protected Shadi stage-name fact and Sawt instrument facts while authoring. Different song credits, artist instruments, labels, collaborators and musical genres remain separate relations; no retained pair asks the same relation about the same entity."
"kuwaiti_music_v2_198/emirati_music_v2_174","7b385889c8070780123f61d7c7bc9a9c7c9d1007022745b57a57daad1d11bb2e","distinct","Assistant inspected song:khatelkhatar:lyricist: Who wrote the lyrics of Shams's Khat El Khatar? (Qusay Issa) against song:entaha:lyricist: Who wrote the lyrics of Balqees's Entaha? (Mshari Al Ibrahim). These identify different works, different institutions or different artist attributes. The review excluded the protected Shadi stage-name fact and Sawt instrument facts while authoring. Different song credits, artist instruments, labels, collaborators and musical genres remain separate relations; no retained pair asks the same relation about the same entity."
"kuwaiti_music_v2_199/emirati_music_v2_114","4eeddb44f4069128a6642f08f9f874ecc071f310db873b46960b47e3e65a6de5","distinct","Assistant inspected song:zahqanamellait:lyricist: Who wrote the lyrics of Shams's Zahqana Mellait? (Adnan Al Amir) against song:diplomacy:writer: Who wrote the lyrics of Balqees's Diplomacy? (Aziz El Shaafei). These identify different works, different institutions or different artist attributes. The review excluded the protected Shadi stage-name fact and Sawt instrument facts while authoring. Different song credits, artist instruments, labels, collaborators and musical genres remain separate relations; no retained pair asks the same relation about the same entity."
"kuwaiti_music_v2_199/emirati_music_v2_150","29620d3365e9e89e96c58b108e228063fc4ace9fa61decc35aea7e02aa4e612a","distinct","Assistant inspected song:zahqanamellait:lyricist: Who wrote the lyrics of Shams's Zahqana Mellait? (Adnan Al Amir) against song:hathana:lyricist: Who wrote the lyrics of Ahlam's Hatha Ana? (Faisal Mohamed Al Sudairi). These identify different works, different institutions or different artist attributes. The review excluded the protected Shadi stage-name fact and Sawt instrument facts while authoring. Different song credits, artist instruments, labels, collaborators and musical genres remain separate relations; no retained pair asks the same relation about the same entity."
"kuwaiti_music_v2_199/emirati_music_v2_172","6b5a85e7f3d1d3971b3e4b55e6c75aa9127cb92898b42fc8c31528484a4c1999","distinct","Assistant inspected song:zahqanamellait:lyricist: Who wrote the lyrics of Shams's Zahqana Mellait? (Adnan Al Amir) against song:mestaghreb:lyricist: Who wrote the lyrics of Ahlam's WeMestaghrb? (Abdulrahman Al Othman). These identify different works, different institutions or different artist attributes. The review excluded the protected Shadi stage-name fact and Sawt instrument facts while authoring. Different song credits, artist instruments, labels, collaborators and musical genres remain separate relations; no retained pair asks the same relation about the same entity."
"kuwaiti_music_v2_199/emirati_music_v2_174","e0fa8d11d1265335defb8cf6cbae5a423f50247b2ce3a931797235ebfe61e745","distinct","Assistant inspected song:zahqanamellait:lyricist: Who wrote the lyrics of Shams's Zahqana Mellait? (Adnan Al Amir) against song:entaha:lyricist: Who wrote the lyrics of Balqees's Entaha? (Mshari Al Ibrahim). These identify different works, different institutions or different artist attributes. The review excluded the protected Shadi stage-name fact and Sawt instrument facts while authoring. Different song credits, artist instruments, labels, collaborators and musical genres remain separate relations; no retained pair asks the same relation about the same entity."
"kuwaiti_music_v2_199/emirati_music_v2_184","a01a75b450e230c95584e1ce5d1d31098e21f9c3d592181dcd6b1191aec1de7d","distinct","Assistant inspected song:zahqanamellait:lyricist: Who wrote the lyrics of Shams's Zahqana Mellait? (Adnan Al Amir) against song:moajaba:writer: Who wrote the lyrics of Shamma Hamdan's Moajaba? (Ahmad Al Sanea). These identify different works, different institutions or different artist attributes. The review excluded the protected Shadi stage-name fact and Sawt instrument facts while authoring. Different song credits, artist instruments, labels, collaborators and musical genres remain separate relations; no retained pair asks the same relation about the same entity."
"kuwaiti_music_v2_199/emirati_music_v2_187","3447da84b9276214a871c679ce1105f34bb115eddf7a1d866b56139ddf889246","distinct","Assistant inspected song:zahqanamellait:lyricist: Who wrote the lyrics of Shams's Zahqana Mellait? (Adnan Al Amir) against song:wayyakkhedni:writer: Who wrote the lyrics of Balqees's Wayyak Khedni? (Firas Al Habeeb). These identify different works, different institutions or different artist attributes. The review excluded the protected Shadi stage-name fact and Sawt instrument facts while authoring. Different song credits, artist instruments, labels, collaborators and musical genres remain separate relations; no retained pair asks the same relation about the same entity."
"kuwaiti_music_v2_200/emirati_music_v2_079","9115a97e8be18e07c0b63250cb788e42b40581313b84bdd9051d0cd5e3b80314","distinct","Assistant inspected song:wenwen:lyricist: Who wrote the lyrics of Hamad Al Qattan's Wen Wen? (Abdullah Al Omani) against song:fakadtek:lyricist: Who wrote the lyrics of Hussain Al Jassmi's Fakadtak? (Faisal Al Yami). These identify different works, different institutions or different artist attributes. The review excluded the protected Shadi stage-name fact and Sawt instrument facts while authoring. Different song credits, artist instruments, labels, collaborators and musical genres remain separate relations; no retained pair asks the same relation about the same entity."
"kuwaiti_music_v2_200/emirati_music_v2_082","885025ec414214fd695951f53d650e08b16600e41fffac9942e085d2e684f67d","distinct","Assistant inspected song:wenwen:lyricist: Who wrote the lyrics of Hamad Al Qattan's Wen Wen? (Abdullah Al Omani) against song:ahebak:lyricist: Who wrote the lyrics of Hussain Al Jassmi's Ahebak? (Ahmad Al Sanea). These identify different works, different institutions or different artist attributes. The review excluded the protected Shadi stage-name fact and Sawt instrument facts while authoring. Different song credits, artist instruments, labels, collaborators and musical genres remain separate relations; no retained pair asks the same relation about the same entity."
"kuwaiti_music_v2_200/emirati_music_v2_097","752e4fc7ab8e312e061b1915cfa184f46d76da430b489e3a9b75cc75eab974f7","distinct","Assistant inspected song:wenwen:lyricist: Who wrote the lyrics of Hamad Al Qattan's Wen Wen? (Abdullah Al Omani) against song:yamarini:lyricist: Who wrote the lyrics of Eida Al Menhali's Yamarini Tarik? (Saeed Al Rumaithi). These identify different works, different institutions or different artist attributes. The review excluded the protected Shadi stage-name fact and Sawt instrument facts while authoring. Different song credits, artist instruments, labels, collaborators and musical genres remain separate relations; no retained pair asks the same relation about the same entity."
"kuwaiti_music_v2_200/emirati_music_v2_114","04453852ddfe1e0857d31ce7981fccce1d0b7f0b43f2496f97be72471069ed3a","distinct","Assistant inspected song:wenwen:lyricist: Who wrote the lyrics of Hamad Al Qattan's Wen Wen? (Abdullah Al Omani) against song:diplomacy:writer: Who wrote the lyrics of Balqees's Diplomacy? (Aziz El Shaafei). These identify different works, different institutions or different artist attributes. The review excluded the protected Shadi stage-name fact and Sawt instrument facts while authoring. Different song credits, artist instruments, labels, collaborators and musical genres remain separate relations; no retained pair asks the same relation about the same entity."
"kuwaiti_music_v2_200/emirati_music_v2_146","b5e6257367b4397aa0a451ed16bd979ed15d2c374567ccd1ca37c0d660722b51","distinct","Assistant inspected song:wenwen:lyricist: Who wrote the lyrics of Hamad Al Qattan's Wen Wen? (Abdullah Al Omani) against song:kashf:lyricist: Who wrote the lyrics of Mohamed Al Shehhi's Kashf Al Mahabba? (Ali Al Omari). These identify different works, different institutions or different artist attributes. The review excluded the protected Shadi stage-name fact and Sawt instrument facts while authoring. Different song credits, artist instruments, labels, collaborators and musical genres remain separate relations; no retained pair asks the same relation about the same entity."
"kuwaiti_music_v2_200/emirati_music_v2_148","747ab14b645d51fe740babc3a0e9c3b58222b3f4c82d537b67a32d54f566e8d7","distinct","Assistant inspected song:wenwen:lyricist: Who wrote the lyrics of Hamad Al Qattan's Wen Wen? (Abdullah Al Omani) against song:dighewa:lyricist: Who wrote the lyrics of Fayez Al Saeed's Dig Hewa? (Firas Al Shathar). These identify different works, different institutions or different artist attributes. The review excluded the protected Shadi stage-name fact and Sawt instrument facts while authoring. Different song credits, artist instruments, labels, collaborators and musical genres remain separate relations; no retained pair asks the same relation about the same entity."
"kuwaiti_music_v2_200/emirati_music_v2_171","ff5d1b96ae6e15893062d9489e329a110f507fad64c36d5a8a37c48ec62daf76","distinct","Assistant inspected song:wenwen:lyricist: Who wrote the lyrics of Hamad Al Qattan's Wen Wen? (Abdullah Al Omani) against song:sketanak:lyricist: Who wrote the lyrics of Mohamed Al Shehhi's Sket Anak? (Hussain Khamis). These identify different works, different institutions or different artist attributes. The review excluded the protected Shadi stage-name fact and Sawt instrument facts while authoring. Different song credits, artist instruments, labels, collaborators and musical genres remain separate relations; no retained pair asks the same relation about the same entity."
"kuwaiti_music_v2_200/emirati_music_v2_172","4ab2a1115146f8d6ec842aae298818b41f38f85045675b1056041d308f6ce5ac","distinct","Assistant inspected song:wenwen:lyricist: Who wrote the lyrics of Hamad Al Qattan's Wen Wen? (Abdullah Al Omani) against song:mestaghreb:lyricist: Who wrote the lyrics of Ahlam's WeMestaghrb? (Abdulrahman Al Othman). These identify different works, different institutions or different artist attributes. The review excluded the protected Shadi stage-name fact and Sawt instrument facts while authoring. Different song credits, artist instruments, labels, collaborators and musical genres remain separate relations; no retained pair asks the same relation about the same entity."
"kuwaiti_music_v2_200/emirati_music_v2_174","9d46e04d179b6eb89dee0975c88e4b8aa6633c75060204bbdb16ac6a896f5466","distinct","Assistant inspected song:wenwen:lyricist: Who wrote the lyrics of Hamad Al Qattan's Wen Wen? (Abdullah Al Omani) against song:entaha:lyricist: Who wrote the lyrics of Balqees's Entaha? (Mshari Al Ibrahim). These identify different works, different institutions or different artist attributes. The review excluded the protected Shadi stage-name fact and Sawt instrument facts while authoring. Different song credits, artist instruments, labels, collaborators and musical genres remain separate relations; no retained pair asks the same relation about the same entity."
"kuwaiti_music_v2_200/emirati_music_v2_175","991f6be5df6b15d42ca3ee4376ecd8de273271dfbcb1eb6da8e81b9154be3477","distinct","Assistant inspected song:wenwen:lyricist: Who wrote the lyrics of Hamad Al Qattan's Wen Wen? (Abdullah Al Omani) against song:maktoum:lyricist: Who wrote the lyrics of Eida Al Menhali's Maktoum Onwani? (Ahmad Al Marri). These identify different works, different institutions or different artist attributes. The review excluded the protected Shadi stage-name fact and Sawt instrument facts while authoring. Different song credits, artist instruments, labels, collaborators and musical genres remain separate relations; no retained pair asks the same relation about the same entity."
"kuwaiti_music_v2_200/emirati_music_v2_180","d1aff291cbb4fef292127a81b8ef5216fe329862f90377438b8c34a4b7f20d75","distinct","Assistant inspected song:wenwen:lyricist: Who wrote the lyrics of Hamad Al Qattan's Wen Wen? (Abdullah Al Omani) against song:hazzaaljaw:writer: Who wrote the lyrics of Hazza's Al Jaw Londani? (Ali Al Khawar). These identify different works, different institutions or different artist attributes. The review excluded the protected Shadi stage-name fact and Sawt instrument facts while authoring. Different song credits, artist instruments, labels, collaborators and musical genres remain separate relations; no retained pair asks the same relation about the same entity."
"kuwaiti_music_v2_200/emirati_music_v2_181","367372de6ff4abdc84ad131ccc8466a295d4aca69c838cbc4ce2cd96d3bda086","distinct","Assistant inspected song:wenwen:lyricist: Who wrote the lyrics of Hamad Al Qattan's Wen Wen? (Abdullah Al Omani) against song:fayezselfie:writer: Who wrote the lyrics of Fayez Al Saeed's 2014 Selfie? (Turki Al Sharif). These identify different works, different institutions or different artist attributes. The review excluded the protected Shadi stage-name fact and Sawt instrument facts while authoring. Different song credits, artist instruments, labels, collaborators and musical genres remain separate relations; no retained pair asks the same relation about the same entity."
"kuwaiti_music_v2_200/emirati_music_v2_190","2ba35131c9915d845566b1ae9aa8763fe860dfe8a3d2ee751e934a2dce1e087a","distinct","Assistant inspected song:wenwen:lyricist: Who wrote the lyrics of Hamad Al Qattan's Wen Wen? (Abdullah Al Omani) against song:qahwawadaa:writer: Who wrote the lyrics of Hussain Al Jassmi's Qahwat Wadaa? (Ahmad bin Thaher). These identify different works, different institutions or different artist attributes. The review excluded the protected Shadi stage-name fact and Sawt instrument facts while authoring. Different song credits, artist instruments, labels, collaborators and musical genres remain separate relations; no retained pair asks the same relation about the same entity."
"kuwaiti_music_v2_202/emirati_music_v2_079","93c270f97cc1a5480c97df93556e872a2dd6692c25a98e276186e5c0ec1f7465","distinct","Assistant inspected song:masmouh:lyricist: Who wrote the lyrics of Ghareed Al Shati's Masmouh? (Bader Borsli) against song:fakadtek:lyricist: Who wrote the lyrics of Hussain Al Jassmi's Fakadtak? (Faisal Al Yami). These identify different works, different institutions or different artist attributes. The review excluded the protected Shadi stage-name fact and Sawt instrument facts while authoring. Different song credits, artist instruments, labels, collaborators and musical genres remain separate relations; no retained pair asks the same relation about the same entity."
"kuwaiti_music_v2_202/emirati_music_v2_082","e37a564727fc6ad9d9696610c96dd2fe57ea326b014a0a1d6e18c31b7437eab3","distinct","Assistant inspected song:masmouh:lyricist: Who wrote the lyrics of Ghareed Al Shati's Masmouh? (Bader Borsli) against song:ahebak:lyricist: Who wrote the lyrics of Hussain Al Jassmi's Ahebak? (Ahmad Al Sanea). These identify different works, different institutions or different artist attributes. The review excluded the protected Shadi stage-name fact and Sawt instrument facts while authoring. Different song credits, artist instruments, labels, collaborators and musical genres remain separate relations; no retained pair asks the same relation about the same entity."
"kuwaiti_music_v2_202/emirati_music_v2_097","6ad3f538caf2385f8161ee3305d8848dbe0aba57067b2f720cf1f3b8c3a5cba0","distinct","Assistant inspected song:masmouh:lyricist: Who wrote the lyrics of Ghareed Al Shati's Masmouh? (Bader Borsli) against song:yamarini:lyricist: Who wrote the lyrics of Eida Al Menhali's Yamarini Tarik? (Saeed Al Rumaithi). These identify different works, different institutions or different artist attributes. The review excluded the protected Shadi stage-name fact and Sawt instrument facts while authoring. Different song credits, artist instruments, labels, collaborators and musical genres remain separate relations; no retained pair asks the same relation about the same entity."
"kuwaiti_music_v2_202/emirati_music_v2_114","59ec9d8377ff43810f1412a877ff8c59a110a4dbb3dfedb540e34bb60aea71e5","distinct","Assistant inspected song:masmouh:lyricist: Who wrote the lyrics of Ghareed Al Shati's Masmouh? (Bader Borsli) against song:diplomacy:writer: Who wrote the lyrics of Balqees's Diplomacy? (Aziz El Shaafei). These identify different works, different institutions or different artist attributes. The review excluded the protected Shadi stage-name fact and Sawt instrument facts while authoring. Different song credits, artist instruments, labels, collaborators and musical genres remain separate relations; no retained pair asks the same relation about the same entity."
"kuwaiti_music_v2_202/emirati_music_v2_146","6d3464f276870cf0ceef1a2ad338011cb6b04dcf191d2a6508d86462168cc5cb","distinct","Assistant inspected song:masmouh:lyricist: Who wrote the lyrics of Ghareed Al Shati's Masmouh? (Bader Borsli) against song:kashf:lyricist: Who wrote the lyrics of Mohamed Al Shehhi's Kashf Al Mahabba? (Ali Al Omari). These identify different works, different institutions or different artist attributes. The review excluded the protected Shadi stage-name fact and Sawt instrument facts while authoring. Different song credits, artist instruments, labels, collaborators and musical genres remain separate relations; no retained pair asks the same relation about the same entity."
"kuwaiti_music_v2_202/emirati_music_v2_148","c7c627149eaffb546f50ed599523b3daaa15c6259e00c357dfca8644fc35391e","distinct","Assistant inspected song:masmouh:lyricist: Who wrote the lyrics of Ghareed Al Shati's Masmouh? (Bader Borsli) against song:dighewa:lyricist: Who wrote the lyrics of Fayez Al Saeed's Dig Hewa? (Firas Al Shathar). These identify different works, different institutions or different artist attributes. The review excluded the protected Shadi stage-name fact and Sawt instrument facts while authoring. Different song credits, artist instruments, labels, collaborators and musical genres remain separate relations; no retained pair asks the same relation about the same entity."
"kuwaiti_music_v2_202/emirati_music_v2_171","14c976f20468db1924e96643aea5db6aa6fda9cffbb68ebd2a7418933f176ad3","distinct","Assistant inspected song:masmouh:lyricist: Who wrote the lyrics of Ghareed Al Shati's Masmouh? (Bader Borsli) against song:sketanak:lyricist: Who wrote the lyrics of Mohamed Al Shehhi's Sket Anak? (Hussain Khamis). These identify different works, different institutions or different artist attributes. The review excluded the protected Shadi stage-name fact and Sawt instrument facts while authoring. Different song credits, artist instruments, labels, collaborators and musical genres remain separate relations; no retained pair asks the same relation about the same entity."
"kuwaiti_music_v2_202/emirati_music_v2_172","b53fba34cfdb04be6ec8484a97b9b8f3a58e38e640a353f7c706fcbf0990ec4e","distinct","Assistant inspected song:masmouh:lyricist: Who wrote the lyrics of Ghareed Al Shati's Masmouh? (Bader Borsli) against song:mestaghreb:lyricist: Who wrote the lyrics of Ahlam's WeMestaghrb? (Abdulrahman Al Othman). These identify different works, different institutions or different artist attributes. The review excluded the protected Shadi stage-name fact and Sawt instrument facts while authoring. Different song credits, artist instruments, labels, collaborators and musical genres remain separate relations; no retained pair asks the same relation about the same entity."
"kuwaiti_music_v2_202/emirati_music_v2_174","009cf862967f34ba2b63e6a29ea52dc99f7b0ca747a3c5d52dd867efc5d2a952","distinct","Assistant inspected song:masmouh:lyricist: Who wrote the lyrics of Ghareed Al Shati's Masmouh? (Bader Borsli) against song:entaha:lyricist: Who wrote the lyrics of Balqees's Entaha? (Mshari Al Ibrahim). These identify different works, different institutions or different artist attributes. The review excluded the protected Shadi stage-name fact and Sawt instrument facts while authoring. Different song credits, artist instruments, labels, collaborators and musical genres remain separate relations; no retained pair asks the same relation about the same entity."
"kuwaiti_music_v2_202/emirati_music_v2_175","02c1105446410cdfec2e503dc79bd53637f2fd1627dbdecb3d86b14e3389d606","distinct","Assistant inspected song:masmouh:lyricist: Who wrote the lyrics of Ghareed Al Shati's Masmouh? (Bader Borsli) against song:maktoum:lyricist: Who wrote the lyrics of Eida Al Menhali's Maktoum Onwani? (Ahmad Al Marri). These identify different works, different institutions or different artist attributes. The review excluded the protected Shadi stage-name fact and Sawt instrument facts while authoring. Different song credits, artist instruments, labels, collaborators and musical genres remain separate relations; no retained pair asks the same relation about the same entity."
"kuwaiti_music_v2_202/emirati_music_v2_180","573ac407f01ed598a5235b25ff85209891f92ec23f93a980c5da39a921448181","distinct","Assistant inspected song:masmouh:lyricist: Who wrote the lyrics of Ghareed Al Shati's Masmouh? (Bader Borsli) against song:hazzaaljaw:writer: Who wrote the lyrics of Hazza's Al Jaw Londani? (Ali Al Khawar). These identify different works, different institutions or different artist attributes. The review excluded the protected Shadi stage-name fact and Sawt instrument facts while authoring. Different song credits, artist instruments, labels, collaborators and musical genres remain separate relations; no retained pair asks the same relation about the same entity."
"kuwaiti_music_v2_202/emirati_music_v2_181","c260887dca346dd474a2f8e196594d5d7d306b4101e84e07ab105dc82caa8329","distinct","Assistant inspected song:masmouh:lyricist: Who wrote the lyrics of Ghareed Al Shati's Masmouh? (Bader Borsli) against song:fayezselfie:writer: Who wrote the lyrics of Fayez Al Saeed's 2014 Selfie? (Turki Al Sharif). These identify different works, different institutions or different artist attributes. The review excluded the protected Shadi stage-name fact and Sawt instrument facts while authoring. Different song credits, artist instruments, labels, collaborators and musical genres remain separate relations; no retained pair asks the same relation about the same entity."
"kuwaiti_music_v2_202/emirati_music_v2_190","bab8eb60e2503d05e5a3d87ca46642bbaaeaeef56b7f4822508696dd491d5717","distinct","Assistant inspected song:masmouh:lyricist: Who wrote the lyrics of Ghareed Al Shati's Masmouh? (Bader Borsli) against song:qahwawadaa:writer: Who wrote the lyrics of Hussain Al Jassmi's Qahwat Wadaa? (Ahmad bin Thaher). These identify different works, different institutions or different artist attributes. The review excluded the protected Shadi stage-name fact and Sawt instrument facts while authoring. Different song credits, artist instruments, labels, collaborators and musical genres remain separate relations; no retained pair asks the same relation about the same entity."
"kuwaiti_music_v2_006/gulf_music_v2_013","f6d6ae04e132ddb79f93e7b44fb4f47d88a2a5f497f7978daab23a9912bdee2a","distinct","Assistant inspected song:leemarhelow:singer: Which Kuwaiti singer performs Lee Mar El Helow? (Abdullah Al Rowaished) against song:yashams:singer: Which Kuwaiti singer performs Ya Shams? (Nabeel Shuail). These identify different works, different institutions or different artist attributes. The review excluded the protected Shadi stage-name fact and Sawt instrument facts while authoring. Different song credits, artist instruments, labels, collaborators and musical genres remain separate relations; no retained pair asks the same relation about the same entity."
"kuwaiti_music_v2_006/gulf_music_v2_017","098c7b64c4e3d9c01ca0bfc688515921138a99085b2f902d8360b15ae14bf219","distinct","Assistant inspected song:leemarhelow:singer: Which Kuwaiti singer performs Lee Mar El Helow? (Abdullah Al Rowaished) against song:rahalty:singer: Which Kuwaiti singer performs Rahalty? (Abdullah Al Rowaished). These identify different works, different institutions or different artist attributes. The review excluded the protected Shadi stage-name fact and Sawt instrument facts while authoring. Different song credits, artist instruments, labels, collaborators and musical genres remain separate relations; no retained pair asks the same relation about the same entity."
"kuwaiti_music_v2_007/gulf_music_v2_013","a801047984561cb605f9bc9d8538c672e70c732e6bfbf463a295c517a8687fff","distinct","Assistant inspected song:yaassal:singer: Which Kuwaiti singer performs Ya Assal on the album Shuail 2012? (Nabeel Shuail) against song:yashams:singer: Which Kuwaiti singer performs Ya Shams? (Nabeel Shuail). These identify different works, different institutions or different artist attributes. The review excluded the protected Shadi stage-name fact and Sawt instrument facts while authoring. Different song credits, artist instruments, labels, collaborators and musical genres remain separate relations; no retained pair asks the same relation about the same entity."
"kuwaiti_music_v2_008/gulf_music_v2_044","7c99df3ee949c7367cb6bd0b879378276af5265cb9c6cadc063155b124005722","distinct","Assistant inspected song:alaqtna:singer: Which Kuwaiti singer released Alaqtna in 2016? (Abdulaziz Louis) against song:methelqalbk:singer: Which singer released Methel Qalbk in 2016? (Rashed Al Majid). These identify different works, different institutions or different artist attributes. The review excluded the protected Shadi stage-name fact and Sawt instrument facts while authoring. Different song credits, artist instruments, labels, collaborators and musical genres remain separate relations; no retained pair asks the same relation about the same entity."
"kuwaiti_music_v2_009/gulf_music_v2_017","4d819c239603b527a539875c7036c5b107f9cfd41d3c37e0e158945f07c20733","distinct","Assistant inspected song:wayedwayed:singer: Which Kuwaiti singer performs the classic Wayed Wayed? (Mustafa Ahmed) against song:rahalty:singer: Which Kuwaiti singer performs Rahalty? (Abdullah Al Rowaished). These identify different works, different institutions or different artist attributes. The review excluded the protected Shadi stage-name fact and Sawt instrument facts while authoring. Different song credits, artist instruments, labels, collaborators and musical genres remain separate relations; no retained pair asks the same relation about the same entity."
"kuwaiti_music_v2_010/gulf_music_v2_023","cbe44b05ada3eda170f94febb2d9179b563fb42219f0c8028f83aa66d1deff9a","distinct","Assistant inspected song:masmouh:ghareedsinger: Which Kuwaiti singer performs the classic recording of Masmouh? (Ghareed Al Shati) against song:maqadir:singer: Which singer made the famous recording of Maqadir? (Talal Maddah). These identify different works, different institutions or different artist attributes. The review excluded the protected Shadi stage-name fact and Sawt instrument facts while authoring. Different song credits, artist instruments, labels, collaborators and musical genres remain separate relations; no retained pair asks the same relation about the same entity."
"kuwaiti_music_v2_012/gulf_music_v2_002","40444db0463b437f6d63a537575c3fa24a263a7d0090b90b20a7cfc69edc727a","distinct","Assistant inspected song:etmaen:singer: Which Kuwaiti singer performs Etmaen? (Hammoud Naser) against song:iyar:singer: Which Omani singer performs Iyar? (Salah Al Zadjali). These identify different works, different institutions or different artist attributes. The review excluded the protected Shadi stage-name fact and Sawt instrument facts while authoring. Different song credits, artist instruments, labels, collaborators and musical genres remain separate relations; no retained pair asks the same relation about the same entity."
"kuwaiti_music_v2_012/gulf_music_v2_013","d3eecf21de51695c9682e8a2d1e6f18309e52d49be2946a0cb01f88235f82238","distinct","Assistant inspected song:etmaen:singer: Which Kuwaiti singer performs Etmaen? (Hammoud Naser) against song:yashams:singer: Which Kuwaiti singer performs Ya Shams? (Nabeel Shuail). These identify different works, different institutions or different artist attributes. The review excluded the protected Shadi stage-name fact and Sawt instrument facts while authoring. Different song credits, artist instruments, labels, collaborators and musical genres remain separate relations; no retained pair asks the same relation about the same entity."
"kuwaiti_music_v2_012/gulf_music_v2_015","3ae9ef3d7e0418d90736ac45dbfe6e506841e791148ee361641220a861064fa7","distinct","Assistant inspected song:etmaen:singer: Which Kuwaiti singer performs Etmaen? (Hammoud Naser) against song:alamaken:singer: Which singer performs Al Amaken? (Mohammed Abdu). These identify different works, different institutions or different artist attributes. The review excluded the protected Shadi stage-name fact and Sawt instrument facts while authoring. Different song credits, artist instruments, labels, collaborators and musical genres remain separate relations; no retained pair asks the same relation about the same entity."
"kuwaiti_music_v2_012/gulf_music_v2_016","d6e9ca8c2bb5a8045d2142fca891fac061290c901122ad9b80b78c4062927b01","distinct","Assistant inspected song:etmaen:singer: Which Kuwaiti singer performs Etmaen? (Hammoud Naser) against song:yabadahom:singer: Which singer performs Ya Badohom? (Abdul Majeed Abdullah). These identify different works, different institutions or different artist attributes. The review excluded the protected Shadi stage-name fact and Sawt instrument facts while authoring. Different song credits, artist instruments, labels, collaborators and musical genres remain separate relations; no retained pair asks the same relation about the same entity."
"kuwaiti_music_v2_012/gulf_music_v2_017","9ce6df3a24141a5c14eb6c7e39bd8326594ab6df6974ba971b722ede219adcc0","distinct","Assistant inspected song:etmaen:singer: Which Kuwaiti singer performs Etmaen? (Hammoud Naser) against song:rahalty:singer: Which Kuwaiti singer performs Rahalty? (Abdullah Al Rowaished). These identify different works, different institutions or different artist attributes. The review excluded the protected Shadi stage-name fact and Sawt instrument facts while authoring. Different song credits, artist instruments, labels, collaborators and musical genres remain separate relations; no retained pair asks the same relation about the same entity."
"kuwaiti_music_v2_012/gulf_music_v2_022","c5b011bf7e0c324161724d66ca2e1468a0f37b70a49a3c6ae5ebf97b3ca5f4ce","distinct","Assistant inspected song:etmaen:singer: Which Kuwaiti singer performs Etmaen? (Hammoud Naser) against song:sheratan:singer: Which singer performs Sheratan Al Thahab? (Rashed Al Majid). These identify different works, different institutions or different artist attributes. The review excluded the protected Shadi stage-name fact and Sawt instrument facts while authoring. Different song credits, artist instruments, labels, collaborators and musical genres remain separate relations; no retained pair asks the same relation about the same entity."
"kuwaiti_music_v2_012/gulf_music_v2_037","a13a324fc526dc6aabe70a59c324cf1333c739cad88f5d16ac9b8767bce72944","distinct","Assistant inspected song:etmaen:singer: Which Kuwaiti singer performs Etmaen? (Hammoud Naser) against song:duniaalwalah:singer: Which singer recorded Dunia Al Walah? (Abdullah Al Rowaished). These identify different works, different institutions or different artist attributes. The review excluded the protected Shadi stage-name fact and Sawt instrument facts while authoring. Different song credits, artist instruments, labels, collaborators and musical genres remain separate relations; no retained pair asks the same relation about the same entity."
"kuwaiti_music_v2_012/gulf_music_v2_052","7d49774f3ad25d066a6ba853f803f2135c8e0032adcee77e0517be0e88154bf4","distinct","Assistant inspected song:etmaen:singer: Which Kuwaiti singer performs Etmaen? (Hammoud Naser) against song:mozhela:singer: Which singer recorded Mozhela? (Mohammed Abdu). These identify different works, different institutions or different artist attributes. The review excluded the protected Shadi stage-name fact and Sawt instrument facts while authoring. Different song credits, artist instruments, labels, collaborators and musical genres remain separate relations; no retained pair asks the same relation about the same entity."
"kuwaiti_music_v2_012/gulf_music_v2_056","c95f4249e7152924d8816f0e7511b4b48f82c06bfc8035924412ac7f10a2d52c","distinct","Assistant inspected song:etmaen:singer: Which Kuwaiti singer performs Etmaen? (Hammoud Naser) against song:qalootara:singer: Which singer recorded Qaloo Tara? (Abadi Al Johar). These identify different works, different institutions or different artist attributes. The review excluded the protected Shadi stage-name fact and Sawt instrument facts while authoring. Different song credits, artist instruments, labels, collaborators and musical genres remain separate relations; no retained pair asks the same relation about the same entity."
"kuwaiti_music_v2_012/gulf_music_v2_066","d850c4be7f261f02d4606160aed98140fe2e15778a2fb4960af34c1f9629a282","distinct","Assistant inspected song:etmaen:singer: Which Kuwaiti singer performs Etmaen? (Hammoud Naser) against song:tenadeek:singer: Which singer recorded Tenadeek? (Majid Al Mohandis). These identify different works, different institutions or different artist attributes. The review excluded the protected Shadi stage-name fact and Sawt instrument facts while authoring. Different song credits, artist instruments, labels, collaborators and musical genres remain separate relations; no retained pair asks the same relation about the same entity."
"kuwaiti_music_v2_013/gulf_music_v2_013","1eb3227b6f252f25b16519b91dc778acabfe2f4c791bb1572070bd7bd0986170","distinct","Assistant inspected song:yanarshebby:singer: Which Kuwaiti singer performs Ya Nar Shebby? (Mohammed Al Balushi) against song:yashams:singer: Which Kuwaiti singer performs Ya Shams? (Nabeel Shuail). These identify different works, different institutions or different artist attributes. The review excluded the protected Shadi stage-name fact and Sawt instrument facts while authoring. Different song credits, artist instruments, labels, collaborators and musical genres remain separate relations; no retained pair asks the same relation about the same entity."
"kuwaiti_music_v2_013/gulf_music_v2_016","d346a0790c6d32d21aecfb8db28677d4bf4ed07478e52b5f75795bcc6b87912d","distinct","Assistant inspected song:yanarshebby:singer: Which Kuwaiti singer performs Ya Nar Shebby? (Mohammed Al Balushi) against song:yabadahom:singer: Which singer performs Ya Badohom? (Abdul Majeed Abdullah). These identify different works, different institutions or different artist attributes. The review excluded the protected Shadi stage-name fact and Sawt instrument facts while authoring. Different song credits, artist instruments, labels, collaborators and musical genres remain separate relations; no retained pair asks the same relation about the same entity."
"kuwaiti_music_v2_013/gulf_music_v2_017","79231e87dc55190e09b13f366afd18f3a5fb74cdf45caef8e70d39cd216def93","distinct","Assistant inspected song:yanarshebby:singer: Which Kuwaiti singer performs Ya Nar Shebby? (Mohammed Al Balushi) against song:rahalty:singer: Which Kuwaiti singer performs Rahalty? (Abdullah Al Rowaished). These identify different works, different institutions or different artist attributes. The review excluded the protected Shadi stage-name fact and Sawt instrument facts while authoring. Different song credits, artist instruments, labels, collaborators and musical genres remain separate relations; no retained pair asks the same relation about the same entity."
"kuwaiti_music_v2_016/gulf_music_v2_039","31365940655304aecc6d63ab7bbff65135227c9edf65b05132ae15786d28ad8d","distinct","Assistant inspected song:akoumislek:singer: Which female singer performs Akou Mislek? (Nawal) against song:qulubsahiya:singer: Which female singer recorded Al Quloub Al Sahiya? (Nawal). These identify different works, different institutions or different artist attributes. The review excluded the protected Shadi stage-name fact and Sawt instrument facts while authoring. Different song credits, artist instruments, labels, collaborators and musical genres remain separate relations; no retained pair asks the same relation about the same entity."
"kuwaiti_music_v2_033/gulf_music_v2_013","bd59bd2f649e72be5805b5a155b74321bbf165dbb94684a1fb0342a231055b12","distinct","Assistant inspected song:sadqah:singer: Which Kuwaiti female singer performs Sadqah? (Maram) against song:yashams:singer: Which Kuwaiti singer performs Ya Shams? (Nabeel Shuail). These identify different works, different institutions or different artist attributes. The review excluded the protected Shadi stage-name fact and Sawt instrument facts while authoring. Different song credits, artist instruments, labels, collaborators and musical genres remain separate relations; no retained pair asks the same relation about the same entity."
"kuwaiti_music_v2_033/gulf_music_v2_017","960b4e3a637885b1ec12ceeee039df047fecd64f604b3d03756ccbb8da3fd0cd","distinct","Assistant inspected song:sadqah:singer: Which Kuwaiti female singer performs Sadqah? (Maram) against song:rahalty:singer: Which Kuwaiti singer performs Rahalty? (Abdullah Al Rowaished). These identify different works, different institutions or different artist attributes. The review excluded the protected Shadi stage-name fact and Sawt instrument facts while authoring. Different song credits, artist instruments, labels, collaborators and musical genres remain separate relations; no retained pair asks the same relation about the same entity."
"kuwaiti_music_v2_033/gulf_music_v2_039","eebfa7fa69309a0065cd80dfc5d9663c5101b25a9b55ec23c487e67d18dc2640","distinct","Assistant inspected song:sadqah:singer: Which Kuwaiti female singer performs Sadqah? (Maram) against song:qulubsahiya:singer: Which female singer recorded Al Quloub Al Sahiya? (Nawal). These identify different works, different institutions or different artist attributes. The review excluded the protected Shadi stage-name fact and Sawt instrument facts while authoring. Different song credits, artist instruments, labels, collaborators and musical genres remain separate relations; no retained pair asks the same relation about the same entity."
"kuwaiti_music_v2_034/gulf_music_v2_017","95beb8150c4984e7b7c410bf90a1efa6230e461050b0cc7ee19a61557a6114bc","distinct","Assistant inspected song:mistajela:singer: Which Kuwaiti singer released Mistajela in 2022? (Mesaed Al Baloushy) against song:rahalty:singer: Which Kuwaiti singer performs Rahalty? (Abdullah Al Rowaished). These identify different works, different institutions or different artist attributes. The review excluded the protected Shadi stage-name fact and Sawt instrument facts while authoring. Different song credits, artist instruments, labels, collaborators and musical genres remain separate relations; no retained pair asks the same relation about the same entity."
"kuwaiti_music_v2_034/gulf_music_v2_051","096de4cbcb6fd14f5a4deddb37e47ced4335b427b65db0658ac7bdd2a9b31d20","distinct","Assistant inspected song:mistajela:singer: Which Kuwaiti singer released Mistajela in 2022? (Mesaed Al Baloushy) against song:tetanfasak:singer: Which singer released Tetanfasak Dunyay in 2022? (Abdul Majeed Abdullah). These identify different works, different institutions or different artist attributes. The review excluded the protected Shadi stage-name fact and Sawt instrument facts while authoring. Different song credits, artist instruments, labels, collaborators and musical genres remain separate relations; no retained pair asks the same relation about the same entity."
"kuwaiti_music_v2_038/gulf_music_v2_013","dc371336ae72c452541e1fd2dcea18500fd78287fdc777e4608e31da3ed39872","distinct","Assistant inspected song:mayeshbehak:singer: Which Kuwaiti singer performs Ma Yeshbehak? (Nabeel Shuail) against song:yashams:singer: Which Kuwaiti singer performs Ya Shams? (Nabeel Shuail). These identify different works, different institutions or different artist attributes. The review excluded the protected Shadi stage-name fact and Sawt instrument facts while authoring. Different song credits, artist instruments, labels, collaborators and musical genres remain separate relations; no retained pair asks the same relation about the same entity."
"kuwaiti_music_v2_038/gulf_music_v2_017","895d907448d703f6fced520fe7d90256e43ea6b8333ba1283d17691c0e11e6d4","distinct","Assistant inspected song:mayeshbehak:singer: Which Kuwaiti singer performs Ma Yeshbehak? (Nabeel Shuail) against song:rahalty:singer: Which Kuwaiti singer performs Rahalty? (Abdullah Al Rowaished). These identify different works, different institutions or different artist attributes. The review excluded the protected Shadi stage-name fact and Sawt instrument facts while authoring. Different song credits, artist instruments, labels, collaborators and musical genres remain separate relations; no retained pair asks the same relation about the same entity."
"kuwaiti_music_v2_039/gulf_music_v2_013","99cc475d03b8455257350a61cfefb3ecf3b8f08e905bd185dfb78a4626c1f886","distinct","Assistant inspected song:maqeltlak:singer: Which Kuwaiti singer performs Ma Qelt Lak? (Abdullah Al Rowaished) against song:yashams:singer: Which Kuwaiti singer performs Ya Shams? (Nabeel Shuail). These identify different works, different institutions or different artist attributes. The review excluded the protected Shadi stage-name fact and Sawt instrument facts while authoring. Different song credits, artist instruments, labels, collaborators and musical genres remain separate relations; no retained pair asks the same relation about the same entity."
"kuwaiti_music_v2_039/gulf_music_v2_017","cc39a005598a0a335e47907c3c4e130cb73e5d45e3350c0ec2c11b8bc7dfd57d","distinct","Assistant inspected song:maqeltlak:singer: Which Kuwaiti singer performs Ma Qelt Lak? (Abdullah Al Rowaished) against song:rahalty:singer: Which Kuwaiti singer performs Rahalty? (Abdullah Al Rowaished). These identify different works, different institutions or different artist attributes. The review excluded the protected Shadi stage-name fact and Sawt instrument facts while authoring. Different song credits, artist instruments, labels, collaborators and musical genres remain separate relations; no retained pair asks the same relation about the same entity."
"kuwaiti_music_v2_041/gulf_music_v2_013","4ccf839878e7ee0de613a46ee19a3f570251c2df471a58cdd6e0bce3a78785d3","distinct","Assistant inspected song:mughroura:singer: Which Kuwaiti female singer performs Mughroura? (Maram) against song:yashams:singer: Which Kuwaiti singer performs Ya Shams? (Nabeel Shuail). These identify different works, different institutions or different artist attributes. The review excluded the protected Shadi stage-name fact and Sawt instrument facts while authoring. Different song credits, artist instruments, labels, collaborators and musical genres remain separate relations; no retained pair asks the same relation about the same entity."
"kuwaiti_music_v2_041/gulf_music_v2_017","2e54bd86a47037c502525bf583a0898bc7db712a99027ffac12a177d0ed2fb89","distinct","Assistant inspected song:mughroura:singer: Which Kuwaiti female singer performs Mughroura? (Maram) against song:rahalty:singer: Which Kuwaiti singer performs Rahalty? (Abdullah Al Rowaished). These identify different works, different institutions or different artist attributes. The review excluded the protected Shadi stage-name fact and Sawt instrument facts while authoring. Different song credits, artist instruments, labels, collaborators and musical genres remain separate relations; no retained pair asks the same relation about the same entity."
"kuwaiti_music_v2_041/gulf_music_v2_039","f8914fc28288a78c29e0a5d554d715d7759d86218f4ebc2f807e490c69f6e124","distinct","Assistant inspected song:mughroura:singer: Which Kuwaiti female singer performs Mughroura? (Maram) against song:qulubsahiya:singer: Which female singer recorded Al Quloub Al Sahiya? (Nawal). These identify different works, different institutions or different artist attributes. The review excluded the protected Shadi stage-name fact and Sawt instrument facts while authoring. Different song credits, artist instruments, labels, collaborators and musical genres remain separate relations; no retained pair asks the same relation about the same entity."
"kuwaiti_music_v2_045/gulf_music_v2_015","f1227d0604df2011060b0c780e8b319cf48526453773ec0b0db6711d34081011","distinct","Assistant inspected song:fahhmouh:singer: Who sings Fahhmouh? (Mutrif Al Mutrif) against song:alamaken:singer: Which singer performs Al Amaken? (Mohammed Abdu). These identify different works, different institutions or different artist attributes. The review excluded the protected Shadi stage-name fact and Sawt instrument facts while authoring. Different song credits, artist instruments, labels, collaborators and musical genres remain separate relations; no retained pair asks the same relation about the same entity."
"kuwaiti_music_v2_045/gulf_music_v2_052","90b13b18deccbcbd02efa496ac4a22ea9881f8a13b5fe710e5bd051e7b67a103","distinct","Assistant inspected song:fahhmouh:singer: Who sings Fahhmouh? (Mutrif Al Mutrif) against song:mozhela:singer: Which singer recorded Mozhela? (Mohammed Abdu). These identify different works, different institutions or different artist attributes. The review excluded the protected Shadi stage-name fact and Sawt instrument facts while authoring. Different song credits, artist instruments, labels, collaborators and musical genres remain separate relations; no retained pair asks the same relation about the same entity."
"kuwaiti_music_v2_045/gulf_music_v2_066","655cf8b3d1177a3cf7a8d87225a7de7a7d0aa1624a2f4042e235883b04b2d46c","distinct","Assistant inspected song:fahhmouh:singer: Who sings Fahhmouh? (Mutrif Al Mutrif) against song:tenadeek:singer: Which singer recorded Tenadeek? (Majid Al Mohandis). These identify different works, different institutions or different artist attributes. The review excluded the protected Shadi stage-name fact and Sawt instrument facts while authoring. Different song credits, artist instruments, labels, collaborators and musical genres remain separate relations; no retained pair asks the same relation about the same entity."
"kuwaiti_music_v2_049/gulf_music_v2_015","c112ab2c600083b6acd534dc94ee7d6c5492e2420e4716aaf1002d80aa5f53eb","distinct","Assistant inspected song:alshougjabak:singer: Which singer performs Al Shoug Jabak? (Nawal) against song:alamaken:singer: Which singer performs Al Amaken? (Mohammed Abdu). These identify different works, different institutions or different artist attributes. The review excluded the protected Shadi stage-name fact and Sawt instrument facts while authoring. Different song credits, artist instruments, labels, collaborators and musical genres remain separate relations; no retained pair asks the same relation about the same entity."
"kuwaiti_music_v2_049/gulf_music_v2_022","d15028a9947f14830c9f85a94b1f9f7e732d4b1c4120eb9af30b52e87cf5333c","distinct","Assistant inspected song:alshougjabak:singer: Which singer performs Al Shoug Jabak? (Nawal) against song:sheratan:singer: Which singer performs Sheratan Al Thahab? (Rashed Al Majid). These identify different works, different institutions or different artist attributes. The review excluded the protected Shadi stage-name fact and Sawt instrument facts while authoring. Different song credits, artist instruments, labels, collaborators and musical genres remain separate relations; no retained pair asks the same relation about the same entity."
"kuwaiti_music_v2_053/gulf_music_v2_015","af605a77952b8edce971284b03a1896e54c6fd7d286e5f3faf2cc280a3364dc1","distinct","Assistant inspected song:qanabel:singer: Who sings Qanabel? (Essa Al Marzouq) against song:alamaken:singer: Which singer performs Al Amaken? (Mohammed Abdu). These identify different works, different institutions or different artist attributes. The review excluded the protected Shadi stage-name fact and Sawt instrument facts while authoring. Different song credits, artist instruments, labels, collaborators and musical genres remain separate relations; no retained pair asks the same relation about the same entity."
"kuwaiti_music_v2_053/gulf_music_v2_052","9aba9e4e956f1c7f8f9888d33fdea233474d0e819cb747a07b9ffb3669bf744e","distinct","Assistant inspected song:qanabel:singer: Who sings Qanabel? (Essa Al Marzouq) against song:mozhela:singer: Which singer recorded Mozhela? (Mohammed Abdu). These identify different works, different institutions or different artist attributes. The review excluded the protected Shadi stage-name fact and Sawt instrument facts while authoring. Different song credits, artist instruments, labels, collaborators and musical genres remain separate relations; no retained pair asks the same relation about the same entity."
"kuwaiti_music_v2_053/gulf_music_v2_066","662d9fc8124e3df38da2f82dd79796b2cf3842477f626e785ecedbe40e2f3412","distinct","Assistant inspected song:qanabel:singer: Who sings Qanabel? (Essa Al Marzouq) against song:tenadeek:singer: Which singer recorded Tenadeek? (Majid Al Mohandis). These identify different works, different institutions or different artist attributes. The review excluded the protected Shadi stage-name fact and Sawt instrument facts while authoring. Different song credits, artist instruments, labels, collaborators and musical genres remain separate relations; no retained pair asks the same relation about the same entity."
"kuwaiti_music_v2_055/gulf_music_v2_017","acfca16c7bd5cc1ade691b60fa14290db562894f0e8ca662e294f3869acf5097","distinct","Assistant inspected song:habait:singer: Which Kuwaiti artist sings Habait? (Khaled Al Mudhaffar) against song:rahalty:singer: Which Kuwaiti singer performs Rahalty? (Abdullah Al Rowaished). These identify different works, different institutions or different artist attributes. The review excluded the protected Shadi stage-name fact and Sawt instrument facts while authoring. Different song credits, artist instruments, labels, collaborators and musical genres remain separate relations; no retained pair asks the same relation about the same entity."
"kuwaiti_music_v2_073/gulf_music_v2_150","fb624f7ce1120c3dea192d4301088272301ba1042f56be0c37f443aaa9fed548","distinct","Assistant inspected song:kunanta:lyricist: Who wrote the lyrics of Humood AlKhudher's Kun Anta? (Saif Fadhel) against song:tabra:lyricist: Who wrote the lyrics of Nawal's Tabra? (Abdul Latif Al Bannai). These identify different works, different institutions or different artist attributes. The review excluded the protected Shadi stage-name fact and Sawt instrument facts while authoring. Different song credits, artist instruments, labels, collaborators and musical genres remain separate relations; no retained pair asks the same relation about the same entity."
"kuwaiti_music_v2_073/gulf_music_v2_171","87c71ec36ec53c846d3be74b7160244af778d64c8efb73cc508f1761a18957a6","distinct","Assistant inspected song:kunanta:lyricist: Who wrote the lyrics of Humood AlKhudher's Kun Anta? (Saif Fadhel) against song:nasetni:lyricist: Who wrote the lyrics of Ayed's Nasetni? (Fahad Al Mosaed). These identify different works, different institutions or different artist attributes. The review excluded the protected Shadi stage-name fact and Sawt instrument facts while authoring. Different song credits, artist instruments, labels, collaborators and musical genres remain separate relations; no retained pair asks the same relation about the same entity."
"kuwaiti_music_v2_073/gulf_music_v2_184","0517fdea09238b4864399f6afd64d3ac4dbe665a5e01a9cbf2f7c493b15cc695","distinct","Assistant inspected song:kunanta:lyricist: Who wrote the lyrics of Humood AlKhudher's Kun Anta? (Saif Fadhel) against song:tahadedninawal:lyricist: Who wrote the lyrics of Nawal's Tahadedni? (Saud Al Shubrmi). These identify different works, different institutions or different artist attributes. The review excluded the protected Shadi stage-name fact and Sawt instrument facts while authoring. Different song credits, artist instruments, labels, collaborators and musical genres remain separate relations; no retained pair asks the same relation about the same entity."
"kuwaiti_music_v2_074/gulf_music_v2_105","a7d7b2e7d26c05bf7521cf8aebe075931bac806d912605b673ef34d280fb24c8","distinct","Assistant inspected song:zenatayyami:composer: Who composed Nawal's Zenat Ayyami? (Meshaal Al Arouj) against song:tahadedninawal:composer: Who composed Nawal's Tahadedni? (Badee Masoud). These identify different works, different institutions or different artist attributes. The review excluded the protected Shadi stage-name fact and Sawt instrument facts while authoring. Different song credits, artist instruments, labels, collaborators and musical genres remain separate relations; no retained pair asks the same relation about the same entity."
"kuwaiti_music_v2_076/gulf_music_v2_097","992922e6d86069040ef2e4189b4ab4c97eb8d7f91d790508262fec3347533d76","distinct","Assistant inspected song:yaassal:composer: Who composed Nabeel Shuail's Ya Assal? (Nawaf Abdullah) against song:sikkasafar:composer: Who composed Nabeel Shuail's Sikka Safar? (Rashed Al Khader). These identify different works, different institutions or different artist attributes. The review excluded the protected Shadi stage-name fact and Sawt instrument facts while authoring. Different song credits, artist instruments, labels, collaborators and musical genres remain separate relations; no retained pair asks the same relation about the same entity."
"kuwaiti_music_v2_076/gulf_music_v2_107","e793ef1664535b32418a7eec087ee34131e3becd3f18dcf3f8a05062c024ba34","distinct","Assistant inspected song:yaassal:composer: Who composed Nabeel Shuail's Ya Assal? (Nawaf Abdullah) against song:ygolon:composer: Who composed Nabeel Shuail's 2021 song Ygolon? (Maitham Alaa Al Din). These identify different works, different institutions or different artist attributes. The review excluded the protected Shadi stage-name fact and Sawt instrument facts while authoring. Different song credits, artist instruments, labels, collaborators and musical genres remain separate relations; no retained pair asks the same relation about the same entity."
"kuwaiti_music_v2_086/gulf_music_v2_086","6495dadb3310078e7d906be3624d784ea768e1b790056e6882f0bcc155167472","distinct","Assistant inspected song:akoumislek:composer: Who composed Nawal's Akou Mislek? (Meshaal Al Arouj) against song:anamasoul:composer: Who composed Nawal's Ana El Masoul? (Nasser Al Saleh). These identify different works, different institutions or different artist attributes. The review excluded the protected Shadi stage-name fact and Sawt instrument facts while authoring. Different song credits, artist instruments, labels, collaborators and musical genres remain separate relations; no retained pair asks the same relation about the same entity."
"kuwaiti_music_v2_086/gulf_music_v2_098","e9320165d4207d44e89a4eccf64ff46b814c19bc310146632c3cbaf4e4f581c4","distinct","Assistant inspected song:akoumislek:composer: Who composed Nawal's Akou Mislek? (Meshaal Al Arouj) against song:qulubsahiya:composer: Who composed Nawal's Al Quloub Al Sahiya? (Ali Al Jabr). These identify different works, different institutions or different artist attributes. The review excluded the protected Shadi stage-name fact and Sawt instrument facts while authoring. Different song credits, artist instruments, labels, collaborators and musical genres remain separate relations; no retained pair asks the same relation about the same entity."
"kuwaiti_music_v2_086/gulf_music_v2_105","a7e9bc432661983bc7bf7c82a640c132a9b85f305ad26a7ac36d05deefb38d49","distinct","Assistant inspected song:akoumislek:composer: Who composed Nawal's Akou Mislek? (Meshaal Al Arouj) against song:tahadedninawal:composer: Who composed Nawal's Tahadedni? (Badee Masoud). These identify different works, different institutions or different artist attributes. The review excluded the protected Shadi stage-name fact and Sawt instrument facts while authoring. Different song credits, artist instruments, labels, collaborators and musical genres remain separate relations; no retained pair asks the same relation about the same entity."
"kuwaiti_music_v2_086/gulf_music_v2_116","f4846aca9776da1fe3763b658af468a9e19edfc0a2027cbb3815add623de9bfc","distinct","Assistant inspected song:akoumislek:composer: Who composed Nawal's Akou Mislek? (Meshaal Al Arouj) against song:methlnaseem:composer: Who composed Nawal's Methl Al Naseem? (Yaser Bu Ali). These identify different works, different institutions or different artist attributes. The review excluded the protected Shadi stage-name fact and Sawt instrument facts while authoring. Different song credits, artist instruments, labels, collaborators and musical genres remain separate relations; no retained pair asks the same relation about the same entity."
"kuwaiti_music_v2_103/gulf_music_v2_073","79b6306d7da30afeef1c1e264349032761b9cc3937634682386dd02e06b731a6","distinct","Assistant inspected miami:sabouha:firstalbum: What is the title of Miami Band's first album, released in 1991? (Sabouha) against album:ala:brouvat: What is the title of Ala Ghawas's Arabic album released in 2021? (Brouvat Mout). These identify different works, different institutions or different artist attributes. The review excluded the protected Shadi stage-name fact and Sawt instrument facts while authoring. Different song credits, artist instruments, labels, collaborators and musical genres remain separate relations; no retained pair asks the same relation about the same entity."
"kuwaiti_music_v2_107/gulf_music_v2_097","679708dc4463f288d77285ebb4062866fb649ae6c1ffb2c6bf064593b0f0ed56","distinct","Assistant inspected song:mayeshbehak:composer: Who composed Nabeel Shuail's Ma Yeshbehak? (Yasser Bu Ali) against song:sikkasafar:composer: Who composed Nabeel Shuail's Sikka Safar? (Rashed Al Khader). These identify different works, different institutions or different artist attributes. The review excluded the protected Shadi stage-name fact and Sawt instrument facts while authoring. Different song credits, artist instruments, labels, collaborators and musical genres remain separate relations; no retained pair asks the same relation about the same entity."
"kuwaiti_music_v2_107/gulf_music_v2_107","f62cd3b7ddbb36d03467773bf0deb9460c912ae0b27e52b51bba35197c68f549","distinct","Assistant inspected song:mayeshbehak:composer: Who composed Nabeel Shuail's Ma Yeshbehak? (Yasser Bu Ali) against song:ygolon:composer: Who composed Nabeel Shuail's 2021 song Ygolon? (Maitham Alaa Al Din). These identify different works, different institutions or different artist attributes. The review excluded the protected Shadi stage-name fact and Sawt instrument facts while authoring. Different song credits, artist instruments, labels, collaborators and musical genres remain separate relations; no retained pair asks the same relation about the same entity."
"kuwaiti_music_v2_108/gulf_music_v2_082","65c05b3e6a051fe70ab9972bebbb3aaa50a75dfb375d901cef3329a2a15b878e","distinct","Assistant inspected song:maqeltlak:composer: Who composed Abdullah Al Rowaished's Ma Qelt Lak? (Nasser Al Saleh) against song:rahalty:composer: Who composed Abdullah Al Rowaished's Rahalty? (Rashed Al Khader). These identify different works, different institutions or different artist attributes. The review excluded the protected Shadi stage-name fact and Sawt instrument facts while authoring. Different song credits, artist instruments, labels, collaborators and musical genres remain separate relations; no retained pair asks the same relation about the same entity."
"kuwaiti_music_v2_108/gulf_music_v2_129","d5f7834fa677576a03ad458dc13b816ebde5ad8385bc3571a2ad9de519e4b81a","distinct","Assistant inspected song:maqeltlak:composer: Who composed Abdullah Al Rowaished's Ma Qelt Lak? (Nasser Al Saleh) against song:aymezza:composer: Who composed Abdullah Al Rowaished's Ay Mezza? (Sulaiman Al Mulla). These identify different works, different institutions or different artist attributes. The review excluded the protected Shadi stage-name fact and Sawt instrument facts while authoring. Different song credits, artist instruments, labels, collaborators and musical genres remain separate relations; no retained pair asks the same relation about the same entity."
"kuwaiti_music_v2_109/gulf_music_v2_147","da8bf48e71426d6e73762628b1cbb753b278632cd6abd290cd24b8c8a20175cc","distinct","Assistant inspected song:abeek:lyricist: Who wrote the lyrics of Abdullah Al Rowaished's Abeek? (Abdul Latif Al Bannai) against song:tarban:lyricist: Who wrote the lyrics of Salah Al Zadjali's Tarban? (Haitham Al Busaidi). These identify different works, different institutions or different artist attributes. The review excluded the protected Shadi stage-name fact and Sawt instrument facts while authoring. Different song credits, artist instruments, labels, collaborators and musical genres remain separate relations; no retained pair asks the same relation about the same entity."
"kuwaiti_music_v2_109/gulf_music_v2_149","3a35cd25b8d5d70d326a239ed9c49b30593340a5801fd57ca615b6fbed33b2c4","distinct","Assistant inspected song:abeek:lyricist: Who wrote the lyrics of Abdullah Al Rowaished's Abeek? (Abdul Latif Al Bannai) against song:batalna:lyricist: Who wrote the lyrics of Fahad Al Kubaisi's Batalna? (Saad Al Mosallam). These identify different works, different institutions or different artist attributes. The review excluded the protected Shadi stage-name fact and Sawt instrument facts while authoring. Different song credits, artist instruments, labels, collaborators and musical genres remain separate relations; no retained pair asks the same relation about the same entity."
"kuwaiti_music_v2_109/gulf_music_v2_150","29bb72296734299d1afb3ed3248cb3faaddf0869b00a3c3bb714787028485893","distinct","Assistant inspected song:abeek:lyricist: Who wrote the lyrics of Abdullah Al Rowaished's Abeek? (Abdul Latif Al Bannai) against song:tabra:lyricist: Who wrote the lyrics of Nawal's Tabra? (Abdul Latif Al Bannai). These identify different works, different institutions or different artist attributes. The review excluded the protected Shadi stage-name fact and Sawt instrument facts while authoring. Different song credits, artist instruments, labels, collaborators and musical genres remain separate relations; no retained pair asks the same relation about the same entity."
"kuwaiti_music_v2_109/gulf_music_v2_152","1013742f42712e0128551aff6894dde7600d63574d88b99ddeba7674a16f770b","distinct","Assistant inspected song:abeek:lyricist: Who wrote the lyrics of Abdullah Al Rowaished's Abeek? (Abdul Latif Al Bannai) against song:musafir:lyricist: Who wrote the lyrics of Rashed Al Majid's Al Musafir? (Badr bin Abdulmohsen). These identify different works, different institutions or different artist attributes. The review excluded the protected Shadi stage-name fact and Sawt instrument facts while authoring. Different song credits, artist instruments, labels, collaborators and musical genres remain separate relations; no retained pair asks the same relation about the same entity."
"kuwaiti_music_v2_109/gulf_music_v2_153","5f2af3b2d3735b136a34d9881a406196dcd4ba0d5162e83a1368b6cd91e224e0","distinct","Assistant inspected song:abeek:lyricist: Who wrote the lyrics of Abdullah Al Rowaished's Abeek? (Abdul Latif Al Bannai) against song:alamaken:lyricist: Who wrote the lyrics of Mohammed Abdu's Al Amaken? (Mansour Al Shadi). These identify different works, different institutions or different artist attributes. The review excluded the protected Shadi stage-name fact and Sawt instrument facts while authoring. Different song credits, artist instruments, labels, collaborators and musical genres remain separate relations; no retained pair asks the same relation about the same entity."
"kuwaiti_music_v2_109/gulf_music_v2_154","33b14c5bbaa2f304a826fe34b391d2e45e0d29b268c699e73cdbf022e33089e5","distinct","Assistant inspected song:abeek:lyricist: Who wrote the lyrics of Abdullah Al Rowaished's Abeek? (Abdul Latif Al Bannai) against song:rahalty:lyricist: Who wrote the lyrics of Abdullah Al Rowaished's Rahalty? (Abdul Latif Al Bannai). These identify different works, different institutions or different artist attributes. The review excluded the protected Shadi stage-name fact and Sawt instrument facts while authoring. Different song credits, artist instruments, labels, collaborators and musical genres remain separate relations; no retained pair asks the same relation about the same entity."
"kuwaiti_music_v2_109/gulf_music_v2_163","0605430a1fc7599b42a07b219d5fd0a36d7a7205a8a9a0eb91d90f0be04cdba8","distinct","Assistant inspected song:abeek:lyricist: Who wrote the lyrics of Abdullah Al Rowaished's Abeek? (Abdul Latif Al Bannai) against song:sikkataweela:lyricist: Who wrote the lyrics of Abadi Al Johar's Sikka Taweela? (Saud Salem). These identify different works, different institutions or different artist attributes. The review excluded the protected Shadi stage-name fact and Sawt instrument facts while authoring. Different song credits, artist instruments, labels, collaborators and musical genres remain separate relations; no retained pair asks the same relation about the same entity."
"kuwaiti_music_v2_109/gulf_music_v2_169","49ce93ff6f4711dd412b042af3d45aa77d20625ec07345ad0cb854073c30ccaa","distinct","Assistant inspected song:abeek:lyricist: Who wrote the lyrics of Abdullah Al Rowaished's Abeek? (Abdul Latif Al Bannai) against song:hekayatnai:lyricist: Who wrote the lyrics of Salah Al Zadjali's Hekayat Nai? (Hameed Al Bloushi). These identify different works, different institutions or different artist attributes. The review excluded the protected Shadi stage-name fact and Sawt instrument facts while authoring. Different song credits, artist instruments, labels, collaborators and musical genres remain separate relations; no retained pair asks the same relation about the same entity."
"kuwaiti_music_v2_109/gulf_music_v2_171","9fa03b7da9598a675cd9cf53552f4cd21e9ea2053cfa81c817ba107c279fdfc4","distinct","Assistant inspected song:abeek:lyricist: Who wrote the lyrics of Abdullah Al Rowaished's Abeek? (Abdul Latif Al Bannai) against song:nasetni:lyricist: Who wrote the lyrics of Ayed's Nasetni? (Fahad Al Mosaed). These identify different works, different institutions or different artist attributes. The review excluded the protected Shadi stage-name fact and Sawt instrument facts while authoring. Different song credits, artist instruments, labels, collaborators and musical genres remain separate relations; no retained pair asks the same relation about the same entity."
"kuwaiti_music_v2_109/gulf_music_v2_174","b5f65bf3e4b5c61ee9f08c3d9b337bbd5646ee01754b32501b25357b4582ba5a","distinct","Assistant inspected song:abeek:lyricist: Who wrote the lyrics of Abdullah Al Rowaished's Abeek? (Abdul Latif Al Bannai) against song:qulubsahiya:lyricist: Who wrote the lyrics of Nawal's Al Quloub Al Sahiya? (Yousef Al Sabri). These identify different works, different institutions or different artist attributes. The review excluded the protected Shadi stage-name fact and Sawt instrument facts while authoring. Different song credits, artist instruments, labels, collaborators and musical genres remain separate relations; no retained pair asks the same relation about the same entity."
"kuwaiti_music_v2_109/gulf_music_v2_183","93ea2c2f4e62e230cbbd9e734646a9b0f412f106aa60c2e66ad37933c8e61011","distinct","Assistant inspected song:abeek:lyricist: Who wrote the lyrics of Abdullah Al Rowaished's Abeek? (Abdul Latif Al Bannai) against song:methelqalbk:lyricist: Who wrote the lyrics of Rashed Al Majid's Methel Qalbk? (Turki Al Sheikh). These identify different works, different institutions or different artist attributes. The review excluded the protected Shadi stage-name fact and Sawt instrument facts while authoring. Different song credits, artist instruments, labels, collaborators and musical genres remain separate relations; no retained pair asks the same relation about the same entity."
"kuwaiti_music_v2_109/gulf_music_v2_184","b452dfe4a1becd0a31ef1d8f855b66c275367bed6c5dee26f6f318923daa2253","distinct","Assistant inspected song:abeek:lyricist: Who wrote the lyrics of Abdullah Al Rowaished's Abeek? (Abdul Latif Al Bannai) against song:tahadedninawal:lyricist: Who wrote the lyrics of Nawal's Tahadedni? (Saud Al Shubrmi). These identify different works, different institutions or different artist attributes. The review excluded the protected Shadi stage-name fact and Sawt instrument facts while authoring. Different song credits, artist instruments, labels, collaborators and musical genres remain separate relations; no retained pair asks the same relation about the same entity."
"kuwaiti_music_v2_109/gulf_music_v2_185","1c85c2b5a47cab739d693d81b5814e77293d74142f1cab62f76d854bf99b17bf","distinct","Assistant inspected song:abeek:lyricist: Who wrote the lyrics of Abdullah Al Rowaished's Abeek? (Abdul Latif Al Bannai) against song:esmaani:lyricist: Who wrote the lyrics of Abdul Majeed Abdullah's Esmaani? (Saud bin Mohammed Al Abdullah). These identify different works, different institutions or different artist attributes. The review excluded the protected Shadi stage-name fact and Sawt instrument facts while authoring. Different song credits, artist instruments, labels, collaborators and musical genres remain separate relations; no retained pair asks the same relation about the same entity."
"kuwaiti_music_v2_109/gulf_music_v2_192","83c04bb9a9048792019e7be0ec51bce5cb8b77107b6ad9bdb543178986015e6f","distinct","Assistant inspected song:abeek:lyricist: Who wrote the lyrics of Abdullah Al Rowaished's Abeek? (Abdul Latif Al Bannai) against song:tetanfasak:lyricist: Who wrote the lyrics of Abdul Majeed Abdullah's Tetanfasak Dunyay? (Anwar Al Mushairi). These identify different works, different institutions or different artist attributes. The review excluded the protected Shadi stage-name fact and Sawt instrument facts while authoring. Different song credits, artist instruments, labels, collaborators and musical genres remain separate relations; no retained pair asks the same relation about the same entity."
"kuwaiti_music_v2_109/gulf_music_v2_194","a21655ea574d9352e0850d5047285c4b0e4c27d79286888347a52138811ee7de","distinct","Assistant inspected song:abeek:lyricist: Who wrote the lyrics of Abdullah Al Rowaished's Abeek? (Abdul Latif Al Bannai) against song:absher:lyricist: Who wrote the lyrics of Rashed Al Majid's Absher? (Rashed bin Juaythen). These identify different works, different institutions or different artist attributes. The review excluded the protected Shadi stage-name fact and Sawt instrument facts while authoring. Different song credits, artist instruments, labels, collaborators and musical genres remain separate relations; no retained pair asks the same relation about the same entity."
"kuwaiti_music_v2_109/gulf_music_v2_196","a11eaa819a26d457626ac5a70fbffd62d232a22a714ef35e9309a31d260525ef","distinct","Assistant inspected song:abeek:lyricist: Who wrote the lyrics of Abdullah Al Rowaished's Abeek? (Abdul Latif Al Bannai) against song:qalootara:lyricist: Who wrote the lyrics of Abadi Al Johar's Qaloo Tara? (Prince Abdulrahman bin Musaed). These identify different works, different institutions or different artist attributes. The review excluded the protected Shadi stage-name fact and Sawt instrument facts while authoring. Different song credits, artist instruments, labels, collaborators and musical genres remain separate relations; no retained pair asks the same relation about the same entity."
"kuwaiti_music_v2_109/gulf_music_v2_197","512f3596fdc8edf039d2b80f76497e0e959e8885944489ba800a4a81c2aa2a18","distinct","Assistant inspected song:abeek:lyricist: Who wrote the lyrics of Abdullah Al Rowaished's Abeek? (Abdul Latif Al Bannai) against song:methlnaseem:lyricist: Who wrote the lyrics of Nawal's Methl Al Naseem? (Fahad Al Mosaed). These identify different works, different institutions or different artist attributes. The review excluded the protected Shadi stage-name fact and Sawt instrument facts while authoring. Different song credits, artist instruments, labels, collaborators and musical genres remain separate relations; no retained pair asks the same relation about the same entity."
"kuwaiti_music_v2_109/gulf_music_v2_199","11c3968a77605f423d8a92add13572468b8783471d0025026d02906173e918b8","distinct","Assistant inspected song:abeek:lyricist: Who wrote the lyrics of Abdullah Al Rowaished's Abeek? (Abdul Latif Al Bannai) against song:yarahleen:lyricist: Who wrote the lyrics of Salah Al Zadjali's Ya Rahleen? (Hameed Al Bloushi). These identify different works, different institutions or different artist attributes. The review excluded the protected Shadi stage-name fact and Sawt instrument facts while authoring. Different song credits, artist instruments, labels, collaborators and musical genres remain separate relations; no retained pair asks the same relation about the same entity."
"kuwaiti_music_v2_109/gulf_music_v2_203","a79d191988822133d337847a520d9ab8cfbf5a14443dca9017cd033a70162438","distinct","Assistant inspected song:abeek:lyricist: Who wrote the lyrics of Abdullah Al Rowaished's Abeek? (Abdul Latif Al Bannai) against song:tenadeek:lyricist: Who wrote the lyrics of Majid Al Mohandis's Tenadeek? (Yasser Al Twaijri). These identify different works, different institutions or different artist attributes. The review excluded the protected Shadi stage-name fact and Sawt instrument facts while authoring. Different song credits, artist instruments, labels, collaborators and musical genres remain separate relations; no retained pair asks the same relation about the same entity."
"kuwaiti_music_v2_113/gulf_music_v2_063","1240bf512473edb881a7092c9c6094e5fa850cdb5c3961a183ab4f1f3740beb0","distinct","Assistant inspected youssefmutrif:ambassadornickname: Which Kuwaiti singer was nicknamed the Ambassador of Melancholy? (Youssef Al Mutrif) against artist:rowaished:ambassadornickname: Which singer is nicknamed the Ambassador of Gulf Song? (Abdullah Al Rowaished). These identify different works, different institutions or different artist attributes. The review excluded the protected Shadi stage-name fact and Sawt instrument facts while authoring. Different song credits, artist instruments, labels, collaborators and musical genres remain separate relations; no retained pair asks the same relation about the same entity."
"kuwaiti_music_v2_115/gulf_music_v2_078","3bb66894519b91805c03b05bd4ab4fcd57b746663308b3a1906af0407996f100","distinct","Assistant inspected song:fahhmouh:composer: Who composed Mutrif Al Mutrif's Fahhmouh? (Fahad Al Nasser) against song:hinddaraish:composer: Who composed Hind's Al Daraish? (Hamad Al Khader). These identify different works, different institutions or different artist attributes. The review excluded the protected Shadi stage-name fact and Sawt instrument facts while authoring. Different song credits, artist instruments, labels, collaborators and musical genres remain separate relations; no retained pair asks the same relation about the same entity."
"kuwaiti_music_v2_119/gulf_music_v2_098","e55dfe5be2449ba27b89c0a527a988cb4a7403b7b4d58a0b2fa8c2267a221133","distinct","Assistant inspected song:alshougjabak:composer: Who composed Nawal's Al Shoug Jabak? (Meshaal Al Arouj) against song:qulubsahiya:composer: Who composed Nawal's Al Quloub Al Sahiya? (Ali Al Jabr). These identify different works, different institutions or different artist attributes. The review excluded the protected Shadi stage-name fact and Sawt instrument facts while authoring. Different song credits, artist instruments, labels, collaborators and musical genres remain separate relations; no retained pair asks the same relation about the same entity."
"kuwaiti_music_v2_119/gulf_music_v2_105","05c8c539514a664cee609d5fe73f0c4e4f1bd53f00a1037086d031ff547dbbd8","distinct","Assistant inspected song:alshougjabak:composer: Who composed Nawal's Al Shoug Jabak? (Meshaal Al Arouj) against song:tahadedninawal:composer: Who composed Nawal's Tahadedni? (Badee Masoud). These identify different works, different institutions or different artist attributes. The review excluded the protected Shadi stage-name fact and Sawt instrument facts while authoring. Different song credits, artist instruments, labels, collaborators and musical genres remain separate relations; no retained pair asks the same relation about the same entity."
"kuwaiti_music_v2_119/gulf_music_v2_116","b366e11e47e44b3d9e6c1700c15b6dc5016b7ddc6b5a0035b949a49076141336","distinct","Assistant inspected song:alshougjabak:composer: Who composed Nawal's Al Shoug Jabak? (Meshaal Al Arouj) against song:methlnaseem:composer: Who composed Nawal's Methl Al Naseem? (Yaser Bu Ali). These identify different works, different institutions or different artist attributes. The review excluded the protected Shadi stage-name fact and Sawt instrument facts while authoring. Different song credits, artist instruments, labels, collaborators and musical genres remain separate relations; no retained pair asks the same relation about the same entity."
"kuwaiti_music_v2_135/gulf_music_v2_199","7507bbe7ab8a2a02afebd24b1a89ce956125c7628d17ec4c2cb10b02c9a954bd","distinct","Assistant inspected song:yakafialshar:lyricist: Who wrote the lyrics of Mesaed Al Baloushy's Ya Kafi Al Shar? (Mansour Al Fadhli) against song:yarahleen:lyricist: Who wrote the lyrics of Salah Al Zadjali's Ya Rahleen? (Hameed Al Bloushi). These identify different works, different institutions or different artist attributes. The review excluded the protected Shadi stage-name fact and Sawt instrument facts while authoring. Different song credits, artist instruments, labels, collaborators and musical genres remain separate relations; no retained pair asks the same relation about the same entity."
"kuwaiti_music_v2_137/gulf_music_v2_150","a7fcab19c76dccd7338465671db9e715d7d80062f4e53e535cbfb2d18fa2d50c","distinct","Assistant inspected song:ajorelsout:lyricist: Who wrote the lyrics of AbdulKarim AbdulQader's Ajor Elsoot? (AbdulLatif Al Bannai) against song:tabra:lyricist: Who wrote the lyrics of Nawal's Tabra? (Abdul Latif Al Bannai). These identify different works, different institutions or different artist attributes. The review excluded the protected Shadi stage-name fact and Sawt instrument facts while authoring. Different song credits, artist instruments, labels, collaborators and musical genres remain separate relations; no retained pair asks the same relation about the same entity."
"kuwaiti_music_v2_137/gulf_music_v2_171","65058078253cc2b5bf24e3b1d1bb5b140a8528ff56508084246f51f59dc5c1b2","distinct","Assistant inspected song:ajorelsout:lyricist: Who wrote the lyrics of AbdulKarim AbdulQader's Ajor Elsoot? (AbdulLatif Al Bannai) against song:nasetni:lyricist: Who wrote the lyrics of Ayed's Nasetni? (Fahad Al Mosaed). These identify different works, different institutions or different artist attributes. The review excluded the protected Shadi stage-name fact and Sawt instrument facts while authoring. Different song credits, artist instruments, labels, collaborators and musical genres remain separate relations; no retained pair asks the same relation about the same entity."
"kuwaiti_music_v2_137/gulf_music_v2_184","601d3b2fb983ec5987adbc49ce52826fea0fdcd7aedecbb228b01eb68e2a5dd4","distinct","Assistant inspected song:ajorelsout:lyricist: Who wrote the lyrics of AbdulKarim AbdulQader's Ajor Elsoot? (AbdulLatif Al Bannai) against song:tahadedninawal:lyricist: Who wrote the lyrics of Nawal's Tahadedni? (Saud Al Shubrmi). These identify different works, different institutions or different artist attributes. The review excluded the protected Shadi stage-name fact and Sawt instrument facts while authoring. Different song credits, artist instruments, labels, collaborators and musical genres remain separate relations; no retained pair asks the same relation about the same entity."
"kuwaiti_music_v2_142/gulf_music_v2_150","619dde94ef5727dca6efefdf55c9dce4fa7c36b0560e4820f303aefc9e91872b","distinct","Assistant inspected song:zenatayyami:lyricist: Who wrote the lyrics of Nawal's Zenat Ayyami? (Bader Borsli) against song:tabra:lyricist: Who wrote the lyrics of Nawal's Tabra? (Abdul Latif Al Bannai). These identify different works, different institutions or different artist attributes. The review excluded the protected Shadi stage-name fact and Sawt instrument facts while authoring. Different song credits, artist instruments, labels, collaborators and musical genres remain separate relations; no retained pair asks the same relation about the same entity."
"kuwaiti_music_v2_142/gulf_music_v2_155","fa2932f52c0c91893ef256ff211b438dab30d120eede10ec985f070a172c275d","distinct","Assistant inspected song:zenatayyami:lyricist: Who wrote the lyrics of Nawal's Zenat Ayyami? (Bader Borsli) against song:sedqni:lyricist: Who wrote the lyrics of Rabeh Saqer's Sedqni? (Mansour Al Shadi). These identify different works, different institutions or different artist attributes. The review excluded the protected Shadi stage-name fact and Sawt instrument facts while authoring. Different song credits, artist instruments, labels, collaborators and musical genres remain separate relations; no retained pair asks the same relation about the same entity."
"kuwaiti_music_v2_142/gulf_music_v2_161","5a91e0c3f007d044f2a6b037810abcbbd73d0fcce651130c17d404180004efff","distinct","Assistant inspected song:zenatayyami:lyricist: Who wrote the lyrics of Nawal's Zenat Ayyami? (Bader Borsli) against song:anamasoul:lyricist: Who wrote the lyrics of Nawal's Ana El Masoul? (Mohamed Al Mansour). These identify different works, different institutions or different artist attributes. The review excluded the protected Shadi stage-name fact and Sawt instrument facts while authoring. Different song credits, artist instruments, labels, collaborators and musical genres remain separate relations; no retained pair asks the same relation about the same entity."
"kuwaiti_music_v2_142/gulf_music_v2_166","3b25e6d0d20d785f2aa64ab15d0685afbc30e90cb537b02ce087e34d08f41506","distinct","Assistant inspected song:zenatayyami:lyricist: Who wrote the lyrics of Nawal's Zenat Ayyami? (Bader Borsli) against song:maqadir:lyricist: Who wrote the lyrics of Talal Maddah's Maqadir? (Prince Mohammed Al Abdullah Al Faisal). These identify different works, different institutions or different artist attributes. The review excluded the protected Shadi stage-name fact and Sawt instrument facts while authoring. Different song credits, artist instruments, labels, collaborators and musical genres remain separate relations; no retained pair asks the same relation about the same entity."
"kuwaiti_music_v2_142/gulf_music_v2_171","a8e1fd14e6e333effeeb5336583cedebf16888bf2d4f876c55cf39c516ffc1f5","distinct","Assistant inspected song:zenatayyami:lyricist: Who wrote the lyrics of Nawal's Zenat Ayyami? (Bader Borsli) against song:nasetni:lyricist: Who wrote the lyrics of Ayed's Nasetni? (Fahad Al Mosaed). These identify different works, different institutions or different artist attributes. The review excluded the protected Shadi stage-name fact and Sawt instrument facts while authoring. Different song credits, artist instruments, labels, collaborators and musical genres remain separate relations; no retained pair asks the same relation about the same entity."
"kuwaiti_music_v2_142/gulf_music_v2_174","9f58e01ef997b5de577c6dda9ce1e29aa5349319b291d47672df8432f4349d18","distinct","Assistant inspected song:zenatayyami:lyricist: Who wrote the lyrics of Nawal's Zenat Ayyami? (Bader Borsli) against song:qulubsahiya:lyricist: Who wrote the lyrics of Nawal's Al Quloub Al Sahiya? (Yousef Al Sabri). These identify different works, different institutions or different artist attributes. The review excluded the protected Shadi stage-name fact and Sawt instrument facts while authoring. Different song credits, artist instruments, labels, collaborators and musical genres remain separate relations; no retained pair asks the same relation about the same entity."
"kuwaiti_music_v2_142/gulf_music_v2_184","c9c20ae692b07017a324327ef8f9d31becee5cb0284d0cf8cc1e3772dbe7bf8e","distinct","Assistant inspected song:zenatayyami:lyricist: Who wrote the lyrics of Nawal's Zenat Ayyami? (Bader Borsli) against song:tahadedninawal:lyricist: Who wrote the lyrics of Nawal's Tahadedni? (Saud Al Shubrmi). These identify different works, different institutions or different artist attributes. The review excluded the protected Shadi stage-name fact and Sawt instrument facts while authoring. Different song credits, artist instruments, labels, collaborators and musical genres remain separate relations; no retained pair asks the same relation about the same entity."
"kuwaiti_music_v2_142/gulf_music_v2_186","5c6b3868e412e8bea4f49c2c72aa00974fe0f9ed84d5252e9359f55dd036c9b4","distinct","Assistant inspected song:zenatayyami:lyricist: Who wrote the lyrics of Nawal's Zenat Ayyami? (Bader Borsli) against song:ygolon:lyricist: Who wrote the lyrics of Nabeel Shuail's Ygolon? (Ahmad Al Sanea). These identify different works, different institutions or different artist attributes. The review excluded the protected Shadi stage-name fact and Sawt instrument facts while authoring. Different song credits, artist instruments, labels, collaborators and musical genres remain separate relations; no retained pair asks the same relation about the same entity."
"kuwaiti_music_v2_142/gulf_music_v2_193","c1e1407ee55344b34d0a632d5fd109a4a79a4f14f8e0e3e0e833d5d9b3bfb284","distinct","Assistant inspected song:zenatayyami:lyricist: Who wrote the lyrics of Nawal's Zenat Ayyami? (Bader Borsli) against song:mozhela:lyricist: Who wrote the lyrics of Mohammed Abdu's Mozhela? (Prince Abdulrahman bin Musaed). These identify different works, different institutions or different artist attributes. The review excluded the protected Shadi stage-name fact and Sawt instrument facts while authoring. Different song credits, artist instruments, labels, collaborators and musical genres remain separate relations; no retained pair asks the same relation about the same entity."
"kuwaiti_music_v2_142/gulf_music_v2_197","10369376b7c10dc030a39bc078625358bc5b8a571da6466f51380841260d2478","distinct","Assistant inspected song:zenatayyami:lyricist: Who wrote the lyrics of Nawal's Zenat Ayyami? (Bader Borsli) against song:methlnaseem:lyricist: Who wrote the lyrics of Nawal's Methl Al Naseem? (Fahad Al Mosaed). These identify different works, different institutions or different artist attributes. The review excluded the protected Shadi stage-name fact and Sawt instrument facts while authoring. Different song credits, artist instruments, labels, collaborators and musical genres remain separate relations; no retained pair asks the same relation about the same entity."
"kuwaiti_music_v2_145/gulf_music_v2_135","24b3c6b3452467ad715435da8c65ee29168108f868b88c99c0b27c81c34675c4","distinct","Assistant inspected song:yaassal:lyricist: Who wrote the lyrics of Nabeel Shuail's Ya Assal? (Ahmed Alawi) against song:sikkasafar:lyricist: Who wrote the lyrics of Nabeel Shuail's Sikka Safar? (Abdul Latif Al Bannai). These identify different works, different institutions or different artist attributes. The review excluded the protected Shadi stage-name fact and Sawt instrument facts while authoring. Different song credits, artist instruments, labels, collaborators and musical genres remain separate relations; no retained pair asks the same relation about the same entity."
"kuwaiti_music_v2_145/gulf_music_v2_150","77af1ec5fea376750bc0e5f5cf98b13266a7be28362c4e47ec0397f58ebc7970","distinct","Assistant inspected song:yaassal:lyricist: Who wrote the lyrics of Nabeel Shuail's Ya Assal? (Ahmed Alawi) against song:tabra:lyricist: Who wrote the lyrics of Nawal's Tabra? (Abdul Latif Al Bannai). These identify different works, different institutions or different artist attributes. The review excluded the protected Shadi stage-name fact and Sawt instrument facts while authoring. Different song credits, artist instruments, labels, collaborators and musical genres remain separate relations; no retained pair asks the same relation about the same entity."
"kuwaiti_music_v2_145/gulf_music_v2_151","01c89fbda2bd7d3a8c9b14bac1b35ceb739b64561b1ba0ea08657f87434aff1f","distinct","Assistant inspected song:yaassal:lyricist: Who wrote the lyrics of Nabeel Shuail's Ya Assal? (Ahmed Alawi) against song:yashams:lyricist: Who wrote the lyrics of Nabeel Shuail's Ya Shams? (Abdul Latif Al Bannai). These identify different works, different institutions or different artist attributes. The review excluded the protected Shadi stage-name fact and Sawt instrument facts while authoring. Different song credits, artist instruments, labels, collaborators and musical genres remain separate relations; no retained pair asks the same relation about the same entity."
"kuwaiti_music_v2_145/gulf_music_v2_171","38a4e0043adb0471eb949e1968571fcb43de8c317589ed2bedb65de9c3e8f67e","distinct","Assistant inspected song:yaassal:lyricist: Who wrote the lyrics of Nabeel Shuail's Ya Assal? (Ahmed Alawi) against song:nasetni:lyricist: Who wrote the lyrics of Ayed's Nasetni? (Fahad Al Mosaed). These identify different works, different institutions or different artist attributes. The review excluded the protected Shadi stage-name fact and Sawt instrument facts while authoring. Different song credits, artist instruments, labels, collaborators and musical genres remain separate relations; no retained pair asks the same relation about the same entity."
"kuwaiti_music_v2_145/gulf_music_v2_184","75cad2e0a421dcc03516838375d3905b8996a5f5255775cdb4e1ab54babc9cd8","distinct","Assistant inspected song:yaassal:lyricist: Who wrote the lyrics of Nabeel Shuail's Ya Assal? (Ahmed Alawi) against song:tahadedninawal:lyricist: Who wrote the lyrics of Nawal's Tahadedni? (Saud Al Shubrmi). These identify different works, different institutions or different artist attributes. The review excluded the protected Shadi stage-name fact and Sawt instrument facts while authoring. Different song credits, artist instruments, labels, collaborators and musical genres remain separate relations; no retained pair asks the same relation about the same entity."
"kuwaiti_music_v2_145/gulf_music_v2_186","a4e06964177410d994bba42cf5ad199d711bc847e98835eb105eb9eff3a352c9","distinct","Assistant inspected song:yaassal:lyricist: Who wrote the lyrics of Nabeel Shuail's Ya Assal? (Ahmed Alawi) against song:ygolon:lyricist: Who wrote the lyrics of Nabeel Shuail's Ygolon? (Ahmad Al Sanea). These identify different works, different institutions or different artist attributes. The review excluded the protected Shadi stage-name fact and Sawt instrument facts while authoring. Different song credits, artist instruments, labels, collaborators and musical genres remain separate relations; no retained pair asks the same relation about the same entity."
"kuwaiti_music_v2_145/gulf_music_v2_199","2368f78046acc8ba317e8f68beacbbeee032e1dfe49f7f03771feac403b65874","distinct","Assistant inspected song:yaassal:lyricist: Who wrote the lyrics of Nabeel Shuail's Ya Assal? (Ahmed Alawi) against song:yarahleen:lyricist: Who wrote the lyrics of Salah Al Zadjali's Ya Rahleen? (Hameed Al Bloushi). These identify different works, different institutions or different artist attributes. The review excluded the protected Shadi stage-name fact and Sawt instrument facts while authoring. Different song credits, artist instruments, labels, collaborators and musical genres remain separate relations; no retained pair asks the same relation about the same entity."
"kuwaiti_music_v2_147/gulf_music_v2_150","52f3f7f32ad119040bc273c9a585fb00eff6a572c6694f6a2aaa45dcdca202ac","distinct","Assistant inspected song:wayedwayed:lyricist: Who wrote the lyrics of Mustafa Ahmed's Wayed Wayed? (Khalifa Al Abdullah) against song:tabra:lyricist: Who wrote the lyrics of Nawal's Tabra? (Abdul Latif Al Bannai). These identify different works, different institutions or different artist attributes. The review excluded the protected Shadi stage-name fact and Sawt instrument facts while authoring. Different song credits, artist instruments, labels, collaborators and musical genres remain separate relations; no retained pair asks the same relation about the same entity."
"kuwaiti_music_v2_147/gulf_music_v2_155","568696ba71d2e79b13ae2e375c633304c782a1235be77f4f97da5add63e744d9","distinct","Assistant inspected song:wayedwayed:lyricist: Who wrote the lyrics of Mustafa Ahmed's Wayed Wayed? (Khalifa Al Abdullah) against song:sedqni:lyricist: Who wrote the lyrics of Rabeh Saqer's Sedqni? (Mansour Al Shadi). These identify different works, different institutions or different artist attributes. The review excluded the protected Shadi stage-name fact and Sawt instrument facts while authoring. Different song credits, artist instruments, labels, collaborators and musical genres remain separate relations; no retained pair asks the same relation about the same entity."
"kuwaiti_music_v2_147/gulf_music_v2_166","d368cd63cc70676868eccd5068b1c7e2177d9b27c4c8fc6ece1453f44e993f13","distinct","Assistant inspected song:wayedwayed:lyricist: Who wrote the lyrics of Mustafa Ahmed's Wayed Wayed? (Khalifa Al Abdullah) against song:maqadir:lyricist: Who wrote the lyrics of Talal Maddah's Maqadir? (Prince Mohammed Al Abdullah Al Faisal). These identify different works, different institutions or different artist attributes. The review excluded the protected Shadi stage-name fact and Sawt instrument facts while authoring. Different song credits, artist instruments, labels, collaborators and musical genres remain separate relations; no retained pair asks the same relation about the same entity."
"kuwaiti_music_v2_147/gulf_music_v2_171","01ac9a1637c45b2fd76ba304dfbf2238018e7b2a278bd76e55224288c73e60b4","distinct","Assistant inspected song:wayedwayed:lyricist: Who wrote the lyrics of Mustafa Ahmed's Wayed Wayed? (Khalifa Al Abdullah) against song:nasetni:lyricist: Who wrote the lyrics of Ayed's Nasetni? (Fahad Al Mosaed). These identify different works, different institutions or different artist attributes. The review excluded the protected Shadi stage-name fact and Sawt instrument facts while authoring. Different song credits, artist instruments, labels, collaborators and musical genres remain separate relations; no retained pair asks the same relation about the same entity."
"kuwaiti_music_v2_147/gulf_music_v2_184","10b38cb0622f8dbfe0849bca074082936cc0bd74d33fe01bb93596d4ec48ea2b","distinct","Assistant inspected song:wayedwayed:lyricist: Who wrote the lyrics of Mustafa Ahmed's Wayed Wayed? (Khalifa Al Abdullah) against song:tahadedninawal:lyricist: Who wrote the lyrics of Nawal's Tahadedni? (Saud Al Shubrmi). These identify different works, different institutions or different artist attributes. The review excluded the protected Shadi stage-name fact and Sawt instrument facts while authoring. Different song credits, artist instruments, labels, collaborators and musical genres remain separate relations; no retained pair asks the same relation about the same entity."
"kuwaiti_music_v2_147/gulf_music_v2_186","9e91a415aa9199479e0e7ca22fd01cee0be146bf8eeb7bb4e7ff032165d8da19","distinct","Assistant inspected song:wayedwayed:lyricist: Who wrote the lyrics of Mustafa Ahmed's Wayed Wayed? (Khalifa Al Abdullah) against song:ygolon:lyricist: Who wrote the lyrics of Nabeel Shuail's Ygolon? (Ahmad Al Sanea). These identify different works, different institutions or different artist attributes. The review excluded the protected Shadi stage-name fact and Sawt instrument facts while authoring. Different song credits, artist instruments, labels, collaborators and musical genres remain separate relations; no retained pair asks the same relation about the same entity."
"kuwaiti_music_v2_147/gulf_music_v2_193","a37148b0f5ab63026590e23f669e355b9aa09bf9590fb6dc78d8c16b26581303","distinct","Assistant inspected song:wayedwayed:lyricist: Who wrote the lyrics of Mustafa Ahmed's Wayed Wayed? (Khalifa Al Abdullah) against song:mozhela:lyricist: Who wrote the lyrics of Mohammed Abdu's Mozhela? (Prince Abdulrahman bin Musaed). These identify different works, different institutions or different artist attributes. The review excluded the protected Shadi stage-name fact and Sawt instrument facts while authoring. Different song credits, artist instruments, labels, collaborators and musical genres remain separate relations; no retained pair asks the same relation about the same entity."
"kuwaiti_music_v2_149/gulf_music_v2_150","1c1b39ae875d8f401fd55407efcabcafaf5371aea6cf74327d7e320760fd2d31","distinct","Assistant inspected song:halaftomri:lyricist: Who wrote the lyrics of Hussein Jassim's Halaft Omri? (Majed Sultan) against song:tabra:lyricist: Who wrote the lyrics of Nawal's Tabra? (Abdul Latif Al Bannai). These identify different works, different institutions or different artist attributes. The review excluded the protected Shadi stage-name fact and Sawt instrument facts while authoring. Different song credits, artist instruments, labels, collaborators and musical genres remain separate relations; no retained pair asks the same relation about the same entity."
"kuwaiti_music_v2_149/gulf_music_v2_171","e7629eaf85eed8848ddd4afce4cc0c66b0e6c2fe72f4f17304822ff92123d283","distinct","Assistant inspected song:halaftomri:lyricist: Who wrote the lyrics of Hussein Jassim's Halaft Omri? (Majed Sultan) against song:nasetni:lyricist: Who wrote the lyrics of Ayed's Nasetni? (Fahad Al Mosaed). These identify different works, different institutions or different artist attributes. The review excluded the protected Shadi stage-name fact and Sawt instrument facts while authoring. Different song credits, artist instruments, labels, collaborators and musical genres remain separate relations; no retained pair asks the same relation about the same entity."
"kuwaiti_music_v2_149/gulf_music_v2_184","6340c0717c73ae5bc5cc22ee2f5281b2ac9ff9d9173de8caa0fea47cadc80d43","distinct","Assistant inspected song:halaftomri:lyricist: Who wrote the lyrics of Hussein Jassim's Halaft Omri? (Majed Sultan) against song:tahadedninawal:lyricist: Who wrote the lyrics of Nawal's Tahadedni? (Saud Al Shubrmi). These identify different works, different institutions or different artist attributes. The review excluded the protected Shadi stage-name fact and Sawt instrument facts while authoring. Different song credits, artist instruments, labels, collaborators and musical genres remain separate relations; no retained pair asks the same relation about the same entity."
"kuwaiti_music_v2_153/gulf_music_v2_150","d5fac09abce474c4c5cb5387c7ba62bb8fccc48458adef481ecd7d0e26ba77fe","distinct","Assistant inspected song:etmaen:lyricist: Who wrote the lyrics of Hammoud Naser's Etmaen? (Ali Al Matouq) against song:tabra:lyricist: Who wrote the lyrics of Nawal's Tabra? (Abdul Latif Al Bannai). These identify different works, different institutions or different artist attributes. The review excluded the protected Shadi stage-name fact and Sawt instrument facts while authoring. Different song credits, artist instruments, labels, collaborators and musical genres remain separate relations; no retained pair asks the same relation about the same entity."
"kuwaiti_music_v2_153/gulf_music_v2_155","cb7b849652643cd140e5201f2bb216a1f561a91ebad9f83fa3214feb8ea5b46c","distinct","Assistant inspected song:etmaen:lyricist: Who wrote the lyrics of Hammoud Naser's Etmaen? (Ali Al Matouq) against song:sedqni:lyricist: Who wrote the lyrics of Rabeh Saqer's Sedqni? (Mansour Al Shadi). These identify different works, different institutions or different artist attributes. The review excluded the protected Shadi stage-name fact and Sawt instrument facts while authoring. Different song credits, artist instruments, labels, collaborators and musical genres remain separate relations; no retained pair asks the same relation about the same entity."
"kuwaiti_music_v2_153/gulf_music_v2_166","ec7fd24db6be51276a1db8f7db6534daeee9ea6e2b602e2501eba159ad9e0475","distinct","Assistant inspected song:etmaen:lyricist: Who wrote the lyrics of Hammoud Naser's Etmaen? (Ali Al Matouq) against song:maqadir:lyricist: Who wrote the lyrics of Talal Maddah's Maqadir? (Prince Mohammed Al Abdullah Al Faisal). These identify different works, different institutions or different artist attributes. The review excluded the protected Shadi stage-name fact and Sawt instrument facts while authoring. Different song credits, artist instruments, labels, collaborators and musical genres remain separate relations; no retained pair asks the same relation about the same entity."
"kuwaiti_music_v2_153/gulf_music_v2_171","f1d9dedac99781c790179ca985548c4bc33a55c608bb20831765a658f1cb486a","distinct","Assistant inspected song:etmaen:lyricist: Who wrote the lyrics of Hammoud Naser's Etmaen? (Ali Al Matouq) against song:nasetni:lyricist: Who wrote the lyrics of Ayed's Nasetni? (Fahad Al Mosaed). These identify different works, different institutions or different artist attributes. The review excluded the protected Shadi stage-name fact and Sawt instrument facts while authoring. Different song credits, artist instruments, labels, collaborators and musical genres remain separate relations; no retained pair asks the same relation about the same entity."
"kuwaiti_music_v2_153/gulf_music_v2_184","17baebd6cf295d7d6112707c1e70357a71f5347aec2e243accfc57a8889907c6","distinct","Assistant inspected song:etmaen:lyricist: Who wrote the lyrics of Hammoud Naser's Etmaen? (Ali Al Matouq) against song:tahadedninawal:lyricist: Who wrote the lyrics of Nawal's Tahadedni? (Saud Al Shubrmi). These identify different works, different institutions or different artist attributes. The review excluded the protected Shadi stage-name fact and Sawt instrument facts while authoring. Different song credits, artist instruments, labels, collaborators and musical genres remain separate relations; no retained pair asks the same relation about the same entity."
"kuwaiti_music_v2_153/gulf_music_v2_186","71e0078a9431c368f9046bfb1b26ce0f421a4bbf0ef73378a8ef7510b65bd1a3","distinct","Assistant inspected song:etmaen:lyricist: Who wrote the lyrics of Hammoud Naser's Etmaen? (Ali Al Matouq) against song:ygolon:lyricist: Who wrote the lyrics of Nabeel Shuail's Ygolon? (Ahmad Al Sanea). These identify different works, different institutions or different artist attributes. The review excluded the protected Shadi stage-name fact and Sawt instrument facts while authoring. Different song credits, artist instruments, labels, collaborators and musical genres remain separate relations; no retained pair asks the same relation about the same entity."
"kuwaiti_music_v2_153/gulf_music_v2_193","c1660d12019b855f6b0b893d93dc2d300f08581fcbe984206f3b06825b8c691b","distinct","Assistant inspected song:etmaen:lyricist: Who wrote the lyrics of Hammoud Naser's Etmaen? (Ali Al Matouq) against song:mozhela:lyricist: Who wrote the lyrics of Mohammed Abdu's Mozhela? (Prince Abdulrahman bin Musaed). These identify different works, different institutions or different artist attributes. The review excluded the protected Shadi stage-name fact and Sawt instrument facts while authoring. Different song credits, artist instruments, labels, collaborators and musical genres remain separate relations; no retained pair asks the same relation about the same entity."
"kuwaiti_music_v2_156/gulf_music_v2_150","9ca782316a282fa2469dfe3e445c1cd680e5dd1307f8c08f55aa23b7a3201697","distinct","Assistant inspected song:hikayatbahar:lyricist: Who wrote the lyrics of Hussein Jassim's Hikayat Bahar? (Khaled Al Ayaf) against song:tabra:lyricist: Who wrote the lyrics of Nawal's Tabra? (Abdul Latif Al Bannai). These identify different works, different institutions or different artist attributes. The review excluded the protected Shadi stage-name fact and Sawt instrument facts while authoring. Different song credits, artist instruments, labels, collaborators and musical genres remain separate relations; no retained pair asks the same relation about the same entity."
"kuwaiti_music_v2_156/gulf_music_v2_171","1e33a2211be29d643d9b40119a68cdd95958f64587aa38ef41113d2f157fe04b","distinct","Assistant inspected song:hikayatbahar:lyricist: Who wrote the lyrics of Hussein Jassim's Hikayat Bahar? (Khaled Al Ayaf) against song:nasetni:lyricist: Who wrote the lyrics of Ayed's Nasetni? (Fahad Al Mosaed). These identify different works, different institutions or different artist attributes. The review excluded the protected Shadi stage-name fact and Sawt instrument facts while authoring. Different song credits, artist instruments, labels, collaborators and musical genres remain separate relations; no retained pair asks the same relation about the same entity."
"kuwaiti_music_v2_156/gulf_music_v2_184","4982c51757412d3db4eb643adc6fa578606829ab7aa94f2e89e58df40256874f","distinct","Assistant inspected song:hikayatbahar:lyricist: Who wrote the lyrics of Hussein Jassim's Hikayat Bahar? (Khaled Al Ayaf) against song:tahadedninawal:lyricist: Who wrote the lyrics of Nawal's Tahadedni? (Saud Al Shubrmi). These identify different works, different institutions or different artist attributes. The review excluded the protected Shadi stage-name fact and Sawt instrument facts while authoring. Different song credits, artist instruments, labels, collaborators and musical genres remain separate relations; no retained pair asks the same relation about the same entity."
"kuwaiti_music_v2_157/gulf_music_v2_150","ce19cc7124dc3cd8a7e5c754123aa01621d5699a70ddc268cbe9881b004d61ac","distinct","Assistant inspected song:yamuairis:lyricist: Who wrote the lyrics of Hussein Jassim's Ya Muairis? (Mubarak Al Hudaibi) against song:tabra:lyricist: Who wrote the lyrics of Nawal's Tabra? (Abdul Latif Al Bannai). These identify different works, different institutions or different artist attributes. The review excluded the protected Shadi stage-name fact and Sawt instrument facts while authoring. Different song credits, artist instruments, labels, collaborators and musical genres remain separate relations; no retained pair asks the same relation about the same entity."
"kuwaiti_music_v2_157/gulf_music_v2_151","a8507c9afdf1a77f8fe638fca027a5bda6105c0bcd7e431effb9596eb2d96ca2","distinct","Assistant inspected song:yamuairis:lyricist: Who wrote the lyrics of Hussein Jassim's Ya Muairis? (Mubarak Al Hudaibi) against song:yashams:lyricist: Who wrote the lyrics of Nabeel Shuail's Ya Shams? (Abdul Latif Al Bannai). These identify different works, different institutions or different artist attributes. The review excluded the protected Shadi stage-name fact and Sawt instrument facts while authoring. Different song credits, artist instruments, labels, collaborators and musical genres remain separate relations; no retained pair asks the same relation about the same entity."
"kuwaiti_music_v2_157/gulf_music_v2_171","c8656dd7b22ff852316c216dcf61f1549194263282686b607ec865cfc5950255","distinct","Assistant inspected song:yamuairis:lyricist: Who wrote the lyrics of Hussein Jassim's Ya Muairis? (Mubarak Al Hudaibi) against song:nasetni:lyricist: Who wrote the lyrics of Ayed's Nasetni? (Fahad Al Mosaed). These identify different works, different institutions or different artist attributes. The review excluded the protected Shadi stage-name fact and Sawt instrument facts while authoring. Different song credits, artist instruments, labels, collaborators and musical genres remain separate relations; no retained pair asks the same relation about the same entity."
"kuwaiti_music_v2_157/gulf_music_v2_184","4928b1c3b210e0f9b32f9ff424de0a14e045ea3becfb09221171e9932ff6df6e","distinct","Assistant inspected song:yamuairis:lyricist: Who wrote the lyrics of Hussein Jassim's Ya Muairis? (Mubarak Al Hudaibi) against song:tahadedninawal:lyricist: Who wrote the lyrics of Nawal's Tahadedni? (Saud Al Shubrmi). These identify different works, different institutions or different artist attributes. The review excluded the protected Shadi stage-name fact and Sawt instrument facts while authoring. Different song credits, artist instruments, labels, collaborators and musical genres remain separate relations; no retained pair asks the same relation about the same entity."
"kuwaiti_music_v2_157/gulf_music_v2_199","32e37e814f05757a18054bf63108d868e25f1e6115163fd311c0cc9375ef4326","distinct","Assistant inspected song:yamuairis:lyricist: Who wrote the lyrics of Hussein Jassim's Ya Muairis? (Mubarak Al Hudaibi) against song:yarahleen:lyricist: Who wrote the lyrics of Salah Al Zadjali's Ya Rahleen? (Hameed Al Bloushi). These identify different works, different institutions or different artist attributes. The review excluded the protected Shadi stage-name fact and Sawt instrument facts while authoring. Different song credits, artist instruments, labels, collaborators and musical genres remain separate relations; no retained pair asks the same relation about the same entity."
"kuwaiti_music_v2_159/gulf_music_v2_146","bbb847e459b34de4e6e456a9992f628dc63f40f566a0f5c31ad0239030cda3cd","distinct","Assistant inspected song:atqarrab:lyricist: Which actor wrote the lyrics of Mohammed Al Balushi's Atqarrab? (Abdul Imam Abdullah) against song:hinddaraish:lyricist: Which prince wrote the lyrics of Hind's Al Daraish? (Prince Abdullah bin Saad bin Abdulaziz Al Saud). These identify different works, different institutions or different artist attributes. The review excluded the protected Shadi stage-name fact and Sawt instrument facts while authoring. Different song credits, artist instruments, labels, collaborators and musical genres remain separate relations; no retained pair asks the same relation about the same entity."
"kuwaiti_music_v2_159/gulf_music_v2_153","4d45bbba2f09e0e7a470f3b114cfd281a6e295fff8e793df86c51e5743ee9522","distinct","Assistant inspected song:atqarrab:lyricist: Which actor wrote the lyrics of Mohammed Al Balushi's Atqarrab? (Abdul Imam Abdullah) against song:alamaken:lyricist: Who wrote the lyrics of Mohammed Abdu's Al Amaken? (Mansour Al Shadi). These identify different works, different institutions or different artist attributes. The review excluded the protected Shadi stage-name fact and Sawt instrument facts while authoring. Different song credits, artist instruments, labels, collaborators and musical genres remain separate relations; no retained pair asks the same relation about the same entity."
"kuwaiti_music_v2_160/gulf_music_v2_081","b0f395281b70f24b571d547db5e41ac92f2bede76ec191e0ba35d475553fc58c","distinct","Assistant inspected song:yabidayatna:composer: Who composed Mohammed Al Balushi's Ya Bidayatna? (Mohammed Al Rowaished) against song:alamaken:composer: Who composed Mohammed Abdu's Al Amaken? (Nasser Al Saleh). These identify different works, different institutions or different artist attributes. The review excluded the protected Shadi stage-name fact and Sawt instrument facts while authoring. Different song credits, artist instruments, labels, collaborators and musical genres remain separate relations; no retained pair asks the same relation about the same entity."
"kuwaiti_music_v2_162/gulf_music_v2_150","164fb02afea58baa608a5d8fd2398446a25554be4fde043dbeca3c8bb1fbdb83","distinct","Assistant inspected song:akoumislek:lyricist: Who wrote the lyrics of Nawal's Akou Mislek? (Bader Borsli) against song:tabra:lyricist: Who wrote the lyrics of Nawal's Tabra? (Abdul Latif Al Bannai). These identify different works, different institutions or different artist attributes. The review excluded the protected Shadi stage-name fact and Sawt instrument facts while authoring. Different song credits, artist instruments, labels, collaborators and musical genres remain separate relations; no retained pair asks the same relation about the same entity."
"kuwaiti_music_v2_162/gulf_music_v2_155","2c3380b222ae484386093c4a877fbc708abe3cbf61d341f2abbcf2b960b88633","distinct","Assistant inspected song:akoumislek:lyricist: Who wrote the lyrics of Nawal's Akou Mislek? (Bader Borsli) against song:sedqni:lyricist: Who wrote the lyrics of Rabeh Saqer's Sedqni? (Mansour Al Shadi). These identify different works, different institutions or different artist attributes. The review excluded the protected Shadi stage-name fact and Sawt instrument facts while authoring. Different song credits, artist instruments, labels, collaborators and musical genres remain separate relations; no retained pair asks the same relation about the same entity."
"kuwaiti_music_v2_162/gulf_music_v2_161","4ed87e8ceecb7c932e14b2747fc57e8ef60ba31db17851a88f31723540d6aa5a","distinct","Assistant inspected song:akoumislek:lyricist: Who wrote the lyrics of Nawal's Akou Mislek? (Bader Borsli) against song:anamasoul:lyricist: Who wrote the lyrics of Nawal's Ana El Masoul? (Mohamed Al Mansour). These identify different works, different institutions or different artist attributes. The review excluded the protected Shadi stage-name fact and Sawt instrument facts while authoring. Different song credits, artist instruments, labels, collaborators and musical genres remain separate relations; no retained pair asks the same relation about the same entity."
"kuwaiti_music_v2_162/gulf_music_v2_166","425ec4b32a2dcae615178f1da99608aeb3f386e14944ccd788aa7bba59fa46de","distinct","Assistant inspected song:akoumislek:lyricist: Who wrote the lyrics of Nawal's Akou Mislek? (Bader Borsli) against song:maqadir:lyricist: Who wrote the lyrics of Talal Maddah's Maqadir? (Prince Mohammed Al Abdullah Al Faisal). These identify different works, different institutions or different artist attributes. The review excluded the protected Shadi stage-name fact and Sawt instrument facts while authoring. Different song credits, artist instruments, labels, collaborators and musical genres remain separate relations; no retained pair asks the same relation about the same entity."
"kuwaiti_music_v2_162/gulf_music_v2_171","2d73d4910c01cf20bb0100b9c04efe831c21f2f69adb37e1ddc4bd3411aa1c4e","distinct","Assistant inspected song:akoumislek:lyricist: Who wrote the lyrics of Nawal's Akou Mislek? (Bader Borsli) against song:nasetni:lyricist: Who wrote the lyrics of Ayed's Nasetni? (Fahad Al Mosaed). These identify different works, different institutions or different artist attributes. The review excluded the protected Shadi stage-name fact and Sawt instrument facts while authoring. Different song credits, artist instruments, labels, collaborators and musical genres remain separate relations; no retained pair asks the same relation about the same entity."
"kuwaiti_music_v2_162/gulf_music_v2_174","7f406cff6a0ea9cf47d129a48a556066930e9b5d2a8b0c0f10103b5d7a90b4df","distinct","Assistant inspected song:akoumislek:lyricist: Who wrote the lyrics of Nawal's Akou Mislek? (Bader Borsli) against song:qulubsahiya:lyricist: Who wrote the lyrics of Nawal's Al Quloub Al Sahiya? (Yousef Al Sabri). These identify different works, different institutions or different artist attributes. The review excluded the protected Shadi stage-name fact and Sawt instrument facts while authoring. Different song credits, artist instruments, labels, collaborators and musical genres remain separate relations; no retained pair asks the same relation about the same entity."
"kuwaiti_music_v2_162/gulf_music_v2_184","16a6eadef4c4bd0cd6b0bd9fe42b92bd9c257911549eae747f23480197dc3404","distinct","Assistant inspected song:akoumislek:lyricist: Who wrote the lyrics of Nawal's Akou Mislek? (Bader Borsli) against song:tahadedninawal:lyricist: Who wrote the lyrics of Nawal's Tahadedni? (Saud Al Shubrmi). These identify different works, different institutions or different artist attributes. The review excluded the protected Shadi stage-name fact and Sawt instrument facts while authoring. Different song credits, artist instruments, labels, collaborators and musical genres remain separate relations; no retained pair asks the same relation about the same entity."
"kuwaiti_music_v2_162/gulf_music_v2_186","74f318bceb5453bea6612b3faac8db365457b79f0a373bdbb102615e3c262a78","distinct","Assistant inspected song:akoumislek:lyricist: Who wrote the lyrics of Nawal's Akou Mislek? (Bader Borsli) against song:ygolon:lyricist: Who wrote the lyrics of Nabeel Shuail's Ygolon? (Ahmad Al Sanea). These identify different works, different institutions or different artist attributes. The review excluded the protected Shadi stage-name fact and Sawt instrument facts while authoring. Different song credits, artist instruments, labels, collaborators and musical genres remain separate relations; no retained pair asks the same relation about the same entity."
"kuwaiti_music_v2_162/gulf_music_v2_193","511d0d0659f431dad7d30421f658b63de6df4a5b873f6c526fbfba5bd3cd98cc","distinct","Assistant inspected song:akoumislek:lyricist: Who wrote the lyrics of Nawal's Akou Mislek? (Bader Borsli) against song:mozhela:lyricist: Who wrote the lyrics of Mohammed Abdu's Mozhela? (Prince Abdulrahman bin Musaed). These identify different works, different institutions or different artist attributes. The review excluded the protected Shadi stage-name fact and Sawt instrument facts while authoring. Different song credits, artist instruments, labels, collaborators and musical genres remain separate relations; no retained pair asks the same relation about the same entity."
"kuwaiti_music_v2_162/gulf_music_v2_197","ef9ae03640837b3a2aff30feaff5ff45155140b2d601dfbb0c0ea8377b5a2450","distinct","Assistant inspected song:akoumislek:lyricist: Who wrote the lyrics of Nawal's Akou Mislek? (Bader Borsli) against song:methlnaseem:lyricist: Who wrote the lyrics of Nawal's Methl Al Naseem? (Fahad Al Mosaed). These identify different works, different institutions or different artist attributes. The review excluded the protected Shadi stage-name fact and Sawt instrument facts while authoring. Different song credits, artist instruments, labels, collaborators and musical genres remain separate relations; no retained pair asks the same relation about the same entity."
"kuwaiti_music_v2_167/gulf_music_v2_150","0b1c2febd1b0f3ae4f6934939cfee14b41c263b691f08d97db84f4397b58d342","distinct","Assistant inspected song:weshjabni:lyricist: Who wrote the lyrics of Fattouma's Wesh Jabni? (Hisham Al Shurooqi) against song:tabra:lyricist: Who wrote the lyrics of Nawal's Tabra? (Abdul Latif Al Bannai). These identify different works, different institutions or different artist attributes. The review excluded the protected Shadi stage-name fact and Sawt instrument facts while authoring. Different song credits, artist instruments, labels, collaborators and musical genres remain separate relations; no retained pair asks the same relation about the same entity."
"kuwaiti_music_v2_167/gulf_music_v2_155","66f31507c5cfff10977431941eede027b5e73ab24e49db44df38c85133141722","distinct","Assistant inspected song:weshjabni:lyricist: Who wrote the lyrics of Fattouma's Wesh Jabni? (Hisham Al Shurooqi) against song:sedqni:lyricist: Who wrote the lyrics of Rabeh Saqer's Sedqni? (Mansour Al Shadi). These identify different works, different institutions or different artist attributes. The review excluded the protected Shadi stage-name fact and Sawt instrument facts while authoring. Different song credits, artist instruments, labels, collaborators and musical genres remain separate relations; no retained pair asks the same relation about the same entity."
"kuwaiti_music_v2_167/gulf_music_v2_166","74c2bf577d43fc386351b0e021d7a2882463702dd2f605b8199d7e212e4b8b71","distinct","Assistant inspected song:weshjabni:lyricist: Who wrote the lyrics of Fattouma's Wesh Jabni? (Hisham Al Shurooqi) against song:maqadir:lyricist: Who wrote the lyrics of Talal Maddah's Maqadir? (Prince Mohammed Al Abdullah Al Faisal). These identify different works, different institutions or different artist attributes. The review excluded the protected Shadi stage-name fact and Sawt instrument facts while authoring. Different song credits, artist instruments, labels, collaborators and musical genres remain separate relations; no retained pair asks the same relation about the same entity."
"kuwaiti_music_v2_167/gulf_music_v2_171","d470f138d9038992dae2015471f0f7b75d8923af30abd1954858765044c868b0","distinct","Assistant inspected song:weshjabni:lyricist: Who wrote the lyrics of Fattouma's Wesh Jabni? (Hisham Al Shurooqi) against song:nasetni:lyricist: Who wrote the lyrics of Ayed's Nasetni? (Fahad Al Mosaed). These identify different works, different institutions or different artist attributes. The review excluded the protected Shadi stage-name fact and Sawt instrument facts while authoring. Different song credits, artist instruments, labels, collaborators and musical genres remain separate relations; no retained pair asks the same relation about the same entity."
"kuwaiti_music_v2_167/gulf_music_v2_184","c27751a76a90806e1051cfec3b58f52c4f708676b0fb4aa4afbe47f02a20b5fb","distinct","Assistant inspected song:weshjabni:lyricist: Who wrote the lyrics of Fattouma's Wesh Jabni? (Hisham Al Shurooqi) against song:tahadedninawal:lyricist: Who wrote the lyrics of Nawal's Tahadedni? (Saud Al Shubrmi). These identify different works, different institutions or different artist attributes. The review excluded the protected Shadi stage-name fact and Sawt instrument facts while authoring. Different song credits, artist instruments, labels, collaborators and musical genres remain separate relations; no retained pair asks the same relation about the same entity."
"kuwaiti_music_v2_167/gulf_music_v2_186","5bde852dc329d709130a42c8394e57724230b893e265a21103f10694b302c4b3","distinct","Assistant inspected song:weshjabni:lyricist: Who wrote the lyrics of Fattouma's Wesh Jabni? (Hisham Al Shurooqi) against song:ygolon:lyricist: Who wrote the lyrics of Nabeel Shuail's Ygolon? (Ahmad Al Sanea). These identify different works, different institutions or different artist attributes. The review excluded the protected Shadi stage-name fact and Sawt instrument facts while authoring. Different song credits, artist instruments, labels, collaborators and musical genres remain separate relations; no retained pair asks the same relation about the same entity."
"kuwaiti_music_v2_167/gulf_music_v2_193","0011c4906964f2a5d162fa4a3617f467ecbffd265d8dbf67281b8e361e01f0ad","distinct","Assistant inspected song:weshjabni:lyricist: Who wrote the lyrics of Fattouma's Wesh Jabni? (Hisham Al Shurooqi) against song:mozhela:lyricist: Who wrote the lyrics of Mohammed Abdu's Mozhela? (Prince Abdulrahman bin Musaed). These identify different works, different institutions or different artist attributes. The review excluded the protected Shadi stage-name fact and Sawt instrument facts while authoring. Different song credits, artist instruments, labels, collaborators and musical genres remain separate relations; no retained pair asks the same relation about the same entity."
"kuwaiti_music_v2_169/gulf_music_v2_150","975f0553cc7087970657722124dd6a3b39600d2a75cb2ada5b2fc936c8850378","distinct","Assistant inspected song:ghamza:lyricist: Who wrote the lyrics of Ibrahim Dashti's Ghamza? (Mushrif Al Attabi) against song:tabra:lyricist: Who wrote the lyrics of Nawal's Tabra? (Abdul Latif Al Bannai). These identify different works, different institutions or different artist attributes. The review excluded the protected Shadi stage-name fact and Sawt instrument facts while authoring. Different song credits, artist instruments, labels, collaborators and musical genres remain separate relations; no retained pair asks the same relation about the same entity."
"kuwaiti_music_v2_169/gulf_music_v2_155","44cb6e48256a134e6a7b5e5547e49db4c93bec901d56f17c7e0b157051e2b551","distinct","Assistant inspected song:ghamza:lyricist: Who wrote the lyrics of Ibrahim Dashti's Ghamza? (Mushrif Al Attabi) against song:sedqni:lyricist: Who wrote the lyrics of Rabeh Saqer's Sedqni? (Mansour Al Shadi). These identify different works, different institutions or different artist attributes. The review excluded the protected Shadi stage-name fact and Sawt instrument facts while authoring. Different song credits, artist instruments, labels, collaborators and musical genres remain separate relations; no retained pair asks the same relation about the same entity."
"kuwaiti_music_v2_169/gulf_music_v2_166","1eb4e95c20611e6742f911d4fa71671b5e4bb4f2f94768919e80b6016baf1024","distinct","Assistant inspected song:ghamza:lyricist: Who wrote the lyrics of Ibrahim Dashti's Ghamza? (Mushrif Al Attabi) against song:maqadir:lyricist: Who wrote the lyrics of Talal Maddah's Maqadir? (Prince Mohammed Al Abdullah Al Faisal). These identify different works, different institutions or different artist attributes. The review excluded the protected Shadi stage-name fact and Sawt instrument facts while authoring. Different song credits, artist instruments, labels, collaborators and musical genres remain separate relations; no retained pair asks the same relation about the same entity."
"kuwaiti_music_v2_169/gulf_music_v2_171","36368f089c9bed231093ee855183b8b5d42954b9f3b98abd5c36074c65bd0466","distinct","Assistant inspected song:ghamza:lyricist: Who wrote the lyrics of Ibrahim Dashti's Ghamza? (Mushrif Al Attabi) against song:nasetni:lyricist: Who wrote the lyrics of Ayed's Nasetni? (Fahad Al Mosaed). These identify different works, different institutions or different artist attributes. The review excluded the protected Shadi stage-name fact and Sawt instrument facts while authoring. Different song credits, artist instruments, labels, collaborators and musical genres remain separate relations; no retained pair asks the same relation about the same entity."
"kuwaiti_music_v2_169/gulf_music_v2_184","4292a61ac7d80e9e40e0ea917e57be1157736c08c63d956eb6fd71f8de444310","distinct","Assistant inspected song:ghamza:lyricist: Who wrote the lyrics of Ibrahim Dashti's Ghamza? (Mushrif Al Attabi) against song:tahadedninawal:lyricist: Who wrote the lyrics of Nawal's Tahadedni? (Saud Al Shubrmi). These identify different works, different institutions or different artist attributes. The review excluded the protected Shadi stage-name fact and Sawt instrument facts while authoring. Different song credits, artist instruments, labels, collaborators and musical genres remain separate relations; no retained pair asks the same relation about the same entity."
"kuwaiti_music_v2_169/gulf_music_v2_186","acfffb4aeba028392b60481bed2c6216b81b63e397f9bec95b74deac49c38acc","distinct","Assistant inspected song:ghamza:lyricist: Who wrote the lyrics of Ibrahim Dashti's Ghamza? (Mushrif Al Attabi) against song:ygolon:lyricist: Who wrote the lyrics of Nabeel Shuail's Ygolon? (Ahmad Al Sanea). These identify different works, different institutions or different artist attributes. The review excluded the protected Shadi stage-name fact and Sawt instrument facts while authoring. Different song credits, artist instruments, labels, collaborators and musical genres remain separate relations; no retained pair asks the same relation about the same entity."
"kuwaiti_music_v2_169/gulf_music_v2_193","153311f27057938822d6598e528c83eb5b07b2eefb2abb2efd37cbc31635e0b9","distinct","Assistant inspected song:ghamza:lyricist: Who wrote the lyrics of Ibrahim Dashti's Ghamza? (Mushrif Al Attabi) against song:mozhela:lyricist: Who wrote the lyrics of Mohammed Abdu's Mozhela? (Prince Abdulrahman bin Musaed). These identify different works, different institutions or different artist attributes. The review excluded the protected Shadi stage-name fact and Sawt instrument facts while authoring. Different song credits, artist instruments, labels, collaborators and musical genres remain separate relations; no retained pair asks the same relation about the same entity."
"kuwaiti_music_v2_179/gulf_music_v2_147","746967ffe75f3bd0c09fa2f92fc71e5b53759f09709cd8c5b70ac894240df0ad","distinct","Assistant inspected song:mistajela:lyricist: Who wrote the lyrics of Mesaed Al Baloushy's Mistajela? (Saud Al Fulaih) against song:tarban:lyricist: Who wrote the lyrics of Salah Al Zadjali's Tarban? (Haitham Al Busaidi). These identify different works, different institutions or different artist attributes. The review excluded the protected Shadi stage-name fact and Sawt instrument facts while authoring. Different song credits, artist instruments, labels, collaborators and musical genres remain separate relations; no retained pair asks the same relation about the same entity."
"kuwaiti_music_v2_179/gulf_music_v2_149","c2c23e33294091b9f26df1de7bc982128281c4705adecdf5b0384277628cf1b6","distinct","Assistant inspected song:mistajela:lyricist: Who wrote the lyrics of Mesaed Al Baloushy's Mistajela? (Saud Al Fulaih) against song:batalna:lyricist: Who wrote the lyrics of Fahad Al Kubaisi's Batalna? (Saad Al Mosallam). These identify different works, different institutions or different artist attributes. The review excluded the protected Shadi stage-name fact and Sawt instrument facts while authoring. Different song credits, artist instruments, labels, collaborators and musical genres remain separate relations; no retained pair asks the same relation about the same entity."
"kuwaiti_music_v2_179/gulf_music_v2_150","da4159e99b459586c1542912dc52d0eb4b10409c21f0cb378964c53592090cf2","distinct","Assistant inspected song:mistajela:lyricist: Who wrote the lyrics of Mesaed Al Baloushy's Mistajela? (Saud Al Fulaih) against song:tabra:lyricist: Who wrote the lyrics of Nawal's Tabra? (Abdul Latif Al Bannai). These identify different works, different institutions or different artist attributes. The review excluded the protected Shadi stage-name fact and Sawt instrument facts while authoring. Different song credits, artist instruments, labels, collaborators and musical genres remain separate relations; no retained pair asks the same relation about the same entity."
"kuwaiti_music_v2_179/gulf_music_v2_152","01600188484959422dc3e0cc47bbddd8afac86d8d7588c5e7dad20996f9e9c27","distinct","Assistant inspected song:mistajela:lyricist: Who wrote the lyrics of Mesaed Al Baloushy's Mistajela? (Saud Al Fulaih) against song:musafir:lyricist: Who wrote the lyrics of Rashed Al Majid's Al Musafir? (Badr bin Abdulmohsen). These identify different works, different institutions or different artist attributes. The review excluded the protected Shadi stage-name fact and Sawt instrument facts while authoring. Different song credits, artist instruments, labels, collaborators and musical genres remain separate relations; no retained pair asks the same relation about the same entity."
"kuwaiti_music_v2_179/gulf_music_v2_153","0b5851e9fe179873ec59b53f5ab6b6421b16ae3acc8caa02e0d969e17cf07201","distinct","Assistant inspected song:mistajela:lyricist: Who wrote the lyrics of Mesaed Al Baloushy's Mistajela? (Saud Al Fulaih) against song:alamaken:lyricist: Who wrote the lyrics of Mohammed Abdu's Al Amaken? (Mansour Al Shadi). These identify different works, different institutions or different artist attributes. The review excluded the protected Shadi stage-name fact and Sawt instrument facts while authoring. Different song credits, artist instruments, labels, collaborators and musical genres remain separate relations; no retained pair asks the same relation about the same entity."
"kuwaiti_music_v2_179/gulf_music_v2_154","6d10c3ba6880b1cea674d32b4c3a89c3895dd97eaf8e823935c610d97d8a39ab","distinct","Assistant inspected song:mistajela:lyricist: Who wrote the lyrics of Mesaed Al Baloushy's Mistajela? (Saud Al Fulaih) against song:rahalty:lyricist: Who wrote the lyrics of Abdullah Al Rowaished's Rahalty? (Abdul Latif Al Bannai). These identify different works, different institutions or different artist attributes. The review excluded the protected Shadi stage-name fact and Sawt instrument facts while authoring. Different song credits, artist instruments, labels, collaborators and musical genres remain separate relations; no retained pair asks the same relation about the same entity."
"kuwaiti_music_v2_179/gulf_music_v2_163","d360ee5032122628ae4c18c299456acffa482fe0752aee9f6383ccc2b3023d6b","distinct","Assistant inspected song:mistajela:lyricist: Who wrote the lyrics of Mesaed Al Baloushy's Mistajela? (Saud Al Fulaih) against song:sikkataweela:lyricist: Who wrote the lyrics of Abadi Al Johar's Sikka Taweela? (Saud Salem). These identify different works, different institutions or different artist attributes. The review excluded the protected Shadi stage-name fact and Sawt instrument facts while authoring. Different song credits, artist instruments, labels, collaborators and musical genres remain separate relations; no retained pair asks the same relation about the same entity."
"kuwaiti_music_v2_179/gulf_music_v2_169","25d908186830f7dc561053a300e4f6d09ca897f434df552137c258061e4fa8e3","distinct","Assistant inspected song:mistajela:lyricist: Who wrote the lyrics of Mesaed Al Baloushy's Mistajela? (Saud Al Fulaih) against song:hekayatnai:lyricist: Who wrote the lyrics of Salah Al Zadjali's Hekayat Nai? (Hameed Al Bloushi). These identify different works, different institutions or different artist attributes. The review excluded the protected Shadi stage-name fact and Sawt instrument facts while authoring. Different song credits, artist instruments, labels, collaborators and musical genres remain separate relations; no retained pair asks the same relation about the same entity."
"kuwaiti_music_v2_179/gulf_music_v2_171","dc8c1f138639ca537eec6935b66125cac829d99f39245ed09aa6a56fdbaeec14","distinct","Assistant inspected song:mistajela:lyricist: Who wrote the lyrics of Mesaed Al Baloushy's Mistajela? (Saud Al Fulaih) against song:nasetni:lyricist: Who wrote the lyrics of Ayed's Nasetni? (Fahad Al Mosaed). These identify different works, different institutions or different artist attributes. The review excluded the protected Shadi stage-name fact and Sawt instrument facts while authoring. Different song credits, artist instruments, labels, collaborators and musical genres remain separate relations; no retained pair asks the same relation about the same entity."
"kuwaiti_music_v2_179/gulf_music_v2_174","e4ebf30d26b3ef6fbac19720a1246b275defb8c3f6804f2a0a52976d9c949b72","distinct","Assistant inspected song:mistajela:lyricist: Who wrote the lyrics of Mesaed Al Baloushy's Mistajela? (Saud Al Fulaih) against song:qulubsahiya:lyricist: Who wrote the lyrics of Nawal's Al Quloub Al Sahiya? (Yousef Al Sabri). These identify different works, different institutions or different artist attributes. The review excluded the protected Shadi stage-name fact and Sawt instrument facts while authoring. Different song credits, artist instruments, labels, collaborators and musical genres remain separate relations; no retained pair asks the same relation about the same entity."
"kuwaiti_music_v2_179/gulf_music_v2_183","0ff79ebc61f29bd4c84b0b1e913c6aaa0dda6746f4f94119d824fb2b1aef2190","distinct","Assistant inspected song:mistajela:lyricist: Who wrote the lyrics of Mesaed Al Baloushy's Mistajela? (Saud Al Fulaih) against song:methelqalbk:lyricist: Who wrote the lyrics of Rashed Al Majid's Methel Qalbk? (Turki Al Sheikh). These identify different works, different institutions or different artist attributes. The review excluded the protected Shadi stage-name fact and Sawt instrument facts while authoring. Different song credits, artist instruments, labels, collaborators and musical genres remain separate relations; no retained pair asks the same relation about the same entity."
"kuwaiti_music_v2_179/gulf_music_v2_184","70ec90162fd7b18b6e9aa8f7ff9517066b1a78b9566a2299898381a7d19154e4","distinct","Assistant inspected song:mistajela:lyricist: Who wrote the lyrics of Mesaed Al Baloushy's Mistajela? (Saud Al Fulaih) against song:tahadedninawal:lyricist: Who wrote the lyrics of Nawal's Tahadedni? (Saud Al Shubrmi). These identify different works, different institutions or different artist attributes. The review excluded the protected Shadi stage-name fact and Sawt instrument facts while authoring. Different song credits, artist instruments, labels, collaborators and musical genres remain separate relations; no retained pair asks the same relation about the same entity."
"kuwaiti_music_v2_179/gulf_music_v2_194","ac1fc5c17676dcec6d8a45872819d3ae5c9512eb9626d22ae992b05f44c23874","distinct","Assistant inspected song:mistajela:lyricist: Who wrote the lyrics of Mesaed Al Baloushy's Mistajela? (Saud Al Fulaih) against song:absher:lyricist: Who wrote the lyrics of Rashed Al Majid's Absher? (Rashed bin Juaythen). These identify different works, different institutions or different artist attributes. The review excluded the protected Shadi stage-name fact and Sawt instrument facts while authoring. Different song credits, artist instruments, labels, collaborators and musical genres remain separate relations; no retained pair asks the same relation about the same entity."
"kuwaiti_music_v2_179/gulf_music_v2_196","fb43e8fdc8dc856f29e47cbe822d51e8bcb2170a914a9d88b910045dc05a0bec","distinct","Assistant inspected song:mistajela:lyricist: Who wrote the lyrics of Mesaed Al Baloushy's Mistajela? (Saud Al Fulaih) against song:qalootara:lyricist: Who wrote the lyrics of Abadi Al Johar's Qaloo Tara? (Prince Abdulrahman bin Musaed). These identify different works, different institutions or different artist attributes. The review excluded the protected Shadi stage-name fact and Sawt instrument facts while authoring. Different song credits, artist instruments, labels, collaborators and musical genres remain separate relations; no retained pair asks the same relation about the same entity."
"kuwaiti_music_v2_179/gulf_music_v2_197","fdb941f45fd0fd339dc8aeb8f90e8e6c11b211b553ce8a961d4e9d6d2ee2d421","distinct","Assistant inspected song:mistajela:lyricist: Who wrote the lyrics of Mesaed Al Baloushy's Mistajela? (Saud Al Fulaih) against song:methlnaseem:lyricist: Who wrote the lyrics of Nawal's Methl Al Naseem? (Fahad Al Mosaed). These identify different works, different institutions or different artist attributes. The review excluded the protected Shadi stage-name fact and Sawt instrument facts while authoring. Different song credits, artist instruments, labels, collaborators and musical genres remain separate relations; no retained pair asks the same relation about the same entity."
"kuwaiti_music_v2_179/gulf_music_v2_199","4736061bb3a4bf876f2fedafcc46cb22d7832cdcbb9d4eacacb7f160dc01a1d4","distinct","Assistant inspected song:mistajela:lyricist: Who wrote the lyrics of Mesaed Al Baloushy's Mistajela? (Saud Al Fulaih) against song:yarahleen:lyricist: Who wrote the lyrics of Salah Al Zadjali's Ya Rahleen? (Hameed Al Bloushi). These identify different works, different institutions or different artist attributes. The review excluded the protected Shadi stage-name fact and Sawt instrument facts while authoring. Different song credits, artist instruments, labels, collaborators and musical genres remain separate relations; no retained pair asks the same relation about the same entity."
"kuwaiti_music_v2_179/gulf_music_v2_203","4a3a42ee2c3f3527f1bedd708243259d7873ea19daaede9de21533aa4d6497e2","distinct","Assistant inspected song:mistajela:lyricist: Who wrote the lyrics of Mesaed Al Baloushy's Mistajela? (Saud Al Fulaih) against song:tenadeek:lyricist: Who wrote the lyrics of Majid Al Mohandis's Tenadeek? (Yasser Al Twaijri). These identify different works, different institutions or different artist attributes. The review excluded the protected Shadi stage-name fact and Sawt instrument facts while authoring. Different song credits, artist instruments, labels, collaborators and musical genres remain separate relations; no retained pair asks the same relation about the same entity."
"kuwaiti_music_v2_185/gulf_music_v2_154","f7219dbf01e66f6db5e6a8b757729db978c795742ed4d47444e2662d8fe6b620","distinct","Assistant inspected song:maqeltlak:lyricist: Who wrote the lyrics of Abdullah Al Rowaished's Ma Qelt Lak? (Meshaal Duhaim) against song:rahalty:lyricist: Who wrote the lyrics of Abdullah Al Rowaished's Rahalty? (Abdul Latif Al Bannai). These identify different works, different institutions or different artist attributes. The review excluded the protected Shadi stage-name fact and Sawt instrument facts while authoring. Different song credits, artist instruments, labels, collaborators and musical genres remain separate relations; no retained pair asks the same relation about the same entity."
"kuwaiti_music_v2_187/gulf_music_v2_135","fa926c39811f109cfaba56c148bdfe077cdf24d1308e54ef008d605323941c52","distinct","Assistant inspected song:mughroura:lyricist: Who wrote the lyrics of Maram's Mughroura? (Khaled Al Bathal) against song:sikkasafar:lyricist: Who wrote the lyrics of Nabeel Shuail's Sikka Safar? (Abdul Latif Al Bannai). These identify different works, different institutions or different artist attributes. The review excluded the protected Shadi stage-name fact and Sawt instrument facts while authoring. Different song credits, artist instruments, labels, collaborators and musical genres remain separate relations; no retained pair asks the same relation about the same entity."
"kuwaiti_music_v2_187/gulf_music_v2_147","563ca05f526ffef18b836c724fed4316160069a025d55ff8b0e251e0d26dfc55","distinct","Assistant inspected song:mughroura:lyricist: Who wrote the lyrics of Maram's Mughroura? (Khaled Al Bathal) against song:tarban:lyricist: Who wrote the lyrics of Salah Al Zadjali's Tarban? (Haitham Al Busaidi). These identify different works, different institutions or different artist attributes. The review excluded the protected Shadi stage-name fact and Sawt instrument facts while authoring. Different song credits, artist instruments, labels, collaborators and musical genres remain separate relations; no retained pair asks the same relation about the same entity."
"kuwaiti_music_v2_187/gulf_music_v2_149","8defe7bc66940d425037eee45cba0909d007c14b134c8b4bc6b174893514c1c9","distinct","Assistant inspected song:mughroura:lyricist: Who wrote the lyrics of Maram's Mughroura? (Khaled Al Bathal) against song:batalna:lyricist: Who wrote the lyrics of Fahad Al Kubaisi's Batalna? (Saad Al Mosallam). These identify different works, different institutions or different artist attributes. The review excluded the protected Shadi stage-name fact and Sawt instrument facts while authoring. Different song credits, artist instruments, labels, collaborators and musical genres remain separate relations; no retained pair asks the same relation about the same entity."
"kuwaiti_music_v2_187/gulf_music_v2_150","6a4b417260627df142e58122bee309c801f43520435f20ae83b864ab9c2753b4","distinct","Assistant inspected song:mughroura:lyricist: Who wrote the lyrics of Maram's Mughroura? (Khaled Al Bathal) against song:tabra:lyricist: Who wrote the lyrics of Nawal's Tabra? (Abdul Latif Al Bannai). These identify different works, different institutions or different artist attributes. The review excluded the protected Shadi stage-name fact and Sawt instrument facts while authoring. Different song credits, artist instruments, labels, collaborators and musical genres remain separate relations; no retained pair asks the same relation about the same entity."
"kuwaiti_music_v2_187/gulf_music_v2_151","7f451adecc865f7935aecfbe51fbf4ef96a66ed4e911cf01769485473dc5d951","distinct","Assistant inspected song:mughroura:lyricist: Who wrote the lyrics of Maram's Mughroura? (Khaled Al Bathal) against song:yashams:lyricist: Who wrote the lyrics of Nabeel Shuail's Ya Shams? (Abdul Latif Al Bannai). These identify different works, different institutions or different artist attributes. The review excluded the protected Shadi stage-name fact and Sawt instrument facts while authoring. Different song credits, artist instruments, labels, collaborators and musical genres remain separate relations; no retained pair asks the same relation about the same entity."
"kuwaiti_music_v2_187/gulf_music_v2_152","48d8818412cd679bc24cc9ebe13103c6e0a21a45255ffedf0c3bd7b63181941c","distinct","Assistant inspected song:mughroura:lyricist: Who wrote the lyrics of Maram's Mughroura? (Khaled Al Bathal) against song:musafir:lyricist: Who wrote the lyrics of Rashed Al Majid's Al Musafir? (Badr bin Abdulmohsen). These identify different works, different institutions or different artist attributes. The review excluded the protected Shadi stage-name fact and Sawt instrument facts while authoring. Different song credits, artist instruments, labels, collaborators and musical genres remain separate relations; no retained pair asks the same relation about the same entity."
"kuwaiti_music_v2_187/gulf_music_v2_153","a4526d387b4b2dd2afd4e0209e8a4d0ae567817f0fb8f44a6f37f2df0b5c00a8","distinct","Assistant inspected song:mughroura:lyricist: Who wrote the lyrics of Maram's Mughroura? (Khaled Al Bathal) against song:alamaken:lyricist: Who wrote the lyrics of Mohammed Abdu's Al Amaken? (Mansour Al Shadi). These identify different works, different institutions or different artist attributes. The review excluded the protected Shadi stage-name fact and Sawt instrument facts while authoring. Different song credits, artist instruments, labels, collaborators and musical genres remain separate relations; no retained pair asks the same relation about the same entity."
"kuwaiti_music_v2_187/gulf_music_v2_154","c31054a67c971abd19c9116bc400841bb95c29cdd23110998f3577e723aa290d","distinct","Assistant inspected song:mughroura:lyricist: Who wrote the lyrics of Maram's Mughroura? (Khaled Al Bathal) against song:rahalty:lyricist: Who wrote the lyrics of Abdullah Al Rowaished's Rahalty? (Abdul Latif Al Bannai). These identify different works, different institutions or different artist attributes. The review excluded the protected Shadi stage-name fact and Sawt instrument facts while authoring. Different song credits, artist instruments, labels, collaborators and musical genres remain separate relations; no retained pair asks the same relation about the same entity."
"kuwaiti_music_v2_187/gulf_music_v2_155","f9ec0dd297194e91ddac1ab93f5ba9d4e2e4091142a2556f891195cbb9d76c86","distinct","Assistant inspected song:mughroura:lyricist: Who wrote the lyrics of Maram's Mughroura? (Khaled Al Bathal) against song:sedqni:lyricist: Who wrote the lyrics of Rabeh Saqer's Sedqni? (Mansour Al Shadi). These identify different works, different institutions or different artist attributes. The review excluded the protected Shadi stage-name fact and Sawt instrument facts while authoring. Different song credits, artist instruments, labels, collaborators and musical genres remain separate relations; no retained pair asks the same relation about the same entity."
"kuwaiti_music_v2_187/gulf_music_v2_161","98827152dbd73e2a2023d2aa6ddf5608db77794b0fbda117d8aafa64d64e50ab","distinct","Assistant inspected song:mughroura:lyricist: Who wrote the lyrics of Maram's Mughroura? (Khaled Al Bathal) against song:anamasoul:lyricist: Who wrote the lyrics of Nawal's Ana El Masoul? (Mohamed Al Mansour). These identify different works, different institutions or different artist attributes. The review excluded the protected Shadi stage-name fact and Sawt instrument facts while authoring. Different song credits, artist instruments, labels, collaborators and musical genres remain separate relations; no retained pair asks the same relation about the same entity."
"kuwaiti_music_v2_187/gulf_music_v2_166","6ed580cafe59ebf7b9e908621f7a09fee5ff84eed47aa688332c528d946c19ce","distinct","Assistant inspected song:mughroura:lyricist: Who wrote the lyrics of Maram's Mughroura? (Khaled Al Bathal) against song:maqadir:lyricist: Who wrote the lyrics of Talal Maddah's Maqadir? (Prince Mohammed Al Abdullah Al Faisal). These identify different works, different institutions or different artist attributes. The review excluded the protected Shadi stage-name fact and Sawt instrument facts while authoring. Different song credits, artist instruments, labels, collaborators and musical genres remain separate relations; no retained pair asks the same relation about the same entity."
"kuwaiti_music_v2_187/gulf_music_v2_171","945c30a0ae77b12e0ea06e8d8ca5c44ebcd04c39c3a035b52b9eeb7788dc6199","distinct","Assistant inspected song:mughroura:lyricist: Who wrote the lyrics of Maram's Mughroura? (Khaled Al Bathal) against song:nasetni:lyricist: Who wrote the lyrics of Ayed's Nasetni? (Fahad Al Mosaed). These identify different works, different institutions or different artist attributes. The review excluded the protected Shadi stage-name fact and Sawt instrument facts while authoring. Different song credits, artist instruments, labels, collaborators and musical genres remain separate relations; no retained pair asks the same relation about the same entity."
"kuwaiti_music_v2_187/gulf_music_v2_174","b71ca745fdf7a212b99ae808f815d1600a3dfb49235b8438b834a17adf64a620","distinct","Assistant inspected song:mughroura:lyricist: Who wrote the lyrics of Maram's Mughroura? (Khaled Al Bathal) against song:qulubsahiya:lyricist: Who wrote the lyrics of Nawal's Al Quloub Al Sahiya? (Yousef Al Sabri). These identify different works, different institutions or different artist attributes. The review excluded the protected Shadi stage-name fact and Sawt instrument facts while authoring. Different song credits, artist instruments, labels, collaborators and musical genres remain separate relations; no retained pair asks the same relation about the same entity."
"kuwaiti_music_v2_187/gulf_music_v2_184","ec5928c7b5cb7ae3dbf1a6f4e7cf0785db0458a310230af05d03a8b48c7f53a6","distinct","Assistant inspected song:mughroura:lyricist: Who wrote the lyrics of Maram's Mughroura? (Khaled Al Bathal) against song:tahadedninawal:lyricist: Who wrote the lyrics of Nawal's Tahadedni? (Saud Al Shubrmi). These identify different works, different institutions or different artist attributes. The review excluded the protected Shadi stage-name fact and Sawt instrument facts while authoring. Different song credits, artist instruments, labels, collaborators and musical genres remain separate relations; no retained pair asks the same relation about the same entity."
"kuwaiti_music_v2_187/gulf_music_v2_185","746a2ddb71f9ff7dbd60af3f729577f16f82800c2212d00c1c2237b64168fd56","distinct","Assistant inspected song:mughroura:lyricist: Who wrote the lyrics of Maram's Mughroura? (Khaled Al Bathal) against song:esmaani:lyricist: Who wrote the lyrics of Abdul Majeed Abdullah's Esmaani? (Saud bin Mohammed Al Abdullah). These identify different works, different institutions or different artist attributes. The review excluded the protected Shadi stage-name fact and Sawt instrument facts while authoring. Different song credits, artist instruments, labels, collaborators and musical genres remain separate relations; no retained pair asks the same relation about the same entity."
"kuwaiti_music_v2_187/gulf_music_v2_186","381aec05a14ef945d4c73b7bf8c7f33680eda99778f892041c4265ee0e7b767d","distinct","Assistant inspected song:mughroura:lyricist: Who wrote the lyrics of Maram's Mughroura? (Khaled Al Bathal) against song:ygolon:lyricist: Who wrote the lyrics of Nabeel Shuail's Ygolon? (Ahmad Al Sanea). These identify different works, different institutions or different artist attributes. The review excluded the protected Shadi stage-name fact and Sawt instrument facts while authoring. Different song credits, artist instruments, labels, collaborators and musical genres remain separate relations; no retained pair asks the same relation about the same entity."
"kuwaiti_music_v2_187/gulf_music_v2_190","30b7d93be93e8a20657ea68ffcb64ef60d1b0ae342e9006c00b6d91e57c49c2b","distinct","Assistant inspected song:mughroura:lyricist: Who wrote the lyrics of Maram's Mughroura? (Khaled Al Bathal) against song:lelatkhamis:lyricist: Who wrote the lyrics of Mohammed Abdu's Lelat Khamis? (Prince Khaled bin Yazid). These identify different works, different institutions or different artist attributes. The review excluded the protected Shadi stage-name fact and Sawt instrument facts while authoring. Different song credits, artist instruments, labels, collaborators and musical genres remain separate relations; no retained pair asks the same relation about the same entity."
"kuwaiti_music_v2_187/gulf_music_v2_193","fc0588197d7883da7658b7df2dcfaff2397e09bf727be8ceb9327f2285f7776f","distinct","Assistant inspected song:mughroura:lyricist: Who wrote the lyrics of Maram's Mughroura? (Khaled Al Bathal) against song:mozhela:lyricist: Who wrote the lyrics of Mohammed Abdu's Mozhela? (Prince Abdulrahman bin Musaed). These identify different works, different institutions or different artist attributes. The review excluded the protected Shadi stage-name fact and Sawt instrument facts while authoring. Different song credits, artist instruments, labels, collaborators and musical genres remain separate relations; no retained pair asks the same relation about the same entity."
"kuwaiti_music_v2_187/gulf_music_v2_194","264e35b3759a7de9d8b8cb55157ddb50a6acc5bcc61a20d3ab05d49e34d379a5","distinct","Assistant inspected song:mughroura:lyricist: Who wrote the lyrics of Maram's Mughroura? (Khaled Al Bathal) against song:absher:lyricist: Who wrote the lyrics of Rashed Al Majid's Absher? (Rashed bin Juaythen). These identify different works, different institutions or different artist attributes. The review excluded the protected Shadi stage-name fact and Sawt instrument facts while authoring. Different song credits, artist instruments, labels, collaborators and musical genres remain separate relations; no retained pair asks the same relation about the same entity."
"kuwaiti_music_v2_187/gulf_music_v2_197","5260e22e04abd6722ae5edbf7afc8abe9c67d30bb0b44d80773e6b52b2b94715","distinct","Assistant inspected song:mughroura:lyricist: Who wrote the lyrics of Maram's Mughroura? (Khaled Al Bathal) against song:methlnaseem:lyricist: Who wrote the lyrics of Nawal's Methl Al Naseem? (Fahad Al Mosaed). These identify different works, different institutions or different artist attributes. The review excluded the protected Shadi stage-name fact and Sawt instrument facts while authoring. Different song credits, artist instruments, labels, collaborators and musical genres remain separate relations; no retained pair asks the same relation about the same entity."
"kuwaiti_music_v2_187/gulf_music_v2_203","136c95318a9df40d522f4fa463f60d37060ae122f35c30514c0fe97dc9b09282","distinct","Assistant inspected song:mughroura:lyricist: Who wrote the lyrics of Maram's Mughroura? (Khaled Al Bathal) against song:tenadeek:lyricist: Who wrote the lyrics of Majid Al Mohandis's Tenadeek? (Yasser Al Twaijri). These identify different works, different institutions or different artist attributes. The review excluded the protected Shadi stage-name fact and Sawt instrument facts while authoring. Different song credits, artist instruments, labels, collaborators and musical genres remain separate relations; no retained pair asks the same relation about the same entity."
"kuwaiti_music_v2_190/gulf_music_v2_147","16397ade5c547c219fbdf350b79c2776388097acac72d4ff25899ef766940164","distinct","Assistant inspected song:fahhmouh:lyricist: Who wrote the lyrics of Mutrif Al Mutrif's Fahhmouh? (Saad Al Musallam) against song:tarban:lyricist: Who wrote the lyrics of Salah Al Zadjali's Tarban? (Haitham Al Busaidi). These identify different works, different institutions or different artist attributes. The review excluded the protected Shadi stage-name fact and Sawt instrument facts while authoring. Different song credits, artist instruments, labels, collaborators and musical genres remain separate relations; no retained pair asks the same relation about the same entity."
"kuwaiti_music_v2_190/gulf_music_v2_149","245fb83d9b29b333030c39ce1e814ba6dd79ffc442263c648419248892b46328","distinct","Assistant inspected song:fahhmouh:lyricist: Who wrote the lyrics of Mutrif Al Mutrif's Fahhmouh? (Saad Al Musallam) against song:batalna:lyricist: Who wrote the lyrics of Fahad Al Kubaisi's Batalna? (Saad Al Mosallam). These identify different works, different institutions or different artist attributes. The review excluded the protected Shadi stage-name fact and Sawt instrument facts while authoring. Different song credits, artist instruments, labels, collaborators and musical genres remain separate relations; no retained pair asks the same relation about the same entity."
"kuwaiti_music_v2_190/gulf_music_v2_150","95bfdff0a3aadfce0dbeda4acdaa0b690d0379680932f1dd681f949680a4e7dd","distinct","Assistant inspected song:fahhmouh:lyricist: Who wrote the lyrics of Mutrif Al Mutrif's Fahhmouh? (Saad Al Musallam) against song:tabra:lyricist: Who wrote the lyrics of Nawal's Tabra? (Abdul Latif Al Bannai). These identify different works, different institutions or different artist attributes. The review excluded the protected Shadi stage-name fact and Sawt instrument facts while authoring. Different song credits, artist instruments, labels, collaborators and musical genres remain separate relations; no retained pair asks the same relation about the same entity."
"kuwaiti_music_v2_190/gulf_music_v2_152","849c9e9dc62dcc15677054372e794f82982ad0144410b8c76b314382b7c6fe7b","distinct","Assistant inspected song:fahhmouh:lyricist: Who wrote the lyrics of Mutrif Al Mutrif's Fahhmouh? (Saad Al Musallam) against song:musafir:lyricist: Who wrote the lyrics of Rashed Al Majid's Al Musafir? (Badr bin Abdulmohsen). These identify different works, different institutions or different artist attributes. The review excluded the protected Shadi stage-name fact and Sawt instrument facts while authoring. Different song credits, artist instruments, labels, collaborators and musical genres remain separate relations; no retained pair asks the same relation about the same entity."
"kuwaiti_music_v2_190/gulf_music_v2_153","26886da3d61da84d113b76beae9d236230e3b75c787ca7011c3d3a763db7d299","distinct","Assistant inspected song:fahhmouh:lyricist: Who wrote the lyrics of Mutrif Al Mutrif's Fahhmouh? (Saad Al Musallam) against song:alamaken:lyricist: Who wrote the lyrics of Mohammed Abdu's Al Amaken? (Mansour Al Shadi). These identify different works, different institutions or different artist attributes. The review excluded the protected Shadi stage-name fact and Sawt instrument facts while authoring. Different song credits, artist instruments, labels, collaborators and musical genres remain separate relations; no retained pair asks the same relation about the same entity."
"kuwaiti_music_v2_190/gulf_music_v2_154","a55a87f4990b7d60c6908e6d338f444f106aea4fa175a7f9f2ae7425b3ad8876","distinct","Assistant inspected song:fahhmouh:lyricist: Who wrote the lyrics of Mutrif Al Mutrif's Fahhmouh? (Saad Al Musallam) against song:rahalty:lyricist: Who wrote the lyrics of Abdullah Al Rowaished's Rahalty? (Abdul Latif Al Bannai). These identify different works, different institutions or different artist attributes. The review excluded the protected Shadi stage-name fact and Sawt instrument facts while authoring. Different song credits, artist instruments, labels, collaborators and musical genres remain separate relations; no retained pair asks the same relation about the same entity."
"kuwaiti_music_v2_190/gulf_music_v2_155","21c0cd323a860c337014cd860979521c43a35df13c88fc6b128bd13b07a153ca","distinct","Assistant inspected song:fahhmouh:lyricist: Who wrote the lyrics of Mutrif Al Mutrif's Fahhmouh? (Saad Al Musallam) against song:sedqni:lyricist: Who wrote the lyrics of Rabeh Saqer's Sedqni? (Mansour Al Shadi). These identify different works, different institutions or different artist attributes. The review excluded the protected Shadi stage-name fact and Sawt instrument facts while authoring. Different song credits, artist instruments, labels, collaborators and musical genres remain separate relations; no retained pair asks the same relation about the same entity."
"kuwaiti_music_v2_190/gulf_music_v2_163","67777e9f52331518ea4af1cb7db0bc1bd56529c13854b33eed0953bc46fdbd79","distinct","Assistant inspected song:fahhmouh:lyricist: Who wrote the lyrics of Mutrif Al Mutrif's Fahhmouh? (Saad Al Musallam) against song:sikkataweela:lyricist: Who wrote the lyrics of Abadi Al Johar's Sikka Taweela? (Saud Salem). These identify different works, different institutions or different artist attributes. The review excluded the protected Shadi stage-name fact and Sawt instrument facts while authoring. Different song credits, artist instruments, labels, collaborators and musical genres remain separate relations; no retained pair asks the same relation about the same entity."
"kuwaiti_music_v2_190/gulf_music_v2_166","63e371a942f91f613d39fd32253891662c694aabb761058e36db57f1ea454b8f","distinct","Assistant inspected song:fahhmouh:lyricist: Who wrote the lyrics of Mutrif Al Mutrif's Fahhmouh? (Saad Al Musallam) against song:maqadir:lyricist: Who wrote the lyrics of Talal Maddah's Maqadir? (Prince Mohammed Al Abdullah Al Faisal). These identify different works, different institutions or different artist attributes. The review excluded the protected Shadi stage-name fact and Sawt instrument facts while authoring. Different song credits, artist instruments, labels, collaborators and musical genres remain separate relations; no retained pair asks the same relation about the same entity."
"kuwaiti_music_v2_190/gulf_music_v2_169","686a444cde81c8acb0996d704b05c2fcd8f6b0a97da51ce7485590d5c2dd34ea","distinct","Assistant inspected song:fahhmouh:lyricist: Who wrote the lyrics of Mutrif Al Mutrif's Fahhmouh? (Saad Al Musallam) against song:hekayatnai:lyricist: Who wrote the lyrics of Salah Al Zadjali's Hekayat Nai? (Hameed Al Bloushi). These identify different works, different institutions or different artist attributes. The review excluded the protected Shadi stage-name fact and Sawt instrument facts while authoring. Different song credits, artist instruments, labels, collaborators and musical genres remain separate relations; no retained pair asks the same relation about the same entity."
"kuwaiti_music_v2_190/gulf_music_v2_171","e8d23d2e403d13d4e82696738c0b443666ad6cd1ce0372064aa2ec1b11701f76","distinct","Assistant inspected song:fahhmouh:lyricist: Who wrote the lyrics of Mutrif Al Mutrif's Fahhmouh? (Saad Al Musallam) against song:nasetni:lyricist: Who wrote the lyrics of Ayed's Nasetni? (Fahad Al Mosaed). These identify different works, different institutions or different artist attributes. The review excluded the protected Shadi stage-name fact and Sawt instrument facts while authoring. Different song credits, artist instruments, labels, collaborators and musical genres remain separate relations; no retained pair asks the same relation about the same entity."
"kuwaiti_music_v2_190/gulf_music_v2_174","592e60ca73c5d00badb2418b52f6a1bdd2728f52cb241dc64a0506714a85d8bf","distinct","Assistant inspected song:fahhmouh:lyricist: Who wrote the lyrics of Mutrif Al Mutrif's Fahhmouh? (Saad Al Musallam) against song:qulubsahiya:lyricist: Who wrote the lyrics of Nawal's Al Quloub Al Sahiya? (Yousef Al Sabri). These identify different works, different institutions or different artist attributes. The review excluded the protected Shadi stage-name fact and Sawt instrument facts while authoring. Different song credits, artist instruments, labels, collaborators and musical genres remain separate relations; no retained pair asks the same relation about the same entity."
"kuwaiti_music_v2_190/gulf_music_v2_183","300b2c85ab0b75dfcff44c88dbfc59a6ffd4ceb063821651db186379e8fb0fa4","distinct","Assistant inspected song:fahhmouh:lyricist: Who wrote the lyrics of Mutrif Al Mutrif's Fahhmouh? (Saad Al Musallam) against song:methelqalbk:lyricist: Who wrote the lyrics of Rashed Al Majid's Methel Qalbk? (Turki Al Sheikh). These identify different works, different institutions or different artist attributes. The review excluded the protected Shadi stage-name fact and Sawt instrument facts while authoring. Different song credits, artist instruments, labels, collaborators and musical genres remain separate relations; no retained pair asks the same relation about the same entity."
"kuwaiti_music_v2_190/gulf_music_v2_184","1237d19abc9aa8bac4946422f31734ca7d3a595241557826f2619ad54a2b6067","distinct","Assistant inspected song:fahhmouh:lyricist: Who wrote the lyrics of Mutrif Al Mutrif's Fahhmouh? (Saad Al Musallam) against song:tahadedninawal:lyricist: Who wrote the lyrics of Nawal's Tahadedni? (Saud Al Shubrmi). These identify different works, different institutions or different artist attributes. The review excluded the protected Shadi stage-name fact and Sawt instrument facts while authoring. Different song credits, artist instruments, labels, collaborators and musical genres remain separate relations; no retained pair asks the same relation about the same entity."
"kuwaiti_music_v2_190/gulf_music_v2_186","c259a66f9be0a7be2d0fca2edf4059dbec77454076035307103dfaf61195c56e","distinct","Assistant inspected song:fahhmouh:lyricist: Who wrote the lyrics of Mutrif Al Mutrif's Fahhmouh? (Saad Al Musallam) against song:ygolon:lyricist: Who wrote the lyrics of Nabeel Shuail's Ygolon? (Ahmad Al Sanea). These identify different works, different institutions or different artist attributes. The review excluded the protected Shadi stage-name fact and Sawt instrument facts while authoring. Different song credits, artist instruments, labels, collaborators and musical genres remain separate relations; no retained pair asks the same relation about the same entity."
"kuwaiti_music_v2_190/gulf_music_v2_193","f8d096388f85358f75181e46cfea8845971d9f1d615869c3f36bb130272772c9","distinct","Assistant inspected song:fahhmouh:lyricist: Who wrote the lyrics of Mutrif Al Mutrif's Fahhmouh? (Saad Al Musallam) against song:mozhela:lyricist: Who wrote the lyrics of Mohammed Abdu's Mozhela? (Prince Abdulrahman bin Musaed). These identify different works, different institutions or different artist attributes. The review excluded the protected Shadi stage-name fact and Sawt instrument facts while authoring. Different song credits, artist instruments, labels, collaborators and musical genres remain separate relations; no retained pair asks the same relation about the same entity."
"kuwaiti_music_v2_190/gulf_music_v2_194","d51f78002ec1eafa7f9e5c62a20fc6e5895bef403b10f64e501054d6d11f1bd4","distinct","Assistant inspected song:fahhmouh:lyricist: Who wrote the lyrics of Mutrif Al Mutrif's Fahhmouh? (Saad Al Musallam) against song:absher:lyricist: Who wrote the lyrics of Rashed Al Majid's Absher? (Rashed bin Juaythen). These identify different works, different institutions or different artist attributes. The review excluded the protected Shadi stage-name fact and Sawt instrument facts while authoring. Different song credits, artist instruments, labels, collaborators and musical genres remain separate relations; no retained pair asks the same relation about the same entity."
"kuwaiti_music_v2_190/gulf_music_v2_196","442762b542152b457c0b9b4858fa56215ba0dee0adf23838a79b20452c9da508","distinct","Assistant inspected song:fahhmouh:lyricist: Who wrote the lyrics of Mutrif Al Mutrif's Fahhmouh? (Saad Al Musallam) against song:qalootara:lyricist: Who wrote the lyrics of Abadi Al Johar's Qaloo Tara? (Prince Abdulrahman bin Musaed). These identify different works, different institutions or different artist attributes. The review excluded the protected Shadi stage-name fact and Sawt instrument facts while authoring. Different song credits, artist instruments, labels, collaborators and musical genres remain separate relations; no retained pair asks the same relation about the same entity."
"kuwaiti_music_v2_190/gulf_music_v2_197","e24d47c8407510759973d9e9b48b13226531cc8337c7eae26650c6309fa1c074","distinct","Assistant inspected song:fahhmouh:lyricist: Who wrote the lyrics of Mutrif Al Mutrif's Fahhmouh? (Saad Al Musallam) against song:methlnaseem:lyricist: Who wrote the lyrics of Nawal's Methl Al Naseem? (Fahad Al Mosaed). These identify different works, different institutions or different artist attributes. The review excluded the protected Shadi stage-name fact and Sawt instrument facts while authoring. Different song credits, artist instruments, labels, collaborators and musical genres remain separate relations; no retained pair asks the same relation about the same entity."
"kuwaiti_music_v2_190/gulf_music_v2_198","e70bc38b4376e3dd3602a8707408a24d73d42cd8fb107ff1a13828a0a0009ea7","distinct","Assistant inspected song:fahhmouh:lyricist: Who wrote the lyrics of Mutrif Al Mutrif's Fahhmouh? (Saad Al Musallam) against song:ishqbalwa:lyricist: Who wrote the lyrics of Fahad Al Kubaisi's Al Ishq Wal Balwa? (Hamad Al Braidi). These identify different works, different institutions or different artist attributes. The review excluded the protected Shadi stage-name fact and Sawt instrument facts while authoring. Different song credits, artist instruments, labels, collaborators and musical genres remain separate relations; no retained pair asks the same relation about the same entity."
"kuwaiti_music_v2_190/gulf_music_v2_199","5e830ab92f316dfe0b97b3e64f3fbccd96a6e6cb3fe9102b6d99025db62c82dd","distinct","Assistant inspected song:fahhmouh:lyricist: Who wrote the lyrics of Mutrif Al Mutrif's Fahhmouh? (Saad Al Musallam) against song:yarahleen:lyricist: Who wrote the lyrics of Salah Al Zadjali's Ya Rahleen? (Hameed Al Bloushi). These identify different works, different institutions or different artist attributes. The review excluded the protected Shadi stage-name fact and Sawt instrument facts while authoring. Different song credits, artist instruments, labels, collaborators and musical genres remain separate relations; no retained pair asks the same relation about the same entity."
"kuwaiti_music_v2_190/gulf_music_v2_203","660baabdc0986b03999815ed4c7b41f6cda27e13ae708d31205d4b2cf6c2f55b","distinct","Assistant inspected song:fahhmouh:lyricist: Who wrote the lyrics of Mutrif Al Mutrif's Fahhmouh? (Saad Al Musallam) against song:tenadeek:lyricist: Who wrote the lyrics of Majid Al Mohandis's Tenadeek? (Yasser Al Twaijri). These identify different works, different institutions or different artist attributes. The review excluded the protected Shadi stage-name fact and Sawt instrument facts while authoring. Different song credits, artist instruments, labels, collaborators and musical genres remain separate relations; no retained pair asks the same relation about the same entity."
"kuwaiti_music_v2_192/gulf_music_v2_150","6db2538b5fa823f40614aa4bf42de284d7eb62c363da85f1332aa131dd58dfcf","distinct","Assistant inspected song:tawaadna:lyricist: Who wrote the lyrics of Abdul Qader Hadhoud's Tawaadna? (Al Ghaim) against song:tabra:lyricist: Who wrote the lyrics of Nawal's Tabra? (Abdul Latif Al Bannai). These identify different works, different institutions or different artist attributes. The review excluded the protected Shadi stage-name fact and Sawt instrument facts while authoring. Different song credits, artist instruments, labels, collaborators and musical genres remain separate relations; no retained pair asks the same relation about the same entity."
"kuwaiti_music_v2_192/gulf_music_v2_171","c9ef65adc0c7e38e82762e7ea5905bb50c2672ef3fdaca2947efdd66942f509a","distinct","Assistant inspected song:tawaadna:lyricist: Who wrote the lyrics of Abdul Qader Hadhoud's Tawaadna? (Al Ghaim) against song:nasetni:lyricist: Who wrote the lyrics of Ayed's Nasetni? (Fahad Al Mosaed). These identify different works, different institutions or different artist attributes. The review excluded the protected Shadi stage-name fact and Sawt instrument facts while authoring. Different song credits, artist instruments, labels, collaborators and musical genres remain separate relations; no retained pair asks the same relation about the same entity."
"kuwaiti_music_v2_192/gulf_music_v2_184","ac00b22fae21afb83e4812ea4884ce027e7dc6016729d162db4fae64085fabe0","distinct","Assistant inspected song:tawaadna:lyricist: Who wrote the lyrics of Abdul Qader Hadhoud's Tawaadna? (Al Ghaim) against song:tahadedninawal:lyricist: Who wrote the lyrics of Nawal's Tahadedni? (Saud Al Shubrmi). These identify different works, different institutions or different artist attributes. The review excluded the protected Shadi stage-name fact and Sawt instrument facts while authoring. Different song credits, artist instruments, labels, collaborators and musical genres remain separate relations; no retained pair asks the same relation about the same entity."
"kuwaiti_music_v2_192/gulf_music_v2_185","2e203ad27271d436095bd3bc2890989320b6021ee6715b50f8a4aab6922a2c36","distinct","Assistant inspected song:tawaadna:lyricist: Who wrote the lyrics of Abdul Qader Hadhoud's Tawaadna? (Al Ghaim) against song:esmaani:lyricist: Who wrote the lyrics of Abdul Majeed Abdullah's Esmaani? (Saud bin Mohammed Al Abdullah). These identify different works, different institutions or different artist attributes. The review excluded the protected Shadi stage-name fact and Sawt instrument facts while authoring. Different song credits, artist instruments, labels, collaborators and musical genres remain separate relations; no retained pair asks the same relation about the same entity."
"kuwaiti_music_v2_192/gulf_music_v2_192","b0146cbc7f86076ee6e370ecb440af2f73b325bc6c393daaeb10e9470d9e32be","distinct","Assistant inspected song:tawaadna:lyricist: Who wrote the lyrics of Abdul Qader Hadhoud's Tawaadna? (Al Ghaim) against song:tetanfasak:lyricist: Who wrote the lyrics of Abdul Majeed Abdullah's Tetanfasak Dunyay? (Anwar Al Mushairi). These identify different works, different institutions or different artist attributes. The review excluded the protected Shadi stage-name fact and Sawt instrument facts while authoring. Different song credits, artist instruments, labels, collaborators and musical genres remain separate relations; no retained pair asks the same relation about the same entity."
"kuwaiti_music_v2_193/gulf_music_v2_199","c8773690ee244745c64df639a6c9492be3731e591daf61c35131e88ef2ee9991","distinct","Assistant inspected song:abshiriyaain:lyricist: Who wrote the lyrics of Aisha Al Marta's Abshiri Ya Ain? (Yousef Al Munee') against song:yarahleen:lyricist: Who wrote the lyrics of Salah Al Zadjali's Ya Rahleen? (Hameed Al Bloushi). These identify different works, different institutions or different artist attributes. The review excluded the protected Shadi stage-name fact and Sawt instrument facts while authoring. Different song credits, artist instruments, labels, collaborators and musical genres remain separate relations; no retained pair asks the same relation about the same entity."
"kuwaiti_music_v2_194/gulf_music_v2_150","7294c3e74ca80fa4496be2d89fa04bbbf7e8bd1d1895dc94b743b8dcfb3de6ca","distinct","Assistant inspected song:samihni:lyricist: Who wrote the lyrics of Shaymaa Sulaiman's Samihni? (Sulaiman Bu Shait) against song:tabra:lyricist: Who wrote the lyrics of Nawal's Tabra? (Abdul Latif Al Bannai). These identify different works, different institutions or different artist attributes. The review excluded the protected Shadi stage-name fact and Sawt instrument facts while authoring. Different song credits, artist instruments, labels, collaborators and musical genres remain separate relations; no retained pair asks the same relation about the same entity."
"kuwaiti_music_v2_194/gulf_music_v2_155","6685625639550a6c078326901b6b8811b4572cc9f9acd9eea443a93ba4d6119e","distinct","Assistant inspected song:samihni:lyricist: Who wrote the lyrics of Shaymaa Sulaiman's Samihni? (Sulaiman Bu Shait) against song:sedqni:lyricist: Who wrote the lyrics of Rabeh Saqer's Sedqni? (Mansour Al Shadi). These identify different works, different institutions or different artist attributes. The review excluded the protected Shadi stage-name fact and Sawt instrument facts while authoring. Different song credits, artist instruments, labels, collaborators and musical genres remain separate relations; no retained pair asks the same relation about the same entity."
"kuwaiti_music_v2_194/gulf_music_v2_166","0953e632c705fd5fd115b2818e59050af2e2d9e9c49aaaa3557d5a7bd4282713","distinct","Assistant inspected song:samihni:lyricist: Who wrote the lyrics of Shaymaa Sulaiman's Samihni? (Sulaiman Bu Shait) against song:maqadir:lyricist: Who wrote the lyrics of Talal Maddah's Maqadir? (Prince Mohammed Al Abdullah Al Faisal). These identify different works, different institutions or different artist attributes. The review excluded the protected Shadi stage-name fact and Sawt instrument facts while authoring. Different song credits, artist instruments, labels, collaborators and musical genres remain separate relations; no retained pair asks the same relation about the same entity."
"kuwaiti_music_v2_194/gulf_music_v2_171","ba9b7f4c5d06128023cbdae7584aa02a83ad22d3a56fa4c79d868210f72da5f2","distinct","Assistant inspected song:samihni:lyricist: Who wrote the lyrics of Shaymaa Sulaiman's Samihni? (Sulaiman Bu Shait) against song:nasetni:lyricist: Who wrote the lyrics of Ayed's Nasetni? (Fahad Al Mosaed). These identify different works, different institutions or different artist attributes. The review excluded the protected Shadi stage-name fact and Sawt instrument facts while authoring. Different song credits, artist instruments, labels, collaborators and musical genres remain separate relations; no retained pair asks the same relation about the same entity."
"kuwaiti_music_v2_194/gulf_music_v2_184","8dda162c831d7396d61b73325ee3ff2d415c99bb6454b1c114f439b7ddaf51cf","distinct","Assistant inspected song:samihni:lyricist: Who wrote the lyrics of Shaymaa Sulaiman's Samihni? (Sulaiman Bu Shait) against song:tahadedninawal:lyricist: Who wrote the lyrics of Nawal's Tahadedni? (Saud Al Shubrmi). These identify different works, different institutions or different artist attributes. The review excluded the protected Shadi stage-name fact and Sawt instrument facts while authoring. Different song credits, artist instruments, labels, collaborators and musical genres remain separate relations; no retained pair asks the same relation about the same entity."
"kuwaiti_music_v2_194/gulf_music_v2_186","d8b2baffbb4350bc4f7bfb13148303a0deb64e2b0490d41e5facbb7a979d68fe","distinct","Assistant inspected song:samihni:lyricist: Who wrote the lyrics of Shaymaa Sulaiman's Samihni? (Sulaiman Bu Shait) against song:ygolon:lyricist: Who wrote the lyrics of Nabeel Shuail's Ygolon? (Ahmad Al Sanea). These identify different works, different institutions or different artist attributes. The review excluded the protected Shadi stage-name fact and Sawt instrument facts while authoring. Different song credits, artist instruments, labels, collaborators and musical genres remain separate relations; no retained pair asks the same relation about the same entity."
"kuwaiti_music_v2_194/gulf_music_v2_193","f0fc064c292bb781074efa38dfdb6738bd3a0f8c428c20236c8c3d5a6d2ebb04","distinct","Assistant inspected song:samihni:lyricist: Who wrote the lyrics of Shaymaa Sulaiman's Samihni? (Sulaiman Bu Shait) against song:mozhela:lyricist: Who wrote the lyrics of Mohammed Abdu's Mozhela? (Prince Abdulrahman bin Musaed). These identify different works, different institutions or different artist attributes. The review excluded the protected Shadi stage-name fact and Sawt instrument facts while authoring. Different song credits, artist instruments, labels, collaborators and musical genres remain separate relations; no retained pair asks the same relation about the same entity."
"kuwaiti_music_v2_195/gulf_music_v2_146","54da2f13e1c8f11f00c1953635845fca3da59e322eb52458b9168e1f208b4c22","distinct","Assistant inspected song:alshougjabak:lyricist: Which prince wrote the lyrics of Nawal's Al Shoug Jabak? (Prince Saud bin Abdullah) against song:hinddaraish:lyricist: Which prince wrote the lyrics of Hind's Al Daraish? (Prince Abdullah bin Saad bin Abdulaziz Al Saud). These identify different works, different institutions or different artist attributes. The review excluded the protected Shadi stage-name fact and Sawt instrument facts while authoring. Different song credits, artist instruments, labels, collaborators and musical genres remain separate relations; no retained pair asks the same relation about the same entity."
"kuwaiti_music_v2_195/gulf_music_v2_174","27dd36fd16a747886f7ab29203e39515246892ca0a7a1a31b7cc4c793b8b3e67","distinct","Assistant inspected song:alshougjabak:lyricist: Which prince wrote the lyrics of Nawal's Al Shoug Jabak? (Prince Saud bin Abdullah) against song:qulubsahiya:lyricist: Who wrote the lyrics of Nawal's Al Quloub Al Sahiya? (Yousef Al Sabri). These identify different works, different institutions or different artist attributes. The review excluded the protected Shadi stage-name fact and Sawt instrument facts while authoring. Different song credits, artist instruments, labels, collaborators and musical genres remain separate relations; no retained pair asks the same relation about the same entity."
"kuwaiti_music_v2_195/gulf_music_v2_197","8f64ef080b555c7732fa80b95156d24e19b43abe36640aa7204188cf133fd7a1","distinct","Assistant inspected song:alshougjabak:lyricist: Which prince wrote the lyrics of Nawal's Al Shoug Jabak? (Prince Saud bin Abdullah) against song:methlnaseem:lyricist: Who wrote the lyrics of Nawal's Methl Al Naseem? (Fahad Al Mosaed). These identify different works, different institutions or different artist attributes. The review excluded the protected Shadi stage-name fact and Sawt instrument facts while authoring. Different song credits, artist instruments, labels, collaborators and musical genres remain separate relations; no retained pair asks the same relation about the same entity."
"kuwaiti_music_v2_197/gulf_music_v2_161","b847e9fb87a80c09da176c787d53ef7c9534d39c0b50c0e2cb2fc7b24d819630","distinct","Assistant inspected song:anaraddait:lyricist: Who wrote the lyrics of Abdul Karim Abdul Qader's Ana Raddait? (Abdul Latif Al Bannai) against song:anamasoul:lyricist: Who wrote the lyrics of Nawal's Ana El Masoul? (Mohamed Al Mansour). These identify different works, different institutions or different artist attributes. The review excluded the protected Shadi stage-name fact and Sawt instrument facts while authoring. Different song credits, artist instruments, labels, collaborators and musical genres remain separate relations; no retained pair asks the same relation about the same entity."
"kuwaiti_music_v2_197/gulf_music_v2_185","cb2e295b431f6a37eae33c00f2e18f7c4c81417ff7725f503358421330ca617c","distinct","Assistant inspected song:anaraddait:lyricist: Who wrote the lyrics of Abdul Karim Abdul Qader's Ana Raddait? (Abdul Latif Al Bannai) against song:esmaani:lyricist: Who wrote the lyrics of Abdul Majeed Abdullah's Esmaani? (Saud bin Mohammed Al Abdullah). These identify different works, different institutions or different artist attributes. The review excluded the protected Shadi stage-name fact and Sawt instrument facts while authoring. Different song credits, artist instruments, labels, collaborators and musical genres remain separate relations; no retained pair asks the same relation about the same entity."
"kuwaiti_music_v2_198/gulf_music_v2_150","3409c02408bdd5b7056a7fd8cda64a21c5541d694dd85d415644b3ed4e97e761","distinct","Assistant inspected song:khatelkhatar:lyricist: Who wrote the lyrics of Shams's Khat El Khatar? (Qusay Issa) against song:tabra:lyricist: Who wrote the lyrics of Nawal's Tabra? (Abdul Latif Al Bannai). These identify different works, different institutions or different artist attributes. The review excluded the protected Shadi stage-name fact and Sawt instrument facts while authoring. Different song credits, artist instruments, labels, collaborators and musical genres remain separate relations; no retained pair asks the same relation about the same entity."
"kuwaiti_music_v2_198/gulf_music_v2_151","bde5ad8042f9dbc8ec170cf1813dc47555a82dcb52c2c5d60419262976959084","distinct","Assistant inspected song:khatelkhatar:lyricist: Who wrote the lyrics of Shams's Khat El Khatar? (Qusay Issa) against song:yashams:lyricist: Who wrote the lyrics of Nabeel Shuail's Ya Shams? (Abdul Latif Al Bannai). These identify different works, different institutions or different artist attributes. The review excluded the protected Shadi stage-name fact and Sawt instrument facts while authoring. Different song credits, artist instruments, labels, collaborators and musical genres remain separate relations; no retained pair asks the same relation about the same entity."
"kuwaiti_music_v2_198/gulf_music_v2_161","853275e751e91a84c80fe8d3e5c100fb3d54a3bbbd97eb62137102eeb8adeaa4","distinct","Assistant inspected song:khatelkhatar:lyricist: Who wrote the lyrics of Shams's Khat El Khatar? (Qusay Issa) against song:anamasoul:lyricist: Who wrote the lyrics of Nawal's Ana El Masoul? (Mohamed Al Mansour). These identify different works, different institutions or different artist attributes. The review excluded the protected Shadi stage-name fact and Sawt instrument facts while authoring. Different song credits, artist instruments, labels, collaborators and musical genres remain separate relations; no retained pair asks the same relation about the same entity."
"kuwaiti_music_v2_198/gulf_music_v2_171","ef13203fe7c747d03cceca28bab88eefdac8cfde93b43ab85ed324c6776847b2","distinct","Assistant inspected song:khatelkhatar:lyricist: Who wrote the lyrics of Shams's Khat El Khatar? (Qusay Issa) against song:nasetni:lyricist: Who wrote the lyrics of Ayed's Nasetni? (Fahad Al Mosaed). These identify different works, different institutions or different artist attributes. The review excluded the protected Shadi stage-name fact and Sawt instrument facts while authoring. Different song credits, artist instruments, labels, collaborators and musical genres remain separate relations; no retained pair asks the same relation about the same entity."
"kuwaiti_music_v2_198/gulf_music_v2_172","cb9a368b67fc58ee30450e9553797c043ec7c336e2cfe1a77ac90e2f6eff7723","distinct","Assistant inspected song:khatelkhatar:lyricist: Who wrote the lyrics of Shams's Khat El Khatar? (Qusay Issa) against song:anqanaah:lyricist: Who wrote the lyrics of Abdulaziz El Muanna's An Qanaah? (Mohammed Al Gharir). These identify different works, different institutions or different artist attributes. The review excluded the protected Shadi stage-name fact and Sawt instrument facts while authoring. Different song credits, artist instruments, labels, collaborators and musical genres remain separate relations; no retained pair asks the same relation about the same entity."
"kuwaiti_music_v2_198/gulf_music_v2_184","2e695b02304d8bc0616897e29386b7d7901517961bc66bab80d95a857f76cdd9","distinct","Assistant inspected song:khatelkhatar:lyricist: Who wrote the lyrics of Shams's Khat El Khatar? (Qusay Issa) against song:tahadedninawal:lyricist: Who wrote the lyrics of Nawal's Tahadedni? (Saud Al Shubrmi). These identify different works, different institutions or different artist attributes. The review excluded the protected Shadi stage-name fact and Sawt instrument facts while authoring. Different song credits, artist instruments, labels, collaborators and musical genres remain separate relations; no retained pair asks the same relation about the same entity."
"kuwaiti_music_v2_198/gulf_music_v2_204","46a37e06bf3e61de09ff46c3bb69d4c6d9afe02b978287e9d23665622e2d907b","distinct","Assistant inspected song:khatelkhatar:lyricist: Who wrote the lyrics of Shams's Khat El Khatar? (Qusay Issa) against song:qalbielsagheer:lyricist: Who wrote the lyrics of Fouad Abdulwahed's Qalbi El Sagheer? (Anwar Al Mushairi). These identify different works, different institutions or different artist attributes. The review excluded the protected Shadi stage-name fact and Sawt instrument facts while authoring. Different song credits, artist instruments, labels, collaborators and musical genres remain separate relations; no retained pair asks the same relation about the same entity."
"kuwaiti_music_v2_199/gulf_music_v2_150","b8e6845dea0c3c47119bdf11c235d54bbd893025fb6bd6b5a76c2f308969fa13","distinct","Assistant inspected song:zahqanamellait:lyricist: Who wrote the lyrics of Shams's Zahqana Mellait? (Adnan Al Amir) against song:tabra:lyricist: Who wrote the lyrics of Nawal's Tabra? (Abdul Latif Al Bannai). These identify different works, different institutions or different artist attributes. The review excluded the protected Shadi stage-name fact and Sawt instrument facts while authoring. Different song credits, artist instruments, labels, collaborators and musical genres remain separate relations; no retained pair asks the same relation about the same entity."
"kuwaiti_music_v2_199/gulf_music_v2_151","c1002b05c79daf11f70d1a600f3d438451f1d769fe4530b3f7e627bfa5e820a1","distinct","Assistant inspected song:zahqanamellait:lyricist: Who wrote the lyrics of Shams's Zahqana Mellait? (Adnan Al Amir) against song:yashams:lyricist: Who wrote the lyrics of Nabeel Shuail's Ya Shams? (Abdul Latif Al Bannai). These identify different works, different institutions or different artist attributes. The review excluded the protected Shadi stage-name fact and Sawt instrument facts while authoring. Different song credits, artist instruments, labels, collaborators and musical genres remain separate relations; no retained pair asks the same relation about the same entity."
"kuwaiti_music_v2_199/gulf_music_v2_155","4f0eb5c7e47ebffc7d3b66aa67df8c0110724640a265f9701abe87efe11d4c66","distinct","Assistant inspected song:zahqanamellait:lyricist: Who wrote the lyrics of Shams's Zahqana Mellait? (Adnan Al Amir) against song:sedqni:lyricist: Who wrote the lyrics of Rabeh Saqer's Sedqni? (Mansour Al Shadi). These identify different works, different institutions or different artist attributes. The review excluded the protected Shadi stage-name fact and Sawt instrument facts while authoring. Different song credits, artist instruments, labels, collaborators and musical genres remain separate relations; no retained pair asks the same relation about the same entity."
"kuwaiti_music_v2_199/gulf_music_v2_166","08e5d7ab9d8f2dc5ad1a5b18e63b3648c86b92207aee3707dd4c29d32fbc7f0a","distinct","Assistant inspected song:zahqanamellait:lyricist: Who wrote the lyrics of Shams's Zahqana Mellait? (Adnan Al Amir) against song:maqadir:lyricist: Who wrote the lyrics of Talal Maddah's Maqadir? (Prince Mohammed Al Abdullah Al Faisal). These identify different works, different institutions or different artist attributes. The review excluded the protected Shadi stage-name fact and Sawt instrument facts while authoring. Different song credits, artist instruments, labels, collaborators and musical genres remain separate relations; no retained pair asks the same relation about the same entity."
"kuwaiti_music_v2_199/gulf_music_v2_171","814443973914569ba814716ffad8ddac57d73f9a4579e32226cd7821fde51b89","distinct","Assistant inspected song:zahqanamellait:lyricist: Who wrote the lyrics of Shams's Zahqana Mellait? (Adnan Al Amir) against song:nasetni:lyricist: Who wrote the lyrics of Ayed's Nasetni? (Fahad Al Mosaed). These identify different works, different institutions or different artist attributes. The review excluded the protected Shadi stage-name fact and Sawt instrument facts while authoring. Different song credits, artist instruments, labels, collaborators and musical genres remain separate relations; no retained pair asks the same relation about the same entity."
"kuwaiti_music_v2_199/gulf_music_v2_175","183000acaa788dfb72cc244fb0e7325a1ee3ce07951e7286c496b54cb24f193d","distinct","Assistant inspected song:zahqanamellait:lyricist: Who wrote the lyrics of Shams's Zahqana Mellait? (Adnan Al Amir) against song:shamsbayni:lyricist: Who wrote the lyrics of Aseel Abu Bakr's Shams Bayni Wabaynak? (Mohammed Al Qarni). These identify different works, different institutions or different artist attributes. The review excluded the protected Shadi stage-name fact and Sawt instrument facts while authoring. Different song credits, artist instruments, labels, collaborators and musical genres remain separate relations; no retained pair asks the same relation about the same entity."
"kuwaiti_music_v2_199/gulf_music_v2_184","6688c7650df571c5ed5810f6941fc4cec92d7740bdf8c32c2872fe34219590e7","distinct","Assistant inspected song:zahqanamellait:lyricist: Who wrote the lyrics of Shams's Zahqana Mellait? (Adnan Al Amir) against song:tahadedninawal:lyricist: Who wrote the lyrics of Nawal's Tahadedni? (Saud Al Shubrmi). These identify different works, different institutions or different artist attributes. The review excluded the protected Shadi stage-name fact and Sawt instrument facts while authoring. Different song credits, artist instruments, labels, collaborators and musical genres remain separate relations; no retained pair asks the same relation about the same entity."
"kuwaiti_music_v2_199/gulf_music_v2_186","b6ab519b1756071e6d4fa1cdf11946d827e5af76c79bc6e17e57fd47b5d32466","distinct","Assistant inspected song:zahqanamellait:lyricist: Who wrote the lyrics of Shams's Zahqana Mellait? (Adnan Al Amir) against song:ygolon:lyricist: Who wrote the lyrics of Nabeel Shuail's Ygolon? (Ahmad Al Sanea). These identify different works, different institutions or different artist attributes. The review excluded the protected Shadi stage-name fact and Sawt instrument facts while authoring. Different song credits, artist instruments, labels, collaborators and musical genres remain separate relations; no retained pair asks the same relation about the same entity."
"kuwaiti_music_v2_199/gulf_music_v2_193","b686f70168887bb3c08cb12d0cc7b22e91d9f122afcc7facafb7c066bd766ad6","distinct","Assistant inspected song:zahqanamellait:lyricist: Who wrote the lyrics of Shams's Zahqana Mellait? (Adnan Al Amir) against song:mozhela:lyricist: Who wrote the lyrics of Mohammed Abdu's Mozhela? (Prince Abdulrahman bin Musaed). These identify different works, different institutions or different artist attributes. The review excluded the protected Shadi stage-name fact and Sawt instrument facts while authoring. Different song credits, artist instruments, labels, collaborators and musical genres remain separate relations; no retained pair asks the same relation about the same entity."
"kuwaiti_music_v2_200/gulf_music_v2_147","16ad0a659009ecd4f90cf52ae191e6081bb4ffd470fcb2bcfb25261ddac0146d","distinct","Assistant inspected song:wenwen:lyricist: Who wrote the lyrics of Hamad Al Qattan's Wen Wen? (Abdullah Al Omani) against song:tarban:lyricist: Who wrote the lyrics of Salah Al Zadjali's Tarban? (Haitham Al Busaidi). These identify different works, different institutions or different artist attributes. The review excluded the protected Shadi stage-name fact and Sawt instrument facts while authoring. Different song credits, artist instruments, labels, collaborators and musical genres remain separate relations; no retained pair asks the same relation about the same entity."
"kuwaiti_music_v2_200/gulf_music_v2_149","72ae7daf99a95abafff4ec43919d40cda8abd19a6f3832a138badeb356ff895a","distinct","Assistant inspected song:wenwen:lyricist: Who wrote the lyrics of Hamad Al Qattan's Wen Wen? (Abdullah Al Omani) against song:batalna:lyricist: Who wrote the lyrics of Fahad Al Kubaisi's Batalna? (Saad Al Mosallam). These identify different works, different institutions or different artist attributes. The review excluded the protected Shadi stage-name fact and Sawt instrument facts while authoring. Different song credits, artist instruments, labels, collaborators and musical genres remain separate relations; no retained pair asks the same relation about the same entity."
"kuwaiti_music_v2_200/gulf_music_v2_150","48017a6b67bcac519e3a135cd5da10a3f3892ec95b245105ce4e0a031f047625","distinct","Assistant inspected song:wenwen:lyricist: Who wrote the lyrics of Hamad Al Qattan's Wen Wen? (Abdullah Al Omani) against song:tabra:lyricist: Who wrote the lyrics of Nawal's Tabra? (Abdul Latif Al Bannai). These identify different works, different institutions or different artist attributes. The review excluded the protected Shadi stage-name fact and Sawt instrument facts while authoring. Different song credits, artist instruments, labels, collaborators and musical genres remain separate relations; no retained pair asks the same relation about the same entity."
"kuwaiti_music_v2_200/gulf_music_v2_152","ae283b1340a3fe2584ec3107ac494db9f3db39287a1e6ddccf58234d9c5e623a","distinct","Assistant inspected song:wenwen:lyricist: Who wrote the lyrics of Hamad Al Qattan's Wen Wen? (Abdullah Al Omani) against song:musafir:lyricist: Who wrote the lyrics of Rashed Al Majid's Al Musafir? (Badr bin Abdulmohsen). These identify different works, different institutions or different artist attributes. The review excluded the protected Shadi stage-name fact and Sawt instrument facts while authoring. Different song credits, artist instruments, labels, collaborators and musical genres remain separate relations; no retained pair asks the same relation about the same entity."
"kuwaiti_music_v2_200/gulf_music_v2_153","735813ac6847a6f415643b6f60cdf40ad58202a1fd88a42130a0296f3757a003","distinct","Assistant inspected song:wenwen:lyricist: Who wrote the lyrics of Hamad Al Qattan's Wen Wen? (Abdullah Al Omani) against song:alamaken:lyricist: Who wrote the lyrics of Mohammed Abdu's Al Amaken? (Mansour Al Shadi). These identify different works, different institutions or different artist attributes. The review excluded the protected Shadi stage-name fact and Sawt instrument facts while authoring. Different song credits, artist instruments, labels, collaborators and musical genres remain separate relations; no retained pair asks the same relation about the same entity."
"kuwaiti_music_v2_200/gulf_music_v2_154","5d5e49d175f49e0cfeffbf73c2b03a69070bd210aa27e2ed8e42ca9059aa99b1","distinct","Assistant inspected song:wenwen:lyricist: Who wrote the lyrics of Hamad Al Qattan's Wen Wen? (Abdullah Al Omani) against song:rahalty:lyricist: Who wrote the lyrics of Abdullah Al Rowaished's Rahalty? (Abdul Latif Al Bannai). These identify different works, different institutions or different artist attributes. The review excluded the protected Shadi stage-name fact and Sawt instrument facts while authoring. Different song credits, artist instruments, labels, collaborators and musical genres remain separate relations; no retained pair asks the same relation about the same entity."
"kuwaiti_music_v2_200/gulf_music_v2_163","bbfe1113cd48d0a14bfe72bb80ac6ff10a511c904afbeea064b0a96dfbd3a2bc","distinct","Assistant inspected song:wenwen:lyricist: Who wrote the lyrics of Hamad Al Qattan's Wen Wen? (Abdullah Al Omani) against song:sikkataweela:lyricist: Who wrote the lyrics of Abadi Al Johar's Sikka Taweela? (Saud Salem). These identify different works, different institutions or different artist attributes. The review excluded the protected Shadi stage-name fact and Sawt instrument facts while authoring. Different song credits, artist instruments, labels, collaborators and musical genres remain separate relations; no retained pair asks the same relation about the same entity."
"kuwaiti_music_v2_200/gulf_music_v2_169","b7eca251b3003f95eb08cbbd5e84393dfde598dd90fffff041a33c67947910fd","distinct","Assistant inspected song:wenwen:lyricist: Who wrote the lyrics of Hamad Al Qattan's Wen Wen? (Abdullah Al Omani) against song:hekayatnai:lyricist: Who wrote the lyrics of Salah Al Zadjali's Hekayat Nai? (Hameed Al Bloushi). These identify different works, different institutions or different artist attributes. The review excluded the protected Shadi stage-name fact and Sawt instrument facts while authoring. Different song credits, artist instruments, labels, collaborators and musical genres remain separate relations; no retained pair asks the same relation about the same entity."
"kuwaiti_music_v2_200/gulf_music_v2_171","3b287b3922a9d1ed995a2b9fa2892e4d73b0e8652af6168bea8d5889a0e6b5e2","distinct","Assistant inspected song:wenwen:lyricist: Who wrote the lyrics of Hamad Al Qattan's Wen Wen? (Abdullah Al Omani) against song:nasetni:lyricist: Who wrote the lyrics of Ayed's Nasetni? (Fahad Al Mosaed). These identify different works, different institutions or different artist attributes. The review excluded the protected Shadi stage-name fact and Sawt instrument facts while authoring. Different song credits, artist instruments, labels, collaborators and musical genres remain separate relations; no retained pair asks the same relation about the same entity."
"kuwaiti_music_v2_200/gulf_music_v2_174","ad0a1fdf60280020f93541fd91cbd6ec4dd34af15c8af80d1ea5b291a29e60f1","distinct","Assistant inspected song:wenwen:lyricist: Who wrote the lyrics of Hamad Al Qattan's Wen Wen? (Abdullah Al Omani) against song:qulubsahiya:lyricist: Who wrote the lyrics of Nawal's Al Quloub Al Sahiya? (Yousef Al Sabri). These identify different works, different institutions or different artist attributes. The review excluded the protected Shadi stage-name fact and Sawt instrument facts while authoring. Different song credits, artist instruments, labels, collaborators and musical genres remain separate relations; no retained pair asks the same relation about the same entity."
"kuwaiti_music_v2_200/gulf_music_v2_183","424c99f587f18ae6ba6e166032d1452abaa18aa81b318801aa2202a3c2c9f076","distinct","Assistant inspected song:wenwen:lyricist: Who wrote the lyrics of Hamad Al Qattan's Wen Wen? (Abdullah Al Omani) against song:methelqalbk:lyricist: Who wrote the lyrics of Rashed Al Majid's Methel Qalbk? (Turki Al Sheikh). These identify different works, different institutions or different artist attributes. The review excluded the protected Shadi stage-name fact and Sawt instrument facts while authoring. Different song credits, artist instruments, labels, collaborators and musical genres remain separate relations; no retained pair asks the same relation about the same entity."
"kuwaiti_music_v2_200/gulf_music_v2_184","26b29460e6aae589689f100a227b1d95078c4ff01df7b843aaef43fcc5143e76","distinct","Assistant inspected song:wenwen:lyricist: Who wrote the lyrics of Hamad Al Qattan's Wen Wen? (Abdullah Al Omani) against song:tahadedninawal:lyricist: Who wrote the lyrics of Nawal's Tahadedni? (Saud Al Shubrmi). These identify different works, different institutions or different artist attributes. The review excluded the protected Shadi stage-name fact and Sawt instrument facts while authoring. Different song credits, artist instruments, labels, collaborators and musical genres remain separate relations; no retained pair asks the same relation about the same entity."
"kuwaiti_music_v2_200/gulf_music_v2_194","2c4d5792b94e0bfd897525e5f96e76c32dfa1c72ad203781b5a12c49bbb778b1","distinct","Assistant inspected song:wenwen:lyricist: Who wrote the lyrics of Hamad Al Qattan's Wen Wen? (Abdullah Al Omani) against song:absher:lyricist: Who wrote the lyrics of Rashed Al Majid's Absher? (Rashed bin Juaythen). These identify different works, different institutions or different artist attributes. The review excluded the protected Shadi stage-name fact and Sawt instrument facts while authoring. Different song credits, artist instruments, labels, collaborators and musical genres remain separate relations; no retained pair asks the same relation about the same entity."
"kuwaiti_music_v2_200/gulf_music_v2_196","308625cd9a67b05ec94fa3f4570853795e4d6d54c6bdfec7434ba306219f5c46","distinct","Assistant inspected song:wenwen:lyricist: Who wrote the lyrics of Hamad Al Qattan's Wen Wen? (Abdullah Al Omani) against song:qalootara:lyricist: Who wrote the lyrics of Abadi Al Johar's Qaloo Tara? (Prince Abdulrahman bin Musaed). These identify different works, different institutions or different artist attributes. The review excluded the protected Shadi stage-name fact and Sawt instrument facts while authoring. Different song credits, artist instruments, labels, collaborators and musical genres remain separate relations; no retained pair asks the same relation about the same entity."
"kuwaiti_music_v2_200/gulf_music_v2_197","8b3f2f1352b783f3fa015f1a146c0c68312e236e42316c42009e67d8602209ba","distinct","Assistant inspected song:wenwen:lyricist: Who wrote the lyrics of Hamad Al Qattan's Wen Wen? (Abdullah Al Omani) against song:methlnaseem:lyricist: Who wrote the lyrics of Nawal's Methl Al Naseem? (Fahad Al Mosaed). These identify different works, different institutions or different artist attributes. The review excluded the protected Shadi stage-name fact and Sawt instrument facts while authoring. Different song credits, artist instruments, labels, collaborators and musical genres remain separate relations; no retained pair asks the same relation about the same entity."
"kuwaiti_music_v2_200/gulf_music_v2_199","34c8566c86ad990d39fe3a7a405e3646115e7d64b050a3915ffefd7140b7e3a1","distinct","Assistant inspected song:wenwen:lyricist: Who wrote the lyrics of Hamad Al Qattan's Wen Wen? (Abdullah Al Omani) against song:yarahleen:lyricist: Who wrote the lyrics of Salah Al Zadjali's Ya Rahleen? (Hameed Al Bloushi). These identify different works, different institutions or different artist attributes. The review excluded the protected Shadi stage-name fact and Sawt instrument facts while authoring. Different song credits, artist instruments, labels, collaborators and musical genres remain separate relations; no retained pair asks the same relation about the same entity."
"kuwaiti_music_v2_200/gulf_music_v2_203","c600b36c046ad93480a4b8b0fc0ff17b5bca985a171cca24c276e9f742f09e5b","distinct","Assistant inspected song:wenwen:lyricist: Who wrote the lyrics of Hamad Al Qattan's Wen Wen? (Abdullah Al Omani) against song:tenadeek:lyricist: Who wrote the lyrics of Majid Al Mohandis's Tenadeek? (Yasser Al Twaijri). These identify different works, different institutions or different artist attributes. The review excluded the protected Shadi stage-name fact and Sawt instrument facts while authoring. Different song credits, artist instruments, labels, collaborators and musical genres remain separate relations; no retained pair asks the same relation about the same entity."
"kuwaiti_music_v2_202/gulf_music_v2_147","f56427fd925439a7ad13c25b95d47e7a7592094d6841391033a7064a033a70b5","distinct","Assistant inspected song:masmouh:lyricist: Who wrote the lyrics of Ghareed Al Shati's Masmouh? (Bader Borsli) against song:tarban:lyricist: Who wrote the lyrics of Salah Al Zadjali's Tarban? (Haitham Al Busaidi). These identify different works, different institutions or different artist attributes. The review excluded the protected Shadi stage-name fact and Sawt instrument facts while authoring. Different song credits, artist instruments, labels, collaborators and musical genres remain separate relations; no retained pair asks the same relation about the same entity."
"kuwaiti_music_v2_202/gulf_music_v2_149","421ce9028138b353f384a6223474593799737e37f08359fe632ea799d0d35f21","distinct","Assistant inspected song:masmouh:lyricist: Who wrote the lyrics of Ghareed Al Shati's Masmouh? (Bader Borsli) against song:batalna:lyricist: Who wrote the lyrics of Fahad Al Kubaisi's Batalna? (Saad Al Mosallam). These identify different works, different institutions or different artist attributes. The review excluded the protected Shadi stage-name fact and Sawt instrument facts while authoring. Different song credits, artist instruments, labels, collaborators and musical genres remain separate relations; no retained pair asks the same relation about the same entity."
"kuwaiti_music_v2_202/gulf_music_v2_150","f365a8151f89bacbd720d1de3af1d530cc5f869e3166fc39ffa1fd056e07d5c7","distinct","Assistant inspected song:masmouh:lyricist: Who wrote the lyrics of Ghareed Al Shati's Masmouh? (Bader Borsli) against song:tabra:lyricist: Who wrote the lyrics of Nawal's Tabra? (Abdul Latif Al Bannai). These identify different works, different institutions or different artist attributes. The review excluded the protected Shadi stage-name fact and Sawt instrument facts while authoring. Different song credits, artist instruments, labels, collaborators and musical genres remain separate relations; no retained pair asks the same relation about the same entity."
"kuwaiti_music_v2_202/gulf_music_v2_152","46e9dd6b521c377e74d62b471f63b6b796d97d9a81362c1967f6e0cf7858ec3c","distinct","Assistant inspected song:masmouh:lyricist: Who wrote the lyrics of Ghareed Al Shati's Masmouh? (Bader Borsli) against song:musafir:lyricist: Who wrote the lyrics of Rashed Al Majid's Al Musafir? (Badr bin Abdulmohsen). These identify different works, different institutions or different artist attributes. The review excluded the protected Shadi stage-name fact and Sawt instrument facts while authoring. Different song credits, artist instruments, labels, collaborators and musical genres remain separate relations; no retained pair asks the same relation about the same entity."
"kuwaiti_music_v2_202/gulf_music_v2_153","77bc6cffd24dec3742a77789dc7d421dd536e033d7b5f46a5787e02ef8852e94","distinct","Assistant inspected song:masmouh:lyricist: Who wrote the lyrics of Ghareed Al Shati's Masmouh? (Bader Borsli) against song:alamaken:lyricist: Who wrote the lyrics of Mohammed Abdu's Al Amaken? (Mansour Al Shadi). These identify different works, different institutions or different artist attributes. The review excluded the protected Shadi stage-name fact and Sawt instrument facts while authoring. Different song credits, artist instruments, labels, collaborators and musical genres remain separate relations; no retained pair asks the same relation about the same entity."
"kuwaiti_music_v2_202/gulf_music_v2_154","ece1a0ad4ba9361f793c668633c8ae6ca12aba17f2060b051eb91124e3ef79d7","distinct","Assistant inspected song:masmouh:lyricist: Who wrote the lyrics of Ghareed Al Shati's Masmouh? (Bader Borsli) against song:rahalty:lyricist: Who wrote the lyrics of Abdullah Al Rowaished's Rahalty? (Abdul Latif Al Bannai). These identify different works, different institutions or different artist attributes. The review excluded the protected Shadi stage-name fact and Sawt instrument facts while authoring. Different song credits, artist instruments, labels, collaborators and musical genres remain separate relations; no retained pair asks the same relation about the same entity."
"kuwaiti_music_v2_202/gulf_music_v2_163","0e5ef34532772464e47d6ffef29b3a2c95bfa96956ced0f6e727f47da5619d31","distinct","Assistant inspected song:masmouh:lyricist: Who wrote the lyrics of Ghareed Al Shati's Masmouh? (Bader Borsli) against song:sikkataweela:lyricist: Who wrote the lyrics of Abadi Al Johar's Sikka Taweela? (Saud Salem). These identify different works, different institutions or different artist attributes. The review excluded the protected Shadi stage-name fact and Sawt instrument facts while authoring. Different song credits, artist instruments, labels, collaborators and musical genres remain separate relations; no retained pair asks the same relation about the same entity."
"kuwaiti_music_v2_202/gulf_music_v2_169","4d098e0516c50a719b3f768b553f8a54a0dad8016378425dfe1cabe8b518b87b","distinct","Assistant inspected song:masmouh:lyricist: Who wrote the lyrics of Ghareed Al Shati's Masmouh? (Bader Borsli) against song:hekayatnai:lyricist: Who wrote the lyrics of Salah Al Zadjali's Hekayat Nai? (Hameed Al Bloushi). These identify different works, different institutions or different artist attributes. The review excluded the protected Shadi stage-name fact and Sawt instrument facts while authoring. Different song credits, artist instruments, labels, collaborators and musical genres remain separate relations; no retained pair asks the same relation about the same entity."
"kuwaiti_music_v2_202/gulf_music_v2_171","cb5944ddf133fe6a383df42a9652ef177421393e82ed4f255139e8cc87af3665","distinct","Assistant inspected song:masmouh:lyricist: Who wrote the lyrics of Ghareed Al Shati's Masmouh? (Bader Borsli) against song:nasetni:lyricist: Who wrote the lyrics of Ayed's Nasetni? (Fahad Al Mosaed). These identify different works, different institutions or different artist attributes. The review excluded the protected Shadi stage-name fact and Sawt instrument facts while authoring. Different song credits, artist instruments, labels, collaborators and musical genres remain separate relations; no retained pair asks the same relation about the same entity."
"kuwaiti_music_v2_202/gulf_music_v2_174","3689e84ecb7d338e2553a6ebb06bd38e901a4285d26a0e7b0267a83e981fa50c","distinct","Assistant inspected song:masmouh:lyricist: Who wrote the lyrics of Ghareed Al Shati's Masmouh? (Bader Borsli) against song:qulubsahiya:lyricist: Who wrote the lyrics of Nawal's Al Quloub Al Sahiya? (Yousef Al Sabri). These identify different works, different institutions or different artist attributes. The review excluded the protected Shadi stage-name fact and Sawt instrument facts while authoring. Different song credits, artist instruments, labels, collaborators and musical genres remain separate relations; no retained pair asks the same relation about the same entity."
"kuwaiti_music_v2_202/gulf_music_v2_183","07d47ab48e1d38602aeba32bdbbd830bb14c37e88d80aa49512493b31e8bf738","distinct","Assistant inspected song:masmouh:lyricist: Who wrote the lyrics of Ghareed Al Shati's Masmouh? (Bader Borsli) against song:methelqalbk:lyricist: Who wrote the lyrics of Rashed Al Majid's Methel Qalbk? (Turki Al Sheikh). These identify different works, different institutions or different artist attributes. The review excluded the protected Shadi stage-name fact and Sawt instrument facts while authoring. Different song credits, artist instruments, labels, collaborators and musical genres remain separate relations; no retained pair asks the same relation about the same entity."
"kuwaiti_music_v2_202/gulf_music_v2_184","3eba8186c2a6eee046d348aaffd2ed049ba8777160b6a27db1dd57532ef85388","distinct","Assistant inspected song:masmouh:lyricist: Who wrote the lyrics of Ghareed Al Shati's Masmouh? (Bader Borsli) against song:tahadedninawal:lyricist: Who wrote the lyrics of Nawal's Tahadedni? (Saud Al Shubrmi). These identify different works, different institutions or different artist attributes. The review excluded the protected Shadi stage-name fact and Sawt instrument facts while authoring. Different song credits, artist instruments, labels, collaborators and musical genres remain separate relations; no retained pair asks the same relation about the same entity."
"kuwaiti_music_v2_202/gulf_music_v2_194","e573cd982cb3298dc260124b71facb07128ee5b82e77b9288fb9c27d4859b25f","distinct","Assistant inspected song:masmouh:lyricist: Who wrote the lyrics of Ghareed Al Shati's Masmouh? (Bader Borsli) against song:absher:lyricist: Who wrote the lyrics of Rashed Al Majid's Absher? (Rashed bin Juaythen). These identify different works, different institutions or different artist attributes. The review excluded the protected Shadi stage-name fact and Sawt instrument facts while authoring. Different song credits, artist instruments, labels, collaborators and musical genres remain separate relations; no retained pair asks the same relation about the same entity."
"kuwaiti_music_v2_202/gulf_music_v2_196","1f89c82b12ab48799a955ee6ef75d78a0714540d33ab26b19e9a57c6778c9fdb","distinct","Assistant inspected song:masmouh:lyricist: Who wrote the lyrics of Ghareed Al Shati's Masmouh? (Bader Borsli) against song:qalootara:lyricist: Who wrote the lyrics of Abadi Al Johar's Qaloo Tara? (Prince Abdulrahman bin Musaed). These identify different works, different institutions or different artist attributes. The review excluded the protected Shadi stage-name fact and Sawt instrument facts while authoring. Different song credits, artist instruments, labels, collaborators and musical genres remain separate relations; no retained pair asks the same relation about the same entity."
"kuwaiti_music_v2_202/gulf_music_v2_197","1c5430119ed30382bb23ddf434a1796ccb78239baff3394b68a369236c73efd3","distinct","Assistant inspected song:masmouh:lyricist: Who wrote the lyrics of Ghareed Al Shati's Masmouh? (Bader Borsli) against song:methlnaseem:lyricist: Who wrote the lyrics of Nawal's Methl Al Naseem? (Fahad Al Mosaed). These identify different works, different institutions or different artist attributes. The review excluded the protected Shadi stage-name fact and Sawt instrument facts while authoring. Different song credits, artist instruments, labels, collaborators and musical genres remain separate relations; no retained pair asks the same relation about the same entity."
"kuwaiti_music_v2_202/gulf_music_v2_199","ed2ba91b24e1f8594a4a0485c3bc038f82348f5c9663af4ac3d27dd385441078","distinct","Assistant inspected song:masmouh:lyricist: Who wrote the lyrics of Ghareed Al Shati's Masmouh? (Bader Borsli) against song:yarahleen:lyricist: Who wrote the lyrics of Salah Al Zadjali's Ya Rahleen? (Hameed Al Bloushi). These identify different works, different institutions or different artist attributes. The review excluded the protected Shadi stage-name fact and Sawt instrument facts while authoring. Different song credits, artist instruments, labels, collaborators and musical genres remain separate relations; no retained pair asks the same relation about the same entity."
"kuwaiti_music_v2_202/gulf_music_v2_203","685f4647decc175ffcdf5d58fa1690fd7f697d44bf6066a1fef87102f75092d2","distinct","Assistant inspected song:masmouh:lyricist: Who wrote the lyrics of Ghareed Al Shati's Masmouh? (Bader Borsli) against song:tenadeek:lyricist: Who wrote the lyrics of Majid Al Mohandis's Tenadeek? (Yasser Al Twaijri). These identify different works, different institutions or different artist attributes. The review excluded the protected Shadi stage-name fact and Sawt instrument facts while authoring. Different song credits, artist instruments, labels, collaborators and musical genres remain separate relations; no retained pair asks the same relation about the same entity."
