"id","hash","factKey","source","evidenceVerified","translationParity","difficultyReviewed","distinctFact","reason"
"001","9ad9ad31bcc39f0dcd2401d2b67a5d9be528aff3e755b5525befa3bd848df49f","song:ajorelsout:singer","ajorelsout","yes","yes","yes","yes","Assistant reviewed Which Kuwaiti singer performs Ajor Elsoot, also known as Al Sawt Al Jareeh? Answer: AbdulKarim AbdulQader. Arabic and English request the same attribute. Evidence: Publisher description inspected 2026-10-08: AbdulKarim AbdulQader performs; lyrics AbdulLatif Al Bannai; music Anwar Abdullah. Upload date is not treated as the original release date. Difficulty: Recognition of performers, familiar songs, musical instruments and prominent artist identities."
"002","6f431a8e714ff27be67abc548f7c42a7a0ac3ee80308254e7e088f6809800e6a","song:shilohashila:performer","miami97","yes","yes","yes","yes","Assistant reviewed Which Kuwaiti band is famous for Shiloha Shila? Answer: Miami Band. Arabic and English request the same attribute. Evidence: Licensed catalogue inspected 2026-10-08 lists Shiloha Shila as a Miami Band track. Ambiguous combined composer/writer metadata is not used for role-specific questions. Difficulty: Recognition of performers, familiar songs, musical instruments and prominent artist identities."
"003","d7ef4df54dcbf5b667eaca57a1ab6bb78371b9f40986a168ffc3bb69eab94251","song:yaghali:guitaraperformer","yaghali","yes","yes","yes","yes","Assistant reviewed Which Kuwaiti band performs Ya Ghali on the album Qissati? Answer: Guitara Band. Arabic and English request the same attribute. Evidence: Licensed song page inspected 2026-10-08 identifies Guitara Band and the album Qissati. No lyrics are reproduced. Conflicting catalogue dates are not used. Difficulty: Recognition of performers, familiar songs, musical instruments and prominent artist identities."
"004","882c54a7701a2147262afe1a78976f14e5cd77ed610fdadeed5fd076d11da71e","song:kunanta:singer","kunanta","yes","yes","yes","yes","Assistant reviewed Which Kuwaiti artist performs Kun Anta? Answer: Humood AlKhudher. Arabic and English request the same attribute. Evidence: Official label recording inspected through indexed description 2026-10-08 identifies Humood AlKhudher. No upload date is used as the song's original release date. Difficulty: Recognition of performers, familiar songs, musical instruments and prominent artist identities."
"005","ea477fc0bbc39ce41b16221f6ed204785f47d5c08feb938a69079ac9985179ac","album:nawal:alard:artist","nawalard","yes","yes","yes","yes","Assistant reviewed Which female singer released Al Ard, the album containing Zenat Ayyami and Al Qasaid? Answer: Nawal. Arabic and English request the same attribute. Evidence: Label credits inspected 2026-10-08: Nawal's Al Ard; Zenat Ayyami lyrics Bader Borsli/music Meshaal Al Arouj; Al Qasaid lyrics Warifah/music Yazeed Al Khaled; Ala Mehlak music Jumana Jamal. No unsupported claims from the biographical closing paragraphs are used. Difficulty: Recognition of performers, familiar songs, musical instruments and prominent artist identities."
"006","9ca630b23edde79967c4ee7b8a8d2648417ac5cd76dfe1055c0a97057a6e2efa","song:leemarhelow:singer","leemarhelow","yes","yes","yes","yes","Assistant reviewed Which Kuwaiti singer performs Lee Mar El Helow? Answer: Abdullah Al Rowaished. Arabic and English request the same attribute. Evidence: Broadcaster's own performance video inspected through indexed title and description 2026-10-08 identifies Abdullah Al Rowaished and Lee Mar El Helow. Difficulty: Recognition of performers, familiar songs, musical instruments and prominent artist identities."
"007","89ff4c3c97a1cb185938073179c364043321eb1a00b448dec0da3eda267e0de1","song:yaassal:singer","yaassal","yes","yes","yes","yes","Assistant reviewed Which Kuwaiti singer performs Ya Assal on the album Shuail 2012? Answer: Nabeel Shuail. Arabic and English request the same attribute. Evidence: Verified label channel description inspected 2026-10-08; singer Nabeel Shuail, lyrics Ahmed Alawi, melody Nawaf Abdullah, album Shuail 2012. Upload year is not used as original song release year. Difficulty: Recognition of performers, familiar songs, musical instruments and prominent artist identities."
"008","2673c012adc45b9d0bbb0b6224ac2a96353daa6f28479baae91dd3ef770446c4","song:alaqtna:singer","alaqtna","yes","yes","yes","yes","Assistant reviewed Which Kuwaiti singer released Alaqtna in 2016? Answer: Abdulaziz Louis. Arabic and English request the same attribute. Evidence: Artist's official recording indexed description inspected 2026-10-08; Alaqtna 2016, lyricist Mishari Ibrahim, arranger Talal Al Eidan. Corroborated by the artist's original Al Rai interview article 691053. Difficulty: Recognition of performers, familiar songs, musical instruments and prominent artist identities."
"009","0b13620d6f5c1665b7d698102e7bab3ad36209bbdd54af0b9e9f73ab2a485263","song:wayedwayed:singer","mustafabeginnings","yes","yes","yes","yes","Assistant reviewed Which Kuwaiti singer performs the classic Wayed Wayed? Answer: Mustafa Ahmed. Arabic and English request the same attribute. Evidence: Interview inspected 2026-10-08: Wayed Wayed performed by Mustafa Ahmed, recorded Cairo 1965, lyrics Khalifa Al Abdullah; Rukn Al Huwat audition; Leish Tensa Al Ayyam recorded Kuwait Radio 1963, written and composed by AbdulRahman Al Bu'ayjan. Difficulty: Recognition of performers, familiar songs, musical instruments and prominent artist identities."
"010","7779a4a0ba818d2e8951f4f176e39a3f8cbccfc00da89d6a35f2b669a1139a4a","song:masmouh:ghareedsinger","ghareedarchive","yes","yes","yes","yes","Assistant reviewed Which Kuwaiti singer performs the classic recording of Masmouh? Answer: Ghareed Al Shati. Arabic and English request the same attribute. Evidence: Kuwait audiovisual archive page inspected 2026-10-08 lists Masmouh under Ghareed Al Shati; other covers are not described as his original works. Difficulty: Recognition of performers, familiar songs, musical instruments and prominent artist identities."
"011","9cf094fe1df9dcb6f2c973fe1af5435b769a5ff4355a18d7d3f29b8cf253d158","song:halaftomri:singer","halaftomri","yes","yes","yes","yes","Assistant reviewed Which Kuwaiti singer performs the classic Halaft Omri? Answer: Hussein Jassim. Arabic and English request the same attribute. Evidence: Inspected 2026-10-08: performer Hussein Jassim, composer Yousef Al Muhanna, lyricist Majed Sultan. Corroborated by NCCAL's indexed Al Qurain 22 Yousef Al Muhanna booklet; direct PDF retrieval returned 403, so the accessible newspaper is the recorded source. Difficulty: Recognition of performers, familiar songs, musical instruments and prominent artist identities."
"012","8fa7c2e67617600c2504e1a76f66547f20bd87d47abe069f35d3657e4162da62","song:etmaen:singer","etmaen","yes","yes","yes","yes","Assistant reviewed Which Kuwaiti singer performs Etmaen? Answer: Hammoud Naser. Arabic and English request the same attribute. Evidence: Publisher description inspected 2026-10-08: Hammoud Naser, Etmaen; director Nawaf Al Shammari, words Ali Al Matouq, music Ammar Al Bunni. Difficulty: Recognition of performers, familiar songs, musical instruments and prominent artist identities."
"013","2b3774ad2201f302759c87d2b48862f28f5878a515583a006aef448838b7bc68","song:yanarshebby:singer","yanarshebby","yes","yes","yes","yes","Assistant reviewed Which Kuwaiti singer performs Ya Nar Shebby? Answer: Mohammed Al Balushi. Arabic and English request the same attribute. Evidence: Licensed recording page inspected 2026-10-08 identifies Mohammed Al Balushi as performer of Ya Nar Shebby; no lyrics reproduced. Difficulty: Recognition of performers, familiar songs, musical instruments and prominent artist identities."
"014","8825eec9dfc50471cd0c23bb5c6fce1b3b10a72ea764495236aa2e34731dbae2","theme:alaldunyaalsalam:singer","balushirepertoire","yes","yes","yes","yes","Assistant reviewed Who sang the theme of the Kuwaiti television series Ala Al Dunya Al Salam? Answer: Mohammed Al Balushi. Arabic and English request the same attribute. Evidence: Inspected 2026-10-08: Ala Al Dunya Al Salam theme performed by Al Balushi, music Anwar Abdullah; Atqarrab words Abdul Imam Abdullah; Ya Bidayatna music Mohammed Al Rowaished; Mako Ella Ent music Ghannam Al Deikan. Displayed 1970 timestamp is unreliable and is not used. Difficulty: Recognition of performers, familiar songs, musical instruments and prominent artist identities."
"015","c818e4a74b161b8d2584f21e2aacac85eb874ac5d04de80d1a42c180631816a5","husseinjassim:teaching:subject","husseinrepertoire","yes","yes","yes","yes","Assistant reviewed What subject did singer Hussein Jassim teach in schools? Answer: Music education. Arabic and English request the same attribute. Evidence: Inspected 2026-10-08: Hikayat Bahar also called Ehna Wal Ayyam, lyrics Khaled Al Ayaf; Ya Ilah Al Kawn composed by Abdul Raouf Ismail; Ya Muairis lyrics Mubarak Al Hudaibi; Alik Saeed introduced Dazza rhythm; Hussein taught music. Difficulty: Recognition of performers, familiar songs, musical instruments and prominent artist identities."
"016","fbaf70b0a50825e183b6fc4d84759bc763e3a8f3b4da3f137b117a45075a1620","song:akoumislek:singer","akoumislek","yes","yes","yes","yes","Assistant reviewed Which female singer performs Akou Mislek? Answer: Nawal. Arabic and English request the same attribute. Evidence: Publisher page inspected 2026-10-08: Nawal performs Akou Mislek, lyrics Bader Borsli, music Meshaal Al Arouj. Changing view totals and marketing claims not used. Difficulty: Recognition of performers, familiar songs, musical instruments and prominent artist identities."
"017","a830fcb1bf0ffd801a103bc57eacffae1833e27c4f0384749a198bb951ec7478","song:ajmalbent:singercomposer","ajmalbent","yes","yes","yes","yes","Assistant reviewed Who sang and composed Ajmal Bent Fi Al Dunya? Answer: Abdulaziz Louis. Arabic and English request the same attribute. Evidence: Artist interview inspected 2026-10-08, line 108: Ajmal Bent Fi Al Dunya sung/composed by Louis, lyrics Athbi Al Dubaiss, arrangement Talal Al Eidan, mix/master Suhaib Al Awadi. Difficulty: Recognition of performers, familiar songs, musical instruments and prominent artist identities."
"018","d740d8e568616c0037fce98ae2e6bd69efa603edcc59393a079adb3a607a8136","bashar:breakthrough:programme","basharprofile","yes","yes","yes","yes","Assistant reviewed Which talent show's first season introduced Bashar Al Shatti to the public? Answer: Star Academy. Arabic and English request the same attribute. Evidence: Music publication inspected 2026-10-08: first-season Star Academy participant; second album Tani Marrah; Khalik Fahem Egyptian dialect; Eshlon Basber video directed by Hadi Al Bagouri; 2017 duet Ya Al Watan Ya Al Zibriqan with Ahlam. Conflicting album dates not used. Difficulty: Recognition of performers, familiar songs, musical instruments and prominent artist identities."
"019","24b1d90d9e294fd3707b437edd59cfdf7102017cd834c4fa45ca9ad5c1e50afb","song:yatir:writercomposer","yatir","yes","yes","yes","yes","Assistant reviewed Who wrote, composed and sang Ya Tir, featuring Daffy on rap? Answer: Bashar Al Shatti. Arabic and English request the same attribute. Evidence: Artist interview inspected 2026-10-08: Ya Tir written/composed/performed by Bashar, rapper Daffy appears, video director Reda Mohammed. Proposed album track counts not treated as released facts. Difficulty: Recognition of performers, familiar songs, musical instruments and prominent artist identities."
"020","705abd886a6ef06cc5ef4d629b1fcf15bc0cddb600d51119abb14873fc0a0543","aishaalmarta:musicalnickname","aishatribute","yes","yes","yes","yes","Assistant reviewed Which Kuwaiti female singer was nicknamed the Queen of Samri? Answer: Aisha Al Marta. Arabic and English request the same attribute. Evidence: Official programme inspected 2026-10-08: Queen of Samri Aisha Al Marta, acoustic presentation without microphones, rearranged and conducted by Dr Khaled Nouri. Difficulty: Recognition of performers, familiar songs, musical instruments and prominent artist identities."
"021","9eca10cc2b334b76f308c2e70692d5570e222b97235e873afeac649123d5bf45","song:weshjabni:singer","weshjabni","yes","yes","yes","yes","Assistant reviewed Which Kuwaiti female singer released Wesh Jabni through SoloFM in 2018? Answer: Fattouma. Arabic and English request the same attribute. Evidence: Verified publisher description inspected 2026-10-08: Fattouma, Wesh Jabni, 2018; lyrics Hisham Al Shurooqi, music Bader Al Thawadi, oud Jassim Jawad. No lyrics reproduced. Difficulty: Recognition of performers, familiar songs, musical instruments and prominent artist identities."
"022","76506ba875ac2c5cbd561ae27a1195d2a5ff9f18bd3475674bef4be769f5bdfb","song:ghamza:singer","ghamza","yes","yes","yes","yes","Assistant reviewed Which Kuwaiti artist released Ghamza in 2017? Answer: Ibrahim Dashti. Arabic and English request the same attribute. Evidence: Official Artist Channel description inspected 2026-10-08: 2017 Ghamza, singer Ibrahim Dashti; lyrics Mushrif Al Attabi; music, arrangement and mastering Hussam Kamil. No lyrics reproduced. Difficulty: Recognition of performers, familiar songs, musical instruments and prominent artist identities."
"023","fe72d2a48bbb28d39e1740a90e36b302430f8bca1ad67b1feadef2b97c16a738","awadhdoukhi:kunya","bufahmi","yes","yes","yes","yes","Assistant reviewed Which Kuwaiti singer was known as Bu Fahmi? Answer: Awadh Doukhi. Arabic and English request the same attribute. Evidence: Official tribute programme inspected 2026-10-08 identifies Bu Fahmi as Awadh Doukhi. Difficulty: Recognition of performers, familiar songs, musical instruments and prominent artist identities."
"024","f9caadf09f3041c1cf472bdbc135b1e718bbd3ac04e81b8e2f39cbc049320964","humood:label:2015","humoodprofile","yes","yes","yes","yes","Assistant reviewed Which label released Humood AlKhudher's Aseer Ahsan in 2015? Answer: Awakening Records. Arabic and English request the same attribute. Evidence: Artist label biography inspected 2026-10-08: signed January 2015, Aseer Ahsan; early Ummi Filisteen duet with Mishari Al Aradah; Indonesian Kun Anta version titled Jadi Diri Sendiri. Dynamic view and chart totals excluded. Difficulty: Recognition of performers, familiar songs, musical instruments and prominent artist identities."
"025","7728fb05558e0b469d8b32a047c0cc1745bcb6effe088e00641dfa3af0928b1d","song:haanatha:singer","haanatha","yes","yes","yes","yes","Assistant reviewed Which Kuwaiti artist performs the motivational song Ha Anatha? Answer: Humood AlKhudher. Arabic and English request the same attribute. Evidence: Publisher description inspected 2026-10-08: Humood AlKhudher performs Ha Anatha, words/music Saif Fadhel, arrangement Mustafa Ceceli. No lyrics reproduced. Difficulty: Recognition of performers, familiar songs, musical instruments and prominent artist identities."
"026","0bac24a52c155ca287e2c59cbbd5e79e20e11ef6f90d0b7ef81b926bedd29553","song:hataytakbrasi:singer","duwaihi2008","yes","yes","yes","yes","Assistant reviewed Which Kuwaiti singer performs Hataytak Brasi on his 2008 Hap release? Answer: Abdulaziz Al Duwaihi. Arabic and English request the same attribute. Evidence: Release report inspected 2026-10-08: Hataytak Brasi written/composed by Bashar Al Shatti; Jaat Taqul written/composed by Adnan Bishara; Lesh Ya Qalbi video directed by Charbel Youssef. Difficulty: Recognition of performers, familiar songs, musical instruments and prominent artist identities."
"027","52e1b0d105a0584d419932a46714b086f173a4868e2fad7df5268a870a3c5a48","album:faqedha:artist","dashtirepertoire","yes","yes","yes","yes","Assistant reviewed Which artist released Faqedha, the album containing Taf and Mushtaqin? Answer: Ibrahim Dashti. Arabic and English request the same attribute. Evidence: Inspected 2026-10-08: Faqedha album includes Taf/Mushtaqin; Sual Saghir music Fahad Al Nasser; Fi Ghiyabi music Abdullah Al Quoud. No lyrics reproduced. Difficulty: Recognition of performers, familiar songs, musical instruments and prominent artist identities."
"028","14a3e5f3a7603c701933532eb8669f02d45576a73ae0ee2345f46c8132b57e15","song:mafiahad:singercomposer","mafiahad","yes","yes","yes","yes","Assistant reviewed Who sang and composed the romantic song Mafi Ahad? Answer: Hamad Al Qattan. Arabic and English request the same attribute. Evidence: Official Artist Channel description inspected 2026-10-08: Hamad Al Qattan singer/composer, director Abdullah Al Arrak, 2016. No lyrics reproduced. Difficulty: Recognition of performers, familiar songs, musical instruments and prominent artist identities."
"029","441d74859d17926b47c9c7f3377eef729b27697c008c456e58bdbf9506149361","song:alhawaghallab:archiveperformer","abdullatifarchive","yes","yes","yes","yes","Assistant reviewed Which artist is credited with Al Hawa Ghallab in Kuwait's 51 archive? Answer: Abdul Latif Al Kuwaiti. Arabic and English request the same attribute. Evidence: Archive listing inspected 2026-10-08 explicitly labels Al Hawa Ghallab with Abdul Latif Al Kuwaiti; question refers to this recording without claiming exclusive original authorship. Difficulty: Recognition of performers, familiar songs, musical instruments and prominent artist identities."
"030","415caca40a0b2e849b32f7fa6243cbd2b6ba38aacc0a9253796dbc8fd7d6b5f2","sulaimanqassar:celebration","qassarwedding","yes","yes","yes","yes","Assistant reviewed Which type of musical celebration made Sulaiman Al Qassar and his folk band famous? Answer: Wedding celebrations. Arabic and English request the same attribute. Evidence: Official programme inspected 2026-10-08: Sulaiman Al Qassar's wedding repertoire, Dazza inspiration from Bahrain, adaptation of Baddawi into Dazza songs. Difficulty: Recognition of performers, familiar songs, musical instruments and prominent artist identities."
"031","7129d673ef41a99c51c12b9a46172bb4fff1301ebb8d9513f61b3a63560f49d9","song:yanabwalwafa:singer","mullatribute","yes","yes","yes","yes","Assistant reviewed Which Kuwaiti composer sang Ya Nab Al Wafa himself? Answer: Sulaiman Al Mulla. Arabic and English request the same attribute. Evidence: Official programme inspected 2026-10-08: early oud/violin accompanist; Kashafu Sir Al Hawa composed for Fahad Al Maas; own vocals Ya Nab Al Wafa; Watan Al Nahar recorded/released after Kuwait's liberation in 1991. Difficulty: Recognition of performers, familiar songs, musical instruments and prominent artist identities."
"032","79501a8d13ee4f713bf7213a67c1a554a297e79cd4f782ff18c3a95281a69132","song:qawialbas:singer","talalsam","yes","yes","yes","yes","Assistant reviewed Which artist released Qawi Al Bas ahead of his debut album in 2025? Answer: Talal Sam. Arabic and English request the same attribute. Evidence: Official programme inspected 2026-10-08 names Qawi Al Bas as pre-album single and debut album in November 2025; changing views excluded. Difficulty: Recognition of performers, familiar songs, musical instruments and prominent artist identities."
"033","cb681ad52cb9296a19a5b12ea74086b37257c7cae78e687e8454f25fbc08937d","song:sadqah:singer","maramsadqah","yes","yes","yes","yes","Assistant reviewed Which Kuwaiti female singer performs Sadqah? Answer: Maram. Arabic and English request the same attribute. Evidence: Verified label description inspected 2026-10-08 identifies Kuwaiti singer Maram and Sadqah. Difficulty: Recognition of performers, familiar songs, musical instruments and prominent artist identities."
"034","b5d3d9512ca816b1c2b71f02406bcdec60dd94369f959f54799e95ac33b8b44e","song:mistajela:singer","mistajela","yes","yes","yes","yes","Assistant reviewed Which Kuwaiti singer released Mistajela in 2022? Answer: Mesaed Al Baloushy. Arabic and English request the same attribute. Evidence: Verified label description inspected 2026-10-08: 2022 Mistajela by Mesaed Al Baloushy, words Saud Al Fulaih, music Nawaf Abdullah. No lyrics reproduced. Difficulty: Recognition of performers, familiar songs, musical instruments and prominent artist identities."
"035","7d580958b8c81d6e7c95b3b2d731f6485b695d1d1bfe0166e2ed653386a37e9a","song:sidratalaoshaq:singer","shadiarchive","yes","yes","yes","yes","Assistant reviewed Which Kuwaiti singer performs the classic recording of Sidrat Al Oshaq? Answer: Shadi Al Khaleej. Arabic and English request the same attribute. Evidence: Archive inspected 2026-10-08 labels Sidrat Al Oshaq as Shadi Al Khaleej recording; no exclusive performance claim. Difficulty: Recognition of performers, familiar songs, musical instruments and prominent artist identities."
"036","827e7a41020524635582acd0e5dd4dabaf1fd36f40a9e4a0b063c4e288003672","song:fidwalij:singer","hudaibiarchive","yes","yes","yes","yes","Assistant reviewed Which Kuwaiti singer is known for Fidwa Lij? Answer: Abdul Mohsen Al Muhanna. Arabic and English request the same attribute. Evidence: Archive inspected 2026-10-08 explicitly credits Abdul Mohsen Al Muhanna on Fidwa Lij. Difficulty: Recognition of performers, familiar songs, musical instruments and prominent artist identities."
"037","2119d589e283ce64df2bd10623d20da43e73402b6445c95461dd9b0b07ebbee0","song:raddataltayyara:femalevoice","sportssongs","yes","yes","yes","yes","Assistant reviewed Which actress sang Raddat Al Tayyara alongside Saleh Al Huraibi? Answer: Suad Abdullah. Arabic and English request the same attribute. Evidence: Official archive listing inspected 2026-10-08 labels Raddat Al Tayyara as a performance by Suad Abdullah and Saleh Al Huraibi. Difficulty: Recognition of performers, familiar songs, musical instruments and prominent artist identities."
"038","f4891528cefe9628cdcd9dcdb14fe69457f3a3fa6c28101710dd83b7997268f0","song:mayeshbehak:singer","mayeshbehak","yes","yes","yes","yes","Assistant reviewed Which Kuwaiti singer performs Ma Yeshbehak? Answer: Nabeel Shuail. Arabic and English request the same attribute. Evidence: Publisher report inspected 2026-10-08: singer Nabeel Shuail, words Shumoukh Al Aqla (Al Alia), music Yasser Bu Ali. Changing view count excluded. Difficulty: Recognition of performers, familiar songs, musical instruments and prominent artist identities."
"039","bf6d2e92bfd758e4d421d9143e20ced5d4f3aeccdf4c1e959459ac4ab1394e53","song:maqeltlak:singer","maqeltlak","yes","yes","yes","yes","Assistant reviewed Which Kuwaiti singer performs Ma Qelt Lak? Answer: Abdullah Al Rowaished. Arabic and English request the same attribute. Evidence: Publisher report inspected 2026-10-08: Abdullah Al Rowaished, words Meshaal Duhaim, music Nasser Al Saleh, director Ahmed Al Doghachi. No lyrics reproduced. Difficulty: Recognition of performers, familiar songs, musical instruments and prominent artist identities."
"040","a295a96f050bfbc6ac8ff356d40453c593eeabf11e9368be91a99d71e337b740","song:abeek:singercomposer","abeek","yes","yes","yes","yes","Assistant reviewed Who sang and composed Abeek, performed at Jalsat Wanasah 2017? Answer: Abdullah Al Rowaished. Arabic and English request the same attribute. Evidence: Verified publisher description inspected 2026-10-08: performer/composer Abdullah Al Rowaished, lyrics Abdul Latif Al Bannai. Performance edition 2017 distinct from upload date 2018; no lyrics reproduced. Difficulty: Recognition of performers, familiar songs, musical instruments and prominent artist identities."
"041","1f5a8e4aed77ec0139203e1a31d299a1bae2f0df65cc133162dbd475fc0bb8b4","song:mughroura:singer","mughroura","yes","yes","yes","yes","Assistant reviewed Which Kuwaiti female singer performs Mughroura? Answer: Maram. Arabic and English request the same attribute. Evidence: Contemporary release report inspected 2026-10-08: Maram Mughroura, music Sulaiman Al Mulla/lyrics Khaled Al Bathal; Taradaina music Yaqoub Al Khubaizi; Ahallifak Billah Ansa Al Zaal music Fahad Al Nasser/lyrics Nasser Al Shammari. Difficulty: Recognition of performers, familiar songs, musical instruments and prominent artist identities."
"042","eea7dcf1c1f6a7b962c75d16ded7b8b3a22fb5dd985a2bf6ec0bc651abe39ea4","song:jathibiya:writercomposersinger","hammoud2019","yes","yes","yes","yes","Assistant reviewed Who wrote, composed and sang Jathibiya on his 2019 album? Answer: Hammoud Naser. Arabic and English request the same attribute. Evidence: Artist interview inspected 2026-10-08: Jathibiya words/music/singer Hammoud Naser; Astaghrib lyrics Saher; Eshrat Omar all writing/composition/production Mishari Al Awadi; Baadah lyrics Mohammed Al Shuraidah. Difficulty: Recognition of performers, familiar songs, musical instruments and prominent artist identities."
"043","53b7be40b071f978337093f73854ebb7f2b25253bcb30a5d4a3259b28b485d83","mutrif:father:musician","mutriffamily","yes","yes","yes","yes","Assistant reviewed Which singer passed his musical talent on to his son Mutrif Al Mutrif? Answer: Youssef Al Mutrif. Arabic and English request the same attribute. Evidence: Official programme inspected 2026-10-08: singer Mutrif is Youssef's son; Youssef nicknamed Ambassador of Melancholy, excelled in Adeni genre and oud playing. Difficulty: Recognition of performers, familiar songs, musical instruments and prominent artist identities."
"044","36ff4e97d5bcaafb6e093616e4e1ca51bc5c0dcce48490c4a06230ebca0d16b2","youssefmutrif:stringinstrument","mutriffamily","yes","yes","yes","yes","Assistant reviewed Which string instrument was Youssef Al Mutrif known for playing alongside his singing? Answer: Oud. Arabic and English request the same attribute. Evidence: Official programme inspected 2026-10-08: singer Mutrif is Youssef's son; Youssef nicknamed Ambassador of Melancholy, excelled in Adeni genre and oud playing. Difficulty: Recognition of performers, familiar songs, musical instruments and prominent artist identities."
"045","871d5b1b66389a0e37badae220b06a393ee4ee520e74f1844bb6216173d55c01","song:fahhmouh:singer","fahhmouh","yes","yes","yes","yes","Assistant reviewed Who sings Fahhmouh? Answer: Mutrif Al Mutrif. Arabic and English request the same attribute. Evidence: Artist interview inspected 2026-10-08: singer Mutrif Al Mutrif, lyrics Saad Al Musallam, composition Fahad Al Nasser, arrangement Jarrah Al Sayigh. Difficulty: Recognition of performers, familiar songs, musical instruments and prominent artist identities."
"046","beae7627f4f7ba2b11e817d483661f45d830419603c1a617ea0f84305cf18d16","song:yijeeballahmatar:themevoice","matarvoice","yes","yes","yes","yes","Assistant reviewed Who sang the theme of the series Yijeeb Allah Matar? Answer: Mutrif Al Mutrif. Arabic and English request the same attribute. Evidence: Inspected 2026-10-08: theme sung by Mutrif Al Mutrif. Composer attribution conflicts with producer interview in Al Anba 1032490, so no composer question used. Difficulty: Recognition of performers, familiar songs, musical instruments and prominent artist identities."
"047","a09c8ab51773a1bbbba64675b748e0fb48a4e277a9bc2d77be2b50d0174fe9de","song:abshiriyaain:singer","abshiri","yes","yes","yes","yes","Assistant reviewed Who originally sang the Kuwaiti classic Abshiri Ya Ain? Answer: Aisha Al Marta. Arabic and English request the same attribute. Evidence: Indexed report inspected 2026-10-08: Abshiri Ya Ain originally Aisha Al Marta, lyrics Yousef Al Munee, composition Othman Al Sayed; independently corroborated by Arabic Music Library score catalogue. Difficulty: Recognition of performers, familiar songs, musical instruments and prominent artist identities."
"048","c545126ef0cc36c921751054d0c4cf15f0f2958ed3dc4ca49f89272652c5bf5b","song:samihni:singer","samihniidentity","yes","yes","yes","yes","Assistant reviewed Which Kuwaiti singer released Samihni in 2015? Answer: Shaymaa Sulaiman. Arabic and English request the same attribute. Evidence: Catalogue inspected 2026-10-08 identifies Shaymaa Sulaiman as performer; Al Rai artist interview dated 25 May 2015 confirms released single. Difficulty: Recognition of performers, familiar songs, musical instruments and prominent artist identities."
"049","c694627b5c76a05560493bdc879a0aeccd73b41430c2929b4d376a279a9a441b","song:alshougjabak:singer","shougjabak","yes","yes","yes","yes","Assistant reviewed Which singer performs Al Shoug Jabak? Answer: Nawal. Arabic and English request the same attribute. Evidence: Official artist description inspected 2026-10-08: Nawal, lyrics Saud bin Abdullah, composition Meshaal Al Arouj. No lyrics reproduced. Difficulty: Recognition of performers, familiar songs, musical instruments and prominent artist identities."
"050","3ed2d22762271def04d8b8445d2b2aabe23374b9cbb0f250b58636078b9f8bbb","song:anaraddait:singer","anaraddait","yes","yes","yes","yes","Assistant reviewed Who originally sang the Kuwaiti classic Ana Raddait? Answer: Abdul Karim Abdul Qader. Arabic and English request the same attribute. Evidence: Artist/composer interview inspected 2026-10-08 lists Ana Raddait among Abdul Karim Abdul Qader songs composed by Abdul Rab Idris. Difficulty: Recognition of performers, familiar songs, musical instruments and prominent artist identities."
"051","5b8a366fe2b81d411ce4ec3422ebac257c22245b2ec0753c024d3b22348c6adf","song:khatelkhatar:singer","khatelkhatar","yes","yes","yes","yes","Assistant reviewed Who released Khat El Khatar in 2021? Answer: Shams. Arabic and English request the same attribute. Evidence: Release report inspected 2026-10-08: Shams, lyrics Qusay Issa, composition Mahmoud Al Ghaith, arrangement Muhannad Al Ghazi; volatile view counts excluded. Difficulty: Recognition of performers, familiar songs, musical instruments and prominent artist identities."
"052","1365bd3a3a0a46b86de4b6745dd729bd179554bee0107f2ccd8902445c5071a1","song:zahqanamellait:singer","zahqana","yes","yes","yes","yes","Assistant reviewed Who sings Zahqana Mellait? Answer: Shams. Arabic and English request the same attribute. Evidence: Release report inspected 2026-10-08: singer Shams, lyrics Adnan Al Amir, composition Ali Saber, video director Fadi Haddad; no lyrics reproduced. Difficulty: Recognition of performers, familiar songs, musical instruments and prominent artist identities."
"053","b58b764a4ef7bbdb6ee9d87cdae245658d94d7787f7b3cfb1c80c55f8c1cd962","song:qanabel:singer","qanabel","yes","yes","yes","yes","Assistant reviewed Who sings Qanabel? Answer: Essa Al Marzouq. Arabic and English request the same attribute. Evidence: Official Artist Channel recording indexed and inspected 2026-10-08 identifies Essa Al Marzouq as performer; corroborated by licensed Anghami song 35188249. No release year inferred from reupload. Difficulty: Recognition of performers, familiar songs, musical instruments and prominent artist identities."
"054","355067fc530012d6ec2996b8a979ceace9ac75734d33658cc2f7b3c4c4b5b1ee","song:wenwen:singer","wenwen","yes","yes","yes","yes","Assistant reviewed Which Kuwaiti singer performed Wen Wen in a 2017 music video? Answer: Hamad Al Qattan. Arabic and English request the same attribute. Evidence: Indexed artist video description inspected 2026-10-08: 2017 video, singer Hamad Al Qattan, lyrics Abdullah Al Omani. Direct fetch unavailable; indexed credits used, no lyrics reproduced. Difficulty: Recognition of performers, familiar songs, musical instruments and prominent artist identities."
"055","17d5623146e5ad5e89b2947192f29765c2faa81df524ff00d6de6a619c7762e9","song:habait:singer","habait","yes","yes","yes","yes","Assistant reviewed Which Kuwaiti artist sings Habait? Answer: Khaled Al Mudhaffar. Arabic and English request the same attribute. Evidence: Music trade report inspected 2026-10-08: Habait by Khaled Al Mudhaffar, composition Muteb Al Faraj, arrangement Ali Al Matrouk. Chart position excluded. Difficulty: Recognition of performers, familiar songs, musical instruments and prominent artist identities."
"056","6567ab721bfe61317324aa47113adc27a21b741820ba4f2d5a02291fa52ebaef","song:alamaloshaq:partner","alamaloshaq","yes","yes","yes","yes","Assistant reviewed Who sang Alam Al Oshaq with Khaled Al Mudhaffar? Answer: Ayed. Arabic and English request the same attribute. Evidence: Music trade report inspected 2026-10-08: Alam Al Oshaq sung by Khaled Al Mudhaffar and Ayed, presented in play Al Awwal Min Naw'ih. Difficulty: Recognition of performers, familiar songs, musical instruments and prominent artist identities."
"057","1f597360b96625bde515b54de5a488e2f5e602ee5e73eccb0fb1301e4c07d96c","artist:essa:talentshow","essabio","yes","yes","yes","yes","Assistant reviewed Which talent show brought Essa Al Marzouq to fame? Answer: Star Academy. Arabic and English request the same attribute. Evidence: Interview indexed and inspected 2026-10-08: music diploma at Higher Institute of Musical Arts before ninth Star Academy season. No birth year or final placement used. Difficulty: Recognition of performers, familiar songs, musical instruments and prominent artist identities."
"058","337632fe453ec27221776b45d390acee600599d22f92688c2a7d47c701375ac4","artist:rashedhemli:instrument","hemli","yes","yes","yes","yes","Assistant reviewed Which string instrument is Kuwaiti artist Rashed Al Hemli known for playing? Answer: The oud. Arabic and English request the same attribute. Evidence: Official programme inspected 2026-10-08: oud style and early influence of Hamad Khalifa; also poet and composer; Adani and Aswat repertoire. Difficulty: Recognition of performers, familiar songs, musical instruments and prominent artist identities."
"059","8d4f3b62271329933d275f7d0364fb3cd03a0b5476d3dfb97de5b5adbdb924ed","maritime:naham:role","nahma","yes","yes","yes","yes","Assistant reviewed What was the singer accompanying sailors on old Kuwaiti ships called? Answer: The naham. Arabic and English request the same attribute. Evidence: KUNA specialist explanation indexed and inspected 2026-10-08: naham is ship's singer; khatfa accompanies raising sail; Kuwaiti Sankani includes surnai/mizmar. Distinct performer, work-song function and instrumental-genre facts. Difficulty: Recognition of performers, familiar songs, musical instruments and prominent artist identities."
"060","eea8148ce01181d4674f98a603e00693c3e2a0ef7b6f8a41bdeaa956c916fa8f","song:tadriwalamatadri:singer","tadri","yes","yes","yes","yes","Assistant reviewed Who sings the famous Gulf song Tadri Wala Ma Tadri? Answer: Nawal. Arabic and English request the same attribute. Evidence: Contemporary concert report inspected 2026-10-08: Nawal opens with Tadri Wala Ma Tadri; no date inferred from later video reupload. Difficulty: Recognition of performers, familiar songs, musical instruments and prominent artist identities."
"061","ee48cc86b55119c3489fe51709136ab7b79fac4dabae0187fc3f33441317622b","song:dandinmai:singer","dandin","yes","yes","yes","yes","Assistant reviewed Who sings Dandin Ma'i? Answer: Humood Al Khudher. Arabic and English request the same attribute. Evidence: Indexed label video inspected 2026-10-08 identifies Humood and album Matha Ba'd; licensed Anghami video 69152355 corroborates singer. Difficulty: Recognition of performers, familiar songs, musical instruments and prominent artist identities."
"062","50764823d6923ccd01a4e153d413b60478b0dabbb8b8226c7eadb64a332b6595","song:eelaa:duetpartner","eelaa","yes","yes","yes","yes","Assistant reviewed Who is Daffy's partner on the hit EE LAA? Answer: Flipperachi. Arabic and English request the same attribute. Evidence: Licensed catalogue inspected 2026-10-08 identifies Flipperachi and Daffy as performers of EE LAA. Difficulty: Recognition of performers, familiar songs, musical instruments and prominent artist identities."
"063","3bbc84fdf3c308bee6b579d4b539717374b9bf7f97d6975ae4f18fc5612b88ce","song:sabahalkhair:singer","sabah","yes","yes","yes","yes","Assistant reviewed Who sings Sabah Al Khair Ya Mudallal? Answer: Nabeel Shuail. Arabic and English request the same attribute. Evidence: Publisher article inspected 2026-10-08: Sabah Al Khair Ya Mudallal sung by Nabeel Shuail, music Emad Al Rumaithan and words Ahmed Al Sharqawi. Difficulty: Recognition of performers, familiar songs, musical instruments and prominent artist identities."
"064","8cf19aebd1c5128dd51f051209cff3901498079a3829491b9941a3e4b67835ca","song:mansak2000:singer","mansak","yes","yes","yes","yes","Assistant reviewed Who sings Mansak on the Shuail 2000 album? Answer: Nabeel Shuail. Arabic and English request the same attribute. Evidence: Official Artist Channel indexed description inspected 2026-10-08: Mansak, album Shuail 2000, words Khaled Al Hamrani, music Meshaal Al Arouj. Distinct from older Ana Mansak; no reupload date treated as release. Difficulty: Recognition of performers, familiar songs, musical instruments and prominent artist identities."
"065","a042a625f59576606e95c0e12dfbff88057d0746c31dae97ebba93aac5c85ecd","song:ahlaarous:singer","ahlaarous","yes","yes","yes","yes","Assistant reviewed Which Kuwaiti singer included Ahla Arous on her 2008 album? Answer: Fattouma. Arabic and English request the same attribute. Evidence: Contemporary release report indexed and inspected 2026-10-08 lists Ahla Arous in Fattouma 2008 tracklist. Conflicting poetry details elsewhere excluded. Difficulty: Recognition of performers, familiar songs, musical instruments and prominent artist identities."
"066","41ad2bdf7e18956448ccd4298f355419e3f0910d4493799942621ae8bdbaf078","song:yakafialshar:singer","mukhainicatalog","yes","yes","yes","yes","Assistant reviewed Who sings Ya Kafi Al Shar, composed by Majed Al Mukhaini? Answer: Mesaed Al Baloushy. Arabic and English request the same attribute. Evidence: Composer's catalogue inspected 2026-10-08: Ya Kafi Al Shar singer Mesaed Al Baloushy, words Mansour Al Fadhli; Mint Mithammil singer Bashar Al Shatti. Composer attribution in prompts supported by catalogue. Difficulty: Recognition of performers, familiar songs, musical instruments and prominent artist identities."
"067","7b4954a2126ad8cda178d97ac9786393af233f2e2121e93184be9a53835f27c0","song:alawaztali:singer","fadhalaclassics","yes","yes","yes","yes","Assistant reviewed Which early Kuwaiti singer was known for the samri song Ala Wa'azzatali? Answer: Abdullah Fadhala. Arabic and English request the same attribute. Evidence: Career account indexed and inspected 2026-10-08 identifies Ala Wa'azzatali among Abdullah Fadhala's famous samri songs; disputed birth year and total output excluded. Difficulty: Recognition of performers, familiar songs, musical instruments and prominent artist identities."
"068","64f5d38e054f3756b6635f80250b947461dd2f5467f77e56862145345fcd8e2d","song:mintmithammil:singer","mukhainicatalog","yes","yes","yes","yes","Assistant reviewed Who sings Mint Mithammil, composed by Majed Al Mukhaini? Answer: Bashar Al Shatti. Arabic and English request the same attribute. Evidence: Composer's catalogue inspected 2026-10-08: Ya Kafi Al Shar singer Mesaed Al Baloushy, words Mansour Al Fadhli; Mint Mithammil singer Bashar Al Shatti. Composer attribution in prompts supported by catalogue. Difficulty: Recognition of performers, familiar songs, musical instruments and prominent artist identities."
"069","bfa499eef537c0d6eebee245fb958c80a6bf80b0498fb7e3dcc4ccb4d74ccea2","song:ajorelsout:composer","ajorelsout","yes","yes","yes","yes","Assistant reviewed Who composed AbdulKarim AbdulQader's Ajor Elsoot? Answer: Anwar Abdullah. Arabic and English request the same attribute. Evidence: Publisher description inspected 2026-10-08: AbdulKarim AbdulQader performs; lyrics AbdulLatif Al Bannai; music Anwar Abdullah. Upload date is not treated as the original release date. Difficulty: Recall of albums, credited composers, musical collaborations, institutions or a less familiar artist attribute."
"070","8c5bb43eab3b8296376a5c352c13becda60402063d894832ce349970ecaad1e5","operetta:memoirsofasailor:originalfemalevoice","memoirssailor","yes","yes","yes","yes","Assistant reviewed Which female singer performed Memoirs of a Sailor alongside Shadi Al Khaleej when it was first presented in 1979? Answer: Sanaa Al Kharraz. Arabic and English request the same attribute. Evidence: Official programme inspected 2026-10-08: work written by Mohammed Al Fayez and composed by Ghannam Al Deikan; first presented in 1979 in the voices of Shadi Al Khaleej and Sanaa Al Kharraz. Revival credits are kept separate from original credits. Difficulty: Recall of albums, credited composers, musical collaborations, institutions or a less familiar artist attribute."
"071","492acaf10528b9183e5cbabbbfa59b0aa54be5a9a3a85b73276e9f1d27c40675","song:bastans:writercomposer","bastans","yes","yes","yes","yes","Assistant reviewed Who wrote and composed Miami Band's Bastans? Answer: Yousef Al Omani. Arabic and English request the same attribute. Evidence: Original reporting with band representative inspected 2026-10-08; 29 October 2015 introduction on Marina FM, words and melody Yousef Al Omani, production/mixing Adel Al Farhan. Later digital release metadata is not substituted for the 2015 introduction. Difficulty: Recall of albums, credited composers, musical collaborations, institutions or a less familiar artist attribute."
"072","8425a48a13c9bd017f95cf8fd76a5c4ff72ebced35f72c046b4cc43fa1774886","song:ahlagroup:guestvoice","ahlagroup","yes","yes","yes","yes","Assistant reviewed Which artist sang with Miami Band on Ahla Group and also wrote and composed it? Answer: Yousef Al Omani. Arabic and English request the same attribute. Evidence: Original interview inspected 2026-10-08: manager Saleh Al Abdulsalam says Yousef Al Omani wrote and composed Ahla Group and joined Miami Band in singing it. Difficulty: Recall of albums, credited composers, musical collaborations, institutions or a less familiar artist attribute."
"073","f1d63e72da57c95b8d233baa72e0d7195c4b9a986af55d5b0cf0dbb2bcaa36e8","song:kunanta:lyricist","kunantacredits","yes","yes","yes","yes","Assistant reviewed Who wrote the lyrics of Humood AlKhudher's Kun Anta? Answer: Saif Fadhel. Arabic and English request the same attribute. Evidence: Embedded official video description inspected 2026-10-08 explicitly credits Saif Fadhel for lyrics and Hamza Namira for arrangement and mixing; distinguishes those roles from Humood's melody credit. Difficulty: Recall of albums, credited composers, musical collaborations, institutions or a less familiar artist attribute."
"074","ba258fe522ee97337d61c537f8f869c9800bf49e386bd8a3361e6145f288628e","song:zenatayyami:composer","nawalard","yes","yes","yes","yes","Assistant reviewed Who composed Nawal's Zenat Ayyami? Answer: Meshaal Al Arouj. Arabic and English request the same attribute. Evidence: Label credits inspected 2026-10-08: Nawal's Al Ard; Zenat Ayyami lyrics Bader Borsli/music Meshaal Al Arouj; Al Qasaid lyrics Warifah/music Yazeed Al Khaled; Ala Mehlak music Jumana Jamal. No unsupported claims from the biographical closing paragraphs are used. Difficulty: Recall of albums, credited composers, musical collaborations, institutions or a less familiar artist attribute."
"075","11f57dcf91be7aef197dc66f9379c94a0b6fbd3afea14ea985434eb5f4d02bc7","song:alqasaid:composer","nawalard","yes","yes","yes","yes","Assistant reviewed Who composed Al Qasaid on Nawal's album Al Ard? Answer: Yazeed Al Khaled. Arabic and English request the same attribute. Evidence: Label credits inspected 2026-10-08: Nawal's Al Ard; Zenat Ayyami lyrics Bader Borsli/music Meshaal Al Arouj; Al Qasaid lyrics Warifah/music Yazeed Al Khaled; Ala Mehlak music Jumana Jamal. No unsupported claims from the biographical closing paragraphs are used. Difficulty: Recall of albums, credited composers, musical collaborations, institutions or a less familiar artist attribute."
"076","62fa76f808169ee3d0391f8b6f78771ad47408ddbfe745e603660aa54b9c68da","song:yaassal:composer","yaassal","yes","yes","yes","yes","Assistant reviewed Who composed Nabeel Shuail's Ya Assal? Answer: Nawaf Abdullah. Arabic and English request the same attribute. Evidence: Verified label channel description inspected 2026-10-08; singer Nabeel Shuail, lyrics Ahmed Alawi, melody Nawaf Abdullah, album Shuail 2012. Upload year is not used as original song release year. Difficulty: Recall of albums, credited composers, musical collaborations, institutions or a less familiar artist attribute."
"077","b5b74c7b7b73b7599185b5949094f78d9768eeb3c318362c328057ef57a1ee6e","song:alaqtna:lyricist","alaqtna","yes","yes","yes","yes","Assistant reviewed Which poet wrote Alaqtna for Abdulaziz Louis? Answer: Mishari Ibrahim. Arabic and English request the same attribute. Evidence: Artist's official recording indexed description inspected 2026-10-08; Alaqtna 2016, lyricist Mishari Ibrahim, arranger Talal Al Eidan. Corroborated by the artist's original Al Rai interview article 691053. Difficulty: Recall of albums, credited composers, musical collaborations, institutions or a less familiar artist attribute."
"078","01c91176e1fc2049a2e2e6f158b2f84935346560995b2b96512d64d0aa07a10b","song:wayedwayed:recordingcity","mustafabeginnings","yes","yes","yes","yes","Assistant reviewed In which city did Mustafa Ahmed record Wayed Wayed in 1965? Answer: Cairo. Arabic and English request the same attribute. Evidence: Interview inspected 2026-10-08: Wayed Wayed performed by Mustafa Ahmed, recorded Cairo 1965, lyrics Khalifa Al Abdullah; Rukn Al Huwat audition; Leish Tensa Al Ayyam recorded Kuwait Radio 1963, written and composed by AbdulRahman Al Bu'ayjan. Difficulty: Recall of albums, credited composers, musical collaborations, institutions or a less familiar artist attribute."
"079","4d6ffd715134e52d08f605e429dcdaeff8ee940c16c6de0219f16329fa053368","artist:mustafa:talentshow","mustafabeginnings","yes","yes","yes","yes","Assistant reviewed Which radio talent programme did Mustafa Ahmed pass an audition for at the start of his career? Answer: Rukn Al Huwat. Arabic and English request the same attribute. Evidence: Interview inspected 2026-10-08: Wayed Wayed performed by Mustafa Ahmed, recorded Cairo 1965, lyrics Khalifa Al Abdullah; Rukn Al Huwat audition; Leish Tensa Al Ayyam recorded Kuwait Radio 1963, written and composed by AbdulRahman Al Bu'ayjan. Difficulty: Recall of albums, credited composers, musical collaborations, institutions or a less familiar artist attribute."
"080","958e1876a4d2cd2d5e7ce543552fbc1672f3860eae52cc96f6b584e7ae012a26","song:halaftomri:composer","halaftomri","yes","yes","yes","yes","Assistant reviewed Who composed Hussein Jassim's Halaft Omri? Answer: Yousef Al Muhanna. Arabic and English request the same attribute. Evidence: Inspected 2026-10-08: performer Hussein Jassim, composer Yousef Al Muhanna, lyricist Majed Sultan. Corroborated by NCCAL's indexed Al Qurain 22 Yousef Al Muhanna booklet; direct PDF retrieval returned 403, so the accessible newspaper is the recorded source. Difficulty: Recall of albums, credited composers, musical collaborations, institutions or a less familiar artist attribute."
"081","9e8b686ef9bcbc8b8c8a903e3914602712083ab4ae91e0eb42dd9805511e93d5","song:omaralward:composer","mustafacollaborations","yes","yes","yes","yes","Assistant reviewed Which Egyptian composer composed Omar Al Ward for Mustafa Ahmed? Answer: Mohammed Al Mougi. Arabic and English request the same attribute. Evidence: Artist interview inspected 2026-10-08: Mahabbat Al Qalb music Khalid Al Sheikh/words Ali Al Sharqawi; Sara Layli music Siraj Omar; Omar Al Ward composed by Mohammed Al Mougi with lyrics by Mubarak Al Hudaibi. Difficulty: Recall of albums, credited composers, musical collaborations, institutions or a less familiar artist attribute."
"082","4bf773fc02fe27eccdc52520b04c110afd7acd9f2b884e33a2e47e95b5c9a72a","song:etmaen:composer","etmaen","yes","yes","yes","yes","Assistant reviewed Who composed Hammoud Naser's Etmaen? Answer: Ammar Al Bunni. Arabic and English request the same attribute. Evidence: Publisher description inspected 2026-10-08: Hammoud Naser, Etmaen; director Nawaf Al Shammari, words Ali Al Matouq, music Ammar Al Bunni. Difficulty: Recall of albums, credited composers, musical collaborations, institutions or a less familiar artist attribute."
"083","f4ce303c2d3d51281cba00810e497149f49169bd6e1bf4e9933238d138a5ee71","awadhdoukhi:egyptianinfluence","awadhinfluence","yes","yes","yes","yes","Assistant reviewed Which Egyptian female singer influenced Awadh Doukhi's fusion of Kuwaiti and Egyptian music? Answer: Umm Kulthum. Arabic and English request the same attribute. Evidence: Official programme inspected 2026-10-08 explicitly describes Umm Kulthum's influence on Awadh Doukhi's fusion of Kuwaiti and Egyptian music. Difficulty: Recall of albums, credited composers, musical collaborations, institutions or a less familiar artist attribute."
"084","413380988df80ee716ad015bb67b2eca901ab48cf3e6de4da6dbb8acf2cf3805","song:hikayatbahar:alternatetitle","husseinrepertoire","yes","yes","yes","yes","Assistant reviewed By what other title is Hussein Jassim's Hikayat Bahar known? Answer: Ehna Wal Ayyam. Arabic and English request the same attribute. Evidence: Inspected 2026-10-08: Hikayat Bahar also called Ehna Wal Ayyam, lyrics Khaled Al Ayaf; Ya Ilah Al Kawn composed by Abdul Raouf Ismail; Ya Muairis lyrics Mubarak Al Hudaibi; Alik Saeed introduced Dazza rhythm; Hussein taught music. Difficulty: Recall of albums, credited composers, musical collaborations, institutions or a less familiar artist attribute."
"085","9557c82a440e0f5c9dd7210ef2237977f3865bb4766c14235f16845ec7092f70","song:makoellaent:composer","balushirepertoire","yes","yes","yes","yes","Assistant reviewed Who composed Mohammed Al Balushi's Mako Ella Ent? Answer: Ghannam Al Deikan. Arabic and English request the same attribute. Evidence: Inspected 2026-10-08: Ala Al Dunya Al Salam theme performed by Al Balushi, music Anwar Abdullah; Atqarrab words Abdul Imam Abdullah; Ya Bidayatna music Mohammed Al Rowaished; Mako Ella Ent music Ghannam Al Deikan. Displayed 1970 timestamp is unreliable and is not used. Difficulty: Recall of albums, credited composers, musical collaborations, institutions or a less familiar artist attribute."
"086","f8849c9631b34e9387afc310726b87bfd5acaabe0500a28a2d8af8451be59d2e","song:akoumislek:composer","akoumislek","yes","yes","yes","yes","Assistant reviewed Who composed Nawal's Akou Mislek? Answer: Meshaal Al Arouj. Arabic and English request the same attribute. Evidence: Publisher page inspected 2026-10-08: Nawal performs Akou Mislek, lyrics Bader Borsli, music Meshaal Al Arouj. Changing view totals and marketing claims not used. Difficulty: Recall of albums, credited composers, musical collaborations, institutions or a less familiar artist attribute."
"087","209eb4b102d48e778c1d5b740b5d6ccc75944f76498fc53eb531253ba02961d6","song:ajmalbent:lyricist","ajmalbent","yes","yes","yes","yes","Assistant reviewed Who wrote the lyrics of Abdulaziz Louis's Ajmal Bent Fi Al Dunya? Answer: Athbi Al Dubaiss. Arabic and English request the same attribute. Evidence: Artist interview inspected 2026-10-08, line 108: Ajmal Bent Fi Al Dunya sung/composed by Louis, lyrics Athbi Al Dubaiss, arrangement Talal Al Eidan, mix/master Suhaib Al Awadi. Difficulty: Recall of albums, credited composers, musical collaborations, institutions or a less familiar artist attribute."
"088","aae52e32968482442f2069847101cb9ddc19402e3c6989ba324d3de56d28162d","bashar:secondalbum:title","basharprofile","yes","yes","yes","yes","Assistant reviewed What is the title of Bashar Al Shatti's second album, which includes Ya Naseny? Answer: Tani Marrah. Arabic and English request the same attribute. Evidence: Music publication inspected 2026-10-08: first-season Star Academy participant; second album Tani Marrah; Khalik Fahem Egyptian dialect; Eshlon Basber video directed by Hadi Al Bagouri; 2017 duet Ya Al Watan Ya Al Zibriqan with Ahlam. Conflicting album dates not used. Difficulty: Recall of albums, credited composers, musical collaborations, institutions or a less familiar artist attribute."
"089","9aa4cb330f58555c27b619b45a8ad1aa1a2cb6685d9a57f3d6ea63f1a77f28f9","bashar:yaalwatan:duetpartner","basharprofile","yes","yes","yes","yes","Assistant reviewed Which female singer joined Bashar Al Shatti on the 2017 duet Ya Al Watan Ya Al Zibriqan? Answer: Ahlam. Arabic and English request the same attribute. Evidence: Music publication inspected 2026-10-08: first-season Star Academy participant; second album Tani Marrah; Khalik Fahem Egyptian dialect; Eshlon Basber video directed by Hadi Al Bagouri; 2017 duet Ya Al Watan Ya Al Zibriqan with Ahlam. Conflicting album dates not used. Difficulty: Recall of albums, credited composers, musical collaborations, institutions or a less familiar artist attribute."
"090","f85be291289f5d5c0cf0008ff3f289ad5c00cf2a992b770fc3c36adc61319699","bashar:khalikfahem:dialect","basharprofile","yes","yes","yes","yes","Assistant reviewed In which dialect did Bashar Al Shatti sing Khalik Fahem on his debut album? Answer: Egyptian Arabic. Arabic and English request the same attribute. Evidence: Music publication inspected 2026-10-08: first-season Star Academy participant; second album Tani Marrah; Khalik Fahem Egyptian dialect; Eshlon Basber video directed by Hadi Al Bagouri; 2017 duet Ya Al Watan Ya Al Zibriqan with Ahlam. Conflicting album dates not used. Difficulty: Recall of albums, credited composers, musical collaborations, institutions or a less familiar artist attribute."
"091","c01e7f87922ad1df533b62af896b19ac840afd74d1da26aff3e5bb24a08decd7","song:weshjabni:composer","weshjabni","yes","yes","yes","yes","Assistant reviewed Who composed Fattouma's Wesh Jabni? Answer: Bader Al Thawadi. Arabic and English request the same attribute. Evidence: Verified publisher description inspected 2026-10-08: Fattouma, Wesh Jabni, 2018; lyrics Hisham Al Shurooqi, music Bader Al Thawadi, oud Jassim Jawad. No lyrics reproduced. Difficulty: Recall of albums, credited composers, musical collaborations, institutions or a less familiar artist attribute."
"092","892db9423692637635e41a7dfb2b2c20ca7d443094c9218190de952030ddf700","song:ghamza:musicproduction","ghamza","yes","yes","yes","yes","Assistant reviewed Who composed and arranged Ibrahim Dashti's Ghamza? Answer: Hussam Kamil. Arabic and English request the same attribute. Evidence: Official Artist Channel description inspected 2026-10-08: 2017 Ghamza, singer Ibrahim Dashti; lyrics Mushrif Al Attabi; music, arrangement and mastering Hussam Kamil. No lyrics reproduced. Difficulty: Recall of albums, credited composers, musical collaborations, institutions or a less familiar artist attribute."
"093","22023e5ac56eb39c5f3245849b65727de0939099e635cf45dd7fcdeafb2c76da","aishatribute:series:approach","aishatribute","yes","yes","yes","yes","Assistant reviewed What was omitted in Jaber Cultural Centre's concert series honouring Aisha Al Marta to present natural sound? Answer: The microphone. Arabic and English request the same attribute. Evidence: Official programme inspected 2026-10-08: Queen of Samri Aisha Al Marta, acoustic presentation without microphones, rearranged and conducted by Dr Khaled Nouri. Difficulty: Recall of albums, credited composers, musical collaborations, institutions or a less familiar artist attribute."
"094","ba559f635c5844b17d42400afe0b277a35806dd9a95e97dcc8867d2ad9e49925","humood:ummifilisteen:duetpartner","humoodprofile","yes","yes","yes","yes","Assistant reviewed Which artist sang Ummi Filisteen with Humood AlKhudher early in his career? Answer: Mishari Al Aradah. Arabic and English request the same attribute. Evidence: Artist label biography inspected 2026-10-08: signed January 2015, Aseer Ahsan; early Ummi Filisteen duet with Mishari Al Aradah; Indonesian Kun Anta version titled Jadi Diri Sendiri. Dynamic view and chart totals excluded. Difficulty: Recall of albums, credited composers, musical collaborations, institutions or a less familiar artist attribute."
"095","61a73fe13e92d78eff7e5f5a9144ba516cb372459fdfe1eec89fed61ec82e0e2","humood:mathabad:firstsingle","humoodsecond","yes","yes","yes","yes","Assistant reviewed Which song opened the release of Humood AlKhudher's Matha Bad in February 2020? Answer: Dandin Mai. Arabic and English request the same attribute. Evidence: Official release announcement inspected 2026-10-08 names Dandin Mai as opening single/video of Matha Bad released starting February 20, 2020. Difficulty: Recall of albums, credited composers, musical collaborations, institutions or a less familiar artist attribute."
"096","a961560f08316851316823d1bb2c50b9aa76aabca82e6d989e7032d3c935ca5f","song:haanatha:writercomposer","haanatha","yes","yes","yes","yes","Assistant reviewed Who wrote and composed Humood AlKhudher's Ha Anatha? Answer: Saif Fadhel. Arabic and English request the same attribute. Evidence: Publisher description inspected 2026-10-08: Humood AlKhudher performs Ha Anatha, words/music Saif Fadhel, arrangement Mustafa Ceceli. No lyrics reproduced. Difficulty: Recall of albums, credited composers, musical collaborations, institutions or a less familiar artist attribute."
"097","94b62d420362c849e521189c20676238d82fdd23fb9dcc448f0a08d5db2cd73a","song:hataytakbrasi:writercomposer","duwaihi2008","yes","yes","yes","yes","Assistant reviewed Who wrote and composed Abdulaziz Al Duwaihi's Hataytak Brasi? Answer: Bashar Al Shatti. Arabic and English request the same attribute. Evidence: Release report inspected 2026-10-08: Hataytak Brasi written/composed by Bashar Al Shatti; Jaat Taqul written/composed by Adnan Bishara; Lesh Ya Qalbi video directed by Charbel Youssef. Difficulty: Recall of albums, credited composers, musical collaborations, institutions or a less familiar artist attribute."
"098","88c1a1d5ef189099631af7d692e49540ee4bc550259237633a339edfc71d28a5","song:sualsaghir:composer","dashtirepertoire","yes","yes","yes","yes","Assistant reviewed Who composed Ibrahim Dashti's Sual Saghir? Answer: Fahad Al Nasser. Arabic and English request the same attribute. Evidence: Inspected 2026-10-08: Faqedha album includes Taf/Mushtaqin; Sual Saghir music Fahad Al Nasser; Fi Ghiyabi music Abdullah Al Quoud. No lyrics reproduced. Difficulty: Recall of albums, credited composers, musical collaborations, institutions or a less familiar artist attribute."
"099","3c1e185152417177594a79c2c4549cc0d51ce62c7e79a6f3c3e69f54c2d71e89","sulaimanmulla:instrumentpair","mullatribute","yes","yes","yes","yes","Assistant reviewed Which two string instruments did Sulaiman Al Mulla play behind leading singers early in his career? Answer: Oud and violin. Arabic and English request the same attribute. Evidence: Official programme inspected 2026-10-08: early oud/violin accompanist; Kashafu Sir Al Hawa composed for Fahad Al Maas; own vocals Ya Nab Al Wafa; Watan Al Nahar recorded/released after Kuwait's liberation in 1991. Difficulty: Recall of albums, credited composers, musical collaborations, institutions or a less familiar artist attribute."
"100","c2d2b281492235c65367c3c394ab57dfea3c9e8551528988fdfac41c75721afd","qassar:dazza:inspirationcountry","qassarwedding","yes","yes","yes","yes","Assistant reviewed From which country did Sulaiman Al Qassar draw inspiration for Dazza before adapting it for Kuwaiti weddings? Answer: Bahrain. Arabic and English request the same attribute. Evidence: Official programme inspected 2026-10-08: Sulaiman Al Qassar's wedding repertoire, Dazza inspiration from Bahrain, adaptation of Baddawi into Dazza songs. Difficulty: Recall of albums, credited composers, musical collaborations, institutions or a less familiar artist attribute."
"101","0ec3ee3e21f33aa2f5bc2cd24f8203001cc2522bf922abe20565986a59d70749","song:watanalnahar:releasecontext","mullatribute","yes","yes","yes","yes","Assistant reviewed Which national event preceded the recording and release of Watan Al Nahar in 1991? Answer: The liberation of Kuwait. Arabic and English request the same attribute. Evidence: Official programme inspected 2026-10-08: early oud/violin accompanist; Kashafu Sir Al Hawa composed for Fahad Al Maas; own vocals Ya Nab Al Wafa; Watan Al Nahar recorded/released after Kuwait's liberation in 1991. Difficulty: Recall of albums, credited composers, musical collaborations, institutions or a less familiar artist attribute."
"102","07aeb96a044b13869a9800bf6c493fa797f1bb9c8938c24d8b362bd1a0e81d1f","song:mistajela:composer","mistajela","yes","yes","yes","yes","Assistant reviewed Who composed Mesaed Al Baloushy's Mistajela? Answer: Nawaf Abdullah. Arabic and English request the same attribute. Evidence: Verified label description inspected 2026-10-08: 2022 Mistajela by Mesaed Al Baloushy, words Saud Al Fulaih, music Nawaf Abdullah. No lyrics reproduced. Difficulty: Recall of albums, credited composers, musical collaborations, institutions or a less familiar artist attribute."
"103","bffa284614b75cf398137e504a4d3c200b06d40061245289459b7b9280814c54","miami:sabouha:firstalbum","miamimushkila","yes","yes","yes","yes","Assistant reviewed What is the title of Miami Band's first album, released in 1991? Answer: Sabouha. Arabic and English request the same attribute. Evidence: First-person band interview inspected 2026-10-08: Mushkila words/music Abdullah Salem; first album Sabouha 1991; Khaled Al Randi keyboard, Layli Layli conga. Difficulty: Recall of albums, credited composers, musical collaborations, institutions or a less familiar artist attribute."
"104","1f07af484a85225dea464d3714a62a8704b49d205e6f984f14e50c7f612261e9","miami:khalidalrandi:instrument","miamimushkila","yes","yes","yes","yes","Assistant reviewed Which instrument does Khaled Al Randi play in Miami Band? Answer: Keyboard. Arabic and English request the same attribute. Evidence: First-person band interview inspected 2026-10-08: Mushkila words/music Abdullah Salem; first album Sabouha 1991; Khaled Al Randi keyboard, Layli Layli conga. Difficulty: Recall of albums, credited composers, musical collaborations, institutions or a less familiar artist attribute."
"105","96b141d5544363b7112f6ba30880deb0ca525bf4b273843f5b620efdb127fca3","guitara:founding:sisters","guitarareview","yes","yes","yes","yes","Assistant reviewed What are the names of the two sisters who helped form Guitara Band? Answer: Rahaf and Renad. Arabic and English request the same attribute. Evidence: Music retrospective inspected 2026-10-08: founding sisters Rahaf/Renad; Ya Ghali music Rahaf/words Renad, originally titled Aseer Ahzani before arrangement changes. Conflicting original release dates excluded. Difficulty: Recall of albums, credited composers, musical collaborations, institutions or a less familiar artist attribute."
"106","5fd99d474d7bf40143fe8204ce0cc55adc1367e92bd61eed3282defb4d64dacb","song:yaghali:composer","guitarareview","yes","yes","yes","yes","Assistant reviewed Which female member of Guitara composed Ya Ghali? Answer: Rahaf. Arabic and English request the same attribute. Evidence: Music retrospective inspected 2026-10-08: founding sisters Rahaf/Renad; Ya Ghali music Rahaf/words Renad, originally titled Aseer Ahzani before arrangement changes. Conflicting original release dates excluded. Difficulty: Recall of albums, credited composers, musical collaborations, institutions or a less familiar artist attribute."
"107","2ff3bf0c5e24e265530956b00a7475de3a25fe670d3d29f470d39a52988617db","song:mayeshbehak:composer","mayeshbehak","yes","yes","yes","yes","Assistant reviewed Who composed Nabeel Shuail's Ma Yeshbehak? Answer: Yasser Bu Ali. Arabic and English request the same attribute. Evidence: Publisher report inspected 2026-10-08: singer Nabeel Shuail, words Shumoukh Al Aqla (Al Alia), music Yasser Bu Ali. Changing view count excluded. Difficulty: Recall of albums, credited composers, musical collaborations, institutions or a less familiar artist attribute."
"108","045a07ea7b83e0790f8d67bcb43f3dbd1eabacb87e16d0ed1a20cd6db7b6a635","song:maqeltlak:composer","maqeltlak","yes","yes","yes","yes","Assistant reviewed Who composed Abdullah Al Rowaished's Ma Qelt Lak? Answer: Nasser Al Saleh. Arabic and English request the same attribute. Evidence: Publisher report inspected 2026-10-08: Abdullah Al Rowaished, words Meshaal Duhaim, music Nasser Al Saleh, director Ahmed Al Doghachi. No lyrics reproduced. Difficulty: Recall of albums, credited composers, musical collaborations, institutions or a less familiar artist attribute."
"109","016f61bdc7794fd0a7ede012ed06044e4cb4cdcf83284b272d6c7d1205189f65","song:abeek:lyricist","abeek","yes","yes","yes","yes","Assistant reviewed Who wrote the lyrics of Abdullah Al Rowaished's Abeek? Answer: Abdul Latif Al Bannai. Arabic and English request the same attribute. Evidence: Verified publisher description inspected 2026-10-08: performer/composer Abdullah Al Rowaished, lyrics Abdul Latif Al Bannai. Performance edition 2017 distinct from upload date 2018; no lyrics reproduced. Difficulty: Recall of albums, credited composers, musical collaborations, institutions or a less familiar artist attribute."
"110","4cb3b080b586a8544cf273c5f0d7120d342c139ccc7c1f486246e5f7f34bc3f3","song:mughroura:composer","mughroura","yes","yes","yes","yes","Assistant reviewed Who composed Maram's Mughroura? Answer: Sulaiman Al Mulla. Arabic and English request the same attribute. Evidence: Contemporary release report inspected 2026-10-08: Maram Mughroura, music Sulaiman Al Mulla/lyrics Khaled Al Bathal; Taradaina music Yaqoub Al Khubaizi; Ahallifak Billah Ansa Al Zaal music Fahad Al Nasser/lyrics Nasser Al Shammari. Difficulty: Recall of albums, credited composers, musical collaborations, institutions or a less familiar artist attribute."
"111","c63183edb70dfc5a070459c6cca16c0999b6022afba66f64be7f6ba65404caca","song:taradaina:composer","mughroura","yes","yes","yes","yes","Assistant reviewed Who composed Taradaina on Maram's album Mughroura? Answer: Yaqoub Al Khubaizi. Arabic and English request the same attribute. Evidence: Contemporary release report inspected 2026-10-08: Maram Mughroura, music Sulaiman Al Mulla/lyrics Khaled Al Bathal; Taradaina music Yaqoub Al Khubaizi; Ahallifak Billah Ansa Al Zaal music Fahad Al Nasser/lyrics Nasser Al Shammari. Difficulty: Recall of albums, credited composers, musical collaborations, institutions or a less familiar artist attribute."
"112","7d39f9800abfb16864bf855cb51f4438fc1a1a9193e270c4d27901dbb226d0e1","song:eshratomar:writerproducer","hammoud2019","yes","yes","yes","yes","Assistant reviewed Who wrote, composed and arranged Eshrat Omar for Hammoud Naser's 2019 album? Answer: Mishari Al Awadi. Arabic and English request the same attribute. Evidence: Artist interview inspected 2026-10-08: Jathibiya words/music/singer Hammoud Naser; Astaghrib lyrics Saher; Eshrat Omar all writing/composition/production Mishari Al Awadi; Baadah lyrics Mohammed Al Shuraidah. Difficulty: Recall of albums, credited composers, musical collaborations, institutions or a less familiar artist attribute."
"113","d25b50d04f25a261873636229132ce2662dbbd65722eaba8884b026f2f444e2e","youssefmutrif:ambassadornickname","mutriffamily","yes","yes","yes","yes","Assistant reviewed Which Kuwaiti singer was nicknamed the Ambassador of Melancholy? Answer: Youssef Al Mutrif. Arabic and English request the same attribute. Evidence: Official programme inspected 2026-10-08: singer Mutrif is Youssef's son; Youssef nicknamed Ambassador of Melancholy, excelled in Adeni genre and oud playing. Difficulty: Recall of albums, credited composers, musical collaborations, institutions or a less familiar artist attribute."
"114","0112fabb59d7ae9b854fdc03728031ca10bb3abc7547a4b43271347afabba13f","youssefmutrif:genre","mutriffamily","yes","yes","yes","yes","Assistant reviewed For which southern Arabian musical genre was Youssef Al Mutrif famous in Kuwait and the Gulf? Answer: Adeni songs. Arabic and English request the same attribute. Evidence: Official programme inspected 2026-10-08: singer Mutrif is Youssef's son; Youssef nicknamed Ambassador of Melancholy, excelled in Adeni genre and oud playing. Difficulty: Recall of albums, credited composers, musical collaborations, institutions or a less familiar artist attribute."
"115","d014ef50894dbfd7aeb79467363c363994c8e839628fcb1d56447eaee0be380d","song:fahhmouh:composer","fahhmouh","yes","yes","yes","yes","Assistant reviewed Who composed Mutrif Al Mutrif's Fahhmouh? Answer: Fahad Al Nasser. Arabic and English request the same attribute. Evidence: Artist interview inspected 2026-10-08: singer Mutrif Al Mutrif, lyrics Saad Al Musallam, composition Fahad Al Nasser, arrangement Jarrah Al Sayigh. Difficulty: Recall of albums, credited composers, musical collaborations, institutions or a less familiar artist attribute."
"116","337f572c80305be542b7e0f1fa9bb43c0cfe807355107ac13647664d008f704a","song:tawaadna:singercomposer","tawaadna","yes","yes","yes","yes","Assistant reviewed Which singer composed and performed Tawaadna, announced at the start of 2026? Answer: Abdul Qader Hadhoud. Arabic and English request the same attribute. Evidence: Artist interview inspected 2026-10-08: released at start of 2026, sung and composed by Hadhoud, lyrics Al Ghaim; he explicitly describes combining Saba and Nahawand. Difficulty: Recall of albums, credited composers, musical collaborations, institutions or a less familiar artist attribute."
"117","4dc684c76bc9937fc0fc950e52099331b57e73a1cf6ccd17a88cd9cd484d33b4","song:abshiriyaain:composer","abshiri","yes","yes","yes","yes","Assistant reviewed Who composed Aisha Al Marta's Abshiri Ya Ain? Answer: Othman Al Sayed. Arabic and English request the same attribute. Evidence: Indexed report inspected 2026-10-08: Abshiri Ya Ain originally Aisha Al Marta, lyrics Yousef Al Munee, composition Othman Al Sayed; independently corroborated by Arabic Music Library score catalogue. Difficulty: Recall of albums, credited composers, musical collaborations, institutions or a less familiar artist attribute."
"118","66e444a595b58b9e4f21f38327c0eb77bb32cbe8eb12ee271e34b75a28706116","song:samihni:composer","samihnicredits","yes","yes","yes","yes","Assistant reviewed Who composed Shaymaa Sulaiman's Samihni? Answer: Majed Al Mukhaini. Arabic and English request the same attribute. Evidence: Artist interview inspected 2026-10-08: released single, lyrics Sulaiman Bu Shait, composition Majed Al Mukhaini, arrangement Zaid Nadeem. Composer's own majidalmukhaini.me/alhan catalogue corroborates credits. Difficulty: Recall of albums, credited composers, musical collaborations, institutions or a less familiar artist attribute."
"119","2af1c023a2595184663db2575b3311d878e02726eb41f68df526fff03b68a707","song:alshougjabak:composer","shougjabak","yes","yes","yes","yes","Assistant reviewed Who composed Nawal's Al Shoug Jabak? Answer: Meshaal Al Arouj. Arabic and English request the same attribute. Evidence: Official artist description inspected 2026-10-08: Nawal, lyrics Saud bin Abdullah, composition Meshaal Al Arouj. No lyrics reproduced. Difficulty: Recall of albums, credited composers, musical collaborations, institutions or a less familiar artist attribute."
"120","61860eb919feb845a2fe25c06e7839802e7e0240d52226394e78ad0d2df242a2","song:yanasdillouni:composer","dillouni","yes","yes","yes","yes","Assistant reviewed Who composed the Kuwaiti song Ya Nas Dillouni? Answer: Mahmoud Al Kuwaiti. Arabic and English request the same attribute. Evidence: Indexed performance report inspected 2026-10-08 explicitly credits Ya Nas Dillouni to composer Mahmoud Al Kuwaiti. Difficulty: Recall of albums, credited composers, musical collaborations, institutions or a less familiar artist attribute."
"121","045274acb341137e6292d64129542b7bd4e08ad988e98270cf65f2bdfbb2c324","song:anaraddait:composer","anaraddait","yes","yes","yes","yes","Assistant reviewed Who composed Abdul Karim Abdul Qader's Ana Raddait? Answer: Abdul Rab Idris. Arabic and English request the same attribute. Evidence: Artist/composer interview inspected 2026-10-08 lists Ana Raddait among Abdul Karim Abdul Qader songs composed by Abdul Rab Idris. Difficulty: Recall of albums, credited composers, musical collaborations, institutions or a less familiar artist attribute."
"122","8fc4b15abf2b36692e5ad91e078da5f96c9c47b56effbda35cfab1a1537cb04e","song:khatelkhatar:composer","khatelkhatar","yes","yes","yes","yes","Assistant reviewed Who composed Shams's Khat El Khatar? Answer: Mahmoud Al Ghaith. Arabic and English request the same attribute. Evidence: Release report inspected 2026-10-08: Shams, lyrics Qusay Issa, composition Mahmoud Al Ghaith, arrangement Muhannad Al Ghazi; volatile view counts excluded. Difficulty: Recall of albums, credited composers, musical collaborations, institutions or a less familiar artist attribute."
"123","4f44ab42bae5ee2936403ff51ec02b329f743e8296fb62606dec494dae7b10f2","song:zahqanamellait:composer","zahqana","yes","yes","yes","yes","Assistant reviewed Who composed Shams's Zahqana Mellait? Answer: Ali Saber. Arabic and English request the same attribute. Evidence: Release report inspected 2026-10-08: singer Shams, lyrics Adnan Al Amir, composition Ali Saber, video director Fadi Haddad; no lyrics reproduced. Difficulty: Recall of albums, credited composers, musical collaborations, institutions or a less familiar artist attribute."
"124","e013cc63d854f559fccf2a089d35379b236249b25977132b15eb2e6049f2683c","song:habait:composer","habait","yes","yes","yes","yes","Assistant reviewed Who composed Khaled Al Mudhaffar's Habait? Answer: Muteb Al Faraj. Arabic and English request the same attribute. Evidence: Music trade report inspected 2026-10-08: Habait by Khaled Al Mudhaffar, composition Muteb Al Faraj, arrangement Ali Al Matrouk. Chart position excluded. Difficulty: Recall of albums, credited composers, musical collaborations, institutions or a less familiar artist attribute."
"125","c6b04c7d39b667f4e7a60d83cfb71359744b71b90934b1b68e64af61ae6beb4d","song:alamaloshaq:musical","alamaloshaq","yes","yes","yes","yes","Assistant reviewed In which play was Khaled Al Mudhaffar and Ayed's Alam Al Oshaq presented? Answer: Al Awwal Min Naw'ih. Arabic and English request the same attribute. Evidence: Music trade report inspected 2026-10-08: Alam Al Oshaq sung by Khaled Al Mudhaffar and Ayed, presented in play Al Awwal Min Naw'ih. Difficulty: Recall of albums, credited composers, musical collaborations, institutions or a less familiar artist attribute."
"126","0833df0d3a40a28076986e33a639f398d072d6b512022b2aae991b107c051f86","artist:rashedhemli:influence","hemli","yes","yes","yes","yes","Assistant reviewed Which Kuwaiti singer influenced Rashed Al Hemli's style early in his career? Answer: Hamad Khalifa. Arabic and English request the same attribute. Evidence: Official programme inspected 2026-10-08: oud style and early influence of Hamad Khalifa; also poet and composer; Adani and Aswat repertoire. Difficulty: Recall of albums, credited composers, musical collaborations, institutions or a less familiar artist attribute."
"127","1c4aebe0aba99785b70a9e3c44ab1c8a1721dad090f736d4909f63649a03f1e4","artist:essa:musicqualification","essabio","yes","yes","yes","yes","Assistant reviewed At which Kuwaiti institute did Essa Al Marzouq obtain a music diploma before Star Academy? Answer: The Higher Institute of Musical Arts. Arabic and English request the same attribute. Evidence: Interview indexed and inspected 2026-10-08: music diploma at Higher Institute of Musical Arts before ninth Star Academy season. No birth year or final placement used. Difficulty: Recall of albums, credited composers, musical collaborations, institutions or a less familiar artist attribute."
"128","b33c7eb40242611a6a74f86bc996d63716d6217042c97d2689f91cb87a77f52d","maritime:khatfa:work","nahma","yes","yes","yes","yes","Assistant reviewed Which shipboard task accompanies Khatfa singing in Kuwaiti maritime tradition? Answer: Raising the sail. Arabic and English request the same attribute. Evidence: KUNA specialist explanation indexed and inspected 2026-10-08: naham is ship's singer; khatfa accompanies raising sail; Kuwaiti Sankani includes surnai/mizmar. Distinct performer, work-song function and instrumental-genre facts. Difficulty: Recall of albums, credited composers, musical collaborations, institutions or a less familiar artist attribute."
"129","a49264e9de9f0335006d3e0a1f23ac4e097005acbb5ef9d5e67e19e4deb3b69e","song:masmouh:composer","masmouhcredits","yes","yes","yes","yes","Assistant reviewed Who composed Ghareed Al Shati's Masmouh? Answer: Ghannam Al Deikan. Arabic and English request the same attribute. Evidence: Concert report inspected 2026-10-08 explicitly credits classic Ghareed Al Shati Masmouh to words Bader Borsli and music Ghannam Al Deikan. Difficulty: Recall of albums, credited composers, musical collaborations, institutions or a less familiar artist attribute."
"130","d25b7501095aa07e562a51a15c142d2e21f480dc46372447a4daa6d35ee7bdef","song:dandinmai:writercomposer","dandincredits","yes","yes","yes","yes","Assistant reviewed Who wrote and composed Humood Al Khudher's Dandin Ma'i? Answer: Saif Fadhel. Arabic and English request the same attribute. Evidence: Music broadcaster release listing inspected 2026-10-08: words/music Saif Fadhel, arrangement Maher Zain, director Hasan Kuyucu. No lyrics reproduced. Difficulty: Recall of albums, credited composers, musical collaborations, institutions or a less familiar artist attribute."
"131","0a42e203349a28b4f2b659833ffca0a077173d9a6a3549879f4c7bd977b016d1","album:sarat:artists","sarat","yes","yes","yes","yes","Assistant reviewed Which duo released Sarat, featuring Shino Alkalam Hatha and Samboosa? Answer: Daffy and Flipperachi. Arabic and English request the same attribute. Evidence: Licensed catalogue inspected 2026-10-08 identifies Daffy and Flipperachi album Sarat, tracks Shino Alkalam Hatha and Samboosa. Difficulty: Recall of albums, credited composers, musical collaborations, institutions or a less familiar artist attribute."
"132","c0e3feeb15ffaaa50c3631bcb3ea6e2566d28b9829378ff6d9a342f60d6168ab","song:sabahalkhair:composer","sabah","yes","yes","yes","yes","Assistant reviewed Who composed Nabeel Shuail's Sabah Al Khair Ya Mudallal? Answer: Emad Al Rumaithan. Arabic and English request the same attribute. Evidence: Publisher article inspected 2026-10-08: Sabah Al Khair Ya Mudallal sung by Nabeel Shuail, music Emad Al Rumaithan and words Ahmed Al Sharqawi. Difficulty: Recall of albums, credited composers, musical collaborations, institutions or a less familiar artist attribute."
"133","ce451fbdac550b6bb179bb7718d3a20e852c9a4e8db2bd481280a60bac080ad2","song:mansak2000:composer","mansak","yes","yes","yes","yes","Assistant reviewed Who composed Mansak for Nabeel Shuail's Shuail 2000 album? Answer: Meshaal Al Arouj. Arabic and English request the same attribute. Evidence: Official Artist Channel indexed description inspected 2026-10-08: Mansak, album Shuail 2000, words Khaled Al Hamrani, music Meshaal Al Arouj. Distinct from older Ana Mansak; no reupload date treated as release. Difficulty: Recall of albums, credited composers, musical collaborations, institutions or a less familiar artist attribute."
"134","059cd21d9cb604ef6cdaef4c50ce8f02f3c240038806820bf4804ad5c2d7ffd0","album:guitara:debuttitle","guitarareview","yes","yes","yes","yes","Assistant reviewed What was the title of Guitara's debut album, released in 2001? Answer: Kunt Athun. Arabic and English request the same attribute. Evidence: Music retrospective inspected 2026-10-08: founding sisters Rahaf/Renad; Ya Ghali music Rahaf/words Renad, originally titled Aseer Ahzani before arrangement changes. Conflicting original release dates excluded. Difficulty: Recall of albums, credited composers, musical collaborations, institutions or a less familiar artist attribute."
"135","028a7a0ea4968e9463b7061d1e39ac67d53eafc285f52b9d1bb048ce7f1872af","song:yakafialshar:lyricist","mukhainicatalog","yes","yes","yes","yes","Assistant reviewed Who wrote the lyrics of Mesaed Al Baloushy's Ya Kafi Al Shar? Answer: Mansour Al Fadhli. Arabic and English request the same attribute. Evidence: Composer's catalogue inspected 2026-10-08: Ya Kafi Al Shar singer Mesaed Al Baloushy, words Mansour Al Fadhli; Mint Mithammil singer Bashar Al Shatti. Composer attribution in prompts supported by catalogue. Difficulty: Recall of albums, credited composers, musical collaborations, institutions or a less familiar artist attribute."
"136","a05a852d369f988c520a4eae5fc55155aa229abd1213c8ed061c62c605752c9d","song:yawatan:composer","tvclassics","yes","yes","yes","yes","Assistant reviewed Who composed the Kuwait Television Ensemble classic Ya Watan? Answer: Marzouq Al Marzouq. Arabic and English request the same attribute. Evidence: Performance report inspected 2026-10-08 explicitly identifies Ya Watan as ensemble classic, words Abdul Rahman Al Najjar and music/arrangement Marzouq Al Marzouq. Difficulty: Recall of albums, credited composers, musical collaborations, institutions or a less familiar artist attribute."
"137","d1436f32b5f82d33a8066e4e64d2116263cf167a06dbeb6599b1e0f211633185","song:ajorelsout:lyricist","ajorelsout","yes","yes","yes","yes","Assistant reviewed Who wrote the lyrics of AbdulKarim AbdulQader's Ajor Elsoot? Answer: AbdulLatif Al Bannai. Arabic and English request the same attribute. Evidence: Publisher description inspected 2026-10-08: AbdulKarim AbdulQader performs; lyrics AbdulLatif Al Bannai; music Anwar Abdullah. Upload date is not treated as the original release date. Difficulty: Specialist recall of lyricists, arrangers, orchestral works, historical credits or a precisely dated musical event."
"138","a135b6a6276893857e626f516c89d415ceda43bd2909341104527e13eb0068ee","operetta:memoirsofasailor:poet","memoirssailor","yes","yes","yes","yes","Assistant reviewed Which poet wrote the Kuwaiti musical work Memoirs of a Sailor? Answer: Mohammed Al Fayez. Arabic and English request the same attribute. Evidence: Official programme inspected 2026-10-08: work written by Mohammed Al Fayez and composed by Ghannam Al Deikan; first presented in 1979 in the voices of Shadi Al Khaleej and Sanaa Al Kharraz. Revival credits are kept separate from original credits. Difficulty: Specialist recall of lyricists, arrangers, orchestral works, historical credits or a precisely dated musical event."
"139","b263bc1772b83e6f36779311bb521c722a1f52e7225f84ecbf0fad9fda89199d","operetta:memoirsofasailor:composer","memoirssailor","yes","yes","yes","yes","Assistant reviewed Who composed Memoirs of a Sailor, first performed by Shadi Al Khaleej and Sanaa Al Kharraz in 1979? Answer: Ghannam Al Deikan. Arabic and English request the same attribute. Evidence: Official programme inspected 2026-10-08: work written by Mohammed Al Fayez and composed by Ghannam Al Deikan; first presented in 1979 in the voices of Shadi Al Khaleej and Sanaa Al Kharraz. Revival credits are kept separate from original credits. Difficulty: Specialist recall of lyricists, arrangers, orchestral works, historical credits or a precisely dated musical event."
"140","64225d350e3ca428ded233ae9eca852b61d61d1584364a1a5dc1983fc11c9de3","song:bastans:mix","bastans","yes","yes","yes","yes","Assistant reviewed Who handled production and mixing for Miami Band's Bastans when it was introduced in 2015? Answer: Adel Al Farhan. Arabic and English request the same attribute. Evidence: Original reporting with band representative inspected 2026-10-08; 29 October 2015 introduction on Marina FM, words and melody Yousef Al Omani, production/mixing Adel Al Farhan. Later digital release metadata is not substituted for the 2015 introduction. Difficulty: Specialist recall of lyricists, arrangers, orchestral works, historical credits or a precisely dated musical event."
"141","1d1064d313159bd7802481497107ce83ba4ffb93d28f80b999c0ab9855fe2465","song:kunanta:arranger","kunantacredits","yes","yes","yes","yes","Assistant reviewed Who arranged and mixed Humood AlKhudher's Kun Anta? Answer: Hamza Namira. Arabic and English request the same attribute. Evidence: Embedded official video description inspected 2026-10-08 explicitly credits Saif Fadhel for lyrics and Hamza Namira for arrangement and mixing; distinguishes those roles from Humood's melody credit. Difficulty: Specialist recall of lyricists, arrangers, orchestral works, historical credits or a precisely dated musical event."
"142","7c7192bda5f82bedf42919c4cc9f338a4ba79eca2f33edccb605ebbbe1470585","song:zenatayyami:lyricist","nawalard","yes","yes","yes","yes","Assistant reviewed Who wrote the lyrics of Nawal's Zenat Ayyami? Answer: Bader Borsli. Arabic and English request the same attribute. Evidence: Label credits inspected 2026-10-08: Nawal's Al Ard; Zenat Ayyami lyrics Bader Borsli/music Meshaal Al Arouj; Al Qasaid lyrics Warifah/music Yazeed Al Khaled; Ala Mehlak music Jumana Jamal. No unsupported claims from the biographical closing paragraphs are used. Difficulty: Specialist recall of lyricists, arrangers, orchestral works, historical credits or a precisely dated musical event."
"143","78805fde910e557242fe7b1230e12fdc4b82b71a2c3fbb3e4248c37a8c3d87dd","song:alqasaid:lyricist","nawalard","yes","yes","yes","yes","Assistant reviewed Who is credited with the lyrics of Nawal's Al Qasaid on the album Al Ard? Answer: Warifah. Arabic and English request the same attribute. Evidence: Label credits inspected 2026-10-08: Nawal's Al Ard; Zenat Ayyami lyrics Bader Borsli/music Meshaal Al Arouj; Al Qasaid lyrics Warifah/music Yazeed Al Khaled; Ala Mehlak music Jumana Jamal. No unsupported claims from the biographical closing paragraphs are used. Difficulty: Specialist recall of lyricists, arrangers, orchestral works, historical credits or a precisely dated musical event."
"144","9162fc1816d49db1bf57fca357410de4a8bd5b85ab7e2fe29a14fa1bf47b757e","song:alamehlak:composer","nawalard","yes","yes","yes","yes","Assistant reviewed Which female composer composed Ala Mehlak on Nawal's album Al Ard? Answer: Jumana Jamal. Arabic and English request the same attribute. Evidence: Label credits inspected 2026-10-08: Nawal's Al Ard; Zenat Ayyami lyrics Bader Borsli/music Meshaal Al Arouj; Al Qasaid lyrics Warifah/music Yazeed Al Khaled; Ala Mehlak music Jumana Jamal. No unsupported claims from the biographical closing paragraphs are used. Difficulty: Specialist recall of lyricists, arrangers, orchestral works, historical credits or a precisely dated musical event."
"145","e65fdbc1a5d9371ee27c5cad2eb899024cb009b8e2ddf1a4f3bd2cdd6260a5f2","song:yaassal:lyricist","yaassal","yes","yes","yes","yes","Assistant reviewed Who wrote the lyrics of Nabeel Shuail's Ya Assal? Answer: Ahmed Alawi. Arabic and English request the same attribute. Evidence: Verified label channel description inspected 2026-10-08; singer Nabeel Shuail, lyrics Ahmed Alawi, melody Nawaf Abdullah, album Shuail 2012. Upload year is not used as original song release year. Difficulty: Specialist recall of lyricists, arrangers, orchestral works, historical credits or a precisely dated musical event."
"146","88afd5aabc271f6d7e88ff71330a20a64dc05ebe93398e51d7b80305e8fea7e0","song:alaqtna:arranger","alaqtna","yes","yes","yes","yes","Assistant reviewed Who arranged Abdulaziz Louis's Alaqtna? Answer: Talal Al Eidan. Arabic and English request the same attribute. Evidence: Artist's official recording indexed description inspected 2026-10-08; Alaqtna 2016, lyricist Mishari Ibrahim, arranger Talal Al Eidan. Corroborated by the artist's original Al Rai interview article 691053. Difficulty: Specialist recall of lyricists, arrangers, orchestral works, historical credits or a precisely dated musical event."
"147","03832bd0d56da83a4c7708bd2ce0f12446adebf0d65675794011c4cfa60ecc43","song:wayedwayed:lyricist","mustafabeginnings","yes","yes","yes","yes","Assistant reviewed Who wrote the lyrics of Mustafa Ahmed's Wayed Wayed? Answer: Khalifa Al Abdullah. Arabic and English request the same attribute. Evidence: Interview inspected 2026-10-08: Wayed Wayed performed by Mustafa Ahmed, recorded Cairo 1965, lyrics Khalifa Al Abdullah; Rukn Al Huwat audition; Leish Tensa Al Ayyam recorded Kuwait Radio 1963, written and composed by AbdulRahman Al Bu'ayjan. Difficulty: Specialist recall of lyricists, arrangers, orchestral works, historical credits or a precisely dated musical event."
"148","fd51016f3b5c8c4dc73a9334f8141b167b488ea82710ca37fa0e3d262b065253","song:leishta:writercomposer","mustafabeginnings","yes","yes","yes","yes","Assistant reviewed Who wrote and composed Mustafa Ahmed's first song, Leish Tensa Al Ayyam, recorded for Kuwait Radio in 1963? Answer: AbdulRahman Al Bu'ayjan. Arabic and English request the same attribute. Evidence: Interview inspected 2026-10-08: Wayed Wayed performed by Mustafa Ahmed, recorded Cairo 1965, lyrics Khalifa Al Abdullah; Rukn Al Huwat audition; Leish Tensa Al Ayyam recorded Kuwait Radio 1963, written and composed by AbdulRahman Al Bu'ayjan. Difficulty: Specialist recall of lyricists, arrangers, orchestral works, historical credits or a precisely dated musical event."
"149","97758f6004ac70240d96a619957544da5612afeac0ac4110044cae7b0efd85aa","song:halaftomri:lyricist","halaftomri","yes","yes","yes","yes","Assistant reviewed Who wrote the lyrics of Hussein Jassim's Halaft Omri? Answer: Majed Sultan. Arabic and English request the same attribute. Evidence: Inspected 2026-10-08: performer Hussein Jassim, composer Yousef Al Muhanna, lyricist Majed Sultan. Corroborated by NCCAL's indexed Al Qurain 22 Yousef Al Muhanna booklet; direct PDF retrieval returned 403, so the accessible newspaper is the recorded source. Difficulty: Specialist recall of lyricists, arrangers, orchestral works, historical credits or a precisely dated musical event."
"150","760685a46beabfd5a4e40a010c5146147e8737ff17569eb067d3d9d25ff6499f","song:mahabatalqalb:composer","mustafacollaborations","yes","yes","yes","yes","Assistant reviewed Who composed Mustafa Ahmed's Mahabbat Al Qalb, with lyrics by Ali Al Sharqawi? Answer: Khalid Al Sheikh. Arabic and English request the same attribute. Evidence: Artist interview inspected 2026-10-08: Mahabbat Al Qalb music Khalid Al Sheikh/words Ali Al Sharqawi; Sara Layli music Siraj Omar; Omar Al Ward composed by Mohammed Al Mougi with lyrics by Mubarak Al Hudaibi. Difficulty: Specialist recall of lyricists, arrangers, orchestral works, historical credits or a precisely dated musical event."
"151","65a4b5cdad4527925feeff9fd370c16f407700b95a46b9f6fe19704f11e75791","song:saralayli:composer","mustafacollaborations","yes","yes","yes","yes","Assistant reviewed Who composed Mustafa Ahmed's Sara Layli? Answer: Siraj Omar. Arabic and English request the same attribute. Evidence: Artist interview inspected 2026-10-08: Mahabbat Al Qalb music Khalid Al Sheikh/words Ali Al Sharqawi; Sara Layli music Siraj Omar; Omar Al Ward composed by Mohammed Al Mougi with lyrics by Mubarak Al Hudaibi. Difficulty: Specialist recall of lyricists, arrangers, orchestral works, historical credits or a precisely dated musical event."
"152","bf2d821a0ed05147a8dccb67e9fc903bdd6c9ed3712712563f36b9f4d1c2407c","song:omaralward:lyricist","mustafacollaborations","yes","yes","yes","yes","Assistant reviewed Which poet wrote Omar Al Ward for Mustafa Ahmed? Answer: Mubarak Al Hudaibi. Arabic and English request the same attribute. Evidence: Artist interview inspected 2026-10-08: Mahabbat Al Qalb music Khalid Al Sheikh/words Ali Al Sharqawi; Sara Layli music Siraj Omar; Omar Al Ward composed by Mohammed Al Mougi with lyrics by Mubarak Al Hudaibi. Difficulty: Specialist recall of lyricists, arrangers, orchestral works, historical credits or a precisely dated musical event."
"153","28cb294784a1866fa6a5baea12f3a9b9f79ef5bbd7fe264c8bbe956fed071f2b","song:etmaen:lyricist","etmaen","yes","yes","yes","yes","Assistant reviewed Who wrote the lyrics of Hammoud Naser's Etmaen? Answer: Ali Al Matouq. Arabic and English request the same attribute. Evidence: Publisher description inspected 2026-10-08: Hammoud Naser, Etmaen; director Nawaf Al Shammari, words Ali Al Matouq, music Ammar Al Bunni. Difficulty: Specialist recall of lyricists, arrangers, orchestral works, historical credits or a precisely dated musical event."
"154","5398744853b2988d4985398780fa35d6fb66fc9caa69d4ebfe64df859b121c11","song:etmaen:videodirector","etmaen","yes","yes","yes","yes","Assistant reviewed Who directed Hammoud Naser's Etmaen music video, according to Al Nazaer's credits? Answer: Nawaf Al Shammari. Arabic and English request the same attribute. Evidence: Publisher description inspected 2026-10-08: Hammoud Naser, Etmaen; director Nawaf Al Shammari, words Ali Al Matouq, music Ammar Al Bunni. Difficulty: Specialist recall of lyricists, arrangers, orchestral works, historical credits or a precisely dated musical event."
"155","e164faac8d70aabc56fb35895f012e98b16f259fc829c766d481536e7a83b39d","song:yailahalkawn:composer","husseinrepertoire","yes","yes","yes","yes","Assistant reviewed Who composed Hussein Jassim's invocation Ya Ilah Al Kawn? Answer: Abdul Raouf Ismail. Arabic and English request the same attribute. Evidence: Inspected 2026-10-08: Hikayat Bahar also called Ehna Wal Ayyam, lyrics Khaled Al Ayaf; Ya Ilah Al Kawn composed by Abdul Raouf Ismail; Ya Muairis lyrics Mubarak Al Hudaibi; Alik Saeed introduced Dazza rhythm; Hussein taught music. Difficulty: Specialist recall of lyricists, arrangers, orchestral works, historical credits or a precisely dated musical event."
"156","4824996b9e0286db27ee921e740f99d84a3a2f784a800e2896a6d6b192bc50cd","song:hikayatbahar:lyricist","husseinrepertoire","yes","yes","yes","yes","Assistant reviewed Who wrote the lyrics of Hussein Jassim's Hikayat Bahar? Answer: Khaled Al Ayaf. Arabic and English request the same attribute. Evidence: Inspected 2026-10-08: Hikayat Bahar also called Ehna Wal Ayyam, lyrics Khaled Al Ayaf; Ya Ilah Al Kawn composed by Abdul Raouf Ismail; Ya Muairis lyrics Mubarak Al Hudaibi; Alik Saeed introduced Dazza rhythm; Hussein taught music. Difficulty: Specialist recall of lyricists, arrangers, orchestral works, historical credits or a precisely dated musical event."
"157","5f35ee47bd61de3b797ca2fa7e12a71c46aa03ba9bfa916e4cf6dbd4e9ac61b8","song:yamuairis:lyricist","husseinrepertoire","yes","yes","yes","yes","Assistant reviewed Who wrote the lyrics of Hussein Jassim's Ya Muairis? Answer: Mubarak Al Hudaibi. Arabic and English request the same attribute. Evidence: Inspected 2026-10-08: Hikayat Bahar also called Ehna Wal Ayyam, lyrics Khaled Al Ayaf; Ya Ilah Al Kawn composed by Abdul Raouf Ismail; Ya Muairis lyrics Mubarak Al Hudaibi; Alik Saeed introduced Dazza rhythm; Hussein taught music. Difficulty: Specialist recall of lyricists, arrangers, orchestral works, historical credits or a precisely dated musical event."
"158","a4b5d9275911e258d2d5b2320cd240b799ffbcc0ce70fc26e0bb2fa039989a26","song:aliksaeed:rhythm","husseinrepertoire","yes","yes","yes","yes","Assistant reviewed Which traditional rhythm did Ghannam Al Deikan introduce in Hussein Jassim's Alik Saeed? Answer: Dazza. Arabic and English request the same attribute. Evidence: Inspected 2026-10-08: Hikayat Bahar also called Ehna Wal Ayyam, lyrics Khaled Al Ayaf; Ya Ilah Al Kawn composed by Abdul Raouf Ismail; Ya Muairis lyrics Mubarak Al Hudaibi; Alik Saeed introduced Dazza rhythm; Hussein taught music. Difficulty: Specialist recall of lyricists, arrangers, orchestral works, historical credits or a precisely dated musical event."
"159","8b758e6a32258ea57a02c6a116b053676f5c3c886a6d93881f8f20616fbcc474","song:atqarrab:lyricist","balushirepertoire","yes","yes","yes","yes","Assistant reviewed Which actor wrote the lyrics of Mohammed Al Balushi's Atqarrab? Answer: Abdul Imam Abdullah. Arabic and English request the same attribute. Evidence: Inspected 2026-10-08: Ala Al Dunya Al Salam theme performed by Al Balushi, music Anwar Abdullah; Atqarrab words Abdul Imam Abdullah; Ya Bidayatna music Mohammed Al Rowaished; Mako Ella Ent music Ghannam Al Deikan. Displayed 1970 timestamp is unreliable and is not used. Difficulty: Specialist recall of lyricists, arrangers, orchestral works, historical credits or a precisely dated musical event."
"160","72920114a5ed3c851174e148954e7a126862bc1333667787134c436ad9c585e6","song:yabidayatna:composer","balushirepertoire","yes","yes","yes","yes","Assistant reviewed Who composed Mohammed Al Balushi's Ya Bidayatna? Answer: Mohammed Al Rowaished. Arabic and English request the same attribute. Evidence: Inspected 2026-10-08: Ala Al Dunya Al Salam theme performed by Al Balushi, music Anwar Abdullah; Atqarrab words Abdul Imam Abdullah; Ya Bidayatna music Mohammed Al Rowaished; Mako Ella Ent music Ghannam Al Deikan. Displayed 1970 timestamp is unreliable and is not used. Difficulty: Specialist recall of lyricists, arrangers, orchestral works, historical credits or a precisely dated musical event."
"161","a02cd0cce565cbb882c084f68399948bc49caeb1a57c20289dd2a6a837c73a01","theme:alaldunyaalsalam:composer","balushirepertoire","yes","yes","yes","yes","Assistant reviewed Who composed the Ala Al Dunya Al Salam theme sung by Mohammed Al Balushi? Answer: Anwar Abdullah. Arabic and English request the same attribute. Evidence: Inspected 2026-10-08: Ala Al Dunya Al Salam theme performed by Al Balushi, music Anwar Abdullah; Atqarrab words Abdul Imam Abdullah; Ya Bidayatna music Mohammed Al Rowaished; Mako Ella Ent music Ghannam Al Deikan. Displayed 1970 timestamp is unreliable and is not used. Difficulty: Specialist recall of lyricists, arrangers, orchestral works, historical credits or a precisely dated musical event."
"162","f10ad2fcc27544a7d4fd05f7b315f72e6005598fbdcfa310ba651304a594f87c","song:akoumislek:lyricist","akoumislek","yes","yes","yes","yes","Assistant reviewed Who wrote the lyrics of Nawal's Akou Mislek? Answer: Bader Borsli. Arabic and English request the same attribute. Evidence: Publisher page inspected 2026-10-08: Nawal performs Akou Mislek, lyrics Bader Borsli, music Meshaal Al Arouj. Changing view totals and marketing claims not used. Difficulty: Specialist recall of lyricists, arrangers, orchestral works, historical credits or a precisely dated musical event."
"163","57fda7a9422d36c6e5901cbffae235a0c3f0bc0d48df77ddedc37f99a0c294b1","song:ajmalbent:arranger","ajmalbent","yes","yes","yes","yes","Assistant reviewed Who arranged Abdulaziz Louis's Ajmal Bent Fi Al Dunya? Answer: Talal Al Eidan. Arabic and English request the same attribute. Evidence: Artist interview inspected 2026-10-08, line 108: Ajmal Bent Fi Al Dunya sung/composed by Louis, lyrics Athbi Al Dubaiss, arrangement Talal Al Eidan, mix/master Suhaib Al Awadi. Difficulty: Specialist recall of lyricists, arrangers, orchestral works, historical credits or a precisely dated musical event."
"164","346c89754782cdc4349be1c157ff145aaeac982d371e11f8f72a766bc2e9c1a8","song:ajmalbent:mixmaster","ajmalbent","yes","yes","yes","yes","Assistant reviewed Who handled mixing and mastering for Abdulaziz Louis's Ajmal Bent Fi Al Dunya? Answer: Suhaib Al Awadi. Arabic and English request the same attribute. Evidence: Artist interview inspected 2026-10-08, line 108: Ajmal Bent Fi Al Dunya sung/composed by Louis, lyrics Athbi Al Dubaiss, arrangement Talal Al Eidan, mix/master Suhaib Al Awadi. Difficulty: Specialist recall of lyricists, arrangers, orchestral works, historical credits or a precisely dated musical event."
"165","c3e8fe0dab80489d5d8cdc128a716b609a503c9e241ecad0e73db2b757fe33ff","bashar:eshlonbasber:director","basharprofile","yes","yes","yes","yes","Assistant reviewed Who directed Bashar Al Shatti's Eshlon Basber music video? Answer: Hadi Al Bagouri. Arabic and English request the same attribute. Evidence: Music publication inspected 2026-10-08: first-season Star Academy participant; second album Tani Marrah; Khalik Fahem Egyptian dialect; Eshlon Basber video directed by Hadi Al Bagouri; 2017 duet Ya Al Watan Ya Al Zibriqan with Ahlam. Conflicting album dates not used. Difficulty: Specialist recall of lyricists, arrangers, orchestral works, historical credits or a precisely dated musical event."
"166","4c9e8928617bdb0f4132fb1aa0020c23e63fc08f0ba5a26563e9becaa4de0efd","song:yatir:director","yatir","yes","yes","yes","yes","Assistant reviewed Who directed Bashar Al Shatti's Ya Tir music video? Answer: Reda Mohammed. Arabic and English request the same attribute. Evidence: Artist interview inspected 2026-10-08: Ya Tir written/composed/performed by Bashar, rapper Daffy appears, video director Reda Mohammed. Proposed album track counts not treated as released facts. Difficulty: Specialist recall of lyricists, arrangers, orchestral works, historical credits or a precisely dated musical event."
"167","ef7b7a529d6b0e9cf8dec21b8fc16da07dd02e23e12a28b09c35a6eb2ad6eeab","song:weshjabni:lyricist","weshjabni","yes","yes","yes","yes","Assistant reviewed Who wrote the lyrics of Fattouma's Wesh Jabni? Answer: Hisham Al Shurooqi. Arabic and English request the same attribute. Evidence: Verified publisher description inspected 2026-10-08: Fattouma, Wesh Jabni, 2018; lyrics Hisham Al Shurooqi, music Bader Al Thawadi, oud Jassim Jawad. No lyrics reproduced. Difficulty: Specialist recall of lyricists, arrangers, orchestral works, historical credits or a precisely dated musical event."
"168","45bb13a1b858cbb3161038921a8d90b7daf93a276201b50d8ccac9b66e4c4d94","song:weshjabni:oudplayer","weshjabni","yes","yes","yes","yes","Assistant reviewed Who played the oud on Fattouma's 2018 recording Wesh Jabni? Answer: Jassim Jawad. Arabic and English request the same attribute. Evidence: Verified publisher description inspected 2026-10-08: Fattouma, Wesh Jabni, 2018; lyrics Hisham Al Shurooqi, music Bader Al Thawadi, oud Jassim Jawad. No lyrics reproduced. Difficulty: Specialist recall of lyricists, arrangers, orchestral works, historical credits or a precisely dated musical event."
"169","fa8c862fb0d094ff5e35c0cdf75ddf78cca0596acce09f089284b1cf618224cb","song:ghamza:lyricist","ghamza","yes","yes","yes","yes","Assistant reviewed Who wrote the lyrics of Ibrahim Dashti's Ghamza? Answer: Mushrif Al Attabi. Arabic and English request the same attribute. Evidence: Official Artist Channel description inspected 2026-10-08: 2017 Ghamza, singer Ibrahim Dashti; lyrics Mushrif Al Attabi; music, arrangement and mastering Hussam Kamil. No lyrics reproduced. Difficulty: Specialist recall of lyricists, arrangers, orchestral works, historical credits or a precisely dated musical event."
"170","192efd537b337b3d4bc445a569c9a3530886355174c682dd8fed80425c49bc44","aishatribute:conductor","aishatribute","yes","yes","yes","yes","Assistant reviewed Who conducted and rearranged Aisha Al Marta's songs for Jaber Cultural Centre's Without a Microphone tribute to her? Answer: Dr Khaled Nouri. Arabic and English request the same attribute. Evidence: Official programme inspected 2026-10-08: Queen of Samri Aisha Al Marta, acoustic presentation without microphones, rearranged and conducted by Dr Khaled Nouri. Difficulty: Specialist recall of lyricists, arrangers, orchestral works, historical credits or a precisely dated musical event."
"171","a94f7f0add58afa0187ed92a605674fbe5129e9901287e9a1544d6831899b937","humood:kunanta:indonesiantitle","humoodprofile","yes","yes","yes","yes","Assistant reviewed What is the title of Humood AlKhudher's Indonesian version of Kun Anta? Answer: Jadi Diri Sendiri. Arabic and English request the same attribute. Evidence: Artist label biography inspected 2026-10-08: signed January 2015, Aseer Ahsan; early Ummi Filisteen duet with Mishari Al Aradah; Indonesian Kun Anta version titled Jadi Diri Sendiri. Dynamic view and chart totals excluded. Difficulty: Specialist recall of lyricists, arrangers, orchestral works, historical credits or a precisely dated musical event."
"172","9ac77a4a0ee9ceda1a33c52ff438ddd7307b2adcfa9ebb9537d9f613f1ffc03e","song:haanatha:arranger","haanatha","yes","yes","yes","yes","Assistant reviewed Which Turkish musician arranged Humood AlKhudher's Ha Anatha? Answer: Mustafa Ceceli. Arabic and English request the same attribute. Evidence: Publisher description inspected 2026-10-08: Humood AlKhudher performs Ha Anatha, words/music Saif Fadhel, arrangement Mustafa Ceceli. No lyrics reproduced. Difficulty: Specialist recall of lyricists, arrangers, orchestral works, historical credits or a precisely dated musical event."
"173","039ae07d09681fb963fc44dd163ecec2de35cc66d3bbbdd4ceedc955840dff63","song:jaattagul:writercomposer","duwaihi2008","yes","yes","yes","yes","Assistant reviewed Who wrote and composed Abdulaziz Al Duwaihi's Jaat Taqul? Answer: Adnan Bishara. Arabic and English request the same attribute. Evidence: Release report inspected 2026-10-08: Hataytak Brasi written/composed by Bashar Al Shatti; Jaat Taqul written/composed by Adnan Bishara; Lesh Ya Qalbi video directed by Charbel Youssef. Difficulty: Specialist recall of lyricists, arrangers, orchestral works, historical credits or a precisely dated musical event."
"174","3ae26886f3387180fc32997c14581e7ae5e6158b84041042c985af0166ce6149","song:leshyaqalbi:videodirector","duwaihi2008","yes","yes","yes","yes","Assistant reviewed Who directed Abdulaziz Al Duwaihi's Lesh Ya Qalbi music video? Answer: Charbel Youssef. Arabic and English request the same attribute. Evidence: Release report inspected 2026-10-08: Hataytak Brasi written/composed by Bashar Al Shatti; Jaat Taqul written/composed by Adnan Bishara; Lesh Ya Qalbi video directed by Charbel Youssef. Difficulty: Specialist recall of lyricists, arrangers, orchestral works, historical credits or a precisely dated musical event."
"175","4e2c8506da8c22da3e809bfeeaf5bce3ad36979bae858b8d117b9b0512a8a972","song:fighiyabi:composer","dashtirepertoire","yes","yes","yes","yes","Assistant reviewed Who composed Ibrahim Dashti's Fi Ghiyabi? Answer: Abdullah Al Quoud. Arabic and English request the same attribute. Evidence: Inspected 2026-10-08: Faqedha album includes Taf/Mushtaqin; Sual Saghir music Fahad Al Nasser; Fi Ghiyabi music Abdullah Al Quoud. No lyrics reproduced. Difficulty: Specialist recall of lyricists, arrangers, orchestral works, historical credits or a precisely dated musical event."
"176","3cecb4f460cf8c8f30a157c319fb2aadbf83e0626f76d358026f28967319da2a","song:mafiahad:videodirector","mafiahad","yes","yes","yes","yes","Assistant reviewed Who directed Hamad Al Qattan's 2016 Mafi Ahad music video? Answer: Abdullah Al Arrak. Arabic and English request the same attribute. Evidence: Official Artist Channel description inspected 2026-10-08: Hamad Al Qattan singer/composer, director Abdullah Al Arrak, 2016. No lyrics reproduced. Difficulty: Specialist recall of lyricists, arrangers, orchestral works, historical credits or a precisely dated musical event."
"177","5e4cbbb9a34e5af7aa2dadcfb20476cac850c447ef99ef0b8c5597c013a81206","sulaimanmulla:earlycomposition:singer","mullatribute","yes","yes","yes","yes","Assistant reviewed For which singer did Sulaiman Al Mulla compose Kashafu Sir Al Hawa early in his composing career? Answer: Fahad Al Maas. Arabic and English request the same attribute. Evidence: Official programme inspected 2026-10-08: early oud/violin accompanist; Kashafu Sir Al Hawa composed for Fahad Al Maas; own vocals Ya Nab Al Wafa; Watan Al Nahar recorded/released after Kuwait's liberation in 1991. Difficulty: Specialist recall of lyricists, arrangers, orchestral works, historical credits or a precisely dated musical event."
"178","dfac06411a4d782ad3be535a32217821d767242183ffccfa41e4b5d8c777f56c","qassar:bedouinform:adaptation","qassarwedding","yes","yes","yes","yes","Assistant reviewed Which Bedouin singing style did Sulaiman Al Qassar adapt into Dazza songs? Answer: Baddawi. Arabic and English request the same attribute. Evidence: Official programme inspected 2026-10-08: Sulaiman Al Qassar's wedding repertoire, Dazza inspiration from Bahrain, adaptation of Baddawi into Dazza songs. Difficulty: Specialist recall of lyricists, arrangers, orchestral works, historical credits or a precisely dated musical event."
"179","7db7ffae0ce56dafef687757f294c9e910652818b845a663e085b2cbd4ad29ca","song:mistajela:lyricist","mistajela","yes","yes","yes","yes","Assistant reviewed Who wrote the lyrics of Mesaed Al Baloushy's Mistajela? Answer: Saud Al Fulaih. Arabic and English request the same attribute. Evidence: Verified label description inspected 2026-10-08: 2022 Mistajela by Mesaed Al Baloushy, words Saud Al Fulaih, music Nawaf Abdullah. No lyrics reproduced. Difficulty: Specialist recall of lyricists, arrangers, orchestral works, historical credits or a precisely dated musical event."
"180","bc076802ef3b0b6e9860a6162470a9f6cd788ec4b32680025b6704936a414e77","song:mushkila:writercomposer","miamimushkila","yes","yes","yes","yes","Assistant reviewed Who wrote and composed Miami Band's 2017 song Mushkila? Answer: Abdullah Salem. Arabic and English request the same attribute. Evidence: First-person band interview inspected 2026-10-08: Mushkila words/music Abdullah Salem; first album Sabouha 1991; Khaled Al Randi keyboard, Layli Layli conga. Difficulty: Specialist recall of lyricists, arrangers, orchestral works, historical credits or a precisely dated musical event."
"181","d08e016700b3a2c554e125328a6b28752d4859cc1c73c326e0f6e46fa37c9fd2","miami:laylilayli:instrument","miamimushkila","yes","yes","yes","yes","Assistant reviewed Which percussion instrument does Layli Layli play in Miami Band? Answer: Conga. Arabic and English request the same attribute. Evidence: First-person band interview inspected 2026-10-08: Mushkila words/music Abdullah Salem; first album Sabouha 1991; Khaled Al Randi keyboard, Layli Layli conga. Difficulty: Specialist recall of lyricists, arrangers, orchestral works, historical credits or a precisely dated musical event."
"182","61116f863397c4f4b2546689f46462f1084b0277ef26cbc6261335ced03d7129","song:yaghali:lyricist","guitarareview","yes","yes","yes","yes","Assistant reviewed Which female member of Guitara wrote the lyrics of Ya Ghali? Answer: Renad. Arabic and English request the same attribute. Evidence: Music retrospective inspected 2026-10-08: founding sisters Rahaf/Renad; Ya Ghali music Rahaf/words Renad, originally titled Aseer Ahzani before arrangement changes. Conflicting original release dates excluded. Difficulty: Specialist recall of lyricists, arrangers, orchestral works, historical credits or a precisely dated musical event."
"183","15dea4826da7e1d35aed4cbe310c7fa92376929c18b4cda9d6a433a25c0511bc","song:yaghali:earliertitle","guitarareview","yes","yes","yes","yes","Assistant reviewed What early title did Guitara's Ya Ghali have before its arrangement was changed? Answer: Aseer Ahzani. Arabic and English request the same attribute. Evidence: Music retrospective inspected 2026-10-08: founding sisters Rahaf/Renad; Ya Ghali music Rahaf/words Renad, originally titled Aseer Ahzani before arrangement changes. Conflicting original release dates excluded. Difficulty: Specialist recall of lyricists, arrangers, orchestral works, historical credits or a precisely dated musical event."
"184","5c28248c8f863360a602525fec5f55a826af806b18691fb0b1c4de72c81aefc3","song:mayeshbehak:lyricist","mayeshbehak","yes","yes","yes","yes","Assistant reviewed Who wrote Nabeel Shuail's Ma Yeshbehak under the pen name Al Alia? Answer: Shumoukh Al Aqla. Arabic and English request the same attribute. Evidence: Publisher report inspected 2026-10-08: singer Nabeel Shuail, words Shumoukh Al Aqla (Al Alia), music Yasser Bu Ali. Changing view count excluded. Difficulty: Specialist recall of lyricists, arrangers, orchestral works, historical credits or a precisely dated musical event."
"185","59cbcacc8b39c9e8c7165ab0729c8da506262492f6765a4c0c459d87a3850289","song:maqeltlak:lyricist","maqeltlak","yes","yes","yes","yes","Assistant reviewed Who wrote the lyrics of Abdullah Al Rowaished's Ma Qelt Lak? Answer: Meshaal Duhaim. Arabic and English request the same attribute. Evidence: Publisher report inspected 2026-10-08: Abdullah Al Rowaished, words Meshaal Duhaim, music Nasser Al Saleh, director Ahmed Al Doghachi. No lyrics reproduced. Difficulty: Specialist recall of lyricists, arrangers, orchestral works, historical credits or a precisely dated musical event."
"186","cd3f64026adba6628e13a1e494a1fef107a7f12ddd9dd0ab2480212a69831beb","song:maqeltlak:videodirector","maqeltlak","yes","yes","yes","yes","Assistant reviewed Who directed Abdullah Al Rowaished's Ma Qelt Lak music video? Answer: Ahmed Al Doghachi. Arabic and English request the same attribute. Evidence: Publisher report inspected 2026-10-08: Abdullah Al Rowaished, words Meshaal Duhaim, music Nasser Al Saleh, director Ahmed Al Doghachi. No lyrics reproduced. Difficulty: Specialist recall of lyricists, arrangers, orchestral works, historical credits or a precisely dated musical event."
"187","6c24ab4307b6ecbfe5985dee1e4ed3053c274f5240ab88fc8873fe9f8aa3bdf8","song:mughroura:lyricist","mughroura","yes","yes","yes","yes","Assistant reviewed Who wrote the lyrics of Maram's Mughroura? Answer: Khaled Al Bathal. Arabic and English request the same attribute. Evidence: Contemporary release report inspected 2026-10-08: Maram Mughroura, music Sulaiman Al Mulla/lyrics Khaled Al Bathal; Taradaina music Yaqoub Al Khubaizi; Ahallifak Billah Ansa Al Zaal music Fahad Al Nasser/lyrics Nasser Al Shammari. Difficulty: Specialist recall of lyricists, arrangers, orchestral works, historical credits or a precisely dated musical event."
"188","5a7f6dc576064cd65865bc739506ca5cc300a7e9cb23f85451a9a6a457b2ca6d","song:baadah:lyricist","hammoud2019","yes","yes","yes","yes","Assistant reviewed Who wrote the lyrics of Baadah, the closing track on Hammoud Naser's 2019 album? Answer: Mohammed Al Shuraidah. Arabic and English request the same attribute. Evidence: Artist interview inspected 2026-10-08: Jathibiya words/music/singer Hammoud Naser; Astaghrib lyrics Saher; Eshrat Omar all writing/composition/production Mishari Al Awadi; Baadah lyrics Mohammed Al Shuraidah. Difficulty: Specialist recall of lyricists, arrangers, orchestral works, historical credits or a precisely dated musical event."
"189","4cde352df4cfaeed8e1e245cca1521635991172864a73fab175aafa327c757af","song:ahallifakbillah:lyricist","mughroura","yes","yes","yes","yes","Assistant reviewed Who wrote the lyrics of Maram's Ahallifak Billah Ansa Al Zaal? Answer: Nasser Al Shammari. Arabic and English request the same attribute. Evidence: Contemporary release report inspected 2026-10-08: Maram Mughroura, music Sulaiman Al Mulla/lyrics Khaled Al Bathal; Taradaina music Yaqoub Al Khubaizi; Ahallifak Billah Ansa Al Zaal music Fahad Al Nasser/lyrics Nasser Al Shammari. Difficulty: Specialist recall of lyricists, arrangers, orchestral works, historical credits or a precisely dated musical event."
"190","da9a95d17b4f532e35735e335418e86011a0b45bf3c03df1cd383f3a605acc9a","song:fahhmouh:lyricist","fahhmouh","yes","yes","yes","yes","Assistant reviewed Who wrote the lyrics of Mutrif Al Mutrif's Fahhmouh? Answer: Saad Al Musallam. Arabic and English request the same attribute. Evidence: Artist interview inspected 2026-10-08: singer Mutrif Al Mutrif, lyrics Saad Al Musallam, composition Fahad Al Nasser, arrangement Jarrah Al Sayigh. Difficulty: Specialist recall of lyricists, arrangers, orchestral works, historical credits or a precisely dated musical event."
"191","c4b4349d2416adedcf5cb249913236c6c2a4be5461a590933ea577901a794e50","song:tawaadna:maqams","tawaadna","yes","yes","yes","yes","Assistant reviewed Which two maqams did Abdul Qader Hadhoud say he combined in Tawaadna? Answer: Saba and Nahawand. Arabic and English request the same attribute. Evidence: Artist interview inspected 2026-10-08: released at start of 2026, sung and composed by Hadhoud, lyrics Al Ghaim; he explicitly describes combining Saba and Nahawand. Difficulty: Specialist recall of lyricists, arrangers, orchestral works, historical credits or a precisely dated musical event."
"192","0cdbc7eb1f89e49f551d1ae28885e719aabec814a56c35ebf8b57db4d9b4e9cd","song:tawaadna:lyricist","tawaadna","yes","yes","yes","yes","Assistant reviewed Who wrote the lyrics of Abdul Qader Hadhoud's Tawaadna? Answer: Al Ghaim. Arabic and English request the same attribute. Evidence: Artist interview inspected 2026-10-08: released at start of 2026, sung and composed by Hadhoud, lyrics Al Ghaim; he explicitly describes combining Saba and Nahawand. Difficulty: Specialist recall of lyricists, arrangers, orchestral works, historical credits or a precisely dated musical event."
"193","00539dfd45e04d179f98b7e67525954d971952fc41f515f8bda6e3a7d95042f9","song:abshiriyaain:lyricist","abshiri","yes","yes","yes","yes","Assistant reviewed Who wrote the lyrics of Aisha Al Marta's Abshiri Ya Ain? Answer: Yousef Al Munee'. Arabic and English request the same attribute. Evidence: Indexed report inspected 2026-10-08: Abshiri Ya Ain originally Aisha Al Marta, lyrics Yousef Al Munee, composition Othman Al Sayed; independently corroborated by Arabic Music Library score catalogue. Difficulty: Specialist recall of lyricists, arrangers, orchestral works, historical credits or a precisely dated musical event."
"194","26ee681488d3e3c303d8d815c6906d700de3d98ce05d193ef2fe02f96a174eeb","song:samihni:lyricist","samihnicredits","yes","yes","yes","yes","Assistant reviewed Who wrote the lyrics of Shaymaa Sulaiman's Samihni? Answer: Sulaiman Bu Shait. Arabic and English request the same attribute. Evidence: Artist interview inspected 2026-10-08: released single, lyrics Sulaiman Bu Shait, composition Majed Al Mukhaini, arrangement Zaid Nadeem. Composer's own majidalmukhaini.me/alhan catalogue corroborates credits. Difficulty: Specialist recall of lyricists, arrangers, orchestral works, historical credits or a precisely dated musical event."
"195","800447cd2f417fe9f7a97ff129e30c148bfb65c4bd565b65d080e040cbae0914","song:alshougjabak:lyricist","shougjabak","yes","yes","yes","yes","Assistant reviewed Which prince wrote the lyrics of Nawal's Al Shoug Jabak? Answer: Prince Saud bin Abdullah. Arabic and English request the same attribute. Evidence: Official artist description inspected 2026-10-08: Nawal, lyrics Saud bin Abdullah, composition Meshaal Al Arouj. No lyrics reproduced. Difficulty: Specialist recall of lyricists, arrangers, orchestral works, historical credits or a precisely dated musical event."
"196","b9c777b7d8b31f7b0a86aecd633aefb9a4887a732b8c76cfc3171ac5d885ebf3","song:yanasdillouni:lyricist","dillounipoet","yes","yes","yes","yes","Assistant reviewed Which poet wrote Ya Nas Dillouni, composed by Mahmoud Al Kuwaiti? Answer: Fahad Borsli. Arabic and English request the same attribute. Evidence: Review inspected 2026-10-08 cites collected works and lists Ya Nas Dillouni among Fahad Borsli texts composed by Mahmoud Al Kuwaiti. No claim that any rendition was the first recording. Difficulty: Specialist recall of lyricists, arrangers, orchestral works, historical credits or a precisely dated musical event."
"197","13f72d47cb6bba01afbe897e47569919f769f43e57be9c79e4e52aed6a7374f0","song:anaraddait:lyricist","anaraddaitwords","yes","yes","yes","yes","Assistant reviewed Who wrote the lyrics of Abdul Karim Abdul Qader's Ana Raddait? Answer: Abdul Latif Al Bannai. Arabic and English request the same attribute. Evidence: Indexed report inspected 2026-10-08 credits Ana Raddait lyrics Abdul Latif Al Bannai and composition Abdul Rab Idris; contemporary cover singer not treated as original performer. Difficulty: Specialist recall of lyricists, arrangers, orchestral works, historical credits or a precisely dated musical event."
"198","3bcafc93882c0d9a473018c5a4c362717b02658e103ed4fa938d0c410c5cb23e","song:khatelkhatar:lyricist","khatelkhatar","yes","yes","yes","yes","Assistant reviewed Who wrote the lyrics of Shams's Khat El Khatar? Answer: Qusay Issa. Arabic and English request the same attribute. Evidence: Release report inspected 2026-10-08: Shams, lyrics Qusay Issa, composition Mahmoud Al Ghaith, arrangement Muhannad Al Ghazi; volatile view counts excluded. Difficulty: Specialist recall of lyricists, arrangers, orchestral works, historical credits or a precisely dated musical event."
"199","d5d8e66709f4b9e56f3e3cb042272db195dea786607ecf3a9f34b6d4e9b7564c","song:zahqanamellait:lyricist","zahqana","yes","yes","yes","yes","Assistant reviewed Who wrote the lyrics of Shams's Zahqana Mellait? Answer: Adnan Al Amir. Arabic and English request the same attribute. Evidence: Release report inspected 2026-10-08: singer Shams, lyrics Adnan Al Amir, composition Ali Saber, video director Fadi Haddad; no lyrics reproduced. Difficulty: Specialist recall of lyricists, arrangers, orchestral works, historical credits or a precisely dated musical event."
"200","7147fad98b234af7ae729049da52fe44cafdd704143fb88f1a4f99b625d5b970","song:wenwen:lyricist","wenwen","yes","yes","yes","yes","Assistant reviewed Who wrote the lyrics of Hamad Al Qattan's Wen Wen? Answer: Abdullah Al Omani. Arabic and English request the same attribute. Evidence: Indexed artist video description inspected 2026-10-08: 2017 video, singer Hamad Al Qattan, lyrics Abdullah Al Omani. Direct fetch unavailable; indexed credits used, no lyrics reproduced. Difficulty: Specialist recall of lyricists, arrangers, orchestral works, historical credits or a precisely dated musical event."
"201","0b5932ffec268aee5f57b36e44badbbe24ea88aac78ad3c6e3711f0f9b154353","song:alawain:writercomposer","alawain","yes","yes","yes","yes","Assistant reviewed Who wrote and composed Khaled Al Mudhaffar's Ala Wain? Answer: Bader Al Shuaibi. Arabic and English request the same attribute. Evidence: Profile inspected 2026-10-08 explicitly credits Ala Wain words and music to Bader Al Shuaibi. Difficulty: Specialist recall of lyricists, arrangers, orchestral works, historical credits or a precisely dated musical event."
"202","c229735eb49b4e19a627e2c146361905009adef51f929b55d947ca35d93955b6","song:masmouh:lyricist","masmouhcredits","yes","yes","yes","yes","Assistant reviewed Who wrote the lyrics of Ghareed Al Shati's Masmouh? Answer: Bader Borsli. Arabic and English request the same attribute. Evidence: Concert report inspected 2026-10-08 explicitly credits classic Ghareed Al Shati Masmouh to words Bader Borsli and music Ghannam Al Deikan. Difficulty: Specialist recall of lyricists, arrangers, orchestral works, historical credits or a precisely dated musical event."
"203","e72bfd45a9f24f61b5e4057967cff390f8676c162dfa87dc5cc050ee63f5a0ad","maritime:sankani:windinstrument","nahma","yes","yes","yes","yes","Assistant reviewed Which wind instrument is used in Kuwaiti Sankani music, according to KUNA's maritime-arts account? Answer: The surnai, or mizmar. Arabic and English request the same attribute. Evidence: KUNA specialist explanation indexed and inspected 2026-10-08: naham is ship's singer; khatfa accompanies raising sail; Kuwaiti Sankani includes surnai/mizmar. Distinct performer, work-song function and instrumental-genre facts. Difficulty: Specialist recall of lyricists, arrangers, orchestral works, historical credits or a precisely dated musical event."
"204","95778a6468c8067958b0db15161fbe111457160cc127a15d70cc61761e7af4e9","song:dandinmai:arranger","dandincredits","yes","yes","yes","yes","Assistant reviewed Which singer served as musical arranger for Humood Al Khudher's Dandin Ma'i? Answer: Maher Zain. Arabic and English request the same attribute. Evidence: Music broadcaster release listing inspected 2026-10-08: words/music Saif Fadhel, arrangement Maher Zain, director Hasan Kuyucu. No lyrics reproduced. Difficulty: Specialist recall of lyricists, arrangers, orchestral works, historical credits or a precisely dated musical event."
