"id","difficulty","factKey","topic","questionAr","questionEn","answerAr","answerEn","sourceName","sourceUrl","evidence","lastVerified"
"kuwaiti_music_v2_001","easy200","song:ajorelsout:singer",,"من المطرب الكويتي صاحب أغنية «أجر الصوت» المعروفة أيضًا باسم «الصوت الجريح»؟","Which Kuwaiti singer performs Ajor Elsoot, also known as Al Sawt Al Jareeh?","عبدالكريم عبدالقادر","AbdulKarim AbdulQader","Al Nazaer Media Group — Ajor Elsoot official recording credits","https://www.youtube.com/watch?v=HEzP3OwW3-M","Publisher description inspected 2026-10-08: AbdulKarim AbdulQader performs; lyrics AbdulLatif Al Bannai; music Anwar Abdullah. Upload date is not treated as the original release date.","2026-10-08"
"kuwaiti_music_v2_002","easy200","song:shilohashila:performer",,"ما الفرقة الكويتية التي اشتهرت بأغنية «شيلوها شيلة»؟","Which Kuwaiti band is famous for Shiloha Shila?","فرقة ميامي","Miami Band","Qobuz — Al Nazaer licensed Miami Band 97 catalogue","https://www.qobuz.com/au-en/album/-97-/d15ibzcfz8ama","Licensed catalogue inspected 2026-10-08 lists Shiloha Shila as a Miami Band track. Ambiguous combined composer/writer metadata is not used for role-specific questions.","2026-10-08"
"kuwaiti_music_v2_003","easy200","song:yaghali:guitaraperformer",,"ما الفرقة الكويتية صاحبة أغنية «يا غالي» في ألبوم «قصتي»؟","Which Kuwaiti band performs Ya Ghali on the album Qissati?","فرقة جيتارا","Guitara Band","Anghami — Guitara Band, Ya Ghali","https://kalimat.anghami.com/lyrics/106494","Licensed song page inspected 2026-10-08 identifies Guitara Band and the album Qissati. No lyrics are reproduced. Conflicting catalogue dates are not used.","2026-10-08"
"kuwaiti_music_v2_004","easy200","song:kunanta:singer",,"من الفنان الكويتي صاحب أغنية «كن أنت»؟","Which Kuwaiti artist performs Kun Anta?","حمود الخضر","Humood AlKhudher","Awakening Music — Humood, Kun Anta official video","https://www.youtube.com/watch?v=qKVW_wJs91Q","Official label recording inspected through indexed description 2026-10-08 identifies Humood AlKhudher. No upload date is used as the song's original release date.","2026-10-08"
"kuwaiti_music_v2_005","easy200","album:nawal:alard:artist",,"من المطربة صاحبة ألبوم «الأرض» الذي يضم «زينة أيامي» و«القصايد»؟","Which female singer released Al Ard, the album containing Zenat Ayyami and Al Qasaid?","نوال","Nawal","Rotana — official Al Ard album announcement and credits","https://rotana.net/ar/news-details/3848/%D8%B1%D9%88%D8%AA%D8%A7%D9%86%D8%A7-%D8%AA%D8%B7%D8%B1%D8%AD-%D8%A7%D8%BA%D9%86%D9%8A%D8%A7%D8%AA-%D8%A3%D9%84%D8%A8%D9%88%D9%85-%22%D8%A7%D9%84%D8%A7%D8%B1%D8%B6%22-%D9%84%D9%80-%D9%82%D9%8A%D8%AB%D8%A7%D8%B1%D8%A9-%D8%A7%D9%84%D8%AE%D9%84%D9%8A%D8%AC-%D9%86%D9%88%D8%A7%D9%84-%D8%A7%D9%84%D9%83%D9%88%D9%8A%D8%AA%D9%8A%D8%A9","Label credits inspected 2026-10-08: Nawal's Al Ard; Zenat Ayyami lyrics Bader Borsli/music Meshaal Al Arouj; Al Qasaid lyrics Warifah/music Yazeed Al Khaled; Ala Mehlak music Jumana Jamal. No unsupported claims from the biographical closing paragraphs are used.","2026-10-08"
"kuwaiti_music_v2_006","easy200","song:leemarhelow:singer",,"من المطرب الكويتي صاحب أغنية «لي مر الحلو»؟","Which Kuwaiti singer performs Lee Mar El Helow?","عبدالله الرويشد","Abdullah Al Rowaished","MBC1 — Abdullah Al Rowaished, Lee Mar El Helow performance","https://www.youtube.com/watch?v=52uN7I8zzZw","Broadcaster's own performance video inspected through indexed title and description 2026-10-08 identifies Abdullah Al Rowaished and Lee Mar El Helow.","2026-10-08"
"kuwaiti_music_v2_007","easy200","song:yaassal:singer",,"من المطرب الكويتي صاحب أغنية «يا عسل» في ألبوم «شعيل 2012»؟","Which Kuwaiti singer performs Ya Assal on the album Shuail 2012?","نبيل شعيل","Nabeel Shuail","Rotana — official Ya Assal video credits","https://www.youtube.com/watch?v=U2yuNCPnkgc","Verified label channel description inspected 2026-10-08; singer Nabeel Shuail, lyrics Ahmed Alawi, melody Nawaf Abdullah, album Shuail 2012. Upload year is not used as original song release year.","2026-10-08"
"kuwaiti_music_v2_008","easy200","song:alaqtna:singer",,"من المطرب الكويتي صاحب أغنية «علاقتنا» التي طرحها عام 2016؟","Which Kuwaiti singer released Alaqtna in 2016?","عبدالعزيز الويس","Abdulaziz Louis","Abdulaziz Louis — Alaqtna official recording","https://www.youtube.com/watch?v=1PeI29TeTh8","Artist's official recording indexed description inspected 2026-10-08; Alaqtna 2016, lyricist Mishari Ibrahim, arranger Talal Al Eidan. Corroborated by the artist's original Al Rai interview article 691053.","2026-10-08"
"kuwaiti_music_v2_009","easy200","song:wayedwayed:singer",,"من المطرب الكويتي صاحب الأغنية الكلاسيكية «وايد وايد»؟","Which Kuwaiti singer performs the classic Wayed Wayed?","مصطفى أحمد","Mustafa Ahmed","Al Jarida — Mustafa Ahmed's first-person recollections, part 1","https://www.aljarida.com/articles/1526908089212141000/amp","Interview inspected 2026-10-08: Wayed Wayed performed by Mustafa Ahmed, recorded Cairo 1965, lyrics Khalifa Al Abdullah; Rukn Al Huwat audition; Leish Tensa Al Ayyam recorded Kuwait Radio 1963, written and composed by AbdulRahman Al Bu'ayjan.","2026-10-08"
"kuwaiti_music_v2_010","easy200","song:masmouh:ghareedsinger",,"من المطرب الكويتي صاحب التسجيل الكلاسيكي لأغنية «مسموح»؟","Which Kuwaiti singer performs the classic recording of Masmouh?","غريد الشاطئ","Ghareed Al Shati","51 Kuwait — Ghareed Al Shati recording archive","https://51.com.kw/premium-show/237297/%D8%BA%D8%B1%D9%8A%D8%AF-%D8%A7%D9%84%D8%B4%D8%A7%D8%B7%D8%A6","Kuwait audiovisual archive page inspected 2026-10-08 lists Masmouh under Ghareed Al Shati; other covers are not described as his original works.","2026-10-08"
"kuwaiti_music_v2_011","easy200","song:halaftomri:singer",,"من المطرب الكويتي صاحب الأغنية الكلاسيكية «حلفت عمري»؟","Which Kuwaiti singer performs the classic Halaft Omri?","حسين جاسم","Hussein Jassim","Al Anba — Halaft Omri credits","https://www.alanba.com.kw/ar/variety-news/poetry-poems/513277/15-11-2014-%D8%AD%D9%84%D9%81%D8%AA-%D8%B9%D9%85%D8%B1%D9%8A/","Inspected 2026-10-08: performer Hussein Jassim, composer Yousef Al Muhanna, lyricist Majed Sultan. Corroborated by NCCAL's indexed Al Qurain 22 Yousef Al Muhanna booklet; direct PDF retrieval returned 403, so the accessible newspaper is the recorded source.","2026-10-08"
"kuwaiti_music_v2_012","easy200","song:etmaen:singer",,"من المطرب الكويتي صاحب أغنية «اطمئن»؟","Which Kuwaiti singer performs Etmaen?","حمود ناصر","Hammoud Naser","Al Nazaer Media Group — official Etmaen video credits","https://www.youtube.com/watch?v=CiERV8nYNXo","Publisher description inspected 2026-10-08: Hammoud Naser, Etmaen; director Nawaf Al Shammari, words Ali Al Matouq, music Ammar Al Bunni.","2026-10-08"
"kuwaiti_music_v2_013","easy200","song:yanarshebby:singer",,"من المطرب الكويتي صاحب أغنية «يا نار شبي»؟","Which Kuwaiti singer performs Ya Nar Shebby?","محمد البلوشي","Mohammed Al Balushi","Anghami — Mohammed Al Balushi, Ya Nar Shebby","https://kalimat.anghami.com/lyrics/3484298","Licensed recording page inspected 2026-10-08 identifies Mohammed Al Balushi as performer of Ya Nar Shebby; no lyrics reproduced.","2026-10-08"
"kuwaiti_music_v2_014","easy200","theme:alaldunyaalsalam:singer",,"من غنّى شارة المسلسل الكويتي «على الدنيا السلام»؟","Who sang the theme of the Kuwaiti television series Ala Al Dunya Al Salam?","محمد البلوشي","Mohammed Al Balushi","Al Rai — Mohammed Al Balushi's musical career","https://www.alraimedia.com/print-article?articleId=518067","Inspected 2026-10-08: Ala Al Dunya Al Salam theme performed by Al Balushi, music Anwar Abdullah; Atqarrab words Abdul Imam Abdullah; Ya Bidayatna music Mohammed Al Rowaished; Mako Ella Ent music Ghannam Al Deikan. Displayed 1970 timestamp is unreliable and is not used.","2026-10-08"
"kuwaiti_music_v2_015","easy200","husseinjassim:teaching:subject",,"ما المادة التي درّسها المطرب حسين جاسم في المدارس؟","What subject did singer Hussein Jassim teach in schools?","التربية الموسيقية","Music education","Al Jarida — Hussein Jassim's repertoire and collaborations","https://www.aljarida.com/articles/1528287371974323100/","Inspected 2026-10-08: Hikayat Bahar also called Ehna Wal Ayyam, lyrics Khaled Al Ayaf; Ya Ilah Al Kawn composed by Abdul Raouf Ismail; Ya Muairis lyrics Mubarak Al Hudaibi; Alik Saeed introduced Dazza rhythm; Hussein taught music.","2026-10-08"
"kuwaiti_music_v2_016","easy200","song:akoumislek:singer",,"من المطربة صاحبة أغنية «أكو مثلك»؟","Which female singer performs Akou Mislek?","نوال","Nawal","Rotana — official Akou Mislek release report","https://rotana.net/en/news/%D8%A3%D9%83%D9%88%20%D9%85%D8%AB%D9%84%D9%83%20..%201.5%20%D9%85%D9%84%D9%8A%D9%88%D9%86%20%D9%85%D8%B4%D8%A7%D9%87%D8%AF%D8%A9%20%D8%AD%D8%AA%D9%89%20%D8%A7%D9%84%D9%84%D8%AD%D8%B8%D8%A9","Publisher page inspected 2026-10-08: Nawal performs Akou Mislek, lyrics Bader Borsli, music Meshaal Al Arouj. Changing view totals and marketing claims not used.","2026-10-08"
"kuwaiti_music_v2_017","easy200","song:ajmalbent:singercomposer",,"من غنّى ولحّن «أجمل بنت في الدنيا»؟","Who sang and composed Ajmal Bent Fi Al Dunya?","عبدالعزيز الويس","Abdulaziz Louis","Al Rai — Abdulaziz Louis's first-person song credits","https://www.alraimedia.com/article/819335/%D9%81%D9%86%D9%88%D9%86/%D8%B9%D8%A8%D8%AF%D8%A7%D9%84%D8%B9%D8%B2%D9%8A%D8%B2-%D8%A7%D9%84%D9%88%D9%8A%D8%B3-%D9%84-%D8%A7%D9%84%D8%B1%D8%A7%D9%8A--%D9%88%D8%AF%D9%8A-%D8%A8%D8%A7%D9%84%D8%B2%D9%88%D8%A7%D8%AC-%D8%A7%D9%84%D9%8A%D9%88%D9%85-%D9%82%D8%A8%D9%84-%D8%A8%D8%A7%D8%AC%D8%B1","Artist interview inspected 2026-10-08, line 108: Ajmal Bent Fi Al Dunya sung/composed by Louis, lyrics Athbi Al Dubaiss, arrangement Talal Al Eidan, mix/master Suhaib Al Awadi.","2026-10-08"
"kuwaiti_music_v2_018","easy200","bashar:breakthrough:programme",,"أي برنامج مواهب عرّف الجمهور ببشار الشطي في موسمه الأول؟","Which talent show's first season introduced Bashar Al Shatti to the public?","ستار أكاديمي","Star Academy","Billboard Arabia — Bashar Al Shatti career profile","https://www.billboardarabia.com/%D9%85%D9%88%D8%B3%D9%8A%D9%82%D9%89/%D8%AE%D9%84%D9%8A%D8%AC%D9%8A/%D8%A8%D8%B4%D8%A7%D8%B1-%D8%A7%D9%84%D8%B4%D8%B7%D9%8A-%D8%A7%D9%84%D9%81%D9%86%D8%A7%D9%86-%D9%85%D8%AA%D8%B9%D8%AF%D8%AF-%D8%A7%D9%84%D8%A3%D8%AF%D9%88%D8%A7%D8%B1-%D8%AF%D9%88%D9%85%D8%A7-%D8%A3%D9%82%D9%88%D9%89-%D9%85%D9%86-%D9%82%D8%A8%D9%84-3729","Music publication inspected 2026-10-08: first-season Star Academy participant; second album Tani Marrah; Khalik Fahem Egyptian dialect; Eshlon Basber video directed by Hadi Al Bagouri; 2017 duet Ya Al Watan Ya Al Zibriqan with Ahlam. Conflicting album dates not used.","2026-10-08"
"kuwaiti_music_v2_019","easy200","song:yatir:writercomposer",,"من كتب ولحّن وغنّى «يا طير» التي شارك فيها دافي بالراب؟","Who wrote, composed and sang Ya Tir, featuring Daffy on rap?","بشار الشطي","Bashar Al Shatti","Al Rai — Bashar Al Shatti's Ya Tir interview","https://www.alraimedia.com/article/1621412/%D9%81%D9%86%D9%88%D9%86/%D8%A8%D8%B4%D8%A7%D8%B1-%D8%A7%D9%84%D8%B4%D8%B7%D9%8A-%D9%84-%D8%A7%D9%84%D8%B1%D8%A7%D9%8A-%D9%8A%D8%A7-%D8%B7%D9%8A%D8%B1-%D8%B7%D8%A7%D8%A8%D8%B9%D9%87%D8%A7-%D9%85%D9%81%D9%82%D9%88%D8%AF-%D9%88%D9%85%D9%88%D8%A7%D9%83%D8%A8%D8%A9-%D9%84%D9%84%D8%B9%D8%B5%D8%B1-%D8%A7%D9%84%D8%AD%D8%A7%D9%84%D9%8A","Artist interview inspected 2026-10-08: Ya Tir written/composed/performed by Bashar, rapper Daffy appears, video director Reda Mohammed. Proposed album track counts not treated as released facts.","2026-10-08"
"kuwaiti_music_v2_020","easy200","aishaalmarta:musicalnickname",,"أي مطربة كويتية لُقّبت بـ«ملكة السامري»؟","Which Kuwaiti female singer was nicknamed the Queen of Samri?","عايشة المرطة","Aisha Al Marta","Sheikh Jaber Al Ahmed Cultural Centre — Without a Microphone, Aisha Al Marta","https://tickets.jacc-kw.com/event/info/without-a-microphone---aisha-al-marta/349","Official programme inspected 2026-10-08: Queen of Samri Aisha Al Marta, acoustic presentation without microphones, rearranged and conducted by Dr Khaled Nouri.","2026-10-08"
"kuwaiti_music_v2_021","easy200","song:weshjabni:singer",,"من المطربة الكويتية التي أصدرت «وش جابني» عبر صولو إف إم عام 2018؟","Which Kuwaiti female singer released Wesh Jabni through SoloFM in 2018?","فطومة","Fattouma","SoloFM — official Wesh Jabni recording and credits","https://www.youtube.com/watch?v=jZjwfT0UTvI","Verified publisher description inspected 2026-10-08: Fattouma, Wesh Jabni, 2018; lyrics Hisham Al Shurooqi, music Bader Al Thawadi, oud Jassim Jawad. No lyrics reproduced.","2026-10-08"
"kuwaiti_music_v2_022","easy200","song:ghamza:singer",,"من الفنان الكويتي صاحب أغنية «غمزة» الصادرة عام 2017؟","Which Kuwaiti artist released Ghamza in 2017?","إبراهيم دشتي","Ibrahim Dashti","Ibrahim Dashti — official Ghamza recording","https://www.youtube.com/watch?v=Wyl-p4J-gKU","Official Artist Channel description inspected 2026-10-08: 2017 Ghamza, singer Ibrahim Dashti; lyrics Mushrif Al Attabi; music, arrangement and mastering Hussam Kamil. No lyrics reproduced.","2026-10-08"
"kuwaiti_music_v2_023","easy200","awadhdoukhi:kunya",,"أي مطرب كويتي عُرف بكنية «بو فهمي»؟","Which Kuwaiti singer was known as Bu Fahmi?","عوض دوخي","Awadh Doukhi","Sheikh Jaber Al Ahmed Cultural Centre — Songs of Kuwait's Voice, Bu Fahmi","https://tickets.jacc-kw.com/event/info/bu-fahmy-songs-of-awadh-doukhi/485","Official tribute programme inspected 2026-10-08 identifies Bu Fahmi as Awadh Doukhi.","2026-10-08"
"kuwaiti_music_v2_024","easy200","humood:label:2015",,"أي شركة أصدرت ألبوم حمود الخضر «أصير أحسن» عام 2015؟","Which label released Humood AlKhudher's Aseer Ahsan in 2015?","أويكنينج ريكوردز","Awakening Records","Awakening Records — official Humood Alkhudher biography","https://www.awakening.org/artist/humoodalkhudher/","Artist label biography inspected 2026-10-08: signed January 2015, Aseer Ahsan; early Ummi Filisteen duet with Mishari Al Aradah; Indonesian Kun Anta version titled Jadi Diri Sendiri. Dynamic view and chart totals excluded.","2026-10-08"
"kuwaiti_music_v2_025","easy200","song:haanatha:singer",,"من الفنان الكويتي صاحب الأغنية التحفيزية «هأنذا»؟","Which Kuwaiti artist performs the motivational song Ha Anatha?","حمود الخضر","Humood AlKhudher","Awakening Music — official Ha Anatha video credits","https://www.youtube.com/watch?v=YSS9CcUdAcM","Publisher description inspected 2026-10-08: Humood AlKhudher performs Ha Anatha, words/music Saif Fadhel, arrangement Mustafa Ceceli. No lyrics reproduced.","2026-10-08"
"kuwaiti_music_v2_026","easy200","song:hataytakbrasi:singer",,"من المطرب الكويتي صاحب «حطيتك براسي» في إصدار هاب عام 2008؟","Which Kuwaiti singer performs Hataytak Brasi on his 2008 Hap release?","عبدالعزيز الضويحي","Abdulaziz Al Duwaihi","Al Jarida — Abdulaziz Al Duwaihi's 2008 Hap release","https://www.aljarida.com/articles/1461741800939686100/amp","Release report inspected 2026-10-08: Hataytak Brasi written/composed by Bashar Al Shatti; Jaat Taqul written/composed by Adnan Bishara; Lesh Ya Qalbi video directed by Charbel Youssef.","2026-10-08"
"kuwaiti_music_v2_027","easy200","album:faqedha:artist",,"من الفنان صاحب ألبوم «فاقدها» الذي يضم «طاف» و«مشتاقين»؟","Which artist released Faqedha, the album containing Taf and Mushtaqin?","إبراهيم دشتي","Ibrahim Dashti","Al Jarida — Ibrahim Dashti's repertoire","https://www.aljarida.com/articles/1517153880174064700/","Inspected 2026-10-08: Faqedha album includes Taf/Mushtaqin; Sual Saghir music Fahad Al Nasser; Fi Ghiyabi music Abdullah Al Quoud. No lyrics reproduced.","2026-10-08"
"kuwaiti_music_v2_028","easy200","song:mafiahad:singercomposer",,"من غنّى ولحّن الأغنية الرومانسية «مافي أحد»؟","Who sang and composed the romantic song Mafi Ahad?","حمد القطان","Hamad Al Qattan","Hamad Al Qattan — official Mafi Ahad video","https://www.youtube.com/watch?v=BR45DNOdAR8","Official Artist Channel description inspected 2026-10-08: Hamad Al Qattan singer/composer, director Abdullah Al Arrak, 2016. No lyrics reproduced.","2026-10-08"
"kuwaiti_music_v2_029","easy200","song:alhawaghallab:archiveperformer",,"من الفنان الذي تحمل اسمه نسخة «الهوا غلاب» في أرشيف منصة 51 الكويتية؟","Which artist is credited with Al Hawa Ghallab in Kuwait's 51 archive?","عبداللطيف الكويتي","Abdul Latif Al Kuwaiti","51 Kuwait — Abdul Latif Al Kuwaiti archive","https://51.com.kw/premium-show/237424/","Archive listing inspected 2026-10-08 explicitly labels Al Hawa Ghallab with Abdul Latif Al Kuwaiti; question refers to this recording without claiming exclusive original authorship.","2026-10-08"
"kuwaiti_music_v2_030","easy200","sulaimanqassar:celebration",,"بأي نوع من الاحتفالات الغنائية اشتهر سليمان القصار وفرقته الشعبية؟","Which type of musical celebration made Sulaiman Al Qassar and his folk band famous?","حفلات الأعراس","Wedding celebrations","Sheikh Jaber Al Ahmed Cultural Centre — Kuwait's Wedding","https://tickets.jacc-kw.com/event/info/songs-of-kuwaiti-weddings/488","Official programme inspected 2026-10-08: Sulaiman Al Qassar's wedding repertoire, Dazza inspiration from Bahrain, adaptation of Baddawi into Dazza songs.","2026-10-08"
"kuwaiti_music_v2_031","easy200","song:yanabwalwafa:singer",,"من الملحّن الكويتي الذي غنّى بصوته «يا نبع الوفا»؟","Which Kuwaiti composer sang Ya Nab Al Wafa himself?","سليمان الملا","Sulaiman Al Mulla","Sheikh Jaber Al Ahmed Cultural Centre — Works of Sulaiman Al Mulla","https://tickets.jacc-kw.com/event/info/works-of-sulaiman-al-mulla/303","Official programme inspected 2026-10-08: early oud/violin accompanist; Kashafu Sir Al Hawa composed for Fahad Al Maas; own vocals Ya Nab Al Wafa; Watan Al Nahar recorded/released after Kuwait's liberation in 1991.","2026-10-08"
"kuwaiti_music_v2_032","easy200","song:qawialbas:singer",,"من الفنان صاحب «قوي الباس» التي سبقت ألبومه الأول عام 2025؟","Which artist released Qawi Al Bas ahead of his debut album in 2025?","طلال سام","Talal Sam","Sheikh Jaber Al Ahmed Cultural Centre — Talal Sam programme","https://tickets.jacc-kw.com/event/info/talal-sam-in-the-amphitheatre/548","Official programme inspected 2026-10-08 names Qawi Al Bas as pre-album single and debut album in November 2025; changing views excluded.","2026-10-08"
"kuwaiti_music_v2_033","easy200","song:sadqah:singer",,"من المطربة الكويتية صاحبة أغنية «صادقة»؟","Which Kuwaiti female singer performs Sadqah?","مرام","Maram","Rotana — official Maram Sadqah recording","https://www.youtube.com/watch?v=ku0384igk9E","Verified label description inspected 2026-10-08 identifies Kuwaiti singer Maram and Sadqah.","2026-10-08"
"kuwaiti_music_v2_034","easy200","song:mistajela:singer",,"من المطرب الكويتي صاحب أغنية «مستعجلة» الصادرة عام 2022؟","Which Kuwaiti singer released Mistajela in 2022?","مساعد البلوشي","Mesaed Al Baloushy","Rotana — official Mesaed Al Baloushy Mistajela credits","https://www.youtube.com/watch?v=1WmduDA0T9I","Verified label description inspected 2026-10-08: 2022 Mistajela by Mesaed Al Baloushy, words Saud Al Fulaih, music Nawaf Abdullah. No lyrics reproduced.","2026-10-08"
"kuwaiti_music_v2_035","easy200","song:sidratalaoshaq:singer",,"من المطرب الكويتي صاحب التسجيل الكلاسيكي لـ«سدرة العشاق»؟","Which Kuwaiti singer performs the classic recording of Sidrat Al Oshaq?","شادي الخليج","Shadi Al Khaleej","51 Kuwait — Shadi Al Khaleej archive","https://51.com.kw/premium-show/237293","Archive inspected 2026-10-08 labels Sidrat Al Oshaq as Shadi Al Khaleej recording; no exclusive performance claim.","2026-10-08"
"kuwaiti_music_v2_036","easy200","song:fidwalij:singer",,"من المطرب الكويتي الذي اشتهر بـ«فدوة لج»؟","Which Kuwaiti singer is known for Fidwa Lij?","عبدالمحسن المهنا","Abdul Mohsen Al Muhanna","51 Kuwait — Mubarak Al Hudaibi repertoire","https://51.com.kw/premium-show/237453/%D9%85%D8%A8%D8%A7%D8%B1%D9%83-%D8%A7%D9%84%D8%AD%D8%AF%D9%8A%D8%A8%D9%89","Archive inspected 2026-10-08 explicitly credits Abdul Mohsen Al Muhanna on Fidwa Lij.","2026-10-08"
"kuwaiti_music_v2_037","easy200","song:raddataltayyara:femalevoice",,"أي ممثلة شاركت صالح الحريبي غناء «ردت الطيارة»؟","Which actress sang Raddat Al Tayyara alongside Saleh Al Huraibi?","سعاد عبدالله","Suad Abdullah","51 Kuwait — songs of the Kuwaiti national team","https://51.com.kw/show/235419/%D8%A7%D8%BA%D8%A7%D9%86%D9%8A-%D8%A7%D9%84%D9%85%D9%86%D8%AA%D8%AE%D8%A8-%D8%A7%D9%84%D9%83%D9%88%D9%8A%D8%AA%D9%8A-%D8%A7%D9%84%D8%B1%D9%8A%D8%A7%D8%B6%D9%8A%D8%A9","Official archive listing inspected 2026-10-08 labels Raddat Al Tayyara as a performance by Suad Abdullah and Saleh Al Huraibi.","2026-10-08"
"kuwaiti_music_v2_038","easy200","song:mayeshbehak:singer",,"من المطرب الكويتي صاحب «ما يشبهك»؟","Which Kuwaiti singer performs Ma Yeshbehak?","نبيل شعيل","Nabeel Shuail","Rotana — official Ma Yeshbehak credits","https://www.rotana.net/ar/news-details/7972/%D9%86%D8%A8%D9%8A%D9%84-%D8%B4%D8%B9%D9%8A%D9%84-%D9%8A%D8%AD%D9%82%D9%82-%D8%A7%D9%84%D9%85%D9%84%D9%8A%D9%88%D9%86-%D9%85%D8%B4%D8%A7%D9%87%D8%AF%D8%A9-%D8%A8%D8%A3%D8%BA%D9%86%D9%8A%D8%A9-%D9%85%D8%A7-%D9%8A%D8%B4%D8%A8%D9%87%D9%83","Publisher report inspected 2026-10-08: singer Nabeel Shuail, words Shumoukh Al Aqla (Al Alia), music Yasser Bu Ali. Changing view count excluded.","2026-10-08"
"kuwaiti_music_v2_039","easy200","song:maqeltlak:singer",,"من المطرب الكويتي صاحب أغنية «ما قلت لك»؟","Which Kuwaiti singer performs Ma Qelt Lak?","عبدالله الرويشد","Abdullah Al Rowaished","Rotana — official Ma Qelt Lak video report","https://rotana.net/ar/news-details/6605/%D8%B1%D9%88%D8%AA%D8%A7%D9%86%D8%A7-%D8%AA%D9%83%D8%B4%D9%81-%D9%83%D9%88%D8%A7%D9%84%D9%8A%D8%B3-%D8%AA%D8%B5%D9%88%D9%8A%D8%B1-%D9%83%D9%84%D9%8A%D8%A8-%D8%B9%D8%A8%D8%AF-%D8%A7%D9%84%D9%84%D9%87-%D8%A7%D9%84%D8%B1%D9%88%D9%8A%D8%B4%D8%AF-%D9%84%D8%A7%D8%BA%D9%86%D9%8A%D8%A9-%D9%85%D8%A7-%D9%82%D9%84%D8%AA-%D9%84%D9%83","Publisher report inspected 2026-10-08: Abdullah Al Rowaished, words Meshaal Duhaim, music Nasser Al Saleh, director Ahmed Al Doghachi. No lyrics reproduced.","2026-10-08"
"kuwaiti_music_v2_040","easy200","song:abeek:singercomposer",,"من غنّى ولحّن «أبيك» وقدّمها في جلسات وناسة 2017؟","Who sang and composed Abeek, performed at Jalsat Wanasah 2017?","عبدالله الرويشد","Abdullah Al Rowaished","Tunes Arabia — official Jalsat Wanasah 2017 Abeek performance","https://www.youtube.com/watch?v=k6KjDsxqGQQ","Verified publisher description inspected 2026-10-08: performer/composer Abdullah Al Rowaished, lyrics Abdul Latif Al Bannai. Performance edition 2017 distinct from upload date 2018; no lyrics reproduced.","2026-10-08"
"kuwaiti_music_v2_041","easy200","song:mughroura:singer",,"من المطربة الكويتية صاحبة أغنية «مغرورة»؟","Which Kuwaiti female singer performs Mughroura?","مرام","Maram","Al Jazirah — Maram's Mughroura release credits","https://www.al-jazirah.com/2000/20000507/at6.htm","Contemporary release report inspected 2026-10-08: Maram Mughroura, music Sulaiman Al Mulla/lyrics Khaled Al Bathal; Taradaina music Yaqoub Al Khubaizi; Ahallifak Billah Ansa Al Zaal music Fahad Al Nasser/lyrics Nasser Al Shammari.","2026-10-08"
"kuwaiti_music_v2_042","easy200","song:jathibiya:writercomposersinger",,"من كتب ولحّن وغنّى «جاذبية» ضمن ألبومه لعام 2019؟","Who wrote, composed and sang Jathibiya on his 2019 album?","حمود ناصر","Hammoud Naser","Al Rai — Hammoud Naser's released 2019 album interview","https://www.alraimedia.com/article/854161/%D9%81%D9%86%D9%88%D9%86/%D8%AD%D9%85%D9%88%D8%AF-%D9%86%D8%A7%D8%B5%D8%B1-%D9%84%D8%A7%D9%84%D8%B1%D8%A7%D9%8A-%D9%85%D8%AA%D9%88%D8%AA%D8%B1-%D8%AC%D8%AF%D8%A7-%D9%88%D9%85%D8%AA%D8%B4%D9%88%D9%82-%D9%84%D8%A3%D8%B5%D8%AF%D8%A7%D8%A1-%D8%A3%D9%84%D8%A8%D9%88%D9%85%D9%8A-%D8%A7%D9%84%D8%AC%D8%AF%D9%8A%D8%AF","Artist interview inspected 2026-10-08: Jathibiya words/music/singer Hammoud Naser; Astaghrib lyrics Saher; Eshrat Omar all writing/composition/production Mishari Al Awadi; Baadah lyrics Mohammed Al Shuraidah.","2026-10-08"
"kuwaiti_music_v2_043","easy200","mutrif:father:musician",,"من المطرب الذي ورث ابنه مطرف المطرف موهبته الغنائية؟","Which singer passed his musical talent on to his son Mutrif Al Mutrif?","يوسف المطرف","Youssef Al Mutrif","Sheikh Jaber Al Ahmed Cultural Centre — Youssef Al Mutrif tribute","https://tickets.jacc-kw.com/event/info/the-voice-of-sorrow-youssef-al-mutrif/423","Official programme inspected 2026-10-08: singer Mutrif is Youssef's son; Youssef nicknamed Ambassador of Melancholy, excelled in Adeni genre and oud playing.","2026-10-08"
"kuwaiti_music_v2_044","easy200","youssefmutrif:stringinstrument",,"ما الآلة الوترية التي اشتهر يوسف المطرف بالعزف عليها مع غنائه؟","Which string instrument was Youssef Al Mutrif known for playing alongside his singing?","العود","Oud","Sheikh Jaber Al Ahmed Cultural Centre — Youssef Al Mutrif tribute","https://tickets.jacc-kw.com/event/info/the-voice-of-sorrow-youssef-al-mutrif/423","Official programme inspected 2026-10-08: singer Mutrif is Youssef's son; Youssef nicknamed Ambassador of Melancholy, excelled in Adeni genre and oud playing.","2026-10-08"
"kuwaiti_music_v2_045","easy200","song:fahhmouh:singer",,"من صاحب أغنية «فهموه»؟","Who sings Fahhmouh?","مطرف المطرف","Mutrif Al Mutrif","Al Rai — Mutrif Al Mutrif's Fahhmouh interview","https://www.alraimedia.com/article/397706/%D9%81%D9%86%D9%88%D9%86/%D9%85%D8%B7%D8%B1%D9%81-%D8%A7%D9%84%D9%85%D8%B7%D8%B1%D9%81-%D8%A7%D9%86%D8%AA%D8%B8%D8%B1%D8%AA-%D8%B3%D9%86%D9%88%D8%A7%D8%AA--%D9%84%D8%B7%D8%B1%D8%AD-%D9%81%D9%87%D9%85%D9%88%D9%87--","Artist interview inspected 2026-10-08: singer Mutrif Al Mutrif, lyrics Saad Al Musallam, composition Fahad Al Nasser, arrangement Jarrah Al Sayigh.","2026-10-08"
"kuwaiti_music_v2_046","easy200","song:yijeeballahmatar:themevoice",,"من غنّى مقدمة مسلسل «يجيب الله مطر»؟","Who sang the theme of the series Yijeeb Allah Matar?","مطرف المطرف","Mutrif Al Mutrif","Al Rai — Yijeeb Allah Matar theme review","https://www.alraimedia.com/ampArticle/1531477","Inspected 2026-10-08: theme sung by Mutrif Al Mutrif. Composer attribution conflicts with producer interview in Al Anba 1032490, so no composer question used.","2026-10-08"
"kuwaiti_music_v2_047","easy200","song:abshiriyaain:singer",,"من صاحبة الأغنية الكويتية الكلاسيكية «أبشري يا عين»؟","Who originally sang the Kuwaiti classic Abshiri Ya Ain?","عائشة المرطة","Aisha Al Marta","Al Rai — Kuwaiti women's ensemble concert repertoire","https://www.alraimedia.com/print-article?articleId=777506","Indexed report inspected 2026-10-08: Abshiri Ya Ain originally Aisha Al Marta, lyrics Yousef Al Munee, composition Othman Al Sayed; independently corroborated by Arabic Music Library score catalogue.","2026-10-08"
"kuwaiti_music_v2_048","easy200","song:samihni:singer",,"من المطربة الكويتية صاحبة أغنية «سامحني» الصادرة عام 2015؟","Which Kuwaiti singer released Samihni in 2015?","شيماء سليمان","Shaymaa Sulaiman","Anghami — Samihni licensed artist attribution","https://play.anghami.com/album/1207867","Catalogue inspected 2026-10-08 identifies Shaymaa Sulaiman as performer; Al Rai artist interview dated 25 May 2015 confirms released single.","2026-10-08"
"kuwaiti_music_v2_049","easy200","song:alshougjabak:singer",,"من المطربة صاحبة «الشوق جابك»؟","Which singer performs Al Shoug Jabak?","نوال","Nawal","Nawal — official Khorfakkan 2021 performance credits","https://www.youtube.com/watch?v=UxZu2IyrVug","Official artist description inspected 2026-10-08: Nawal, lyrics Saud bin Abdullah, composition Meshaal Al Arouj. No lyrics reproduced.","2026-10-08"
"kuwaiti_music_v2_050","easy200","song:anaraddait:singer",,"من صاحب الأغنية الكويتية الكلاسيكية «أنا رديت»؟","Who originally sang the Kuwaiti classic Ana Raddait?","عبدالكريم عبدالقادر","Abdul Karim Abdul Qader","Al Rai — Abdul Qader and Idris discuss their musical partnership","https://www.alraimedia.com/ampArticle/145231","Artist/composer interview inspected 2026-10-08 lists Ana Raddait among Abdul Karim Abdul Qader songs composed by Abdul Rab Idris.","2026-10-08"
"kuwaiti_music_v2_051","easy200","song:khatelkhatar:singer",,"من صاحبة أغنية «خط الخطر» الصادرة عام 2021؟","Who released Khat El Khatar in 2021?","شمس","Shams","Al Rai — Shams releases Khat El Khatar","https://www.alraimedia.com/ampArticle/1524974","Release report inspected 2026-10-08: Shams, lyrics Qusay Issa, composition Mahmoud Al Ghaith, arrangement Muhannad Al Ghazi; volatile view counts excluded.","2026-10-08"
"kuwaiti_music_v2_052","easy200","song:zahqanamellait:singer",,"من غنّت «زهقانة مليت»؟","Who sings Zahqana Mellait?","شمس","Shams","Al Rai — Shams releases Zahqana Mellait","https://www.alraimedia.com/ampArticle/697168","Release report inspected 2026-10-08: singer Shams, lyrics Adnan Al Amir, composition Ali Saber, video director Fadi Haddad; no lyrics reproduced.","2026-10-08"
"kuwaiti_music_v2_053","easy200","song:qanabel:singer",,"من صاحب أغنية «قنابل»؟","Who sings Qanabel?","عيسى المرزوق","Essa Al Marzouq","Essa Al Marzouq — official Qanabel recording","https://www.youtube.com/watch?v=fm2GjSoMZvs","Official Artist Channel recording indexed and inspected 2026-10-08 identifies Essa Al Marzouq as performer; corroborated by licensed Anghami song 35188249. No release year inferred from reupload.","2026-10-08"
"kuwaiti_music_v2_054","easy200","song:wenwen:singer",,"أي مطرب كويتي غنّى «وين وين» في كليب عام 2017؟","Which Kuwaiti singer performed Wen Wen in a 2017 music video?","حمد القطان","Hamad Al Qattan","Hamad Al Qattan — Wen Wen official music video","https://www.youtube.com/watch?v=5hB2Li8paMY","Indexed artist video description inspected 2026-10-08: 2017 video, singer Hamad Al Qattan, lyrics Abdullah Al Omani. Direct fetch unavailable; indexed credits used, no lyrics reproduced.","2026-10-08"
"kuwaiti_music_v2_055","easy200","song:habait:singer",,"من الفنان الكويتي صاحب أغنية «حبيت»؟","Which Kuwaiti artist sings Habait?","خالد المظفر","Khaled Al Mudhaffar","Billboard Arabia — Khaled Al Mudhaffar's Habait","https://www.billboardarabia.com/%D9%85%D9%88%D8%B3%D9%8A%D9%82%D9%89/%D8%AE%D9%84%D9%8A%D8%AC%D9%8A/%D8%AE%D8%A7%D9%84%D8%AF-%D8%A7%D9%84%D9%85%D8%B8%D9%81%D8%B1-%D9%8A%D8%AF%D8%AE%D9%84-%D9%82%D8%A7%D8%A6%D9%85%D8%A9-%D8%A3%D8%B9%D9%84%D9%89-50-%D8%AE%D9%84%D9%8A%D8%AC%D9%8A-%D8%A8%D8%A3%D8%BA%D9%86%D9%8A%D8%A9-%D8%AD%D8%A8%D9%8A%D8%AA-5378","Music trade report inspected 2026-10-08: Habait by Khaled Al Mudhaffar, composition Muteb Al Faraj, arrangement Ali Al Matrouk. Chart position excluded.","2026-10-08"
"kuwaiti_music_v2_056","easy200","song:alamaloshaq:partner",,"من شارك خالد المظفر غناء «عالم العشاق»؟","Who sang Alam Al Oshaq with Khaled Al Mudhaffar?","عايض","Ayed","Billboard Arabia — duet analysis","https://www.billboardarabia.com/%D9%85%D9%88%D8%B3%D9%8A%D9%82%D9%89/%D9%85%D8%BA%D8%A7%D8%B1%D8%A8%D9%8A/%D8%A7%D8%AB%D9%86%D8%A7%D9%86-%D9%81%D9%8A-%D9%88%D8%A7%D8%AD%D8%AF-%D8%AC%D9%85%D9%8A%D8%B9-%D8%A7%D9%84%D8%AA%D8%B9%D8%A7%D9%88%D9%86%D8%A7%D8%AA-%D8%B9%D9%84%D9%89-%D9%82%D8%A7%D8%A6%D9%85%D8%A9-%D9%87%D9%88%D8%AA-100-%D9%87%D8%B0%D8%A7-%D8%A7%D9%84%D8%A3%D8%B3%D8%A8%D9%88%D8%B9-1455","Music trade report inspected 2026-10-08: Alam Al Oshaq sung by Khaled Al Mudhaffar and Ayed, presented in play Al Awwal Min Naw'ih.","2026-10-08"
"kuwaiti_music_v2_057","easy200","artist:essa:talentshow",,"من أي برنامج مواهب انطلق عيسى المرزوق إلى الشهرة؟","Which talent show brought Essa Al Marzouq to fame?","ستار أكاديمي","Star Academy","Al Rai — Essa Al Marzouq's mother discusses his music career","https://www.alraimedia.com/ampArticle/446166","Interview indexed and inspected 2026-10-08: music diploma at Higher Institute of Musical Arts before ninth Star Academy season. No birth year or final placement used.","2026-10-08"
"kuwaiti_music_v2_058","easy200","artist:rashedhemli:instrument",,"بأي آلة وترية اشتهر عزف الفنان الكويتي راشد الحملي؟","Which string instrument is Kuwaiti artist Rashed Al Hemli known for playing?","العود","The oud","Sheikh Jaber Al Ahmed Cultural Centre — Rashed Al Hemli tribute","https://tickets.jacc-kw.com/event/info/rashed-al-hemli/128","Official programme inspected 2026-10-08: oud style and early influence of Hamad Khalifa; also poet and composer; Adani and Aswat repertoire.","2026-10-08"
"kuwaiti_music_v2_059","easy200","maritime:naham:role",,"ما اسم المغنّي الذي كان يرافق البحارة على سفن الكويت القديمة؟","What was the singer accompanying sailors on old Kuwaiti ships called?","النهّام","The naham","Kuwait News Agency — Gulf nahma traditions","https://www.kuna.net.kw/ArticlePrintPage.aspx?id=2610572","KUNA specialist explanation indexed and inspected 2026-10-08: naham is ship's singer; khatfa accompanies raising sail; Kuwaiti Sankani includes surnai/mizmar. Distinct performer, work-song function and instrumental-genre facts.","2026-10-08"
"kuwaiti_music_v2_060","easy200","song:tadriwalamatadri:singer",,"من المطربة صاحبة الأغنية الخليجية الشهيرة «تدري ولا ما تدري»؟","Who sings the famous Gulf song Tadri Wala Ma Tadri?","نوال","Nawal","Al Jarida — Nawal's February concert repertoire","https://www.aljarida.com/articles/1462355608359561100","Contemporary concert report inspected 2026-10-08: Nawal opens with Tadri Wala Ma Tadri; no date inferred from later video reupload.","2026-10-08"
"kuwaiti_music_v2_061","easy200","song:dandinmai:singer",,"من صاحب أغنية «دندن معي»؟","Who sings Dandin Ma'i?","حمود الخضر","Humood Al Khudher","Awakening Music — Humood Dandin Ma'i official recording","https://www.youtube.com/watch?v=IRidZthJv8M","Indexed label video inspected 2026-10-08 identifies Humood and album Matha Ba'd; licensed Anghami video 69152355 corroborates singer.","2026-10-08"
"kuwaiti_music_v2_062","easy200","song:eelaa:duetpartner",,"من شريك دافي في الأغنية الشهيرة «إيه لأ»؟","Who is Daffy's partner on the hit EE LAA?","فليبراتشي","Flipperachi","Anghami — EE LAA licensed duet attribution","https://play.anghami.com/song/14950970","Licensed catalogue inspected 2026-10-08 identifies Flipperachi and Daffy as performers of EE LAA.","2026-10-08"
"kuwaiti_music_v2_063","easy200","song:sabahalkhair:singer",,"من صاحب أغنية «صباح الخير يا مدلل»؟","Who sings Sabah Al Khair Ya Mudallal?","نبيل شعيل","Nabeel Shuail","Rotana — official morning-song repertoire and credits","https://rotana.net/ar/news/%D8%A7%D8%A8%D8%AF%D8%A3%20%D9%8A%D9%88%D9%85%D9%83..%C2%A08%20%D8%A3%D8%BA%D8%A7%D9%86%D9%8A%20%D9%85%D9%86%D8%B9%D8%B4%D8%A9%20%D8%AA%D9%82%D9%88%D9%84%20%D9%84%D9%83%3A%20%D8%B5%D8%A8%D8%A7%D8%AD%20%D8%A7%D9%84%D8%AE%D9%8A%D8%B1%E2%80%8E","Publisher article inspected 2026-10-08: Sabah Al Khair Ya Mudallal sung by Nabeel Shuail, music Emad Al Rumaithan and words Ahmed Al Sharqawi.","2026-10-08"
"kuwaiti_music_v2_064","easy200","song:mansak2000:singer",,"من المطرب صاحب «منساك» في ألبوم «شعيل 2000»؟","Who sings Mansak on the Shuail 2000 album?","نبيل شعيل","Nabeel Shuail","Nabeel Shuail — official Mansak Shuail 2000 recording credits","https://www.youtube.com/watch?v=JVSorfKM5Is","Official Artist Channel indexed description inspected 2026-10-08: Mansak, album Shuail 2000, words Khaled Al Hamrani, music Meshaal Al Arouj. Distinct from older Ana Mansak; no reupload date treated as release.","2026-10-08"
"kuwaiti_music_v2_065","easy200","song:ahlaarous:singer",,"من المطربة الكويتية التي قدّمت «أحلى عروس» ضمن ألبومها لعام 2008؟","Which Kuwaiti singer included Ahla Arous on her 2008 album?","فطومة","Fattouma","Al Rai — Fattouma 2008 album release report","https://www.alraimedia.com/print-article?articleId=10898","Contemporary release report indexed and inspected 2026-10-08 lists Ahla Arous in Fattouma 2008 tracklist. Conflicting poetry details elsewhere excluded.","2026-10-08"
"kuwaiti_music_v2_066","easy200","song:yakafialshar:singer",,"من صاحب أغنية «يا كافي الشر» التي لحّنها ماجد المخيني؟","Who sings Ya Kafi Al Shar, composed by Majed Al Mukhaini?","مساعد البلوشي","Mesaed Al Baloushy","Majed Al Mukhaini — composer's own credits catalogue","https://www.majidalmukhaini.me/alhan","Composer's catalogue inspected 2026-10-08: Ya Kafi Al Shar singer Mesaed Al Baloushy, words Mansour Al Fadhli; Mint Mithammil singer Bashar Al Shatti. Composer attribution in prompts supported by catalogue.","2026-10-08"
"kuwaiti_music_v2_067","easy200","song:alawaztali:singer",,"أي مطرب كويتي قديم اشتهر بسامرية «ألا واعزتالي»؟","Which early Kuwaiti singer was known for the samri song Ala Wa'azzatali?","عبدالله فضالة","Abdullah Fadhala","Al Rai — Abdullah Fadhala's musical career","https://www.alraimedia.com/ampArticle/408604","Career account indexed and inspected 2026-10-08 identifies Ala Wa'azzatali among Abdullah Fadhala's famous samri songs; disputed birth year and total output excluded.","2026-10-08"
"kuwaiti_music_v2_068","easy200","song:mintmithammil:singer",,"من صاحب أغنية «منت متحمل» التي لحّنها ماجد المخيني؟","Who sings Mint Mithammil, composed by Majed Al Mukhaini?","بشار الشطي","Bashar Al Shatti","Majed Al Mukhaini — composer's own credits catalogue","https://www.majidalmukhaini.me/alhan","Composer's catalogue inspected 2026-10-08: Ya Kafi Al Shar singer Mesaed Al Baloushy, words Mansour Al Fadhli; Mint Mithammil singer Bashar Al Shatti. Composer attribution in prompts supported by catalogue.","2026-10-08"
"kuwaiti_music_v2_069","medium400","song:ajorelsout:composer",,"من لحّن أغنية «أجر الصوت» لعبدالكريم عبدالقادر؟","Who composed AbdulKarim AbdulQader's Ajor Elsoot?","أنور عبدالله","Anwar Abdullah","Al Nazaer Media Group — Ajor Elsoot official recording credits","https://www.youtube.com/watch?v=HEzP3OwW3-M","Publisher description inspected 2026-10-08: AbdulKarim AbdulQader performs; lyrics AbdulLatif Al Bannai; music Anwar Abdullah. Upload date is not treated as the original release date.","2026-10-08"
"kuwaiti_music_v2_070","medium400","operetta:memoirsofasailor:originalfemalevoice",,"من الفنانة التي شاركت شادي الخليج غناء «مذكرات بحار» عند تقديمه أول مرة عام 1979؟","Which female singer performed Memoirs of a Sailor alongside Shadi Al Khaleej when it was first presented in 1979?","سناء الخراز","Sanaa Al Kharraz","Sheikh Jaber Al Ahmed Cultural Centre — Memoirs of a Sailor","https://tickets.jacc-kw.com/event/info/memoirs-of-a-sailor/116","Official programme inspected 2026-10-08: work written by Mohammed Al Fayez and composed by Ghannam Al Deikan; first presented in 1979 in the voices of Shadi Al Khaleej and Sanaa Al Kharraz. Revival credits are kept separate from original credits.","2026-10-08"
"kuwaiti_music_v2_071","medium400","song:bastans:writercomposer",,"من كتب ولحّن أغنية «بستانس» لفرقة ميامي؟","Who wrote and composed Miami Band's Bastans?","يوسف العماني","Yousef Al Omani","Al Anba — Miami Band interview on the introduction of Bastans","https://www.alanba.com.kw/ar/art-news/597319/29-10-2015-%D9%81%D8%B1%D9%82%D8%A9-%D9%85%D9%8A%D8%A7%D9%85%D9%8A-%D8%A8%D8%B3%D8%AA%D8%A7%D9%86%D8%B3-%D8%A7%D9%84%D9%8A%D9%88%D9%85-%D9%85%D8%A7%D8%B1%D9%8A%D9%86%D8%A7-FM/","Original reporting with band representative inspected 2026-10-08; 29 October 2015 introduction on Marina FM, words and melody Yousef Al Omani, production/mixing Adel Al Farhan. Later digital release metadata is not substituted for the 2015 introduction.","2026-10-08"
"kuwaiti_music_v2_072","medium400","song:ahlagroup:guestvoice",,"من الفنان الذي شارك فرقة ميامي غناء «أحلى قروب» وكتب كلماتها ولحّنها؟","Which artist sang with Miami Band on Ahla Group and also wrote and composed it?","يوسف العماني","Yousef Al Omani","Al Rai — Miami Band manager on Ahla Group","https://www.alraimedia.com/print-article?articleId=827073","Original interview inspected 2026-10-08: manager Saleh Al Abdulsalam says Yousef Al Omani wrote and composed Ahla Group and joined Miami Band in singing it.","2026-10-08"
"kuwaiti_music_v2_073","medium400","song:kunanta:lyricist",,"من كتب كلمات أغنية «كن أنت» لحمود الخضر؟","Who wrote the lyrics of Humood AlKhudher's Kun Anta?","سيف فاضل","Saif Fadhel","Awakening Music video credits reproduced with Kun Anta","https://top40-charts.com/videos/play.php?vid=qKVW_wJs91Q","Embedded official video description inspected 2026-10-08 explicitly credits Saif Fadhel for lyrics and Hamza Namira for arrangement and mixing; distinguishes those roles from Humood's melody credit.","2026-10-08"
"kuwaiti_music_v2_074","medium400","song:zenatayyami:composer",,"من لحّن أغنية «زينة أيامي» لنوال؟","Who composed Nawal's Zenat Ayyami?","مشعل العروج","Meshaal Al Arouj","Rotana — official Al Ard album announcement and credits","https://rotana.net/ar/news-details/3848/%D8%B1%D9%88%D8%AA%D8%A7%D9%86%D8%A7-%D8%AA%D8%B7%D8%B1%D8%AD-%D8%A7%D8%BA%D9%86%D9%8A%D8%A7%D8%AA-%D8%A3%D9%84%D8%A8%D9%88%D9%85-%22%D8%A7%D9%84%D8%A7%D8%B1%D8%B6%22-%D9%84%D9%80-%D9%82%D9%8A%D8%AB%D8%A7%D8%B1%D8%A9-%D8%A7%D9%84%D8%AE%D9%84%D9%8A%D8%AC-%D9%86%D9%88%D8%A7%D9%84-%D8%A7%D9%84%D9%83%D9%88%D9%8A%D8%AA%D9%8A%D8%A9","Label credits inspected 2026-10-08: Nawal's Al Ard; Zenat Ayyami lyrics Bader Borsli/music Meshaal Al Arouj; Al Qasaid lyrics Warifah/music Yazeed Al Khaled; Ala Mehlak music Jumana Jamal. No unsupported claims from the biographical closing paragraphs are used.","2026-10-08"
"kuwaiti_music_v2_075","medium400","song:alqasaid:composer",,"من لحّن أغنية «القصايد» في ألبوم نوال «الأرض»؟","Who composed Al Qasaid on Nawal's album Al Ard?","يزيد الخالد","Yazeed Al Khaled","Rotana — official Al Ard album announcement and credits","https://rotana.net/ar/news-details/3848/%D8%B1%D9%88%D8%AA%D8%A7%D9%86%D8%A7-%D8%AA%D8%B7%D8%B1%D8%AD-%D8%A7%D8%BA%D9%86%D9%8A%D8%A7%D8%AA-%D8%A3%D9%84%D8%A8%D9%88%D9%85-%22%D8%A7%D9%84%D8%A7%D8%B1%D8%B6%22-%D9%84%D9%80-%D9%82%D9%8A%D8%AB%D8%A7%D8%B1%D8%A9-%D8%A7%D9%84%D8%AE%D9%84%D9%8A%D8%AC-%D9%86%D9%88%D8%A7%D9%84-%D8%A7%D9%84%D9%83%D9%88%D9%8A%D8%AA%D9%8A%D8%A9","Label credits inspected 2026-10-08: Nawal's Al Ard; Zenat Ayyami lyrics Bader Borsli/music Meshaal Al Arouj; Al Qasaid lyrics Warifah/music Yazeed Al Khaled; Ala Mehlak music Jumana Jamal. No unsupported claims from the biographical closing paragraphs are used.","2026-10-08"
"kuwaiti_music_v2_076","medium400","song:yaassal:composer",,"من لحّن أغنية «يا عسل» لنبيل شعيل؟","Who composed Nabeel Shuail's Ya Assal?","نواف عبدالله","Nawaf Abdullah","Rotana — official Ya Assal video credits","https://www.youtube.com/watch?v=U2yuNCPnkgc","Verified label channel description inspected 2026-10-08; singer Nabeel Shuail, lyrics Ahmed Alawi, melody Nawaf Abdullah, album Shuail 2012. Upload year is not used as original song release year.","2026-10-08"
"kuwaiti_music_v2_077","medium400","song:alaqtna:lyricist",,"من الشاعر الذي كتب «علاقتنا» لعبدالعزيز الويس؟","Which poet wrote Alaqtna for Abdulaziz Louis?","مشاري إبراهيم","Mishari Ibrahim","Abdulaziz Louis — Alaqtna official recording","https://www.youtube.com/watch?v=1PeI29TeTh8","Artist's official recording indexed description inspected 2026-10-08; Alaqtna 2016, lyricist Mishari Ibrahim, arranger Talal Al Eidan. Corroborated by the artist's original Al Rai interview article 691053.","2026-10-08"
"kuwaiti_music_v2_078","medium400","song:wayedwayed:recordingcity",,"في أي مدينة سجّل مصطفى أحمد «وايد وايد» عام 1965؟","In which city did Mustafa Ahmed record Wayed Wayed in 1965?","القاهرة","Cairo","Al Jarida — Mustafa Ahmed's first-person recollections, part 1","https://www.aljarida.com/articles/1526908089212141000/amp","Interview inspected 2026-10-08: Wayed Wayed performed by Mustafa Ahmed, recorded Cairo 1965, lyrics Khalifa Al Abdullah; Rukn Al Huwat audition; Leish Tensa Al Ayyam recorded Kuwait Radio 1963, written and composed by AbdulRahman Al Bu'ayjan.","2026-10-08"
"kuwaiti_music_v2_079","medium400","artist:mustafa:talentshow",,"ما البرنامج الإذاعي الذي اجتاز مصطفى أحمد اختباره في بداية مشواره؟","Which radio talent programme did Mustafa Ahmed pass an audition for at the start of his career?","ركن الهواة","Rukn Al Huwat","Al Jarida — Mustafa Ahmed's first-person recollections, part 1","https://www.aljarida.com/articles/1526908089212141000/amp","Interview inspected 2026-10-08: Wayed Wayed performed by Mustafa Ahmed, recorded Cairo 1965, lyrics Khalifa Al Abdullah; Rukn Al Huwat audition; Leish Tensa Al Ayyam recorded Kuwait Radio 1963, written and composed by AbdulRahman Al Bu'ayjan.","2026-10-08"
"kuwaiti_music_v2_080","medium400","song:halaftomri:composer",,"من لحّن «حلفت عمري» لحسين جاسم؟","Who composed Hussein Jassim's Halaft Omri?","يوسف المهنا","Yousef Al Muhanna","Al Anba — Halaft Omri credits","https://www.alanba.com.kw/ar/variety-news/poetry-poems/513277/15-11-2014-%D8%AD%D9%84%D9%81%D8%AA-%D8%B9%D9%85%D8%B1%D9%8A/","Inspected 2026-10-08: performer Hussein Jassim, composer Yousef Al Muhanna, lyricist Majed Sultan. Corroborated by NCCAL's indexed Al Qurain 22 Yousef Al Muhanna booklet; direct PDF retrieval returned 403, so the accessible newspaper is the recorded source.","2026-10-08"
"kuwaiti_music_v2_081","medium400","song:omaralward:composer",,"أي ملحّن مصري لحّن «عمر الورد» لمصطفى أحمد؟","Which Egyptian composer composed Omar Al Ward for Mustafa Ahmed?","محمد الموجي","Mohammed Al Mougi","Al Jarida — Mustafa Ahmed's first-person recollections, part 2","https://www.aljarida.com/articles/1526993083507128400","Artist interview inspected 2026-10-08: Mahabbat Al Qalb music Khalid Al Sheikh/words Ali Al Sharqawi; Sara Layli music Siraj Omar; Omar Al Ward composed by Mohammed Al Mougi with lyrics by Mubarak Al Hudaibi.","2026-10-08"
"kuwaiti_music_v2_082","medium400","song:etmaen:composer",,"من لحّن أغنية حمود ناصر «اطمئن»؟","Who composed Hammoud Naser's Etmaen?","عمار البني","Ammar Al Bunni","Al Nazaer Media Group — official Etmaen video credits","https://www.youtube.com/watch?v=CiERV8nYNXo","Publisher description inspected 2026-10-08: Hammoud Naser, Etmaen; director Nawaf Al Shammari, words Ali Al Matouq, music Ammar Al Bunni.","2026-10-08"
"kuwaiti_music_v2_083","medium400","awadhdoukhi:egyptianinfluence",,"أي مطربة مصرية أثّرت في مزج عوض دوخي بين الموسيقى الكويتية والمصرية؟","Which Egyptian female singer influenced Awadh Doukhi's fusion of Kuwaiti and Egyptian music?","أم كلثوم","Umm Kulthum","Sheikh Jaber Al Ahmed Cultural Centre — Awadh Doukhi","https://tickets.jacc-kw.com/event/info/awadh-doukhi/140","Official programme inspected 2026-10-08 explicitly describes Umm Kulthum's influence on Awadh Doukhi's fusion of Kuwaiti and Egyptian music.","2026-10-08"
"kuwaiti_music_v2_084","medium400","song:hikayatbahar:alternatetitle",,"بأي عنوان آخر تُعرف أغنية حسين جاسم «حكاية بحار»؟","By what other title is Hussein Jassim's Hikayat Bahar known?","احنا والأيام","Ehna Wal Ayyam","Al Jarida — Hussein Jassim's repertoire and collaborations","https://www.aljarida.com/articles/1528287371974323100/","Inspected 2026-10-08: Hikayat Bahar also called Ehna Wal Ayyam, lyrics Khaled Al Ayaf; Ya Ilah Al Kawn composed by Abdul Raouf Ismail; Ya Muairis lyrics Mubarak Al Hudaibi; Alik Saeed introduced Dazza rhythm; Hussein taught music.","2026-10-08"
"kuwaiti_music_v2_085","medium400","song:makoellaent:composer",,"من لحّن أغنية محمد البلوشي «ماكو إلا أنت»؟","Who composed Mohammed Al Balushi's Mako Ella Ent?","غنام الديكان","Ghannam Al Deikan","Al Rai — Mohammed Al Balushi's musical career","https://www.alraimedia.com/print-article?articleId=518067","Inspected 2026-10-08: Ala Al Dunya Al Salam theme performed by Al Balushi, music Anwar Abdullah; Atqarrab words Abdul Imam Abdullah; Ya Bidayatna music Mohammed Al Rowaished; Mako Ella Ent music Ghannam Al Deikan. Displayed 1970 timestamp is unreliable and is not used.","2026-10-08"
"kuwaiti_music_v2_086","medium400","song:akoumislek:composer",,"من لحّن أغنية نوال «أكو مثلك»؟","Who composed Nawal's Akou Mislek?","مشعل العروج","Meshaal Al Arouj","Rotana — official Akou Mislek release report","https://rotana.net/en/news/%D8%A3%D9%83%D9%88%20%D9%85%D8%AB%D9%84%D9%83%20..%201.5%20%D9%85%D9%84%D9%8A%D9%88%D9%86%20%D9%85%D8%B4%D8%A7%D9%87%D8%AF%D8%A9%20%D8%AD%D8%AA%D9%89%20%D8%A7%D9%84%D9%84%D8%AD%D8%B8%D8%A9","Publisher page inspected 2026-10-08: Nawal performs Akou Mislek, lyrics Bader Borsli, music Meshaal Al Arouj. Changing view totals and marketing claims not used.","2026-10-08"
"kuwaiti_music_v2_087","medium400","song:ajmalbent:lyricist",,"من كتب كلمات «أجمل بنت في الدنيا» لعبدالعزيز الويس؟","Who wrote the lyrics of Abdulaziz Louis's Ajmal Bent Fi Al Dunya?","عذبي الدبيس","Athbi Al Dubaiss","Al Rai — Abdulaziz Louis's first-person song credits","https://www.alraimedia.com/article/819335/%D9%81%D9%86%D9%88%D9%86/%D8%B9%D8%A8%D8%AF%D8%A7%D9%84%D8%B9%D8%B2%D9%8A%D8%B2-%D8%A7%D9%84%D9%88%D9%8A%D8%B3-%D9%84-%D8%A7%D9%84%D8%B1%D8%A7%D9%8A--%D9%88%D8%AF%D9%8A-%D8%A8%D8%A7%D9%84%D8%B2%D9%88%D8%A7%D8%AC-%D8%A7%D9%84%D9%8A%D9%88%D9%85-%D9%82%D8%A8%D9%84-%D8%A8%D8%A7%D8%AC%D8%B1","Artist interview inspected 2026-10-08, line 108: Ajmal Bent Fi Al Dunya sung/composed by Louis, lyrics Athbi Al Dubaiss, arrangement Talal Al Eidan, mix/master Suhaib Al Awadi.","2026-10-08"
"kuwaiti_music_v2_088","medium400","bashar:secondalbum:title",,"ما عنوان ثاني ألبومات بشار الشطي، الذي يضم «يا ناسيني»؟","What is the title of Bashar Al Shatti's second album, which includes Ya Naseny?","ثاني مرة","Tani Marrah","Billboard Arabia — Bashar Al Shatti career profile","https://www.billboardarabia.com/%D9%85%D9%88%D8%B3%D9%8A%D9%82%D9%89/%D8%AE%D9%84%D9%8A%D8%AC%D9%8A/%D8%A8%D8%B4%D8%A7%D8%B1-%D8%A7%D9%84%D8%B4%D8%B7%D9%8A-%D8%A7%D9%84%D9%81%D9%86%D8%A7%D9%86-%D9%85%D8%AA%D8%B9%D8%AF%D8%AF-%D8%A7%D9%84%D8%A3%D8%AF%D9%88%D8%A7%D8%B1-%D8%AF%D9%88%D9%85%D8%A7-%D8%A3%D9%82%D9%88%D9%89-%D9%85%D9%86-%D9%82%D8%A8%D9%84-3729","Music publication inspected 2026-10-08: first-season Star Academy participant; second album Tani Marrah; Khalik Fahem Egyptian dialect; Eshlon Basber video directed by Hadi Al Bagouri; 2017 duet Ya Al Watan Ya Al Zibriqan with Ahlam. Conflicting album dates not used.","2026-10-08"
"kuwaiti_music_v2_089","medium400","bashar:yaalwatan:duetpartner",,"أي مطربة شاركت بشار الشطي دويتو «يا الوطن يا الزبرقان» عام 2017؟","Which female singer joined Bashar Al Shatti on the 2017 duet Ya Al Watan Ya Al Zibriqan?","أحلام","Ahlam","Billboard Arabia — Bashar Al Shatti career profile","https://www.billboardarabia.com/%D9%85%D9%88%D8%B3%D9%8A%D9%82%D9%89/%D8%AE%D9%84%D9%8A%D8%AC%D9%8A/%D8%A8%D8%B4%D8%A7%D8%B1-%D8%A7%D9%84%D8%B4%D8%B7%D9%8A-%D8%A7%D9%84%D9%81%D9%86%D8%A7%D9%86-%D9%85%D8%AA%D8%B9%D8%AF%D8%AF-%D8%A7%D9%84%D8%A3%D8%AF%D9%88%D8%A7%D8%B1-%D8%AF%D9%88%D9%85%D8%A7-%D8%A3%D9%82%D9%88%D9%89-%D9%85%D9%86-%D9%82%D8%A8%D9%84-3729","Music publication inspected 2026-10-08: first-season Star Academy participant; second album Tani Marrah; Khalik Fahem Egyptian dialect; Eshlon Basber video directed by Hadi Al Bagouri; 2017 duet Ya Al Watan Ya Al Zibriqan with Ahlam. Conflicting album dates not used.","2026-10-08"
"kuwaiti_music_v2_090","medium400","bashar:khalikfahem:dialect",,"بأي لهجة غنّى بشار الشطي «خليك فاهم» في ألبومه الأول؟","In which dialect did Bashar Al Shatti sing Khalik Fahem on his debut album?","اللهجة المصرية","Egyptian Arabic","Billboard Arabia — Bashar Al Shatti career profile","https://www.billboardarabia.com/%D9%85%D9%88%D8%B3%D9%8A%D9%82%D9%89/%D8%AE%D9%84%D9%8A%D8%AC%D9%8A/%D8%A8%D8%B4%D8%A7%D8%B1-%D8%A7%D9%84%D8%B4%D8%B7%D9%8A-%D8%A7%D9%84%D9%81%D9%86%D8%A7%D9%86-%D9%85%D8%AA%D8%B9%D8%AF%D8%AF-%D8%A7%D9%84%D8%A3%D8%AF%D9%88%D8%A7%D8%B1-%D8%AF%D9%88%D9%85%D8%A7-%D8%A3%D9%82%D9%88%D9%89-%D9%85%D9%86-%D9%82%D8%A8%D9%84-3729","Music publication inspected 2026-10-08: first-season Star Academy participant; second album Tani Marrah; Khalik Fahem Egyptian dialect; Eshlon Basber video directed by Hadi Al Bagouri; 2017 duet Ya Al Watan Ya Al Zibriqan with Ahlam. Conflicting album dates not used.","2026-10-08"
"kuwaiti_music_v2_091","medium400","song:weshjabni:composer",,"من لحّن أغنية فطومة «وش جابني»؟","Who composed Fattouma's Wesh Jabni?","بدر الذوادي","Bader Al Thawadi","SoloFM — official Wesh Jabni recording and credits","https://www.youtube.com/watch?v=jZjwfT0UTvI","Verified publisher description inspected 2026-10-08: Fattouma, Wesh Jabni, 2018; lyrics Hisham Al Shurooqi, music Bader Al Thawadi, oud Jassim Jawad. No lyrics reproduced.","2026-10-08"
"kuwaiti_music_v2_092","medium400","song:ghamza:musicproduction",,"من لحّن ووزّع أغنية «غمزة» لإبراهيم دشتي؟","Who composed and arranged Ibrahim Dashti's Ghamza?","حسام كامل","Hussam Kamil","Ibrahim Dashti — official Ghamza recording","https://www.youtube.com/watch?v=Wyl-p4J-gKU","Official Artist Channel description inspected 2026-10-08: 2017 Ghamza, singer Ibrahim Dashti; lyrics Mushrif Al Attabi; music, arrangement and mastering Hussam Kamil. No lyrics reproduced.","2026-10-08"
"kuwaiti_music_v2_093","medium400","aishatribute:series:approach",,"ما العنصر الذي استُغني عنه في سلسلة حفلات مركز جابر الثقافي التي احتفت بعايشة المرطة لتقديم صوت طبيعي؟","What was omitted in Jaber Cultural Centre's concert series honouring Aisha Al Marta to present natural sound?","الميكروفون","The microphone","Sheikh Jaber Al Ahmed Cultural Centre — Without a Microphone, Aisha Al Marta","https://tickets.jacc-kw.com/event/info/without-a-microphone---aisha-al-marta/349","Official programme inspected 2026-10-08: Queen of Samri Aisha Al Marta, acoustic presentation without microphones, rearranged and conducted by Dr Khaled Nouri.","2026-10-08"
"kuwaiti_music_v2_094","medium400","humood:ummifilisteen:duetpartner",,"من الفنان الذي شاركه حمود الخضر «أمي فلسطين» في بداياته؟","Which artist sang Ummi Filisteen with Humood AlKhudher early in his career?","مشاري العرادة","Mishari Al Aradah","Awakening Records — official Humood Alkhudher biography","https://www.awakening.org/artist/humoodalkhudher/","Artist label biography inspected 2026-10-08: signed January 2015, Aseer Ahsan; early Ummi Filisteen duet with Mishari Al Aradah; Indonesian Kun Anta version titled Jadi Diri Sendiri. Dynamic view and chart totals excluded.","2026-10-08"
"kuwaiti_music_v2_095","medium400","humood:mathabad:firstsingle",,"ما الأغنية التي افتتحت طرح ألبوم حمود الخضر «ماذا بعد» في فبراير 2020؟","Which song opened the release of Humood AlKhudher's Matha Bad in February 2020?","دندن معي","Dandin Mai","Awakening Records — Matha Bad release announcement","https://www.awakening.org/humood-alkhudher-release/","Official release announcement inspected 2026-10-08 names Dandin Mai as opening single/video of Matha Bad released starting February 20, 2020.","2026-10-08"
"kuwaiti_music_v2_096","medium400","song:haanatha:writercomposer",,"من كتب ولحّن أغنية حمود الخضر «هأنذا»؟","Who wrote and composed Humood AlKhudher's Ha Anatha?","سيف فاضل","Saif Fadhel","Awakening Music — official Ha Anatha video credits","https://www.youtube.com/watch?v=YSS9CcUdAcM","Publisher description inspected 2026-10-08: Humood AlKhudher performs Ha Anatha, words/music Saif Fadhel, arrangement Mustafa Ceceli. No lyrics reproduced.","2026-10-08"
"kuwaiti_music_v2_097","medium400","song:hataytakbrasi:writercomposer",,"من كتب ولحّن «حطيتك براسي» لعبدالعزيز الضويحي؟","Who wrote and composed Abdulaziz Al Duwaihi's Hataytak Brasi?","بشار الشطي","Bashar Al Shatti","Al Jarida — Abdulaziz Al Duwaihi's 2008 Hap release","https://www.aljarida.com/articles/1461741800939686100/amp","Release report inspected 2026-10-08: Hataytak Brasi written/composed by Bashar Al Shatti; Jaat Taqul written/composed by Adnan Bishara; Lesh Ya Qalbi video directed by Charbel Youssef.","2026-10-08"
"kuwaiti_music_v2_098","medium400","song:sualsaghir:composer",,"من لحّن «سؤال صغير» لإبراهيم دشتي؟","Who composed Ibrahim Dashti's Sual Saghir?","فهد الناصر","Fahad Al Nasser","Al Jarida — Ibrahim Dashti's repertoire","https://www.aljarida.com/articles/1517153880174064700/","Inspected 2026-10-08: Faqedha album includes Taf/Mushtaqin; Sual Saghir music Fahad Al Nasser; Fi Ghiyabi music Abdullah Al Quoud. No lyrics reproduced.","2026-10-08"
"kuwaiti_music_v2_099","medium400","sulaimanmulla:instrumentpair",,"ما الآلتان الوتريتان اللتان عزف عليهما سليمان الملا خلف كبار المطربين في بداياته؟","Which two string instruments did Sulaiman Al Mulla play behind leading singers early in his career?","العود والكمان","Oud and violin","Sheikh Jaber Al Ahmed Cultural Centre — Works of Sulaiman Al Mulla","https://tickets.jacc-kw.com/event/info/works-of-sulaiman-al-mulla/303","Official programme inspected 2026-10-08: early oud/violin accompanist; Kashafu Sir Al Hawa composed for Fahad Al Maas; own vocals Ya Nab Al Wafa; Watan Al Nahar recorded/released after Kuwait's liberation in 1991.","2026-10-08"
"kuwaiti_music_v2_100","medium400","qassar:dazza:inspirationcountry",,"من أي بلد استوحى سليمان القصار فن الدزة قبل تطويره للأعراس الكويتية؟","From which country did Sulaiman Al Qassar draw inspiration for Dazza before adapting it for Kuwaiti weddings?","البحرين","Bahrain","Sheikh Jaber Al Ahmed Cultural Centre — Kuwait's Wedding","https://tickets.jacc-kw.com/event/info/songs-of-kuwaiti-weddings/488","Official programme inspected 2026-10-08: Sulaiman Al Qassar's wedding repertoire, Dazza inspiration from Bahrain, adaptation of Baddawi into Dazza songs.","2026-10-08"
"kuwaiti_music_v2_101","medium400","song:watanalnahar:releasecontext",,"أي حدث وطني سبق تسجيل وإصدار «وطن النهار» عام 1991؟","Which national event preceded the recording and release of Watan Al Nahar in 1991?","تحرير الكويت","The liberation of Kuwait","Sheikh Jaber Al Ahmed Cultural Centre — Works of Sulaiman Al Mulla","https://tickets.jacc-kw.com/event/info/works-of-sulaiman-al-mulla/303","Official programme inspected 2026-10-08: early oud/violin accompanist; Kashafu Sir Al Hawa composed for Fahad Al Maas; own vocals Ya Nab Al Wafa; Watan Al Nahar recorded/released after Kuwait's liberation in 1991.","2026-10-08"
"kuwaiti_music_v2_102","medium400","song:mistajela:composer",,"من لحّن «مستعجلة» لمساعد البلوشي؟","Who composed Mesaed Al Baloushy's Mistajela?","نواف عبدالله","Nawaf Abdullah","Rotana — official Mesaed Al Baloushy Mistajela credits","https://www.youtube.com/watch?v=1WmduDA0T9I","Verified label description inspected 2026-10-08: 2022 Mistajela by Mesaed Al Baloushy, words Saud Al Fulaih, music Nawaf Abdullah. No lyrics reproduced.","2026-10-08"
"kuwaiti_music_v2_103","medium400","miami:sabouha:firstalbum",,"ما عنوان أول ألبوم لفرقة ميامي الصادر عام 1991؟","What is the title of Miami Band's first album, released in 1991?","صبوحة","Sabouha","Al Jarida — Miami Band leader's Mushkila interview","https://www.aljarida.com/articles/1503420596116291700","First-person band interview inspected 2026-10-08: Mushkila words/music Abdullah Salem; first album Sabouha 1991; Khaled Al Randi keyboard, Layli Layli conga.","2026-10-08"
"kuwaiti_music_v2_104","medium400","miami:khalidalrandi:instrument",,"ما الآلة التي يعزف عليها خالد الرندي في فرقة ميامي؟","Which instrument does Khaled Al Randi play in Miami Band?","الكيبورد","Keyboard","Al Jarida — Miami Band leader's Mushkila interview","https://www.aljarida.com/articles/1503420596116291700","First-person band interview inspected 2026-10-08: Mushkila words/music Abdullah Salem; first album Sabouha 1991; Khaled Al Randi keyboard, Layli Layli conga.","2026-10-08"
"kuwaiti_music_v2_105","medium400","guitara:founding:sisters",,"ما اسما الأختين اللتين شاركتا في تشكيل فرقة جيتارا؟","What are the names of the two sisters who helped form Guitara Band?","رهف وريناد","Rahaf and Renad","Billboard Arabia — Guitara's Qissati retrospective","https://www.billboardarabia.com/%D9%85%D9%88%D8%B3%D9%8A%D9%82%D9%89/%D8%AE%D9%84%D9%8A%D8%AC%D9%8A/%D8%A7%D9%84%D9%85%D8%B1%D8%A7%D8%AC%D8%B9%D8%A9-%D8%A7%D9%84%D9%83%D9%84%D8%A7%D8%B3%D9%8A%D9%83%D9%8A%D8%A9-%D8%A3%D9%84%D8%A8%D9%88%D9%85-%D9%82%D8%B5%D8%AA%D9%8A-%D9%84-%D9%81%D8%B1%D9%82%D8%A9-%D8%AC%D9%8A%D8%AA%D8%A7%D8%B1%D8%A7-2419","Music retrospective inspected 2026-10-08: founding sisters Rahaf/Renad; Ya Ghali music Rahaf/words Renad, originally titled Aseer Ahzani before arrangement changes. Conflicting original release dates excluded.","2026-10-08"
"kuwaiti_music_v2_106","medium400","song:yaghali:composer",,"أي عضوة في جيتارا وضعت لحن «يا غالي»؟","Which female member of Guitara composed Ya Ghali?","رهف","Rahaf","Billboard Arabia — Guitara's Qissati retrospective","https://www.billboardarabia.com/%D9%85%D9%88%D8%B3%D9%8A%D9%82%D9%89/%D8%AE%D9%84%D9%8A%D8%AC%D9%8A/%D8%A7%D9%84%D9%85%D8%B1%D8%A7%D8%AC%D8%B9%D8%A9-%D8%A7%D9%84%D9%83%D9%84%D8%A7%D8%B3%D9%8A%D9%83%D9%8A%D8%A9-%D8%A3%D9%84%D8%A8%D9%88%D9%85-%D9%82%D8%B5%D8%AA%D9%8A-%D9%84-%D9%81%D8%B1%D9%82%D8%A9-%D8%AC%D9%8A%D8%AA%D8%A7%D8%B1%D8%A7-2419","Music retrospective inspected 2026-10-08: founding sisters Rahaf/Renad; Ya Ghali music Rahaf/words Renad, originally titled Aseer Ahzani before arrangement changes. Conflicting original release dates excluded.","2026-10-08"
"kuwaiti_music_v2_107","medium400","song:mayeshbehak:composer",,"من لحّن «ما يشبهك» لنبيل شعيل؟","Who composed Nabeel Shuail's Ma Yeshbehak?","ياسر بوعلي","Yasser Bu Ali","Rotana — official Ma Yeshbehak credits","https://www.rotana.net/ar/news-details/7972/%D9%86%D8%A8%D9%8A%D9%84-%D8%B4%D8%B9%D9%8A%D9%84-%D9%8A%D8%AD%D9%82%D9%82-%D8%A7%D9%84%D9%85%D9%84%D9%8A%D9%88%D9%86-%D9%85%D8%B4%D8%A7%D9%87%D8%AF%D8%A9-%D8%A8%D8%A3%D8%BA%D9%86%D9%8A%D8%A9-%D9%85%D8%A7-%D9%8A%D8%B4%D8%A8%D9%87%D9%83","Publisher report inspected 2026-10-08: singer Nabeel Shuail, words Shumoukh Al Aqla (Al Alia), music Yasser Bu Ali. Changing view count excluded.","2026-10-08"
"kuwaiti_music_v2_108","medium400","song:maqeltlak:composer",,"من لحّن «ما قلت لك» لعبدالله الرويشد؟","Who composed Abdullah Al Rowaished's Ma Qelt Lak?","ناصر الصالح","Nasser Al Saleh","Rotana — official Ma Qelt Lak video report","https://rotana.net/ar/news-details/6605/%D8%B1%D9%88%D8%AA%D8%A7%D9%86%D8%A7-%D8%AA%D9%83%D8%B4%D9%81-%D9%83%D9%88%D8%A7%D9%84%D9%8A%D8%B3-%D8%AA%D8%B5%D9%88%D9%8A%D8%B1-%D9%83%D9%84%D9%8A%D8%A8-%D8%B9%D8%A8%D8%AF-%D8%A7%D9%84%D9%84%D9%87-%D8%A7%D9%84%D8%B1%D9%88%D9%8A%D8%B4%D8%AF-%D9%84%D8%A7%D8%BA%D9%86%D9%8A%D8%A9-%D9%85%D8%A7-%D9%82%D9%84%D8%AA-%D9%84%D9%83","Publisher report inspected 2026-10-08: Abdullah Al Rowaished, words Meshaal Duhaim, music Nasser Al Saleh, director Ahmed Al Doghachi. No lyrics reproduced.","2026-10-08"
"kuwaiti_music_v2_109","medium400","song:abeek:lyricist",,"من كتب كلمات «أبيك» لعبدالله الرويشد؟","Who wrote the lyrics of Abdullah Al Rowaished's Abeek?","عبداللطيف البناي","Abdul Latif Al Bannai","Tunes Arabia — official Jalsat Wanasah 2017 Abeek performance","https://www.youtube.com/watch?v=k6KjDsxqGQQ","Verified publisher description inspected 2026-10-08: performer/composer Abdullah Al Rowaished, lyrics Abdul Latif Al Bannai. Performance edition 2017 distinct from upload date 2018; no lyrics reproduced.","2026-10-08"
"kuwaiti_music_v2_110","medium400","song:mughroura:composer",,"من لحّن أغنية مرام «مغرورة»؟","Who composed Maram's Mughroura?","سليمان الملا","Sulaiman Al Mulla","Al Jazirah — Maram's Mughroura release credits","https://www.al-jazirah.com/2000/20000507/at6.htm","Contemporary release report inspected 2026-10-08: Maram Mughroura, music Sulaiman Al Mulla/lyrics Khaled Al Bathal; Taradaina music Yaqoub Al Khubaizi; Ahallifak Billah Ansa Al Zaal music Fahad Al Nasser/lyrics Nasser Al Shammari.","2026-10-08"
"kuwaiti_music_v2_111","medium400","song:taradaina:composer",,"من لحّن «تراضينا» في ألبوم مرام «مغرورة»؟","Who composed Taradaina on Maram's album Mughroura?","يعقوب الخبيزي","Yaqoub Al Khubaizi","Al Jazirah — Maram's Mughroura release credits","https://www.al-jazirah.com/2000/20000507/at6.htm","Contemporary release report inspected 2026-10-08: Maram Mughroura, music Sulaiman Al Mulla/lyrics Khaled Al Bathal; Taradaina music Yaqoub Al Khubaizi; Ahallifak Billah Ansa Al Zaal music Fahad Al Nasser/lyrics Nasser Al Shammari.","2026-10-08"
"kuwaiti_music_v2_112","medium400","song:eshratomar:writerproducer",,"من كتب ولحّن ووزّع «عشرة عمر» لحمود ناصر في ألبوم 2019؟","Who wrote, composed and arranged Eshrat Omar for Hammoud Naser's 2019 album?","مشاري العوضي","Mishari Al Awadi","Al Rai — Hammoud Naser's released 2019 album interview","https://www.alraimedia.com/article/854161/%D9%81%D9%86%D9%88%D9%86/%D8%AD%D9%85%D9%88%D8%AF-%D9%86%D8%A7%D8%B5%D8%B1-%D9%84%D8%A7%D9%84%D8%B1%D8%A7%D9%8A-%D9%85%D8%AA%D9%88%D8%AA%D8%B1-%D8%AC%D8%AF%D8%A7-%D9%88%D9%85%D8%AA%D8%B4%D9%88%D9%82-%D9%84%D8%A3%D8%B5%D8%AF%D8%A7%D8%A1-%D8%A3%D9%84%D8%A8%D9%88%D9%85%D9%8A-%D8%A7%D9%84%D8%AC%D8%AF%D9%8A%D8%AF","Artist interview inspected 2026-10-08: Jathibiya words/music/singer Hammoud Naser; Astaghrib lyrics Saher; Eshrat Omar all writing/composition/production Mishari Al Awadi; Baadah lyrics Mohammed Al Shuraidah.","2026-10-08"
"kuwaiti_music_v2_113","medium400","youssefmutrif:ambassadornickname",,"من المطرب الكويتي الذي لُقّب بـ«سفير الشجن»؟","Which Kuwaiti singer was nicknamed the Ambassador of Melancholy?","يوسف المطرف","Youssef Al Mutrif","Sheikh Jaber Al Ahmed Cultural Centre — Youssef Al Mutrif tribute","https://tickets.jacc-kw.com/event/info/the-voice-of-sorrow-youssef-al-mutrif/423","Official programme inspected 2026-10-08: singer Mutrif is Youssef's son; Youssef nicknamed Ambassador of Melancholy, excelled in Adeni genre and oud playing.","2026-10-08"
"kuwaiti_music_v2_114","medium400","youssefmutrif:genre",,"بأي لون غنائي جنوبي اشتهر يوسف المطرف في الكويت والخليج؟","For which southern Arabian musical genre was Youssef Al Mutrif famous in Kuwait and the Gulf?","الأغنية العدنية «العدنيات»","Adeni songs","Sheikh Jaber Al Ahmed Cultural Centre — Youssef Al Mutrif tribute","https://tickets.jacc-kw.com/event/info/the-voice-of-sorrow-youssef-al-mutrif/423","Official programme inspected 2026-10-08: singer Mutrif is Youssef's son; Youssef nicknamed Ambassador of Melancholy, excelled in Adeni genre and oud playing.","2026-10-08"
"kuwaiti_music_v2_115","medium400","song:fahhmouh:composer",,"من لحّن أغنية مطرف المطرف «فهموه»؟","Who composed Mutrif Al Mutrif's Fahhmouh?","فهد الناصر","Fahad Al Nasser","Al Rai — Mutrif Al Mutrif's Fahhmouh interview","https://www.alraimedia.com/article/397706/%D9%81%D9%86%D9%88%D9%86/%D9%85%D8%B7%D8%B1%D9%81-%D8%A7%D9%84%D9%85%D8%B7%D8%B1%D9%81-%D8%A7%D9%86%D8%AA%D8%B8%D8%B1%D8%AA-%D8%B3%D9%86%D9%88%D8%A7%D8%AA--%D9%84%D8%B7%D8%B1%D8%AD-%D9%81%D9%87%D9%85%D9%88%D9%87--","Artist interview inspected 2026-10-08: singer Mutrif Al Mutrif, lyrics Saad Al Musallam, composition Fahad Al Nasser, arrangement Jarrah Al Sayigh.","2026-10-08"
"kuwaiti_music_v2_116","medium400","song:tawaadna:singercomposer",,"أي مطرب لحّن وغنّى «تواعدنا»، التي أعلن عنها مطلع 2026؟","Which singer composed and performed Tawaadna, announced at the start of 2026?","عبدالقادر هدهود","Abdul Qader Hadhoud","Al Rai — Abdul Qader Hadhoud discusses Tawaadna","https://www.alraimedia.com/article/1751919/%D9%81%D9%86%D9%88%D9%86/%D8%B9%D8%A8%D8%AF%D8%A7%D9%84%D9%82%D8%A7%D8%AF%D8%B1-%D9%87%D8%AF%D9%87%D9%88%D8%AF-%D9%84%D8%A7%D9%84%D8%B1%D8%A7%D9%8A-%D8%AA%D9%88%D8%A7%D8%B9%D8%AF%D9%86%D8%A7-%D8%A8%D9%8A%D9%86-%D8%A7%D9%84%D8%B5%D8%A8%D8%A7-%D9%88%D8%A7%D9%84%D9%86%D9%87%D8%A7%D9%88%D9%86%D8%AF","Artist interview inspected 2026-10-08: released at start of 2026, sung and composed by Hadhoud, lyrics Al Ghaim; he explicitly describes combining Saba and Nahawand.","2026-10-08"
"kuwaiti_music_v2_117","medium400","song:abshiriyaain:composer",,"من وضع لحن «أبشري يا عين» لعائشة المرطة؟","Who composed Aisha Al Marta's Abshiri Ya Ain?","عثمان السيد","Othman Al Sayed","Al Rai — Kuwaiti women's ensemble concert repertoire","https://www.alraimedia.com/print-article?articleId=777506","Indexed report inspected 2026-10-08: Abshiri Ya Ain originally Aisha Al Marta, lyrics Yousef Al Munee, composition Othman Al Sayed; independently corroborated by Arabic Music Library score catalogue.","2026-10-08"
"kuwaiti_music_v2_118","medium400","song:samihni:composer",,"من لحّن «سامحني» لشيماء سليمان؟","Who composed Shaymaa Sulaiman's Samihni?","ماجد المخيني","Majed Al Mukhaini","Al Rai — Shaymaa discusses Samihni","https://www.alraimedia.com/ampArticle/579945","Artist interview inspected 2026-10-08: released single, lyrics Sulaiman Bu Shait, composition Majed Al Mukhaini, arrangement Zaid Nadeem. Composer's own majidalmukhaini.me/alhan catalogue corroborates credits.","2026-10-08"
"kuwaiti_music_v2_119","medium400","song:alshougjabak:composer",,"من لحّن «الشوق جابك» لنوال؟","Who composed Nawal's Al Shoug Jabak?","مشعل العروج","Meshaal Al Arouj","Nawal — official Khorfakkan 2021 performance credits","https://www.youtube.com/watch?v=UxZu2IyrVug","Official artist description inspected 2026-10-08: Nawal, lyrics Saud bin Abdullah, composition Meshaal Al Arouj. No lyrics reproduced.","2026-10-08"
"kuwaiti_music_v2_120","medium400","song:yanasdillouni:composer",,"من وضع لحن الأغنية الكويتية «يا ناس دلوني»؟","Who composed the Kuwaiti song Ya Nas Dillouni?","محمود الكويتي","Mahmoud Al Kuwaiti","Al Rai — Eastern ensemble's Kuwaiti classics","https://www.alraimedia.com/print-article?articleId=1596539","Indexed performance report inspected 2026-10-08 explicitly credits Ya Nas Dillouni to composer Mahmoud Al Kuwaiti.","2026-10-08"
"kuwaiti_music_v2_121","medium400","song:anaraddait:composer",,"من لحّن «أنا رديت» لعبدالكريم عبدالقادر؟","Who composed Abdul Karim Abdul Qader's Ana Raddait?","عبدالرب إدريس","Abdul Rab Idris","Al Rai — Abdul Qader and Idris discuss their musical partnership","https://www.alraimedia.com/ampArticle/145231","Artist/composer interview inspected 2026-10-08 lists Ana Raddait among Abdul Karim Abdul Qader songs composed by Abdul Rab Idris.","2026-10-08"
"kuwaiti_music_v2_122","medium400","song:khatelkhatar:composer",,"من لحّن «خط الخطر» لشمس؟","Who composed Shams's Khat El Khatar?","محمود الغيث","Mahmoud Al Ghaith","Al Rai — Shams releases Khat El Khatar","https://www.alraimedia.com/ampArticle/1524974","Release report inspected 2026-10-08: Shams, lyrics Qusay Issa, composition Mahmoud Al Ghaith, arrangement Muhannad Al Ghazi; volatile view counts excluded.","2026-10-08"
"kuwaiti_music_v2_123","medium400","song:zahqanamellait:composer",,"من لحّن «زهقانة مليت» لشمس؟","Who composed Shams's Zahqana Mellait?","علي صابر","Ali Saber","Al Rai — Shams releases Zahqana Mellait","https://www.alraimedia.com/ampArticle/697168","Release report inspected 2026-10-08: singer Shams, lyrics Adnan Al Amir, composition Ali Saber, video director Fadi Haddad; no lyrics reproduced.","2026-10-08"
"kuwaiti_music_v2_124","medium400","song:habait:composer",,"من لحّن «حبيت» لخالد المظفر؟","Who composed Khaled Al Mudhaffar's Habait?","متعب الفرج","Muteb Al Faraj","Billboard Arabia — Khaled Al Mudhaffar's Habait","https://www.billboardarabia.com/%D9%85%D9%88%D8%B3%D9%8A%D9%82%D9%89/%D8%AE%D9%84%D9%8A%D8%AC%D9%8A/%D8%AE%D8%A7%D9%84%D8%AF-%D8%A7%D9%84%D9%85%D8%B8%D9%81%D8%B1-%D9%8A%D8%AF%D8%AE%D9%84-%D9%82%D8%A7%D8%A6%D9%85%D8%A9-%D8%A3%D8%B9%D9%84%D9%89-50-%D8%AE%D9%84%D9%8A%D8%AC%D9%8A-%D8%A8%D8%A3%D8%BA%D9%86%D9%8A%D8%A9-%D8%AD%D8%A8%D9%8A%D8%AA-5378","Music trade report inspected 2026-10-08: Habait by Khaled Al Mudhaffar, composition Muteb Al Faraj, arrangement Ali Al Matrouk. Chart position excluded.","2026-10-08"
"kuwaiti_music_v2_125","medium400","song:alamaloshaq:musical",,"ضمن أي مسرحية قُدّمت أغنية «عالم العشاق» لخالد المظفر وعايض؟","In which play was Khaled Al Mudhaffar and Ayed's Alam Al Oshaq presented?","الأول من نوعه","Al Awwal Min Naw'ih","Billboard Arabia — duet analysis","https://www.billboardarabia.com/%D9%85%D9%88%D8%B3%D9%8A%D9%82%D9%89/%D9%85%D8%BA%D8%A7%D8%B1%D8%A8%D9%8A/%D8%A7%D8%AB%D9%86%D8%A7%D9%86-%D9%81%D9%8A-%D9%88%D8%A7%D8%AD%D8%AF-%D8%AC%D9%85%D9%8A%D8%B9-%D8%A7%D9%84%D8%AA%D8%B9%D8%A7%D9%88%D9%86%D8%A7%D8%AA-%D8%B9%D9%84%D9%89-%D9%82%D8%A7%D8%A6%D9%85%D8%A9-%D9%87%D9%88%D8%AA-100-%D9%87%D8%B0%D8%A7-%D8%A7%D9%84%D8%A3%D8%B3%D8%A8%D9%88%D8%B9-1455","Music trade report inspected 2026-10-08: Alam Al Oshaq sung by Khaled Al Mudhaffar and Ayed, presented in play Al Awwal Min Naw'ih.","2026-10-08"
"kuwaiti_music_v2_126","medium400","artist:rashedhemli:influence",,"أي مطرب كويتي تأثر راشد الحملي بأسلوبه في بداياته؟","Which Kuwaiti singer influenced Rashed Al Hemli's style early in his career?","حمد خليفة","Hamad Khalifa","Sheikh Jaber Al Ahmed Cultural Centre — Rashed Al Hemli tribute","https://tickets.jacc-kw.com/event/info/rashed-al-hemli/128","Official programme inspected 2026-10-08: oud style and early influence of Hamad Khalifa; also poet and composer; Adani and Aswat repertoire.","2026-10-08"
"kuwaiti_music_v2_127","medium400","artist:essa:musicqualification",,"في أي معهد كويتي حصل عيسى المرزوق على دبلوم الموسيقى قبل مشاركته في ستار أكاديمي؟","At which Kuwaiti institute did Essa Al Marzouq obtain a music diploma before Star Academy?","المعهد العالي للفنون الموسيقية","The Higher Institute of Musical Arts","Al Rai — Essa Al Marzouq's mother discusses his music career","https://www.alraimedia.com/ampArticle/446166","Interview indexed and inspected 2026-10-08: music diploma at Higher Institute of Musical Arts before ninth Star Academy season. No birth year or final placement used.","2026-10-08"
"kuwaiti_music_v2_128","medium400","maritime:khatfa:work",,"أي عمل على السفينة يصاحبه غناء «الخطفة» في التراث البحري الكويتي؟","Which shipboard task accompanies Khatfa singing in Kuwaiti maritime tradition?","رفع الشراع","Raising the sail","Kuwait News Agency — Gulf nahma traditions","https://www.kuna.net.kw/ArticlePrintPage.aspx?id=2610572","KUNA specialist explanation indexed and inspected 2026-10-08: naham is ship's singer; khatfa accompanies raising sail; Kuwaiti Sankani includes surnai/mizmar. Distinct performer, work-song function and instrumental-genre facts.","2026-10-08"
"kuwaiti_music_v2_129","medium400","song:masmouh:composer",,"من لحّن «مسموح» لغريد الشاطئ؟","Who composed Ghareed Al Shati's Masmouh?","غنام الديكان","Ghannam Al Deikan","Al Jarida — music education orchestra repertoire","https://www.aljarida.com/articles/1462224849936895000","Concert report inspected 2026-10-08 explicitly credits classic Ghareed Al Shati Masmouh to words Bader Borsli and music Ghannam Al Deikan.","2026-10-08"
"kuwaiti_music_v2_130","medium400","song:dandinmai:writercomposer",,"من كتب ولحّن «دندن معي» لحمود الخضر؟","Who wrote and composed Humood Al Khudher's Dandin Ma'i?","سيف فاضل","Saif Fadhel","Samaa Network — Dandin Ma'i release credits","https://play.samaanetwork.net/17133/","Music broadcaster release listing inspected 2026-10-08: words/music Saif Fadhel, arrangement Maher Zain, director Hasan Kuyucu. No lyrics reproduced.","2026-10-08"
"kuwaiti_music_v2_131","medium400","album:sarat:artists",,"أي ثنائي أصدر ألبوم «صارت» الذي يضم «شنو الكلام هذا» و«سمبوسة»؟","Which duo released Sarat, featuring Shino Alkalam Hatha and Samboosa?","دافي وفليبراتشي","Daffy and Flipperachi","Anghami — Sarat licensed album catalogue","https://play.anghami.com/album/1542477","Licensed catalogue inspected 2026-10-08 identifies Daffy and Flipperachi album Sarat, tracks Shino Alkalam Hatha and Samboosa.","2026-10-08"
"kuwaiti_music_v2_132","medium400","song:sabahalkhair:composer",,"من لحّن «صباح الخير يا مدلل» لنبيل شعيل؟","Who composed Nabeel Shuail's Sabah Al Khair Ya Mudallal?","عماد الرميثان","Emad Al Rumaithan","Rotana — official morning-song repertoire and credits","https://rotana.net/ar/news/%D8%A7%D8%A8%D8%AF%D8%A3%20%D9%8A%D9%88%D9%85%D9%83..%C2%A08%20%D8%A3%D8%BA%D8%A7%D9%86%D9%8A%20%D9%85%D9%86%D8%B9%D8%B4%D8%A9%20%D8%AA%D9%82%D9%88%D9%84%20%D9%84%D9%83%3A%20%D8%B5%D8%A8%D8%A7%D8%AD%20%D8%A7%D9%84%D8%AE%D9%8A%D8%B1%E2%80%8E","Publisher article inspected 2026-10-08: Sabah Al Khair Ya Mudallal sung by Nabeel Shuail, music Emad Al Rumaithan and words Ahmed Al Sharqawi.","2026-10-08"
"kuwaiti_music_v2_133","medium400","song:mansak2000:composer",,"من لحّن «منساك» لنبيل شعيل، ضمن ألبوم «شعيل 2000»؟","Who composed Mansak for Nabeel Shuail's Shuail 2000 album?","مشعل العروج","Meshaal Al Arouj","Nabeel Shuail — official Mansak Shuail 2000 recording credits","https://www.youtube.com/watch?v=JVSorfKM5Is","Official Artist Channel indexed description inspected 2026-10-08: Mansak, album Shuail 2000, words Khaled Al Hamrani, music Meshaal Al Arouj. Distinct from older Ana Mansak; no reupload date treated as release.","2026-10-08"
"kuwaiti_music_v2_134","medium400","album:guitara:debuttitle",,"ما اسم ألبوم فرقة جيتارا الأول الصادر عام 2001؟","What was the title of Guitara's debut album, released in 2001?","كنت أظن","Kunt Athun","Billboard Arabia — Guitara's Qissati retrospective","https://www.billboardarabia.com/%D9%85%D9%88%D8%B3%D9%8A%D9%82%D9%89/%D8%AE%D9%84%D9%8A%D8%AC%D9%8A/%D8%A7%D9%84%D9%85%D8%B1%D8%A7%D8%AC%D8%B9%D8%A9-%D8%A7%D9%84%D9%83%D9%84%D8%A7%D8%B3%D9%8A%D9%83%D9%8A%D8%A9-%D8%A3%D9%84%D8%A8%D9%88%D9%85-%D9%82%D8%B5%D8%AA%D9%8A-%D9%84-%D9%81%D8%B1%D9%82%D8%A9-%D8%AC%D9%8A%D8%AA%D8%A7%D8%B1%D8%A7-2419","Music retrospective inspected 2026-10-08: founding sisters Rahaf/Renad; Ya Ghali music Rahaf/words Renad, originally titled Aseer Ahzani before arrangement changes. Conflicting original release dates excluded.","2026-10-08"
"kuwaiti_music_v2_135","medium400","song:yakafialshar:lyricist",,"من كتب كلمات «يا كافي الشر» لمساعد البلوشي؟","Who wrote the lyrics of Mesaed Al Baloushy's Ya Kafi Al Shar?","منصور الفضلي","Mansour Al Fadhli","Majed Al Mukhaini — composer's own credits catalogue","https://www.majidalmukhaini.me/alhan","Composer's catalogue inspected 2026-10-08: Ya Kafi Al Shar singer Mesaed Al Baloushy, words Mansour Al Fadhli; Mint Mithammil singer Bashar Al Shatti. Composer attribution in prompts supported by catalogue.","2026-10-08"
"kuwaiti_music_v2_136","medium400","song:yawatan:composer",,"من لحّن أغنية «يا وطن» الكلاسيكية لفرقة تلفزيون الكويت؟","Who composed the Kuwait Television Ensemble classic Ya Watan?","مرزوق المرزوق","Marzouq Al Marzouq","Al Anba — Kuwait Television Ensemble's national repertoire","https://www.alanba.com.kw/1133276/","Performance report inspected 2026-10-08 explicitly identifies Ya Watan as ensemble classic, words Abdul Rahman Al Najjar and music/arrangement Marzouq Al Marzouq.","2026-10-08"
"kuwaiti_music_v2_137","hard600","song:ajorelsout:lyricist",,"من كتب كلمات أغنية «أجر الصوت» لعبدالكريم عبدالقادر؟","Who wrote the lyrics of AbdulKarim AbdulQader's Ajor Elsoot?","عبداللطيف البناي","AbdulLatif Al Bannai","Al Nazaer Media Group — Ajor Elsoot official recording credits","https://www.youtube.com/watch?v=HEzP3OwW3-M","Publisher description inspected 2026-10-08: AbdulKarim AbdulQader performs; lyrics AbdulLatif Al Bannai; music Anwar Abdullah. Upload date is not treated as the original release date.","2026-10-08"
"kuwaiti_music_v2_138","hard600","operetta:memoirsofasailor:poet",,"من الشاعر صاحب كلمات العمل الغنائي الكويتي «مذكرات بحار»؟","Which poet wrote the Kuwaiti musical work Memoirs of a Sailor?","محمد الفايز","Mohammed Al Fayez","Sheikh Jaber Al Ahmed Cultural Centre — Memoirs of a Sailor","https://tickets.jacc-kw.com/event/info/memoirs-of-a-sailor/116","Official programme inspected 2026-10-08: work written by Mohammed Al Fayez and composed by Ghannam Al Deikan; first presented in 1979 in the voices of Shadi Al Khaleej and Sanaa Al Kharraz. Revival credits are kept separate from original credits.","2026-10-08"
"kuwaiti_music_v2_139","hard600","operetta:memoirsofasailor:composer",,"من وضع ألحان العمل الغنائي «مذكرات بحار» الذي قدّمه شادي الخليج وسناء الخراز عام 1979؟","Who composed Memoirs of a Sailor, first performed by Shadi Al Khaleej and Sanaa Al Kharraz in 1979?","غنام الديكان","Ghannam Al Deikan","Sheikh Jaber Al Ahmed Cultural Centre — Memoirs of a Sailor","https://tickets.jacc-kw.com/event/info/memoirs-of-a-sailor/116","Official programme inspected 2026-10-08: work written by Mohammed Al Fayez and composed by Ghannam Al Deikan; first presented in 1979 in the voices of Shadi Al Khaleej and Sanaa Al Kharraz. Revival credits are kept separate from original credits.","2026-10-08"
"kuwaiti_music_v2_140","hard600","song:bastans:mix",,"من تولّى التنفيذ والمكس لأغنية «بستانس» لفرقة ميامي عند طرحها عام 2015؟","Who handled production and mixing for Miami Band's Bastans when it was introduced in 2015?","عادل الفرحان","Adel Al Farhan","Al Anba — Miami Band interview on the introduction of Bastans","https://www.alanba.com.kw/ar/art-news/597319/29-10-2015-%D9%81%D8%B1%D9%82%D8%A9-%D9%85%D9%8A%D8%A7%D9%85%D9%8A-%D8%A8%D8%B3%D8%AA%D8%A7%D9%86%D8%B3-%D8%A7%D9%84%D9%8A%D9%88%D9%85-%D9%85%D8%A7%D8%B1%D9%8A%D9%86%D8%A7-FM/","Original reporting with band representative inspected 2026-10-08; 29 October 2015 introduction on Marina FM, words and melody Yousef Al Omani, production/mixing Adel Al Farhan. Later digital release metadata is not substituted for the 2015 introduction.","2026-10-08"
"kuwaiti_music_v2_141","hard600","song:kunanta:arranger",,"من وزّع أغنية «كن أنت» لحمود الخضر وتولّى المكس لها؟","Who arranged and mixed Humood AlKhudher's Kun Anta?","حمزة نمرة","Hamza Namira","Awakening Music video credits reproduced with Kun Anta","https://top40-charts.com/videos/play.php?vid=qKVW_wJs91Q","Embedded official video description inspected 2026-10-08 explicitly credits Saif Fadhel for lyrics and Hamza Namira for arrangement and mixing; distinguishes those roles from Humood's melody credit.","2026-10-08"
"kuwaiti_music_v2_142","hard600","song:zenatayyami:lyricist",,"من كتب كلمات أغنية «زينة أيامي» لنوال؟","Who wrote the lyrics of Nawal's Zenat Ayyami?","بدر بورسلي","Bader Borsli","Rotana — official Al Ard album announcement and credits","https://rotana.net/ar/news-details/3848/%D8%B1%D9%88%D8%AA%D8%A7%D9%86%D8%A7-%D8%AA%D8%B7%D8%B1%D8%AD-%D8%A7%D8%BA%D9%86%D9%8A%D8%A7%D8%AA-%D8%A3%D9%84%D8%A8%D9%88%D9%85-%22%D8%A7%D9%84%D8%A7%D8%B1%D8%B6%22-%D9%84%D9%80-%D9%82%D9%8A%D8%AB%D8%A7%D8%B1%D8%A9-%D8%A7%D9%84%D8%AE%D9%84%D9%8A%D8%AC-%D9%86%D9%88%D8%A7%D9%84-%D8%A7%D9%84%D9%83%D9%88%D9%8A%D8%AA%D9%8A%D8%A9","Label credits inspected 2026-10-08: Nawal's Al Ard; Zenat Ayyami lyrics Bader Borsli/music Meshaal Al Arouj; Al Qasaid lyrics Warifah/music Yazeed Al Khaled; Ala Mehlak music Jumana Jamal. No unsupported claims from the biographical closing paragraphs are used.","2026-10-08"
"kuwaiti_music_v2_143","hard600","song:alqasaid:lyricist",,"لمن تُنسب كلمات أغنية «القصايد» لنوال في بيانات ألبوم «الأرض»؟","Who is credited with the lyrics of Nawal's Al Qasaid on the album Al Ard?","وارفه","Warifah","Rotana — official Al Ard album announcement and credits","https://rotana.net/ar/news-details/3848/%D8%B1%D9%88%D8%AA%D8%A7%D9%86%D8%A7-%D8%AA%D8%B7%D8%B1%D8%AD-%D8%A7%D8%BA%D9%86%D9%8A%D8%A7%D8%AA-%D8%A3%D9%84%D8%A8%D9%88%D9%85-%22%D8%A7%D9%84%D8%A7%D8%B1%D8%B6%22-%D9%84%D9%80-%D9%82%D9%8A%D8%AB%D8%A7%D8%B1%D8%A9-%D8%A7%D9%84%D8%AE%D9%84%D9%8A%D8%AC-%D9%86%D9%88%D8%A7%D9%84-%D8%A7%D9%84%D9%83%D9%88%D9%8A%D8%AA%D9%8A%D8%A9","Label credits inspected 2026-10-08: Nawal's Al Ard; Zenat Ayyami lyrics Bader Borsli/music Meshaal Al Arouj; Al Qasaid lyrics Warifah/music Yazeed Al Khaled; Ala Mehlak music Jumana Jamal. No unsupported claims from the biographical closing paragraphs are used.","2026-10-08"
"kuwaiti_music_v2_144","hard600","song:alamehlak:composer",,"من الملحّنة التي وضعت لحن «على مهلك» في ألبوم نوال «الأرض»؟","Which female composer composed Ala Mehlak on Nawal's album Al Ard?","جمانه جمال","Jumana Jamal","Rotana — official Al Ard album announcement and credits","https://rotana.net/ar/news-details/3848/%D8%B1%D9%88%D8%AA%D8%A7%D9%86%D8%A7-%D8%AA%D8%B7%D8%B1%D8%AD-%D8%A7%D8%BA%D9%86%D9%8A%D8%A7%D8%AA-%D8%A3%D9%84%D8%A8%D9%88%D9%85-%22%D8%A7%D9%84%D8%A7%D8%B1%D8%B6%22-%D9%84%D9%80-%D9%82%D9%8A%D8%AB%D8%A7%D8%B1%D8%A9-%D8%A7%D9%84%D8%AE%D9%84%D9%8A%D8%AC-%D9%86%D9%88%D8%A7%D9%84-%D8%A7%D9%84%D9%83%D9%88%D9%8A%D8%AA%D9%8A%D8%A9","Label credits inspected 2026-10-08: Nawal's Al Ard; Zenat Ayyami lyrics Bader Borsli/music Meshaal Al Arouj; Al Qasaid lyrics Warifah/music Yazeed Al Khaled; Ala Mehlak music Jumana Jamal. No unsupported claims from the biographical closing paragraphs are used.","2026-10-08"
"kuwaiti_music_v2_145","hard600","song:yaassal:lyricist",,"من كتب كلمات أغنية «يا عسل» لنبيل شعيل؟","Who wrote the lyrics of Nabeel Shuail's Ya Assal?","أحمد علوي","Ahmed Alawi","Rotana — official Ya Assal video credits","https://www.youtube.com/watch?v=U2yuNCPnkgc","Verified label channel description inspected 2026-10-08; singer Nabeel Shuail, lyrics Ahmed Alawi, melody Nawaf Abdullah, album Shuail 2012. Upload year is not used as original song release year.","2026-10-08"
"kuwaiti_music_v2_146","hard600","song:alaqtna:arranger",,"من وضع التوزيع الموسيقي لأغنية «علاقتنا» لعبدالعزيز الويس؟","Who arranged Abdulaziz Louis's Alaqtna?","طلال العيدان","Talal Al Eidan","Abdulaziz Louis — Alaqtna official recording","https://www.youtube.com/watch?v=1PeI29TeTh8","Artist's official recording indexed description inspected 2026-10-08; Alaqtna 2016, lyricist Mishari Ibrahim, arranger Talal Al Eidan. Corroborated by the artist's original Al Rai interview article 691053.","2026-10-08"
"kuwaiti_music_v2_147","hard600","song:wayedwayed:lyricist",,"من كتب كلمات أغنية «وايد وايد» لمصطفى أحمد؟","Who wrote the lyrics of Mustafa Ahmed's Wayed Wayed?","خليفة العبدالله","Khalifa Al Abdullah","Al Jarida — Mustafa Ahmed's first-person recollections, part 1","https://www.aljarida.com/articles/1526908089212141000/amp","Interview inspected 2026-10-08: Wayed Wayed performed by Mustafa Ahmed, recorded Cairo 1965, lyrics Khalifa Al Abdullah; Rukn Al Huwat audition; Leish Tensa Al Ayyam recorded Kuwait Radio 1963, written and composed by AbdulRahman Al Bu'ayjan.","2026-10-08"
"kuwaiti_music_v2_148","hard600","song:leishta:writercomposer",,"من كتب ولحّن أغنية مصطفى أحمد الأولى «ليش تنسى الأيام» المسجّلة لإذاعة الكويت عام 1963؟","Who wrote and composed Mustafa Ahmed's first song, Leish Tensa Al Ayyam, recorded for Kuwait Radio in 1963?","عبدالرحمن البعيجان","AbdulRahman Al Bu'ayjan","Al Jarida — Mustafa Ahmed's first-person recollections, part 1","https://www.aljarida.com/articles/1526908089212141000/amp","Interview inspected 2026-10-08: Wayed Wayed performed by Mustafa Ahmed, recorded Cairo 1965, lyrics Khalifa Al Abdullah; Rukn Al Huwat audition; Leish Tensa Al Ayyam recorded Kuwait Radio 1963, written and composed by AbdulRahman Al Bu'ayjan.","2026-10-08"
"kuwaiti_music_v2_149","hard600","song:halaftomri:lyricist",,"من كتب كلمات «حلفت عمري» لحسين جاسم؟","Who wrote the lyrics of Hussein Jassim's Halaft Omri?","ماجد سلطان","Majed Sultan","Al Anba — Halaft Omri credits","https://www.alanba.com.kw/ar/variety-news/poetry-poems/513277/15-11-2014-%D8%AD%D9%84%D9%81%D8%AA-%D8%B9%D9%85%D8%B1%D9%8A/","Inspected 2026-10-08: performer Hussein Jassim, composer Yousef Al Muhanna, lyricist Majed Sultan. Corroborated by NCCAL's indexed Al Qurain 22 Yousef Al Muhanna booklet; direct PDF retrieval returned 403, so the accessible newspaper is the recorded source.","2026-10-08"
"kuwaiti_music_v2_150","hard600","song:mahabatalqalb:composer",,"من لحّن «محبة القلب» لمصطفى أحمد، من كلمات علي الشرقاوي؟","Who composed Mustafa Ahmed's Mahabbat Al Qalb, with lyrics by Ali Al Sharqawi?","خالد الشيخ","Khalid Al Sheikh","Al Jarida — Mustafa Ahmed's first-person recollections, part 2","https://www.aljarida.com/articles/1526993083507128400","Artist interview inspected 2026-10-08: Mahabbat Al Qalb music Khalid Al Sheikh/words Ali Al Sharqawi; Sara Layli music Siraj Omar; Omar Al Ward composed by Mohammed Al Mougi with lyrics by Mubarak Al Hudaibi.","2026-10-08"
"kuwaiti_music_v2_151","hard600","song:saralayli:composer",,"من لحّن أغنية «سرى ليلي» لمصطفى أحمد؟","Who composed Mustafa Ahmed's Sara Layli?","سراج عمر","Siraj Omar","Al Jarida — Mustafa Ahmed's first-person recollections, part 2","https://www.aljarida.com/articles/1526993083507128400","Artist interview inspected 2026-10-08: Mahabbat Al Qalb music Khalid Al Sheikh/words Ali Al Sharqawi; Sara Layli music Siraj Omar; Omar Al Ward composed by Mohammed Al Mougi with lyrics by Mubarak Al Hudaibi.","2026-10-08"
"kuwaiti_music_v2_152","hard600","song:omaralward:lyricist",,"من الشاعر الذي كتب أغنية «عمر الورد» لمصطفى أحمد؟","Which poet wrote Omar Al Ward for Mustafa Ahmed?","مبارك الحديبي","Mubarak Al Hudaibi","Al Jarida — Mustafa Ahmed's first-person recollections, part 2","https://www.aljarida.com/articles/1526993083507128400","Artist interview inspected 2026-10-08: Mahabbat Al Qalb music Khalid Al Sheikh/words Ali Al Sharqawi; Sara Layli music Siraj Omar; Omar Al Ward composed by Mohammed Al Mougi with lyrics by Mubarak Al Hudaibi.","2026-10-08"
"kuwaiti_music_v2_153","hard600","song:etmaen:lyricist",,"من كتب كلمات أغنية «اطمئن» لحمود ناصر؟","Who wrote the lyrics of Hammoud Naser's Etmaen?","علي المعتوق","Ali Al Matouq","Al Nazaer Media Group — official Etmaen video credits","https://www.youtube.com/watch?v=CiERV8nYNXo","Publisher description inspected 2026-10-08: Hammoud Naser, Etmaen; director Nawaf Al Shammari, words Ali Al Matouq, music Ammar Al Bunni.","2026-10-08"
"kuwaiti_music_v2_154","hard600","song:etmaen:videodirector",,"من أخرج فيديو كليب «اطمئن» لحمود ناصر، بحسب بيانات شركة النظائر؟","Who directed Hammoud Naser's Etmaen music video, according to Al Nazaer's credits?","نواف الشمري","Nawaf Al Shammari","Al Nazaer Media Group — official Etmaen video credits","https://www.youtube.com/watch?v=CiERV8nYNXo","Publisher description inspected 2026-10-08: Hammoud Naser, Etmaen; director Nawaf Al Shammari, words Ali Al Matouq, music Ammar Al Bunni.","2026-10-08"
"kuwaiti_music_v2_155","hard600","song:yailahalkawn:composer",,"من لحّن ابتهال حسين جاسم «يا إله الكون»؟","Who composed Hussein Jassim's invocation Ya Ilah Al Kawn?","عبدالرؤوف إسماعيل","Abdul Raouf Ismail","Al Jarida — Hussein Jassim's repertoire and collaborations","https://www.aljarida.com/articles/1528287371974323100/","Inspected 2026-10-08: Hikayat Bahar also called Ehna Wal Ayyam, lyrics Khaled Al Ayaf; Ya Ilah Al Kawn composed by Abdul Raouf Ismail; Ya Muairis lyrics Mubarak Al Hudaibi; Alik Saeed introduced Dazza rhythm; Hussein taught music.","2026-10-08"
"kuwaiti_music_v2_156","hard600","song:hikayatbahar:lyricist",,"من كتب كلمات «حكاية بحار» لحسين جاسم؟","Who wrote the lyrics of Hussein Jassim's Hikayat Bahar?","خالد العياف","Khaled Al Ayaf","Al Jarida — Hussein Jassim's repertoire and collaborations","https://www.aljarida.com/articles/1528287371974323100/","Inspected 2026-10-08: Hikayat Bahar also called Ehna Wal Ayyam, lyrics Khaled Al Ayaf; Ya Ilah Al Kawn composed by Abdul Raouf Ismail; Ya Muairis lyrics Mubarak Al Hudaibi; Alik Saeed introduced Dazza rhythm; Hussein taught music.","2026-10-08"
"kuwaiti_music_v2_157","hard600","song:yamuairis:lyricist",,"من كتب كلمات أغنية حسين جاسم «يا معيريس»؟","Who wrote the lyrics of Hussein Jassim's Ya Muairis?","مبارك الحديبي","Mubarak Al Hudaibi","Al Jarida — Hussein Jassim's repertoire and collaborations","https://www.aljarida.com/articles/1528287371974323100/","Inspected 2026-10-08: Hikayat Bahar also called Ehna Wal Ayyam, lyrics Khaled Al Ayaf; Ya Ilah Al Kawn composed by Abdul Raouf Ismail; Ya Muairis lyrics Mubarak Al Hudaibi; Alik Saeed introduced Dazza rhythm; Hussein taught music.","2026-10-08"
"kuwaiti_music_v2_158","hard600","song:aliksaeed:rhythm",,"أي إيقاع تراثي قدّمه غنام الديكان في أغنية حسين جاسم «عليك سعيد»؟","Which traditional rhythm did Ghannam Al Deikan introduce in Hussein Jassim's Alik Saeed?","الدزة","Dazza","Al Jarida — Hussein Jassim's repertoire and collaborations","https://www.aljarida.com/articles/1528287371974323100/","Inspected 2026-10-08: Hikayat Bahar also called Ehna Wal Ayyam, lyrics Khaled Al Ayaf; Ya Ilah Al Kawn composed by Abdul Raouf Ismail; Ya Muairis lyrics Mubarak Al Hudaibi; Alik Saeed introduced Dazza rhythm; Hussein taught music.","2026-10-08"
"kuwaiti_music_v2_159","hard600","song:atqarrab:lyricist",,"أي ممثل كتب كلمات أغنية محمد البلوشي «أتقرب»؟","Which actor wrote the lyrics of Mohammed Al Balushi's Atqarrab?","عبدالإمام عبدالله","Abdul Imam Abdullah","Al Rai — Mohammed Al Balushi's musical career","https://www.alraimedia.com/print-article?articleId=518067","Inspected 2026-10-08: Ala Al Dunya Al Salam theme performed by Al Balushi, music Anwar Abdullah; Atqarrab words Abdul Imam Abdullah; Ya Bidayatna music Mohammed Al Rowaished; Mako Ella Ent music Ghannam Al Deikan. Displayed 1970 timestamp is unreliable and is not used.","2026-10-08"
"kuwaiti_music_v2_160","hard600","song:yabidayatna:composer",,"من لحّن أغنية محمد البلوشي «يا بدايتنا»؟","Who composed Mohammed Al Balushi's Ya Bidayatna?","محمد الرويشد","Mohammed Al Rowaished","Al Rai — Mohammed Al Balushi's musical career","https://www.alraimedia.com/print-article?articleId=518067","Inspected 2026-10-08: Ala Al Dunya Al Salam theme performed by Al Balushi, music Anwar Abdullah; Atqarrab words Abdul Imam Abdullah; Ya Bidayatna music Mohammed Al Rowaished; Mako Ella Ent music Ghannam Al Deikan. Displayed 1970 timestamp is unreliable and is not used.","2026-10-08"
"kuwaiti_music_v2_161","hard600","theme:alaldunyaalsalam:composer",,"من لحّن شارة مسلسل «على الدنيا السلام» التي غنّاها محمد البلوشي؟","Who composed the Ala Al Dunya Al Salam theme sung by Mohammed Al Balushi?","أنور عبدالله","Anwar Abdullah","Al Rai — Mohammed Al Balushi's musical career","https://www.alraimedia.com/print-article?articleId=518067","Inspected 2026-10-08: Ala Al Dunya Al Salam theme performed by Al Balushi, music Anwar Abdullah; Atqarrab words Abdul Imam Abdullah; Ya Bidayatna music Mohammed Al Rowaished; Mako Ella Ent music Ghannam Al Deikan. Displayed 1970 timestamp is unreliable and is not used.","2026-10-08"
"kuwaiti_music_v2_162","hard600","song:akoumislek:lyricist",,"من كتب كلمات أغنية نوال «أكو مثلك»؟","Who wrote the lyrics of Nawal's Akou Mislek?","بدر بورسلي","Bader Borsli","Rotana — official Akou Mislek release report","https://rotana.net/en/news/%D8%A3%D9%83%D9%88%20%D9%85%D8%AB%D9%84%D9%83%20..%201.5%20%D9%85%D9%84%D9%8A%D9%88%D9%86%20%D9%85%D8%B4%D8%A7%D9%87%D8%AF%D8%A9%20%D8%AD%D8%AA%D9%89%20%D8%A7%D9%84%D9%84%D8%AD%D8%B8%D8%A9","Publisher page inspected 2026-10-08: Nawal performs Akou Mislek, lyrics Bader Borsli, music Meshaal Al Arouj. Changing view totals and marketing claims not used.","2026-10-08"
"kuwaiti_music_v2_163","hard600","song:ajmalbent:arranger",,"من وزّع أغنية «أجمل بنت في الدنيا» لعبدالعزيز الويس؟","Who arranged Abdulaziz Louis's Ajmal Bent Fi Al Dunya?","طلال العيدان","Talal Al Eidan","Al Rai — Abdulaziz Louis's first-person song credits","https://www.alraimedia.com/article/819335/%D9%81%D9%86%D9%88%D9%86/%D8%B9%D8%A8%D8%AF%D8%A7%D9%84%D8%B9%D8%B2%D9%8A%D8%B2-%D8%A7%D9%84%D9%88%D9%8A%D8%B3-%D9%84-%D8%A7%D9%84%D8%B1%D8%A7%D9%8A--%D9%88%D8%AF%D9%8A-%D8%A8%D8%A7%D9%84%D8%B2%D9%88%D8%A7%D8%AC-%D8%A7%D9%84%D9%8A%D9%88%D9%85-%D9%82%D8%A8%D9%84-%D8%A8%D8%A7%D8%AC%D8%B1","Artist interview inspected 2026-10-08, line 108: Ajmal Bent Fi Al Dunya sung/composed by Louis, lyrics Athbi Al Dubaiss, arrangement Talal Al Eidan, mix/master Suhaib Al Awadi.","2026-10-08"
"kuwaiti_music_v2_164","hard600","song:ajmalbent:mixmaster",,"من تولّى المكس والماستر لأغنية «أجمل بنت في الدنيا» لعبدالعزيز الويس؟","Who handled mixing and mastering for Abdulaziz Louis's Ajmal Bent Fi Al Dunya?","صهيب العوضي","Suhaib Al Awadi","Al Rai — Abdulaziz Louis's first-person song credits","https://www.alraimedia.com/article/819335/%D9%81%D9%86%D9%88%D9%86/%D8%B9%D8%A8%D8%AF%D8%A7%D9%84%D8%B9%D8%B2%D9%8A%D8%B2-%D8%A7%D9%84%D9%88%D9%8A%D8%B3-%D9%84-%D8%A7%D9%84%D8%B1%D8%A7%D9%8A--%D9%88%D8%AF%D9%8A-%D8%A8%D8%A7%D9%84%D8%B2%D9%88%D8%A7%D8%AC-%D8%A7%D9%84%D9%8A%D9%88%D9%85-%D9%82%D8%A8%D9%84-%D8%A8%D8%A7%D8%AC%D8%B1","Artist interview inspected 2026-10-08, line 108: Ajmal Bent Fi Al Dunya sung/composed by Louis, lyrics Athbi Al Dubaiss, arrangement Talal Al Eidan, mix/master Suhaib Al Awadi.","2026-10-08"
"kuwaiti_music_v2_165","hard600","bashar:eshlonbasber:director",,"من أخرج فيديو كليب «اشلون بصبر» لبشار الشطي؟","Who directed Bashar Al Shatti's Eshlon Basber music video?","هادي الباجوري","Hadi Al Bagouri","Billboard Arabia — Bashar Al Shatti career profile","https://www.billboardarabia.com/%D9%85%D9%88%D8%B3%D9%8A%D9%82%D9%89/%D8%AE%D9%84%D9%8A%D8%AC%D9%8A/%D8%A8%D8%B4%D8%A7%D8%B1-%D8%A7%D9%84%D8%B4%D8%B7%D9%8A-%D8%A7%D9%84%D9%81%D9%86%D8%A7%D9%86-%D9%85%D8%AA%D8%B9%D8%AF%D8%AF-%D8%A7%D9%84%D8%A3%D8%AF%D9%88%D8%A7%D8%B1-%D8%AF%D9%88%D9%85%D8%A7-%D8%A3%D9%82%D9%88%D9%89-%D9%85%D9%86-%D9%82%D8%A8%D9%84-3729","Music publication inspected 2026-10-08: first-season Star Academy participant; second album Tani Marrah; Khalik Fahem Egyptian dialect; Eshlon Basber video directed by Hadi Al Bagouri; 2017 duet Ya Al Watan Ya Al Zibriqan with Ahlam. Conflicting album dates not used.","2026-10-08"
"kuwaiti_music_v2_166","hard600","song:yatir:director",,"من أخرج فيديو كليب «يا طير» لبشار الشطي؟","Who directed Bashar Al Shatti's Ya Tir music video?","رضا محمد","Reda Mohammed","Al Rai — Bashar Al Shatti's Ya Tir interview","https://www.alraimedia.com/article/1621412/%D9%81%D9%86%D9%88%D9%86/%D8%A8%D8%B4%D8%A7%D8%B1-%D8%A7%D9%84%D8%B4%D8%B7%D9%8A-%D9%84-%D8%A7%D9%84%D8%B1%D8%A7%D9%8A-%D9%8A%D8%A7-%D8%B7%D9%8A%D8%B1-%D8%B7%D8%A7%D8%A8%D8%B9%D9%87%D8%A7-%D9%85%D9%81%D9%82%D9%88%D8%AF-%D9%88%D9%85%D9%88%D8%A7%D9%83%D8%A8%D8%A9-%D9%84%D9%84%D8%B9%D8%B5%D8%B1-%D8%A7%D9%84%D8%AD%D8%A7%D9%84%D9%8A","Artist interview inspected 2026-10-08: Ya Tir written/composed/performed by Bashar, rapper Daffy appears, video director Reda Mohammed. Proposed album track counts not treated as released facts.","2026-10-08"
"kuwaiti_music_v2_167","hard600","song:weshjabni:lyricist",,"من كتب كلمات «وش جابني» لفطومة؟","Who wrote the lyrics of Fattouma's Wesh Jabni?","هشام الشروقي","Hisham Al Shurooqi","SoloFM — official Wesh Jabni recording and credits","https://www.youtube.com/watch?v=jZjwfT0UTvI","Verified publisher description inspected 2026-10-08: Fattouma, Wesh Jabni, 2018; lyrics Hisham Al Shurooqi, music Bader Al Thawadi, oud Jassim Jawad. No lyrics reproduced.","2026-10-08"
"kuwaiti_music_v2_168","hard600","song:weshjabni:oudplayer",,"من عزف العود في تسجيل فطومة «وش جابني» عام 2018؟","Who played the oud on Fattouma's 2018 recording Wesh Jabni?","جاسم جواد","Jassim Jawad","SoloFM — official Wesh Jabni recording and credits","https://www.youtube.com/watch?v=jZjwfT0UTvI","Verified publisher description inspected 2026-10-08: Fattouma, Wesh Jabni, 2018; lyrics Hisham Al Shurooqi, music Bader Al Thawadi, oud Jassim Jawad. No lyrics reproduced.","2026-10-08"
"kuwaiti_music_v2_169","hard600","song:ghamza:lyricist",,"من كتب كلمات «غمزة» لإبراهيم دشتي؟","Who wrote the lyrics of Ibrahim Dashti's Ghamza?","مشرف العتابي","Mushrif Al Attabi","Ibrahim Dashti — official Ghamza recording","https://www.youtube.com/watch?v=Wyl-p4J-gKU","Official Artist Channel description inspected 2026-10-08: 2017 Ghamza, singer Ibrahim Dashti; lyrics Mushrif Al Attabi; music, arrangement and mastering Hussam Kamil. No lyrics reproduced.","2026-10-08"
"kuwaiti_music_v2_170","hard600","aishatribute:conductor",,"من قاد وأعاد توزيع أغاني عايشة المرطة في حفل مركز جابر الثقافي «من غير ميكروفون» المخصص لها؟","Who conducted and rearranged Aisha Al Marta's songs for Jaber Cultural Centre's Without a Microphone tribute to her?","الدكتور خالد نوري","Dr Khaled Nouri","Sheikh Jaber Al Ahmed Cultural Centre — Without a Microphone, Aisha Al Marta","https://tickets.jacc-kw.com/event/info/without-a-microphone---aisha-al-marta/349","Official programme inspected 2026-10-08: Queen of Samri Aisha Al Marta, acoustic presentation without microphones, rearranged and conducted by Dr Khaled Nouri.","2026-10-08"
"kuwaiti_music_v2_171","hard600","humood:kunanta:indonesiantitle",,"ما عنوان النسخة الإندونيسية التي سجّلها حمود الخضر من «كن أنت»؟","What is the title of Humood AlKhudher's Indonesian version of Kun Anta?","Jadi Diri Sendiri «كن نفسك»","Jadi Diri Sendiri","Awakening Records — official Humood Alkhudher biography","https://www.awakening.org/artist/humoodalkhudher/","Artist label biography inspected 2026-10-08: signed January 2015, Aseer Ahsan; early Ummi Filisteen duet with Mishari Al Aradah; Indonesian Kun Anta version titled Jadi Diri Sendiri. Dynamic view and chart totals excluded.","2026-10-08"
"kuwaiti_music_v2_172","hard600","song:haanatha:arranger",,"أي موسيقي تركي وزّع أغنية حمود الخضر «هأنذا»؟","Which Turkish musician arranged Humood AlKhudher's Ha Anatha?","مصطفى جيجيلي","Mustafa Ceceli","Awakening Music — official Ha Anatha video credits","https://www.youtube.com/watch?v=YSS9CcUdAcM","Publisher description inspected 2026-10-08: Humood AlKhudher performs Ha Anatha, words/music Saif Fadhel, arrangement Mustafa Ceceli. No lyrics reproduced.","2026-10-08"
"kuwaiti_music_v2_173","hard600","song:jaattagul:writercomposer",,"من كتب ولحّن «جاءت تقول» لعبدالعزيز الضويحي؟","Who wrote and composed Abdulaziz Al Duwaihi's Jaat Taqul?","عدنان بشارة","Adnan Bishara","Al Jarida — Abdulaziz Al Duwaihi's 2008 Hap release","https://www.aljarida.com/articles/1461741800939686100/amp","Release report inspected 2026-10-08: Hataytak Brasi written/composed by Bashar Al Shatti; Jaat Taqul written/composed by Adnan Bishara; Lesh Ya Qalbi video directed by Charbel Youssef.","2026-10-08"
"kuwaiti_music_v2_174","hard600","song:leshyaqalbi:videodirector",,"من أخرج كليب عبدالعزيز الضويحي «ليش يا قلبي»؟","Who directed Abdulaziz Al Duwaihi's Lesh Ya Qalbi music video?","شربل يوسف","Charbel Youssef","Al Jarida — Abdulaziz Al Duwaihi's 2008 Hap release","https://www.aljarida.com/articles/1461741800939686100/amp","Release report inspected 2026-10-08: Hataytak Brasi written/composed by Bashar Al Shatti; Jaat Taqul written/composed by Adnan Bishara; Lesh Ya Qalbi video directed by Charbel Youssef.","2026-10-08"
"kuwaiti_music_v2_175","hard600","song:fighiyabi:composer",,"من لحّن أغنية إبراهيم دشتي «في غيابي»؟","Who composed Ibrahim Dashti's Fi Ghiyabi?","عبدالله القعود","Abdullah Al Quoud","Al Jarida — Ibrahim Dashti's repertoire","https://www.aljarida.com/articles/1517153880174064700/","Inspected 2026-10-08: Faqedha album includes Taf/Mushtaqin; Sual Saghir music Fahad Al Nasser; Fi Ghiyabi music Abdullah Al Quoud. No lyrics reproduced.","2026-10-08"
"kuwaiti_music_v2_176","hard600","song:mafiahad:videodirector",,"من أخرج كليب حمد القطان «مافي أحد» الصادر عام 2016؟","Who directed Hamad Al Qattan's 2016 Mafi Ahad music video?","عبدالله العراك","Abdullah Al Arrak","Hamad Al Qattan — official Mafi Ahad video","https://www.youtube.com/watch?v=BR45DNOdAR8","Official Artist Channel description inspected 2026-10-08: Hamad Al Qattan singer/composer, director Abdullah Al Arrak, 2016. No lyrics reproduced.","2026-10-08"
"kuwaiti_music_v2_177","hard600","sulaimanmulla:earlycomposition:singer",,"لأي مطرب لحّن سليمان الملا «كشفوا سر الهوى» في بداية مشواره التلحيني؟","For which singer did Sulaiman Al Mulla compose Kashafu Sir Al Hawa early in his composing career?","فهد الماص","Fahad Al Maas","Sheikh Jaber Al Ahmed Cultural Centre — Works of Sulaiman Al Mulla","https://tickets.jacc-kw.com/event/info/works-of-sulaiman-al-mulla/303","Official programme inspected 2026-10-08: early oud/violin accompanist; Kashafu Sir Al Hawa composed for Fahad Al Maas; own vocals Ya Nab Al Wafa; Watan Al Nahar recorded/released after Kuwait's liberation in 1991.","2026-10-08"
"kuwaiti_music_v2_178","hard600","qassar:bedouinform:adaptation",,"ما لون الغناء البدوي الذي حوّله سليمان القصار إلى أغاني دزة؟","Which Bedouin singing style did Sulaiman Al Qassar adapt into Dazza songs?","البداوي","Baddawi","Sheikh Jaber Al Ahmed Cultural Centre — Kuwait's Wedding","https://tickets.jacc-kw.com/event/info/songs-of-kuwaiti-weddings/488","Official programme inspected 2026-10-08: Sulaiman Al Qassar's wedding repertoire, Dazza inspiration from Bahrain, adaptation of Baddawi into Dazza songs.","2026-10-08"
"kuwaiti_music_v2_179","hard600","song:mistajela:lyricist",,"من كتب كلمات «مستعجلة» لمساعد البلوشي؟","Who wrote the lyrics of Mesaed Al Baloushy's Mistajela?","سعود الفليح","Saud Al Fulaih","Rotana — official Mesaed Al Baloushy Mistajela credits","https://www.youtube.com/watch?v=1WmduDA0T9I","Verified label description inspected 2026-10-08: 2022 Mistajela by Mesaed Al Baloushy, words Saud Al Fulaih, music Nawaf Abdullah. No lyrics reproduced.","2026-10-08"
"kuwaiti_music_v2_180","hard600","song:mushkila:writercomposer",,"من كتب ولحّن أغنية فرقة ميامي «مشكلة» الصادرة عام 2017؟","Who wrote and composed Miami Band's 2017 song Mushkila?","عبدالله سالم","Abdullah Salem","Al Jarida — Miami Band leader's Mushkila interview","https://www.aljarida.com/articles/1503420596116291700","First-person band interview inspected 2026-10-08: Mushkila words/music Abdullah Salem; first album Sabouha 1991; Khaled Al Randi keyboard, Layli Layli conga.","2026-10-08"
"kuwaiti_music_v2_181","hard600","miami:laylilayli:instrument",,"ما آلة الإيقاع التي يعزف عليها ليلي ليلي في فرقة ميامي؟","Which percussion instrument does Layli Layli play in Miami Band?","الكونغا","Conga","Al Jarida — Miami Band leader's Mushkila interview","https://www.aljarida.com/articles/1503420596116291700","First-person band interview inspected 2026-10-08: Mushkila words/music Abdullah Salem; first album Sabouha 1991; Khaled Al Randi keyboard, Layli Layli conga.","2026-10-08"
"kuwaiti_music_v2_182","hard600","song:yaghali:lyricist",,"أي عضوة في جيتارا كتبت كلمات «يا غالي»؟","Which female member of Guitara wrote the lyrics of Ya Ghali?","ريناد","Renad","Billboard Arabia — Guitara's Qissati retrospective","https://www.billboardarabia.com/%D9%85%D9%88%D8%B3%D9%8A%D9%82%D9%89/%D8%AE%D9%84%D9%8A%D8%AC%D9%8A/%D8%A7%D9%84%D9%85%D8%B1%D8%A7%D8%AC%D8%B9%D8%A9-%D8%A7%D9%84%D9%83%D9%84%D8%A7%D8%B3%D9%8A%D9%83%D9%8A%D8%A9-%D8%A3%D9%84%D8%A8%D9%88%D9%85-%D9%82%D8%B5%D8%AA%D9%8A-%D9%84-%D9%81%D8%B1%D9%82%D8%A9-%D8%AC%D9%8A%D8%AA%D8%A7%D8%B1%D8%A7-2419","Music retrospective inspected 2026-10-08: founding sisters Rahaf/Renad; Ya Ghali music Rahaf/words Renad, originally titled Aseer Ahzani before arrangement changes. Conflicting original release dates excluded.","2026-10-08"
"kuwaiti_music_v2_183","hard600","song:yaghali:earliertitle",,"ما العنوان الذي حملته «يا غالي» لفرقة جيتارا في بداياتها قبل تغيير توزيعها؟","What early title did Guitara's Ya Ghali have before its arrangement was changed?","أسير أحزاني","Aseer Ahzani","Billboard Arabia — Guitara's Qissati retrospective","https://www.billboardarabia.com/%D9%85%D9%88%D8%B3%D9%8A%D9%82%D9%89/%D8%AE%D9%84%D9%8A%D8%AC%D9%8A/%D8%A7%D9%84%D9%85%D8%B1%D8%A7%D8%AC%D8%B9%D8%A9-%D8%A7%D9%84%D9%83%D9%84%D8%A7%D8%B3%D9%8A%D9%83%D9%8A%D8%A9-%D8%A3%D9%84%D8%A8%D9%88%D9%85-%D9%82%D8%B5%D8%AA%D9%8A-%D9%84-%D9%81%D8%B1%D9%82%D8%A9-%D8%AC%D9%8A%D8%AA%D8%A7%D8%B1%D8%A7-2419","Music retrospective inspected 2026-10-08: founding sisters Rahaf/Renad; Ya Ghali music Rahaf/words Renad, originally titled Aseer Ahzani before arrangement changes. Conflicting original release dates excluded.","2026-10-08"
"kuwaiti_music_v2_184","hard600","song:mayeshbehak:lyricist",,"من كتبت كلمات «ما يشبهك» لنبيل شعيل باسمها الأدبي «العالية»؟","Who wrote Nabeel Shuail's Ma Yeshbehak under the pen name Al Alia?","شموخ العقلا","Shumoukh Al Aqla","Rotana — official Ma Yeshbehak credits","https://www.rotana.net/ar/news-details/7972/%D9%86%D8%A8%D9%8A%D9%84-%D8%B4%D8%B9%D9%8A%D9%84-%D9%8A%D8%AD%D9%82%D9%82-%D8%A7%D9%84%D9%85%D9%84%D9%8A%D9%88%D9%86-%D9%85%D8%B4%D8%A7%D9%87%D8%AF%D8%A9-%D8%A8%D8%A3%D8%BA%D9%86%D9%8A%D8%A9-%D9%85%D8%A7-%D9%8A%D8%B4%D8%A8%D9%87%D9%83","Publisher report inspected 2026-10-08: singer Nabeel Shuail, words Shumoukh Al Aqla (Al Alia), music Yasser Bu Ali. Changing view count excluded.","2026-10-08"
"kuwaiti_music_v2_185","hard600","song:maqeltlak:lyricist",,"من كتب كلمات «ما قلت لك» لعبدالله الرويشد؟","Who wrote the lyrics of Abdullah Al Rowaished's Ma Qelt Lak?","مشعل دهيم","Meshaal Duhaim","Rotana — official Ma Qelt Lak video report","https://rotana.net/ar/news-details/6605/%D8%B1%D9%88%D8%AA%D8%A7%D9%86%D8%A7-%D8%AA%D9%83%D8%B4%D9%81-%D9%83%D9%88%D8%A7%D9%84%D9%8A%D8%B3-%D8%AA%D8%B5%D9%88%D9%8A%D8%B1-%D9%83%D9%84%D9%8A%D8%A8-%D8%B9%D8%A8%D8%AF-%D8%A7%D9%84%D9%84%D9%87-%D8%A7%D9%84%D8%B1%D9%88%D9%8A%D8%B4%D8%AF-%D9%84%D8%A7%D8%BA%D9%86%D9%8A%D8%A9-%D9%85%D8%A7-%D9%82%D9%84%D8%AA-%D9%84%D9%83","Publisher report inspected 2026-10-08: Abdullah Al Rowaished, words Meshaal Duhaim, music Nasser Al Saleh, director Ahmed Al Doghachi. No lyrics reproduced.","2026-10-08"
"kuwaiti_music_v2_186","hard600","song:maqeltlak:videodirector",,"من أخرج كليب عبدالله الرويشد «ما قلت لك»؟","Who directed Abdullah Al Rowaished's Ma Qelt Lak music video?","أحمد الدوغجي","Ahmed Al Doghachi","Rotana — official Ma Qelt Lak video report","https://rotana.net/ar/news-details/6605/%D8%B1%D9%88%D8%AA%D8%A7%D9%86%D8%A7-%D8%AA%D9%83%D8%B4%D9%81-%D9%83%D9%88%D8%A7%D9%84%D9%8A%D8%B3-%D8%AA%D8%B5%D9%88%D9%8A%D8%B1-%D9%83%D9%84%D9%8A%D8%A8-%D8%B9%D8%A8%D8%AF-%D8%A7%D9%84%D9%84%D9%87-%D8%A7%D9%84%D8%B1%D9%88%D9%8A%D8%B4%D8%AF-%D9%84%D8%A7%D8%BA%D9%86%D9%8A%D8%A9-%D9%85%D8%A7-%D9%82%D9%84%D8%AA-%D9%84%D9%83","Publisher report inspected 2026-10-08: Abdullah Al Rowaished, words Meshaal Duhaim, music Nasser Al Saleh, director Ahmed Al Doghachi. No lyrics reproduced.","2026-10-08"
"kuwaiti_music_v2_187","hard600","song:mughroura:lyricist",,"من كتب كلمات «مغرورة» لمرام؟","Who wrote the lyrics of Maram's Mughroura?","خالد البذال","Khaled Al Bathal","Al Jazirah — Maram's Mughroura release credits","https://www.al-jazirah.com/2000/20000507/at6.htm","Contemporary release report inspected 2026-10-08: Maram Mughroura, music Sulaiman Al Mulla/lyrics Khaled Al Bathal; Taradaina music Yaqoub Al Khubaizi; Ahallifak Billah Ansa Al Zaal music Fahad Al Nasser/lyrics Nasser Al Shammari.","2026-10-08"
"kuwaiti_music_v2_188","hard600","song:baadah:lyricist",,"من كتب كلمات «بعده» التي اختتمت ألبوم حمود ناصر لعام 2019؟","Who wrote the lyrics of Baadah, the closing track on Hammoud Naser's 2019 album?","محمد الشريدة","Mohammed Al Shuraidah","Al Rai — Hammoud Naser's released 2019 album interview","https://www.alraimedia.com/article/854161/%D9%81%D9%86%D9%88%D9%86/%D8%AD%D9%85%D9%88%D8%AF-%D9%86%D8%A7%D8%B5%D8%B1-%D9%84%D8%A7%D9%84%D8%B1%D8%A7%D9%8A-%D9%85%D8%AA%D9%88%D8%AA%D8%B1-%D8%AC%D8%AF%D8%A7-%D9%88%D9%85%D8%AA%D8%B4%D9%88%D9%82-%D9%84%D8%A3%D8%B5%D8%AF%D8%A7%D8%A1-%D8%A3%D9%84%D8%A8%D9%88%D9%85%D9%8A-%D8%A7%D9%84%D8%AC%D8%AF%D9%8A%D8%AF","Artist interview inspected 2026-10-08: Jathibiya words/music/singer Hammoud Naser; Astaghrib lyrics Saher; Eshrat Omar all writing/composition/production Mishari Al Awadi; Baadah lyrics Mohammed Al Shuraidah.","2026-10-08"
"kuwaiti_music_v2_189","hard600","song:ahallifakbillah:lyricist",,"من كتب كلمات «أحلفك بالله أنسى الزعل» لمرام؟","Who wrote the lyrics of Maram's Ahallifak Billah Ansa Al Zaal?","ناصر الشمري","Nasser Al Shammari","Al Jazirah — Maram's Mughroura release credits","https://www.al-jazirah.com/2000/20000507/at6.htm","Contemporary release report inspected 2026-10-08: Maram Mughroura, music Sulaiman Al Mulla/lyrics Khaled Al Bathal; Taradaina music Yaqoub Al Khubaizi; Ahallifak Billah Ansa Al Zaal music Fahad Al Nasser/lyrics Nasser Al Shammari.","2026-10-08"
"kuwaiti_music_v2_190","hard600","song:fahhmouh:lyricist",,"من كتب كلمات «فهموه» لمطرف المطرف؟","Who wrote the lyrics of Mutrif Al Mutrif's Fahhmouh?","سعد المسلم","Saad Al Musallam","Al Rai — Mutrif Al Mutrif's Fahhmouh interview","https://www.alraimedia.com/article/397706/%D9%81%D9%86%D9%88%D9%86/%D9%85%D8%B7%D8%B1%D9%81-%D8%A7%D9%84%D9%85%D8%B7%D8%B1%D9%81-%D8%A7%D9%86%D8%AA%D8%B8%D8%B1%D8%AA-%D8%B3%D9%86%D9%88%D8%A7%D8%AA--%D9%84%D8%B7%D8%B1%D8%AD-%D9%81%D9%87%D9%85%D9%88%D9%87--","Artist interview inspected 2026-10-08: singer Mutrif Al Mutrif, lyrics Saad Al Musallam, composition Fahad Al Nasser, arrangement Jarrah Al Sayigh.","2026-10-08"
"kuwaiti_music_v2_191","hard600","song:tawaadna:maqams",,"ما المقامان اللذان قال عبدالقادر هدهود إنه مزج بينهما في «تواعدنا»؟","Which two maqams did Abdul Qader Hadhoud say he combined in Tawaadna?","الصبا والنهاوند","Saba and Nahawand","Al Rai — Abdul Qader Hadhoud discusses Tawaadna","https://www.alraimedia.com/article/1751919/%D9%81%D9%86%D9%88%D9%86/%D8%B9%D8%A8%D8%AF%D8%A7%D9%84%D9%82%D8%A7%D8%AF%D8%B1-%D9%87%D8%AF%D9%87%D9%88%D8%AF-%D9%84%D8%A7%D9%84%D8%B1%D8%A7%D9%8A-%D8%AA%D9%88%D8%A7%D8%B9%D8%AF%D9%86%D8%A7-%D8%A8%D9%8A%D9%86-%D8%A7%D9%84%D8%B5%D8%A8%D8%A7-%D9%88%D8%A7%D9%84%D9%86%D9%87%D8%A7%D9%88%D9%86%D8%AF","Artist interview inspected 2026-10-08: released at start of 2026, sung and composed by Hadhoud, lyrics Al Ghaim; he explicitly describes combining Saba and Nahawand.","2026-10-08"
"kuwaiti_music_v2_192","hard600","song:tawaadna:lyricist",,"من صاحب كلمات «تواعدنا» لعبدالقادر هدهود؟","Who wrote the lyrics of Abdul Qader Hadhoud's Tawaadna?","الغيم","Al Ghaim","Al Rai — Abdul Qader Hadhoud discusses Tawaadna","https://www.alraimedia.com/article/1751919/%D9%81%D9%86%D9%88%D9%86/%D8%B9%D8%A8%D8%AF%D8%A7%D9%84%D9%82%D8%A7%D8%AF%D8%B1-%D9%87%D8%AF%D9%87%D9%88%D8%AF-%D9%84%D8%A7%D9%84%D8%B1%D8%A7%D9%8A-%D8%AA%D9%88%D8%A7%D8%B9%D8%AF%D9%86%D8%A7-%D8%A8%D9%8A%D9%86-%D8%A7%D9%84%D8%B5%D8%A8%D8%A7-%D9%88%D8%A7%D9%84%D9%86%D9%87%D8%A7%D9%88%D9%86%D8%AF","Artist interview inspected 2026-10-08: released at start of 2026, sung and composed by Hadhoud, lyrics Al Ghaim; he explicitly describes combining Saba and Nahawand.","2026-10-08"
"kuwaiti_music_v2_193","hard600","song:abshiriyaain:lyricist",,"من كتب كلمات «أبشري يا عين» لعائشة المرطة؟","Who wrote the lyrics of Aisha Al Marta's Abshiri Ya Ain?","يوسف المنيع","Yousef Al Munee'","Al Rai — Kuwaiti women's ensemble concert repertoire","https://www.alraimedia.com/print-article?articleId=777506","Indexed report inspected 2026-10-08: Abshiri Ya Ain originally Aisha Al Marta, lyrics Yousef Al Munee, composition Othman Al Sayed; independently corroborated by Arabic Music Library score catalogue.","2026-10-08"
"kuwaiti_music_v2_194","hard600","song:samihni:lyricist",,"من كتب كلمات «سامحني» لشيماء سليمان؟","Who wrote the lyrics of Shaymaa Sulaiman's Samihni?","سليمان بوبشيت","Sulaiman Bu Shait","Al Rai — Shaymaa discusses Samihni","https://www.alraimedia.com/ampArticle/579945","Artist interview inspected 2026-10-08: released single, lyrics Sulaiman Bu Shait, composition Majed Al Mukhaini, arrangement Zaid Nadeem. Composer's own majidalmukhaini.me/alhan catalogue corroborates credits.","2026-10-08"
"kuwaiti_music_v2_195","hard600","song:alshougjabak:lyricist",,"أي أمير كتب كلمات «الشوق جابك» لنوال؟","Which prince wrote the lyrics of Nawal's Al Shoug Jabak?","الأمير سعود بن عبدالله","Prince Saud bin Abdullah","Nawal — official Khorfakkan 2021 performance credits","https://www.youtube.com/watch?v=UxZu2IyrVug","Official artist description inspected 2026-10-08: Nawal, lyrics Saud bin Abdullah, composition Meshaal Al Arouj. No lyrics reproduced.","2026-10-08"
"kuwaiti_music_v2_196","hard600","song:yanasdillouni:lyricist",,"من الشاعر صاحب كلمات «يا ناس دلوني» التي لحّنها محمود الكويتي؟","Which poet wrote Ya Nas Dillouni, composed by Mahmoud Al Kuwaiti?","فهد بورسلي","Fahad Borsli","Al Riyadh — scholarly review of Fahad Borsli biography","https://www.alriyadh.com/1047705","Review inspected 2026-10-08 cites collected works and lists Ya Nas Dillouni among Fahad Borsli texts composed by Mahmoud Al Kuwaiti. No claim that any rendition was the first recording.","2026-10-08"
"kuwaiti_music_v2_197","hard600","song:anaraddait:lyricist",,"من كتب كلمات «أنا رديت» لعبدالكريم عبدالقادر؟","Who wrote the lyrics of Abdul Karim Abdul Qader's Ana Raddait?","عبداللطيف البناي","Abdul Latif Al Bannai","Al Rai — Kuwaiti classics concert credits","https://www.alraimedia.com/print-article?articleId=1579013","Indexed report inspected 2026-10-08 credits Ana Raddait lyrics Abdul Latif Al Bannai and composition Abdul Rab Idris; contemporary cover singer not treated as original performer.","2026-10-08"
"kuwaiti_music_v2_198","hard600","song:khatelkhatar:lyricist",,"من كتب كلمات «خط الخطر» لشمس؟","Who wrote the lyrics of Shams's Khat El Khatar?","قصي عيسى","Qusay Issa","Al Rai — Shams releases Khat El Khatar","https://www.alraimedia.com/ampArticle/1524974","Release report inspected 2026-10-08: Shams, lyrics Qusay Issa, composition Mahmoud Al Ghaith, arrangement Muhannad Al Ghazi; volatile view counts excluded.","2026-10-08"
"kuwaiti_music_v2_199","hard600","song:zahqanamellait:lyricist",,"من كتب كلمات «زهقانة مليت» لشمس؟","Who wrote the lyrics of Shams's Zahqana Mellait?","عدنان الأمير","Adnan Al Amir","Al Rai — Shams releases Zahqana Mellait","https://www.alraimedia.com/ampArticle/697168","Release report inspected 2026-10-08: singer Shams, lyrics Adnan Al Amir, composition Ali Saber, video director Fadi Haddad; no lyrics reproduced.","2026-10-08"
"kuwaiti_music_v2_200","hard600","song:wenwen:lyricist",,"من كتب كلمات «وين وين» لحمد القطان؟","Who wrote the lyrics of Hamad Al Qattan's Wen Wen?","عبدالله العماني","Abdullah Al Omani","Hamad Al Qattan — Wen Wen official music video","https://www.youtube.com/watch?v=5hB2Li8paMY","Indexed artist video description inspected 2026-10-08: 2017 video, singer Hamad Al Qattan, lyrics Abdullah Al Omani. Direct fetch unavailable; indexed credits used, no lyrics reproduced.","2026-10-08"
"kuwaiti_music_v2_201","hard600","song:alawain:writercomposer",,"من كتب ولحّن «على وين» لخالد المظفر؟","Who wrote and composed Khaled Al Mudhaffar's Ala Wain?","بدر الشعيبي","Bader Al Shuaibi","Billboard Arabia — Khaled Al Mudhaffar music profile","https://www.billboardarabia.com/%D9%85%D9%88%D8%B3%D9%8A%D9%82%D9%89/%D8%AE%D9%84%D9%8A%D8%AC%D9%8A/%D9%8A%D8%A7-%D8%AD%D9%84%D9%88-%D8%A7%D9%84%D8%B5%D9%88%D8%AA-%D8%AE%D8%A7%D9%84%D8%AF-%D8%A7%D9%84%D9%85%D8%B8%D9%81%D8%B1-%D9%88%D9%85%D8%B3%D9%8A%D8%B1%D8%A9-%D8%AA%D9%88%D8%A7%D8%B2%D9%8A-%D8%A8%D9%8A%D9%86-%D8%A7%D9%84%D8%BA%D9%86%D8%A7%D8%A1-%D9%88%D8%A7%D9%84%D8%AA%D9%85%D8%AB%D9%8A%D9%84-1466","Profile inspected 2026-10-08 explicitly credits Ala Wain words and music to Bader Al Shuaibi.","2026-10-08"
"kuwaiti_music_v2_202","hard600","song:masmouh:lyricist",,"من كتب كلمات «مسموح» لغريد الشاطئ؟","Who wrote the lyrics of Ghareed Al Shati's Masmouh?","بدر بورسلي","Bader Borsli","Al Jarida — music education orchestra repertoire","https://www.aljarida.com/articles/1462224849936895000","Concert report inspected 2026-10-08 explicitly credits classic Ghareed Al Shati Masmouh to words Bader Borsli and music Ghannam Al Deikan.","2026-10-08"
"kuwaiti_music_v2_203","hard600","maritime:sankani:windinstrument",,"ما آلة النفخ التي تدخل في فن «السنكني» الكويتي، بحسب شرح كونا للفنون البحرية؟","Which wind instrument is used in Kuwaiti Sankani music, according to KUNA's maritime-arts account?","الصرناي، أو المزمار","The surnai, or mizmar","Kuwait News Agency — Gulf nahma traditions","https://www.kuna.net.kw/ArticlePrintPage.aspx?id=2610572","KUNA specialist explanation indexed and inspected 2026-10-08: naham is ship's singer; khatfa accompanies raising sail; Kuwaiti Sankani includes surnai/mizmar. Distinct performer, work-song function and instrumental-genre facts.","2026-10-08"
"kuwaiti_music_v2_204","hard600","song:dandinmai:arranger",,"أي مطرب شارك كموزّع موسيقي في «دندن معي» لحمود الخضر؟","Which singer served as musical arranger for Humood Al Khudher's Dandin Ma'i?","ماهر زين","Maher Zain","Samaa Network — Dandin Ma'i release credits","https://play.samaanetwork.net/17133/","Music broadcaster release listing inspected 2026-10-08: words/music Saif Fadhel, arrangement Maher Zain, director Hasan Kuyucu. No lyrics reproduced.","2026-10-08"
