"id","difficulty","factKey","topic","questionAr","questionEn","answerAr","answerEn","sourceName","sourceUrl","evidence","lastVerified"
"uae_pro_league_v2_001","easy200","competition:league:commercialname",,"ما الاسم الذي أصبح يُطلق على دوري المحترفين الإماراتي مع بدء شراكة أدنوك؟","What name did the UAE professional league adopt when the ADNOC partnership began?","دوري أدنوك للمحترفين","ADNOC Pro League","UAE Pro League — ADNOC partnership extension","https://uaepl.ae/en/news-and-gallery/adnoc-pro-league-934","ADNOC title partnership began 2021-22, competition renamed ADNOC Pro League. Extension announced 2026; questions use original partnership, not future guarantee.","2026-10-07"
"uae_pro_league_v2_002","easy200","competition:league:organizer",,"ما الجهة التي تنظم دوري أدنوك للمحترفين؟","Which organization runs the ADNOC Pro League?","رابطة المحترفين الإماراتية","The UAE Pro League","UAE Pro League — About Us","https://www.uaeproleague.ae/en/about","Organizer of ADNOC Pro League, ADIB Cup, EMAAR Super Cup and U23 competition; established 2008 as UAE Football League; recognized independent legal person in 2019. No first-division/broadcast-rights assumptions beyond text.","2026-10-07"
"uae_pro_league_v2_003","easy200","competition:leaguecup:commercialname",,"ما الاسم التجاري لكأس الرابطة الإماراتية المرتبط بمصرف إسلامي في أبوظبي؟","What is the UAE League Cup's commercial name associated with an Abu Dhabi Islamic bank?","كأس مصرف أبوظبي الإسلامي","ADIB Cup","UAE Pro League — About Us","https://www.uaeproleague.ae/en/about","Organizer of ADNOC Pro League, ADIB Cup, EMAAR Super Cup and U23 competition; established 2008 as UAE Football League; recognized independent legal person in 2019. No first-division/broadcast-rights assumptions beyond text.","2026-10-07"
"uae_pro_league_v2_004","easy200","identity:ajman:nickname",,"أي نادٍ في دورينا يُعرف بلقب «البرتقالي»؟","Which club in the UAE league is known as the Orange?","عجمان","Ajman","Ajman Sports Club — Official news","https://www.ajmansports.ae/en-gb/news-details/ajman_new10","Official club calls team The Orange; traditional nickname البرتقالي. No arbitrary routine match-score questions.","2026-10-07"
"uae_pro_league_v2_005","easy200","identity:khorfakkan:nickname",,"أي نادٍ في دورينا يُعرف بلقب «النسور»؟","Which club in the UAE league is known as the Eagles?","خورفكان","Khorfakkan","Khorfakkan FC — Official club news","https://khorfakkanfc.ae/news/6","Club explicitly welcomes team as Eagles, corroborating Arabic النسور. Exclude injury duration and current results.","2026-10-07"
"uae_pro_league_v2_006","easy200","identity:jazira:nickname",,"أي نادٍ إماراتي يُعرف بلقب «فخر أبوظبي»؟","Which UAE club is known as the Pride of Abu Dhabi?","الجزيرة","Al Jazira","UAE Pro League — Al Jazira versus Fujairah report","https://www.uaeproleague.ae/en/fixtures/4491d3a4-569e-11eb-90b0-d481d7b85086","Al Jazira called Pride of Abu Dhabi. Match statistics not used as arbitrary numbers.","2026-10-07"
"uae_pro_league_v2_007","easy200","scoring:2024:goldenshoe",,"من مهاجم الوحدة السوري الذي تصدر هدافي دوري أدنوك موسم 2023-2024؟","Which Syrian Al Wahda striker topped the ADNOC Pro League scoring chart in 2023-24?","عمر خريبين","Omar Khribin","UAE Pro League — 2023-24 official awards","https://www.uaeproleague.ae/en/news-and-gallery/the-best-4","Ali Saleh Emirati Golden Ball; Nicolas Gimenez foreign Golden Ball; Rahimi fans choice; Khaled Al-Senaani Golden Glove; Sultan Adill young Emirati Golden Boy; Seko Baba Gassama young resident/born Golden Boy; Omar Khribin league Golden Shoe; Ismail Matar fans goal; Mansoor Saeed U23 Silver Shoe. Distinct award identities; coach award excluded because UAE Football already asks same coach/title campaign.","2026-10-07"
"uae_pro_league_v2_008","easy200","player:elneny:uaeclub",,"مع أي نادٍ إماراتي لعب محمد النني في موسم 2024-2025؟","Which UAE club did Mohamed Elneny play for in the 2024-25 season?","الجزيرة","Al Jazira","UAE Pro League — Al Jazira defeat Al Nasr","https://www.uaeproleague.ae/en/news-and-gallery/al-jazira-ease-past-al-nasr-in-adnoc-pro-league","September 2024 report identifies Mohamed Elneny as newly signed Al Jazira midfielder. Club identity only.","2026-10-07"
"uae_pro_league_v2_009","easy200","player:pjanic:uaeclub",,"أي نادٍ إماراتي لعب له ميراليم بيانيتش بعد تجربته مع برشلونة؟","Which UAE club did Miralem Pjanic play for after his spell with Barcelona?","الشارقة","Sharjah","FC Barcelona — Miralem Pjanic career archive","https://players.fcbarcelona.com/en/player/2772-pjanic-miralem-pjanic","Official archive lists Sharjah 2022-24 after Barcelona and Besiktas loan. UAE destination used once.","2026-10-07"
"uae_pro_league_v2_010","easy200","player:cannavaro:uaeclub",,"أي نادٍ في دبي لعب له المدافع الإيطالي فابيو كانافارو؟","Which Dubai club did Italian defender Fabio Cannavaro play for?","الأهلي","Al Ahli","AFC — Al Ahli sign Lebanese defender","https://www.the-afc.com/en/more/news/al_ahli_rope_in_lebanese_defender.html","Yousuf Mohammad joined Al Ahli from FC Koln to replace Fabio Cannavaro; Jaja from Trabzonspor, Chilean Luis Jimenez and coach Ivan Hasek also identified. Migrated page date excluded.","2026-10-07"
"uae_pro_league_v2_011","easy200","identity:kalba:nickname",,"أي فريق في دوري المحترفين الإماراتي يُعرف بلقب «النمور»؟","Which UAE professional league team is known as the Tigers?","كلباء","Kalba","UAE Pro League — Kalba versus Hatta report","https://www.uaeproleague.ae/ar/fixtures/f50709ae-eb5a-11ea-a2c0-d481d7b85086","Arabic official report calls Kalba النمور and Hatta الإعصار. Club nicknames only.","2026-10-07"
"uae_pro_league_v2_012","easy200","identity:hatta:nickname",,"أي نادٍ إماراتي يُعرف بلقب «الإعصار»؟","Which UAE club is known as the Tornado?","حتا","Hatta","UAE Pro League — Kalba versus Hatta report","https://www.uaeproleague.ae/ar/fixtures/f50709ae-eb5a-11ea-a2c0-d481d7b85086","Arabic official report calls Kalba النمور and Hatta الإعصار. Club nicknames only.","2026-10-07"
"uae_pro_league_v2_013","easy200","identity:emirates:nickname",,"أي نادٍ إماراتي يُعرف بلقب «الصقور»؟","Which UAE club is known as the Falcons?","نادي الإمارات","Emirates Club","UAE Pro League — U21 round report","https://www.uaeproleague.ae/ar/news-and-gallery/u21report9","Official Arabic report calls Emirates Club الصقور. No youth match result used.","2026-10-07"
"uae_pro_league_v2_014","easy200","record:shabab2024:biggestwinclub",,"أي فريق حقق الفوز التاريخي 10-0 على حتا في دوري المحترفين في يونيو 2024؟","Which team recorded the historic 10-0 Pro League win over Hatta in June 2024?","شباب الأهلي","Shabab Al Ahli","UAE Pro League — Record 10-0 victory","https://www.uaeproleague.ae/en/news-and-gallery/shabab-al-ahli-secure-biggest-win-in-adnoc-pro-league-history","Shabab Al Ahli beat Hatta 10-0 on 2 June 2024, biggest professional-league victory at time. Munas Dabbur hat-trick; Harib Suhail and Igor Jesus each twice. Record winner and hat-trick scorer are distinct facts; opponent/score inverse not separately asked.","2026-10-07"
"uae_pro_league_v2_015","easy200","player:seferovic:nationality",,"أي بلد يمثله هاريس سيفيروفيتش، مهاجم الوصل السابق؟","Which country does former Al Wasl striker Haris Seferovic represent?","سويسرا","Switzerland","SL Benfica — Seferovic permanent transfer","https://www.slbenfica.pt/pt-pt/agora/noticias/2023/07/05/futebol-benfica-seferovic-transferencia-definitiva-al-wasl","Benfica confirms permanent transfer of Swiss forward Haris Seferovic to Al Wasl in July 2023. Nationality and transfer origin are distinct facts.","2026-10-07"
"uae_pro_league_v2_016","easy200","player:laba:nationality",,"ما جنسية مهاجم العين لابا كودجو؟","What is the nationality of Al Ain striker Laba Kodjo?","توغولي","Togolese","UAE Pro League — Al Ain title clincher 2022","https://www.uaeproleague.ae/en/news-and-gallery/alain-wins-the-title","Togolese Laba Kodjo scored four in 5-0 title-clinching win over Al Jazira. Nationality and memorable four-goal clincher distinct; winner season identity not repeated.","2026-10-07"
"uae_pro_league_v2_017","easy200","player:gabbiadini:nationality",,"ما جنسية مانولو غابياديني، مهاجم النصر في موسم 2023-2024؟","What is the nationality of Manolo Gabbiadini, Al Nasr's striker in 2023-24?","إيطالي","Italian","UAE Pro League — Al Wasl coronation-night report","https://www.uaeproleague.ae/en/news-and-gallery/al-wasl-clinch-bur-dubai-derby-win-against-al-nasr-on-champions-night","Manolo Gabbiadini identified as Italian Al Nasr forward. Nationality only.","2026-10-07"
"uae_pro_league_v2_018","easy200","player:tadic:nationality",,"أي منتخب مثّله دوشان تاديتش، الذي انضم للوحدة في 2025؟","Which national team did Dusan Tadic, who joined Al Wahda in 2025, represent?","صربيا","Serbia","UAE Pro League — Summer arrivals 2025","https://www.uaeproleague.ae/en/news-and-gallery/adnoc-pro-league-582","Dusan Tadic Serbian playmaker joined Al Wahda from Fenerbahce; Tarik Tissoudali Moroccan forward signed by Khorfakkan from PAOK. Avoid conflicting Adryelson/Hugo previous-club claims versus transfer roundup.","2026-10-07"
"uae_pro_league_v2_019","easy200","player:kaku:fullname",,"ما اسم لاعب العين المعروف بلقب «كاكو»؟","What is the name of the Al Ain player known as Kaku?","أليخاندرو روميرو","Alejandro Romero","UAE Pro League — Al Ain final-round report 2025","https://www.uaeproleague.ae/en/news-and-gallery/al-ain-defeat-al-nasr-2-0-to-cap-off-adnoc-pro-league-season-in-style","Alejandro Romero nicknamed Kaku and identified as Paraguayan midfielder. Nickname identity used once.","2026-10-07"
"uae_pro_league_v2_020","easy200","player:tapia:nationality",,"أي بلد يمثله ريناتو تابيا، الذي انضم للوصل في صيف 2025؟","Which country does Renato Tapia, who joined Al Wasl in summer 2025, represent?","بيرو","Peru","UAE Pro League — Summer 2025-26 transfer roundup","https://www.uaeproleague.ae/en/news-and-gallery/adnoc-pro-league-541","14 league teams. Renato Tapia Peru joined Al Wasl from Leganes; Rami Rabia joined Al Ain from Al Ahly Egypt; Ali Salmeen moved Al Wasl to Kalba. Conflicting Adryelson/Hugo claims excluded.","2026-10-07"
"uae_pro_league_v2_021","easy200","competition:league:clubs2025",,"كم ناديًا شارك في دوري أدنوك للمحترفين موسم 2025-2026؟","How many clubs competed in the 2025-26 ADNOC Pro League?","14 ناديًا","14 clubs","UAE Pro League — Summer 2025-26 transfer roundup","https://www.uaeproleague.ae/en/news-and-gallery/adnoc-pro-league-541","14 league teams. Renato Tapia Peru joined Al Wasl from Leganes; Rami Rabia joined Al Ain from Al Ahly Egypt; Ali Salmeen moved Al Wasl to Kalba. Conflicting Adryelson/Hugo claims excluded.","2026-10-07"
"uae_pro_league_v2_022","easy200","supercup:2016:hostcity",,"ما المدينة المصرية التي استضافت السوبر الإماراتي بين الأهلي والجزيرة في 2016؟","Which Egyptian city hosted the UAE Super Cup between Al Ahli and Al Jazira in 2016?","القاهرة","Cairo","UAE Pro League — Official Super Cup magazine","https://uae-proleague.s3.me-south-1.amazonaws.com/uploads/Extras/magazine/magazine-english.pdf","Indexed official magazine text confirms 2016-17 Super Cup held in Cairo, Al Ahli beat Al Jazira 2-1. PDF full fetch unavailable; question confined to clearly retrieved indexed paragraph.","2026-10-07"
"uae_pro_league_v2_023","easy200","player:fawzibashir:nationalteam",,"أي منتخب خليجي مثّله فوزي بشير، لاعب وسط بني ياس السابق؟","Which Gulf national team did former Bani Yas midfielder Fawzi Bashir represent?","عُمان","Oman","AFC — Bani Yas club profile","https://www.the-afc.com/en/more/news/baniyas_uae_1.html","Omani midfielder Fawzi Bashir; Bani Yas second-division side when winning 1992 President's Cup; reached second place in 2010-11; Jorvan Vieira replaced by Gabriel Calderon. Avoid contradictory headline qualified-third versus body league-second.","2026-10-07"
"uae_pro_league_v2_024","easy200","organization:foreignsupercup:country",,"السوبر التابع لأي دولة عربية تنظمه رابطة المحترفين الإماراتية في أبوظبي بمشاركة الأهلي والزمالك؟","Which Arab country's Super Cup does the UAE Pro League organize in Abu Dhabi with Al Ahly and Zamalek taking part?","مصر","Egypt","UAE Pro League — Egyptian Super Cup event announcement","https://www.uaeproleague.ae/en/news-and-gallery/tickets-on-sale-for-egyptian-super-cup-in-abu-dhabi","UAE Pro League organizes Egyptian Super Cup in Abu Dhabi with national federations and DCT. Only identity of foreign tournament asked; inconsistent weekdays excluded.","2026-10-07"
"uae_pro_league_v2_025","easy200","identity:wahda:nickname",,"أي فريق في دورينا يُعرف بلقب «العنابي»؟","Which team in the UAE league is known as the Maroons?","الوحدة","Al Wahda","UAE Pro League — Al Wahda cup semi-final report","https://www.uaeproleague.ae/ar/news-and-gallery/adib-cup-156","Official Arabic report repeatedly calls Al Wahda العنابي. Nickname identity, not routine score.","2026-10-07"
"uae_pro_league_v2_026","easy200","identity:ain:nickname",,"أي نادٍ في كرة القدم الإماراتية يُلقب بـ«الزعيم»؟","Which UAE football club is nicknamed the Boss?","العين","Al Ain","UAE Pro League — Al Ain league report","https://www.uaeproleague.ae/ar/news-and-gallery/adnoc-pro-league-766","Official report calls Al Ain الزعيم. Nickname only.","2026-10-07"
"uae_pro_league_v2_027","easy200","player:ahmedkhalil:elderbrother",,"من مهاجم الأهلي السابق الذي يُعد الأخ الأكبر لأحمد خليل؟","Which former Al Ahli striker is Ahmed Khalil's elder brother?","فيصل خليل","Faisal Khalil","AFC — Ahmed Khalil profile","https://assets.the-afc.com/migration/w/a/wamq2mdtwzshy1ruw3f8.pdf","Elder brother Faisal played alongside Ahmed Khalil at Al Ahli. Ahmed's first league goal against Al Wahda in May 2007. National-team records already used elsewhere excluded; differing seven/eight youth joining age across profiles excluded.","2026-10-07"
"uae_pro_league_v2_028","easy200","player:soufianerahimi:brother",,"من شقيق سفيان رحيمي الذي لعب معه في العين خلال موسم 2025-2026؟","Which brother of Soufiane Rahimi played alongside him at Al Ain in 2025-26?","الحسين رحيمي","El Houssien Rahimi","UAE Pro League — Rahimi brothers score","https://www.uaeproleague.ae/en/news-and-gallery/adnoc-pro-league-693","El Houssien Rahimi and his brother Soufiane Rahimi both played and scored for Al Ain. Relationship only.","2026-10-07"
"uae_pro_league_v2_029","easy200","player:bresciano:nationalteam",,"أي منتخب مثّله مارك بريشيانو، لاعب النصر السابق؟","Which national team did former Al Nasr player Mark Bresciano represent?","أستراليا","Australia","AFC — Al Nasr league report 2011-12","https://www.the-afc.com/en/club/afc_champions_league/news/al_nasr_up_to_second_in_upl.html","Australian Mark Bresciano played Al Nasr; Walter Zenga coached 2011-12 squad. Inconsistent stadium label excluded.","2026-10-07"
"uae_pro_league_v2_030","easy200","player:dzsudzsak:nationalteam",,"أي منتخب أوروبي قاده بالاش جوجاك، الذي لعب للوحدة؟","Which European national team did Balazs Dzsudzsak, who played for Al Wahda, captain?","المجر","Hungary","AFC — Confirmed Asian transfers August 2016","https://www.the-afc.com/en/west/uae/news/ins__outs_asia%E2%80%99s_latest_confirmed_transfer_news.html","Hungary captain Balazs Dzsudzsak joined Al Wahda from Bursaspor; Moroccan Mbark Boussoufa joined Al Jazira; Bani Yas appointed Uruguayan Pablo Repetto from Libertadores finalists Independiente del Valle. Migrated page date excluded.","2026-10-07"
"uae_pro_league_v2_031","easy200","player:valdivia:nationalteam",,"أي منتخب في أمريكا الجنوبية مثّله خورخي فالديفيا، نجم العين والوحدة السابق؟","Which South American national team did former Al Ain and Al Wahda star Jorge Valdivia represent?","تشيلي","Chile","AFC — Al Ahli return to domestic action","https://www.the-afc.com/en/club/afc_champions_league/news/al_ahli%E2%80%99s_boys_from_brazil_maintain_acl_form_on_domestic_return.html","Jorge Valdivia Chile international formerly Al Ain, later Al Wahda; Everton Ribeiro and Rodrigo Lima Brazilian. Nationality facts only.","2026-10-07"
"uae_pro_league_v2_032","easy200","player:ribeiro:nationality",,"ما جنسية إيفرتون ريبيرو، صانع ألعاب الأهلي السابق؟","What is the nationality of former Al Ahli playmaker Everton Ribeiro?","برازيلي","Brazilian","AFC — Al Ahli return to domestic action","https://www.the-afc.com/en/club/afc_champions_league/news/al_ahli%E2%80%99s_boys_from_brazil_maintain_acl_form_on_domestic_return.html","Jorge Valdivia Chile international formerly Al Ain, later Al Wahda; Everton Ribeiro and Rodrigo Lima Brazilian. Nationality facts only.","2026-10-07"
"uae_pro_league_v2_033","easy200","continental:jazira:firsttwoclubworldcups",,"أي نادٍ أصبح أول فريق إماراتي يشارك في نسختين من كأس العالم للأندية، 2017 و2021؟","Which club became the first UAE team to appear in two Club World Cup editions, 2017 and 2021?","الجزيرة","Al Jazira","UAE Pro League — Al Jazira second Club World Cup appearance","https://www.uaeproleague.ae/en/news-and-gallery/aljaziraworldcup1","First UAE club with two Club World Cup appearances, editions 2017 and 2021; 2021 edition played February 2022; opening opponent AS Pirae from Tahiti.","2026-10-07"
"uae_pro_league_v2_034","easy200","coaching:ain2024:crespo",,"من المدرب الأرجنتيني الذي قاد العين إلى لقب دوري أبطال آسيا عام 2024؟","Which Argentine coach led Al Ain to the AFC Champions League title in 2024?","هيرنان كريسبو","Hernan Crespo","AFC — Al Ain part ways with Crespo","https://www.the-afc.com/en/club/afc_champions_league_elite.html/news/al-ain-part-ways-with-crespo","Hernan Crespo led Al Ain to AFC Champions League 2023-24 title. Coach identity not previously used final opponent or winner identity.","2026-10-07"
"uae_pro_league_v2_035","easy200","history:khorfakkan:previousname",,"بأي اسم كان نادي خورفكان معروفًا قبل تغيير اسمه عام 2017؟","What was Khorfakkan Club called before its name changed in 2017?","الخليج","Al Khaleej","Khorfakkan Sports Club — Official club history","https://www.khorfakkansc.ae/%D8%AD%D9%88%D9%84-%D8%A7%D9%84%D9%86%D8%A7%D8%AF%D9%8A","Former name Al Khaleej changed to Khorfakkan in 2017. Club located in emirate Sharjah; origin merger Al Yarmouk with Khorfakkan. Conflicting 1980/1981 foundation wording excluded.","2026-10-07"
"uae_pro_league_v2_036","easy200","award:goldenglove:purpose",,"ما اسم جائزة أفضل حارس مرمى في حفل جوائز رابطة المحترفين الإماراتية؟","What is the Best Goalkeeper award called at the UAE Pro League awards ceremony?","القفاز الذهبي","The Golden Glove","UAE Pro League — 2024-25 awards ceremony preview","https://www.uaeproleague.ae/en/news-and-gallery/adnoc-pro-league-557","Official August 7 2025 announcement explicitly defines the Golden Glove as the Best Goalkeeper award. Award meaning differs from the separate 2023-24 winning player's identity.","2026-10-07"
"uae_pro_league_v2_037","easy200","identity:fujairah:nickname",,"أي نادٍ إماراتي يُعرف بلقب «الذئاب»؟","Which UAE football club is nicknamed the Wolves?","الفجيرة","Fujairah","UAE Pro League — Fujairah match report","https://www.uaeproleague.ae/en/news-and-gallery/sharjah-defeat-fujairah-in-six-goal-thriller","Official report repeatedly calls Fujairah the Wolves. Nickname only, no routine result trivia.","2026-10-07"
"uae_pro_league_v2_038","easy200","identity:bataeh:nickname",,"أي نادٍ في دورينا يُعرف بلقب «الراقي»؟","Which UAE league club is known as Al Raqi?","البطائح","Al Bataeh","Al Bataeh FC — Official February 2025 reports","https://albataehfc.ae/en/2025/02/","Club report calls Al Bataeh Al Raqi, corresponding to Arabic الراقي. Not الصخور or an invented Rock translation.","2026-10-07"
"uae_pro_league_v2_039","easy200","identity:dhafra:nickname",,"أي نادٍ إماراتي يُلقب بـ«فرسان الغربية»؟","Which UAE football club is nicknamed the Western Knights?","الظفرة","Al Dhafra","Fujairah FC — Al Dhafra opponent profile","https://www.fujfc.ae/team/al-dhafra/","Official club opponent profile identifies Al Dhafra as Western Knights and located in Western Region Abu Dhabi. Nickname only; capacity not used.","2026-10-07"
"uae_pro_league_v2_040","easy200","identity:dibba:nickname",,"أي نادٍ إماراتي يُعرف بلقب «النواخذة»؟","Which UAE football club is known as the Shipmasters, or Al Nawakhatha?","دبا الفجيرة","Dibba Al Fujairah","Al Khaleej — Dibba survival report","https://www.alkhaleej.ae/node/6187066","Contemporary Arabic report repeatedly identifies Dibba as النواخذة, meaning shipmasters. Nickname only; routine statistics excluded.","2026-10-07"
"uae_pro_league_v2_041","easy200","identity:ain:purplecolour",,"ما اللون المميز الذي اعتمده نادي العين عام 1977 واشتهر به منذ ذلك الحين؟","Which distinctive colour did Al Ain adopt in 1977 and become famous for?","البنفسجي","Purple","Emirates News Agency — AFC Al Ain badge history","https://www.wam.ae/en/article/hszracvj-ain-chosen-among-other-clubs-part-afcs-the-story","Purple adopted after seeing Anderlecht in Morocco in 1977. Badge fort Al Jahili. Only colour and Belgian inspiration used; fort history already in other banks excluded.","2026-10-07"
"uae_pro_league_v2_042","easy200","rules:2425:relegationdestination",,"إلى أي مسابقة هبط صاحبا المركزين الأخيرين في دوري أدنوك للمحترفين وفق لائحة موسم 2024-2025؟","To which competition were the bottom two ADNOC Pro League teams relegated under the 2024-25 regulations?","دوري الدرجة الأولى","First Division League","UAE Pro League — ADNOC Pro League regulations 2024-25","https://uae-proleague.s3.me-south-1.amazonaws.com/uploads/Extras/regulations/2425_EN/ADNOC%20Pro%20League%20Regulations_24-25.pdf","Articles 6 and 14: bottom two relegated to First Division; article 15 first tie-break points in matches between tied clubs; Article 54.1.2: three accumulated cautions suspend next same-competition match. Article 54.1.3: second caution erased after three actual same-competition appearances after second-caution match, not necessarily consecutive, without yellow/red cards or other disciplinary penalties. Article 54.5: transfers or loans within the season retain caution records. Season explicitly scoped. Exclude generic football laws, arbitrary fines and inconsistent second-round definition.","2026-10-07"
"uae_pro_league_v2_043","easy200","transfer:mabkhout2024:destination",,"أي نادٍ انضم إليه علي مبخوت في صيف 2024 بعد رحيله عن الجزيرة؟","Which club did Ali Mabkhout join in summer 2024 after leaving Al Jazira?","النصر","Al Nasr","Al Nasr — Ali Mabkhout official signing","https://www.alnasrclub.com/en/node/4999","July 2024 Al Nasr announced signing Ali Mabkhout from Al Jazira. Transfer destination only, all-time scoring and earlier trophies already used elsewhere.","2026-10-07"
"uae_pro_league_v2_044","easy200","rivalry:abudhabi:clubs",,"ما الناديان اللذان يتواجهان في ديربي أبوظبي بين «فخر أبوظبي» و«العنابي»؟","Which two clubs contest the Abu Dhabi derby between the Pride of Abu Dhabi and the Maroons?","الجزيرة والوحدة","Al Jazira and Al Wahda","UAE Pro League — Al Wahda v Al Jazira Abu Dhabi derby","https://www.uaeproleague.ae/en/news-and-gallery/al-wahda-defeat-al-jazira-2-1-in-abu-dhabi-derby","August 25 2023 official league report identifies Al Wahda and Al Jazira as the Abu Dhabi derby opponents. This replaces the protected Bur Dubai derby pairing; no result or scorer is asked.","2026-10-07"
"uae_pro_league_v2_045","easy200","player:aboutrika:uaeclub",,"مع أي نادٍ إماراتي لعب النجم المصري محمد أبوتريكة؟","Which UAE club did Egyptian star Mohamed Aboutrika play for?","بني ياس","Bani Yas","AFC — Professional player seminar","https://www.the-afc.com/en/more/news/professional_player_seminar_organised_.html","Direct AFC report identifies Egyptian Mohamed Aboutrika as Bani Yas striker and seminar participant. UAE club identity only.","2026-10-07"
"uae_pro_league_v2_046","easy200","player:azmoun:nationalteam",,"أي منتخب آسيوي يمثله مهاجم شباب الأهلي سردار أزمون؟","Which Asian national team does Shabab Al Ahli striker Sardar Azmoun represent?","إيران","Iran","Bayer Leverkusen — Official Azmoun departure","https://www.bayer04.de/en-us/news/bayer04/sardar-azmoun-completes-move-to-dubai","July 2024 Iran international Sardar Azmoun transferred to Shabab Al Ahli from Bayer Leverkusen, after AS Roma loan. Selling club not Roma.","2026-10-07"
"uae_pro_league_v2_047","easy200","player:igorjesus:uaeclub",,"مع أي نادٍ إماراتي لعب إيغور جيسوس قبل انضمامه إلى بوتافوغو عام 2024؟","Which UAE club did Igor Jesus play for before joining Botafogo in 2024?","شباب الأهلي","Shabab Al Ahli","Botafogo — Official Igor Jesus signing","https://botafogo.com.br/noticias/igorjesusedofogao","July 2024 announcement identifies previous UAE club Shabab Al Ahli. Only UAE career-club fact; report conflates season of UAE league title so title chronology excluded.","2026-10-07"
"uae_pro_league_v2_048","easy200","player:denilsonpereiraneves:uaeclub",,"مع أي نادٍ إماراتي لعب دينيلسون بيريرا نيفيس، لاعب وسط أرسنال السابق؟","Which UAE club did former Arsenal midfielder Denilson Pereira Neves play for?","الوحدة","Al Wahda","AFC — Denilson unveiled by Al Wahda","https://www.the-afc.com/en/more/news/denilson_expects_to_be_challenging_for_honours_with_al_wahda.html","Former Arsenal midfielder Denilson Pereira Neves unveiled as Al Wahda player. Identified by former Arsenal role to distinguish same-name Brazilians. Migrated date excluded.","2026-10-07"
"uae_pro_league_v2_049","easy200","player:khalidismail:club",,"أي نادٍ إماراتي كان خالد إسماعيل من أبرز نجومه؟","Which UAE club counted Khalid Ismail among its leading stars?","النصر","Al Nasr","Al Nasr — Official club legends archive","https://www.alnasrclub.com/ar/content/%D8%A7%D8%A8%D8%B1%D8%B2-%D8%A7%D9%84%D9%86%D8%AC%D9%88%D9%85","Club hall of honour lists Khalid Ismail, Abdulrahman Mohamed, Mohamed Ali nicknamed Kojak, and Mohamed Ishaq nicknamed Hamdoon. Only Khalid's club and Kojak identity used; no inferred positions or dates.","2026-10-07"
"uae_pro_league_v2_050","easy200","player:zuhairbakheet:club",,"مع أي نادٍ تألق زهير بخيت في الثمانينات والتسعينات؟","With which club did Zuhair Bakheet star in the 1980s and 1990s?","الوصل","Al Wasl","Al Ittihad — Interview with Zuhair Bakheet about Wasl","https://www.aletihad.ae/article/107325/2007","Contemporary May 2007 report describes Bakheet as Wasl star of 1980s and 1990s; identifies Brazilian Ze Mario as coach of cup-winning team. Do not reuse protected double-winning club identity.","2026-10-07"
"uae_pro_league_v2_051","easy200","player:fahadkhamees:nickname",,"من أسطورة كرة القدم الإماراتية المعروف بلقب «الفهد الأسمر»؟","Which UAE football legend is nicknamed the Dark Cheetah, or Al Fahd Al Asmar?","فهد خميس","Fahad Khamees","Al Ittihad — Fahad Khamees interview","https://www.aletihad.ae/article/63025/2017/%D9%81%D9%87%D8%AF-%D8%AE%D9%85%D9%8A%D8%B3%3A-%D9%84%D9%84%D8%A3%D8%B3%D9%81-%D9%84%D9%85-%D8%A3%D8%AC%D8%AF-%D8%A7%D9%84%D8%AA%D9%82%D8%AF%D9%8A%D8%B1-%D9%84%D8%AA%D8%A7%D8%B1%D9%8A%D8%AE%D9%8A-%21","Direct interview identifies Fahad Khamees nickname الفهد الأسمر. Disputed goal tally excluded; earlier protected league record not reused.","2026-10-07"
"uae_pro_league_v2_052","easy200","player:alidaei:uaeclub",,"أي نادٍ في دبي لعب له الهداف الإيراني علي دائي؟","Which Dubai club did Iranian striker Ali Daei play for?","الشباب","Al Shabab","AFC — Asian Icons Ali Daei","https://www.the-afc.com/en/more/news/asian_icons_ali_daei_iran.html","Career club list includes Dubai Al Shabab, supported by period career record. Do not reuse outdated international scoring record.","2026-10-07"
"uae_pro_league_v2_053","easy200","player:abedipele:uaeclub",,"مع أي نادٍ إماراتي لعب النجم الغاني عبيدي بيليه؟","Which UAE club did Ghanaian star Abedi Pele play for?","العين","Al Ain","Ghana Football Association — Abedi Pele career profile","https://www.ghanafa.org/abedi-ayew-pele-closes-fifa-financial-governance-workshop-in-accra?amp=1","Former Ghana captain's career club list includes Al Ain. Club identity only, no dates or unsupported trophies.","2026-10-07"
"uae_pro_league_v2_054","easy200","coach:pirlo2026:united",,"أي أسطورة إيطالية تولّى تدريب يونايتد الإماراتي مع بداية موسم دوري أدنوك للمحترفين 2026-2027؟","Which Italian legend became head coach of UAE club United for the start of the 2026-27 ADNOC Pro League season?","أندريا بيرلو","Andrea Pirlo","UAE Pro League — 2026-27 coaching line-up","https://www.uaeproleague.ae/en/news-and-gallery/14-coaches-set-to-shape-the-202627-adnoc-pro-league-season","Official August 2026 preview names Andrea Pirlo as United head coach for 2026-27. Also records Vladimir Ivic leading Al Ain to the 2025-26 league and President's Cup double; facts not interchangeable with club winner identities.","2026-10-07"
"uae_pro_league_v2_055","easy200","club:emirates:emirate",,"في أي إمارة يقع نادي الإمارات الملقّب بالصقور؟","In which emirate is Emirates Club, nicknamed the Falcons, based?","رأس الخيمة","Ras Al Khaimah","UAE Pro League — Emirates v Al Jazira official match report","https://www.uaeproleague.ae/en/fixtures/205fd099-72d8-11ec-9d2d-d481d7b85086","Official report explicitly describes Emirates Club as the Ras Al Khaimah based side. This location fact is separate from the club nickname and 2010 trophy questions.","2026-10-07"
"uae_pro_league_v2_056","easy200","player:elneny:englishclubbeforejazira",,"مع أي نادٍ إنجليزي لعب محمد النني قبل انضمامه إلى الجزيرة عام 2024؟","Which English club did Mohamed Elneny play for before joining Al Jazira in 2024?","أرسنال","Arsenal","AFC — Mohamed Elneny joins Al Jazira after Arsenal","https://www.the-afc.com/en/more/transfers/news/elneny_moves_to_al_jazira_honda_heads_to_bhutan.html","July 2024 AFC transfer report confirms Mohamed Elneny joined Al Jazira after leaving Arsenal. English previous club is a different attribute from UAE destination; replaces protected Hatta geographical location fact.","2026-10-07"
"uae_pro_league_v2_057","easy200","player:makhetediop:nationality",,"ما جنسية ماكيتي ديوب، مهاجم الظفرة السابق؟","What is the nationality of former Al Dhafra striker Makhete Diop?","سنغالي","Senegalese","UAE Pro League — Al Dhafra v Al Jazira official team sheet, February 2021","https://www.uaeproleague.ae/en/fixtures/4491c300-569e-11eb-90b0-d481d7b85086","Official February 5 2021 fixture lists Makhete Diop among Al Dhafra forwards and gives Senegal as his nationality.","2026-10-07"
"uae_pro_league_v2_058","easy200","identity:shaab:nickname",,"أي نادٍ إماراتي سابق كان يُعرف بلقب «الكوماندوز»؟","Which former UAE club was known as the Commandos?","الشعب","Al Shaab","The National — Al Shaab season preview","https://www.thenationalnews.com/sport/fight-for-a-better-finish-1.547311","Contemporary professional-era season preview identifies Al Shaab as the Commandos; no other question uses this nickname. Secondary local newspaper used for a historical club no longer independently active.","2026-10-07"
"uae_pro_league_v2_059","easy200","player:yohancabaye:uaeclub",,"أي نادٍ إماراتي لعب له الفرنسي يوهان كاباي؟","Which UAE club did French midfielder Yohan Cabaye play for?","النصر","Al Nasr","Al Nasr Club — Yohan Cabaye official press conference","https://www.alnasrclub.com/ar/news/alnasr-vs-ajman-agl2-preview-20181209","September 12 2018 club press conference identifies French player Cabaye and quotes him saying he is happy to wear the Al Nasr jersey. Club identity is the question; unrelated career achievements are not asserted.","2026-10-07"
"uae_pro_league_v2_060","easy200","player:majednasser:position",,"ما المركز الذي لعب فيه ماجد ناصر مع شباب الأهلي؟","What position did Majed Nasser play for Shabab Al Ahli?","حارس مرمى","Goalkeeper","UAE Pro League — Our League mid-season magazine 2021-22","https://uae-proleague.s3.me-south-1.amazonaws.com/uploads/Extras/magazine/magazine-jan-2022-en.pdf","Gloves of Glory article identifies Majed Nasser as Shabab Al Ahli goalkeeper. Position fact used without asking fluctuating save percentages.","2026-10-07"
"uae_pro_league_v2_061","easy200","identity:shababahli:nickname",,"أي نادٍ في دورينا يُلقّب بـ«الفرسان الحمر»؟","Which club in the UAE league is nicknamed the Red Knights?","شباب الأهلي","Shabab Al Ahli","AFC — Shabab Al Ahli v Al Wehdat preliminary-round report","https://www.the-afc.com/en/club/afc_champions_league/news/preliminary_shabab_al_ahli_dubai_uae_3-0_al_wehdat_jor__1.html","August 2023 AFC report explicitly refers to Shabab Al Ahli Dubai as the Red Knights. No question repeats their former club merger identity.","2026-10-07"
"uae_pro_league_v2_062","easy200","player:mohamedzidan:uaeclub2012",,"أي نادٍ إماراتي لعب له النجم المصري محمد زيدان؟","Which UAE club did Egyptian star Mohamed Zidan play for?","بني ياس","Bani Yas","The National — Mohamed Zidan signs for Baniyas","https://www.thenationalnews.com/sport/pro-league-baniyas-complete-the-signing-of-egyptian-zidan-1.392120","Contemporary July 30 2012 report confirms Egypt striker Mohamed Zidan signed a two-year contract with Baniyas. Only his UAE club is asked.","2026-10-07"
"uae_pro_league_v2_063","easy200","identity:kalba:rename2024",,"أي نادٍ إماراتي حذف كلمة «اتحاد» من اسمه عام 2024؟","Which UAE club removed Ittihad from its name in 2024?","نادي كلباء","Kalba Club","Al Ittihad — Kalba chairman on title and new identity","https://www.aletihad.ae/news/الرياضي/4491744/محمد-اليماحي--التتويج-بدرع-دوري-21-فرحة--مدينة","June 5 2024 direct chairman report confirms removal of Ittihad from club name, first professional U21 title in 2023-24, and new crest showing Kalba Fort surrounded by mangrove leaves. Only name change and crest foliage are asked; conflicting points totals in report are excluded.","2026-10-07"
"uae_pro_league_v2_064","easy200","player:luisjimenez:nationality",,"من أي دولة جاء لويس خيمينيز، صانع الألعاب الذي لعب للأهلي والنصر؟","Which country is Luis Jimenez, the playmaker who played for Al Ahli and Al Nasr, from?","تشيلي","Chile","AFC — Al Ahli domestic win during 2014-15 season","https://www.the-afc.com/en/club/afc_champions_league/news/al_ain_take_initiative_over_al_jazira_in_uae_title_race.html","Domestic league report calls Luis Jimenez Chilean and records his goal for Al Ahli against Fujairah. Migration date differs from season stated in body; only nationality is used.","2026-10-07"
"uae_pro_league_v2_065","easy200","identity:league:awardbadgeslocation2026",,"أين على القميص وضع نجوم دورينا شارات جوائزهم الفردية مع بداية موسم 2026–2027؟","Where on their shirts did UAE league stars wear their individual award badges at the start of 2026–27?","على الأكمام","On the sleeves","UAE Pro League — Award winners wear special shirt badges","https://uaeproleague.ae/en/news-and-gallery/uae-pro-league-award-winners-wear-their-honours-on-their-sleeves-in-historic-first","August 17 2026 report confirms individual award winners first wore special badges on their shirt sleeves in the opening round of 2026-27, representing honours won in the preceding season.","2026-10-07"
"uae_pro_league_v2_066","easy200","record:adibcup:mosttitlesclub2026",,"أي نادٍ كان الأكثر تتويجاً بكأس الرابطة «كأس مصرف أبوظبي الإسلامي» عند انطلاق موسم 2026–2027؟","Which club had won the most UAE League Cup titles, now called the ADIB Cup, at the start of 2026–27?","شباب الأهلي","Shabab Al Ahli","UAE Pro League — Historical ADIB Cup title record","https://www.uaeproleague.ae/en/news-and-gallery/shabab-al-ahli-lead-historic-adib-cup-records-with-five-titles","September 18 2026 official retrospective identifies Shabab Al Ahli as competition's most successful club with five titles entering 2026-27. Only record-holding club is asked, not year-by-year winners.","2026-10-07"
"uae_pro_league_v2_067","easy200","player:moussasow:uaeclub2015",,"أي نادٍ إماراتي ضم المهاجم موسى سو عام 2015؟","Which UAE club signed striker Moussa Sow in 2015?","الأهلي دبي","Al Ahli Dubai","AFC — Asian transfer record retrospective","https://www.the-afc.com/en/club/afc_champions_league/news/the_remarkable_story_of_the_asian_transfer_record.html","Historical transfer table records Moussa Sow joining Al Ahli UAE from Fenerbahce on August 31 2015. Only UAE destination club is asked, without repeating transfer-origin grids or transfer fees.","2026-10-07"
"uae_pro_league_v2_068","easy200","identity:wasl:iffhscenturyrecognition",,"أي نادٍ اختاره IFFHS أفضل نادٍ إماراتي في المنافسات الدولية خلال القرن العشرين؟","Which club did IFFHS rank as the UAE's best club in international competitions during the twentieth century?","الوصل","Al Wasl","IFFHS — UAE twentieth-century best club trophy","https://iffhs.com/posts/1757","March 16 2022 IFFHS announcement identifies Al Wasl as UAE twentieth-century best club in international competitions in ranking established in 2009. No conflicting award-presentation year is asked.","2026-10-07"
"uae_pro_league_v2_069","medium400","awards:2024:emiratigoldenball",,"من نجم الوصل الذي نال الكرة الذهبية لأفضل لاعب إماراتي عن موسم 2023-2024؟","Which Al Wasl star won the Golden Ball for Best Emirati Player for 2023-24?","علي صالح","Ali Saleh","UAE Pro League — 2023-24 official awards","https://www.uaeproleague.ae/en/news-and-gallery/the-best-4","Ali Saleh Emirati Golden Ball; Nicolas Gimenez foreign Golden Ball; Rahimi fans choice; Khaled Al-Senaani Golden Glove; Sultan Adill young Emirati Golden Boy; Seko Baba Gassama young resident/born Golden Boy; Omar Khribin league Golden Shoe; Ismail Matar fans goal; Mansoor Saeed U23 Silver Shoe. Distinct award identities; coach award excluded because UAE Football already asks same coach/title campaign.","2026-10-07"
"uae_pro_league_v2_070","medium400","awards:2024:foreigngoldenball",,"من لاعب الوصل الذي اختير أفضل لاعب أجنبي بالكرة الذهبية لرابطة المحترفين عن موسم 2023-2024؟","Which Al Wasl player won the Pro League's Best Foreign Player Golden Ball for 2023-24?","نيكولاس خيمينيز","Nicolas Gimenez","UAE Pro League — 2023-24 official awards","https://www.uaeproleague.ae/en/news-and-gallery/the-best-4","Ali Saleh Emirati Golden Ball; Nicolas Gimenez foreign Golden Ball; Rahimi fans choice; Khaled Al-Senaani Golden Glove; Sultan Adill young Emirati Golden Boy; Seko Baba Gassama young resident/born Golden Boy; Omar Khribin league Golden Shoe; Ismail Matar fans goal; Mansoor Saeed U23 Silver Shoe. Distinct award identities; coach award excluded because UAE Football already asks same coach/title campaign.","2026-10-07"
"uae_pro_league_v2_071","medium400","awards:2024:fanschoice",,"من نال جائزة أفضل لاعب من اختيار الجمهور لدى رابطة المحترفين عن موسم 2023-2024؟","Who won the UAE Pro League's Fans' Player of the Year award for 2023-24?","سفيان رحيمي","Soufiane Rahimi","UAE Pro League — 2023-24 official awards","https://www.uaeproleague.ae/en/news-and-gallery/the-best-4","Ali Saleh Emirati Golden Ball; Nicolas Gimenez foreign Golden Ball; Rahimi fans choice; Khaled Al-Senaani Golden Glove; Sultan Adill young Emirati Golden Boy; Seko Baba Gassama young resident/born Golden Boy; Omar Khribin league Golden Shoe; Ismail Matar fans goal; Mansoor Saeed U23 Silver Shoe. Distinct award identities; coach award excluded because UAE Football already asks same coach/title campaign.","2026-10-07"
"uae_pro_league_v2_072","medium400","leaguecup:2024final:winningscorer",,"من سجل برأسه هدف فوز الوحدة في نهائي كأس مصرف أبوظبي الإسلامي 2024؟","Who headed Al Wahda's winning goal in the 2024 ADIB Cup final?","لوكاس بيمنتا","Lucas Pimenta","UAE Pro League — ADIB Cup final 2024 report","https://www.uaeproleague.ae/en/news-and-gallery/al-wahda-crowned-adib-cups-champions","Lucas Pimenta header only goal in 1-0 Al Wahda final victory over Al Ain. Winner identity already in UAE Football, not reused.","2026-10-07"
"uae_pro_league_v2_073","medium400","coaching:shabab2023:jardim",,"من المدرب البرتغالي الذي قاد شباب الأهلي إلى درع الدوري موسم 2022-2023؟","Which Portuguese coach led Shabab Al Ahli to the 2022-23 league shield?","ليوناردو جارديم","Leonardo Jardim","UAE Pro League — Shabab Al Ahli 2022-23 retrospective","https://www.uaeproleague.ae/en/news-and-gallery/adnoc-pro-league-49","Leonardo Jardim coach in title campaign; Federico Cartabia club leading scorer with 11; league and U21 titles; Al Jazira inaugural U21 champion in 2008-09. No repeated senior-season winner identity.","2026-10-07"
"uae_pro_league_v2_074","medium400","coaching:jazira2023:deboer",,"أي نادٍ في دورينا اختار الهولندي فرانك دي بور مدربًا عند بداية موسم 2023-2024؟","Which UAE league club appointed Dutchman Frank de Boer as coach at the start of 2023-24?","الجزيرة","Al Jazira","UAE Pro League — 2023-24 coaches preview","https://www.uaeproleague.ae/en/news-and-gallery/9-new-head-coaches-to-show-up-in-adnoc-pro-league","Frank de Boer Al Jazira; Pitso Mosimane Al Wahda; Mirel Radoi Al Bataeh; Darko Milanic Bani Yas; Marko Nikolic Shabab Al Ahli; Goran Tufegdzic Al Nasr after Ajman. Exclude incorrect Milos surname and internally inconsistent number of unchanged managers.","2026-10-07"
"uae_pro_league_v2_075","medium400","coaching:wahda2023:mosimane",,"أي نادٍ إماراتي تولى تدريبه الجنوب أفريقي بيتسو موسيماني عند بداية موسم 2023-2024؟","Which UAE club was coached by South African Pitso Mosimane at the start of 2023-24?","الوحدة","Al Wahda","UAE Pro League — 2023-24 coaches preview","https://www.uaeproleague.ae/en/news-and-gallery/9-new-head-coaches-to-show-up-in-adnoc-pro-league","Frank de Boer Al Jazira; Pitso Mosimane Al Wahda; Mirel Radoi Al Bataeh; Darko Milanic Bani Yas; Marko Nikolic Shabab Al Ahli; Goran Tufegdzic Al Nasr after Ajman. Exclude incorrect Milos surname and internally inconsistent number of unchanged managers.","2026-10-07"
"uae_pro_league_v2_076","medium400","awards:2024:goldenglove",,"من حارس الوصل الفائز بالقفاز الذهبي لرابطة المحترفين عن موسم 2023-2024؟","Which Al Wasl goalkeeper won the Pro League Golden Glove for 2023-24?","خالد السناني","Khaled Al-Senaani","UAE Pro League — 2023-24 official awards","https://www.uaeproleague.ae/en/news-and-gallery/the-best-4","Ali Saleh Emirati Golden Ball; Nicolas Gimenez foreign Golden Ball; Rahimi fans choice; Khaled Al-Senaani Golden Glove; Sultan Adill young Emirati Golden Boy; Seko Baba Gassama young resident/born Golden Boy; Omar Khribin league Golden Shoe; Ismail Matar fans goal; Mansoor Saeed U23 Silver Shoe. Distinct award identities; coach award excluded because UAE Football already asks same coach/title campaign.","2026-10-07"
"uae_pro_league_v2_077","medium400","awards:2024:emiratiyoungplayer",,"من مهاجم كلباء الذي فاز بجائزة الفتى الذهبي لأفضل لاعب إماراتي واعد عن موسم 2023-2024؟","Which Kalba striker won the Golden Boy award for Best Young Emirati Player for 2023-24?","سلطان عادل","Sultan Adill","UAE Pro League — 2023-24 official awards","https://www.uaeproleague.ae/en/news-and-gallery/the-best-4","Ali Saleh Emirati Golden Ball; Nicolas Gimenez foreign Golden Ball; Rahimi fans choice; Khaled Al-Senaani Golden Glove; Sultan Adill young Emirati Golden Boy; Seko Baba Gassama young resident/born Golden Boy; Omar Khribin league Golden Shoe; Ismail Matar fans goal; Mansoor Saeed U23 Silver Shoe. Distinct award identities; coach award excluded because UAE Football already asks same coach/title campaign.","2026-10-07"
"uae_pro_league_v2_078","medium400","player:fekir:transferorigin",,"من أي نادٍ إسباني ضم الجزيرة نبيل فقير في 2024؟","From which Spanish club did Al Jazira sign Nabil Fekir in 2024?","ريال بيتيس","Real Betis","Real Betis — Fekir transfer agreement","https://www.realbetisbalompie.es/noticias/amp/actualidad/el-real-betis-y-el-al-jazira-llegan-a-un-acuerdo-para-el-traspaso-de-nabil-fekir-30466","Real Betis announced transfer of Nabil Fekir to Al Jazira in 2024. Transfer origin used once, not both directions.","2026-10-07"
"uae_pro_league_v2_079","medium400","player:quaresma:uaeclub",,"ما النادي الإماراتي الذي لعب له ريكاردو كواريزما في النصف الثاني من موسم 2012-2013؟","Which UAE club did Ricardo Quaresma play for in the second half of the 2012-13 season?","الأهلي","Al Ahli","UEFA — Ricardo Quaresma retrospective","https://www.uefa.com/uefaeuropaleague/news/0238-0e9694eaf8b0-e904b5fde221-1000--how-brilliant-is-besiktas-and-portugal-s-ricardo-quaresma/","Portuguese winger spent latter half of 2012-13 at Dubai Al Ahli.","2026-10-07"
"uae_pro_league_v2_080","medium400","player:grafite:transferorigin",,"من أي نادٍ ألماني انتقل غرافيتي إلى الأهلي دبي في 2011؟","From which German club did Grafite join Al Ahli Dubai in 2011?","فولفسبورغ","Wolfsburg","UEFA — Grafite leaves Wolfsburg","https://de.uefa.com/news-media/news/01f2-0f86360565c1-acde1f658b29-1000--grafite-verlasst-wolfsburg/","June 2011 report says Brazilian Grafite joins Al Ahli Dubai from Wolfsburg. Transfer origin used once.","2026-10-07"
"uae_pro_league_v2_081","medium400","history:nasr:originalname",,"ما الاسم الذي حمله النصر دبي في بداياته قبل اعتماد اسم النصر؟","What name did Al Nasr Dubai originally use before adopting the name Al Nasr?","الأهلي","Al Ahli","Al Nasr Club — Official historical archive","https://www.alnasrclub.com/ar/node/264","Initial name Al Ahli and red-white striped shirts; Nasr name proposed by Ibrahim Jumaa following Qatar trip; Liverpool visit 1978 and Santos/Pele visit. Early footballs brought by Dubai traders from Bombay; conflicting Santos visit date excluded. Founding year and Ghubaiba already used elsewhere.","2026-10-07"
"uae_pro_league_v2_082","medium400","coaching:ahli:grafitemohammadarrival",,"من المدرب التشيكي الذي قاد الأهلي دبي عند انضمام غرافيتي ويوسف محمد؟","Which Czech coach led Al Ahli Dubai when Grafite and Yousuf Mohammad joined?","إيفان هاشيك","Ivan Hasek","AFC — Al Ahli sign Lebanese defender","https://www.the-afc.com/en/more/news/al_ahli_rope_in_lebanese_defender.html","Yousuf Mohammad joined Al Ahli from FC Koln to replace Fabio Cannavaro; Jaja from Trabzonspor, Chilean Luis Jimenez and coach Ivan Hasek also identified. Migrated page date excluded.","2026-10-07"
"uae_pro_league_v2_083","medium400","venue:hatta:homestadium",,"ما اسم الملعب الذي يستضيف مباريات حتا على أرضه؟","What is the name of Hatta's home stadium?","استاد حمدان بن راشد آل مكتوم","Hamdan Bin Rashid Al Maktoum Stadium","UAE Pro League — Hatta club stadium guide","https://www.uaeproleague.ae/en/clubs/hatta","Home stadium Hamdan Bin Rashid Al Maktoum Stadium. Capacity and opening year excluded as trivial numbers.","2026-10-07"
"uae_pro_league_v2_084","medium400","youth:jazira:inauguralchampion",,"أي نادٍ فاز بأول نسخة لدوري تحت 21 عامًا الإماراتي في موسم 2008-2009؟","Which club won the inaugural UAE U21 league in 2008-09?","الجزيرة","Al Jazira","UAE Pro League — Shabab Al Ahli 2022-23 retrospective","https://www.uaeproleague.ae/en/news-and-gallery/adnoc-pro-league-49","Leonardo Jardim coach in title campaign; Federico Cartabia club leading scorer with 11; league and U21 titles; Al Jazira inaugural U21 champion in 2008-09. No repeated senior-season winner identity.","2026-10-07"
"uae_pro_league_v2_085","medium400","player:seferovic:transferorigin",,"من أي نادٍ برتغالي ضم الوصل هاريس سيفيروفيتش بعقد انتقال دائم في 2023؟","From which Portuguese club did Al Wasl sign Haris Seferovic permanently in 2023?","بنفيكا","Benfica","SL Benfica — Seferovic permanent transfer","https://www.slbenfica.pt/pt-pt/agora/noticias/2023/07/05/futebol-benfica-seferovic-transferencia-definitiva-al-wasl","Benfica confirms permanent transfer of Swiss forward Haris Seferovic to Al Wasl in July 2023. Nationality and transfer origin are distinct facts.","2026-10-07"
"uae_pro_league_v2_086","medium400","coaching:ain2022:rebrov",,"من المدرب الأوكراني الذي قاد العين في موسم 2021-2022؟","Which Ukrainian coach led Al Ain in the 2021-22 season?","سيرغي ريبروف","Serhiy Rebrov","UAE Pro League — Al Ain versus Al Wasl lineups","https://www.uaeproleague.ae/en/fixtures/205fd2fc-72d8-11ec-9d2d-d481d7b85086","Al Ain head coach Serhiy Rebrov, Ukraine, in 2021-22 season. Lineups identify nationalities but no arbitrary match stats used.","2026-10-07"
"uae_pro_league_v2_087","medium400","player:tadic:transferorigin",,"من أي نادٍ تركي انتقل دوشان تاديتش إلى الوحدة في 2025؟","From which Turkish club did Dusan Tadic join Al Wahda in 2025?","فنربخشة","Fenerbahce","UAE Pro League — Summer arrivals 2025","https://www.uaeproleague.ae/en/news-and-gallery/adnoc-pro-league-582","Dusan Tadic Serbian playmaker joined Al Wahda from Fenerbahce; Tarik Tissoudali Moroccan forward signed by Khorfakkan from PAOK. Avoid conflicting Adryelson/Hugo previous-club claims versus transfer roundup.","2026-10-07"
"uae_pro_league_v2_088","medium400","player:ramirabia:uaeclub",,"إلى أي نادٍ إماراتي انتقل رامي ربيعة من الأهلي المصري في صيف 2025؟","Which UAE club did Rami Rabia join from Egypt's Al Ahly in summer 2025?","العين","Al Ain","UAE Pro League — Summer 2025-26 transfer roundup","https://www.uaeproleague.ae/en/news-and-gallery/adnoc-pro-league-541","14 league teams. Renato Tapia Peru joined Al Wasl from Leganes; Rami Rabia joined Al Ain from Al Ahly Egypt; Ali Salmeen moved Al Wasl to Kalba. Conflicting Adryelson/Hugo claims excluded.","2026-10-07"
"uae_pro_league_v2_089","medium400","player:alisalmeen:2025destination",,"إلى أي نادٍ انتقل علي سالمين من الوصل في صيف 2025؟","Which club did Ali Salmeen join from Al Wasl in summer 2025?","كلباء","Kalba","UAE Pro League — Summer 2025-26 transfer roundup","https://www.uaeproleague.ae/en/news-and-gallery/adnoc-pro-league-541","14 league teams. Renato Tapia Peru joined Al Wasl from Leganes; Rami Rabia joined Al Ain from Al Ahly Egypt; Ali Salmeen moved Al Wasl to Kalba. Conflicting Adryelson/Hugo claims excluded.","2026-10-07"
"uae_pro_league_v2_090","medium400","competition:league:professionalstart",,"في أي موسم بدأ عصر الاحتراف في الدوري الإماراتي؟","In which season did the UAE league's professional era begin?","2008-2009","2008-09","UAE Pro League — Defending champions opening-day history","https://www.uaeproleague.ae/en/news-and-gallery/how-have-defending-champions-fared-on-the-opening-day-of-the-adnoc-pro-league","Professional era introduced 2008-09; 2019-20 season later cancelled. Historical season identity only; no unsupported cancellation procedure.","2026-10-07"
"uae_pro_league_v2_091","medium400","leaguecup:2020final:fastgoalscorer",,"من افتتح التسجيل للنصر بعد ثوانٍ معدودة في نهائي كأس الرابطة 2020 أمام شباب الأهلي؟","Who opened the scoring for Al Nasr within seconds in the 2020 League Cup final against Shabab Al Ahli?","ألفارو نيغريدو","Alvaro Negredo","Al Nasr Club — 2020 League Cup final report","https://www.alnasrclub.com/en/content/al-nasr-crowned-arabian-gulf-cup-champions-0","Alvaro Negredo scored after ten seconds in final against Shabab Al Ahli; Antonio Toze scored winning second goal, Ahmed Shambih goalkeeper. Distinct opening record and winner; winner club already asked in UAE Football excluded.","2026-10-07"
"uae_pro_league_v2_092","medium400","coaching:jazira2011:braga",,"من المدرب البرازيلي الذي قاد الجزيرة إلى ثنائية الدوري وكأس رئيس الدولة في 2011؟","Which Brazilian coach led Al Jazira to the league and President's Cup double in 2011?","أبيل براغا","Abel Braga","AFC — Al Jazira club profile","https://www.the-afc.com/en/more/news/al_jazira_uae_1.html","Abel Braga coached 2011 double; successor Belgian Franky Vercauteren; Brazilian Ricardo Oliveira key forward. Earlier Weah, stadium, founding and league-winner facts excluded.","2026-10-07"
"uae_pro_league_v2_093","medium400","player:lucatoni:transferorigin",,"من أي نادٍ إيطالي ضم النصر لوكا توني في يناير 2012؟","From which Italian club did Al Nasr sign Luca Toni in January 2012?","يوفنتوس","Juventus","UEFA — January 2012 transfer roundup","https://www.uefa.com/news/01fa-0ea41d84b801-c1c2785dad11-1000--deadline-day-transfer-round-up/","Juventus sold Luca Toni to Al Nasr in January 2012. Transfer origin used once.","2026-10-07"
"uae_pro_league_v2_094","medium400","presidentscup:2010:firstemiratestrophy",,"أي نادٍ من رأس الخيمة نال أول بطولة كبرى له بالفوز بكأس رئيس الدولة 2010؟","Which Ras Al Khaimah club won its first major trophy with the 2010 President's Cup?","نادي الإمارات","Emirates Club","The National — Hickersberger recalls Emirates upset","https://www.thenationalnews.com/sport/josef-hickersberger-believes-in-an-al-wahda-recovery-1.372496","Emirates won first major trophy beating Al Shabab 3-1 in 2010 President's Cup; Hickersberger coached Al Wahda to 2010 league title.","2026-10-07"
"uae_pro_league_v2_095","medium400","supercup:2010:winner",,"من هزم الوحدة 3-1 ليحقق السوبر الإماراتي في أغسطس 2010؟","Who beat Al Wahda 3-1 to win the UAE Super Cup in August 2010?","نادي الإمارات","Emirates Club","Emirates 24/7 — Emirates Super Cup victory","https://www.emirates247.com/sports/football/emirates-club-triumph-in-super-cup-tie-2010-08-21-1.281725","Emirates beat Al Wahda 3-1 in August 2010 Super Cup; Karim Kerkar scored twice. Contemporary direct match reporting; winning club and brace scorer distinct.","2026-10-07"
"uae_pro_league_v2_096","medium400","coaching:wahda2010:hickersberger",,"من المدرب النمساوي الذي قاد الوحدة للفوز بالدوري الإماراتي في 2010؟","Which Austrian coach led Al Wahda to the UAE league title in 2010?","جوزيف هيكسبرغر","Josef Hickersberger","The National — Hickersberger recalls Emirates upset","https://www.thenationalnews.com/sport/josef-hickersberger-believes-in-an-al-wahda-recovery-1.372496","Emirates won first major trophy beating Al Shabab 3-1 in 2010 President's Cup; Hickersberger coached Al Wahda to 2010 league title.","2026-10-07"
"uae_pro_league_v2_097","medium400","coaching:nasr2012:zenga",,"من المدرب الإيطالي الذي قاد النصر في موسم الدوري 2011-2012؟","Which Italian coach led Al Nasr in the 2011-12 league season?","والتر زينغا","Walter Zenga","AFC — Al Nasr league report 2011-12","https://www.the-afc.com/en/club/afc_champions_league/news/al_nasr_up_to_second_in_upl.html","Australian Mark Bresciano played Al Nasr; Walter Zenga coached 2011-12 squad. Inconsistent stadium label excluded.","2026-10-07"
"uae_pro_league_v2_098","medium400","coaching:wahda2016:aguirre",,"من المدرب المكسيكي الذي أحرز كأس الرابطة مع الوحدة في موسمه الأول، 2015-2016؟","Which Mexican coach won the League Cup with Al Wahda in his first season, 2015-16?","خافيير أغيري","Javier Aguirre","AFC — Champions League 2017 technical report","https://assets.the-afc.com/downloads/technical-reports/AFC-Champions-League-2017-Technical-Report.pdf","Mexican Javier Aguirre took charge Al Wahda June 2015 and won UAE League Cup in first season. Not repeating 2007 continental match facts.","2026-10-07"
"uae_pro_league_v2_099","medium400","leaguecup:2009:inauguralwinner",,"أي نادٍ فاز بالنسخة الأولى من كأس الرابطة الإماراتية عام 2009 بعد تغلبه على الوحدة؟","Which club won the inaugural UAE League Cup in 2009 by defeating Al Wahda?","العين","Al Ain","AFC — Valdivia UAE career retrospective","https://www.the-afc.com/en/national/fifa_world_cup/news/chilean_star_who_shone_bright_in_the_uae.html","Valdivia joined Al Ain from Palmeiras in August 2008; Al Ain won 2009 Emirates League Cup beating Al Wahda. Question on inaugural League Cup title distinct from senior league winner elsewhere.","2026-10-07"
"uae_pro_league_v2_100","medium400","player:valdivia:transferorigin",,"من أي نادٍ برازيلي انضم خورخي فالديفيا إلى العين عام 2008؟","From which Brazilian club did Jorge Valdivia join Al Ain in 2008?","بالميراس","Palmeiras","AFC — Valdivia UAE career retrospective","https://www.the-afc.com/en/national/fifa_world_cup/news/chilean_star_who_shone_bright_in_the_uae.html","Valdivia joined Al Ain from Palmeiras in August 2008; Al Ain won 2009 Emirates League Cup beating Al Wahda. Question on inaugural League Cup title distinct from senior league winner elsewhere.","2026-10-07"
"uae_pro_league_v2_101","medium400","player:boussoufa:uaeclub",,"أي نادٍ إماراتي ضم مبارك بوصوفة في صيف 2016؟","Which UAE club signed Mbark Boussoufa in summer 2016?","الجزيرة","Al Jazira","AFC — Confirmed Asian transfers August 2016","https://www.the-afc.com/en/west/uae/news/ins__outs_asia%E2%80%99s_latest_confirmed_transfer_news.html","Hungary captain Balazs Dzsudzsak joined Al Wahda from Bursaspor; Moroccan Mbark Boussoufa joined Al Jazira; Bani Yas appointed Uruguayan Pablo Repetto from Libertadores finalists Independiente del Valle. Migrated page date excluded.","2026-10-07"
"uae_pro_league_v2_102","medium400","player:ribeiro:transferorigin",,"من أي نادٍ برازيلي انتقل إيفرتون ريبيرو إلى الأهلي دبي في 2015؟","From which Brazilian club did Everton Ribeiro join Al Ahli Dubai in 2015?","كروزيرو","Cruzeiro","AFC — Asian transfer record history","https://www.the-afc.com/en/club/afc_champions_league/news/the_remarkable_story_of_the_asian_transfer_record.html","January 2015 Everton Ribeiro transfer from Cruzeiro to Al Ahli. Fee not asked.","2026-10-07"
"uae_pro_league_v2_103","medium400","coaching:jazira2021:keizer",,"من المدرب الهولندي الذي قاد الجزيرة إلى لقب الدوري في موسم 2020-2021؟","Which Dutch coach led Al Jazira to the league title in 2020-21?","مارسيل كايزر","Marcel Keizer","UAE Pro League — Al Jazira title campaign awards","https://uaeproleague.ae/en/news-and-gallery/al-jazira-trio-sweep-april-may-best-awards","Marcel Keizer led champions Al Jazira in 2020-21. Monthly award shortlists use OPTA performance statistics before fan voting.","2026-10-07"
"uae_pro_league_v2_104","medium400","awards:2023:foreigngoldenball",,"من نجم شباب الأهلي الذي فاز بالكرة الذهبية لأفضل لاعب أجنبي في دورينا لموسم 2022-2023؟","Which Shabab Al Ahli star won the UAE league's foreign-player Golden Ball for 2022-23?","فيديريكو كارتابيا","Federico Cartabia","UAE Pro League — Official 2022-23 annual awards","https://www.uaeproleague.ae/en/news-and-gallery/-327","Federico Cartabia foreign Golden Ball; Harib Suhail young Emirati Golden Boy; Aylton Filipe Khorfakkan ADIB Cup Golden Shoe. Award categories distinguished from 2024 awards.","2026-10-07"
"uae_pro_league_v2_105","medium400","awards:2023:emiratigoldenboy",,"من جناح شباب الأهلي الذي نال جائزة الفتى الذهبي لأفضل لاعب إماراتي تحت 23 سنة لموسم 2022-2023؟","Which Shabab Al Ahli winger won the Emirati U23 Golden Boy award for 2022-23?","حارب سهيل","Harib Suhail","UAE Pro League — Official 2022-23 annual awards","https://www.uaeproleague.ae/en/news-and-gallery/-327","Federico Cartabia foreign Golden Ball; Harib Suhail young Emirati Golden Boy; Aylton Filipe Khorfakkan ADIB Cup Golden Shoe. Award categories distinguished from 2024 awards.","2026-10-07"
"uae_pro_league_v2_106","medium400","transfer:taarabt2022:origin",,"من أي نادٍ برتغالي انتقل عادل تاعرابت إلى النصر في سبتمبر 2022؟","From which Portuguese club did Adel Taarabt move to Al Nasr in September 2022?","بنفيكا","Benfica","Al Nasr — Official Adel Taarabt signing","https://www.alnasrclub.com/en/node/3793","September 2022 signing from Benfica; Moroccan international previously played Queens Park Rangers. Only transfer origin used.","2026-10-07"
"uae_pro_league_v2_107","medium400","transfer:assaidi2015:origin",,"أي نادٍ إنجليزي باع أسامة السعيدي إلى الأهلي في يناير 2015 بعد إنهاء إعارته إلى ستوك سيتي؟","Which English club sold Oussama Assaidi to Al Ahli in January 2015 after his Stoke City loan ended?","ليفربول","Liverpool","Liverpool FC — Assaidi permanent transfer announcement","https://www.liverpoolfc.com/news/first-team/178043-reds-confirm-assaidi-permanent-deal","January 2015 permanent transfer from Liverpool to Al Ahli, after Stoke City loan ended early. Loan club distinguished from selling club.","2026-10-07"
"uae_pro_league_v2_108","medium400","coaching:sharjah2019:anberi",,"من المدرب الإماراتي الذي قاد الشارقة إلى لقب الدوري في موسم 2018-2019؟","Which Emirati coach led Sharjah to the league title in 2018-19?","عبدالعزيز العنبري","Abdulaziz Al Anbari","AFC — 2020 Champions League technical report","https://assets.the-afc.com/downloads/technical-reports/AFC-Champions-League-2020-Technical-Report-%26-Statistics.pdf","Sharjah profile identifies Abdulaziz Al Anbari as first Emirati coach to lead club to Pro League title in 2019. Avoid report's inaccurate Super League label.","2026-10-07"
"uae_pro_league_v2_109","medium400","transfer:vucinic:origin",,"من أي نادٍ إيطالي انتقل ميركو فوزينيتش إلى الجزيرة؟","From which Italian club did Mirko Vucinic move to Al Jazira?","يوفنتوس","Juventus","Juventus — Mirko's three years in Turin","https://www.juventus.com/en/news/articles/mirko-s-three-years-in-turin","Mirko Vucinic completed permanent transfer from Juventus to Al Jazira after three years in Turin.","2026-10-07"
"uae_pro_league_v2_110","medium400","record:gyan:threesuccessivegoldenboots",,"من مهاجم العين الذي تصدر هدافي الدوري ثلاثة مواسم متتالية، من 2011-2012 إلى 2013-2014؟","Which Al Ain striker topped the league scoring charts for three consecutive seasons, from 2011-12 to 2013-14?","أسامواه جيان","Asamoah Gyan","UAE Pro League — History of professional-era top scorers","https://www.uaeproleague.ae/en/news-and-gallery/adnoc-pro-league-564","Fernando Baiano inaugural professional Golden Boot 2008-09; Gyan three consecutive 2011-12 through 2013-14; Sebastian Tagliabue won for Al Wahda in both 2015-16 and 2018-19. Questions use inaugural or multiple-season player achievements, not a year-by-year winner grid. Disputed Baiano goal count is excluded.","2026-10-07"
"uae_pro_league_v2_111","medium400","leaguecup:nasr2015:bracescorer",,"من مهاجم النصر الذي سجل هدفين في الفوز 4-1 على الشارقة بنهائي كأس الرابطة عام 2015؟","Which Al Nasr striker scored twice in the 4-1 League Cup final win over Sharjah in 2015?","إبراهيما توريه","Ibrahima Toure","Khaleej Times — Contemporary League Cup final report","https://www.khaleejtimes.com/sports/local-sports/al-nasr-trounce-sharjah-to-clinch-arabian-gulf-cup","January 2015 final Al Nasr 4-1 Sharjah; Ibrahima Toure scored brace, debutant Pablo Hernandez scored, coach Ivan Jovanovic added cup to 2014 GCC title. Final goal identities used separately from earlier protected President's Cup shootout.","2026-10-07"
"uae_pro_league_v2_112","medium400","leaguecup:jazira2025:winningscorer",,"من سجل هدف الفوز للجزيرة في نهائي كأس مصرف أبوظبي الإسلامي عام 2025 أمام شباب الأهلي؟","Who scored Al Jazira's winning goal against Shabab Al Ahli in the 2025 ADIB Cup final?","نيسكينز كيبانو","Neeskens Kebano","UAE Pro League — ADIB Cup final official timeline 2025","https://www.uaeproleague.ae/en/fixtures/f12b3480-1130-11f0-b064-0db6574c55db","Al Jazira 2-1 Shabab Al Ahli; winner scored by Neeskens Kebano in minute 55; Vinicius Mello assisted both Al Jazira goals. Winner identity already protected, not repeated.","2026-10-07"
"uae_pro_league_v2_113","medium400","history:ain:purpleinspiration",,"أي نادٍ بلجيكي ألهم العين باعتماد اللون البنفسجي خلال معسكر في المغرب عام 1977؟","Which Belgian club inspired Al Ain to adopt purple during a camp in Morocco in 1977?","أندرلخت","Anderlecht","Emirates News Agency — AFC Al Ain badge history","https://www.wam.ae/en/article/hszracvj-ain-chosen-among-other-clubs-part-afcs-the-story","Purple adopted after seeing Anderlecht in Morocco in 1977. Badge fort Al Jahili. Only colour and Belgian inspiration used; fort history already in other banks excluded.","2026-10-07"
"uae_pro_league_v2_114","medium400","rules:2425:firsttiebreak",,"وفق لائحة دوري أدنوك 2024-2025، ما أول معيار للفصل بين أندية تتساوى في مجموع النقاط؟","Under the 2024-25 ADNOC Pro League regulations, what is the first tiebreaker for clubs level on points?","النقاط في المواجهات المباشرة بين الأندية المتساوية","Points in matches between the tied clubs","UAE Pro League — ADNOC Pro League regulations 2024-25","https://uae-proleague.s3.me-south-1.amazonaws.com/uploads/Extras/regulations/2425_EN/ADNOC%20Pro%20League%20Regulations_24-25.pdf","Articles 6 and 14: bottom two relegated to First Division; article 15 first tie-break points in matches between tied clubs; Article 54.1.2: three accumulated cautions suspend next same-competition match. Article 54.1.3: second caution erased after three actual same-competition appearances after second-caution match, not necessarily consecutive, without yellow/red cards or other disciplinary penalties. Article 54.5: transfers or loans within the season retain caution records. Season explicitly scoped. Exclude generic football laws, arbitrary fines and inconsistent second-round definition.","2026-10-07"
"uae_pro_league_v2_115","medium400","rules:2425:accumulatedcautions",,"كم إنذارًا متراكمًا يوقف لاعب دوري أدنوك مباراة واحدة وفق لائحة موسم 2024-2025؟","How many accumulated yellow cards trigger a one-match suspension under the 2024-25 ADNOC Pro League regulations?","ثلاثة إنذارات","Three yellow cards","UAE Pro League — ADNOC Pro League regulations 2024-25","https://uae-proleague.s3.me-south-1.amazonaws.com/uploads/Extras/regulations/2425_EN/ADNOC%20Pro%20League%20Regulations_24-25.pdf","Articles 6 and 14: bottom two relegated to First Division; article 15 first tie-break points in matches between tied clubs; Article 54.1.2: three accumulated cautions suspend next same-competition match. Article 54.1.3: second caution erased after three actual same-competition appearances after second-caution match, not necessarily consecutive, without yellow/red cards or other disciplinary penalties. Article 54.5: transfers or loans within the season retain caution records. Season explicitly scoped. Exclude generic football laws, arbitrary fines and inconsistent second-round definition.","2026-10-07"
"uae_pro_league_v2_116","medium400","history:bataeh:debutopponent",,"أي نادٍ واجه البطائح في أول مباراة له بدوري المحترفين، وفاز عليه 2-0 في سبتمبر 2022؟","Which club did Al Bataeh beat 2-0 in its first professional-league match in September 2022?","اتحاد كلباء","Ittihad Kalba","UAE Pro League — Al Bataeh professional debut","https://www.uaeproleague.ae/en/news-and-gallery/ittihad-kalba-vs-al-bataeh","September 2 2022 Al Bataeh first Pro League match versus Kalba, won 2-0; first goal by Lourency, assisted by goalkeeper Zayed Ahmed. Report erroneously calls second scorer Joao Pedro instead of Joao Novais, so second scorer excluded.","2026-10-07"
"uae_pro_league_v2_117","medium400","gulf:nasr2014:finalopponent",,"أي نادٍ عُماني هزمه النصر في نهائي بطولة الأندية الخليجية عام 2014؟","Which Omani club did Al Nasr beat in the 2014 GCC club championship final?","صحم","Saham","The National — Contemporary GCC club final report","https://www.thenationalnews.com/sport/emotional-night-in-dubai-as-al-nasr-beat-saham-to-win-gcc-clubs-championship-1.477720","Al Nasr beat Oman's Saham 2-1 in 2014 GCC final; Leonardo Lima winning penalty. Final-opponent identity and decisive scorer distinct from other Nasr cup finals.","2026-10-07"
"uae_pro_league_v2_118","medium400","gulf:baniyas2013:finalopponent",,"أي نادٍ قطري واجه بني ياس في نهائي بطولة الأندية الخليجية عام 2013؟","Which Qatari club faced Bani Yas in the 2013 GCC club championship final?","الخور","Al Khor","The National — Bani Yas GCC final second leg","https://www.thenationalnews.com/sport/baniyas-get-past-al-khor-to-win-gulf-clubs-championship-1.266146","May 2013 Bani Yas beat Al Khor 2-0 second leg, 3-1 aggregate; goals Mohamed Aboutrika and Nawaf Mubarak. Final opponent and Emirati final scorer used, not inverse of Aboutrika club identity.","2026-10-07"
"uae_pro_league_v2_119","medium400","transfer:azmoun2024:origin",,"أي نادٍ ألماني نقل سردار أزمون إلى شباب الأهلي عام 2024 بعد إعارته إلى روما؟","Which German club transferred Sardar Azmoun to Shabab Al Ahli in 2024 after his loan at Roma?","باير ليفركوزن","Bayer Leverkusen","Bayer Leverkusen — Official Azmoun departure","https://www.bayer04.de/en-us/news/bayer04/sardar-azmoun-completes-move-to-dubai","July 2024 Iran international Sardar Azmoun transferred to Shabab Al Ahli from Bayer Leverkusen, after AS Roma loan. Selling club not Roma.","2026-10-07"
"uae_pro_league_v2_120","medium400","transfer:holman2013:origin",,"من أي نادٍ إنجليزي انتقل بريت هولمان إلى النصر في صيف 2013؟","From which English club did Brett Holman move to Al Nasr in summer 2013?","أستون فيلا","Aston Villa","Reuters via Gulf Business — Brett Holman signing","https://gulfbusiness.com/al-nasr-sign-holman-from-premier-leagues-aston-villa/","June 2013 report quotes both clubs, Holman leaves Aston Villa for Al Nasr. Origin club fact only, no date ambiguity from earlier agreement.","2026-10-07"
"uae_pro_league_v2_121","medium400","transfer:karimi2005:destination",,"إلى أي نادٍ ألماني انتقل علي كريمي من الأهلي دبي عام 2005؟","Which German club did Ali Karimi join from Al Ahli Dubai in 2005?","بايرن ميونخ","Bayern Munich","UEFA — Bayern sign Ali Karimi","https://de.uefa.com/news-media/news/01a9-0f8ea4d92b1b-f1aa864b1513-1000--bayern-holt-iraner-karimi/","Ali Karimi moved from Al Ahli Dubai to Bayern Munich in 2005. Destination used; Asian award not used to avoid earlier bank overlap.","2026-10-07"
"uae_pro_league_v2_122","medium400","coaching:wasl2007:zemario",,"من المدرب البرازيلي الذي قاد الوصل للفوز بكأس رئيس الدولة عام 2007؟","Which Brazilian coach led Al Wasl to the President's Cup in 2007?","زي ماريو","Ze Mario","Al Ittihad — Interview with Zuhair Bakheet about Wasl","https://www.aletihad.ae/article/107325/2007","Contemporary May 2007 report describes Bakheet as Wasl star of 1980s and 1990s; identifies Brazilian Ze Mario as coach of cup-winning team. Do not reuse protected double-winning club identity.","2026-10-07"
"uae_pro_league_v2_123","medium400","match:ajmankalba2024:fourgoals",,"من مهاجم عجمان الذي سجّل أهداف فريقه الأربعة في الفوز 4-2 على اتحاد كلباء في مارس 2024؟","Which Ajman striker scored all four of his team's goals in their 4-2 win over Ittihad Kalba in March 2024?","وليد أزارو","Walid Azaro","UAE Pro League — Kalba v Ajman official match record, March 2024","https://www.uaeproleague.ae/en/fixtures/d5f29c9a-0f45-11ee-afb1-d481d7b85086","March 29 2024 league match Kalba 2-4 Ajman. Official goals list credits Waleed Azaro with all four Ajman goals, at 17, 65, 73 and 88 minutes; report calls it a super hat-trick.","2026-10-07"
"uae_pro_league_v2_124","medium400","match:nasrqatar2025:brace",,"من المهاجم الإماراتي الذي سجّل هدفين للنصر في فوزه 5-1 على نادي قطر بكأس السوبر القطري الإماراتي 2025؟","Which Emirati striker scored twice for Al Nasr in their 5-1 win over Qatar SC in the 2025 Qatar-UAE Super Cup?","علي مبخوت","Ali Mabkhout","Al Nasr Club — UAE-Qatar Super Cup triumph","https://www.alnasrclub.com/en/node/5203","Official club report dated January 17 2025 credits Ali Mabkhout with two goals in Al Nasr's 5-1 victory over Qatar SC. Goal timing of Gabbiadini differs from league display and is not used.","2026-10-07"
"uae_pro_league_v2_125","medium400","season:shabab202425:firstdefeat",,"أي فريق ألحق بشباب الأهلي أول هزيمة له في موسم الدوري الإماراتي 2024-2025؟","Which team handed Shabab Al Ahli their first league defeat of the 2024-25 season?","الوصل","Al Wasl","UAE Pro League — Al Wasl end Shabab Al Ahli's unbeaten league run","https://www.uaeproleague.ae/en/news-and-gallery/adnoc-pro-league-496","May 6 2025 league retrospective states Al Wasl handed Shabab Al Ahli their first defeat of the 2024-25 campaign. This is the opponent ending an unbeaten run, not the protected question asking the season's champion.","2026-10-07"
"uae_pro_league_v2_126","medium400","transfer:hamdanalkamali2012:loandestination",,"إلى أي نادٍ فرنسي انتقل حمدان الكمالي معارًا من الوحدة عام 2012؟","Which French club took Hamdan Al Kamali on loan from Al Wahda in 2012?","أولمبيك ليون","Olympique Lyonnais","OL Groupe — Published first-half 2011-12 financial report","https://cdn.financialreports.eu/financialreports/media/filings/1568/2012/IR/1568_ir_2012-02-29_11d59d78-c255-4989-bf28-b1754a3d6048.pdf","Issuer-authored report page 10 states Hamdan Al Kamali joined Olympique Lyonnais from Al Wahda on loan until June 30 2012 with an option to buy. Question asks loan destination, not first-team appearances.","2026-10-07"
"uae_pro_league_v2_127","medium400","venue:almaktoum2019:inaugurationguest",,"أي نادٍ إنجليزي واجه النصر وديًا في مارس 2019 بمناسبة افتتاح استاد آل مكتوم بعد تجديده؟","Which English club faced Al Nasr in a March 2019 friendly marking the inauguration of the refurbished Al Maktoum Stadium?","أرسنال","Arsenal","Al Nasr Club — Arsenal friendly inauguration announcement","https://alnasrclub.com/en/content/%E2%80%ABal-nasr-face-%E2%81%A6%E2%80%AAarsenal%E2%80%AC%E2%81%A9-friendly-match-inaugurate-al-maktoum-stadium%E2%80%AC","March 12 2019 announcement names Arsenal as the visitor for March 26 2019 official stadium inauguration event. This is the refurbished stadium event, not the stadium's original opening in 1978.","2026-10-07"
"uae_pro_league_v2_128","medium400","scoring:tagliabue:twowahdaawards",,"من مهاجم الوحدة الذي تصدّر هدافي الدوري الإماراتي في موسمي 2015-2016 و2018-2019؟","Which Al Wahda striker topped the UAE league scoring charts in both 2015-16 and 2018-19?","سيباستيان تيغالي","Sebastian Tagliabue","UAE Pro League — History of professional-era top scorers","https://www.uaeproleague.ae/en/news-and-gallery/adnoc-pro-league-564","Fernando Baiano inaugural professional Golden Boot 2008-09; Gyan three consecutive 2011-12 through 2013-14; Sebastian Tagliabue won for Al Wahda in both 2015-16 and 2018-19. Questions use inaugural or multiple-season player achievements, not a year-by-year winner grid. Disputed Baiano goal count is excluded.","2026-10-07"
"uae_pro_league_v2_129","medium400","match:kalbasharjah2025:comebackbrace",,"من لاعب كلباء الذي قلب تأخر فريقه أمام الشارقة إلى فوز 2-1 بهدفين متأخرين في فبراير 2025؟","Which Kalba player turned a deficit against Sharjah into a 2-1 win with two late goals in February 2025?","مهدي قائدي","Mehdi Ghayedi","UAE Pro League — Kalba v Sharjah official fixture, February 2025","https://www.uaeproleague.ae/en/fixtures/d2a208ff-a330-11ef-a85d-06a3b37a59fe","February 6 2025 league match: Caio Lucas gave Sharjah the lead, then Mehdi Ghayedi equalised and scored the stoppage-time winner for a 2-1 Kalba comeback. Question asks the player, not arbitrary minutes.","2026-10-07"
"uae_pro_league_v2_130","medium400","record:adibcup:alltimegoalsleader2026",,"من كان الهداف التاريخي لكأس مصرف أبوظبي الإسلامي عند انطلاق نسخة 2026–2027؟","Who was the ADIB Cup's all-time leading scorer at the start of the 2026–27 edition?","سيباستيان تيغالي","Sebastian Tagliabue","UAE Pro League — ADIB Cup historic scoring record, September 2026","https://uaeproleague.ae/en/news-and-gallery/lima-closes-in-on-tagliabues-adib-cup-goalscoring-record","September 18 2026 official retrospective identifies Sebastian Tagliabue as the all-time leading scorer in ADIB Cup history, ahead of Fabio Lima. Date scope fixes the potentially changing record; no arbitrary goal count is asked.","2026-10-07"
"uae_pro_league_v2_131","medium400","identity:kalba:crestfoliage2024",,"أوراق أي أشجار تحيط بالحصن في شعار نادي كلباء الذي أُطلق عام 2024؟","Which trees' leaves surround the fort in Kalba Club's crest launched in 2024?","أشجار القرم «المانغروف»","Mangrove trees","Al Ittihad — Kalba chairman on title and new identity","https://www.aletihad.ae/news/الرياضي/4491744/محمد-اليماحي--التتويج-بدرع-دوري-21-فرحة--مدينة","June 5 2024 direct chairman report confirms removal of Ittihad from club name, first professional U21 title in 2023-24, and new crest showing Kalba Fort surrounded by mangrove leaves. Only name change and crest foliage are asked; conflicting points totals in report are excluded.","2026-10-07"
"uae_pro_league_v2_132","medium400","coach:jurcic:nasr2020cup",,"من المدرب الذي قاد النصر للفوز بكأس الخليج العربي عام 2020؟","Which coach led Al Nasr to the Arabian Gulf Cup title in 2020?","كرونوسلاف يورتشيتش","Krunoslav Jurcic","The National — Al Nasr win 2020 League Cup final","https://www.thenationalnews.com/sport/football/al-nasr-lift-arabian-gulf-cup-with-victory-over-shabaab-al-ahli-1.965657","January 18 2020 contemporary final report directly quotes winning Al Nasr coach Krunoslav Jurcic after 2-1 win over Shabab Al Ahli. Coaching identity distinct from winning club and individual goals.","2026-10-07"
"uae_pro_league_v2_133","medium400","identity:league:matchballsupplier2026",,"ما العلامة الإيطالية التي أعلنت الرابطة اعتمادها مورّداً حصرياً لكرات مبارياتها في يوليو 2026؟","Which Italian brand did the UAE Pro League announce as its exclusive match-ball supplier in July 2026?","إيريا","Errea","UAE Pro League — Errea named official match ball supplier","https://www.uaeproleague.ae/en/news-and-gallery/errea-named-strategic-partner-and-official-match-ball-supplier-of-uae-pro-league-competitions","July 2 2026 official announcement identifies Italian brand Errea as exclusive official match-ball supplier through 2028-29. Question asks supplier identity at agreement announcement, not contract duration.","2026-10-07"
"uae_pro_league_v2_134","medium400","youth:kalba:firstprofessionalU21title2024",,"أي نادٍ حقق أول لقب له في دوري المحترفين تحت 21 عاماً بموسم 2023–2024، بالتزامن مع إطلاق هويته الجديدة؟","Which club won its first professional U21 league title in 2023–24, coinciding with the launch of its new identity?","كلباء","Kalba","Al Ittihad — Kalba chairman on title and new identity","https://www.aletihad.ae/news/الرياضي/4491744/محمد-اليماحي--التتويج-بدرع-دوري-21-فرحة--مدينة","June 5 2024 direct chairman report confirms removal of Ittihad from club name, first professional U21 title in 2023-24, and new crest showing Kalba Fort surrounded by mangrove leaves. Only name change and crest foliage are asked; conflicting points totals in report are excluded.","2026-10-07"
"uae_pro_league_v2_135","medium400","rules:league:transferredcautions2425",,"وفق لائحة دوري 2024–2025، هل يُصفَّر رصيد إنذارات اللاعب إذا انتقل لنادٍ آخر خلال الموسم؟","Under the 2024–25 league regulations, is a player's caution tally reset if he transfers to another club during the season?","لا، يحتفظ برصيد إنذاراته","No; he retains his caution tally","UAE Pro League — ADNOC Pro League regulations 2024-25","https://uae-proleague.s3.me-south-1.amazonaws.com/uploads/Extras/regulations/2425_EN/ADNOC%20Pro%20League%20Regulations_24-25.pdf","Articles 6 and 14: bottom two relegated to First Division; article 15 first tie-break points in matches between tied clubs; Article 54.1.2: three accumulated cautions suspend next same-competition match. Article 54.1.3: second caution erased after three actual same-competition appearances after second-caution match, not necessarily consecutive, without yellow/red cards or other disciplinary penalties. Article 54.5: transfers or loans within the season retain caution records. Season explicitly scoped. Exclude generic football laws, arbitrary fines and inconsistent second-round definition.","2026-10-07"
"uae_pro_league_v2_136","medium400","coach:ivic:ain2026double",,"من المدرب الذي قاد العين للجمع بين الدوري وكأس رئيس الدولة في موسم 2025–2026؟","Which coach led Al Ain to the league and President's Cup double in 2025–26?","فلاديمير إيفيتش","Vladimir Ivic","UAE Pro League — 2026-27 coaching line-up","https://www.uaeproleague.ae/en/news-and-gallery/14-coaches-set-to-shape-the-202627-adnoc-pro-league-season","Official August 2026 preview names Andrea Pirlo as United head coach for 2026-27. Also records Vladimir Ivic leading Al Ain to the 2025-26 league and President's Cup double; facts not interchangeable with club winner identities.","2026-10-07"
"uae_pro_league_v2_137","hard600","coaching:supercup2025:morais",,"من المدرب البرتغالي الذي قاد الشارقة للفوز بالسوبر الإماراتي في ديسمبر 2025؟","Which Portuguese coach led Sharjah to the UAE Super Cup in December 2025?","جوزيه مورايس","Jose Morais","UAE Pro League — Sharjah Super Cup milestones","https://www.uaeproleague.ae/en/news-and-gallery/emaar-super-cup-36","Sharjah won December 2025 Super Cup 3-2 against Shabab Al Ahli; Jose Morais second Portuguese winning coach after Paulo Sousa; all three Sharjah professional-era titles won at Al Maktoum Stadium. No implication that previous title venue equals Al Nasr home-stadium fact.","2026-10-07"
"uae_pro_league_v2_138","hard600","venue:sharjahsupercups:firstthree",,"في أي ملعب حقق الشارقة ألقابه الثلاثة الأولى للسوبر في عصر الاحتراف؟","At which stadium did Sharjah win its first three professional-era Super Cup titles?","استاد آل مكتوم","Al Maktoum Stadium","UAE Pro League — Sharjah Super Cup milestones","https://www.uaeproleague.ae/en/news-and-gallery/emaar-super-cup-36","Sharjah won December 2025 Super Cup 3-2 against Shabab Al Ahli; Jose Morais second Portuguese winning coach after Paulo Sousa; all three Sharjah professional-era titles won at Al Maktoum Stadium. No implication that previous title venue equals Al Nasr home-stadium fact.","2026-10-07"
"uae_pro_league_v2_139","hard600","organization:league:originalname",,"بأي اسم تأسست الجهة المنظمة لدوري المحترفين الإماراتي عام 2008؟","Under what name was the UAE professional league's organizing body established in 2008?","دوري كرة القدم الإماراتي","UAE Football League","UAE Pro League — About Us","https://www.uaeproleague.ae/en/about","Organizer of ADNOC Pro League, ADIB Cup, EMAAR Super Cup and U23 competition; established 2008 as UAE Football League; recognized independent legal person in 2019. No first-division/broadcast-rights assumptions beyond text.","2026-10-07"
"uae_pro_league_v2_140","hard600","leaguecup:2024final:winningassist",,"من صاحب التمريرة التي سجل منها لوكاس بيمنتا هدف نهائي كأس الرابطة 2024؟","Who provided the assist for Lucas Pimenta's goal in the 2024 League Cup final?","سلطان الزعابي","Sultan Al-Zaabi","UAE Pro League — 2024 ADIB Cup final timeline","https://www.uaeproleague.ae/en/fixtures/a5a4b650-dcaf-11ee-9c7c-f9403a55ab9f","Lucas Pimenta winning header assisted by Sultan Al-Zaabi. Final fixture, not arbitrary routine-game statistic.","2026-10-07"
"uae_pro_league_v2_141","hard600","coaching:bataeh2023:radoi",,"من المدرب الروماني الذي بدأ موسم 2023-2024 على رأس الجهاز الفني للبطائح؟","Which Romanian coach began 2023-24 in charge of Al Bataeh?","ميريل رادوي","Mirel Radoi","UAE Pro League — 2023-24 coaches preview","https://www.uaeproleague.ae/en/news-and-gallery/9-new-head-coaches-to-show-up-in-adnoc-pro-league","Frank de Boer Al Jazira; Pitso Mosimane Al Wahda; Mirel Radoi Al Bataeh; Darko Milanic Bani Yas; Marko Nikolic Shabab Al Ahli; Goran Tufegdzic Al Nasr after Ajman. Exclude incorrect Milos surname and internally inconsistent number of unchanged managers.","2026-10-07"
"uae_pro_league_v2_142","hard600","coaching:baniyas2023:milanic",,"من المدرب السلوفيني الذي تولى بني ياس عند بداية موسم 2023-2024؟","Which Slovenian coach took charge of Bani Yas at the start of 2023-24?","داركو ميلانيتش","Darko Milanic","UAE Pro League — 2023-24 coaches preview","https://www.uaeproleague.ae/en/news-and-gallery/9-new-head-coaches-to-show-up-in-adnoc-pro-league","Frank de Boer Al Jazira; Pitso Mosimane Al Wahda; Mirel Radoi Al Bataeh; Darko Milanic Bani Yas; Marko Nikolic Shabab Al Ahli; Goran Tufegdzic Al Nasr after Ajman. Exclude incorrect Milos surname and internally inconsistent number of unchanged managers.","2026-10-07"
"uae_pro_league_v2_143","hard600","scoring:shabab2023:clubleader",,"من كان هداف شباب الأهلي في الدوري خلال موسم تتويجه 2022-2023؟","Who was Shabab Al Ahli's leading league scorer in its 2022-23 championship season?","فيديريكو كارتابيا","Federico Cartabia","UAE Pro League — Shabab Al Ahli 2022-23 retrospective","https://www.uaeproleague.ae/en/news-and-gallery/adnoc-pro-league-49","Leonardo Jardim coach in title campaign; Federico Cartabia club leading scorer with 11; league and U21 titles; Al Jazira inaugural U21 champion in 2008-09. No repeated senior-season winner identity.","2026-10-07"
"uae_pro_league_v2_144","hard600","awards:2024:fansgoal",,"من لاعب الوحدة المخضرم الذي فاز بجائزة أجمل هدف من اختيار الجمهور عن موسم 2023-2024؟","Which veteran Al Wahda player won the Fans' Goal of the Year award for 2023-24?","إسماعيل مطر","Ismail Matar","UAE Pro League — 2023-24 official awards","https://www.uaeproleague.ae/en/news-and-gallery/the-best-4","Ali Saleh Emirati Golden Ball; Nicolas Gimenez foreign Golden Ball; Rahimi fans choice; Khaled Al-Senaani Golden Glove; Sultan Adill young Emirati Golden Boy; Seko Baba Gassama young resident/born Golden Boy; Omar Khribin league Golden Shoe; Ismail Matar fans goal; Mansoor Saeed U23 Silver Shoe. Distinct award identities; coach award excluded because UAE Football already asks same coach/title campaign.","2026-10-07"
"uae_pro_league_v2_145","hard600","awards:2024:residentyoungplayer",,"من لاعب البطائح الذي نال الفتى الذهبي لفئة المقيمين ومواليد الدولة عن موسم 2023-2024؟","Which Al Bataeh player won the 2023-24 Golden Boy award in the resident/UAE-born category?","سيكو بابا غاساما","Seko Baba Gassama","UAE Pro League — 2023-24 official awards","https://www.uaeproleague.ae/en/news-and-gallery/the-best-4","Ali Saleh Emirati Golden Ball; Nicolas Gimenez foreign Golden Ball; Rahimi fans choice; Khaled Al-Senaani Golden Glove; Sultan Adill young Emirati Golden Boy; Seko Baba Gassama young resident/born Golden Boy; Omar Khribin league Golden Shoe; Ismail Matar fans goal; Mansoor Saeed U23 Silver Shoe. Distinct award identities; coach award excluded because UAE Football already asks same coach/title campaign.","2026-10-07"
"uae_pro_league_v2_146","hard600","scoring:u23_2024:silvershoe",,"من لاعب الوحدة الفائز بالحذاء الفضي لهداف دوري تحت 23 عامًا عن موسم 2023-2024؟","Which Al Wahda player won the 2023-24 Silver Shoe for the Under-23 league's top scorer?","منصور سعيد","Mansoor Saeed","UAE Pro League — 2023-24 official awards","https://www.uaeproleague.ae/en/news-and-gallery/the-best-4","Ali Saleh Emirati Golden Ball; Nicolas Gimenez foreign Golden Ball; Rahimi fans choice; Khaled Al-Senaani Golden Glove; Sultan Adill young Emirati Golden Boy; Seko Baba Gassama young resident/born Golden Boy; Omar Khribin league Golden Shoe; Ismail Matar fans goal; Mansoor Saeed U23 Silver Shoe. Distinct award identities; coach award excluded because UAE Football already asks same coach/title campaign.","2026-10-07"
"uae_pro_league_v2_147","hard600","player:yousufmohammad:ahliarrivalclub",,"من أي نادٍ ألماني ضم الأهلي دبي المدافع يوسف محمد ليشغل مكان كانافارو؟","From which German club did Al Ahli Dubai recruit Yousuf Mohammad to fill Cannavaro's place?","كولن","FC Koln","AFC — Al Ahli sign Lebanese defender","https://www.the-afc.com/en/more/news/al_ahli_rope_in_lebanese_defender.html","Yousuf Mohammad joined Al Ahli from FC Koln to replace Fabio Cannavaro; Jaja from Trabzonspor, Chilean Luis Jimenez and coach Ivan Hasek also identified. Migrated page date excluded.","2026-10-07"
"uae_pro_league_v2_148","hard600","history:nasr:nameproposer",,"من لاعب النادي الذي اقترح اسم «النصر» عقب رحلة الفريق إلى قطر؟","Which player proposed the name Al Nasr following the team's trip to Qatar?","إبراهيم جمعة","Ibrahim Jumaa","Al Nasr Club — Official historical archive","https://www.alnasrclub.com/ar/node/264","Initial name Al Ahli and red-white striped shirts; Nasr name proposed by Ibrahim Jumaa following Qatar trip; Liverpool visit 1978 and Santos/Pele visit. Early footballs brought by Dubai traders from Bombay; conflicting Santos visit date excluded. Founding year and Ghubaiba already used elsewhere.","2026-10-07"
"uae_pro_league_v2_149","hard600","history:nasr:firstshirtcolours",,"ما لونا القمصان المخططة التي ارتداها النصر في بداياته، حين كان يُسمّى الأهلي؟","What two colours featured on Al Nasr's original striped shirts when the club was called Al Ahli?","الأحمر والأبيض","Red and white","Al Nasr Club — Official historical archive","https://www.alnasrclub.com/ar/node/264","Initial name Al Ahli and red-white striped shirts; Nasr name proposed by Ibrahim Jumaa following Qatar trip; Liverpool visit 1978 and Santos/Pele visit. Early footballs brought by Dubai traders from Bombay; conflicting Santos visit date excluded. Founding year and Ghubaiba already used elsewhere.","2026-10-07"
"uae_pro_league_v2_150","hard600","history:nasr:firstballsimportcity",,"من أي مدينة هندية كان تجار دبي يجلبون الكرات للاعبي النصر في بدايات النادي؟","From which Indian city did Dubai traders bring footballs for Al Nasr's players in the club's early days?","بومباي، مومباي حاليًا","Bombay, now Mumbai","Al Nasr Club — Official historical archive","https://www.alnasrclub.com/ar/node/264","Initial name Al Ahli and red-white striped shirts; Nasr name proposed by Ibrahim Jumaa following Qatar trip; Liverpool visit 1978 and Santos/Pele visit. Early footballs brought by Dubai traders from Bombay; conflicting Santos visit date excluded. Founding year and Ghubaiba already used elsewhere.","2026-10-07"
"uae_pro_league_v2_151","hard600","record:shabab2024:hattrickplayer",,"من سجل الهاتريك في انتصار شباب الأهلي التاريخي 10-0 على حتا عام 2024؟","Who scored a hat-trick in Shabab Al Ahli's historic 10-0 win over Hatta in 2024?","مؤنس دبور","Munas Dabbur","UAE Pro League — Record 10-0 victory","https://www.uaeproleague.ae/en/news-and-gallery/shabab-al-ahli-secure-biggest-win-in-adnoc-pro-league-history","Shabab Al Ahli beat Hatta 10-0 on 2 June 2024, biggest professional-league victory at time. Munas Dabbur hat-trick; Harib Suhail and Igor Jesus each twice. Record winner and hat-trick scorer are distinct facts; opponent/score inverse not separately asked.","2026-10-07"
"uae_pro_league_v2_152","hard600","player:jaja:ahliarrivalclub",,"من أي نادٍ تركي انتقل المهاجم جاجا كويلو إلى الأهلي دبي؟","From which Turkish club did striker Jaja Coelho join Al Ahli Dubai?","طرابزون سبور","Trabzonspor","AFC — Al Ahli sign Lebanese defender","https://www.the-afc.com/en/more/news/al_ahli_rope_in_lebanese_defender.html","Yousuf Mohammad joined Al Ahli from FC Koln to replace Fabio Cannavaro; Jaja from Trabzonspor, Chilean Luis Jimenez and coach Ivan Hasek also identified. Migrated page date excluded.","2026-10-07"
"uae_pro_league_v2_153","hard600","match:ain2022clincher:fourgoalscorer",,"من سجل أربعة أهداف للعين في مباراة حسم لقب الدوري بالفوز 5-0 على الجزيرة عام 2022؟","Who scored four goals for Al Ain in the 5-0 title-clinching win over Al Jazira in 2022?","لابا كودجو","Laba Kodjo","UAE Pro League — Al Ain title clincher 2022","https://www.uaeproleague.ae/en/news-and-gallery/alain-wins-the-title","Togolese Laba Kodjo scored four in 5-0 title-clinching win over Al Jazira. Nationality and memorable four-goal clincher distinct; winner season identity not repeated.","2026-10-07"
"uae_pro_league_v2_154","hard600","player:tissoudali:transferorigin",,"من أي نادٍ يوناني ضم خورفكان طارق تيسودالي في صيف 2025؟","From which Greek club did Khorfakkan sign Tarik Tissoudali in summer 2025?","باوك","PAOK","UAE Pro League — Summer arrivals 2025","https://www.uaeproleague.ae/en/news-and-gallery/adnoc-pro-league-582","Dusan Tadic Serbian playmaker joined Al Wahda from Fenerbahce; Tarik Tissoudali Moroccan forward signed by Khorfakkan from PAOK. Avoid conflicting Adryelson/Hugo previous-club claims versus transfer roundup.","2026-10-07"
"uae_pro_league_v2_155","hard600","player:tapia:transferorigin",,"من أي نادٍ إسباني انتقل ريناتو تابيا إلى الوصل في صيف 2025؟","From which Spanish club did Renato Tapia join Al Wasl in summer 2025?","ليغانيس","Leganes","UAE Pro League — Summer 2025-26 transfer roundup","https://www.uaeproleague.ae/en/news-and-gallery/adnoc-pro-league-541","14 league teams. Renato Tapia Peru joined Al Wasl from Leganes; Rami Rabia joined Al Ain from Al Ahly Egypt; Ali Salmeen moved Al Wasl to Kalba. Conflicting Adryelson/Hugo claims excluded.","2026-10-07"
"uae_pro_league_v2_156","hard600","competition:league:cancelledseason",,"أي موسم للدوري الإماراتي أُلغي بعد انطلاقه ولم يُستكمل في 2020؟","Which UAE league season was cancelled after it had started and was not completed in 2020?","2019-2020","2019-20","UAE Pro League — Defending champions opening-day history","https://www.uaeproleague.ae/en/news-and-gallery/how-have-defending-champions-fared-on-the-opening-day-of-the-adnoc-pro-league","Professional era introduced 2008-09; 2019-20 season later cancelled. Historical season identity only; no unsupported cancellation procedure.","2026-10-07"
"uae_pro_league_v2_157","hard600","leaguecup:2020final:winningscorer",,"من سجل هدف النصر الثاني والحاسم في نهائي كأس الرابطة 2020؟","Who scored Al Nasr's decisive second goal in the 2020 League Cup final?","أنطونيو توزي","Antonio Toze","Al Nasr Club — 2020 League Cup final report","https://www.alnasrclub.com/en/content/al-nasr-crowned-arabian-gulf-cup-champions-0","Alvaro Negredo scored after ten seconds in final against Shabab Al Ahli; Antonio Toze scored winning second goal, Ahmed Shambih goalkeeper. Distinct opening record and winner; winner club already asked in UAE Football excluded.","2026-10-07"
"uae_pro_league_v2_158","hard600","supercup:2016:ahlipenaltyscorer",,"من أحرز ركلة الجزاء التي منحت الأهلي هدفه الثاني في السوبر الإماراتي بالقاهرة عام 2016؟","Who converted the penalty for Al Ahli's second goal in the 2016 UAE Super Cup in Cairo?","رودريغو ليما","Rodrigo Lima","The National — UAE Super Cup 2016 match report","https://www.thenationalnews.com/sport/uae-super-cup-al-ahli-win-historic-match-against-al-jazira-as-two-players-sent-off-in-cairo-1.179596","Al Ahli second goal Rodrigo Lima penalty; opening goal Mohammed Fawzi own goal; venue Air Force Stadium Cairo. Contemporary match report; no conflict-prone exact scoring minutes used.","2026-10-07"
"uae_pro_league_v2_159","hard600","coaching:jazira:bragasuccessor",,"من المدرب البلجيكي الذي خلف أبيل براغا في الجزيرة بعد ثنائية 2011؟","Which Belgian coach succeeded Abel Braga at Al Jazira after the 2011 double?","فرانكي فيركاوترن","Franky Vercauteren","AFC — Al Jazira club profile","https://www.the-afc.com/en/more/news/al_jazira_uae_1.html","Abel Braga coached 2011 double; successor Belgian Franky Vercauteren; Brazilian Ricardo Oliveira key forward. Earlier Weah, stadium, founding and league-winner facts excluded.","2026-10-07"
"uae_pro_league_v2_160","hard600","history:baniyas:1992division",,"في أي درجة كان بني ياس يلعب عند فوزه بكأس رئيس الدولة 1992؟","In which division was Bani Yas playing when it won the 1992 President's Cup?","الدرجة الثانية","The second division","AFC — Bani Yas club profile","https://www.the-afc.com/en/more/news/baniyas_uae_1.html","Omani midfielder Fawzi Bashir; Bani Yas second-division side when winning 1992 President's Cup; reached second place in 2010-11; Jorvan Vieira replaced by Gabriel Calderon. Avoid contradictory headline qualified-third versus body league-second.","2026-10-07"
"uae_pro_league_v2_161","hard600","supercup:2010:emiratesbracescorer",,"من لاعب الإمارات الذي سجل هدفين في انتصار السوبر 3-1 على الوحدة عام 2010؟","Which Emirates Club player scored twice in the 3-1 Super Cup victory over Al Wahda in 2010?","كريم كركار","Karim Kerkar","Emirates 24/7 — Emirates Super Cup victory","https://www.emirates247.com/sports/football/emirates-club-triumph-in-super-cup-tie-2010-08-21-1.281725","Emirates beat Al Wahda 3-1 in August 2010 Super Cup; Karim Kerkar scored twice. Contemporary direct match reporting; winning club and brace scorer distinct.","2026-10-07"
"uae_pro_league_v2_162","hard600","player:ahmedkhalil:firstleaguegoalopponent",,"أمام أي نادٍ سجل أحمد خليل أول أهدافه في الدوري مع الأهلي في مايو 2007؟","Against which club did Ahmed Khalil score his first league goal for Al Ahli in May 2007?","الوحدة","Al Wahda","AFC — Ahmed Khalil profile","https://assets.the-afc.com/migration/w/a/wamq2mdtwzshy1ruw3f8.pdf","Elder brother Faisal played alongside Ahmed Khalil at Al Ahli. Ahmed's first league goal against Al Wahda in May 2007. National-team records already used elsewhere excluded; differing seven/eight youth joining age across profiles excluded.","2026-10-07"
"uae_pro_league_v2_163","hard600","continental:nasr:firstaclwinbracescorer",,"من سجل هدفي النصر في أول انتصار له بدوري أبطال آسيا، على لخويا؟","Who scored both Al Nasr goals in its first AFC Champions League victory, against Lekhwiya?","أمارا ديانيه","Amara Diane","AFC — Al Nasr first AFC Champions League victory","https://www.the-afc.com/en/club/afc_champions_league/news/al_nasr_2-1_lekhwiya.html","Amara Diane scored both goals in club's first ACL victory, 2-1 versus Lekhwiya. First-continental-win opponent and brace scorer distinct.","2026-10-07"
"uae_pro_league_v2_164","hard600","continental:wahda2017:playoffopponent",,"أي نادٍ أردني هزمه الوحدة 3-0 في الملحق المؤهل لمجموعات دوري أبطال آسيا 2017؟","Which Jordanian club did Al Wahda beat 3-0 in the playoff for the 2017 AFC Champions League group stage?","الوحدات","Al Wehdat","AFC — Al Wahda qualify for 2017 group stage","https://www.the-afc.com/en/club/afc_champions_league/news/al_wahda_domination_helped_seal_acl_group_stage_spot.html","Al Wahda beat Jordan's Al Wehdat 3-0 in playoff to reach 2017 ACL groups. Opponent only.","2026-10-07"
"uae_pro_league_v2_165","hard600","player:dzsudzsak:transferorigin",,"من أي نادٍ تركي انتقل بالاش جوجاك إلى الوحدة في 2016؟","From which Turkish club did Balazs Dzsudzsak join Al Wahda in 2016?","بورصا سبور","Bursaspor","AFC — Confirmed Asian transfers August 2016","https://www.the-afc.com/en/west/uae/news/ins__outs_asia%E2%80%99s_latest_confirmed_transfer_news.html","Hungary captain Balazs Dzsudzsak joined Al Wahda from Bursaspor; Moroccan Mbark Boussoufa joined Al Jazira; Bani Yas appointed Uruguayan Pablo Repetto from Libertadores finalists Independiente del Valle. Migrated page date excluded.","2026-10-07"
"uae_pro_league_v2_166","hard600","coaching:repetto:baniyasorigin",,"ما النادي الإكوادوري الذي تركه بابلو ريبيتو بعد نهائي ليبرتادوريس 2016 ليتولى بني ياس؟","Which Ecuadorian club did Pablo Repetto leave after the 2016 Libertadores final to take charge of Bani Yas?","إنديبندينتي ديل فايي","Independiente del Valle","AFC — Confirmed Asian transfers August 2016","https://www.the-afc.com/en/west/uae/news/ins__outs_asia%E2%80%99s_latest_confirmed_transfer_news.html","Hungary captain Balazs Dzsudzsak joined Al Wahda from Bursaspor; Moroccan Mbark Boussoufa joined Al Jazira; Bani Yas appointed Uruguayan Pablo Repetto from Libertadores finalists Independiente del Valle. Migrated page date excluded.","2026-10-07"
"uae_pro_league_v2_167","hard600","awards:2023:adibgoldenshoe",,"من مهاجم خورفكان الذي فاز بالحذاء الذهبي لهداف كأس مصرف أبوظبي الإسلامي لموسم 2022-2023؟","Which Khorfakkan striker won the ADIB Cup Golden Shoe for 2022-23?","أيلتون فيليبي","Aylton Filipe","UAE Pro League — Official 2022-23 annual awards","https://www.uaeproleague.ae/en/news-and-gallery/-327","Federico Cartabia foreign Golden Ball; Harib Suhail young Emirati Golden Boy; Aylton Filipe Khorfakkan ADIB Cup Golden Shoe. Award categories distinguished from 2024 awards.","2026-10-07"
"uae_pro_league_v2_168","hard600","continental:jazira2021:pirae",,"أي فريق من تاهيتي واجه الجزيرة في افتتاح مشواره بنسخة 2021 من كأس العالم للأندية؟","Which Tahitian team faced Al Jazira in its opening match at the 2021 Club World Cup?","إيه إس بيراي","AS Pirae","UAE Pro League — Al Jazira second Club World Cup appearance","https://www.uaeproleague.ae/en/news-and-gallery/aljaziraworldcup1","First UAE club with two Club World Cup appearances, editions 2017 and 2021; 2021 edition played February 2022; opening opponent AS Pirae from Tahiti.","2026-10-07"
"uae_pro_league_v2_169","hard600","awards:monthly:statisticsprovider",,"أي شركة بيانات رياضية تعتمد الرابطة على إحصاءاتها لاختيار المرشحين لجوائز دورينا الشهرية قبل تصويت الجماهير؟","Which sports data company supplies the statistics used to shortlist UAE league monthly-award nominees before fan voting?","أوبتا","Opta","UAE Pro League — Al Jazira title campaign awards","https://uaeproleague.ae/en/news-and-gallery/al-jazira-trio-sweep-april-may-best-awards","Marcel Keizer led champions Al Jazira in 2020-21. Monthly award shortlists use OPTA performance statistics before fan voting.","2026-10-07"
"uae_pro_league_v2_170","hard600","record:professionalera:firstgoldenboot",,"من مهاجم الجزيرة الذي أصبح أول هداف للدوري الإماراتي في عصر الاحتراف، بموسم 2008-2009؟","Which Al Jazira striker became the UAE league's first professional-era top scorer in 2008-09?","فرناندو بيانو","Fernando Baiano","UAE Pro League — History of professional-era top scorers","https://www.uaeproleague.ae/en/news-and-gallery/adnoc-pro-league-564","Fernando Baiano inaugural professional Golden Boot 2008-09; Gyan three consecutive 2011-12 through 2013-14; Sebastian Tagliabue won for Al Wahda in both 2015-16 and 2018-19. Questions use inaugural or multiple-season player achievements, not a year-by-year winner grid. Disputed Baiano goal count is excluded.","2026-10-07"
"uae_pro_league_v2_171","hard600","history:khorfakkan:mergerpartner",,"ما النادي الذي اندمج مع خورفكان لتكوين نادي الخليج بحسب التاريخ الرسمي للنادي؟","According to the club's official history, which club merged with Khorfakkan to form Al Khaleej?","اليرموك","Al Yarmouk","Khorfakkan Sports Club — Official club history","https://www.khorfakkansc.ae/%D8%AD%D9%88%D9%84-%D8%A7%D9%84%D9%86%D8%A7%D8%AF%D9%8A","Former name Al Khaleej changed to Khorfakkan in 2017. Club located in emirate Sharjah; origin merger Al Yarmouk with Khorfakkan. Conflicting 1980/1981 foundation wording excluded.","2026-10-07"
"uae_pro_league_v2_172","hard600","leaguecup:nasr2015:debutantscorer",,"من اللاعب الإسباني الذي سجل للنصر في نهائي كأس الرابطة عام 2015 خلال أول مباراة له مع الفريق؟","Which Spanish player scored for Al Nasr in the 2015 League Cup final on his club debut?","بابلو هيرنانديز","Pablo Hernandez","Khaleej Times — Contemporary League Cup final report","https://www.khaleejtimes.com/sports/local-sports/al-nasr-trounce-sharjah-to-clinch-arabian-gulf-cup","January 2015 final Al Nasr 4-1 Sharjah; Ibrahima Toure scored brace, debutant Pablo Hernandez scored, coach Ivan Jovanovic added cup to 2014 GCC title. Final goal identities used separately from earlier protected President's Cup shootout.","2026-10-07"
"uae_pro_league_v2_173","hard600","transfer:mierez2024:origin",,"من أي نادٍ كرواتي انتقل رامون ميريز إلى الجزيرة في صيف 2024؟","From which Croatian club did Ramon Mierez move to Al Jazira in summer 2024?","أوسييك","NK Osijek","NK Osijek — Official Ramon Mierez departure","https://nk-osijek.hr/vijesti/35482/mierez-nk-osijek-i-svakog-navijaca-nosim-u-svom-srcu/","August 2024 contract termination and departure to Al Jazira. Origin NK Osijek explicitly confirmed by former club.","2026-10-07"
"uae_pro_league_v2_174","hard600","leaguecup:jazira2025:twoassists",,"من صنع هدفي الجزيرة في الفوز 2-1 بنهائي كأس مصرف أبوظبي الإسلامي عام 2025؟","Who assisted both Al Jazira goals in the 2-1 win in the 2025 ADIB Cup final?","فينيسيوس ميلو","Vinicius Mello","UAE Pro League — ADIB Cup final official timeline 2025","https://www.uaeproleague.ae/en/fixtures/f12b3480-1130-11f0-b064-0db6574c55db","Al Jazira 2-1 Shabab Al Ahli; winner scored by Neeskens Kebano in minute 55; Vinicius Mello assisted both Al Jazira goals. Winner identity already protected, not repeated.","2026-10-07"
"uae_pro_league_v2_175","hard600","supercup:fastestgoal:emenike",,"من مهاجم العين الذي حمل رقم أسرع هدف في تاريخ السوبر الإماراتي، بحسب إحصاءات الرابطة المنشورة في ديسمبر 2025؟","Which Al Ain striker held the UAE Super Cup fastest-goal record according to the league's December 2025 statistics?","إيمانويل إيمينيكي","Emmanuel Emenike","UAE Pro League — Super Cup history December 2025","https://www.uaeproleague.ae/en/news-and-gallery/emaar-super-cup-29","Emmanuel Emenike scored fastest Super Cup goal, 2 minutes 53 seconds in 2015 Al Ain-Al Nasr. Record scoped to December 2025 article; other arbitrary interval counts excluded.","2026-10-07"
"uae_pro_league_v2_176","hard600","history:bataeh:firstprogoalscorer",,"من سجل أول هدف للبطائح في دوري المحترفين خلال ظهوره الأول أمام كلباء في سبتمبر 2022؟","Who scored Al Bataeh's first professional-league goal on its debut against Kalba in September 2022?","لورنسي","Lourency","UAE Pro League — Al Bataeh professional debut","https://www.uaeproleague.ae/en/news-and-gallery/ittihad-kalba-vs-al-bataeh","September 2 2022 Al Bataeh first Pro League match versus Kalba, won 2-0; first goal by Lourency, assisted by goalkeeper Zayed Ahmed. Report erroneously calls second scorer Joao Pedro instead of Joao Novais, so second scorer excluded.","2026-10-07"
"uae_pro_league_v2_177","hard600","gulf:nasr2014:winningpenalty",,"من سجل ركلة الجزاء التي منحت النصر هدف الفوز على صحم في نهائي البطولة الخليجية عام 2014؟","Who scored the penalty that gave Al Nasr its winning goal against Saham in the 2014 GCC final?","ليوناردو ليما","Leonardo Lima","The National — Contemporary GCC club final report","https://www.thenationalnews.com/sport/emotional-night-in-dubai-as-al-nasr-beat-saham-to-win-gcc-clubs-championship-1.477720","Al Nasr beat Oman's Saham 2-1 in 2014 GCC final; Leonardo Lima winning penalty. Final-opponent identity and decisive scorer distinct from other Nasr cup finals.","2026-10-07"
"uae_pro_league_v2_178","hard600","gulf:baniyas2013:emiratiscorer",,"من اللاعب الإماراتي الذي سجل لبني ياس، إلى جانب أبوتريكة، في إياب نهائي البطولة الخليجية عام 2013؟","Which Emirati player scored for Bani Yas alongside Aboutrika in the second leg of the 2013 GCC final?","نواف مبارك","Nawaf Mubarak","The National — Bani Yas GCC final second leg","https://www.thenationalnews.com/sport/baniyas-get-past-al-khor-to-win-gulf-clubs-championship-1.266146","May 2013 Bani Yas beat Al Khor 2-0 second leg, 3-1 aggregate; goals Mohamed Aboutrika and Nawaf Mubarak. Final opponent and Emirati final scorer used, not inverse of Aboutrika club identity.","2026-10-07"
"uae_pro_league_v2_179","hard600","continental:nasr2016:jeddahbracescorer",,"من سجل هدفي النصر في انتصاره الآسيوي 2-1 على الاتحاد في جدة عام 2016؟","Who scored both Al Nasr goals in its 2-1 Asian Champions League victory over Al Ittihad in Jeddah in 2016?","نيلمار","Nilmar","AFC — Al Nasr win in Jeddah 2016","https://www.the-afc.com/en/club/afc_champions_league/news/acl_md3_-_group_a_al_ittihad_1-2_al_nasr.html","Nilmar scored both goals in Al Nasr 2-1 away win over two-time Asian champions Al Ittihad in 2016 group stage. Migrated date excluded.","2026-10-07"
"uae_pro_league_v2_180","hard600","transfer:manolas2022:origin",,"من أي نادٍ يوناني انتقل المدافع كوستاس مانولاس إلى الشارقة عام 2022؟","From which Greek club did defender Kostas Manolas move to Sharjah in 2022?","أولمبياكوس","Olympiacos","Sharjah24 — Official emirate media Manolas signing","https://sharjah24.ae/en/Articles/2022/09/24/Sharjah-football-club-succeeds-in-contracting-with-Costas-Manolas","September 2022 Sharjah signed Olympiacos defender Kostas Manolas. Transfer origin used, not speculative lion-photo story.","2026-10-07"
"uae_pro_league_v2_181","hard600","transfer:michelbastos:origin",,"من أي نادٍ فرنسي انتقل ميشيل باستوس إلى العين؟","From which French club did Michel Bastos move to Al Ain?","أولمبيك ليون","Olympique Lyon","AFC — Bastos joins Al Ain","https://www.the-afc.com/en/club/afc_champions_league/news/bastos_targets_acl_glory_with_al_ain_.html","Michel Bastos completed transfer from Olympique Lyon to Al Ain. Transfer origin used, not fee or disputed earlier agreement date.","2026-10-07"
"uae_pro_league_v2_182","hard600","player:mohamedali:kojaknickname",,"من نجم النصر السابق المعروف بلقب «كوجاك» في قائمة شرف النادي؟","Which former Al Nasr star is listed as Kojak in the club's hall of honour?","محمد علي","Mohamed Ali","Al Nasr — Official club legends archive","https://www.alnasrclub.com/ar/content/%D8%A7%D8%A8%D8%B1%D8%B2-%D8%A7%D9%84%D9%86%D8%AC%D9%88%D9%85","Club hall of honour lists Khalid Ismail, Abdulrahman Mohamed, Mohamed Ali nicknamed Kojak, and Mohamed Ishaq nicknamed Hamdoon. Only Khalid's club and Kojak identity used; no inferred positions or dates.","2026-10-07"
"uae_pro_league_v2_183","hard600","match:qataruaechallenge2026:equalizer",,"من النجم الألماني الذي أدرك التعادل للأهلي القطري أمام الجزيرة في الوقت بدل الضائع بكأس التحدي القطري الإماراتي 2026؟","Which German star equalised for Qatar's Al Ahli against Al Jazira in stoppage time in the 2026 Qatar-UAE Challenge Cup?","يوليان دراكسلر","Julian Draxler","Qatar Football Association — 2026 Challenge Cup report","https://www.qfa.qa/en/news/al-ahli-claims-qatar-uae-super-cup-challenge-title","January 25 2026 Al Ahli of Qatar versus Al Jazira finished 1-1 before Al Ahli won the shootout 4-3. Julian Draxler equalised in the 93rd minute. This concerns the Challenge Cup, not the separate Shield or Super Cup fixtures.","2026-10-07"
"uae_pro_league_v2_184","hard600","record:supercup2025:mostdecorated",,"بحسب رابطة المحترفين في ديسمبر 2025، من اللاعب الأكثر تتويجًا بالسوبر الإماراتي برصيد ستة ألقاب؟","According to the UAE Pro League in December 2025, which player held the most UAE Super Cup titles, with six?","وليد عباس","Walid Abbas","UAE Pro League — Players who made UAE Super Cup history","https://www.uaeproleague.ae/en/news-and-gallery/emaar-super-cup-30","December 25 2025 official statistical article identifies Walid Abbas as most decorated with six titles and Mateus Lima as youngest goalscorer. Both questions explicitly date the records. Other inconsistent historical dates in the article are excluded.","2026-10-07"
"uae_pro_league_v2_185","hard600","record:supercup2025:youngestscorer",,"من لاعب شباب الأهلي الذي تصدّر قائمة أصغر المسجّلين في تاريخ السوبر الإماراتي، بحسب إحصاء الرابطة في ديسمبر 2025؟","Which Shabab Al Ahli player topped the UAE Super Cup's youngest scorers list in the league's December 2025 statistics?","ماتيوس ليما","Mateus Lima","UAE Pro League — Players who made UAE Super Cup history","https://www.uaeproleague.ae/en/news-and-gallery/emaar-super-cup-30","December 25 2025 official statistical article identifies Walid Abbas as most decorated with six titles and Mateus Lima as youngest goalscorer. Both questions explicitly date the records. Other inconsistent historical dates in the article are excluded.","2026-10-07"
"uae_pro_league_v2_186","hard600","continental:shaab199495:finalopponent",,"أي نادٍ ياباني واجه الشعب في نهائي كأس الكؤوس الآسيوية موسم 1994-1995؟","Which Japanese club faced Al Shaab in the 1994-95 Asian Cup Winners' Cup final?","يوكوهاما فلوغلس","Yokohama Flugels","AFC — Champions League official media guide 2021, historical honours","https://assets.the-afc.com/More/AFC-Champions-League-2021-Media-Guide.pdf","Page 194 Asian Cup Winners' Cup honours identifies the 1994-95 finalists as winner Yokohama Flugels and runner-up Al Shaab of the UAE. Season label used because older AFC honours webpage abbreviates it as 1994.","2026-10-07"
"uae_pro_league_v2_187","hard600","milestone:professionalera:firstgoal",,"من لاعب العين الذي سجّل أول هدف في تاريخ عصر الاحتراف بالدوري الإماراتي عام 2008؟","Which Al Ain player scored the first goal of the UAE league's professional era in 2008?","أندريه دياز","Andre Dias","UAE Pro League — First-goal scorers in professional-era history","https://uaeproleague.ae/en/news-and-gallery/first-goal-of-the-season-the-names-written-into-adnoc-pro-league-history","August 14 2026 historical retrospective states Andre Dias of Al Ain scored the first goal of the professional era in 2008-09 against Sharjah. Only the inaugural milestone is used, not an annual first-goal table.","2026-10-07"
"uae_pro_league_v2_188","hard600","match:leaguecupfinal2018:openingscorer",,"من اللاعب الذي افتتح التسجيل للوحدة أمام الوصل في نهائي كأس الرابطة الإماراتية عام 2018؟","Who opened the scoring for Al Wahda against Al Wasl in the 2018 UAE League Cup final?","طارق أحمد","Tareq Ahmed","Khaleej Times — 2018 League Cup final contemporary report","https://www.khaleejtimes.com/sports/local-sports/nine-man-al-wahda-beat-al-wasl-to-clinch-arabian-gulf-cup-crown","March 29 2018 final Al Wahda 2-1 Al Wasl; Tareq Ahmed opened the scoring and Sebastian Tagliabue added the second. Only opening scorer is asked, not meaningless goal timing or the annual cup winner.","2026-10-07"
"uae_pro_league_v2_189","hard600","player:ahmedkhalil:pilotdream",,"ما المهنة التي قال أحمد خليل في مقابلة مع مجلة الاتحاد الآسيوي إنه كان يحلم بها قبل احتراف كرة القدم؟","What profession did Ahmed Khalil say he had dreamed of in an AFC magazine interview before becoming a professional footballer?","طيّار","Pilot","AFC Quarterly — Ahmed Khalil direct interview, issue 13","https://assets.the-afc.com/migration/i/s/Issue%2013.pdf","Interview with the UAE and Al Ahli striker after his 2015 Asian player award records his own statement that he had always wanted to be a pilot. Question uses his stated career dream, not an invented biographical claim or the protected Asian award fact.","2026-10-07"
"uae_pro_league_v2_190","hard600","player:pozuelo:jazirafirstspanishscorer",,"من أصبح أول لاعب إسباني يسجّل للجزيرة في دوري المحترفين، أمام النصر في أغسطس 2023؟","Who became Al Jazira's first Spanish scorer in the professional league, against Al Nasr in August 2023?","أليخاندرو بوزويلو","Alejandro Pozuelo","UAE Pro League — Al Nasr v Al Jazira, August 2023","https://www.uaeproleague.ae/en/news-and-gallery/alnaser-vs-aljazira","Official report identifies Alejandro Pozuelo as the first Spanish player to score for Al Jazira in the professional league, in the August 2023 3-1 win. Inaugural club milestone, not an annual scorer table.","2026-10-07"
"uae_pro_league_v2_191","hard600","asia:alluae:firstknockoutpair2014",,"أي ناديين التقيا في أول مواجهة إماراتية خالصة بالأدوار الإقصائية لدوري أبطال آسيا عام 2014؟","Which two clubs contested the first all-Emirati AFC Champions League knockout tie in 2014?","العين والجزيرة","Al Ain and Al Jazira","UAE Pro League — Sharjah v Al Wahda Asian knockout preview 2021","https://www.uaeproleague.ae/en/news-and-gallery/sharjahwahdaafc","Official preview identifies Al Ain against Al Jazira in 2014 as the first all-Emirati AFC Champions League knockout tie; the subsequent ties were Al Ahli against Al Ain in 2015 and Sharjah against Al Wahda in 2021.","2026-10-07"
"uae_pro_league_v2_192","hard600","asia:nasr:debutopponent2012",,"أي فريق واجه النصر في أول مباراة له بدوري أبطال آسيا عام 2012؟","Which team did Al Nasr face in their first AFC Champions League match in 2012?","سباهان الإيراني","Sepahan of Iran","AFC — Sepahan v Al Nasr maiden Champions League appearance","https://www.the-afc.com/en/club/afc_champions_league/news/sepahan_1-0_al_nasr.html","Official match report identifies Sepahan as opponent in Al Nasr's first Champions League match; team contains Luca Toni and Mark Bresciano, with Walter Zenga coaching, in the 2012 campaign. Migration timestamp not used as event date.","2026-10-07"
"uae_pro_league_v2_193","hard600","match:ainnasr2018:titlehattrick",,"من سجّل هاتريك في فوز العين 4–0 على النصر، الذي حسم لقب الدوري عام 2018؟","Who scored a hat-trick in Al Ain's title-clinching 4–0 league win over Al Nasr in 2018?","ماركوس بيرغ","Marcus Berg","FIFA — Al Ain clinch league title and 2018 Club World Cup berth","https://inside.fifa.com/en/tournaments/mens/clubworldcup/uae2018/news/al-ain-book-uae-2018-berth","April 22 2018 FIFA report confirms Marcus Berg scored a hat-trick in Al Ain's title-clinching 4-0 league victory over Al Nasr the previous day. Question uses decisive hat-trick scorer, not protected Club World Cup performances.","2026-10-07"
"uae_pro_league_v2_194","hard600","match:dibbahisn2024:firstwinscorer",,"من سجّل هدف دبا الحصن الوحيد في أول فوز له بدوري 2024–2025، أمام بني ياس؟","Who scored Dibba Al Hisn's only goal in their first league win of 2024–25, against Bani Yas?","نيكشا فويانوفيتش","Niksa Vujanovic","UAE Pro League — Dibba Al Hisn first win of 2024-25","https://www.uaeproleague.ae/en/news-and-gallery/adnoc-pro-league-251","November 23 2024 report identifies Niksa Vujanovic as sole scorer in Dibba Al Hisn's first league win of 2024-25, 1-0 against Bani Yas. No arbitrary minute, points total or national goal milestone is asked.","2026-10-07"
"uae_pro_league_v2_195","hard600","player:ricardooliveira:asiatopscorer2012",,"أي مهاجم من الجزيرة توّج هدافاً لدوري أبطال آسيا عام 2012؟","Which Al Jazira striker finished as the AFC Champions League's top scorer in 2012?","ريكاردو أوليفيرا","Ricardo Oliveira","AFC — Foreign-player award nominees in UAE Pro League","https://www.the-afc.com/en/about_afc/afc_annual_awards/news/nominees_on_target_in_upl.html","Official contemporary UAE league report identifies Al Jazira's Ricardo Oliveira as the 2012 AFC Champions League top scorer. No goal total or annual-winner grid.","2026-10-07"
"uae_pro_league_v2_196","hard600","asia:wasl:bronzeopponent1993",,"أي فريق ياباني هزمه الوصل لينال المركز الثالث في البطولة الآسيوية للأندية عام 1993؟","Which Japanese team did Al Wasl beat to finish third in the Asian club championship in 1993?","يوميوري «طوكيو فيردي حالياً»","Yomiuri, now Tokyo Verdy","Al Wasl Club — Official history","https://www.alwaslsc.ae/history","Club records 1993 Asian bronze won by defeating Tokyo Verdy, then Yomiuri FC, 4-3; stadium opening festival in 1980 involved Al Wasl, Bahrain's Al Ahli and Kuwait's Al Qadisiyah. Only opponent and paired guest clubs are asked, not stadium name or opening-date filler.","2026-10-07"
"uae_pro_league_v2_197","hard600","history:zabeel:openingguestclubs",,"أي ناديين من البحرين والكويت شاركا الوصل في دورة افتتاح استاد زعبيل عام 1980؟","Which clubs from Bahrain and Kuwait joined Al Wasl in the tournament that opened Zabeel Stadium in 1980?","الأهلي البحريني والقادسية الكويتي","Al Ahli of Bahrain and Al Qadisiyah of Kuwait","Al Wasl Club — Official history","https://www.alwaslsc.ae/history","Club records 1993 Asian bronze won by defeating Tokyo Verdy, then Yomiuri FC, 4-3; stadium opening festival in 1980 involved Al Wasl, Bahrain's Al Ahli and Kuwait's Al Qadisiyah. Only opponent and paired guest clubs are asked, not stadium name or opening-date filler.","2026-10-07"
"uae_pro_league_v2_198","hard600","rules:league:secondcautionerasure2425",,"وفق لائحة دوري 2024–2025، بعد كم مشاركة فعلية بلا إنذار أو طرد أو عقوبة انضباطية يُحذف الإنذار الثاني للاعب؟","Under the 2024–25 league regulations, after how many actual appearances without a caution, red card or disciplinary penalty is a player's second caution erased?","ثلاث مشاركات في المسابقة نفسها بعد مباراة الإنذار الثاني، ولو لم تكن متتالية","Three appearances in the same competition after the second-caution match; they need not be consecutive","UAE Pro League — ADNOC Pro League regulations 2024-25","https://uae-proleague.s3.me-south-1.amazonaws.com/uploads/Extras/regulations/2425_EN/ADNOC%20Pro%20League%20Regulations_24-25.pdf","Articles 6 and 14: bottom two relegated to First Division; article 15 first tie-break points in matches between tied clubs; Article 54.1.2: three accumulated cautions suspend next same-competition match. Article 54.1.3: second caution erased after three actual same-competition appearances after second-caution match, not necessarily consecutive, without yellow/red cards or other disciplinary penalties. Article 54.5: transfers or loans within the season retain caution records. Season explicitly scoped. Exclude generic football laws, arbitrary fines and inconsistent second-round definition.","2026-10-07"
"uae_pro_league_v2_199","hard600","player:papepatediouf:dhafrayoutubescouting",,"أي مهاجم سنغالي ضمّه الظفرة عام 2012 بعد أن قال مدربه جمال حاجي إنه تابعه عبر يوتيوب؟","Which Senegalese striker did Al Dhafra sign in 2012 after coach Dzemal Hadziabdic said he had watched him on YouTube?","بابا باتي ضيوف","Pape Pate Diouf","The National — Al Dhafra coach on scouting Pape Pate Diouf","https://www.thenationalnews.com/sport/uae-club-coach-signs-new-striker-after-scouting-on-youtube-1.446131","August 4 2012 direct coach interview confirms Dzemal Hadziabdic watched Pape Pate Diouf on YouTube before signing him for Al Dhafra. Only the scouted player's identity is asked, not transfer-origin or unsupported scouting folklore.","2026-10-07"
"uae_pro_league_v2_200","hard600","history:euaepl2021:console",,"على أي جهاز أُقيمت نهائيات أول بطولة رسمية إلكترونية لرابطة المحترفين الإماراتية عام 2021؟","Which console hosted the finals of the UAE Pro League's first official esports championship in 2021?","بلايستيشن 4","PlayStation 4","UAE Pro League — Inaugural official esports championship finals","https://www.uaeproleague.ae/en/news-and-gallery/newtournament","April 22 2021 official announcement confirms first eUAE PL championship used PlayStation 4 consoles. One question on league's inaugural digital competition; no prize amount, entrant-count or annual game-release grid.","2026-10-07"
"uae_pro_league_v2_201","hard600","rules:adib2024:automaticbyetitles",,"في كأس مصرف أبوظبي الإسلامي 2024–2025، أي لقبين من الموسم السابق منَحا صاحبيهما التأهل المباشر إلى ربع النهائي؟","In the 2024–25 ADIB Cup, which two titles from the previous season earned their holders automatic quarter-final places?","لقب دوري أدنوك ولقب كأس مصرف أبوظبي الإسلامي","The ADNOC Pro League title and the ADIB Cup title","UAE Pro League — 2024-25 ADIB Cup schedule and automatic qualification","https://www.uaeproleague.ae/en/news-and-gallery/adnoc-pro-league-165","July 29 2024 announcement specifies preliminary round of twelve clubs and automatic quarter-final qualification for league champions Al Wasl and cup holders Al Wahda. Question asks the two qualifying title categories, not protected season-winner identities.","2026-10-07"
"uae_pro_league_v2_202","hard600","match:jaziraasia2012:oliveirafourgoalopponent",,"أمام أي نادٍ قطري سجّل ريكاردو أوليفيرا أهداف الجزيرة الأربعة في فوز آسيوي 4–3 عام 2012؟","Against which Qatari club did Ricardo Oliveira score all four Al Jazira goals in a 4–3 Asian victory in 2012?","الريان","Al Rayyan","AFC — Al Rayyan 3-4 Al Jazira","https://www.the-afc.com/en/club/afc_champions_league/news/al_rayyan_3-4_al_jazira.html","Official 2012 Group A match report confirms Ricardo Oliveira scored every Al Jazira goal in a 4-3 away victory over Al Rayyan. Question asks opposing club in a distinctive four-goal performance, separately from his tournament-wide top-scorer award.","2026-10-07"
"uae_pro_league_v2_203","hard600","coach:tarekelsayed:twodibbapromotions",,"من المدرب المصري الذي قاد دبا الفجيرة للصعود عام 2012، ثم دبا الحصن عام 2024؟","Which Egyptian coach led Dibba Al Fujairah to promotion in 2012 and Dibba Al Hisn in 2024?","طارق السيد عبدالغفار","Tarek El Sayed Abdel Ghaffar","Dibba Al Hisn Club — Tarek El Sayed coaching record","https://dhclub.ae/en/dibba-al-hisn-signs-with-egyptian-coach-tarek-el-sayed/","June 1 2025 official club article credits Tarek El Sayed with taking Dibba Al Fujairah up in 2011-12 and Dibba Al Hisn up in 2023-24. One combined career clue identifies coach; two promotions are not split into repeated questions.","2026-10-07"
"uae_pro_league_v2_204","hard600","coach:walidobaid:hattapromotion2016",,"من المدرب الإماراتي الذي صعد بحتا بطلاً للدرجة الأولى إلى دوري المحترفين عام 2016؟","Which Emirati coach took Hatta into the professional league as First Division champions in 2016?","وليد عبيد","Walid Obaid","The National — 2016-17 league preview, Hatta return","https://www.thenationalnews.com/sport/asamoah-gyan-amer-abdulrahman-al-jazira-the-big-questions-before-the-agl-season-1.171018","September 16 2016 contemporary preview says Hatta kept manager Walid Obaid after winning the previous season's Division One championship and returning to top flight. No unrelated transfer rumours in headline are used.","2026-10-07"
