"id","hash","factKey","source","evidenceVerified","translationParity","difficultyReviewed","distinctFact","reason"
"001","38b635199947c782e01a9095d3eb3787ed409b2fb3c5918b8bcd77971e6219f0","record:ronaldo:career140","ronaldo_records","yes","yes","yes","yes","Reviewed record:ronaldo:career140: Who is the Champions League's all-time leading scorer counting matches from the group stage to the final? Answer: Cristiano Ronaldo. Arabic asks the same relation. Verified against UEFA: Ronaldo Champions League records: Ronaldo scored 140 goals and shares eight hat-trick record with Messi. Recognisable star or club, iconic goal or basic competition history."
"002","28746dab74bbe82c8cd89f1dd5471ae78be65676cc465fc2748c3ebaa5fd27d4","format:leaguephase:36clubs","format2024","yes","yes","yes","yes","Reviewed format:leaguephase:36clubs: How many teams compete in the Champions League league phase from 2024–2025 onward? Answer: 36 teams. Arabic asks the same relation. Verified against UEFA: 2024 competition format: 36 clubs in one league phase; eight different opponents; top eight qualify directly; ninth to twenty-fourth contest playoffs; no Europa League transfer for eliminated teams. Recognisable star or club, iconic goal or basic competition history."
"003","65445970a1ac94cee2e5073627d3dc6599e9c8974ff9ab7cb0621f377a206db7","history:competition:originalname","trophy","yes","yes","yes","yes","Reviewed history:competition:originalname: What was the Champions League called before its rebranding? Answer: The European Champion Clubs' Cup, or European Cup. Arabic asks the same relation. Verified against UEFA: Champions League trophy: Stadelmann designed trophy in Berne; Celtic first won current design in 1967; L'Equipe donated original; replica awarded since 2008–2009; front inscription in French. Recognisable star or club, iconic goal or basic competition history."
"004","37d57f5058dbbed2c9e11aff1614df46877ec93d7e56e6cd0d3a95401a2ffb4b","final:2025:firstparistitle","final2025","yes","yes","yes","yes","Reviewed final:2025:firstparistitle: Which French club won its first Champions League title in 2025? Answer: Paris Saint-Germain. Arabic asks the same relation. Verified against UEFA: Paris 5–0 Inter final report: Paris won first title 5–0; Doue scored twice and won match award; Hakimi first Moroccan final scorer; Mayulu fifth goal assisted Barcola; Enrique winning coach. Recognisable star or club, iconic goal or basic competition history."
"005","3d1b06a5b77c658e2eaa3ce7427359aa59a2b8edc5e8ce858d928967af0e0bc4","final:2025:douebrace","final2025","yes","yes","yes","yes","Reviewed final:2025:douebrace: Which young Paris star scored twice and won Player of the Match in the 2025 Champions League final? Answer: Desire Doue. Arabic asks the same relation. Verified against UEFA: Paris 5–0 Inter final report: Paris won first title 5–0; Doue scored twice and won match award; Hakimi first Moroccan final scorer; Mayulu fifth goal assisted Barcola; Enrique winning coach. Recognisable star or club, iconic goal or basic competition history."
"006","2ba8efabd1a71fc4d2c255689146713a2e789dd013ea6038ea055da290edb963","final:2025:firstmoroccanscorer","final2025","yes","yes","yes","yes","Reviewed final:2025:firstmoroccanscorer: Who became the first Moroccan to score in a European Cup or Champions League final, in 2025? Answer: Achraf Hakimi. Arabic asks the same relation. Verified against UEFA: Paris 5–0 Inter final report: Paris won first title 5–0; Doue scored twice and won match award; Hakimi first Moroccan final scorer; Mayulu fifth goal assisted Barcola; Enrique winning coach. Recognisable star or club, iconic goal or basic competition history."
"007","37dd38afe557fb56988c603c15af6d194ea2c456b84f4091cd39f95c7eb0b8c6","final:2023:rodriwinner","final2023","yes","yes","yes","yes","Reviewed final:2023:rodriwinner: Who scored Manchester City's only goal against Inter in the 2023 Champions League final? Answer: Rodri. Arabic asks the same relation. Verified against UEFA: Manchester City win first title: Rodri winner; Istanbul final; Gundogan City captain; Foden replaced injured De Bruyne; Dimarco header hit crossbar; Onana Inter goalkeeper; Haaland season top scorer twelve. Recognisable star or club, iconic goal or basic competition history."
"008","cf36889bf8eb451233a0d00631184a99df254f44a343dd0c5c5161482a7f36b3","final:2022:courtoisaward","final2022","yes","yes","yes","yes","Reviewed final:2022:courtoisaward: Which Real Madrid goalkeeper won Player of the Match in the 2022 Champions League final? Answer: Thibaut Courtois. Arabic asks the same relation. Verified against UEFA: Real Madrid defeat Liverpool: Vinicius winner from Valverde cross-shot; Courtois match award; Ancelotti first four-time winning coach; Benzema top scorer fifteen; Stade de France venue. Recognisable star or club, iconic goal or basic competition history."
"009","790d7c916c60aaaf2f30b951fecaccf82f401bc02f8efaccdec059084ae58ffc","record:ancelotti:firstfourcoach","final2022","yes","yes","yes","yes","Reviewed record:ancelotti:firstfourcoach: Who became the first coach to win the European Cup four times after the 2022 final? Answer: Carlo Ancelotti. Arabic asks the same relation. Verified against UEFA: Real Madrid defeat Liverpool: Vinicius winner from Valverde cross-shot; Courtois match award; Ancelotti first four-time winning coach; Benzema top scorer fifteen; Stade de France venue. Recognisable star or club, iconic goal or basic competition history."
"010","f65ee26d04175079898eada393496817a7e29ba33d03db0876143287299e2cf4","final:2021:havertzwinner","final2021","yes","yes","yes","yes","Reviewed final:2021:havertzwinner: Who scored Chelsea's winner against Manchester City in the 2021 Champions League final? Answer: Kai Havertz. Arabic asks the same relation. Verified against UEFA: Chelsea win Porto final: Havertz scored; Mount assist; Kante match award; Tuchel coach; Pulisic first American to appear in final; Christensen replaced Thiago Silva; Azpilicueta captain. Recognisable star or club, iconic goal or basic competition history."
"011","7d089fe2e2f2327991bb536555c49ad4d24e2c06f9cebd4051dd6b6424fdb863","final:2021:kanteaward","final2021","yes","yes","yes","yes","Reviewed final:2021:kanteaward: Which Chelsea midfielder won Player of the Match in the 2021 final? Answer: N'Golo Kante. Arabic asks the same relation. Verified against UEFA: Chelsea win Porto final: Havertz scored; Mount assist; Kante match award; Tuchel coach; Pulisic first American to appear in final; Christensen replaced Thiago Silva; Azpilicueta captain. Recognisable star or club, iconic goal or basic competition history."
"012","b7cd5f6a2e188fcc2ae1568227d8d3f9fb92497115fffe64ff0fe72f320684c3","final:2020:comanwinner","final2020","yes","yes","yes","yes","Reviewed final:2020:comanwinner: Who headed Bayern's winner against Paris in the 2020 Champions League final? Answer: Kingsley Coman. Arabic asks the same relation. Verified against UEFA: Bayern defeat Paris: Coman winner; Kimmich assist; Lisbon city; Bayern won all eleven matches; Navas Paris goalkeeper. Recognisable star or club, iconic goal or basic competition history."
"013","a67bf38dc246ba9ab22910e2465faaf99541a2e9bbc7ec86fa335d29b6e994a3","final:2019:salahpenalty","final2019","yes","yes","yes","yes","Reviewed final:2019:salahpenalty: Who scored Liverpool's early penalty against Tottenham in the 2019 final? Answer: Mohamed Salah. Arabic asks the same relation. Verified against UEFA: Liverpool beat Tottenham: Salah penalty opener; Origi substitute goal; Van Dijk match award; Metropolitano Madrid; Sissoko handball led to penalty. Recognisable star or club, iconic goal or basic competition history."
"014","05bcdfdd81f0b80053d321fea66d8c8d85fbe3f206317a44642e7e2e02c80967","final:2018:balebicycle","final2018","yes","yes","yes","yes","Reviewed final:2018:balebicycle: Who scored Real Madrid's famous bicycle kick against Liverpool in the 2018 final? Answer: Gareth Bale. Arabic asks the same relation. Verified against UEFA: Real Madrid third straight title: Bale bicycle kick brace; Marcelo assisted bicycle kick; Mane Liverpool goal; Karius Liverpool keeper; Zidane first coach three consecutive wins; Kyiv venue. Recognisable star or club, iconic goal or basic competition history."
"015","6e651e3ea4447e7250838b526626b8f5145e867890623a4ab72b42914769f4d6","coach:zidane:threeconsecutive","final2018","yes","yes","yes","yes","Reviewed coach:zidane:threeconsecutive: Who was the first coach to win the Champions League three times in a row? Answer: Zinedine Zidane. Arabic asks the same relation. Verified against UEFA: Real Madrid third straight title: Bale bicycle kick brace; Marcelo assisted bicycle kick; Mane Liverpool goal; Karius Liverpool keeper; Zidane first coach three consecutive wins; Kyiv venue. Recognisable star or club, iconic goal or basic competition history."
"016","d826f22f46543b7239b46a3eb2ad0a15d63a294021c0ddefb614301212af5194","record:madrid:firsttitledefence","final2017","yes","yes","yes","yes","Reviewed record:madrid:firsttitledefence: Which club became the first to retain the title in the Champions League era in 2017? Answer: Real Madrid. Arabic asks the same relation. Verified against UEFA: Cardiff final report: Real first Champions League title defence; Mandzukic bicycle kick; Casemiro second goal; Cuadrado sent off; Modric assisted Ronaldo second; Asensio fourth. Recognisable star or club, iconic goal or basic competition history."
"017","cf32efb9b317470c0a949d4a8edb99efe5fcab425dafdcaa7ffb6b9c35ab8202","final:2017:mandzukicbicycle","final2017","yes","yes","yes","yes","Reviewed final:2017:mandzukicbicycle: Who scored Juventus's bicycle-kick goal against Real Madrid in the 2017 final? Answer: Mario Mandzukic. Arabic asks the same relation. Verified against UEFA: Cardiff final report: Real first Champions League title defence; Mandzukic bicycle kick; Casemiro second goal; Cuadrado sent off; Modric assisted Ronaldo second; Asensio fourth. Recognisable star or club, iconic goal or basic competition history."
"018","3cb3ac71ee44470fcd0ede61abfdc5ed5cf20bce4e3a82a422308a54864a546e","final:2016:ronaldowinningpenalty","final2016","yes","yes","yes","yes","Reviewed final:2016:ronaldowinningpenalty: Who scored Real Madrid's decisive shootout penalty in the 2016 Champions League final? Answer: Cristiano Ronaldo. Arabic asks the same relation. Verified against UEFA: Madrid Milan shootout win: Ronaldo winning penalty; Carrasco equaliser; Juanfran missed shootout; Griezmann regulation penalty crossbar; Bale flick assisted Ramos opener. Recognisable star or club, iconic goal or basic competition history."
"019","f0721aaa2059dc3158c2e094839cbde4cbac8bda58c7d6950ce94c751c51a82d","final:2014:ramosequaliser","final2014","yes","yes","yes","yes","Reviewed final:2014:ramosequaliser: Who scored Real Madrid's stoppage-time header to force extra time in the 2014 final? Answer: Sergio Ramos. Arabic asks the same relation. Verified against UEFA: Madrid Decima report: Ramos stoppage equaliser; Decima tenth trophy; Godin Atletico goal; Adrian Lopez replaced Costa; Di Maria dribble led to Bale rebound goal; Ronaldo seventeen season goals. Recognisable star or club, iconic goal or basic competition history."
"020","35b56062c72a41de396037b6c53452e2b0718a44678fd08a0cc11f9e36ac2ec6","history:madrid:decimameaning","final2014","yes","yes","yes","yes","Reviewed history:madrid:decimameaning: Which European title does La Decima refer to for Real Madrid fans? Answer: The tenth title. Arabic asks the same relation. Verified against UEFA: Madrid Decima report: Ramos stoppage equaliser; Decima tenth trophy; Godin Atletico goal; Adrian Lopez replaced Costa; Di Maria dribble led to Bale rebound goal; Ronaldo seventeen season goals. Recognisable star or club, iconic goal or basic competition history."
"021","e81e91da3303572a27239f2ab0edf12ce9774c331b3afe0994baa26693be1db8","final:2013:winninggoal","final2013","yes","yes","yes","yes","Reviewed final:2013:winninggoal: Who scored Bayern Munich's late winning goal in the 2013 Champions League final? Answer: Arjen Robben. Arabic asks the same relation. Verified against UEFA: Robben ends Bayern misery: Robben late winner; Mandzukic opener; Gundogan penalty equaliser; Bayern captain Lahm; Dortmund coached by Klopp. Recognisable star or club, iconic goal or basic competition history."
"022","91db3b8bc28d44b0d1a4a2045a8d6cf2f815df4cdf847faa4687da27c9f18cc1","final:2012:chelseaequaliser","final2012","yes","yes","yes","yes","Reviewed final:2012:chelseaequaliser: Who brought Chelsea level with a header in the 2012 Champions League final? Answer: Didier Drogba. Arabic asks the same relation. Verified against UEFA: Chelsea shootout triumph: Drogba equalised and scored decisive shootout kick; Cech saved Robben extra-time penalty; Muller Bayern goal; Schweinsteiger shootout post. Recognisable star or club, iconic goal or basic competition history."
"023","45da9c33dc6ee3658797432de230713f67fa53651d5817f9ceb19eb16dc53625","final:2011:unitedgoal","final2011","yes","yes","yes","yes","Reviewed final:2011:unitedgoal: Who scored Manchester United's only goal in the 2011 Champions League final? Answer: Wayne Rooney. Arabic asks the same relation. Verified against UEFA: Barcelona Wembley report: Pedro opener; Rooney equaliser; Messi second; Villa third; Barcelona won 3-1 at Wembley. Recognisable star or club, iconic goal or basic competition history."
"024","d86aadeb171ad886d7e6b87ba1f3acdc90d8a0a49e7698f469b5eddfb7b4d77b","final:2010:bothgoals","inter2010","yes","yes","yes","yes","Reviewed final:2010:bothgoals: Who scored both Inter Milan goals in the 2010 Champions League final? Answer: Diego Milito. Arabic asks the same relation. Verified against UEFA: Inter back on top: Milito both final goals; Mourinho coach; Zanetti captain; Bernabeu venue; first Saturday final; Sneijder assisted opener; Bayern lost twice to Bordeaux in groups. Recognisable star or club, iconic goal or basic competition history."
"025","47691ae47e1cf0e11a7cd19ddc23804c4b62f699cd73630b5caf8e3db13abc18","knockout:anfield2019:corner","anfield2019","yes","yes","yes","yes","Reviewed knockout:anfield2019:corner: Who took the quick corner for Origi's decisive goal against Barcelona at Anfield in 2019? Answer: Trent Alexander-Arnold. Arabic asks the same relation. Verified against UEFA: Liverpool Barcelona comeback: Liverpool won 4-0 after first-leg 3-0 loss; Origi decisive goal from Alexander-Arnold quick corner; Wijnaldum substitute double; Henderson shot parried for opener. Recognisable star or club, iconic goal or basic competition history."
"026","177d0b3f2036abfa7295389a44bce08faa4228148850983a26e7d4f32ecc85bd","knockout:ajax2019:hattrick","ajax2019","yes","yes","yes","yes","Reviewed knockout:ajax2019:hattrick: Who scored Tottenham's hat-trick in the 2019 semi-final second leg against Ajax? Answer: Lucas Moura. Arabic asks the same relation. Verified against UEFA: Ajax Tottenham report: Lucas Moura hat-trick; De Ligt Ajax opener; Ziyech second Ajax goal; Tottenham advanced on away goals at 3-3 aggregate. Recognisable star or club, iconic goal or basic competition history."
"027","0e30b96ba8b8c2ac6cf0c4274c335ea957bc4e8b57855116099bbe5f54ff6d46","knockout:remontada2017:lastgoal","remontada2017","yes","yes","yes","yes","Reviewed knockout:remontada2017:lastgoal: Who scored Barcelona's decisive sixth goal in the 2017 comeback against Paris Saint-Germain? Answer: Sergi Roberto. Arabic asks the same relation. Verified against UEFA: Barcelona historic comeback: Barcelona 6-1 Paris after 4-0 away defeat; Sergi Roberto decisive sixth; Cavani Paris goal; Kurzawa own goal; Suarez opener; Neymar late brace. Recognisable star or club, iconic goal or basic competition history."
"028","10bc98aa75573626635696cb38b9f7741fd80e9216807d3649dd4922fce4a413","knockout:depor2004:winner","depor2004","yes","yes","yes","yes","Reviewed knockout:depor2004:winner: Which Spanish team eliminated holders Milan with a 4-0 win in the 2004 quarter-finals? Answer: Deportivo La Coruna. Arabic asks the same relation. Verified against UEFA: Dazzling Depor ditch Milan: Deportivo 4-0 Milan 5-4 aggregate at Riazor; Pandiani Valeron Luque Fran scored; Molina goalkeeper; first side overturning three-goal first-leg CL deficit. Recognisable star or club, iconic goal or basic competition history."
"029","53ae53dbaef103fc6176135b2ef337c4201ac21fae7eb913b10f383455964e69","knockout:monaco2004:loanscorer","monaco2004","yes","yes","yes","yes","Reviewed knockout:monaco2004:loanscorer: Which striker on loan from Real Madrid scored against them for Monaco in the 2004 quarter-finals? Answer: Fernando Morientes. Arabic asks the same relation. Verified against UEFA: Madrid felled by Morientes: Giuly double; Morientes on-loan Madrid striker scored header; Raul Madrid goal; Flavio Roma Monaco keeper; Ibarra cross-shot for decisive flick. Recognisable star or club, iconic goal or basic competition history."
"030","84140ec5b695b1c14f644e3838d81e2373be992fa5d83571c495403cc30bf4e8","knockout:roma2018:decisiveheader","roma2018","yes","yes","yes","yes","Reviewed knockout:roma2018:decisiveheader: Who scored Roma's qualification-clinching header against Barcelona in the 2018 quarter-finals? Answer: Kostas Manolas. Arabic asks the same relation. Verified against UEFA: Roma stun Barcelona: Roma reversed 4-1 loss; Dzeko opener; De Rossi penalty; Manolas decisive header; De Rossi and Manolas first-leg own goals. Recognisable star or club, iconic goal or basic competition history."
"031","9648f1424a024a7d3412fee832a4e7d50b31927e231c1868a02b41ae038687e0","knockout:cityspurs2019:sondouble","cityspurs2019","yes","yes","yes","yes","Reviewed knockout:cityspurs2019:sondouble: Who scored twice for Tottenham in their 4-3 defeat by Manchester City in the 2019 quarter-finals? Answer: Son Heung-min. Arabic asks the same relation. Verified against UEFA: City Tottenham thriller: Llorente decisive Tottenham goal; Son double; Sterling stoppage goal disallowed; Aguero fourth City goal; Bernardo Silva second City goal. Recognisable star or club, iconic goal or basic competition history."
"032","ca59e5a650d0e244368bbb9410669216611ff430cd1891ca0a739bdc1253f086","knockout:madridcity2022:latedouble","madridcity2022","yes","yes","yes","yes","Reviewed knockout:madridcity2022:latedouble: Who scored Real Madrid's late double to force extra time against Manchester City in the 2022 semi-finals? Answer: Rodrygo. Arabic asks the same relation. Verified against UEFA: Rodrygo and Benzema comeback: Rodrygo late double; Mahrez City goal; Benzema extra-time penalty; Ruben Dias foul; Mendy denied Grealish goal. Recognisable star or club, iconic goal or basic competition history."
"033","10f2fa5ef57b26cc73fc7585e7ecfc7de419fc23624ab9a103bf47d5e44d664e","history:celtic1967:nickname","celticnickname","yes","yes","yes","yes","Reviewed history:celtic1967:nickname: By what nickname is Celtic's 1967 European Cup-winning team known? Answer: The Lisbon Lions. Arabic asks the same relation. Verified against UEFA: Celtic Lisbon Lions highlights: All-Scottish Celtic European Cup-winning side dubbed Lisbon Lions. Recognisable star or club, iconic goal or basic competition history."
"034","7e0f0266dbdda9d24d76d35c17fbe75f530e7d9703079641b990dd1e8075bb9a","history:steaua1986:country","steaua1986","yes","yes","yes","yes","Reviewed history:steaua1986:country: Which country was represented by 1986 European Cup winners Steaua Bucharest? Answer: Romania. Arabic asks the same relation. Verified against UEFA: Steaua stun Barcelona: Duckadam saved all four Barcelona shootout penalties; Steaua Romanian winners; Seville venue; Barcelona coach Terry Venables. Recognisable star or club, iconic goal or basic competition history."
"035","6c3f360d0d8d074bb77c7697bde2e9b9059acad8cc8d5c3901e80118141534f8","history:redstar1991:opponent","redstar1991","yes","yes","yes","yes","Reviewed history:redstar1991:opponent: Which French club lost the 1991 European Cup final to Red Star on penalties? Answer: Marseille. Arabic asks the same relation. Verified against UEFA: Red Star final match record: Red Star won 5-3 penalties against Marseille at San Nicola Bari; Stojanovic goalkeeper captain; Papin Marseille captain. Recognisable star or club, iconic goal or basic competition history."
"036","c49ed17b72b973a6a066ab6f342875534ea324ed16f8df6234cb8116846ed68e","history:porto1987:backheel","porto1987","yes","yes","yes","yes","Reviewed history:porto1987:backheel: Which Algerian star scored a backheel for Porto in the 1987 European Cup final? Answer: Rabah Madjer. Arabic asks the same relation. Verified against UEFA: Madjer backheel: Madjer backheel equaliser; Juary winning goal; Ludwig Kogl Bayern opener; Juary cross for equaliser. Recognisable star or club, iconic goal or basic competition history."
"037","d832552ee463e41a440761d1d13279c5933f2e3b317e17db74f4f12bc40e9b9c","history:forest1979:firsttitle","forest1979","yes","yes","yes","yes","Reviewed history:forest1979:firsttitle: Which English club won their first European Cup against Malmo in 1979? Answer: Nottingham Forest. Arabic asks the same relation. Verified against UEFA: Forest join elite: Nottingham Forest first European Cup 1979; defeated holders Liverpool; Francis winner against Malmo in Munich. Recognisable star or club, iconic goal or basic competition history."
"038","801b172aefbb5db0d367a37d6ec3b63afd6033df9dd8020039fb4552fbe7cb62","history:villa1982:winners","villa1982","yes","yes","yes","yes","Reviewed history:villa1982:winners: Which Birmingham club beat Bayern Munich in the 1982 European Cup final? Answer: Aston Villa. Arabic asks the same relation. Verified against UEFA: Withe brings Villa glory: Aston Villa beat Bayern 1-0; Withe goal from Morley cross; Spink replaced Rimmer; Tony Barton coach; Rotterdam De Kuip. Recognisable star or club, iconic goal or basic competition history."
"039","eb8e9d9be1c999c99898385ec855644a66b17d59d5b44b302207b53e5372ff92","history:psv1988:country","psv1988","yes","yes","yes","yes","Reviewed history:psv1988:country: Which country was represented by 1988 European Cup winners PSV Eindhoven? Answer: The Netherlands. Arabic asks the same relation. Verified against UEFA: PSV Oranje boom: Dutch PSV coached by Hiddink; defeated Benfica in Stuttgart; Van Breukelen saved Veloso decisive penalty. Recognisable star or club, iconic goal or basic competition history."
"040","e9498535f8affd4f19476aa2aad7d15042e47afc88df4f348732d58359bc6c1b","history:ajax1995:scorer","ajax1995","yes","yes","yes","yes","Reviewed history:ajax1995:scorer: Which young striker scored Ajax's winning goal against Milan in the 1995 final? Answer: Patrick Kluivert. Arabic asks the same relation. Verified against UEFA: Kluivert changes guard: Kluivert winning goal; Van Gaal coach; Ajax beat Milan twice 2-0 in groups; Kanu also substitute; Vienna final. Recognisable star or club, iconic goal or basic competition history."
"041","6160cb54a91a1f62661c3c32beac7c0b29dbb189bed637d25cf766e74a5ce845","record:salah:rangers2022","hattricks","yes","yes","yes","yes","Reviewed record:salah:rangers2022: Who scored a hat-trick in about seven minutes for Liverpool against Rangers in the 2022 Champions League? Answer: Mohamed Salah. Arabic asks the same relation. Verified against UEFA: Champions League hat-tricks: Historical facts used only: Salah seven-minute Rangers treble 2022; Messi five Leverkusen 2012; Haaland five Leipzig 2023; Brahimi debut Porto BATE 2014; Kurzawa defender hat-trick Anderlecht 2017; Newell perfect hat-trick Rosenborg 1995. Excluded rolling 2026 claims. Recognisable star or club, iconic goal or basic competition history."
"042","5bd572f929df03aea856c65e8b6aeef06c8f6a0c2ad3d2ccf5b6221fbb79cf79","record:messi:five2012","hattricks","yes","yes","yes","yes","Reviewed record:messi:five2012: Who scored five goals for Barcelona against Bayer Leverkusen in the Champions League in 2012? Answer: Lionel Messi. Arabic asks the same relation. Verified against UEFA: Champions League hat-tricks: Historical facts used only: Salah seven-minute Rangers treble 2022; Messi five Leverkusen 2012; Haaland five Leipzig 2023; Brahimi debut Porto BATE 2014; Kurzawa defender hat-trick Anderlecht 2017; Newell perfect hat-trick Rosenborg 1995. Excluded rolling 2026 claims. Recognisable star or club, iconic goal or basic competition history."
"043","7edade5fa9f48dfebc05e528167b5cf1a0d2e1ef06e4274a21398992b7e2472c","record:haaland:five2023","hattricks","yes","yes","yes","yes","Reviewed record:haaland:five2023: Who scored five goals for Manchester City against Leipzig in the Champions League in 2023? Answer: Erling Haaland. Arabic asks the same relation. Verified against UEFA: Champions League hat-tricks: Historical facts used only: Salah seven-minute Rangers treble 2022; Messi five Leverkusen 2012; Haaland five Leipzig 2023; Brahimi debut Porto BATE 2014; Kurzawa defender hat-trick Anderlecht 2017; Newell perfect hat-trick Rosenborg 1995. Excluded rolling 2026 claims. Recognisable star or club, iconic goal or basic competition history."
"044","570d3e0c5c96b7a597b7e6ee63f3f9e27830b0e6ee5f225ff15438164042521b","record:seedorf:threeclubs","seedorf","yes","yes","yes","yes","Reviewed record:seedorf:threeclubs: Who won the Champions League with Ajax, Real Madrid and Milan? Answer: Clarence Seedorf. Arabic asks the same relation. Verified against UEFA: Seedorf career interview: Only player to win Champions League with three clubs: Ajax Real Madrid AC Milan. Recognisable star or club, iconic goal or basic competition history."
"045","96fb36983618aa3b078b46ccf9a64e28933f6c39bfe4563e6bcddf5e247489ef","final:2019:origisubstitutegoal","final2019","yes","yes","yes","yes","Reviewed final:2019:origisubstitutegoal: Which Liverpool substitute scored the second goal against Tottenham in the 2019 final? Answer: Divock Origi. Arabic asks the same relation. Verified against UEFA: Liverpool beat Tottenham: Salah penalty opener; Origi substitute goal; Van Dijk match award; Metropolitano Madrid; Sissoko handball led to penalty. Recognisable star or club, iconic goal or basic competition history."
"046","62f26418966b29ecb57f89f612e0ab429a6c17aed400df247bc7ae80c669fc40","history:madrid1956:inauguralyear","madrid1956","yes","yes","yes","yes","Reviewed history:madrid1956:inauguralyear: In which year was the first European Cup club final played? Answer: 1956. Arabic asks the same relation. Verified against UEFA: Madrid first crown: First final Madrid beat Reims 4-3 Parc des Princes Paris; Rial winner; Hanot initiated competition. Do not use conflicting historical PDF lineup. Recognisable star or club, iconic goal or basic competition history."
"047","6897c076d37ae39f558c5f68d221c1cb9c3e6149217c2ede42a1008b97394616","history:madrid1960:fourgoals","madrid1960","yes","yes","yes","yes","Reviewed history:madrid1960:fourgoals: Who scored four goals for Real Madrid in the 1960 European Cup final? Answer: Ferenc Puskas. Arabic asks the same relation. Verified against UEFA: Dazzling Madrid Frankfurt: Madrid Frankfurt 7-3 Hampden Park Glasgow; Puskas four; Di Stefano three; semifinal against Barcelona. Recognisable star or club, iconic goal or basic competition history."
"048","2e4c2f6e2a46718dbc2232bcd043da198d68784db738ab642c7619fc6df4d649","history:benfica1962:winnerclub","benfica1962","yes","yes","yes","yes","Reviewed history:benfica1962:winnerclub: Which Portuguese club beat Real Madrid 5-3 in the 1962 European Cup final? Answer: Benfica. Arabic asks the same relation. Verified against UEFA: Eusebio strikes gold: Benfica retained trophy 5-3 Madrid; Eusebio two; Puskas hat-trick; Amsterdam venue; Guttmann coach. Recognisable star or club, iconic goal or basic competition history."
"049","49c785259a6c301797f1e949b66c1577253adb5b8b6fe354258bb49b38491c32","history:feyenoord1970:winnerclub","feyenoord1970","yes","yes","yes","yes","Reviewed history:feyenoord1970:winnerclub: Which Rotterdam club beat Celtic in the 1970 European Cup final? Answer: Feyenoord. Arabic asks the same relation. Verified against UEFA: Feyenoord new order: Feyenoord Celtic 2-1 extra time; Kindvall winner; Rinus Israel equaliser; Celtic advanced past Benfica on coin toss. Excluded erroneous Leeds venue score order. Recognisable star or club, iconic goal or basic competition history."
"050","bea9de4e9eac566bfab5d9dded1ba143b9afe03192ea883e871a5a21350f94ca","final:1999:winner","united1999","yes","yes","yes","yes","Reviewed final:1999:winner: Who scored Manchester United's last-gasp winner in the 1999 final? Answer: Ole Gunnar Solskjaer. Arabic asks the same relation. Verified against UEFA: United super subs: Sheringham equaliser; Solskjaer winner; Basler free-kick Bayern goal. Recognisable star or club, iconic goal or basic competition history."
"051","0fdd1ec8847c4390d4b2f985c75d533126a3e5fef171f54d2b21f435da08ab53","final:2005:city","liverpool2005","yes","yes","yes","yes","Reviewed final:2005:city: Which city witnessed Liverpool's comeback from 3-0 down against Milan in the 2005 final? Answer: Istanbul. Arabic asks the same relation. Verified against UEFA: Liverpool belief defies Milan: Istanbul comeback; Gerrard first Liverpool goal; Smicer second; Alonso equaliser; Dudek saved Shevchenko final penalty. Recognisable star or club, iconic goal or basic competition history."
"052","d0ac71ff496158377883447857b92822dcb47b99d0b394aa9f3398291f389dc5","final:1997:subgoal","dortmund1997report","yes","yes","yes","yes","Reviewed final:1997:subgoal: Which Dortmund substitute scored a chipped goal immediately after coming on in the 1997 final? Answer: Lars Ricken. Arabic asks the same relation. Verified against UEFA: Juventus haunted by Dortmund: Ricken first-touch chip sixteen seconds after substitution; Riedle double; Del Piero flick of Boksic cross. Recognisable star or club, iconic goal or basic competition history."
"053","8b9d0c16cbbdd43b9955e66185b5dbbd8003ea7f198fc463db700cf58cf9167c","final:2004:secondgoal","porto2004","yes","yes","yes","yes","Reviewed final:2004:secondgoal: Which playmaker scored Porto's second goal against Monaco in the 2004 final? Answer: Deco. Arabic asks the same relation. Verified against UEFA: Porto perform to perfection: Carlos Alberto opener; Deco second; Alenichev third; Giuly injured captain Monaco; Gelsenkirchen final. Recognisable star or club, iconic goal or basic competition history."
"054","fdb58ea24934b4e534a7ad37fb3b9033380bfeddfea89f2f5712591cb10ddfa4","knockout:arsenal2006:onlygoal","arsenal2006","yes","yes","yes","yes","Reviewed knockout:arsenal2006:onlygoal: Who scored Arsenal's goal that decided their 2006 round-of-16 tie against Real Madrid? Answer: Thierry Henry. Arabic asks the same relation. Verified against UEFA: Arsenal stand firm: Henry only goal of Madrid tie; Highbury goalless second leg; Lehmann Arsenal keeper. Recognisable star or club, iconic goal or basic competition history."
"055","340887c43426c2f10dba29a64afb6f173b3fa1e3240d9005fb2d134fe6d5b51f","knockout:chelsea2012semi:latebreak","chelsea2012semi","yes","yes","yes","yes","Reviewed knockout:chelsea2012semi:latebreak: Who rounded Valdes to score Chelsea's late goal in the 2012 semi-final second leg in Barcelona? Answer: Fernando Torres. Arabic asks the same relation. Verified against UEFA: Ten-man Chelsea Barcelona: Torres late goal; Ramires chip; Terry red card; Messi missed penalty; suspended final quartet Ramires Meireles Ivanovic Terry. Recognisable star or club, iconic goal or basic competition history."
"056","f0dbbac4d6771d6a6af3c7cbe116e1476cf07500a3ca14853610b42fca20559e","knockout:bayern2020qf:score","bayern2020qf","yes","yes","yes","yes","Reviewed knockout:bayern2020qf:score: By what score did Bayern beat Barcelona in the 2020 Champions League quarter-final? Answer: 8-2. Arabic asks the same relation. Verified against UEFA: Barcelona Bayern record win: Bayern 8-2 Barcelona Lisbon; Coutinho two against parent club; Davies dribble assisted Kimmich fifth; Alaba own goal. Recognisable star or club, iconic goal or basic competition history."
"057","dafa701c9caf0f01bcab9c667dfa3c80d7afc80423a19a3abb0f9f74d0403e5c","knockout:ronaldo2003:hattrick","ronaldo2003","yes","yes","yes","yes","Reviewed knockout:ronaldo2003:hattrick: Which Brazilian Real Madrid star scored an Old Trafford hat-trick in 2003 and received applause from United fans? Answer: Ronaldo Nazario. Arabic asks the same relation. Verified against UEFA: United rocked by Ronaldo: Brazilian Ronaldo hat-trick Old Trafford; Beckham substitute double; Helguera own goal; Figo assisted third Ronaldo goal. Recognisable star or club, iconic goal or basic competition history."
"058","39566dd42e62970ad0d6efd8897751febf767ca6294e85ee645de3ee0259c8d9","group:sheriff2021:country","sheriff2021","yes","yes","yes","yes","Reviewed group:sheriff2021:country: Which country did Sheriff Tiraspol represent when they beat Real Madrid at the Bernabeu in 2021? Answer: Moldova. Arabic asks the same relation. Verified against UEFA: Sheriff shock Madrid: Moldovan Sheriff beat Madrid 2-1 Bernabeu; Thill late winner; Yakhshiboev opener. Recognisable star or club, iconic goal or basic competition history."
"059","9d27e89bb2608c49a08eedccb6912561a8d5e177913c2a8b332ca2f94b88242c","group:bale2010:hattrick","bale2010","yes","yes","yes","yes","Reviewed group:bale2010:hattrick: Who scored Tottenham's hat-trick despite their 4-3 Champions League defeat by Inter in 2010? Answer: Gareth Bale. Arabic asks the same relation. Verified against UEFA: Inter Tottenham fightback: Bale hat-trick despite Tottenham 4-3 loss; Zanetti opener; Gomes red card. Recognisable star or club, iconic goal or basic competition history."
"060","ae55c443e87e4afc8bce409a076126b7f84ef3586bdb44de203540a55bf6dd8e","knockout:lewy2013:fourgoals","lewy2013","yes","yes","yes","yes","Reviewed knockout:lewy2013:fourgoals: Who scored all four Dortmund goals against Real Madrid in the 2013 semi-final first leg? Answer: Robert Lewandowski. Arabic asks the same relation. Verified against UEFA: Four-goal Lewandowski: Lewandowski four goals Dortmund Madrid semifinal first leg 2013. Recognisable star or club, iconic goal or basic competition history."
"061","bed3710734f8227eaedfd85f2d7bbe346ec63c98b86ccf0b4f2153ba1012de80","group:gnabry2019:fourgoals","gnabry2019","yes","yes","yes","yes","Reviewed group:gnabry2019:fourgoals: Who scored four goals for Bayern in their 7-2 win over Tottenham in 2019? Answer: Serge Gnabry. Arabic asks the same relation. Verified against UEFA: Bayern Tottenham facts: Gnabry four goals Tottenham Bayern 2-7 October 2019. Recognisable star or club, iconic goal or basic competition history."
"062","06b7d59c852dc088a93583ccc88fdfd37b247699291eeb494b212768a33c2ac4","knockout:iniesta2009:lateequaliser","iniesta2009","yes","yes","yes","yes","Reviewed knockout:iniesta2009:lateequaliser: Who scored Barcelona's stoppage-time goal that eliminated Chelsea in the 2009 semi-finals? Answer: Andres Iniesta. Arabic asks the same relation. Verified against UEFA: Iniesta late show: Iniesta stoppage equaliser; Essien Chelsea opener in 2009 semi-final second leg. Recognisable star or club, iconic goal or basic competition history."
"063","7671218b9623d1c1dd81bff104586cf9418b45f140fe809d6d0a77fd659ae16b","knockout:messi2011semi:double","messi2011semi","yes","yes","yes","yes","Reviewed knockout:messi2011semi:double: Who scored both Barcelona goals in their Bernabeu win over Real Madrid in the 2011 semi-finals? Answer: Lionel Messi. Arabic asks the same relation. Verified against UEFA: Messi magic Madrid: Messi both Barcelona goals 2011 semifinal first leg; Afellay assisted opener. Recognisable star or club, iconic goal or basic competition history."
"064","c418a9858bdaf056964b50f8c94a7e54a0f0888d131510620091b89b069c4883","history:championsleague:renamedseason","marseille1993","yes","yes","yes","yes","Reviewed history:championsleague:renamedseason: In which season did the competition begin under the Champions League name? Answer: 1992/93. Arabic asks the same relation. Verified against UEFA: Inaugural Champions League season: 1992/93 inaugural Champions League; Marseille winners. Recognisable star or club, iconic goal or basic competition history."
"065","c5a71c997d81e6f390821ac2bbf582e446718c147a8e4b18992e0d67ad07cd33","history:marseille1993:inauguralwinner","marseille1993","yes","yes","yes","yes","Reviewed history:marseille1993:inauguralwinner: Which club won the first edition under the Champions League name in 1993? Answer: Marseille. Arabic asks the same relation. Verified against UEFA: Inaugural Champions League season: 1992/93 inaugural Champions League; Marseille winners. Recognisable star or club, iconic goal or basic competition history."
"066","3dfcdb5f0d15508887cc227ed5342e95f6cc6dc942f3ab0b33af472f8dee46d7","history:united1968:opponent","united1968","yes","yes","yes","yes","Reviewed history:united1968:opponent: Which Portuguese team did Manchester United beat in the 1968 European Cup final? Answer: Benfica. Arabic asks the same relation. Verified against UEFA: Charlton leads United charge: United beat Benfica 4-1 extra time; Charlton two goals Wembley. Recognisable star or club, iconic goal or basic competition history."
"067","f2733c5cf66a878827d7ead25c117d81cb3e1a7ac2d798a2bed7eefc7b78b33a","rules:awaygoals:abolishedrule","awaygoals","yes","yes","yes","yes","Reviewed rules:awaygoals:abolishedrule: Which tie-breaking rule did UEFA abolish in club competitions from 2021/22? Answer: The away-goals rule. Arabic asks the same relation. Verified against UEFA: Away goals abolition: Away-goals rule abolished from qualifying phases of 2021/22. Recognisable star or club, iconic goal or basic competition history."
"068","a20bc0691edb3346be9db0c6838a8fad72b74eefa098f47d8847a1cbd448be3a","history:united1968:double","united1968","yes","yes","yes","yes","Reviewed history:united1968:double: Which Manchester United legend scored twice in the 1968 European Cup final? Answer: Bobby Charlton. Arabic asks the same relation. Verified against UEFA: Charlton leads United charge: United beat Benfica 4-1 extra time; Charlton two goals Wembley. Recognisable star or club, iconic goal or basic competition history."
"069","999e6b17f324a8f924290066a7d081c31db0d167f51d8a2f61c8362a7a80ec14","anthem:lyrics:languages","anthem","yes","yes","yes","yes","Reviewed anthem:lyrics:languages: Which three languages are used in the Champions League anthem? Answer: English, French and German. Arabic asks the same relation. Verified against UEFA: Champions League anthem: Tony Britten composed anthem; English French German lyrics; Royal Philharmonic Orchestra recording; Academy of Saint Martin in the Fields Chorus. No lyrics quoted. Competition-specific knowledge of a notable event, venue, coach, award or rule."
"070","85a0c80ff4bc16bd31617c7a8cdd2055d8c8793336421a68eb2d6bb5a992cb20","format:leaguephase:opponents","format2024","yes","yes","yes","yes","Reviewed format:leaguephase:opponents: How many different opponents does each team face in the Champions League league phase introduced in 2024? Answer: Eight opponents. Arabic asks the same relation. Verified against UEFA: 2024 competition format: 36 clubs in one league phase; eight different opponents; top eight qualify directly; ninth to twenty-fourth contest playoffs; no Europa League transfer for eliminated teams. Competition-specific knowledge of a notable event, venue, coach, award or rule."
"071","994798714ce0590d6556bf2bcac37308d10fcb9913f97d7ed6ce7c47e94c07b7","format:leaguephase:directqualification","format2024","yes","yes","yes","yes","Reviewed format:leaguephase:directqualification: How many teams qualify directly from the league phase to the round of 16 without entering the playoffs? Answer: Eight teams. Arabic asks the same relation. Verified against UEFA: 2024 competition format: 36 clubs in one league phase; eight different opponents; top eight qualify directly; ninth to twenty-fourth contest playoffs; no Europa League transfer for eliminated teams. Competition-specific knowledge of a notable event, venue, coach, award or rule."
"072","ae49c00c1655529b6acd9a46945891227a3f8897569f2898c4808fec35728dbc","trophy:ownership:replica","trophy","yes","yes","yes","yes","Reviewed trophy:ownership:replica: From 2008–2009 onward, what does the Champions League winner receive instead of keeping the original trophy? Answer: A full-size replica of the trophy. Arabic asks the same relation. Verified against UEFA: Champions League trophy: Stadelmann designed trophy in Berne; Celtic first won current design in 1967; L'Equipe donated original; replica awarded since 2008–2009; front inscription in French. Competition-specific knowledge of a notable event, venue, coach, award or rule."
"073","46f2f03c87703560ebed2bcdf1007c55fb2929075d222779fcc2660bbe1b0e54","final:2025:score","final2025","yes","yes","yes","yes","Reviewed final:2025:score: By what score did Paris Saint-Germain beat Inter in the 2025 Champions League final? Answer: 5–0. Arabic asks the same relation. Verified against UEFA: Paris 5–0 Inter final report: Paris won first title 5–0; Doue scored twice and won match award; Hakimi first Moroccan final scorer; Mayulu fifth goal assisted Barcola; Enrique winning coach. Competition-specific knowledge of a notable event, venue, coach, award or rule."
"074","58332d7a5f3dd4d2eed9d59eda2a6d15c832e5c98efd800335598fcca9435ea1","final:2024:carvajalopener","final2024","yes","yes","yes","yes","Reviewed final:2024:carvajalopener: Who headed Real Madrid's opening goal against Dortmund in the 2024 final? Answer: Dani Carvajal. Arabic asks the same relation. Verified against UEFA: Real Madrid beat Dortmund: Wembley final; Carvajal opener from Kroos corner; Bellingham assisted Vinicius second; Fullkrug hit post; Terzic Dortmund coach. Competition-specific knowledge of a notable event, venue, coach, award or rule."
"075","87397251db507ff72a6d1d5c52e59f4db31f6f8d08000048642e63f68ef44bd7","final:2024:venue","final2024","yes","yes","yes","yes","Reviewed final:2024:venue: Which London stadium hosted the 2024 Champions League final between Real Madrid and Dortmund? Answer: Wembley. Arabic asks the same relation. Verified against UEFA: Real Madrid beat Dortmund: Wembley final; Carvajal opener from Kroos corner; Bellingham assisted Vinicius second; Fullkrug hit post; Terzic Dortmund coach. Competition-specific knowledge of a notable event, venue, coach, award or rule."
"076","1cbed366553ab74cbe9441f60cbf77fe06c8b49c9cf488ed7b5c9ebb1ccfbfd3","final:2023:captain","final2023","yes","yes","yes","yes","Reviewed final:2023:captain: Who captained Manchester City when the club won its first Champions League in 2023? Answer: Ilkay Gundogan. Arabic asks the same relation. Verified against UEFA: Manchester City win first title: Rodri winner; Istanbul final; Gundogan City captain; Foden replaced injured De Bruyne; Dimarco header hit crossbar; Onana Inter goalkeeper; Haaland season top scorer twelve. Competition-specific knowledge of a notable event, venue, coach, award or rule."
"077","e61eb0d802e0c679b9b17b237f612d5c74b40420b8bf8b5d0c1703dc09fb3712","final:2013:captain","final2013","yes","yes","yes","yes","Reviewed final:2013:captain: Who captained Bayern Munich in the 2013 Champions League final? Answer: Philipp Lahm. Arabic asks the same relation. Verified against UEFA: Robben ends Bayern misery: Robben late winner; Mandzukic opener; Gundogan penalty equaliser; Bayern captain Lahm; Dortmund coached by Klopp. Competition-specific knowledge of a notable event, venue, coach, award or rule."
"078","b2fb81d511f2fa1484f2d10780ac846a2de132fb08eefb1c6793bd0cde4ed459","season:2023:haalandscorer","final2023","yes","yes","yes","yes","Reviewed season:2023:haalandscorer: Who finished the 2022–2023 Champions League as top scorer with 12 goals? Answer: Erling Haaland. Arabic asks the same relation. Verified against UEFA: Manchester City win first title: Rodri winner; Istanbul final; Gundogan City captain; Foden replaced injured De Bruyne; Dimarco header hit crossbar; Onana Inter goalkeeper; Haaland season top scorer twelve. Competition-specific knowledge of a notable event, venue, coach, award or rule."
"079","f47ad092e811e57b21fa0b36f8481ea147d10a61b8a3d6d35ec075895a8cb978","season:2022:benzemascorer","final2022","yes","yes","yes","yes","Reviewed season:2022:benzemascorer: Who led the 2021–2022 Champions League scoring charts with 15 goals? Answer: Karim Benzema. Arabic asks the same relation. Verified against UEFA: Real Madrid defeat Liverpool: Vinicius winner from Valverde cross-shot; Courtois match award; Ancelotti first four-time winning coach; Benzema top scorer fifteen; Stade de France venue. Competition-specific knowledge of a notable event, venue, coach, award or rule."
"080","2610a45a0c5baa9cbfcefe842220b74cc266078e94c94ec414d3b34cfb6dc73c","final:2022:stadium","final2022","yes","yes","yes","yes","Reviewed final:2022:stadium: Which French stadium hosted the 2022 Champions League final between Liverpool and Real Madrid? Answer: Stade de France. Arabic asks the same relation. Verified against UEFA: Real Madrid defeat Liverpool: Vinicius winner from Valverde cross-shot; Courtois match award; Ancelotti first four-time winning coach; Benzema top scorer fifteen; Stade de France venue. Competition-specific knowledge of a notable event, venue, coach, award or rule."
"081","a4cfffaffaf968fccef8cbe16179f09d59016a265608cd29f165e9e652308bd4","final:2021:tuchelcoach","final2021","yes","yes","yes","yes","Reviewed final:2021:tuchelcoach: Which German coach led Chelsea to the 2021 Champions League title? Answer: Thomas Tuchel. Arabic asks the same relation. Verified against UEFA: Chelsea win Porto final: Havertz scored; Mount assist; Kante match award; Tuchel coach; Pulisic first American to appear in final; Christensen replaced Thiago Silva; Azpilicueta captain. Competition-specific knowledge of a notable event, venue, coach, award or rule."
"082","b5a7208c02dc94d88779f5cf1417e437efc5f488fceda073528a221f46803b79","final:2021:pulisicfirstamerican","final2021","yes","yes","yes","yes","Reviewed final:2021:pulisicfirstamerican: Who was the first American to play in a European Cup or Champions League final, with Chelsea in 2021? Answer: Christian Pulisic. Arabic asks the same relation. Verified against UEFA: Chelsea win Porto final: Havertz scored; Mount assist; Kante match award; Tuchel coach; Pulisic first American to appear in final; Christensen replaced Thiago Silva; Azpilicueta captain. Competition-specific knowledge of a notable event, venue, coach, award or rule."
"083","bc855b3749adfc8149bbd1da9c0afc4a4f0185b99d84c7a3850c9c9c06adff17","final:2020:city","final2020","yes","yes","yes","yes","Reviewed final:2020:city: Which Portuguese city hosted the 2020 Champions League final between Bayern and Paris? Answer: Lisbon. Arabic asks the same relation. Verified against UEFA: Bayern defeat Paris: Coman winner; Kimmich assist; Lisbon city; Bayern won all eleven matches; Navas Paris goalkeeper. Competition-specific knowledge of a notable event, venue, coach, award or rule."
"084","c1a4bed7b012621930e11f3d0cf84945846573c41b9ba1136805f09e0d635b30","season:2020:bayernperfectwins","final2020","yes","yes","yes","yes","Reviewed season:2020:bayernperfectwins: Which club won all eleven of its Champions League matches in 2019–2020? Answer: Bayern Munich. Arabic asks the same relation. Verified against UEFA: Bayern defeat Paris: Coman winner; Kimmich assist; Lisbon city; Bayern won all eleven matches; Navas Paris goalkeeper. Competition-specific knowledge of a notable event, venue, coach, award or rule."
"085","2149cd0a84c9fc12c757dcea679de146cce62f976b2f1803bae24329d6c2e8e3","final:2019:vandijkaward","final2019","yes","yes","yes","yes","Reviewed final:2019:vandijkaward: Which Liverpool defender was named Player of the Match in the 2019 Champions League final? Answer: Virgil van Dijk. Arabic asks the same relation. Verified against UEFA: Liverpool beat Tottenham: Salah penalty opener; Origi substitute goal; Van Dijk match award; Metropolitano Madrid; Sissoko handball led to penalty. Competition-specific knowledge of a notable event, venue, coach, award or rule."
"086","e54cdfa32314b841a35432658ba2948f2debfb59f26eb48eef7d520efa9269e5","final:2018:kariuskeeper","final2018","yes","yes","yes","yes","Reviewed final:2018:kariuskeeper: Who was Liverpool's goalkeeper against Real Madrid in the 2018 Champions League final? Answer: Loris Karius. Arabic asks the same relation. Verified against UEFA: Real Madrid third straight title: Bale bicycle kick brace; Marcelo assisted bicycle kick; Mane Liverpool goal; Karius Liverpool keeper; Zidane first coach three consecutive wins; Kyiv venue. Competition-specific knowledge of a notable event, venue, coach, award or rule."
"087","cb23eb20bdb530348efc6914afd20869038903f2c16f8b26d077c03b3ddea0cd","final:2017:cardiffcity","final2017","yes","yes","yes","yes","Reviewed final:2017:cardiffcity: Which Welsh city hosted the 2017 Champions League final between Real Madrid and Juventus? Answer: Cardiff. Arabic asks the same relation. Verified against UEFA: Cardiff final report: Real first Champions League title defence; Mandzukic bicycle kick; Casemiro second goal; Cuadrado sent off; Modric assisted Ronaldo second; Asensio fourth. Competition-specific knowledge of a notable event, venue, coach, award or rule."
"088","73fe072c666f3d18a2c489c12960da6942e7a1361f3ba61a413b8bae6fe7d4dd","final:2016:carrascoequaliser","final2016","yes","yes","yes","yes","Reviewed final:2016:carrascoequaliser: Which Atletico substitute scored the equaliser against Real Madrid in the 2016 final? Answer: Yannick Carrasco. Arabic asks the same relation. Verified against UEFA: Madrid Milan shootout win: Ronaldo winning penalty; Carrasco equaliser; Juanfran missed shootout; Griezmann regulation penalty crossbar; Bale flick assisted Ramos opener. Competition-specific knowledge of a notable event, venue, coach, award or rule."
"089","0f411742db64699d8656d970c3ba6fe942d80ca4e36b3e9c77980fb0039d76c7","final:2015:rakiticopener","final2015","yes","yes","yes","yes","Reviewed final:2015:rakiticopener: Who scored Barcelona's opening goal against Juventus in the 2015 Champions League final? Answer: Ivan Rakitic. Arabic asks the same relation. Verified against UEFA: Barcelona Berlin final: Barcelona won; Rakitic opener; Morata Juventus equaliser; Iniesta assisted opener; Pedro assisted Neymar final goal. Exclude contradictory Suarez assist in annual PDF. Competition-specific knowledge of a notable event, venue, coach, award or rule."
"090","a622592f17ca0f3de20aa83afb7953cf5ca0dd539cb860564ec30de975eb1f7a","final:2015:morataequaliser","final2015","yes","yes","yes","yes","Reviewed final:2015:morataequaliser: Who scored Juventus's only goal against Barcelona in the 2015 final? Answer: Alvaro Morata. Arabic asks the same relation. Verified against UEFA: Barcelona Berlin final: Barcelona won; Rakitic opener; Morata Juventus equaliser; Iniesta assisted opener; Pedro assisted Neymar final goal. Exclude contradictory Suarez assist in annual PDF. Competition-specific knowledge of a notable event, venue, coach, award or rule."
"091","a354d4fb3fcc4045bce2db87c3a82392ed267e442daaed455cdfad27784ac855","season:2014:ronaldo17","final2014","yes","yes","yes","yes","Reviewed season:2014:ronaldo17: How many goals did Ronaldo score in the 2013–2014 Champions League, setting a single-season record? Answer: 17 goals. Arabic asks the same relation. Verified against UEFA: Madrid Decima report: Ramos stoppage equaliser; Decima tenth trophy; Godin Atletico goal; Adrian Lopez replaced Costa; Di Maria dribble led to Bale rebound goal; Ronaldo seventeen season goals. Competition-specific knowledge of a notable event, venue, coach, award or rule."
"092","0bf7e50fc150aa130ba0e1279dbf32f8ec5ef415269daef26055e47cdd4517c6","final:2013:dortmundequaliser","final2013","yes","yes","yes","yes","Reviewed final:2013:dortmundequaliser: Who converted Dortmund's equalising penalty in the 2013 final? Answer: Ilkay Gundogan. Arabic asks the same relation. Verified against UEFA: Robben ends Bayern misery: Robben late winner; Mandzukic opener; Gundogan penalty equaliser; Bayern captain Lahm; Dortmund coached by Klopp. Competition-specific knowledge of a notable event, venue, coach, award or rule."
"093","dce9807d1d2c1b9e98763c739344abbe580b2081c0bbf5fff1242fbc814b3ee7","final:2012:extratimepenaltysave","final2012","yes","yes","yes","yes","Reviewed final:2012:extratimepenaltysave: Which goalkeeper saved Robben's penalty in extra time in the 2012 final? Answer: Petr Cech. Arabic asks the same relation. Verified against UEFA: Chelsea shootout triumph: Drogba equalised and scored decisive shootout kick; Cech saved Robben extra-time penalty; Muller Bayern goal; Schweinsteiger shootout post. Competition-specific knowledge of a notable event, venue, coach, award or rule."
"094","109df32c42710b61c3b96e0355c90378747badac3784f5794529872b7acd59a7","final:2011:thirdgoal","final2011","yes","yes","yes","yes","Reviewed final:2011:thirdgoal: Who scored Barcelona's third goal with a curling shot in the 2011 final? Answer: David Villa. Arabic asks the same relation. Verified against UEFA: Barcelona Wembley report: Pedro opener; Rooney equaliser; Messi second; Villa third; Barcelona won 3-1 at Wembley. Competition-specific knowledge of a notable event, venue, coach, award or rule."
"095","0b3305162b36e5b57bc0d3044be9615126bb78bd9baf587b6cd8a3a57123faa1","final:2010:venue","inter2010","yes","yes","yes","yes","Reviewed final:2010:venue: At which stadium did Inter Milan win the 2010 Champions League title? Answer: Santiago Bernabeu. Arabic asks the same relation. Verified against UEFA: Inter back on top: Milito both final goals; Mourinho coach; Zanetti captain; Bernabeu venue; first Saturday final; Sneijder assisted opener; Bayern lost twice to Bordeaux in groups. Competition-specific knowledge of a notable event, venue, coach, award or rule."
"096","b6ba24018ad1ea3c4b41841aa142655ea0588375fd70e9ec57263a2bf759fbf1","knockout:anfield2019:subdouble","anfield2019","yes","yes","yes","yes","Reviewed knockout:anfield2019:subdouble: Who scored twice after coming off Liverpool's bench against Barcelona in the 2019 semi-final second leg? Answer: Georginio Wijnaldum. Arabic asks the same relation. Verified against UEFA: Liverpool Barcelona comeback: Liverpool won 4-0 after first-leg 3-0 loss; Origi decisive goal from Alexander-Arnold quick corner; Wijnaldum substitute double; Henderson shot parried for opener. Competition-specific knowledge of a notable event, venue, coach, award or rule."
"097","56d4f9db26079b209014ea08213081970541f11b5da54ef433b175a9d1fecedf","knockout:ajax2019:moroccangoal","ajax2019","yes","yes","yes","yes","Reviewed knockout:ajax2019:moroccangoal: Which Moroccan scored Ajax's second goal against Tottenham in the 2019 semi-final second leg? Answer: Hakim Ziyech. Arabic asks the same relation. Verified against UEFA: Ajax Tottenham report: Lucas Moura hat-trick; De Ligt Ajax opener; Ziyech second Ajax goal; Tottenham advanced on away goals at 3-3 aggregate. Competition-specific knowledge of a notable event, venue, coach, award or rule."
"098","1e74e2c2d30603dd8541b62ad601ff663b4a28e1e3eecb79da7b01f055e505aa","knockout:remontada2017:parisgoal","remontada2017","yes","yes","yes","yes","Reviewed knockout:remontada2017:parisgoal: Who scored Paris Saint-Germain's only goal in their 6-1 defeat by Barcelona in 2017? Answer: Edinson Cavani. Arabic asks the same relation. Verified against UEFA: Barcelona historic comeback: Barcelona 6-1 Paris after 4-0 away defeat; Sergi Roberto decisive sixth; Cavani Paris goal; Kurzawa own goal; Suarez opener; Neymar late brace. Competition-specific knowledge of a notable event, venue, coach, award or rule."
"099","b3cbece5d9fa38c5848da06c0e0238022ef034e3e9701fdac7db0cdfe8b4d29f","knockout:depor2004:venue","depor2004","yes","yes","yes","yes","Reviewed knockout:depor2004:venue: Which Deportivo stadium hosted their 4-0 comeback against Milan in 2004? Answer: Riazor. Arabic asks the same relation. Verified against UEFA: Dazzling Depor ditch Milan: Deportivo 4-0 Milan 5-4 aggregate at Riazor; Pandiani Valeron Luque Fran scored; Molina goalkeeper; first side overturning three-goal first-leg CL deficit. Competition-specific knowledge of a notable event, venue, coach, award or rule."
"100","1e61e79bec9bdcc563706e35cb38457a15dc938d1061de789a0b990d89f47452","knockout:monaco2004:double","monaco2004","yes","yes","yes","yes","Reviewed knockout:monaco2004:double: Who scored twice for Monaco in their 3-1 win over Real Madrid in the 2004 quarter-final second leg? Answer: Ludovic Giuly. Arabic asks the same relation. Verified against UEFA: Madrid felled by Morientes: Giuly double; Morientes on-loan Madrid striker scored header; Raul Madrid goal; Flavio Roma Monaco keeper; Ibarra cross-shot for decisive flick. Competition-specific knowledge of a notable event, venue, coach, award or rule."
"101","a07f7fe43e86f520c788b8685e0d49faf18b0b6a31b85c05f87449152e79e2a9","knockout:roma2018:penalty","roma2018","yes","yes","yes","yes","Reviewed knockout:roma2018:penalty: Who converted Roma's penalty against Barcelona in their 2018 comeback? Answer: Daniele De Rossi. Arabic asks the same relation. Verified against UEFA: Roma stun Barcelona: Roma reversed 4-1 loss; Dzeko opener; De Rossi penalty; Manolas decisive header; De Rossi and Manolas first-leg own goals. Competition-specific knowledge of a notable event, venue, coach, award or rule."
"102","1abd0cddb76f11d70d957b4d3e1ec0b55f5337a1de65c33cda7ed7ec8988c572","knockout:cityspurs2019:decisivegoal","cityspurs2019","yes","yes","yes","yes","Reviewed knockout:cityspurs2019:decisivegoal: Which substitute scored Tottenham's decisive third goal against Manchester City in the 2019 quarter-finals? Answer: Fernando Llorente. Arabic asks the same relation. Verified against UEFA: City Tottenham thriller: Llorente decisive Tottenham goal; Son double; Sterling stoppage goal disallowed; Aguero fourth City goal; Bernardo Silva second City goal. Competition-specific knowledge of a notable event, venue, coach, award or rule."
"103","9385d6339b93efcecafcb9e25be191c874dabe3f6b76a4840313284fb2558e67","knockout:madridcity2022:citygoal","madridcity2022","yes","yes","yes","yes","Reviewed knockout:madridcity2022:citygoal: Which Algerian opened the scoring for Manchester City in the 2022 semi-final second leg in Madrid? Answer: Riyad Mahrez. Arabic asks the same relation. Verified against UEFA: Rodrygo and Benzema comeback: Rodrygo late double; Mahrez City goal; Benzema extra-time penalty; Ruben Dias foul; Mendy denied Grealish goal. Competition-specific knowledge of a notable event, venue, coach, award or rule."
"104","ae4199c06d8bc69f82174e37a43ef38bc325ed23c179045a8a4138005e4b2224","history:celtic1967:coach","celtic1967","yes","yes","yes","yes","Reviewed history:celtic1967:coach: Who coached Celtic to the 1967 European Cup? Answer: Jock Stein. Arabic asks the same relation. Verified against UEFA: Celtic adventure reaps reward: Jock Stein coach; Chalmers winner; Gemmell equaliser; Mazzola Inter penalty; Lisbon final. Competition-specific knowledge of a notable event, venue, coach, award or rule."
"105","fe047d141a0baf3f5e5e522c6f3d37e3ebccc78cace79d66a604ecb0cd597361","history:steaua1986:keeper","steaua1986","yes","yes","yes","yes","Reviewed history:steaua1986:keeper: Who saved all four Barcelona penalties in the 1986 European Cup final shootout? Answer: Helmut Duckadam. Arabic asks the same relation. Verified against UEFA: Steaua stun Barcelona: Duckadam saved all four Barcelona shootout penalties; Steaua Romanian winners; Seville venue; Barcelona coach Terry Venables. Competition-specific knowledge of a notable event, venue, coach, award or rule."
"106","2751561b2bda8831519f74bbc616b0d2bca3f8db9657a5b71b417e4f5bb093b6","history:redstar1991:city","redstar1991","yes","yes","yes","yes","Reviewed history:redstar1991:city: Which Italian city hosted the 1991 final between Red Star and Marseille? Answer: Bari. Arabic asks the same relation. Verified against UEFA: Red Star final match record: Red Star won 5-3 penalties against Marseille at San Nicola Bari; Stojanovic goalkeeper captain; Papin Marseille captain. Competition-specific knowledge of a notable event, venue, coach, award or rule."
"107","c8ebc3854b5300b966a707dde39f67306bbd686bde3c5fab6e8aa498c65139db","history:porto1987:winner","porto1987","yes","yes","yes","yes","Reviewed history:porto1987:winner: Who scored Porto's winner after Madjer's equaliser in the 1987 final? Answer: Juary. Arabic asks the same relation. Verified against UEFA: Madjer backheel: Madjer backheel equaliser; Juary winning goal; Ludwig Kogl Bayern opener; Juary cross for equaliser. Competition-specific knowledge of a notable event, venue, coach, award or rule."
"108","04001ac69bcf55fac2acd80cff203d1b629f78de54becdd5ee748ec6b5adc4ec","history:forest1979:scorer","forest1979","yes","yes","yes","yes","Reviewed history:forest1979:scorer: Who headed Nottingham Forest's winning goal against Malmo in the 1979 final? Answer: Trevor Francis. Arabic asks the same relation. Verified against UEFA: Forest join elite: Nottingham Forest first European Cup 1979; defeated holders Liverpool; Francis winner against Malmo in Munich. Competition-specific knowledge of a notable event, venue, coach, award or rule."
"109","866f2babe198a730a703212d620cbc36209d9b07ee199ca69580cbd44966c0eb","history:villa1982:scorer","villa1982","yes","yes","yes","yes","Reviewed history:villa1982:scorer: Who scored Aston Villa's only goal in the 1982 European Cup final? Answer: Peter Withe. Arabic asks the same relation. Verified against UEFA: Withe brings Villa glory: Aston Villa beat Bayern 1-0; Withe goal from Morley cross; Spink replaced Rimmer; Tony Barton coach; Rotterdam De Kuip. Competition-specific knowledge of a notable event, venue, coach, award or rule."
"110","07d3d72f7d9f2a4870e4699aa88354c3965757d7bf6f6afd4d5795b88727507d","history:psv1988:keeper","psv1988","yes","yes","yes","yes","Reviewed history:psv1988:keeper: Which goalkeeper clinched the 1988 European Cup final shootout for PSV by saving Veloso's kick? Answer: Hans van Breukelen. Arabic asks the same relation. Verified against UEFA: PSV Oranje boom: Dutch PSV coached by Hiddink; defeated Benfica in Stuttgart; Van Breukelen saved Veloso decisive penalty. Competition-specific knowledge of a notable event, venue, coach, award or rule."
"111","eb628f54742c698e7317a4a62bcff48bc6d4fef35f3443bc8fd477d914ca3f63","history:ajax1995:coach","ajax1995","yes","yes","yes","yes","Reviewed history:ajax1995:coach: Who coached Ajax to their 1995 Champions League title? Answer: Louis van Gaal. Arabic asks the same relation. Verified against UEFA: Kluivert changes guard: Kluivert winning goal; Van Gaal coach; Ajax beat Milan twice 2-0 in groups; Kanu also substitute; Vienna final. Competition-specific knowledge of a notable event, venue, coach, award or rule."
"112","d8abc621cfd1796927bca7e362c95068a421968062fe6fc9e1e716105c561e98","record:makaay:fastgoal","fastgoals","yes","yes","yes","yes","Reviewed record:makaay:fastgoal: Who scored the fastest Champions League goal after 10.12 seconds against Real Madrid in 2007? Answer: Roy Makaay. Arabic asks the same relation. Verified against UEFA: Fastest Champions League goals: Makaay 10.12 seconds Bayern Real Madrid 2007; Salihamidzic assist; Jonas Valencia goal 10.96 seconds Leverkusen 2011; Pato 24 seconds Barcelona 2011. Competition-specific knowledge of a notable event, venue, coach, award or rule."
"113","d8f657ba23e79f71800a60328c0865f1ce3464e937082714c02fb22f7862fc22","record:pato:barcelona2011","fastgoals","yes","yes","yes","yes","Reviewed record:pato:barcelona2011: Which Milan striker scored against Barcelona after 24 seconds in the Champions League in 2011? Answer: Alexandre Pato. Arabic asks the same relation. Verified against UEFA: Fastest Champions League goals: Makaay 10.12 seconds Bayern Real Madrid 2007; Salihamidzic assist; Jonas Valencia goal 10.96 seconds Leverkusen 2011; Pato 24 seconds Barcelona 2011. Competition-specific knowledge of a notable event, venue, coach, award or rule."
"114","ee6469173c8a7514ddc597c87c22e251b90261fadc28d8687ed3fa389375b53c","record:brahimi:debut2014","hattricks","yes","yes","yes","yes","Reviewed record:brahimi:debut2014: Which Algerian scored a hat-trick on his Champions League debut for Porto against BATE in 2014? Answer: Yacine Brahimi. Arabic asks the same relation. Verified against UEFA: Champions League hat-tricks: Historical facts used only: Salah seven-minute Rangers treble 2022; Messi five Leverkusen 2012; Haaland five Leipzig 2023; Brahimi debut Porto BATE 2014; Kurzawa defender hat-trick Anderlecht 2017; Newell perfect hat-trick Rosenborg 1995. Excluded rolling 2026 claims. Competition-specific knowledge of a notable event, venue, coach, award or rule."
"115","55aae604ec7498adf17a80ce8dde924b99732de274646cb75857127f642e7d7f","record:maldini:oldestwinner","veterans","yes","yes","yes","yes","Reviewed record:maldini:oldestwinner: Who became the oldest player to win a Champions League final when Milan triumphed in 2007? Answer: Paolo Maldini. Arabic asks the same relation. Verified against UEFA: Oldest Champions League players: Ballotta Lazio 43 in 2007; Pepe Porto age 41 Arsenal 2024; Maldini oldest final winner 2007; Van der Sar age 40 in 2011 final. Competition-specific knowledge of a notable event, venue, coach, award or rule."
"116","5ba34b0e65532e39b626dc479692faa97dfde092ff9d4d32fe5d9d750344c9a5","record:vandersar:final40","veterans","yes","yes","yes","yes","Reviewed record:vandersar:final40: Which Dutch goalkeeper played in the 2011 Champions League final after turning 40? Answer: Edwin van der Sar. Arabic asks the same relation. Verified against UEFA: Oldest Champions League players: Ballotta Lazio 43 in 2007; Pepe Porto age 41 Arsenal 2024; Maldini oldest final winner 2007; Van der Sar age 40 in 2011 final. Competition-specific knowledge of a notable event, venue, coach, award or rule."
"117","fdbd9fa78448df556eb8bf7eac9ecea7ff405fe3bc0eb72600a70746d963c40d","history:madrid1956:venue","madrid1956","yes","yes","yes","yes","Reviewed history:madrid1956:venue: Which Paris stadium hosted the first European Cup final in 1956? Answer: Parc des Princes. Arabic asks the same relation. Verified against UEFA: Madrid first crown: First final Madrid beat Reims 4-3 Parc des Princes Paris; Rial winner; Hanot initiated competition. Do not use conflicting historical PDF lineup. Competition-specific knowledge of a notable event, venue, coach, award or rule."
"118","f6ca19e6b8174a5a00ca0703c94b9f053e6e9a597020e1dd11cb05a253a7d75f","history:madrid1960:venue","madrid1960","yes","yes","yes","yes","Reviewed history:madrid1960:venue: At which Glasgow stadium did Real Madrid beat Frankfurt 7-3 in the 1960 final? Answer: Hampden Park. Arabic asks the same relation. Verified against UEFA: Dazzling Madrid Frankfurt: Madrid Frankfurt 7-3 Hampden Park Glasgow; Puskas four; Di Stefano three; semifinal against Barcelona. Competition-specific knowledge of a notable event, venue, coach, award or rule."
"119","0a99f5f1b9ceeca71bf5eda91ff5996b7d964399097ce92ed38dd9be406e941f","history:benfica1962:double","benfica1962","yes","yes","yes","yes","Reviewed history:benfica1962:double: Which Benfica star scored twice against Real Madrid in the 1962 European Cup final? Answer: Eusebio. Arabic asks the same relation. Verified against UEFA: Eusebio strikes gold: Benfica retained trophy 5-3 Madrid; Eusebio two; Puskas hat-trick; Amsterdam venue; Guttmann coach. Competition-specific knowledge of a notable event, venue, coach, award or rule."
"120","344a5ba2ea5db1c5db05db85248fba9749adc818121ae6d9f9d8f4096f36c0f8","history:feyenoord1970:winner","feyenoord1970","yes","yes","yes","yes","Reviewed history:feyenoord1970:winner: Which Swedish striker scored Feyenoord's extra-time winner in the 1970 final? Answer: Ove Kindvall. Arabic asks the same relation. Verified against UEFA: Feyenoord new order: Feyenoord Celtic 2-1 extra time; Kindvall winner; Rinus Israel equaliser; Celtic advanced past Benfica on coin toss. Excluded erroneous Leeds venue score order. Competition-specific knowledge of a notable event, venue, coach, award or rule."
"121","45294dac4b0b178a2b08a38c70a3949e1c20add23d1ed4b3b2a44c66b53746bb","final:1999:equaliser","united1999","yes","yes","yes","yes","Reviewed final:1999:equaliser: Who scored Manchester United's equaliser before Solskjaer's goal in the 1999 final? Answer: Teddy Sheringham. Arabic asks the same relation. Verified against UEFA: United super subs: Sheringham equaliser; Solskjaer winner; Basler free-kick Bayern goal. Competition-specific knowledge of a notable event, venue, coach, award or rule."
"122","23b192bc1da1ec9cec0d4a2a56b0f0decd2a6540abce3a1ad16bc338cd953c5c","final:2005:keeper","liverpool2005","yes","yes","yes","yes","Reviewed final:2005:keeper: Which Liverpool goalkeeper saved Shevchenko's decisive kick in the 2005 final shootout? Answer: Jerzy Dudek. Arabic asks the same relation. Verified against UEFA: Liverpool belief defies Milan: Istanbul comeback; Gerrard first Liverpool goal; Smicer second; Alonso equaliser; Dudek saved Shevchenko final penalty. Competition-specific knowledge of a notable event, venue, coach, award or rule."
"123","0e82a5fe069f3eb39fb61f64d716a96dec1cdaa9243021effa690303080b9428","final:1997:double","dortmund1997","yes","yes","yes","yes","Reviewed final:1997:double: Who scored Dortmund's first two goals against Juventus in the 1997 final? Answer: Karl-Heinz Riedle. Arabic asks the same relation. Verified against UEFA: Riedle makes Dortmund day: Riedle double; Ricken substitute third; Del Piero Juventus goal. Competition-specific knowledge of a notable event, venue, coach, award or rule."
"124","4089184a9069889cb8db243776dba69ea89913924cb1b0e206dd9566afc3ed77","final:2004:opener","porto2004","yes","yes","yes","yes","Reviewed final:2004:opener: Who opened the scoring for Porto in the 2004 Champions League final? Answer: Carlos Alberto. Arabic asks the same relation. Verified against UEFA: Porto perform to perfection: Carlos Alberto opener; Deco second; Alenichev third; Giuly injured captain Monaco; Gelsenkirchen final. Competition-specific knowledge of a notable event, venue, coach, award or rule."
"125","734ceef16af9966d4809271657864d02c1d806dcfdb1eb8f64bac62c06696d6e","knockout:arsenal2006:venue","arsenal2006","yes","yes","yes","yes","Reviewed knockout:arsenal2006:venue: At which Arsenal stadium did the 2006 return leg against Real Madrid end goalless? Answer: Highbury. Arabic asks the same relation. Verified against UEFA: Arsenal stand firm: Henry only goal of Madrid tie; Highbury goalless second leg; Lehmann Arsenal keeper. Competition-specific knowledge of a notable event, venue, coach, award or rule."
"126","7851914208c62817e49d56244c2423365724f2766c299ab98b42ae2631d321d6","knockout:chelsea2012semi:chip","chelsea2012semi","yes","yes","yes","yes","Reviewed knockout:chelsea2012semi:chip: Who chipped in for Chelsea before half-time against Barcelona in the 2012 semi-final second leg? Answer: Ramires. Arabic asks the same relation. Verified against UEFA: Ten-man Chelsea Barcelona: Torres late goal; Ramires chip; Terry red card; Messi missed penalty; suspended final quartet Ramires Meireles Ivanovic Terry. Competition-specific knowledge of a notable event, venue, coach, award or rule."
"127","1eea42c1f1d848e848f27057ea291c80d181bc198e49d5c02e4cb994040d5f4a","knockout:bayern2020qf:parentclubdouble","bayern2020qf","yes","yes","yes","yes","Reviewed knockout:bayern2020qf:parentclubdouble: Who scored twice for Bayern against his parent club Barcelona in the 2020 quarter-final? Answer: Philippe Coutinho. Arabic asks the same relation. Verified against UEFA: Barcelona Bayern record win: Bayern 8-2 Barcelona Lisbon; Coutinho two against parent club; Davies dribble assisted Kimmich fifth; Alaba own goal. Competition-specific knowledge of a notable event, venue, coach, award or rule."
"128","2485f5812f8628608e98e086bcb852b1031699c65db75f90421644cdc4440276","knockout:ronaldo2003:subdouble","ronaldo2003","yes","yes","yes","yes","Reviewed knockout:ronaldo2003:subdouble: Which Manchester United substitute scored twice against Real Madrid in the 2003 quarter-final second leg? Answer: David Beckham. Arabic asks the same relation. Verified against UEFA: United rocked by Ronaldo: Brazilian Ronaldo hat-trick Old Trafford; Beckham substitute double; Helguera own goal; Figo assisted third Ronaldo goal. Competition-specific knowledge of a notable event, venue, coach, award or rule."
"129","cb33b7dd536cbf1e3906fa8346d534373cf39f17cbb0436403c12ea83898b354","group:sheriff2021:winner","sheriff2021","yes","yes","yes","yes","Reviewed group:sheriff2021:winner: Who scored Sheriff's late winner against Real Madrid at the Bernabeu in 2021? Answer: Sebastien Thill. Arabic asks the same relation. Verified against UEFA: Sheriff shock Madrid: Moldovan Sheriff beat Madrid 2-1 Bernabeu; Thill late winner; Yakhshiboev opener. Competition-specific knowledge of a notable event, venue, coach, award or rule."
"130","86eca274747e425883988f089a144f410eb79c450730502da95566f91ca6e977","group:bale2010:redcard","bale2010","yes","yes","yes","yes","Reviewed group:bale2010:redcard: Which Tottenham goalkeeper was sent off early in their 4-3 defeat by Inter in 2010? Answer: Heurelho Gomes. Arabic asks the same relation. Verified against UEFA: Inter Tottenham fightback: Bale hat-trick despite Tottenham 4-3 loss; Zanetti opener; Gomes red card. Competition-specific knowledge of a notable event, venue, coach, award or rule."
"131","1aed42f71eeddc9481131bbee3e988b743073c466126f5298dbd1077f5556019","record:pepe:outfield41","veterans","yes","yes","yes","yes","Reviewed record:pepe:outfield41: Which Portuguese defender played for Porto against Arsenal in the Champions League aged 41 in 2024? Answer: Pepe. Arabic asks the same relation. Verified against UEFA: Oldest Champions League players: Ballotta Lazio 43 in 2007; Pepe Porto age 41 Arsenal 2024; Maldini oldest final winner 2007; Van der Sar age 40 in 2011 final. Competition-specific knowledge of a notable event, venue, coach, award or rule."
"132","2ef1e90cc1572236bc063a0bf5f2d78c170d6ed2145fbc45a823d44eaf11cd6d","rules:leaguephase:homeallocation","draw2024","yes","yes","yes","yes","Reviewed rules:leaguephase:homeallocation: In the new Champions League league phase from 2024/25, how many matches does each team play at home? Answer: Four matches. Arabic asks the same relation. Verified against UEFA: League phase draws explained: Positions 9 to 24 playoff; bottom eliminated with no transfer to other competitions; four pots by club coefficient except titleholders top pot1. Competition-specific knowledge of a notable event, venue, coach, award or rule."
"133","b996aa758674767bd9bd6bb2f6b5b3805b816a93c37e538ad80a13d885e382f0","rules:leaguephase:europafallback","draw2024","yes","yes","yes","yes","Reviewed rules:leaguephase:europafallback: Under the 2024/25 format, do teams finishing 25th or lower in the Champions League league phase transfer to the Europa League? Answer: No, they are eliminated from Europe. Arabic asks the same relation. Verified against UEFA: League phase draws explained: Positions 9 to 24 playoff; bottom eliminated with no transfer to other competitions; four pots by club coefficient except titleholders top pot1. Competition-specific knowledge of a notable event, venue, coach, award or rule."
"134","977778c09a77215409950f378916a767aaf400ea9ea9c6415b853a58a2367868","anthem:handel:inspiration","handel","yes","yes","yes","yes","Reviewed anthem:handel:inspiration: Which Handel work inspired the Champions League anthem? Answer: Zadok the Priest. Arabic asks the same relation. Verified against UEFA: Music of champions: Anthem based on Handel's Zadok the Priest; recorded by Royal Philharmonic and Academy Saint Martin in Fields Chorus. Competition-specific knowledge of a notable event, venue, coach, award or rule."
"135","82e98ebe3f9acac805ae266ebacdfa36991f1d7853406c271e0dee7ac5b684e0","rules:leaguephase:playoffplaces","draw2024","yes","yes","yes","yes","Reviewed rules:leaguephase:playoffplaces: Which league-phase positions enter the qualifying play-offs under the 2024/25 Champions League format? Answer: Ninth to 24th. Arabic asks the same relation. Verified against UEFA: League phase draws explained: Positions 9 to 24 playoff; bottom eliminated with no transfer to other competitions; four pots by club coefficient except titleholders top pot1. Competition-specific knowledge of a notable event, venue, coach, award or rule."
"136","0ffa50712cafd9608754ed3d5c7cd87f26afe93dd13c297155cbeb6895e010f2","knockout:iniesta2009:chelseascorer","iniesta2009","yes","yes","yes","yes","Reviewed knockout:iniesta2009:chelseascorer: Who scored Chelsea's volley from outside the box in the 2009 semi-final second leg? Answer: Michael Essien. Arabic asks the same relation. Verified against UEFA: Iniesta late show: Iniesta stoppage equaliser; Essien Chelsea opener in 2009 semi-final second leg. Competition-specific knowledge of a notable event, venue, coach, award or rule."
"137","5b9a4632884875d8a309af9c594191b6cd246278d0c235411338f89f4b17bbc5","trophy:designer:stadelmann","trophy","yes","yes","yes","yes","Reviewed trophy:designer:stadelmann: Which Swiss jeweller designed the Champions League trophy with its large handles? Answer: Jurg Stadelmann. Arabic asks the same relation. Verified against UEFA: Champions League trophy: Stadelmann designed trophy in Berne; Celtic first won current design in 1967; L'Equipe donated original; replica awarded since 2008–2009; front inscription in French. Specialist historical contribution, assist, substitution, lesser-known scorer, goalkeeper, heritage or draw detail."
"138","0dada081360fa990377bf9186a7d53e2f73b896a399f2c4d5a42f20f45a944c1","trophy:original:donor","trophy","yes","yes","yes","yes","Reviewed trophy:original:donor: Which French sports newspaper donated the original European Cup trophy? Answer: L'Equipe. Arabic asks the same relation. Verified against UEFA: Champions League trophy: Stadelmann designed trophy in Berne; Celtic first won current design in 1967; L'Equipe donated original; replica awarded since 2008–2009; front inscription in French. Specialist historical contribution, assist, substitution, lesser-known scorer, goalkeeper, heritage or draw detail."
"139","29a8f29bf7fc25992bb11d211a58e5ec53140325dde910a43b0c9ab91c5f922e","anthem:composer:britten","anthem","yes","yes","yes","yes","Reviewed anthem:composer:britten: Which British composer wrote the Champions League anthem in 1992? Answer: Tony Britten. Arabic asks the same relation. Verified against UEFA: Champions League anthem: Tony Britten composed anthem; English French German lyrics; Royal Philharmonic Orchestra recording; Academy of Saint Martin in the Fields Chorus. No lyrics quoted. Specialist historical contribution, assist, substitution, lesser-known scorer, goalkeeper, heritage or draw detail."
"140","46836b5255f04ba4a0ee7321b50cca39e531554e46a02063d1a28485e17a6be7","anthem:recording:orchestra","anthem","yes","yes","yes","yes","Reviewed anthem:recording:orchestra: Which orchestra performed the original recording of the Champions League anthem's music? Answer: The Royal Philharmonic Orchestra. Arabic asks the same relation. Verified against UEFA: Champions League anthem: Tony Britten composed anthem; English French German lyrics; Royal Philharmonic Orchestra recording; Academy of Saint Martin in the Fields Chorus. No lyrics quoted. Specialist historical contribution, assist, substitution, lesser-known scorer, goalkeeper, heritage or draw detail."
"141","4f2466ec24e32c19d08141f6c7412a0c8dc27b2b00e5781f6e21d2887d8893c2","trophy:firstcurrentdesign:celtic","trophy","yes","yes","yes","yes","Reviewed trophy:firstcurrentdesign:celtic: Which club was the first to lift the current European Cup trophy design in 1967? Answer: Celtic. Arabic asks the same relation. Verified against UEFA: Champions League trophy: Stadelmann designed trophy in Berne; Celtic first won current design in 1967; L'Equipe donated original; replica awarded since 2008–2009; front inscription in French. Specialist historical contribution, assist, substitution, lesser-known scorer, goalkeeper, heritage or draw detail."
"142","93e83d72fac51a8321bc84064991c3efdf7157ec657e0bf2c5c9f1150c195843","final:2025:mayulugoal","final2025","yes","yes","yes","yes","Reviewed final:2025:mayulugoal: Which Paris substitute scored the fifth goal in the 2025 Champions League final? Answer: Senny Mayulu. Arabic asks the same relation. Verified against UEFA: Paris 5–0 Inter final report: Paris won first title 5–0; Doue scored twice and won match award; Hakimi first Moroccan final scorer; Mayulu fifth goal assisted Barcola; Enrique winning coach. Specialist historical contribution, assist, substitution, lesser-known scorer, goalkeeper, heritage or draw detail."
"143","bde644be441ee0efc2f460ec03e065dd7ae9a1eca9dcd3bbb13953403bb59c17","final:2025:barcolaassist","final2025","yes","yes","yes","yes","Reviewed final:2025:barcolaassist: Who assisted Senny Mayulu for Paris's fifth goal in the 2025 final? Answer: Bradley Barcola. Arabic asks the same relation. Verified against UEFA: Paris 5–0 Inter final report: Paris won first title 5–0; Doue scored twice and won match award; Hakimi first Moroccan final scorer; Mayulu fifth goal assisted Barcola; Enrique winning coach. Specialist historical contribution, assist, substitution, lesser-known scorer, goalkeeper, heritage or draw detail."
"144","cb58a4ccaf8aa4112ab213e719c8583644615ceaa544cb191d233ce2cba44a46","final:2024:krooscorner","final2024","yes","yes","yes","yes","Reviewed final:2024:krooscorner: Who took the corner from which Carvajal scored Real Madrid's opener in the 2024 final? Answer: Toni Kroos. Arabic asks the same relation. Verified against UEFA: Real Madrid beat Dortmund: Wembley final; Carvajal opener from Kroos corner; Bellingham assisted Vinicius second; Fullkrug hit post; Terzic Dortmund coach. Specialist historical contribution, assist, substitution, lesser-known scorer, goalkeeper, heritage or draw detail."
"145","fa7f79fd46e5c25dde996af5a163649e7e7479b7a44c1ded99cda7e979f6fcd2","final:2024:bellinghamassist","final2024","yes","yes","yes","yes","Reviewed final:2024:bellinghamassist: Who assisted Vinicius for Real Madrid's second goal in the 2024 Champions League final? Answer: Jude Bellingham. Arabic asks the same relation. Verified against UEFA: Real Madrid beat Dortmund: Wembley final; Carvajal opener from Kroos corner; Bellingham assisted Vinicius second; Fullkrug hit post; Terzic Dortmund coach. Specialist historical contribution, assist, substitution, lesser-known scorer, goalkeeper, heritage or draw detail."
"146","f54f482a0ab6575a3e70b55b874b09babfce17538f7ed971e21fe06e3ad93951","final:2023:dimarcocrossbar","final2023","yes","yes","yes","yes","Reviewed final:2023:dimarcocrossbar: Which Inter player's header hit the crossbar after Rodri's goal in the 2023 final? Answer: Federico Dimarco. Arabic asks the same relation. Verified against UEFA: Manchester City win first title: Rodri winner; Istanbul final; Gundogan City captain; Foden replaced injured De Bruyne; Dimarco header hit crossbar; Onana Inter goalkeeper; Haaland season top scorer twelve. Specialist historical contribution, assist, substitution, lesser-known scorer, goalkeeper, heritage or draw detail."
"147","330bd8824ab6537c598892805f7c39584a2e6ccede756f92c22077ffda8f9401","final:2022:valverdeassist","final2022","yes","yes","yes","yes","Reviewed final:2022:valverdeassist: Who delivered the ball from which Vinicius scored the winner in the 2022 Champions League final? Answer: Federico Valverde. Arabic asks the same relation. Verified against UEFA: Real Madrid defeat Liverpool: Vinicius winner from Valverde cross-shot; Courtois match award; Ancelotti first four-time winning coach; Benzema top scorer fifteen; Stade de France venue. Specialist historical contribution, assist, substitution, lesser-known scorer, goalkeeper, heritage or draw detail."
"148","1567769cfdc4eaba37c967a48559e4e4a6692b19c8216458ff9096f0fcf3a9be","final:2021:mountassist","final2021","yes","yes","yes","yes","Reviewed final:2021:mountassist: Who played the through ball from which Havertz scored in the 2021 final? Answer: Mason Mount. Arabic asks the same relation. Verified against UEFA: Chelsea win Porto final: Havertz scored; Mount assist; Kante match award; Tuchel coach; Pulisic first American to appear in final; Christensen replaced Thiago Silva; Azpilicueta captain. Specialist historical contribution, assist, substitution, lesser-known scorer, goalkeeper, heritage or draw detail."
"149","a62d425ad8835f1493b686f27a7811925c26ab02dff5fae8136114593d71d3d4","final:2021:christensensubstitute","final2021","yes","yes","yes","yes","Reviewed final:2021:christensensubstitute: Which Chelsea defender replaced the injured Thiago Silva before half-time in the 2021 final? Answer: Andreas Christensen. Arabic asks the same relation. Verified against UEFA: Chelsea win Porto final: Havertz scored; Mount assist; Kante match award; Tuchel coach; Pulisic first American to appear in final; Christensen replaced Thiago Silva; Azpilicueta captain. Specialist historical contribution, assist, substitution, lesser-known scorer, goalkeeper, heritage or draw detail."
"150","0bd110a034128b08609887f3ec44bf34216c6c6fb79a0b27647424f2ca935b01","final:2020:kimmichassist","final2020","yes","yes","yes","yes","Reviewed final:2020:kimmichassist: Who delivered the cross from which Coman scored in the 2020 Champions League final? Answer: Joshua Kimmich. Arabic asks the same relation. Verified against UEFA: Bayern defeat Paris: Coman winner; Kimmich assist; Lisbon city; Bayern won all eleven matches; Navas Paris goalkeeper. Specialist historical contribution, assist, substitution, lesser-known scorer, goalkeeper, heritage or draw detail."
"151","17390287b89b88ba8950608839c0b5f6df321649730dfaad240045d29d825950","history:galata1993:elimination","galatahistory","yes","yes","yes","yes","Reviewed history:galata1993:elimination: Which Turkish club eliminated Manchester United on away goals in the 1993/94 European Cup? Answer: Galatasaray. Arabic asks the same relation. Verified against UEFA: United Galatasaray facts: Galatasaray eliminated United away goals 1993; Fenerbahce first European away winner Old Trafford 1996. Specialist historical contribution, assist, substitution, lesser-known scorer, goalkeeper, heritage or draw detail."
"152","a0a54f1dad175ce4659e6e55cb26835bcf97edf9339889d7ab259dd77d0b092b","final:2019:sissokohandball","final2019","yes","yes","yes","yes","Reviewed final:2019:sissokohandball: Which Tottenham player's handball led to Liverpool's penalty in the 2019 final? Answer: Moussa Sissoko. Arabic asks the same relation. Verified against UEFA: Liverpool beat Tottenham: Salah penalty opener; Origi substitute goal; Van Dijk match award; Metropolitano Madrid; Sissoko handball led to penalty. Specialist historical contribution, assist, substitution, lesser-known scorer, goalkeeper, heritage or draw detail."
"153","3f999e0fca5a590e38f02c5056f178874fa5ef393e057ab1f2e88eb43a8810ba","final:2018:marcelocross","final2018","yes","yes","yes","yes","Reviewed final:2018:marcelocross: Who delivered the cross that Gareth Bale turned into a bicycle-kick goal in the 2018 final? Answer: Marcelo. Arabic asks the same relation. Verified against UEFA: Real Madrid third straight title: Bale bicycle kick brace; Marcelo assisted bicycle kick; Mane Liverpool goal; Karius Liverpool keeper; Zidane first coach three consecutive wins; Kyiv venue. Specialist historical contribution, assist, substitution, lesser-known scorer, goalkeeper, heritage or draw detail."
"154","95ea68450ae3f5980838856f5de592784be66d6f06ae975e86b96a6217ff14c4","final:2017:cuadradored","final2017","yes","yes","yes","yes","Reviewed final:2017:cuadradored: Which Juventus substitute was sent off in the 2017 Champions League final? Answer: Juan Cuadrado. Arabic asks the same relation. Verified against UEFA: Cardiff final report: Real first Champions League title defence; Mandzukic bicycle kick; Casemiro second goal; Cuadrado sent off; Modric assisted Ronaldo second; Asensio fourth. Specialist historical contribution, assist, substitution, lesser-known scorer, goalkeeper, heritage or draw detail."
"155","d0c25c1afdfc02f5aa59f60037bc38ae28414f8f660298efbe1ff5605b8eb268","final:2017:modricassist","final2017","yes","yes","yes","yes","Reviewed final:2017:modricassist: Who delivered the cross for Ronaldo's second goal in the 2017 final? Answer: Luka Modric. Arabic asks the same relation. Verified against UEFA: Cardiff final report: Real first Champions League title defence; Mandzukic bicycle kick; Casemiro second goal; Cuadrado sent off; Modric assisted Ronaldo second; Asensio fourth. Specialist historical contribution, assist, substitution, lesser-known scorer, goalkeeper, heritage or draw detail."
"156","f2e033148abfe27ef300b1d0c3430f2e5d8ee5619d4d4806dfcdd656b3a19f9e","final:2016:juanfranmiss","final2016","yes","yes","yes","yes","Reviewed final:2016:juanfranmiss: Which Atletico player's shootout penalty hit the post in the 2016 final? Answer: Juanfran. Arabic asks the same relation. Verified against UEFA: Madrid Milan shootout win: Ronaldo winning penalty; Carrasco equaliser; Juanfran missed shootout; Griezmann regulation penalty crossbar; Bale flick assisted Ramos opener. Specialist historical contribution, assist, substitution, lesser-known scorer, goalkeeper, heritage or draw detail."
"157","d7c34d28df77c70814662d30292eac17323364dcd0e8360fa191e1dbbf70083f","final:2015:iniestaassist","final2015","yes","yes","yes","yes","Reviewed final:2015:iniestaassist: Who assisted Rakitic's opening goal in the 2015 Champions League final? Answer: Andres Iniesta. Arabic asks the same relation. Verified against UEFA: Barcelona Berlin final: Barcelona won; Rakitic opener; Morata Juventus equaliser; Iniesta assisted opener; Pedro assisted Neymar final goal. Exclude contradictory Suarez assist in annual PDF. Specialist historical contribution, assist, substitution, lesser-known scorer, goalkeeper, heritage or draw detail."
"158","0bbb9723115bae59692a1cf533469805809aedcfbee4b94ba5fc3d39690b9466","final:2015:pedroassist","final2015","yes","yes","yes","yes","Reviewed final:2015:pedroassist: Which Barcelona substitute assisted Neymar for the last goal in the 2015 final? Answer: Pedro Rodriguez. Arabic asks the same relation. Verified against UEFA: Barcelona Berlin final: Barcelona won; Rakitic opener; Morata Juventus equaliser; Iniesta assisted opener; Pedro assisted Neymar final goal. Exclude contradictory Suarez assist in annual PDF. Specialist historical contribution, assist, substitution, lesser-known scorer, goalkeeper, heritage or draw detail."
"159","936cfa611de87b6b55d8a1a4c4f2f2067b2a4dfbe0323920e71b73c8d6448e05","final:2014:costareplacement","final2014","yes","yes","yes","yes","Reviewed final:2014:costareplacement: Who replaced the injured Diego Costa early in the 2014 Champions League final? Answer: Adrian Lopez. Arabic asks the same relation. Verified against UEFA: Madrid Decima report: Ramos stoppage equaliser; Decima tenth trophy; Godin Atletico goal; Adrian Lopez replaced Costa; Di Maria dribble led to Bale rebound goal; Ronaldo seventeen season goals. Specialist historical contribution, assist, substitution, lesser-known scorer, goalkeeper, heritage or draw detail."
"160","1a2959c0e10359706ac5c44693cf325af84e4d32218d0777a6690315f952c3f1","final:2023:debruynereplacement","final2023","yes","yes","yes","yes","Reviewed final:2023:debruynereplacement: Who replaced the injured Kevin De Bruyne in the 2023 Champions League final? Answer: Phil Foden. Arabic asks the same relation. Verified against UEFA: Manchester City win first title: Rodri winner; Istanbul final; Gundogan City captain; Foden replaced injured De Bruyne; Dimarco header hit crossbar; Onana Inter goalkeeper; Haaland season top scorer twelve. Specialist historical contribution, assist, substitution, lesser-known scorer, goalkeeper, heritage or draw detail."
"161","9b5c43522ad5247162c1960609c2c56e145187542e2efad674b581010c56d5b1","final:2012:shootoutpost","final2012","yes","yes","yes","yes","Reviewed final:2012:shootoutpost: Which Bayern player's shootout kick hit the post before Drogba's decisive kick in the 2012 final? Answer: Bastian Schweinsteiger. Arabic asks the same relation. Verified against UEFA: Chelsea shootout triumph: Drogba equalised and scored decisive shootout kick; Cech saved Robben extra-time penalty; Muller Bayern goal; Schweinsteiger shootout post. Specialist historical contribution, assist, substitution, lesser-known scorer, goalkeeper, heritage or draw detail."
"162","3fa203aae019d4aca837d6ab8caa1873b3b86c521535791b9aeb6b8858042c9d","final:2011:opener","final2011","yes","yes","yes","yes","Reviewed final:2011:opener: Who opened the scoring for Barcelona in the 2011 Champions League final? Answer: Pedro Rodriguez. Arabic asks the same relation. Verified against UEFA: Barcelona Wembley report: Pedro opener; Rooney equaliser; Messi second; Villa third; Barcelona won 3-1 at Wembley. Specialist historical contribution, assist, substitution, lesser-known scorer, goalkeeper, heritage or draw detail."
"163","4b1dcc8293904358c05dd619e15ed372210c55291fa35384e3dc1e007b5456dc","group:2010:bayerndoubledefeat","inter2010","yes","yes","yes","yes","Reviewed group:2010:bayerndoubledefeat: Which French club beat Bayern twice in the group stage of Inter's European title-winning 2009/10 season? Answer: Bordeaux. Arabic asks the same relation. Verified against UEFA: Inter back on top: Milito both final goals; Mourinho coach; Zanetti captain; Bernabeu venue; first Saturday final; Sneijder assisted opener; Bayern lost twice to Bordeaux in groups. Specialist historical contribution, assist, substitution, lesser-known scorer, goalkeeper, heritage or draw detail."
"164","289eebe5160b255b6c9e63c33c932b98d9cff5f46caff58b4273b021f5e682d4","knockout:anfield2019:reboundshot","anfield2019","yes","yes","yes","yes","Reviewed knockout:anfield2019:reboundshot: Whose shot did Ter Stegen parry before Origi scored Liverpool's opener in the 2019 semi-final second leg? Answer: Jordan Henderson. Arabic asks the same relation. Verified against UEFA: Liverpool Barcelona comeback: Liverpool won 4-0 after first-leg 3-0 loss; Origi decisive goal from Alexander-Arnold quick corner; Wijnaldum substitute double; Henderson shot parried for opener. Specialist historical contribution, assist, substitution, lesser-known scorer, goalkeeper, heritage or draw detail."
"165","909c312764fbfb54e5c26dc5633d826ff125582e8d7be6a76b0a2d773f85eda2","knockout:ajax2019:opener","ajax2019","yes","yes","yes","yes","Reviewed knockout:ajax2019:opener: Who headed Ajax's opening goal against Tottenham in the 2019 semi-final second leg? Answer: Matthijs de Ligt. Arabic asks the same relation. Verified against UEFA: Ajax Tottenham report: Lucas Moura hat-trick; De Ligt Ajax opener; Ziyech second Ajax goal; Tottenham advanced on away goals at 3-3 aggregate. Specialist historical contribution, assist, substitution, lesser-known scorer, goalkeeper, heritage or draw detail."
"166","96e8192077499ca14a970f8c90e0e23783421ed77999482486009b23dfb450ea","knockout:remontada2017:owngoal","remontada2017","yes","yes","yes","yes","Reviewed knockout:remontada2017:owngoal: Which Paris defender scored an own goal in their 6-1 defeat by Barcelona in 2017? Answer: Layvin Kurzawa. Arabic asks the same relation. Verified against UEFA: Barcelona historic comeback: Barcelona 6-1 Paris after 4-0 away defeat; Sergi Roberto decisive sixth; Cavani Paris goal; Kurzawa own goal; Suarez opener; Neymar late brace. Specialist historical contribution, assist, substitution, lesser-known scorer, goalkeeper, heritage or draw detail."
"167","e509c2c962197e81ee1990914c36187049bd47273582cd524ee069c138ab04d0","knockout:depor2004:keeper","depor2004","yes","yes","yes","yes","Reviewed knockout:depor2004:keeper: Who kept goal for Deportivo in their 4-0 win over Milan in the 2004 quarter-final second leg? Answer: Jose Molina. Arabic asks the same relation. Verified against UEFA: Dazzling Depor ditch Milan: Deportivo 4-0 Milan 5-4 aggregate at Riazor; Pandiani Valeron Luque Fran scored; Molina goalkeeper; first side overturning three-goal first-leg CL deficit. Specialist historical contribution, assist, substitution, lesser-known scorer, goalkeeper, heritage or draw detail."
"168","c48f391df6d5e0dca1b5c1d3149791aa45e12406449e6d797e651bbb0bab3499","knockout:monaco2004:finalcross","monaco2004","yes","yes","yes","yes","Reviewed knockout:monaco2004:finalcross: Who delivered the ball Giuly flicked in for Monaco's third goal against Real Madrid in the 2004 quarter-final second leg? Answer: Hugo Ibarra. Arabic asks the same relation. Verified against UEFA: Madrid felled by Morientes: Giuly double; Morientes on-loan Madrid striker scored header; Raul Madrid goal; Flavio Roma Monaco keeper; Ibarra cross-shot for decisive flick. Specialist historical contribution, assist, substitution, lesser-known scorer, goalkeeper, heritage or draw detail."
"169","bc0f0294f95139a7c3c4910e640ff3295e3af68c6a11a0ed8a92aa2016ef57d6","knockout:roma2018:owngoalpair","roma2018","yes","yes","yes","yes","Reviewed knockout:roma2018:owngoalpair: Which two Roma players scored own goals in the 2018 quarter-final first leg and scored for Roma in the return? Answer: Daniele De Rossi and Kostas Manolas. Arabic asks the same relation. Verified against UEFA: Roma stun Barcelona: Roma reversed 4-1 loss; Dzeko opener; De Rossi penalty; Manolas decisive header; De Rossi and Manolas first-leg own goals. Specialist historical contribution, assist, substitution, lesser-known scorer, goalkeeper, heritage or draw detail."
"170","9d9353a415c3a31846d76ebbbe57dae3ba4bb414dce29e27f6ccb20bc6dd01cc","knockout:cityspurs2019:cityfourth","cityspurs2019","yes","yes","yes","yes","Reviewed knockout:cityspurs2019:cityfourth: Who scored Manchester City's fourth goal in their 4-3 win over Tottenham in the 2019 quarter-final second leg? Answer: Sergio Aguero. Arabic asks the same relation. Verified against UEFA: City Tottenham thriller: Llorente decisive Tottenham goal; Son double; Sterling stoppage goal disallowed; Aguero fourth City goal; Bernardo Silva second City goal. Specialist historical contribution, assist, substitution, lesser-known scorer, goalkeeper, heritage or draw detail."
"171","054421c0d62536ce250043e91f8f753232e8c5b5662dc9e20e8b776b44bc5ab9","knockout:madridcity2022:penaltyfoul","madridcity2022","yes","yes","yes","yes","Reviewed knockout:madridcity2022:penaltyfoul: Who fouled Benzema for Madrid's decisive extra-time penalty against City in 2022? Answer: Ruben Dias. Arabic asks the same relation. Verified against UEFA: Rodrygo and Benzema comeback: Rodrygo late double; Mahrez City goal; Benzema extra-time penalty; Ruben Dias foul; Mendy denied Grealish goal. Specialist historical contribution, assist, substitution, lesser-known scorer, goalkeeper, heritage or draw detail."
"172","918770428f0b3436d8312e1bcc1f242a17386dc02f5b19e9b077bc4a3360690e","history:celtic1967:winner","celtic1967","yes","yes","yes","yes","Reviewed history:celtic1967:winner: Who scored Celtic's second goal to decide the 1967 European Cup final? Answer: Steve Chalmers. Arabic asks the same relation. Verified against UEFA: Celtic adventure reaps reward: Jock Stein coach; Chalmers winner; Gemmell equaliser; Mazzola Inter penalty; Lisbon final. Specialist historical contribution, assist, substitution, lesser-known scorer, goalkeeper, heritage or draw detail."
"173","ddecacac9a9802bbae8be482bd9dd23bb886f89dee1f283e958f3ac7de4256dd","history:steaua1986:opponentcoach","steaua1986","yes","yes","yes","yes","Reviewed history:steaua1986:opponentcoach: Who was Barcelona's English coach in the 1986 European Cup final? Answer: Terry Venables. Arabic asks the same relation. Verified against UEFA: Steaua stun Barcelona: Duckadam saved all four Barcelona shootout penalties; Steaua Romanian winners; Seville venue; Barcelona coach Terry Venables. Specialist historical contribution, assist, substitution, lesser-known scorer, goalkeeper, heritage or draw detail."
"174","b6121e94b3b8ea5aec04c0714efb5458f94870300393df54d10d95b6dd1728a8","history:redstar1991:keepercaptain","redstar1991","yes","yes","yes","yes","Reviewed history:redstar1991:keepercaptain: Which goalkeeper captained Red Star in the 1991 European Cup final? Answer: Stevan Stojanovic. Arabic asks the same relation. Verified against UEFA: Red Star final match record: Red Star won 5-3 penalties against Marseille at San Nicola Bari; Stojanovic goalkeeper captain; Papin Marseille captain. Specialist historical contribution, assist, substitution, lesser-known scorer, goalkeeper, heritage or draw detail."
"175","65e93d332e906a655bee6031f25134b1276385aed3ceefac5017cbba2b3b013b","history:porto1987:bayerngoal","porto1987","yes","yes","yes","yes","Reviewed history:porto1987:bayerngoal: Who scored Bayern Munich's only goal in the 1987 European Cup final? Answer: Ludwig Kogl. Arabic asks the same relation. Verified against UEFA: Madjer backheel: Madjer backheel equaliser; Juary winning goal; Ludwig Kogl Bayern opener; Juary cross for equaliser. Specialist historical contribution, assist, substitution, lesser-known scorer, goalkeeper, heritage or draw detail."
"176","e77a498e1703fb7aa6084f858a3943cf924a8d0e3ef45e3dda3297498767c1c8","history:forest1979:holderseliminated","forest1979","yes","yes","yes","yes","Reviewed history:forest1979:holderseliminated: Which defending champions did Nottingham Forest eliminate at the start of their run to the 1979 European Cup? Answer: Liverpool. Arabic asks the same relation. Verified against UEFA: Forest join elite: Nottingham Forest first European Cup 1979; defeated holders Liverpool; Francis winner against Malmo in Munich. Specialist historical contribution, assist, substitution, lesser-known scorer, goalkeeper, heritage or draw detail."
"177","e8c835ad4eed4297b1b86e85a5cb048621d53a16653c1f0bd803005e96216ff8","history:villa1982:subkeeper","villa1982","yes","yes","yes","yes","Reviewed history:villa1982:subkeeper: Which substitute goalkeeper replaced Jimmy Rimmer early in the 1982 European Cup final? Answer: Nigel Spink. Arabic asks the same relation. Verified against UEFA: Withe brings Villa glory: Aston Villa beat Bayern 1-0; Withe goal from Morley cross; Spink replaced Rimmer; Tony Barton coach; Rotterdam De Kuip. Specialist historical contribution, assist, substitution, lesser-known scorer, goalkeeper, heritage or draw detail."
"178","d9721e8afbd1d27f9e13c403ffa9c824520955281d2697b57ce6fde130c7610b","history:psv1988:city","psv1988","yes","yes","yes","yes","Reviewed history:psv1988:city: Which German city hosted the PSV–Benfica European Cup final in 1988? Answer: Stuttgart. Arabic asks the same relation. Verified against UEFA: PSV Oranje boom: Dutch PSV coached by Hiddink; defeated Benfica in Stuttgart; Van Breukelen saved Veloso decisive penalty. Specialist historical contribution, assist, substitution, lesser-known scorer, goalkeeper, heritage or draw detail."
"179","9b71c602002ff86379f39a90949d44b86db0b2ed4d1a4e6bb934f40138d56ed8","history:ajax1995:groupdouble","ajax1995","yes","yes","yes","yes","Reviewed history:ajax1995:groupdouble: By what score did Ajax win each group-stage match against Milan before the 1995 final? Answer: 2-0. Arabic asks the same relation. Verified against UEFA: Kluivert changes guard: Kluivert winning goal; Van Gaal coach; Ajax beat Milan twice 2-0 in groups; Kanu also substitute; Vienna final. Specialist historical contribution, assist, substitution, lesser-known scorer, goalkeeper, heritage or draw detail."
"180","52ff6b3f31d57145653e74e0cb6fc8876bd500078fc4f6d1affcee9f60c7d40a","record:makaay:assist","fastgoals","yes","yes","yes","yes","Reviewed record:makaay:assist: Who assisted Makaay's 10.12-second goal against Real Madrid in 2007? Answer: Hasan Salihamidzic. Arabic asks the same relation. Verified against UEFA: Fastest Champions League goals: Makaay 10.12 seconds Bayern Real Madrid 2007; Salihamidzic assist; Jonas Valencia goal 10.96 seconds Leverkusen 2011; Pato 24 seconds Barcelona 2011. Specialist historical contribution, assist, substitution, lesser-known scorer, goalkeeper, heritage or draw detail."
"181","0b57d2432f6e307c053733f90d4f0eb5ab692651fac8bff5b88f6cb664ab57be","record:jonas:fastgroupgoal","fastgoals","yes","yes","yes","yes","Reviewed record:jonas:fastgroupgoal: Who scored for Valencia against Leverkusen after 10.96 seconds in the 2011 Champions League group stage? Answer: Jonas. Arabic asks the same relation. Verified against UEFA: Fastest Champions League goals: Makaay 10.12 seconds Bayern Real Madrid 2007; Salihamidzic assist; Jonas Valencia goal 10.96 seconds Leverkusen 2011; Pato 24 seconds Barcelona 2011. Specialist historical contribution, assist, substitution, lesser-known scorer, goalkeeper, heritage or draw detail."
"182","612de414cc8b7f5cb8dc7e2b5d74121d2ef40742059379bbcc2bfb4be34376ae","record:newell:perfecthattrick","hattricks","yes","yes","yes","yes","Reviewed record:newell:perfecthattrick: Which Blackburn player scored a left-foot, right-foot and headed hat-trick against Rosenborg in the 1995 Champions League? Answer: Mike Newell. Arabic asks the same relation. Verified against UEFA: Champions League hat-tricks: Historical facts used only: Salah seven-minute Rangers treble 2022; Messi five Leverkusen 2012; Haaland five Leipzig 2023; Brahimi debut Porto BATE 2014; Kurzawa defender hat-trick Anderlecht 2017; Newell perfect hat-trick Rosenborg 1995. Excluded rolling 2026 claims. Specialist historical contribution, assist, substitution, lesser-known scorer, goalkeeper, heritage or draw detail."
"183","1c040f18ad4579af615af8fabb38ef7bc129bfdc2cef5130a3ed54c9df70a716","record:ballotta:oldestappearance","veterans","yes","yes","yes","yes","Reviewed record:ballotta:oldestappearance: Which Lazio goalkeeper played against Real Madrid in the 2007 Champions League aged 43? Answer: Marco Ballotta. Arabic asks the same relation. Verified against UEFA: Oldest Champions League players: Ballotta Lazio 43 in 2007; Pepe Porto age 41 Arsenal 2024; Maldini oldest final winner 2007; Van der Sar age 40 in 2011 final. Specialist historical contribution, assist, substitution, lesser-known scorer, goalkeeper, heritage or draw detail."
"184","7ab742de02eda1a8e62f0cb25712f1f27ef85db972bf1e323797565737963b8b","history:madrid1956:decisivescorer","madrid1956","yes","yes","yes","yes","Reviewed history:madrid1956:decisivescorer: Who scored Real Madrid's decisive fourth goal in the first European Cup final in 1956? Answer: Hector Rial. Arabic asks the same relation. Verified against UEFA: Madrid first crown: First final Madrid beat Reims 4-3 Parc des Princes Paris; Rial winner; Hanot initiated competition. Do not use conflicting historical PDF lineup. Specialist historical contribution, assist, substitution, lesser-known scorer, goalkeeper, heritage or draw detail."
"185","4d88eb8e827830472adc631b9e6bf634ef4e27de9ea24167f3f776da37c950a4","history:madrid1960:semifinalopponent","madrid1960","yes","yes","yes","yes","Reviewed history:madrid1960:semifinalopponent: Which Spanish club did Real Madrid eliminate in the semi-finals before winning the 1960 European Cup? Answer: Barcelona. Arabic asks the same relation. Verified against UEFA: Dazzling Madrid Frankfurt: Madrid Frankfurt 7-3 Hampden Park Glasgow; Puskas four; Di Stefano three; semifinal against Barcelona. Specialist historical contribution, assist, substitution, lesser-known scorer, goalkeeper, heritage or draw detail."
"186","c92e3a2eda8ecbb71e52cf06e35da1673a71b24c460572da88e24920ca693917","history:benfica1962:losinghattrick","benfica1962","yes","yes","yes","yes","Reviewed history:benfica1962:losinghattrick: Who scored Real Madrid's hat-trick despite their defeat in the 1962 European Cup final? Answer: Ferenc Puskas. Arabic asks the same relation. Verified against UEFA: Eusebio strikes gold: Benfica retained trophy 5-3 Madrid; Eusebio two; Puskas hat-trick; Amsterdam venue; Guttmann coach. Specialist historical contribution, assist, substitution, lesser-known scorer, goalkeeper, heritage or draw detail."
"187","5835e32188fb68b852c9fc18b83edfac3ab84e6544b64a832736eac927bddf45","history:feyenoord1970:celticcoin","feyenoord1970","yes","yes","yes","yes","Reviewed history:feyenoord1970:celticcoin: Which team did Celtic eliminate on a coin toss on their way to the 1970 European Cup final? Answer: Benfica. Arabic asks the same relation. Verified against UEFA: Feyenoord new order: Feyenoord Celtic 2-1 extra time; Kindvall winner; Rinus Israel equaliser; Celtic advanced past Benfica on coin toss. Excluded erroneous Leeds venue score order. Specialist historical contribution, assist, substitution, lesser-known scorer, goalkeeper, heritage or draw detail."
"188","a50d6c9fcc711b3f6fa5537870fe0dee976c6732f082d313c7cb7ec069ea8034","final:1999:bayerngoal","united1999","yes","yes","yes","yes","Reviewed final:1999:bayerngoal: Who scored the free-kick that put Bayern Munich ahead in the 1999 final? Answer: Mario Basler. Arabic asks the same relation. Verified against UEFA: United super subs: Sheringham equaliser; Solskjaer winner; Basler free-kick Bayern goal. Specialist historical contribution, assist, substitution, lesser-known scorer, goalkeeper, heritage or draw detail."
"189","5246179c308e66712914a8344ec24175457c74cbea93f2848f135ccef5dfca3a","final:2005:secondliverpoolgoal","liverpool2005","yes","yes","yes","yes","Reviewed final:2005:secondliverpoolgoal: Who scored Liverpool's second goal with a long-range shot during their 2005 final comeback? Answer: Vladimir Smicer. Arabic asks the same relation. Verified against UEFA: Liverpool belief defies Milan: Istanbul comeback; Gerrard first Liverpool goal; Smicer second; Alonso equaliser; Dudek saved Shevchenko final penalty. Specialist historical contribution, assist, substitution, lesser-known scorer, goalkeeper, heritage or draw detail."
"190","18c1792943a41b160aebf1ed5404709f8bb422da73380a6172bc3c709142495c","final:1997:juvegoal","dortmund1997","yes","yes","yes","yes","Reviewed final:1997:juvegoal: Who scored Juventus's only goal in the 1997 final? Answer: Alessandro Del Piero. Arabic asks the same relation. Verified against UEFA: Riedle makes Dortmund day: Riedle double; Ricken substitute third; Del Piero Juventus goal. Specialist historical contribution, assist, substitution, lesser-known scorer, goalkeeper, heritage or draw detail."
"191","850956057167579013b5fa2f4fe178b7a462377749a7c5da4d6a5118adadee48","final:2004:thirdgoal","porto2004","yes","yes","yes","yes","Reviewed final:2004:thirdgoal: Which Russian scored Porto's third goal in the 2004 final? Answer: Dmitri Alenichev. Arabic asks the same relation. Verified against UEFA: Porto perform to perfection: Carlos Alberto opener; Deco second; Alenichev third; Giuly injured captain Monaco; Gelsenkirchen final. Specialist historical contribution, assist, substitution, lesser-known scorer, goalkeeper, heritage or draw detail."
"192","12511ef7ec6a9c46f81f431a8b10d88909eeb377e9a6b8a502f1d5426fc5cb15","knockout:arsenal2006:keeper","arsenal2006","yes","yes","yes","yes","Reviewed knockout:arsenal2006:keeper: Who kept goal for Arsenal in their goalless 2006 round-of-16 second leg against Real Madrid? Answer: Jens Lehmann. Arabic asks the same relation. Verified against UEFA: Arsenal stand firm: Henry only goal of Madrid tie; Highbury goalless second leg; Lehmann Arsenal keeper. Specialist historical contribution, assist, substitution, lesser-known scorer, goalkeeper, heritage or draw detail."
"193","c3c63bef1d121dfd2739858702c2763decf983b2611b5f6f228a174bc58770f0","knockout:chelsea2012semi:suspendedquartet","chelsea2012semi","yes","yes","yes","yes","Reviewed knockout:chelsea2012semi:suspendedquartet: Which four Chelsea players missed the 2012 final through suspension after the Barcelona match? Answer: John Terry, Ramires, Raul Meireles and Branislav Ivanovic. Arabic asks the same relation. Verified against UEFA: Ten-man Chelsea Barcelona: Torres late goal; Ramires chip; Terry red card; Messi missed penalty; suspended final quartet Ramires Meireles Ivanovic Terry. Specialist historical contribution, assist, substitution, lesser-known scorer, goalkeeper, heritage or draw detail."
"194","6f5dcc8ec2ed0cf99388a6a8695de82620fa4d5f9579c26235fa6baea843c4ac","knockout:bayern2020qf:dribbleassist","bayern2020qf","yes","yes","yes","yes","Reviewed knockout:bayern2020qf:dribbleassist: Who dribbled through Barcelona's defence to assist Kimmich's goal, Bayern's fifth, in the 2020 quarter-final? Answer: Alphonso Davies. Arabic asks the same relation. Verified against UEFA: Barcelona Bayern record win: Bayern 8-2 Barcelona Lisbon; Coutinho two against parent club; Davies dribble assisted Kimmich fifth; Alaba own goal. Specialist historical contribution, assist, substitution, lesser-known scorer, goalkeeper, heritage or draw detail."
"195","8d63a1175411f224d3e22a74726fc74f9754a6d27dfbb10989d3fb5185a4910c","knockout:ronaldo2003:owngoal","ronaldo2003","yes","yes","yes","yes","Reviewed knockout:ronaldo2003:owngoal: Which Real Madrid defender turned Veron's shot into his own net at Old Trafford in 2003? Answer: Ivan Helguera. Arabic asks the same relation. Verified against UEFA: United rocked by Ronaldo: Brazilian Ronaldo hat-trick Old Trafford; Beckham substitute double; Helguera own goal; Figo assisted third Ronaldo goal. Specialist historical contribution, assist, substitution, lesser-known scorer, goalkeeper, heritage or draw detail."
"196","c04163d6e57ebe7ab26414279e6159fd55429a3c7e26a39c6a1c539ddde986eb","group:sheriff2021:opener","sheriff2021","yes","yes","yes","yes","Reviewed group:sheriff2021:opener: Who scored Sheriff's opener in their 2-1 win over Real Madrid in 2021? Answer: Jasurbek Yakhshiboev. Arabic asks the same relation. Verified against UEFA: Sheriff shock Madrid: Moldovan Sheriff beat Madrid 2-1 Bernabeu; Thill late winner; Yakhshiboev opener. Specialist historical contribution, assist, substitution, lesser-known scorer, goalkeeper, heritage or draw detail."
"197","58956335370c7a2049e644b18fc357e8e6137a50b3531b6c2b82327a9fca6a59","group:bale2010:interopener","bale2010","yes","yes","yes","yes","Reviewed group:bale2010:interopener: Who opened Inter's scoring in the first minutes against Tottenham in their 4-3 win in 2010? Answer: Javier Zanetti. Arabic asks the same relation. Verified against UEFA: Inter Tottenham fightback: Bale hat-trick despite Tottenham 4-3 loss; Zanetti opener; Gomes red card. Specialist historical contribution, assist, substitution, lesser-known scorer, goalkeeper, heritage or draw detail."
"198","d4e9c5e471a0c3c3b655075da0c1597cc0051af55c351949e0a677f80afcb2bc","history:oldtrafford1996:firstdefeat","galatahistory","yes","yes","yes","yes","Reviewed history:oldtrafford1996:firstdefeat: Which club ended Manchester United's unbeaten European record at Old Trafford in 1996? Answer: Fenerbahce. Arabic asks the same relation. Verified against UEFA: United Galatasaray facts: Galatasaray eliminated United away goals 1993; Fenerbahce first European away winner Old Trafford 1996. Specialist historical contribution, assist, substitution, lesser-known scorer, goalkeeper, heritage or draw detail."
"199","7ddc5119391330369992a5f0e05f58876b4a533264b2a60753d6f0761aa52644","group:haifa2022:double","haifa2022","yes","yes","yes","yes","Reviewed group:haifa2022:double: Who scored both Maccabi Haifa goals in their Champions League win over Juventus in October 2022? Answer: Omer Atzili. Arabic asks the same relation. Verified against UEFA: Haifa Juventus match statistics: Omer Atzili both goals in Haifa 2-0 Juventus October 11 2022. Specialist historical contribution, assist, substitution, lesser-known scorer, goalkeeper, heritage or draw detail."
"200","519c84381dfb8b73bc65df0ebb109e673b0b086a30ccb91f17b83e828d3efd0e","knockout:messi2011semi:assist","messi2011semi","yes","yes","yes","yes","Reviewed knockout:messi2011semi:assist: Which substitute assisted Messi's first goal against Real Madrid in the 2011 semi-final first leg? Answer: Ibrahim Afellay. Arabic asks the same relation. Verified against UEFA: Messi magic Madrid: Messi both Barcelona goals 2011 semifinal first leg; Afellay assisted opener. Specialist historical contribution, assist, substitution, lesser-known scorer, goalkeeper, heritage or draw detail."
"201","d1052099c48dc69038b177cd1f92d09542c7860161b897715e6eb6a8a04f2978","history:europeancup:firstscorer","firstgoals","yes","yes","yes","yes","Reviewed history:europeancup:firstscorer: Who scored the first European Cup goal, for Sporting against Partizan in 1955? Answer: Joao Baptista Martins. Arabic asks the same relation. Verified against UEFA: First competition goals: Joao Baptista Martins first European Cup goal Sporting Partizan September 4 1955. Specialist historical contribution, assist, substitution, lesser-known scorer, goalkeeper, heritage or draw detail."
"202","531e2996f44431ef61735efa23c5449f60a4b768321a29e55f4ea3609d0bcd8e","anthem:recording:chorus","handel","yes","yes","yes","yes","Reviewed anthem:recording:chorus: Which chorus sang the original recording of the Champions League anthem? Answer: Academy of Saint Martin in the Fields Chorus. Arabic asks the same relation. Verified against UEFA: Music of champions: Anthem based on Handel's Zadok the Priest; recorded by Royal Philharmonic and Academy Saint Martin in Fields Chorus. Specialist historical contribution, assist, substitution, lesser-known scorer, goalkeeper, heritage or draw detail."
"203","c5485f029a4f9fa8d03c0ccb1f50d9bd30ddd96257d8b7cfbbb2617666b88f8c","rules:draw2024:potbasis","draw2024","yes","yes","yes","yes","Reviewed rules:draw2024:potbasis: On what basis were teams seeded into the 2024/25 league-phase draw pots, apart from the title holders? Answer: The UEFA club coefficient. Arabic asks the same relation. Verified against UEFA: League phase draws explained: Positions 9 to 24 playoff; bottom eliminated with no transfer to other competitions; four pots by club coefficient except titleholders top pot1. Specialist historical contribution, assist, substitution, lesser-known scorer, goalkeeper, heritage or draw detail."
"204","1f28d7537d6b839907c2a90a6a1557cf6d8136de8b0c765a159bb19796e879f1","history:europeancup:initiator","madrid1956","yes","yes","yes","yes","Reviewed history:europeancup:initiator: Which French L'Equipe journalist proposed the European Cup club competition? Answer: Gabriel Hanot. Arabic asks the same relation. Verified against UEFA: Madrid first crown: First final Madrid beat Reims 4-3 Parc des Princes Paris; Rial winner; Hanot initiated competition. Do not use conflicting historical PDF lineup. Specialist historical contribution, assist, substitution, lesser-known scorer, goalkeeper, heritage or draw detail."
