"id","difficulty","factKey","topic","questionAr","questionEn","answerAr","answerEn","sourceName","sourceUrl","evidence","lastVerified"
"ucl_v2_001","easy200","record:ronaldo:career140",,"من الهداف التاريخي لدوري أبطال أوروبا، عند احتساب المباريات من مرحلة المجموعات إلى النهائي؟","Who is the Champions League's all-time leading scorer counting matches from the group stage to the final?","كريستيانو رونالدو","Cristiano Ronaldo","UEFA: Ronaldo Champions League records","https://www.uefa.com/uefachampionsleague/news/02a7-2136b8f054ea-76a61b3f9d24-1000--cristiano-ronaldo-in-the-champions-league-records-stats-wh/","Ronaldo scored 140 goals and shares eight hat-trick record with Messi.","2026-10-07"
"ucl_v2_002","easy200","format:leaguephase:36clubs",,"كم فريقاً يشارك في مرحلة الدوري بدوري أبطال أوروبا منذ موسم 2024–2025؟","How many teams compete in the Champions League league phase from 2024–2025 onward?","36 فريقاً","36 teams","UEFA: 2024 competition format","https://www.uefa.com/uefachampionsleague/news/0268-12157d69ce2d-9f011c70f6fa-1000--new-format-for-champions-league-post-2024-everything-you-need/","36 clubs in one league phase; eight different opponents; top eight qualify directly; ninth to twenty-fourth contest playoffs; no Europa League transfer for eliminated teams.","2026-10-07"
"ucl_v2_003","easy200","history:competition:originalname",,"ما الاسم القديم لدوري أبطال أوروبا قبل تغيير اسمه؟","What was the Champions League called before its rebranding?","كأس الأندية الأوروبية البطلة «كأس أوروبا»","The European Champion Clubs' Cup, or European Cup","UEFA: Champions League trophy","https://www.uefa.com/uefachampionsleague/thetrophy/","Stadelmann designed trophy in Berne; Celtic first won current design in 1967; L'Equipe donated original; replica awarded since 2008–2009; front inscription in French.","2026-10-07"
"ucl_v2_004","easy200","final:2025:firstparistitle",,"أي نادٍ فرنسي حقق أول لقب له بدوري أبطال أوروبا عام 2025؟","Which French club won its first Champions League title in 2025?","باريس سان جيرمان","Paris Saint-Germain","UEFA: Paris 5–0 Inter final report","https://www.uefa.com/uefachampionsleague/news/0299-1de417608530-15b01ff7b150-1000--paris-win-champions-league-doue-double-helps-secure-reco/","Paris won first title 5–0; Doue scored twice and won match award; Hakimi first Moroccan final scorer; Mayulu fifth goal assisted Barcola; Enrique winning coach.","2026-10-07"
"ucl_v2_005","easy200","final:2025:douebrace",,"من نجم باريس الشاب الذي سجل هدفين ونال جائزة رجل المباراة في نهائي دوري الأبطال 2025؟","Which young Paris star scored twice and won Player of the Match in the 2025 Champions League final?","ديزيريه دويه","Desire Doue","UEFA: Paris 5–0 Inter final report","https://www.uefa.com/uefachampionsleague/news/0299-1de417608530-15b01ff7b150-1000--paris-win-champions-league-doue-double-helps-secure-reco/","Paris won first title 5–0; Doue scored twice and won match award; Hakimi first Moroccan final scorer; Mayulu fifth goal assisted Barcola; Enrique winning coach.","2026-10-07"
"ucl_v2_006","easy200","final:2025:firstmoroccanscorer",,"من أول لاعب مغربي سجل في نهائي كأس أوروبا أو دوري الأبطال، في نهائي 2025؟","Who became the first Moroccan to score in a European Cup or Champions League final, in 2025?","أشرف حكيمي","Achraf Hakimi","UEFA: Paris 5–0 Inter final report","https://www.uefa.com/uefachampionsleague/news/0299-1de417608530-15b01ff7b150-1000--paris-win-champions-league-doue-double-helps-secure-reco/","Paris won first title 5–0; Doue scored twice and won match award; Hakimi first Moroccan final scorer; Mayulu fifth goal assisted Barcola; Enrique winning coach.","2026-10-07"
"ucl_v2_007","easy200","final:2023:rodriwinner",,"من سجل هدف مانشستر سيتي الوحيد أمام إنتر في نهائي دوري الأبطال 2023؟","Who scored Manchester City's only goal against Inter in the 2023 Champions League final?","رودري","Rodri","UEFA: Manchester City win first title","https://www.uefa.com/uefachampionsleague/news/0282-1839b24603ef-36e94e63621d-1000--man-city-win-champions-league-rodri-goal-secures-victory/","Rodri winner; Istanbul final; Gundogan City captain; Foden replaced injured De Bruyne; Dimarco header hit crossbar; Onana Inter goalkeeper; Haaland season top scorer twelve.","2026-10-07"
"ucl_v2_008","easy200","final:2022:courtoisaward",,"من حارس ريال مدريد الذي نال جائزة رجل المباراة في نهائي دوري الأبطال 2022؟","Which Real Madrid goalkeeper won Player of the Match in the 2022 Champions League final?","تيبو كورتوا","Thibaut Courtois","UEFA: Real Madrid defeat Liverpool","https://www.uefa.com/uefachampionsleague/news/0275-15415a62aaf0-36d3e17d7404-1000--report-real-madrid-win-champions-league/","Vinicius winner from Valverde cross-shot; Courtois match award; Ancelotti first four-time winning coach; Benzema top scorer fifteen; Stade de France venue.","2026-10-07"
"ucl_v2_009","easy200","record:ancelotti:firstfourcoach",,"من أصبح أول مدرب يفوز بكأس أوروبا أربع مرات بعد نهائي 2022؟","Who became the first coach to win the European Cup four times after the 2022 final?","كارلو أنشيلوتي","Carlo Ancelotti","UEFA: Real Madrid defeat Liverpool","https://www.uefa.com/uefachampionsleague/news/0275-15415a62aaf0-36d3e17d7404-1000--report-real-madrid-win-champions-league/","Vinicius winner from Valverde cross-shot; Courtois match award; Ancelotti first four-time winning coach; Benzema top scorer fifteen; Stade de France venue.","2026-10-07"
"ucl_v2_010","easy200","final:2021:havertzwinner",,"من سجل هدف فوز تشيلسي على مانشستر سيتي في نهائي دوري الأبطال 2021؟","Who scored Chelsea's winner against Manchester City in the 2021 Champions League final?","كاي هافرتز","Kai Havertz","UEFA: Chelsea win Porto final","https://www.uefa.com/uefachampionsleague/news/0269-12650cedca55-37515f69768e-1000--highlights-chelsea-win-title/","Havertz scored; Mount assist; Kante match award; Tuchel coach; Pulisic first American to appear in final; Christensen replaced Thiago Silva; Azpilicueta captain.","2026-10-07"
"ucl_v2_011","easy200","final:2021:kanteaward",,"من لاعب وسط تشيلسي الذي نال جائزة رجل المباراة في نهائي 2021؟","Which Chelsea midfielder won Player of the Match in the 2021 final?","نغولو كانتي","N'Golo Kante","UEFA: Chelsea win Porto final","https://www.uefa.com/uefachampionsleague/news/0269-12650cedca55-37515f69768e-1000--highlights-chelsea-win-title/","Havertz scored; Mount assist; Kante match award; Tuchel coach; Pulisic first American to appear in final; Christensen replaced Thiago Silva; Azpilicueta captain.","2026-10-07"
"ucl_v2_012","easy200","final:2020:comanwinner",,"من سجل برأسية هدف فوز بايرن على باريس في نهائي دوري الأبطال 2020؟","Who headed Bayern's winner against Paris in the 2020 Champions League final?","كينغسلي كومان","Kingsley Coman","UEFA: Bayern defeat Paris","https://www.uefa.com/uefachampionsleague/news/0260-1033c96091a1-3d127374ef80-1000--paris-0-1-bayern-coman-scores-champions-league-final-winner/","Coman winner; Kimmich assist; Lisbon city; Bayern won all eleven matches; Navas Paris goalkeeper.","2026-10-07"
"ucl_v2_013","easy200","final:2019:salahpenalty",,"من سجل ركلة جزاء ليفربول المبكرة أمام توتنهام في نهائي 2019؟","Who scored Liverpool's early penalty against Tottenham in the 2019 final?","محمد صلاح","Mohamed Salah","UEFA: Liverpool beat Tottenham","https://www.uefa.com/uefachampionsleague/news/0252-0e99c19b0df2-c2e63df5c79b-1000/","Salah penalty opener; Origi substitute goal; Van Dijk match award; Metropolitano Madrid; Sissoko handball led to penalty.","2026-10-07"
"ucl_v2_014","easy200","final:2018:balebicycle",,"من سجل الركلة المقصية الشهيرة لريال مدريد أمام ليفربول في نهائي 2018؟","Who scored Real Madrid's famous bicycle kick against Liverpool in the 2018 final?","غاريث بيل","Gareth Bale","UEFA: Real Madrid third straight title","https://www.uefa.com/uefachampionsleague/news/0245-0e98d7318379-716954065574-1000/","Bale bicycle kick brace; Marcelo assisted bicycle kick; Mane Liverpool goal; Karius Liverpool keeper; Zidane first coach three consecutive wins; Kyiv venue.","2026-10-07"
"ucl_v2_015","easy200","coach:zidane:threeconsecutive",,"من أول مدرب فاز بدوري أبطال أوروبا ثلاث مرات متتالية؟","Who was the first coach to win the Champions League three times in a row?","زين الدين زيدان","Zinedine Zidane","UEFA: Real Madrid third straight title","https://www.uefa.com/uefachampionsleague/news/0245-0e98d7318379-716954065574-1000/","Bale bicycle kick brace; Marcelo assisted bicycle kick; Mane Liverpool goal; Karius Liverpool keeper; Zidane first coach three consecutive wins; Kyiv venue.","2026-10-07"
"ucl_v2_016","easy200","record:madrid:firsttitledefence",,"أي نادٍ أصبح أول من يحتفظ بلقب دوري الأبطال في حقبة الاسم الجديد، عام 2017؟","Which club became the first to retain the title in the Champions League era in 2017?","ريال مدريد","Real Madrid","UEFA: Cardiff final report","https://www.uefa.com/uefachampionsleague/news/0250-0c5117c008df-de0901ea6dae-1000--majestic-real-madrid-win-champions-league-in-cardiff/","Real first Champions League title defence; Mandzukic bicycle kick; Casemiro second goal; Cuadrado sent off; Modric assisted Ronaldo second; Asensio fourth.","2026-10-07"
"ucl_v2_017","easy200","final:2017:mandzukicbicycle",,"من سجل الهدف المقصي ليوفنتوس أمام ريال مدريد في نهائي 2017؟","Who scored Juventus's bicycle-kick goal against Real Madrid in the 2017 final?","ماريو ماندجوكيتش","Mario Mandzukic","UEFA: Cardiff final report","https://www.uefa.com/uefachampionsleague/news/0250-0c5117c008df-de0901ea6dae-1000--majestic-real-madrid-win-champions-league-in-cardiff/","Real first Champions League title defence; Mandzukic bicycle kick; Casemiro second goal; Cuadrado sent off; Modric assisted Ronaldo second; Asensio fourth.","2026-10-07"
"ucl_v2_018","easy200","final:2016:ronaldowinningpenalty",,"من سجل ركلة الترجيح الحاسمة لريال مدريد في نهائي دوري الأبطال 2016؟","Who scored Real Madrid's decisive shootout penalty in the 2016 Champions League final?","كريستيانو رونالدو","Cristiano Ronaldo","UEFA: Madrid Milan shootout win","https://www.uefa.com/uefachampionsleague/news/022d-0e957c5979eb-37493cb53cd0-1000--spot-on-real-madrid-defeat-atletico-in-final-again/","Ronaldo winning penalty; Carrasco equaliser; Juanfran missed shootout; Griezmann regulation penalty crossbar; Bale flick assisted Ramos opener.","2026-10-07"
"ucl_v2_019","easy200","final:2014:ramosequaliser",,"من سجل رأسية ريال مدريد في الوقت بدل الضائع التي فرضت التمديد في نهائي 2014؟","Who scored Real Madrid's stoppage-time header to force extra time in the 2014 final?","سيرخيو راموس","Sergio Ramos","UEFA: Madrid Decima report","https://www.uefa.com/uefachampionsleague/news/0250-0c51093bd4a7-41ccc377a75c-1000--madrid-finally-fulfil-decima-dream/","Ramos stoppage equaliser; Decima tenth trophy; Godin Atletico goal; Adrian Lopez replaced Costa; Di Maria dribble led to Bale rebound goal; Ronaldo seventeen season goals.","2026-10-07"
"ucl_v2_020","easy200","history:madrid:decimameaning",,"إلى أي لقب أوروبي يشير تعبير «لا ديسيما» لدى مشجعي ريال مدريد؟","Which European title does La Decima refer to for Real Madrid fans?","اللقب العاشر","The tenth title","UEFA: Madrid Decima report","https://www.uefa.com/uefachampionsleague/news/0250-0c51093bd4a7-41ccc377a75c-1000--madrid-finally-fulfil-decima-dream/","Ramos stoppage equaliser; Decima tenth trophy; Godin Atletico goal; Adrian Lopez replaced Costa; Di Maria dribble led to Bale rebound goal; Ronaldo seventeen season goals.","2026-10-07"
"ucl_v2_021","easy200","final:2013:winninggoal",,"من سجل هدف بايرن ميونخ الحاسم قرب نهاية نهائي دوري الأبطال 2013؟","Who scored Bayern Munich's late winning goal in the 2013 Champions League final?","آريين روبن","Arjen Robben","UEFA: Robben ends Bayern misery","https://www.uefa.com/uefachampionsleague/news/0250-0c50ff9a7f18-7e59ddb15025-1000--robben-ends-bayern-s-run-of-final-misery/","Robben late winner; Mandzukic opener; Gundogan penalty equaliser; Bayern captain Lahm; Dortmund coached by Klopp.","2026-10-07"
"ucl_v2_022","easy200","final:2012:chelseaequaliser",,"من أعاد تشيلسي إلى المباراة برأسية التعادل في نهائي دوري الأبطال 2012؟","Who brought Chelsea level with a header in the 2012 Champions League final?","ديدييه دروغبا","Didier Drogba","UEFA: Chelsea shootout triumph","https://www.uefa.com/uefachampionsleague/news/0250-0c50fb78a384-1434bbcadbcb-1000/","Drogba equalised and scored decisive shootout kick; Cech saved Robben extra-time penalty; Muller Bayern goal; Schweinsteiger shootout post.","2026-10-07"
"ucl_v2_023","easy200","final:2011:unitedgoal",,"من سجل هدف مانشستر يونايتد الوحيد في نهائي دوري الأبطال 2011؟","Who scored Manchester United's only goal in the 2011 Champions League final?","واين روني","Wayne Rooney","UEFA: Barcelona Wembley report","https://www.uefa.com/uefachampionsleague/news/01ff-0e7e5852ecaa-15ad96dc5b23-1000--2010-11-fc-barcelona-3-1-manchester-united-fc-report/","Pedro opener; Rooney equaliser; Messi second; Villa third; Barcelona won 3-1 at Wembley.","2026-10-07"
"ucl_v2_024","easy200","final:2010:bothgoals",,"من سجل هدفي إنتر ميلان في نهائي دوري الأبطال 2010؟","Who scored both Inter Milan goals in the 2010 Champions League final?","دييغو ميليتو","Diego Milito","UEFA: Inter back on top","https://www.uefa.com/uefachampionsleague/news/0250-0c50f3b81a1b-4c43e12a6520-1000--2009-10-inter-back-on-top-at-last/","Milito both final goals; Mourinho coach; Zanetti captain; Bernabeu venue; first Saturday final; Sneijder assisted opener; Bayern lost twice to Bordeaux in groups.","2026-10-07"
"ucl_v2_025","easy200","knockout:anfield2019:corner",,"من نفذ الركنية السريعة التي صنع منها أوريغي هدف التأهل أمام برشلونة في أنفيلد عام 2019؟","Who took the quick corner for Origi's decisive goal against Barcelona at Anfield in 2019?","ترينت ألكسندر أرنولد","Trent Alexander-Arnold","UEFA: Liverpool Barcelona comeback","https://www.uefa.com/uefachampionsleague/news/0251-0e99aae66a0d-4ef82ebc84f0-1000--liverpool-4-0-barcelona-champions-league-at-a-glance/","Liverpool won 4-0 after first-leg 3-0 loss; Origi decisive goal from Alexander-Arnold quick corner; Wijnaldum substitute double; Henderson shot parried for opener.","2026-10-07"
"ucl_v2_026","easy200","knockout:ajax2019:hattrick",,"من سجل هاتريك توتنهام في إياب نصف النهائي أمام أياكس عام 2019؟","Who scored Tottenham's hat-trick in the 2019 semi-final second leg against Ajax?","لوكاس مورا","Lucas Moura","UEFA: Ajax Tottenham report","https://www.uefa.com/uefachampionsleague/news/0251-0e9ce1f530f2-d243cb498094-1000/","Lucas Moura hat-trick; De Ligt Ajax opener; Ziyech second Ajax goal; Tottenham advanced on away goals at 3-3 aggregate.","2026-10-07"
"ucl_v2_027","easy200","knockout:remontada2017:lastgoal",,"من سجل هدف برشلونة السادس والحاسم في ريمونتادا باريس سان جيرمان عام 2017؟","Who scored Barcelona's decisive sixth goal in the 2017 comeback against Paris Saint-Germain?","سيرجي روبرتو","Sergi Roberto","UEFA: Barcelona historic comeback","https://www.uefa.com/uefachampionsleague/news/0237-0e966c1b69f6-14f87a701fd9-1000--barcelona-make-history-with-stunning-comeback/","Barcelona 6-1 Paris after 4-0 away defeat; Sergi Roberto decisive sixth; Cavani Paris goal; Kurzawa own goal; Suarez opener; Neymar late brace.","2026-10-07"
"ucl_v2_028","easy200","knockout:depor2004:winner",,"أي فريق إسباني أقصى حامل اللقب ميلان بفوز 4-0 في ربع نهائي 2004؟","Which Spanish team eliminated holders Milan with a 4-0 win in the 2004 quarter-finals?","ديبورتيفو لا كورونيا","Deportivo La Coruna","UEFA: Dazzling Depor ditch Milan","https://www.uefa.com/uefachampionsleague/news/019c-0e6c12450ff2-294c584e2602-1000--dazzling-depor-ditch-milan/","Deportivo 4-0 Milan 5-4 aggregate at Riazor; Pandiani Valeron Luque Fran scored; Molina goalkeeper; first side overturning three-goal first-leg CL deficit.","2026-10-07"
"ucl_v2_029","easy200","knockout:monaco2004:loanscorer",,"أي مهاجم معار من ريال مدريد سجل ضده لموناكو في ربع نهائي 2004؟","Which striker on loan from Real Madrid scored against them for Monaco in the 2004 quarter-finals?","فرناندو موريانتس","Fernando Morientes","UEFA: Madrid felled by Morientes","https://www.uefa.com/uefachampionsleague/news/019c-0e6ad3e94fa1-7d2d6812cba9-1000--madrid-felled-by-morientes/","Giuly double; Morientes on-loan Madrid striker scored header; Raul Madrid goal; Flavio Roma Monaco keeper; Ibarra cross-shot for decisive flick.","2026-10-07"
"ucl_v2_030","easy200","knockout:roma2018:decisiveheader",,"من سجل رأسية تأهل روما أمام برشلونة في ربع نهائي 2018؟","Who scored Roma's qualification-clinching header against Barcelona in the 2018 quarter-finals?","كوستاس مانولاس","Kostas Manolas","UEFA: Roma stun Barcelona","https://www.uefa.com/uefachampionsleague/news/0244-0e9cca96247f-6f619a17c764-1000/","Roma reversed 4-1 loss; Dzeko opener; De Rossi penalty; Manolas decisive header; De Rossi and Manolas first-leg own goals.","2026-10-07"
"ucl_v2_031","easy200","knockout:cityspurs2019:sondouble",,"من سجل هدفين لتوتنهام في خسارته 4-3 أمام مانشستر سيتي بربع نهائي 2019؟","Who scored twice for Tottenham in their 4-3 defeat by Manchester City in the 2019 quarter-finals?","سون هيونغ مين","Son Heung-min","UEFA: City Tottenham thriller","https://www.uefa.com/uefachampionsleague/news/0250-0e999aee96ca-0b7d18bcada0-1000--man-city-4-3-tottenham-champions-league-at-a-glance/","Llorente decisive Tottenham goal; Son double; Sterling stoppage goal disallowed; Aguero fourth City goal; Bernardo Silva second City goal.","2026-10-07"
"ucl_v2_032","easy200","knockout:madridcity2022:latedouble",,"من سجل ثنائية ريال مدريد المتأخرة التي فرضت التمديد أمام مانشستر سيتي في نصف نهائي 2022؟","Who scored Real Madrid's late double to force extra time against Manchester City in the 2022 semi-finals?","رودريغو","Rodrygo","UEFA: Rodrygo and Benzema comeback","https://www.uefa.com/uefachampionsleague/news/0275-1511132895f4-1744cbc9329e-1000--real-madrid-3-1-manchester-city-agg-6-5-rodrygo-and-benzema-/","Rodrygo late double; Mahrez City goal; Benzema extra-time penalty; Ruben Dias foul; Mendy denied Grealish goal.","2026-10-07"
"ucl_v2_033","easy200","history:celtic1967:nickname",,"بأي لقب اشتهر فريق سيلتيك المتوج بكأس أوروبا عام 1967؟","By what nickname is Celtic's 1967 European Cup-winning team known?","أسود لشبونة","The Lisbon Lions","UEFA: Celtic Lisbon Lions highlights","https://www.uefa.com/uefachampionsleague/history/video/finals/0252-0d044f60393e-1aa7a660d240-1000--1967-final-highlights-celtic-2-1-inter/","All-Scottish Celtic European Cup-winning side dubbed Lisbon Lions.","2026-10-07"
"ucl_v2_034","easy200","history:steaua1986:country",,"من أي دولة جاء ستيوا بوخارست بطل كأس أوروبا 1986؟","Which country was represented by 1986 European Cup winners Steaua Bucharest?","رومانيا","Romania","UEFA: Steaua stun Barcelona","https://www.uefa.com/uefachampionsleague/news/00c5-0e6a0bc49898-3c69a840d79b-1000/","Duckadam saved all four Barcelona shootout penalties; Steaua Romanian winners; Seville venue; Barcelona coach Terry Venables.","2026-10-07"
"ucl_v2_035","easy200","history:redstar1991:opponent",,"أي نادٍ فرنسي خسر نهائي كأس أوروبا 1991 أمام النجم الأحمر بركلات الترجيح؟","Which French club lost the 1991 European Cup final to Red Star on penalties?","مارسيليا","Marseille","UEFA: Red Star final match record","https://www.uefa.com/uefachampionsleague/match/4373/","Red Star won 5-3 penalties against Marseille at San Nicola Bari; Stojanovic goalkeeper captain; Papin Marseille captain.","2026-10-07"
"ucl_v2_036","easy200","history:porto1987:backheel",,"أي نجم جزائري سجل بالكعب لبورتو في نهائي كأس أوروبا 1987؟","Which Algerian star scored a backheel for Porto in the 1987 European Cup final?","رابح ماجر","Rabah Madjer","UEFA: Madjer backheel","https://www.uefa.com/uefachampionsleague/news/021f-0e8fdb967775-761b0eca2869-1000--legendary-moments-madjer-s-back-heel/","Madjer backheel equaliser; Juary winning goal; Ludwig Kogl Bayern opener; Juary cross for equaliser.","2026-10-07"
"ucl_v2_037","easy200","history:forest1979:firsttitle",,"أي نادٍ إنجليزي فاز بأول كأس أوروبا له أمام مالمو عام 1979؟","Which English club won their first European Cup against Malmo in 1979?","نوتنغهام فورست","Nottingham Forest","UEFA: Forest join elite","https://www.uefa.com/uefachampionsleague/news/025a-0ea6687c95ea-1cc4f4a550f7-1000--1978-79-forest-join-elite-club/","Nottingham Forest first European Cup 1979; defeated holders Liverpool; Francis winner against Malmo in Munich.","2026-10-07"
"ucl_v2_038","easy200","history:villa1982:winners",,"أي نادٍ من برمنغهام هزم بايرن ميونخ في نهائي كأس أوروبا 1982؟","Which Birmingham club beat Bayern Munich in the 1982 European Cup final?","أستون فيلا","Aston Villa","UEFA: Withe brings Villa glory","https://www.uefa.com/uefachampionsleague/news/0254-0d7b1e154752-f2cfb521c62d-1000--1981-82-withe-brings-villa-glory/","Aston Villa beat Bayern 1-0; Withe goal from Morley cross; Spink replaced Rimmer; Tony Barton coach; Rotterdam De Kuip.","2026-10-07"
"ucl_v2_039","easy200","history:psv1988:country",,"من أي دولة جاء آيندهوفن بطل كأس أوروبا 1988؟","Which country was represented by 1988 European Cup winners PSV Eindhoven?","هولندا","The Netherlands","UEFA: PSV Oranje boom","https://www.uefa.com/uefachampionsleague/news/0252-0cda61cd72d9-e1f121defd12-1000--1987-88-psv-prosper-from-oranje-boom/","Dutch PSV coached by Hiddink; defeated Benfica in Stuttgart; Van Breukelen saved Veloso decisive penalty.","2026-10-07"
"ucl_v2_040","easy200","history:ajax1995:scorer",,"أي مهاجم شاب سجل هدف فوز أياكس على ميلان في نهائي 1995؟","Which young striker scored Ajax's winning goal against Milan in the 1995 final?","باتريك كلويفرت","Patrick Kluivert","UEFA: Kluivert changes guard","https://www.uefa.com/uefachampionsleague/news/0131-0ea969a88ada-9aa85bac6453-1000--kluivert-strikes-as-ajax-force-changing-of-the-guard/","Kluivert winning goal; Van Gaal coach; Ajax beat Milan twice 2-0 in groups; Kanu also substitute; Vienna final.","2026-10-07"
"ucl_v2_041","easy200","record:salah:rangers2022",,"من سجل هاتريك خلال نحو سبع دقائق لليفربول أمام رينجرز في دوري الأبطال 2022؟","Who scored a hat-trick in about seven minutes for Liverpool against Rangers in the 2022 Champions League?","محمد صلاح","Mohamed Salah","UEFA: Champions League hat-tricks","https://www.uefa.com/uefachampionsleague/news/0257-0e99f0d0d91b-eb0f4ba7a8f7-1000/","Historical facts used only: Salah seven-minute Rangers treble 2022; Messi five Leverkusen 2012; Haaland five Leipzig 2023; Brahimi debut Porto BATE 2014; Kurzawa defender hat-trick Anderlecht 2017; Newell perfect hat-trick Rosenborg 1995. Excluded rolling 2026 claims.","2026-10-07"
"ucl_v2_042","easy200","record:messi:five2012",,"من سجل خمسة أهداف لبرشلونة أمام باير ليفركوزن في دوري الأبطال عام 2012؟","Who scored five goals for Barcelona against Bayer Leverkusen in the Champions League in 2012?","ليونيل ميسي","Lionel Messi","UEFA: Champions League hat-tricks","https://www.uefa.com/uefachampionsleague/news/0257-0e99f0d0d91b-eb0f4ba7a8f7-1000/","Historical facts used only: Salah seven-minute Rangers treble 2022; Messi five Leverkusen 2012; Haaland five Leipzig 2023; Brahimi debut Porto BATE 2014; Kurzawa defender hat-trick Anderlecht 2017; Newell perfect hat-trick Rosenborg 1995. Excluded rolling 2026 claims.","2026-10-07"
"ucl_v2_043","easy200","record:haaland:five2023",,"من سجل خمسة أهداف لمانشستر سيتي أمام لايبزيغ في دوري الأبطال عام 2023؟","Who scored five goals for Manchester City against Leipzig in the Champions League in 2023?","إرلينغ هالاند","Erling Haaland","UEFA: Champions League hat-tricks","https://www.uefa.com/uefachampionsleague/news/0257-0e99f0d0d91b-eb0f4ba7a8f7-1000/","Historical facts used only: Salah seven-minute Rangers treble 2022; Messi five Leverkusen 2012; Haaland five Leipzig 2023; Brahimi debut Porto BATE 2014; Kurzawa defender hat-trick Anderlecht 2017; Newell perfect hat-trick Rosenborg 1995. Excluded rolling 2026 claims.","2026-10-07"
"ucl_v2_044","easy200","record:seedorf:threeclubs",,"من فاز بدوري الأبطال مع أياكس وريال مدريد وميلان؟","Who won the Champions League with Ajax, Real Madrid and Milan?","كلارنس سيدورف","Clarence Seedorf","UEFA: Seedorf career interview","https://www.uefa.com/uefachampionsleague/news/0266-118f65b1d84a-1d9c04fda1cb-1000--clarence-seedorf-q-a/","Only player to win Champions League with three clubs: Ajax Real Madrid AC Milan.","2026-10-07"
"ucl_v2_045","easy200","final:2019:origisubstitutegoal",,"من بديل ليفربول الذي أحرز الهدف الثاني أمام توتنهام في نهائي 2019؟","Which Liverpool substitute scored the second goal against Tottenham in the 2019 final?","ديفوك أوريغي","Divock Origi","UEFA: Liverpool beat Tottenham","https://www.uefa.com/uefachampionsleague/news/0252-0e99c19b0df2-c2e63df5c79b-1000/","Salah penalty opener; Origi substitute goal; Van Dijk match award; Metropolitano Madrid; Sissoko handball led to penalty.","2026-10-07"
"ucl_v2_046","easy200","history:madrid1956:inauguralyear",,"في أي عام أقيم أول نهائي لكأس أوروبا للأندية؟","In which year was the first European Cup club final played?","1956","1956","UEFA: Madrid first crown","https://www.uefa.com/uefachampionsleague/news/0258-0e6a0359223b-d180c4119f8e-1000--1955-56-madrid-claim-first-crown/","First final Madrid beat Reims 4-3 Parc des Princes Paris; Rial winner; Hanot initiated competition. Do not use conflicting historical PDF lineup.","2026-10-07"
"ucl_v2_047","easy200","history:madrid1960:fourgoals",,"من سجل أربعة أهداف لريال مدريد في نهائي كأس أوروبا 1960؟","Who scored four goals for Real Madrid in the 1960 European Cup final?","فيرينتس بوشكاش","Ferenc Puskas","UEFA: Dazzling Madrid Frankfurt","https://www.uefa.com/uefachampionsleague/news/0253-0d7b1dc17e3e-c896eaba1732-1000--1959-60-dazzling-madrid-crush-frankfurt/","Madrid Frankfurt 7-3 Hampden Park Glasgow; Puskas four; Di Stefano three; semifinal against Barcelona.","2026-10-07"
"ucl_v2_048","easy200","history:benfica1962:winnerclub",,"أي نادٍ برتغالي هزم ريال مدريد 5-3 في نهائي كأس أوروبا 1962؟","Which Portuguese club beat Real Madrid 5-3 in the 1962 European Cup final?","بنفيكا","Benfica","UEFA: Eusebio strikes gold","https://www.uefa.com/uefachampionsleague/news/0258-0e6a045944ea-75ee25be6a88-1000--1961-62-eusebio-strikes-gold-for-benfica/","Benfica retained trophy 5-3 Madrid; Eusebio two; Puskas hat-trick; Amsterdam venue; Guttmann coach.","2026-10-07"
"ucl_v2_049","easy200","history:feyenoord1970:winnerclub",,"أي نادٍ من روتردام هزم سيلتيك في نهائي كأس أوروبا 1970؟","Which Rotterdam club beat Celtic in the 1970 European Cup final?","فينورد","Feyenoord","UEFA: Feyenoord new order","https://www.uefa.com/uefachampionsleague/news/0005-0e6a05cb6956-d2f407b8aa83-1000--1969-70-feyenoord-establish-new-order/","Feyenoord Celtic 2-1 extra time; Kindvall winner; Rinus Israel equaliser; Celtic advanced past Benfica on coin toss. Excluded erroneous Leeds venue score order.","2026-10-07"
"ucl_v2_050","easy200","final:1999:winner",,"من سجل هدف فوز مانشستر يونايتد في الثواني الأخيرة من نهائي 1999؟","Who scored Manchester United's last-gasp winner in the 1999 final?","أولي غونار سولشاير","Ole Gunnar Solskjaer","UEFA: United super subs","https://www.uefa.com/uefachampionsleague/news/0161-0e6a261d85bb-05dbbb7741b5-1000--united-super-subs-floor-bayern-at-the-death/","Sheringham equaliser; Solskjaer winner; Basler free-kick Bayern goal.","2026-10-07"
"ucl_v2_051","easy200","final:2005:city",,"أي مدينة شهدت عودة ليفربول من تأخر 3-0 أمام ميلان في نهائي 2005؟","Which city witnessed Liverpool's comeback from 3-0 down against Milan in the 2005 final?","إسطنبول","Istanbul","UEFA: Liverpool belief defies Milan","https://www.uefa.com/uefachampionsleague/news/0253-0d7b89fe7b7f-c91716d11bdf-1000--2004-05-liverpool-belief-defies-milan/","Istanbul comeback; Gerrard first Liverpool goal; Smicer second; Alonso equaliser; Dudek saved Shevchenko final penalty.","2026-10-07"
"ucl_v2_052","easy200","final:1997:subgoal",,"أي بديل لدورتموند سجل هدفاً بتسديدة ساقطة فور دخوله في نهائي 1997؟","Which Dortmund substitute scored a chipped goal immediately after coming on in the 1997 final?","لارس ريكن","Lars Ricken","UEFA: Juventus haunted by Dortmund","https://www.uefa.com/uefachampionsleague/news/0149-0e6a1b04d921-cb99844d487b-1000--juventus-haunted-by-dortmund-s-familiar-faces/","Ricken first-touch chip sixteen seconds after substitution; Riedle double; Del Piero flick of Boksic cross.","2026-10-07"
"ucl_v2_053","easy200","final:2004:secondgoal",,"أي صانع ألعاب سجل هدف بورتو الثاني أمام موناكو في نهائي 2004؟","Which playmaker scored Porto's second goal against Monaco in the 2004 final?","ديكو","Deco","UEFA: Porto perform to perfection","https://www.uefa.com/uefachampionsleague/news/019d-0e6ae5999141-82ce41064ec4-1000--porto-perform-to-perfection/","Carlos Alberto opener; Deco second; Alenichev third; Giuly injured captain Monaco; Gelsenkirchen final.","2026-10-07"
"ucl_v2_054","easy200","knockout:arsenal2006:onlygoal",,"من سجل هدف أرسنال الذي حسم مواجهة ريال مدريد في دور الـ16 عام 2006؟","Who scored Arsenal's goal that decided their 2006 round-of-16 tie against Real Madrid?","تييري هنري","Thierry Henry","UEFA: Arsenal stand firm","https://www.uefa.com/uefachampionsleague/news/01b3-0e6d6fde7160-7117eda21ebe-1000--arsenal-stand-firm-to-advance/","Henry only goal of Madrid tie; Highbury goalless second leg; Lehmann Arsenal keeper.","2026-10-07"
"ucl_v2_055","easy200","knockout:chelsea2012semi:latebreak",,"من انفرد بفالديس وسجل هدف تشيلسي المتأخر في إياب نصف نهائي 2012 ببرشلونة؟","Who rounded Valdes to score Chelsea's late goal in the 2012 semi-final second leg in Barcelona?","فرناندو توريس","Fernando Torres","UEFA: Ten-man Chelsea Barcelona","https://www.uefa.com/uefachampionsleague/news/01fc-0e7df449e8f5-b7a861c948eb-1000--ten-man-chelsea-hold-off-barca-to-reach-final/","Torres late goal; Ramires chip; Terry red card; Messi missed penalty; suspended final quartet Ramires Meireles Ivanovic Terry.","2026-10-07"
"ucl_v2_056","easy200","knockout:bayern2020qf:score",,"بأي نتيجة فاز بايرن على برشلونة في ربع نهائي دوري الأبطال 2020؟","By what score did Bayern beat Barcelona in the 2020 Champions League quarter-final?","8-2","8-2","UEFA: Barcelona Bayern record win","https://www.uefa.com/uefachampionsleague/news/0260-1020a197123b-5848d2b10d39-1000--report-and-highlights-barca-2-8-bayern/","Bayern 8-2 Barcelona Lisbon; Coutinho two against parent club; Davies dribble assisted Kimmich fifth; Alaba own goal.","2026-10-07"
"ucl_v2_057","easy200","knockout:ronaldo2003:hattrick",,"أي نجم برازيلي لريال مدريد سجل هاتريك في أولد ترافورد عام 2003 ونال تصفيق جمهور يونايتد؟","Which Brazilian Real Madrid star scored an Old Trafford hat-trick in 2003 and received applause from United fans?","رونالدو نازاريو","Ronaldo Nazario","UEFA: United rocked by Ronaldo","https://www.uefa.com/uefachampionsleague/news/025a-0eaae578b071-3f2001de8325-1000--united-rocked-by-ronaldo/","Brazilian Ronaldo hat-trick Old Trafford; Beckham substitute double; Helguera own goal; Figo assisted third Ronaldo goal.","2026-10-07"
"ucl_v2_058","easy200","group:sheriff2021:country",,"أي دولة مثّلها شيريف تيراسبول حين هزم ريال مدريد في البرنابيو عام 2021؟","Which country did Sheriff Tiraspol represent when they beat Real Madrid at the Bernabeu in 2021?","مولدوفا","Moldova","UEFA: Sheriff shock Madrid","https://www.uefa.com/uefachampionsleague/news/026d-135b86eff082-cd8d9765febf-1000--sheriff-bursting-with-pride-after-shock-real-madrid-victory/","Moldovan Sheriff beat Madrid 2-1 Bernabeu; Thill late winner; Yakhshiboev opener.","2026-10-07"
"ucl_v2_059","easy200","group:bale2010:hattrick",,"من سجل هاتريك توتنهام رغم خسارته 4-3 أمام إنتر في دوري الأبطال عام 2010؟","Who scored Tottenham's hat-trick despite their 4-3 Champions League defeat by Inter in 2010?","غاريث بيل","Gareth Bale","UEFA: Inter Tottenham fightback","https://www.uefa.com/uefachampionsleague/news/01ea-0e75e491a506-dec73db22cd5-1000--inter-hold-off-tottenham-fightback/","Bale hat-trick despite Tottenham 4-3 loss; Zanetti opener; Gomes red card.","2026-10-07"
"ucl_v2_060","easy200","knockout:lewy2013:fourgoals",,"من سجل أهداف دورتموند الأربعة أمام ريال مدريد في ذهاب نصف نهائي 2013؟","Who scored all four Dortmund goals against Real Madrid in the 2013 semi-final first leg?","روبرت ليفاندوفسكي","Robert Lewandowski","UEFA: Four-goal Lewandowski","https://www.uefa.com/uefachampionsleague/news/0208-0e9f60a306c2-d00309689516-1000/","Lewandowski four goals Dortmund Madrid semifinal first leg 2013.","2026-10-07"
"ucl_v2_061","easy200","group:gnabry2019:fourgoals",,"من سجل أربعة أهداف لبايرن في فوزه 7-2 على توتنهام عام 2019؟","Who scored four goals for Bayern in their 7-2 win over Tottenham in 2019?","سيرج غنابري","Serge Gnabry","UEFA: Bayern Tottenham facts","https://www.uefa.com/uefachampionsleague/news/0258-0e9a15be3ad3-62573c77f5b9-1000/","Gnabry four goals Tottenham Bayern 2-7 October 2019.","2026-10-07"
"ucl_v2_062","easy200","knockout:iniesta2009:lateequaliser",,"من سجل هدف برشلونة في الوقت بدل الضائع الذي أقصى تشيلسي من نصف نهائي 2009؟","Who scored Barcelona's stoppage-time goal that eliminated Chelsea in the 2009 semi-finals?","أندريس إنييستا","Andres Iniesta","UEFA: Iniesta late show","https://www.uefa.com/uefachampionsleague/news/01d9-0e72254a5b3a-23a74c5aeec1-1000/","Iniesta stoppage equaliser; Essien Chelsea opener in 2009 semi-final second leg.","2026-10-07"
"ucl_v2_063","easy200","knockout:messi2011semi:double",,"من سجل هدفي برشلونة في فوزه على ريال مدريد بالبرنابيو في نصف نهائي 2011؟","Who scored both Barcelona goals in their Bernabeu win over Real Madrid in the 2011 semi-finals?","ليونيل ميسي","Lionel Messi","UEFA: Messi magic Madrid","https://www.uefa.com/uefachampionsleague/news/01f0-0e7810b91a10-94576e9fc2aa-1000/","Messi both Barcelona goals 2011 semifinal first leg; Afellay assisted opener.","2026-10-07"
"ucl_v2_064","easy200","history:championsleague:renamedseason",,"في أي موسم بدأت البطولة باسم «دوري أبطال أوروبا»؟","In which season did the competition begin under the Champions League name?","1992/93","1992/93","UEFA: Inaugural Champions League season","https://www.uefa.com/uefachampionsleague/history/seasons/1992/","1992/93 inaugural Champions League; Marseille winners.","2026-10-07"
"ucl_v2_065","easy200","history:marseille1993:inauguralwinner",,"أي نادٍ فاز بأول نسخة تحت اسم «دوري أبطال أوروبا» عام 1993؟","Which club won the first edition under the Champions League name in 1993?","مارسيليا","Marseille","UEFA: Inaugural Champions League season","https://www.uefa.com/uefachampionsleague/history/seasons/1992/","1992/93 inaugural Champions League; Marseille winners.","2026-10-07"
"ucl_v2_066","easy200","history:united1968:opponent",,"أي فريق برتغالي هزمه مانشستر يونايتد في نهائي كأس أوروبا 1968؟","Which Portuguese team did Manchester United beat in the 1968 European Cup final?","بنفيكا","Benfica","UEFA: Charlton leads United charge","https://www.uefa.com/uefachampionsleague/news/0253-0d7b1dd79a73-74a6f12936f7-1000--1967-68-charlton-leads-united-charge/","United beat Benfica 4-1 extra time; Charlton two goals Wembley.","2026-10-07"
"ucl_v2_067","easy200","rules:awaygoals:abolishedrule",,"ما قاعدة كسر التعادل التي ألغتها يويفا في بطولات الأندية ابتداءً من 2021/22؟","Which tie-breaking rule did UEFA abolish in club competitions from 2021/22?","قاعدة الأهداف خارج الأرض","The away-goals rule","UEFA: Away goals abolition","https://www.uefa.com/uefachampionsleague/news/026a-1298aeb73a7a-5b64cb68d920-1000--abolition-of-away-goals-rule-in-all-uefa-club-competitions/","Away-goals rule abolished from qualifying phases of 2021/22.","2026-10-07"
"ucl_v2_068","easy200","history:united1968:double",,"أي أسطورة لمانشستر يونايتد سجل هدفين في نهائي كأس أوروبا 1968؟","Which Manchester United legend scored twice in the 1968 European Cup final?","بوبي تشارلتون","Bobby Charlton","UEFA: Charlton leads United charge","https://www.uefa.com/uefachampionsleague/news/0253-0d7b1dd79a73-74a6f12936f7-1000--1967-68-charlton-leads-united-charge/","United beat Benfica 4-1 extra time; Charlton two goals Wembley.","2026-10-07"
"ucl_v2_069","medium400","anthem:lyrics:languages",,"ما اللغات الثلاث المستخدمة في نشيد دوري أبطال أوروبا؟","Which three languages are used in the Champions League anthem?","الإنجليزية والفرنسية والألمانية","English, French and German","UEFA: Champions League anthem","https://www.uefa.com/uefachampionsleague/news/022d-0e1636f1244a-c916aa410dad-1000--champions-league-anthem/?lang=en","Tony Britten composed anthem; English French German lyrics; Royal Philharmonic Orchestra recording; Academy of Saint Martin in the Fields Chorus. No lyrics quoted.","2026-10-07"
"ucl_v2_070","medium400","format:leaguephase:opponents",,"كم منافساً مختلفاً يواجه كل فريق في مرحلة الدوري بنظام دوري الأبطال الذي بدأ عام 2024؟","How many different opponents does each team face in the Champions League league phase introduced in 2024?","ثمانية منافسين","Eight opponents","UEFA: 2024 competition format","https://www.uefa.com/uefachampionsleague/news/0268-12157d69ce2d-9f011c70f6fa-1000--new-format-for-champions-league-post-2024-everything-you-need/","36 clubs in one league phase; eight different opponents; top eight qualify directly; ninth to twenty-fourth contest playoffs; no Europa League transfer for eliminated teams.","2026-10-07"
"ucl_v2_071","medium400","format:leaguephase:directqualification",,"كم فريقاً يتأهل مباشرةً إلى دور الـ16 من مرحلة الدوري، دون خوض الملحق؟","How many teams qualify directly from the league phase to the round of 16 without entering the playoffs?","ثمانية فرق","Eight teams","UEFA: 2024 competition format","https://www.uefa.com/uefachampionsleague/news/0268-12157d69ce2d-9f011c70f6fa-1000--new-format-for-champions-league-post-2024-everything-you-need/","36 clubs in one league phase; eight different opponents; top eight qualify directly; ninth to twenty-fourth contest playoffs; no Europa League transfer for eliminated teams.","2026-10-07"
"ucl_v2_072","medium400","trophy:ownership:replica",,"منذ موسم 2008–2009، ماذا يُمنح بطل دوري الأبطال بدلاً من الاحتفاظ بالكأس الأصلية؟","From 2008–2009 onward, what does the Champions League winner receive instead of keeping the original trophy?","نسخة بالحجم الكامل من الكأس","A full-size replica of the trophy","UEFA: Champions League trophy","https://www.uefa.com/uefachampionsleague/thetrophy/","Stadelmann designed trophy in Berne; Celtic first won current design in 1967; L'Equipe donated original; replica awarded since 2008–2009; front inscription in French.","2026-10-07"
"ucl_v2_073","medium400","final:2025:score",,"بأي نتيجة فاز باريس سان جيرمان على إنتر في نهائي دوري الأبطال 2025؟","By what score did Paris Saint-Germain beat Inter in the 2025 Champions League final?","5–0","5–0","UEFA: Paris 5–0 Inter final report","https://www.uefa.com/uefachampionsleague/news/0299-1de417608530-15b01ff7b150-1000--paris-win-champions-league-doue-double-helps-secure-reco/","Paris won first title 5–0; Doue scored twice and won match award; Hakimi first Moroccan final scorer; Mayulu fifth goal assisted Barcola; Enrique winning coach.","2026-10-07"
"ucl_v2_074","medium400","final:2024:carvajalopener",,"من سجل هدف ريال مدريد الأول برأسية أمام دورتموند في نهائي 2024؟","Who headed Real Madrid's opening goal against Dortmund in the 2024 final?","داني كارفاخال","Dani Carvajal","UEFA: Real Madrid beat Dortmund","https://www.uefa.com/uefachampionsleague/news/028e-1b07e18d875a-ba78e4b9d9fc-1000--real-madrid-win-champions-league-carvajal-and-vinicius-junior-see-off-dortmund/","Wembley final; Carvajal opener from Kroos corner; Bellingham assisted Vinicius second; Fullkrug hit post; Terzic Dortmund coach.","2026-10-07"
"ucl_v2_075","medium400","final:2024:venue",,"أي ملعب لندني استضاف نهائي دوري أبطال أوروبا بين ريال مدريد ودورتموند عام 2024؟","Which London stadium hosted the 2024 Champions League final between Real Madrid and Dortmund?","ويمبلي","Wembley","UEFA: Real Madrid beat Dortmund","https://www.uefa.com/uefachampionsleague/news/028e-1b07e18d875a-ba78e4b9d9fc-1000--real-madrid-win-champions-league-carvajal-and-vinicius-junior-see-off-dortmund/","Wembley final; Carvajal opener from Kroos corner; Bellingham assisted Vinicius second; Fullkrug hit post; Terzic Dortmund coach.","2026-10-07"
"ucl_v2_076","medium400","final:2023:captain",,"من حمل شارة قيادة مانشستر سيتي عند الفوز بأول دوري أبطال أوروبا للنادي عام 2023؟","Who captained Manchester City when the club won its first Champions League in 2023?","إيلكاي غوندوغان","Ilkay Gundogan","UEFA: Manchester City win first title","https://www.uefa.com/uefachampionsleague/news/0282-1839b24603ef-36e94e63621d-1000--man-city-win-champions-league-rodri-goal-secures-victory/","Rodri winner; Istanbul final; Gundogan City captain; Foden replaced injured De Bruyne; Dimarco header hit crossbar; Onana Inter goalkeeper; Haaland season top scorer twelve.","2026-10-07"
"ucl_v2_077","medium400","final:2013:captain",,"من كان قائد بايرن ميونخ في نهائي دوري الأبطال 2013؟","Who captained Bayern Munich in the 2013 Champions League final?","فيليب لام","Philipp Lahm","UEFA: Robben ends Bayern misery","https://www.uefa.com/uefachampionsleague/news/0250-0c50ff9a7f18-7e59ddb15025-1000--robben-ends-bayern-s-run-of-final-misery/","Robben late winner; Mandzukic opener; Gundogan penalty equaliser; Bayern captain Lahm; Dortmund coached by Klopp.","2026-10-07"
"ucl_v2_078","medium400","season:2023:haalandscorer",,"من أنهى دوري أبطال أوروبا 2022–2023 هدافاً برصيد 12 هدفاً؟","Who finished the 2022–2023 Champions League as top scorer with 12 goals?","إرلينغ هالاند","Erling Haaland","UEFA: Manchester City win first title","https://www.uefa.com/uefachampionsleague/news/0282-1839b24603ef-36e94e63621d-1000--man-city-win-champions-league-rodri-goal-secures-victory/","Rodri winner; Istanbul final; Gundogan City captain; Foden replaced injured De Bruyne; Dimarco header hit crossbar; Onana Inter goalkeeper; Haaland season top scorer twelve.","2026-10-07"
"ucl_v2_079","medium400","season:2022:benzemascorer",,"من تصدر هدافي دوري أبطال أوروبا 2021–2022 برصيد 15 هدفاً؟","Who led the 2021–2022 Champions League scoring charts with 15 goals?","كريم بنزيما","Karim Benzema","UEFA: Real Madrid defeat Liverpool","https://www.uefa.com/uefachampionsleague/news/0275-15415a62aaf0-36d3e17d7404-1000--report-real-madrid-win-champions-league/","Vinicius winner from Valverde cross-shot; Courtois match award; Ancelotti first four-time winning coach; Benzema top scorer fifteen; Stade de France venue.","2026-10-07"
"ucl_v2_080","medium400","final:2022:stadium",,"أي ملعب فرنسي استضاف نهائي دوري الأبطال بين ليفربول وريال مدريد عام 2022؟","Which French stadium hosted the 2022 Champions League final between Liverpool and Real Madrid?","ستاد دو فرانس","Stade de France","UEFA: Real Madrid defeat Liverpool","https://www.uefa.com/uefachampionsleague/news/0275-15415a62aaf0-36d3e17d7404-1000--report-real-madrid-win-champions-league/","Vinicius winner from Valverde cross-shot; Courtois match award; Ancelotti first four-time winning coach; Benzema top scorer fifteen; Stade de France venue.","2026-10-07"
"ucl_v2_081","medium400","final:2021:tuchelcoach",,"من المدرب الألماني الذي قاد تشيلسي إلى لقب دوري أبطال أوروبا عام 2021؟","Which German coach led Chelsea to the 2021 Champions League title?","توماس توخيل","Thomas Tuchel","UEFA: Chelsea win Porto final","https://www.uefa.com/uefachampionsleague/news/0269-12650cedca55-37515f69768e-1000--highlights-chelsea-win-title/","Havertz scored; Mount assist; Kante match award; Tuchel coach; Pulisic first American to appear in final; Christensen replaced Thiago Silva; Azpilicueta captain.","2026-10-07"
"ucl_v2_082","medium400","final:2021:pulisicfirstamerican",,"من أول لاعب أمريكي شارك في نهائي كأس أوروبا أو دوري الأبطال، مع تشيلسي عام 2021؟","Who was the first American to play in a European Cup or Champions League final, with Chelsea in 2021?","كريستيان بوليسيتش","Christian Pulisic","UEFA: Chelsea win Porto final","https://www.uefa.com/uefachampionsleague/news/0269-12650cedca55-37515f69768e-1000--highlights-chelsea-win-title/","Havertz scored; Mount assist; Kante match award; Tuchel coach; Pulisic first American to appear in final; Christensen replaced Thiago Silva; Azpilicueta captain.","2026-10-07"
"ucl_v2_083","medium400","final:2020:city",,"في أي مدينة برتغالية أُقيم نهائي دوري الأبطال بين بايرن وباريس عام 2020؟","Which Portuguese city hosted the 2020 Champions League final between Bayern and Paris?","لشبونة","Lisbon","UEFA: Bayern defeat Paris","https://www.uefa.com/uefachampionsleague/news/0260-1033c96091a1-3d127374ef80-1000--paris-0-1-bayern-coman-scores-champions-league-final-winner/","Coman winner; Kimmich assist; Lisbon city; Bayern won all eleven matches; Navas Paris goalkeeper.","2026-10-07"
"ucl_v2_084","medium400","season:2020:bayernperfectwins",,"أي نادٍ فاز بجميع مبارياته الإحدى عشرة في دوري أبطال أوروبا موسم 2019–2020؟","Which club won all eleven of its Champions League matches in 2019–2020?","بايرن ميونخ","Bayern Munich","UEFA: Bayern defeat Paris","https://www.uefa.com/uefachampionsleague/news/0260-1033c96091a1-3d127374ef80-1000--paris-0-1-bayern-coman-scores-champions-league-final-winner/","Coman winner; Kimmich assist; Lisbon city; Bayern won all eleven matches; Navas Paris goalkeeper.","2026-10-07"
"ucl_v2_085","medium400","final:2019:vandijkaward",,"من مدافع ليفربول الذي اختير رجل المباراة في نهائي دوري الأبطال 2019؟","Which Liverpool defender was named Player of the Match in the 2019 Champions League final?","فيرجيل فان دايك","Virgil van Dijk","UEFA: Liverpool beat Tottenham","https://www.uefa.com/uefachampionsleague/news/0252-0e99c19b0df2-c2e63df5c79b-1000/","Salah penalty opener; Origi substitute goal; Van Dijk match award; Metropolitano Madrid; Sissoko handball led to penalty.","2026-10-07"
"ucl_v2_086","medium400","final:2018:kariuskeeper",,"من حارس ليفربول الذي واجه ريال مدريد في نهائي دوري الأبطال 2018؟","Who was Liverpool's goalkeeper against Real Madrid in the 2018 Champions League final?","لوريس كاريوس","Loris Karius","UEFA: Real Madrid third straight title","https://www.uefa.com/uefachampionsleague/news/0245-0e98d7318379-716954065574-1000/","Bale bicycle kick brace; Marcelo assisted bicycle kick; Mane Liverpool goal; Karius Liverpool keeper; Zidane first coach three consecutive wins; Kyiv venue.","2026-10-07"
"ucl_v2_087","medium400","final:2017:cardiffcity",,"في أي مدينة ويلزية أُقيم نهائي دوري الأبطال بين ريال مدريد ويوفنتوس عام 2017؟","Which Welsh city hosted the 2017 Champions League final between Real Madrid and Juventus?","كارديف","Cardiff","UEFA: Cardiff final report","https://www.uefa.com/uefachampionsleague/news/0250-0c5117c008df-de0901ea6dae-1000--majestic-real-madrid-win-champions-league-in-cardiff/","Real first Champions League title defence; Mandzukic bicycle kick; Casemiro second goal; Cuadrado sent off; Modric assisted Ronaldo second; Asensio fourth.","2026-10-07"
"ucl_v2_088","medium400","final:2016:carrascoequaliser",,"من بديل أتلتيكو الذي سجل التعادل أمام ريال مدريد في نهائي 2016؟","Which Atletico substitute scored the equaliser against Real Madrid in the 2016 final?","يانيك كاراسكو","Yannick Carrasco","UEFA: Madrid Milan shootout win","https://www.uefa.com/uefachampionsleague/news/022d-0e957c5979eb-37493cb53cd0-1000--spot-on-real-madrid-defeat-atletico-in-final-again/","Ronaldo winning penalty; Carrasco equaliser; Juanfran missed shootout; Griezmann regulation penalty crossbar; Bale flick assisted Ramos opener.","2026-10-07"
"ucl_v2_089","medium400","final:2015:rakiticopener",,"من سجل هدف برشلونة الأول أمام يوفنتوس في نهائي دوري الأبطال 2015؟","Who scored Barcelona's opening goal against Juventus in the 2015 Champions League final?","إيفان راكيتيتش","Ivan Rakitic","UEFA: Barcelona Berlin final","https://www.uefa.com/uefachampionsleague/news/0252-0cd2c6a4864d-8c8d00efd1bd-1000--barcelona-see-off-juventus-to-claim-fifth-title/","Barcelona won; Rakitic opener; Morata Juventus equaliser; Iniesta assisted opener; Pedro assisted Neymar final goal. Exclude contradictory Suarez assist in annual PDF.","2026-10-07"
"ucl_v2_090","medium400","final:2015:morataequaliser",,"من سجل هدف يوفنتوس الوحيد أمام برشلونة في نهائي 2015؟","Who scored Juventus's only goal against Barcelona in the 2015 final?","ألفارو موراتا","Alvaro Morata","UEFA: Barcelona Berlin final","https://www.uefa.com/uefachampionsleague/news/0252-0cd2c6a4864d-8c8d00efd1bd-1000--barcelona-see-off-juventus-to-claim-fifth-title/","Barcelona won; Rakitic opener; Morata Juventus equaliser; Iniesta assisted opener; Pedro assisted Neymar final goal. Exclude contradictory Suarez assist in annual PDF.","2026-10-07"
"ucl_v2_091","medium400","season:2014:ronaldo17",,"كم هدفاً سجل رونالدو في موسم دوري الأبطال 2013–2014، محققاً رقماً قياسياً لموسم واحد؟","How many goals did Ronaldo score in the 2013–2014 Champions League, setting a single-season record?","17 هدفاً","17 goals","UEFA: Madrid Decima report","https://www.uefa.com/uefachampionsleague/news/0250-0c51093bd4a7-41ccc377a75c-1000--madrid-finally-fulfil-decima-dream/","Ramos stoppage equaliser; Decima tenth trophy; Godin Atletico goal; Adrian Lopez replaced Costa; Di Maria dribble led to Bale rebound goal; Ronaldo seventeen season goals.","2026-10-07"
"ucl_v2_092","medium400","final:2013:dortmundequaliser",,"من سجل ركلة الجزاء التي عادل بها دورتموند النتيجة في نهائي 2013؟","Who converted Dortmund's equalising penalty in the 2013 final?","إلكاي غوندوغان","Ilkay Gundogan","UEFA: Robben ends Bayern misery","https://www.uefa.com/uefachampionsleague/news/0250-0c50ff9a7f18-7e59ddb15025-1000--robben-ends-bayern-s-run-of-final-misery/","Robben late winner; Mandzukic opener; Gundogan penalty equaliser; Bayern captain Lahm; Dortmund coached by Klopp.","2026-10-07"
"ucl_v2_093","medium400","final:2012:extratimepenaltysave",,"أي حارس صد ركلة جزاء روبن في الوقت الإضافي لنهائي 2012؟","Which goalkeeper saved Robben's penalty in extra time in the 2012 final?","بيتر تشيك","Petr Cech","UEFA: Chelsea shootout triumph","https://www.uefa.com/uefachampionsleague/news/0250-0c50fb78a384-1434bbcadbcb-1000/","Drogba equalised and scored decisive shootout kick; Cech saved Robben extra-time penalty; Muller Bayern goal; Schweinsteiger shootout post.","2026-10-07"
"ucl_v2_094","medium400","final:2011:thirdgoal",,"من سجل هدف برشلونة الثالث بتسديدة مقوسة في نهائي 2011؟","Who scored Barcelona's third goal with a curling shot in the 2011 final?","دافيد فيا","David Villa","UEFA: Barcelona Wembley report","https://www.uefa.com/uefachampionsleague/news/01ff-0e7e5852ecaa-15ad96dc5b23-1000--2010-11-fc-barcelona-3-1-manchester-united-fc-report/","Pedro opener; Rooney equaliser; Messi second; Villa third; Barcelona won 3-1 at Wembley.","2026-10-07"
"ucl_v2_095","medium400","final:2010:venue",,"في أي ملعب أحرز إنتر ميلان لقب دوري الأبطال 2010؟","At which stadium did Inter Milan win the 2010 Champions League title?","سانتياغو برنابيو","Santiago Bernabeu","UEFA: Inter back on top","https://www.uefa.com/uefachampionsleague/news/0250-0c50f3b81a1b-4c43e12a6520-1000--2009-10-inter-back-on-top-at-last/","Milito both final goals; Mourinho coach; Zanetti captain; Bernabeu venue; first Saturday final; Sneijder assisted opener; Bayern lost twice to Bordeaux in groups.","2026-10-07"
"ucl_v2_096","medium400","knockout:anfield2019:subdouble",,"من سجل هدفين بعد دخوله بديلاً لليفربول أمام برشلونة في إياب نصف نهائي 2019؟","Who scored twice after coming off Liverpool's bench against Barcelona in the 2019 semi-final second leg?","جورجينيو فينالدوم","Georginio Wijnaldum","UEFA: Liverpool Barcelona comeback","https://www.uefa.com/uefachampionsleague/news/0251-0e99aae66a0d-4ef82ebc84f0-1000--liverpool-4-0-barcelona-champions-league-at-a-glance/","Liverpool won 4-0 after first-leg 3-0 loss; Origi decisive goal from Alexander-Arnold quick corner; Wijnaldum substitute double; Henderson shot parried for opener.","2026-10-07"
"ucl_v2_097","medium400","knockout:ajax2019:moroccangoal",,"أي لاعب مغربي سجل هدف أياكس الثاني أمام توتنهام في إياب نصف نهائي 2019؟","Which Moroccan scored Ajax's second goal against Tottenham in the 2019 semi-final second leg?","حكيم زياش","Hakim Ziyech","UEFA: Ajax Tottenham report","https://www.uefa.com/uefachampionsleague/news/0251-0e9ce1f530f2-d243cb498094-1000/","Lucas Moura hat-trick; De Ligt Ajax opener; Ziyech second Ajax goal; Tottenham advanced on away goals at 3-3 aggregate.","2026-10-07"
"ucl_v2_098","medium400","knockout:remontada2017:parisgoal",,"من سجل هدف باريس سان جيرمان الوحيد في خسارة 6-1 أمام برشلونة عام 2017؟","Who scored Paris Saint-Germain's only goal in their 6-1 defeat by Barcelona in 2017?","إدينسون كافاني","Edinson Cavani","UEFA: Barcelona historic comeback","https://www.uefa.com/uefachampionsleague/news/0237-0e966c1b69f6-14f87a701fd9-1000--barcelona-make-history-with-stunning-comeback/","Barcelona 6-1 Paris after 4-0 away defeat; Sergi Roberto decisive sixth; Cavani Paris goal; Kurzawa own goal; Suarez opener; Neymar late brace.","2026-10-07"
"ucl_v2_099","medium400","knockout:depor2004:venue",,"ما اسم ملعب ديبورتيفو الذي شهد ريمونتادا 4-0 أمام ميلان عام 2004؟","Which Deportivo stadium hosted their 4-0 comeback against Milan in 2004?","ريازور","Riazor","UEFA: Dazzling Depor ditch Milan","https://www.uefa.com/uefachampionsleague/news/019c-0e6c12450ff2-294c584e2602-1000--dazzling-depor-ditch-milan/","Deportivo 4-0 Milan 5-4 aggregate at Riazor; Pandiani Valeron Luque Fran scored; Molina goalkeeper; first side overturning three-goal first-leg CL deficit.","2026-10-07"
"ucl_v2_100","medium400","knockout:monaco2004:double",,"من سجل هدفين لموناكو في فوزه 3-1 على ريال مدريد بإياب ربع نهائي 2004؟","Who scored twice for Monaco in their 3-1 win over Real Madrid in the 2004 quarter-final second leg?","لودوفيك جولي","Ludovic Giuly","UEFA: Madrid felled by Morientes","https://www.uefa.com/uefachampionsleague/news/019c-0e6ad3e94fa1-7d2d6812cba9-1000--madrid-felled-by-morientes/","Giuly double; Morientes on-loan Madrid striker scored header; Raul Madrid goal; Flavio Roma Monaco keeper; Ibarra cross-shot for decisive flick.","2026-10-07"
"ucl_v2_101","medium400","knockout:roma2018:penalty",,"من نفذ بنجاح ركلة جزاء روما أمام برشلونة في ريمونتادا 2018؟","Who converted Roma's penalty against Barcelona in their 2018 comeback?","دانييلي دي روسي","Daniele De Rossi","UEFA: Roma stun Barcelona","https://www.uefa.com/uefachampionsleague/news/0244-0e9cca96247f-6f619a17c764-1000/","Roma reversed 4-1 loss; Dzeko opener; De Rossi penalty; Manolas decisive header; De Rossi and Manolas first-leg own goals.","2026-10-07"
"ucl_v2_102","medium400","knockout:cityspurs2019:decisivegoal",,"أي بديل سجل هدف توتنهام الثالث الذي رجح كفته أمام مانشستر سيتي في ربع نهائي 2019؟","Which substitute scored Tottenham's decisive third goal against Manchester City in the 2019 quarter-finals?","فرناندو يورينتي","Fernando Llorente","UEFA: City Tottenham thriller","https://www.uefa.com/uefachampionsleague/news/0250-0e999aee96ca-0b7d18bcada0-1000--man-city-4-3-tottenham-champions-league-at-a-glance/","Llorente decisive Tottenham goal; Son double; Sterling stoppage goal disallowed; Aguero fourth City goal; Bernardo Silva second City goal.","2026-10-07"
"ucl_v2_103","medium400","knockout:madridcity2022:citygoal",,"أي لاعب جزائري افتتح التسجيل لمانشستر سيتي في إياب نصف النهائي بمدريد عام 2022؟","Which Algerian opened the scoring for Manchester City in the 2022 semi-final second leg in Madrid?","رياض محرز","Riyad Mahrez","UEFA: Rodrygo and Benzema comeback","https://www.uefa.com/uefachampionsleague/news/0275-1511132895f4-1744cbc9329e-1000--real-madrid-3-1-manchester-city-agg-6-5-rodrygo-and-benzema-/","Rodrygo late double; Mahrez City goal; Benzema extra-time penalty; Ruben Dias foul; Mendy denied Grealish goal.","2026-10-07"
"ucl_v2_104","medium400","history:celtic1967:coach",,"من درب سيلتيك عندما أحرز كأس أوروبا 1967؟","Who coached Celtic to the 1967 European Cup?","جوك ستين","Jock Stein","UEFA: Celtic adventure reaps reward","https://www.uefa.com/uefachampionsleague/news/0258-0e6a053a5775-dc924599f3ea-1000--1966-67-celtic-adventure-reaps-reward/","Jock Stein coach; Chalmers winner; Gemmell equaliser; Mazzola Inter penalty; Lisbon final.","2026-10-07"
"ucl_v2_105","medium400","history:steaua1986:keeper",,"من صد ركلات برشلونة الأربع في ترجيح نهائي كأس أوروبا 1986؟","Who saved all four Barcelona penalties in the 1986 European Cup final shootout?","هيلموت دوكادام","Helmut Duckadam","UEFA: Steaua stun Barcelona","https://www.uefa.com/uefachampionsleague/news/00c5-0e6a0bc49898-3c69a840d79b-1000/","Duckadam saved all four Barcelona shootout penalties; Steaua Romanian winners; Seville venue; Barcelona coach Terry Venables.","2026-10-07"
"ucl_v2_106","medium400","history:redstar1991:city",,"أي مدينة إيطالية استضافت نهائي النجم الأحمر ومارسيليا عام 1991؟","Which Italian city hosted the 1991 final between Red Star and Marseille?","باري","Bari","UEFA: Red Star final match record","https://www.uefa.com/uefachampionsleague/match/4373/","Red Star won 5-3 penalties against Marseille at San Nicola Bari; Stojanovic goalkeeper captain; Papin Marseille captain.","2026-10-07"
"ucl_v2_107","medium400","history:porto1987:winner",,"من سجل هدف فوز بورتو بعد تعادل ماجر في نهائي 1987؟","Who scored Porto's winner after Madjer's equaliser in the 1987 final?","جواري","Juary","UEFA: Madjer backheel","https://www.uefa.com/uefachampionsleague/news/021f-0e8fdb967775-761b0eca2869-1000--legendary-moments-madjer-s-back-heel/","Madjer backheel equaliser; Juary winning goal; Ludwig Kogl Bayern opener; Juary cross for equaliser.","2026-10-07"
"ucl_v2_108","medium400","history:forest1979:scorer",,"من سجل رأسية فوز نوتنغهام فورست على مالمو في نهائي 1979؟","Who headed Nottingham Forest's winning goal against Malmo in the 1979 final?","تريفور فرانسيس","Trevor Francis","UEFA: Forest join elite","https://www.uefa.com/uefachampionsleague/news/025a-0ea6687c95ea-1cc4f4a550f7-1000--1978-79-forest-join-elite-club/","Nottingham Forest first European Cup 1979; defeated holders Liverpool; Francis winner against Malmo in Munich.","2026-10-07"
"ucl_v2_109","medium400","history:villa1982:scorer",,"من سجل هدف أستون فيلا الوحيد في نهائي كأس أوروبا 1982؟","Who scored Aston Villa's only goal in the 1982 European Cup final?","بيتر ويث","Peter Withe","UEFA: Withe brings Villa glory","https://www.uefa.com/uefachampionsleague/news/0254-0d7b1e154752-f2cfb521c62d-1000--1981-82-withe-brings-villa-glory/","Aston Villa beat Bayern 1-0; Withe goal from Morley cross; Spink replaced Rimmer; Tony Barton coach; Rotterdam De Kuip.","2026-10-07"
"ucl_v2_110","medium400","history:psv1988:keeper",,"أي حارس حسم ترجيح نهائي كأس أوروبا 1988 لصالح آيندهوفن بتصديه لركلة فيلوسو؟","Which goalkeeper clinched the 1988 European Cup final shootout for PSV by saving Veloso's kick?","هانس فان بروكيلين","Hans van Breukelen","UEFA: PSV Oranje boom","https://www.uefa.com/uefachampionsleague/news/0252-0cda61cd72d9-e1f121defd12-1000--1987-88-psv-prosper-from-oranje-boom/","Dutch PSV coached by Hiddink; defeated Benfica in Stuttgart; Van Breukelen saved Veloso decisive penalty.","2026-10-07"
"ucl_v2_111","medium400","history:ajax1995:coach",,"من درب أياكس في تتويجه بدوري الأبطال عام 1995؟","Who coached Ajax to their 1995 Champions League title?","لويس فان غال","Louis van Gaal","UEFA: Kluivert changes guard","https://www.uefa.com/uefachampionsleague/news/0131-0ea969a88ada-9aa85bac6453-1000--kluivert-strikes-as-ajax-force-changing-of-the-guard/","Kluivert winning goal; Van Gaal coach; Ajax beat Milan twice 2-0 in groups; Kanu also substitute; Vienna final.","2026-10-07"
"ucl_v2_112","medium400","record:makaay:fastgoal",,"من سجل أسرع هدف في دوري الأبطال بعد 10.12 ثانية أمام ريال مدريد عام 2007؟","Who scored the fastest Champions League goal after 10.12 seconds against Real Madrid in 2007?","روي ماكاي","Roy Makaay","UEFA: Fastest Champions League goals","https://www.uefa.com/uefachampionsleague/news/0237-0e966468be2a-209986d8dffd-1000--fastest-champions-league-goals-roy-makaay-heads-list-includ/","Makaay 10.12 seconds Bayern Real Madrid 2007; Salihamidzic assist; Jonas Valencia goal 10.96 seconds Leverkusen 2011; Pato 24 seconds Barcelona 2011.","2026-10-07"
"ucl_v2_113","medium400","record:pato:barcelona2011",,"أي مهاجم لميلان هز شباك برشلونة بعد 24 ثانية في دوري الأبطال عام 2011؟","Which Milan striker scored against Barcelona after 24 seconds in the Champions League in 2011?","ألكسندر باتو","Alexandre Pato","UEFA: Fastest Champions League goals","https://www.uefa.com/uefachampionsleague/news/0237-0e966468be2a-209986d8dffd-1000--fastest-champions-league-goals-roy-makaay-heads-list-includ/","Makaay 10.12 seconds Bayern Real Madrid 2007; Salihamidzic assist; Jonas Valencia goal 10.96 seconds Leverkusen 2011; Pato 24 seconds Barcelona 2011.","2026-10-07"
"ucl_v2_114","medium400","record:brahimi:debut2014",,"أي لاعب جزائري سجل هاتريك في ظهوره الأول بدوري الأبطال مع بورتو أمام باتي عام 2014؟","Which Algerian scored a hat-trick on his Champions League debut for Porto against BATE in 2014?","ياسين براهيمي","Yacine Brahimi","UEFA: Champions League hat-tricks","https://www.uefa.com/uefachampionsleague/news/0257-0e99f0d0d91b-eb0f4ba7a8f7-1000/","Historical facts used only: Salah seven-minute Rangers treble 2022; Messi five Leverkusen 2012; Haaland five Leipzig 2023; Brahimi debut Porto BATE 2014; Kurzawa defender hat-trick Anderlecht 2017; Newell perfect hat-trick Rosenborg 1995. Excluded rolling 2026 claims.","2026-10-07"
"ucl_v2_115","medium400","record:maldini:oldestwinner",,"من أصبح أكبر لاعب سناً يفوز بنهائي دوري الأبطال عندما تُوج مع ميلان عام 2007؟","Who became the oldest player to win a Champions League final when Milan triumphed in 2007?","باولو مالديني","Paolo Maldini","UEFA: Oldest Champions League players","https://www.uefa.com/uefachampionsleague/news/025f-0ffe52e4d3c1-efe9ce36a2ce-1000--oldest-champions-league-players-scorers-finalists-and-wi/","Ballotta Lazio 43 in 2007; Pepe Porto age 41 Arsenal 2024; Maldini oldest final winner 2007; Van der Sar age 40 in 2011 final.","2026-10-07"
"ucl_v2_116","medium400","record:vandersar:final40",,"أي حارس هولندي خاض نهائي دوري الأبطال 2011 بعد بلوغه الأربعين؟","Which Dutch goalkeeper played in the 2011 Champions League final after turning 40?","إدوين فان دير سار","Edwin van der Sar","UEFA: Oldest Champions League players","https://www.uefa.com/uefachampionsleague/news/025f-0ffe52e4d3c1-efe9ce36a2ce-1000--oldest-champions-league-players-scorers-finalists-and-wi/","Ballotta Lazio 43 in 2007; Pepe Porto age 41 Arsenal 2024; Maldini oldest final winner 2007; Van der Sar age 40 in 2011 final.","2026-10-07"
"ucl_v2_117","medium400","history:madrid1956:venue",,"ما الملعب الباريسي الذي استضاف أول نهائي لكأس أوروبا عام 1956؟","Which Paris stadium hosted the first European Cup final in 1956?","حديقة الأمراء","Parc des Princes","UEFA: Madrid first crown","https://www.uefa.com/uefachampionsleague/news/0258-0e6a0359223b-d180c4119f8e-1000--1955-56-madrid-claim-first-crown/","First final Madrid beat Reims 4-3 Parc des Princes Paris; Rial winner; Hanot initiated competition. Do not use conflicting historical PDF lineup.","2026-10-07"
"ucl_v2_118","medium400","history:madrid1960:venue",,"في أي ملعب بغلاسكو فاز ريال مدريد على فرانكفورت 7-3 في نهائي 1960؟","At which Glasgow stadium did Real Madrid beat Frankfurt 7-3 in the 1960 final?","هامبدن بارك","Hampden Park","UEFA: Dazzling Madrid Frankfurt","https://www.uefa.com/uefachampionsleague/news/0253-0d7b1dc17e3e-c896eaba1732-1000--1959-60-dazzling-madrid-crush-frankfurt/","Madrid Frankfurt 7-3 Hampden Park Glasgow; Puskas four; Di Stefano three; semifinal against Barcelona.","2026-10-07"
"ucl_v2_119","medium400","history:benfica1962:double",,"أي نجم لبنفيكا سجل هدفين في نهائي كأس أوروبا 1962 أمام ريال مدريد؟","Which Benfica star scored twice against Real Madrid in the 1962 European Cup final?","أوزيبيو","Eusebio","UEFA: Eusebio strikes gold","https://www.uefa.com/uefachampionsleague/news/0258-0e6a045944ea-75ee25be6a88-1000--1961-62-eusebio-strikes-gold-for-benfica/","Benfica retained trophy 5-3 Madrid; Eusebio two; Puskas hat-trick; Amsterdam venue; Guttmann coach.","2026-10-07"
"ucl_v2_120","medium400","history:feyenoord1970:winner",,"أي مهاجم سويدي سجل هدف فوز فينورد في الوقت الإضافي لنهائي 1970؟","Which Swedish striker scored Feyenoord's extra-time winner in the 1970 final?","أوفي كيندفال","Ove Kindvall","UEFA: Feyenoord new order","https://www.uefa.com/uefachampionsleague/news/0005-0e6a05cb6956-d2f407b8aa83-1000--1969-70-feyenoord-establish-new-order/","Feyenoord Celtic 2-1 extra time; Kindvall winner; Rinus Israel equaliser; Celtic advanced past Benfica on coin toss. Excluded erroneous Leeds venue score order.","2026-10-07"
"ucl_v2_121","medium400","final:1999:equaliser",,"من سجل هدف تعادل مانشستر يونايتد قبل هدف سولشاير في نهائي 1999؟","Who scored Manchester United's equaliser before Solskjaer's goal in the 1999 final?","تيدي شيرينغهام","Teddy Sheringham","UEFA: United super subs","https://www.uefa.com/uefachampionsleague/news/0161-0e6a261d85bb-05dbbb7741b5-1000--united-super-subs-floor-bayern-at-the-death/","Sheringham equaliser; Solskjaer winner; Basler free-kick Bayern goal.","2026-10-07"
"ucl_v2_122","medium400","final:2005:keeper",,"أي حارس لليفربول صد ركلة شيفتشينكو الحاسمة في ترجيح نهائي 2005؟","Which Liverpool goalkeeper saved Shevchenko's decisive kick in the 2005 final shootout?","يرزي دوديك","Jerzy Dudek","UEFA: Liverpool belief defies Milan","https://www.uefa.com/uefachampionsleague/news/0253-0d7b89fe7b7f-c91716d11bdf-1000--2004-05-liverpool-belief-defies-milan/","Istanbul comeback; Gerrard first Liverpool goal; Smicer second; Alonso equaliser; Dudek saved Shevchenko final penalty.","2026-10-07"
"ucl_v2_123","medium400","final:1997:double",,"من سجل هدفي دورتموند الأولين أمام يوفنتوس في نهائي 1997؟","Who scored Dortmund's first two goals against Juventus in the 1997 final?","كارل هاينتس ريدله","Karl-Heinz Riedle","UEFA: Riedle makes Dortmund day","https://www.uefa.com/uefachampionsleague/news/0250-0c50f0a30046-11b4609766fe-1000--1996-97-riedle-makes-dortmund-s-day/","Riedle double; Ricken substitute third; Del Piero Juventus goal.","2026-10-07"
"ucl_v2_124","medium400","final:2004:opener",,"من افتتح التسجيل لبورتو في نهائي دوري الأبطال 2004؟","Who opened the scoring for Porto in the 2004 Champions League final?","كارلوس ألبرتو","Carlos Alberto","UEFA: Porto perform to perfection","https://www.uefa.com/uefachampionsleague/news/019d-0e6ae5999141-82ce41064ec4-1000--porto-perform-to-perfection/","Carlos Alberto opener; Deco second; Alenichev third; Giuly injured captain Monaco; Gelsenkirchen final.","2026-10-07"
"ucl_v2_125","medium400","knockout:arsenal2006:venue",,"في أي ملعب أرسنالي انتهى إياب مواجهة ريال مدريد عام 2006 بالتعادل السلبي؟","At which Arsenal stadium did the 2006 return leg against Real Madrid end goalless?","هايبري","Highbury","UEFA: Arsenal stand firm","https://www.uefa.com/uefachampionsleague/news/01b3-0e6d6fde7160-7117eda21ebe-1000--arsenal-stand-firm-to-advance/","Henry only goal of Madrid tie; Highbury goalless second leg; Lehmann Arsenal keeper.","2026-10-07"
"ucl_v2_126","medium400","knockout:chelsea2012semi:chip",,"من سجل لتشيلسي بكرة ساقطة قبل نهاية الشوط الأول أمام برشلونة في إياب نصف نهائي 2012؟","Who chipped in for Chelsea before half-time against Barcelona in the 2012 semi-final second leg?","راميريس","Ramires","UEFA: Ten-man Chelsea Barcelona","https://www.uefa.com/uefachampionsleague/news/01fc-0e7df449e8f5-b7a861c948eb-1000--ten-man-chelsea-hold-off-barca-to-reach-final/","Torres late goal; Ramires chip; Terry red card; Messi missed penalty; suspended final quartet Ramires Meireles Ivanovic Terry.","2026-10-07"
"ucl_v2_127","medium400","knockout:bayern2020qf:parentclubdouble",,"من سجل هدفين لبايرن ضد ناديه الذي أعاره، برشلونة، في ربع نهائي 2020؟","Who scored twice for Bayern against his parent club Barcelona in the 2020 quarter-final?","فيليبي كوتينيو","Philippe Coutinho","UEFA: Barcelona Bayern record win","https://www.uefa.com/uefachampionsleague/news/0260-1020a197123b-5848d2b10d39-1000--report-and-highlights-barca-2-8-bayern/","Bayern 8-2 Barcelona Lisbon; Coutinho two against parent club; Davies dribble assisted Kimmich fifth; Alaba own goal.","2026-10-07"
"ucl_v2_128","medium400","knockout:ronaldo2003:subdouble",,"أي بديل لمانشستر يونايتد سجل هدفين أمام ريال مدريد في إياب ربع نهائي 2003؟","Which Manchester United substitute scored twice against Real Madrid in the 2003 quarter-final second leg?","ديفيد بيكهام","David Beckham","UEFA: United rocked by Ronaldo","https://www.uefa.com/uefachampionsleague/news/025a-0eaae578b071-3f2001de8325-1000--united-rocked-by-ronaldo/","Brazilian Ronaldo hat-trick Old Trafford; Beckham substitute double; Helguera own goal; Figo assisted third Ronaldo goal.","2026-10-07"
"ucl_v2_129","medium400","group:sheriff2021:winner",,"من سجل هدف شيريف المتأخر الذي أسقط ريال مدريد في البرنابيو عام 2021؟","Who scored Sheriff's late winner against Real Madrid at the Bernabeu in 2021?","سيباستيان تيل","Sebastien Thill","UEFA: Sheriff shock Madrid","https://www.uefa.com/uefachampionsleague/news/026d-135b86eff082-cd8d9765febf-1000--sheriff-bursting-with-pride-after-shock-real-madrid-victory/","Moldovan Sheriff beat Madrid 2-1 Bernabeu; Thill late winner; Yakhshiboev opener.","2026-10-07"
"ucl_v2_130","medium400","group:bale2010:redcard",,"أي حارس لتوتنهام طُرد مبكراً في خسارة 4-3 أمام إنتر عام 2010؟","Which Tottenham goalkeeper was sent off early in their 4-3 defeat by Inter in 2010?","هيوريلو غوميز","Heurelho Gomes","UEFA: Inter Tottenham fightback","https://www.uefa.com/uefachampionsleague/news/01ea-0e75e491a506-dec73db22cd5-1000--inter-hold-off-tottenham-fightback/","Bale hat-trick despite Tottenham 4-3 loss; Zanetti opener; Gomes red card.","2026-10-07"
"ucl_v2_131","medium400","record:pepe:outfield41",,"أي مدافع برتغالي لعب لبورتو أمام أرسنال في دوري الأبطال وعمره 41 عاماً عام 2024؟","Which Portuguese defender played for Porto against Arsenal in the Champions League aged 41 in 2024?","بيبي","Pepe","UEFA: Oldest Champions League players","https://www.uefa.com/uefachampionsleague/news/025f-0ffe52e4d3c1-efe9ce36a2ce-1000--oldest-champions-league-players-scorers-finalists-and-wi/","Ballotta Lazio 43 in 2007; Pepe Porto age 41 Arsenal 2024; Maldini oldest final winner 2007; Van der Sar age 40 in 2011 final.","2026-10-07"
"ucl_v2_132","medium400","rules:leaguephase:homeallocation",,"في مرحلة الدوري الجديدة لدوري الأبطال منذ 2024/25، كم مباراة يلعب كل فريق على أرضه؟","In the new Champions League league phase from 2024/25, how many matches does each team play at home?","أربع مباريات","Four matches","UEFA: League phase draws explained","https://www.uefa.com/uefachampionsleague/news/0290-1bae12b1cac5-290efb63f023-1000--champions-league-europa-league-and-conference-league-lea/","Positions 9 to 24 playoff; bottom eliminated with no transfer to other competitions; four pots by club coefficient except titleholders top pot1.","2026-10-07"
"ucl_v2_133","medium400","rules:leaguephase:europafallback",,"هل تنتقل الفرق التي تنهي مرحلة دوري الأبطال في المركز 25 أو أقل إلى الدوري الأوروبي وفق نظام 2024/25؟","Under the 2024/25 format, do teams finishing 25th or lower in the Champions League league phase transfer to the Europa League?","لا، تُقصى من أوروبا","No, they are eliminated from Europe","UEFA: League phase draws explained","https://www.uefa.com/uefachampionsleague/news/0290-1bae12b1cac5-290efb63f023-1000--champions-league-europa-league-and-conference-league-lea/","Positions 9 to 24 playoff; bottom eliminated with no transfer to other competitions; four pots by club coefficient except titleholders top pot1.","2026-10-07"
"ucl_v2_134","medium400","anthem:handel:inspiration",,"ما مقطوعة هاندل التي استند إليها لحن نشيد دوري أبطال أوروبا؟","Which Handel work inspired the Champions League anthem?","زادوك الكاهن","Zadok the Priest","UEFA: Music of champions","https://www.uefa.com/uefachampionsleague/news/025a-0ea6da3f7870-7b257288bc62-1000%E2%80%93from-handel-to-hala-madrid-music-of-champions/","Anthem based on Handel's Zadok the Priest; recorded by Royal Philharmonic and Academy Saint Martin in Fields Chorus.","2026-10-07"
"ucl_v2_135","medium400","rules:leaguephase:playoffplaces",,"ما المراكز التي تخوض ملحق التأهل بعد مرحلة الدوري في نظام دوري الأبطال 2024/25؟","Which league-phase positions enter the qualifying play-offs under the 2024/25 Champions League format?","من التاسع إلى الرابع والعشرين","Ninth to 24th","UEFA: League phase draws explained","https://www.uefa.com/uefachampionsleague/news/0290-1bae12b1cac5-290efb63f023-1000--champions-league-europa-league-and-conference-league-lea/","Positions 9 to 24 playoff; bottom eliminated with no transfer to other competitions; four pots by club coefficient except titleholders top pot1.","2026-10-07"
"ucl_v2_136","medium400","knockout:iniesta2009:chelseascorer",,"من سجل تسديدة تشيلسي الطائرة من خارج المنطقة في إياب نصف نهائي 2009؟","Who scored Chelsea's volley from outside the box in the 2009 semi-final second leg?","مايكل إيسيان","Michael Essien","UEFA: Iniesta late show","https://www.uefa.com/uefachampionsleague/news/01d9-0e72254a5b3a-23a74c5aeec1-1000/","Iniesta stoppage equaliser; Essien Chelsea opener in 2009 semi-final second leg.","2026-10-07"
"ucl_v2_137","hard600","trophy:designer:stadelmann",,"من الصائغ السويسري الذي صمم كأس دوري أبطال أوروبا ذات المقبضين الكبيرين؟","Which Swiss jeweller designed the Champions League trophy with its large handles?","يورغ شتادلمان","Jurg Stadelmann","UEFA: Champions League trophy","https://www.uefa.com/uefachampionsleague/thetrophy/","Stadelmann designed trophy in Berne; Celtic first won current design in 1967; L'Equipe donated original; replica awarded since 2008–2009; front inscription in French.","2026-10-07"
"ucl_v2_138","hard600","trophy:original:donor",,"أي صحيفة رياضية فرنسية قدمت الكأس الأصلية لبطولة كأس أوروبا؟","Which French sports newspaper donated the original European Cup trophy?","ليكيب","L'Equipe","UEFA: Champions League trophy","https://www.uefa.com/uefachampionsleague/thetrophy/","Stadelmann designed trophy in Berne; Celtic first won current design in 1967; L'Equipe donated original; replica awarded since 2008–2009; front inscription in French.","2026-10-07"
"ucl_v2_139","hard600","anthem:composer:britten",,"من الملحن البريطاني الذي كتب نشيد دوري أبطال أوروبا عام 1992؟","Which British composer wrote the Champions League anthem in 1992?","توني بريتن","Tony Britten","UEFA: Champions League anthem","https://www.uefa.com/uefachampionsleague/news/022d-0e1636f1244a-c916aa410dad-1000--champions-league-anthem/?lang=en","Tony Britten composed anthem; English French German lyrics; Royal Philharmonic Orchestra recording; Academy of Saint Martin in the Fields Chorus. No lyrics quoted.","2026-10-07"
"ucl_v2_140","hard600","anthem:recording:orchestra",,"أي أوركسترا أدت التسجيل الأصلي لموسيقى نشيد دوري أبطال أوروبا؟","Which orchestra performed the original recording of the Champions League anthem's music?","الأوركسترا الفيلهارمونية الملكية","The Royal Philharmonic Orchestra","UEFA: Champions League anthem","https://www.uefa.com/uefachampionsleague/news/022d-0e1636f1244a-c916aa410dad-1000--champions-league-anthem/?lang=en","Tony Britten composed anthem; English French German lyrics; Royal Philharmonic Orchestra recording; Academy of Saint Martin in the Fields Chorus. No lyrics quoted.","2026-10-07"
"ucl_v2_141","hard600","trophy:firstcurrentdesign:celtic",,"أي نادٍ كان أول من رفع التصميم الحالي لكأس أوروبا عام 1967؟","Which club was the first to lift the current European Cup trophy design in 1967?","سيلتيك","Celtic","UEFA: Champions League trophy","https://www.uefa.com/uefachampionsleague/thetrophy/","Stadelmann designed trophy in Berne; Celtic first won current design in 1967; L'Equipe donated original; replica awarded since 2008–2009; front inscription in French.","2026-10-07"
"ucl_v2_142","hard600","final:2025:mayulugoal",,"من بديل باريس الذي سجل الهدف الخامس في نهائي دوري الأبطال 2025؟","Which Paris substitute scored the fifth goal in the 2025 Champions League final?","سيني مايولو","Senny Mayulu","UEFA: Paris 5–0 Inter final report","https://www.uefa.com/uefachampionsleague/news/0299-1de417608530-15b01ff7b150-1000--paris-win-champions-league-doue-double-helps-secure-reco/","Paris won first title 5–0; Doue scored twice and won match award; Hakimi first Moroccan final scorer; Mayulu fifth goal assisted Barcola; Enrique winning coach.","2026-10-07"
"ucl_v2_143","hard600","final:2025:barcolaassist",,"من صنع لسيني مايولو هدف باريس الخامس في نهائي 2025؟","Who assisted Senny Mayulu for Paris's fifth goal in the 2025 final?","برادلي باركولا","Bradley Barcola","UEFA: Paris 5–0 Inter final report","https://www.uefa.com/uefachampionsleague/news/0299-1de417608530-15b01ff7b150-1000--paris-win-champions-league-doue-double-helps-secure-reco/","Paris won first title 5–0; Doue scored twice and won match award; Hakimi first Moroccan final scorer; Mayulu fifth goal assisted Barcola; Enrique winning coach.","2026-10-07"
"ucl_v2_144","hard600","final:2024:krooscorner",,"من نفذ الركنية التي سجل منها كارفاخال هدف ريال مدريد الأول في نهائي 2024؟","Who took the corner from which Carvajal scored Real Madrid's opener in the 2024 final?","توني كروس","Toni Kroos","UEFA: Real Madrid beat Dortmund","https://www.uefa.com/uefachampionsleague/news/028e-1b07e18d875a-ba78e4b9d9fc-1000--real-madrid-win-champions-league-carvajal-and-vinicius-junior-see-off-dortmund/","Wembley final; Carvajal opener from Kroos corner; Bellingham assisted Vinicius second; Fullkrug hit post; Terzic Dortmund coach.","2026-10-07"
"ucl_v2_145","hard600","final:2024:bellinghamassist",,"من صنع هدف فينيسيوس الثاني لريال مدريد في نهائي دوري الأبطال 2024؟","Who assisted Vinicius for Real Madrid's second goal in the 2024 Champions League final?","جود بيلينغهام","Jude Bellingham","UEFA: Real Madrid beat Dortmund","https://www.uefa.com/uefachampionsleague/news/028e-1b07e18d875a-ba78e4b9d9fc-1000--real-madrid-win-champions-league-carvajal-and-vinicius-junior-see-off-dortmund/","Wembley final; Carvajal opener from Kroos corner; Bellingham assisted Vinicius second; Fullkrug hit post; Terzic Dortmund coach.","2026-10-07"
"ucl_v2_146","hard600","final:2023:dimarcocrossbar",,"من لاعب إنتر الذي ارتطمت رأسيته بالعارضة بعد هدف رودري في نهائي 2023؟","Which Inter player's header hit the crossbar after Rodri's goal in the 2023 final?","فيديريكو ديماركو","Federico Dimarco","UEFA: Manchester City win first title","https://www.uefa.com/uefachampionsleague/news/0282-1839b24603ef-36e94e63621d-1000--man-city-win-champions-league-rodri-goal-secures-victory/","Rodri winner; Istanbul final; Gundogan City captain; Foden replaced injured De Bruyne; Dimarco header hit crossbar; Onana Inter goalkeeper; Haaland season top scorer twelve.","2026-10-07"
"ucl_v2_147","hard600","final:2022:valverdeassist",,"من مرر الكرة التي سجل منها فينيسيوس هدف الفوز في نهائي دوري الأبطال 2022؟","Who delivered the ball from which Vinicius scored the winner in the 2022 Champions League final?","فيديريكو فالفيردي","Federico Valverde","UEFA: Real Madrid defeat Liverpool","https://www.uefa.com/uefachampionsleague/news/0275-15415a62aaf0-36d3e17d7404-1000--report-real-madrid-win-champions-league/","Vinicius winner from Valverde cross-shot; Courtois match award; Ancelotti first four-time winning coach; Benzema top scorer fifteen; Stade de France venue.","2026-10-07"
"ucl_v2_148","hard600","final:2021:mountassist",,"من أرسل التمريرة البينية التي سجل منها هافرتز هدف نهائي 2021؟","Who played the through ball from which Havertz scored in the 2021 final?","ميسون ماونت","Mason Mount","UEFA: Chelsea win Porto final","https://www.uefa.com/uefachampionsleague/news/0269-12650cedca55-37515f69768e-1000--highlights-chelsea-win-title/","Havertz scored; Mount assist; Kante match award; Tuchel coach; Pulisic first American to appear in final; Christensen replaced Thiago Silva; Azpilicueta captain.","2026-10-07"
"ucl_v2_149","hard600","final:2021:christensensubstitute",,"من مدافع تشيلسي الذي عوض تياغو سيلفا المصاب قبل نهاية الشوط الأول في نهائي 2021؟","Which Chelsea defender replaced the injured Thiago Silva before half-time in the 2021 final?","أندرياس كريستنسن","Andreas Christensen","UEFA: Chelsea win Porto final","https://www.uefa.com/uefachampionsleague/news/0269-12650cedca55-37515f69768e-1000--highlights-chelsea-win-title/","Havertz scored; Mount assist; Kante match award; Tuchel coach; Pulisic first American to appear in final; Christensen replaced Thiago Silva; Azpilicueta captain.","2026-10-07"
"ucl_v2_150","hard600","final:2020:kimmichassist",,"من أرسل العرضية التي سجل منها كومان هدف نهائي دوري الأبطال 2020؟","Who delivered the cross from which Coman scored in the 2020 Champions League final?","يوزوا كيميش","Joshua Kimmich","UEFA: Bayern defeat Paris","https://www.uefa.com/uefachampionsleague/news/0260-1033c96091a1-3d127374ef80-1000--paris-0-1-bayern-coman-scores-champions-league-final-winner/","Coman winner; Kimmich assist; Lisbon city; Bayern won all eleven matches; Navas Paris goalkeeper.","2026-10-07"
"ucl_v2_151","hard600","history:galata1993:elimination",,"أي نادٍ تركي أقصى مانشستر يونايتد بقاعدة الأهداف خارج الأرض في كأس أوروبا 1993/94؟","Which Turkish club eliminated Manchester United on away goals in the 1993/94 European Cup?","غلطة سراي","Galatasaray","UEFA: United Galatasaray facts","https://www.uefa.com/uefachampionsleague/news/0285-1914503e2dd2-3dd88298cc2e-1000--man-united-vs-galatasaray-match-facts/","Galatasaray eliminated United away goals 1993; Fenerbahce first European away winner Old Trafford 1996.","2026-10-07"
"ucl_v2_152","hard600","final:2019:sissokohandball",,"من لاعب توتنهام الذي تسببت لمسة يده في ركلة جزاء ليفربول في نهائي 2019؟","Which Tottenham player's handball led to Liverpool's penalty in the 2019 final?","موسى سيسوكو","Moussa Sissoko","UEFA: Liverpool beat Tottenham","https://www.uefa.com/uefachampionsleague/news/0252-0e99c19b0df2-c2e63df5c79b-1000/","Salah penalty opener; Origi substitute goal; Van Dijk match award; Metropolitano Madrid; Sissoko handball led to penalty.","2026-10-07"
"ucl_v2_153","hard600","final:2018:marcelocross",,"من أرسل العرضية التي حولها غاريث بيل إلى هدف مقصي في نهائي 2018؟","Who delivered the cross that Gareth Bale turned into a bicycle-kick goal in the 2018 final?","مارسيلو","Marcelo","UEFA: Real Madrid third straight title","https://www.uefa.com/uefachampionsleague/news/0245-0e98d7318379-716954065574-1000/","Bale bicycle kick brace; Marcelo assisted bicycle kick; Mane Liverpool goal; Karius Liverpool keeper; Zidane first coach three consecutive wins; Kyiv venue.","2026-10-07"
"ucl_v2_154","hard600","final:2017:cuadradored",,"من بديل يوفنتوس الذي طُرد في نهائي دوري الأبطال 2017؟","Which Juventus substitute was sent off in the 2017 Champions League final?","خوان كوادرادو","Juan Cuadrado","UEFA: Cardiff final report","https://www.uefa.com/uefachampionsleague/news/0250-0c5117c008df-de0901ea6dae-1000--majestic-real-madrid-win-champions-league-in-cardiff/","Real first Champions League title defence; Mandzukic bicycle kick; Casemiro second goal; Cuadrado sent off; Modric assisted Ronaldo second; Asensio fourth.","2026-10-07"
"ucl_v2_155","hard600","final:2017:modricassist",,"من أرسل العرضية التي سجل منها رونالدو هدفه الثاني في نهائي 2017؟","Who delivered the cross for Ronaldo's second goal in the 2017 final?","لوكا مودريتش","Luka Modric","UEFA: Cardiff final report","https://www.uefa.com/uefachampionsleague/news/0250-0c5117c008df-de0901ea6dae-1000--majestic-real-madrid-win-champions-league-in-cardiff/","Real first Champions League title defence; Mandzukic bicycle kick; Casemiro second goal; Cuadrado sent off; Modric assisted Ronaldo second; Asensio fourth.","2026-10-07"
"ucl_v2_156","hard600","final:2016:juanfranmiss",,"من لاعب أتلتيكو الذي اصطدمت ركلة ترجيحه بالقائم في نهائي 2016؟","Which Atletico player's shootout penalty hit the post in the 2016 final?","خوانفران","Juanfran","UEFA: Madrid Milan shootout win","https://www.uefa.com/uefachampionsleague/news/022d-0e957c5979eb-37493cb53cd0-1000--spot-on-real-madrid-defeat-atletico-in-final-again/","Ronaldo winning penalty; Carrasco equaliser; Juanfran missed shootout; Griezmann regulation penalty crossbar; Bale flick assisted Ramos opener.","2026-10-07"
"ucl_v2_157","hard600","final:2015:iniestaassist",,"من صنع هدف راكيتيتش الافتتاحي في نهائي دوري الأبطال 2015؟","Who assisted Rakitic's opening goal in the 2015 Champions League final?","أندريس إنييستا","Andres Iniesta","UEFA: Barcelona Berlin final","https://www.uefa.com/uefachampionsleague/news/0252-0cd2c6a4864d-8c8d00efd1bd-1000--barcelona-see-off-juventus-to-claim-fifth-title/","Barcelona won; Rakitic opener; Morata Juventus equaliser; Iniesta assisted opener; Pedro assisted Neymar final goal. Exclude contradictory Suarez assist in annual PDF.","2026-10-07"
"ucl_v2_158","hard600","final:2015:pedroassist",,"من بديل برشلونة الذي صنع لنيمار الهدف الأخير في نهائي 2015؟","Which Barcelona substitute assisted Neymar for the last goal in the 2015 final?","بيدرو رودريغيز","Pedro Rodriguez","UEFA: Barcelona Berlin final","https://www.uefa.com/uefachampionsleague/news/0252-0cd2c6a4864d-8c8d00efd1bd-1000--barcelona-see-off-juventus-to-claim-fifth-title/","Barcelona won; Rakitic opener; Morata Juventus equaliser; Iniesta assisted opener; Pedro assisted Neymar final goal. Exclude contradictory Suarez assist in annual PDF.","2026-10-07"
"ucl_v2_159","hard600","final:2014:costareplacement",,"من دخل بدلاً من دييغو كوستا المصاب في بداية نهائي دوري الأبطال 2014؟","Who replaced the injured Diego Costa early in the 2014 Champions League final?","أدريان لوبيز","Adrian Lopez","UEFA: Madrid Decima report","https://www.uefa.com/uefachampionsleague/news/0250-0c51093bd4a7-41ccc377a75c-1000--madrid-finally-fulfil-decima-dream/","Ramos stoppage equaliser; Decima tenth trophy; Godin Atletico goal; Adrian Lopez replaced Costa; Di Maria dribble led to Bale rebound goal; Ronaldo seventeen season goals.","2026-10-07"
"ucl_v2_160","hard600","final:2023:debruynereplacement",,"من دخل بدلاً من كيفن دي بروين المصاب في نهائي دوري الأبطال 2023؟","Who replaced the injured Kevin De Bruyne in the 2023 Champions League final?","فيل فودين","Phil Foden","UEFA: Manchester City win first title","https://www.uefa.com/uefachampionsleague/news/0282-1839b24603ef-36e94e63621d-1000--man-city-win-champions-league-rodri-goal-secures-victory/","Rodri winner; Istanbul final; Gundogan City captain; Foden replaced injured De Bruyne; Dimarco header hit crossbar; Onana Inter goalkeeper; Haaland season top scorer twelve.","2026-10-07"
"ucl_v2_161","hard600","final:2012:shootoutpost",,"أي لاعب لبايرن اصطدمت ركلته بالقائم في ترجيح نهائي 2012 قبل ركلة دروغبا الحاسمة؟","Which Bayern player's shootout kick hit the post before Drogba's decisive kick in the 2012 final?","باستيان شفاينشتايغر","Bastian Schweinsteiger","UEFA: Chelsea shootout triumph","https://www.uefa.com/uefachampionsleague/news/0250-0c50fb78a384-1434bbcadbcb-1000/","Drogba equalised and scored decisive shootout kick; Cech saved Robben extra-time penalty; Muller Bayern goal; Schweinsteiger shootout post.","2026-10-07"
"ucl_v2_162","hard600","final:2011:opener",,"من افتتح التسجيل لبرشلونة في نهائي دوري الأبطال 2011؟","Who opened the scoring for Barcelona in the 2011 Champions League final?","بيدرو رودريغيز","Pedro Rodriguez","UEFA: Barcelona Wembley report","https://www.uefa.com/uefachampionsleague/news/01ff-0e7e5852ecaa-15ad96dc5b23-1000--2010-11-fc-barcelona-3-1-manchester-united-fc-report/","Pedro opener; Rooney equaliser; Messi second; Villa third; Barcelona won 3-1 at Wembley.","2026-10-07"
"ucl_v2_163","hard600","group:2010:bayerndoubledefeat",,"أي نادٍ فرنسي هزم بايرن مرتين في مجموعات موسم تتويج إنتر الأوروبي 2009/10؟","Which French club beat Bayern twice in the group stage of Inter's European title-winning 2009/10 season?","بوردو","Bordeaux","UEFA: Inter back on top","https://www.uefa.com/uefachampionsleague/news/0250-0c50f3b81a1b-4c43e12a6520-1000--2009-10-inter-back-on-top-at-last/","Milito both final goals; Mourinho coach; Zanetti captain; Bernabeu venue; first Saturday final; Sneijder assisted opener; Bayern lost twice to Bordeaux in groups.","2026-10-07"
"ucl_v2_164","hard600","knockout:anfield2019:reboundshot",,"تسديدة أي لاعب تصدى لها تير شتيغن قبل أن يسجل أوريغي هدف ليفربول الأول في إياب نصف نهائي 2019؟","Whose shot did Ter Stegen parry before Origi scored Liverpool's opener in the 2019 semi-final second leg?","جوردان هندرسون","Jordan Henderson","UEFA: Liverpool Barcelona comeback","https://www.uefa.com/uefachampionsleague/news/0251-0e99aae66a0d-4ef82ebc84f0-1000--liverpool-4-0-barcelona-champions-league-at-a-glance/","Liverpool won 4-0 after first-leg 3-0 loss; Origi decisive goal from Alexander-Arnold quick corner; Wijnaldum substitute double; Henderson shot parried for opener.","2026-10-07"
"ucl_v2_165","hard600","knockout:ajax2019:opener",,"من سجل رأسية أياكس الافتتاحية أمام توتنهام في إياب نصف نهائي 2019؟","Who headed Ajax's opening goal against Tottenham in the 2019 semi-final second leg?","ماتيس دي ليخت","Matthijs de Ligt","UEFA: Ajax Tottenham report","https://www.uefa.com/uefachampionsleague/news/0251-0e9ce1f530f2-d243cb498094-1000/","Lucas Moura hat-trick; De Ligt Ajax opener; Ziyech second Ajax goal; Tottenham advanced on away goals at 3-3 aggregate.","2026-10-07"
"ucl_v2_166","hard600","knockout:remontada2017:owngoal",,"أي مدافع لباريس سجل في مرماه خلال خسارة 6-1 أمام برشلونة عام 2017؟","Which Paris defender scored an own goal in their 6-1 defeat by Barcelona in 2017?","لايفن كورزاوا","Layvin Kurzawa","UEFA: Barcelona historic comeback","https://www.uefa.com/uefachampionsleague/news/0237-0e966c1b69f6-14f87a701fd9-1000--barcelona-make-history-with-stunning-comeback/","Barcelona 6-1 Paris after 4-0 away defeat; Sergi Roberto decisive sixth; Cavani Paris goal; Kurzawa own goal; Suarez opener; Neymar late brace.","2026-10-07"
"ucl_v2_167","hard600","knockout:depor2004:keeper",,"من حرس مرمى ديبورتيفو في فوزه 4-0 على ميلان بإياب ربع نهائي 2004؟","Who kept goal for Deportivo in their 4-0 win over Milan in the 2004 quarter-final second leg?","خوسيه مولينا","Jose Molina","UEFA: Dazzling Depor ditch Milan","https://www.uefa.com/uefachampionsleague/news/019c-0e6c12450ff2-294c584e2602-1000--dazzling-depor-ditch-milan/","Deportivo 4-0 Milan 5-4 aggregate at Riazor; Pandiani Valeron Luque Fran scored; Molina goalkeeper; first side overturning three-goal first-leg CL deficit.","2026-10-07"
"ucl_v2_168","hard600","knockout:monaco2004:finalcross",,"من أرسل الكرة التي حولها جولي إلى هدف موناكو الثالث ضد ريال مدريد في إياب ربع نهائي 2004؟","Who delivered the ball Giuly flicked in for Monaco's third goal against Real Madrid in the 2004 quarter-final second leg?","هوغو إيبارا","Hugo Ibarra","UEFA: Madrid felled by Morientes","https://www.uefa.com/uefachampionsleague/news/019c-0e6ad3e94fa1-7d2d6812cba9-1000--madrid-felled-by-morientes/","Giuly double; Morientes on-loan Madrid striker scored header; Raul Madrid goal; Flavio Roma Monaco keeper; Ibarra cross-shot for decisive flick.","2026-10-07"
"ucl_v2_169","hard600","knockout:roma2018:owngoalpair",,"أي لاعبين لروما سجلا في مرماهما بذهاب ربع نهائي 2018 ثم سجلا لروما في الإياب؟","Which two Roma players scored own goals in the 2018 quarter-final first leg and scored for Roma in the return?","دانييلي دي روسي وكوستاس مانولاس","Daniele De Rossi and Kostas Manolas","UEFA: Roma stun Barcelona","https://www.uefa.com/uefachampionsleague/news/0244-0e9cca96247f-6f619a17c764-1000/","Roma reversed 4-1 loss; Dzeko opener; De Rossi penalty; Manolas decisive header; De Rossi and Manolas first-leg own goals.","2026-10-07"
"ucl_v2_170","hard600","knockout:cityspurs2019:cityfourth",,"من سجل هدف مانشستر سيتي الرابع في مباراة 4-3 أمام توتنهام بإياب ربع نهائي 2019؟","Who scored Manchester City's fourth goal in their 4-3 win over Tottenham in the 2019 quarter-final second leg?","سيرخيو أغويرو","Sergio Aguero","UEFA: City Tottenham thriller","https://www.uefa.com/uefachampionsleague/news/0250-0e999aee96ca-0b7d18bcada0-1000--man-city-4-3-tottenham-champions-league-at-a-glance/","Llorente decisive Tottenham goal; Son double; Sterling stoppage goal disallowed; Aguero fourth City goal; Bernardo Silva second City goal.","2026-10-07"
"ucl_v2_171","hard600","knockout:madridcity2022:penaltyfoul",,"من ارتكب المخالفة على بنزيما التي أدت إلى ركلة التأهل في الوقت الإضافي أمام سيتي عام 2022؟","Who fouled Benzema for Madrid's decisive extra-time penalty against City in 2022?","روبن دياز","Ruben Dias","UEFA: Rodrygo and Benzema comeback","https://www.uefa.com/uefachampionsleague/news/0275-1511132895f4-1744cbc9329e-1000--real-madrid-3-1-manchester-city-agg-6-5-rodrygo-and-benzema-/","Rodrygo late double; Mahrez City goal; Benzema extra-time penalty; Ruben Dias foul; Mendy denied Grealish goal.","2026-10-07"
"ucl_v2_172","hard600","history:celtic1967:winner",,"من سجل هدف سيلتيك الثاني الذي حسم نهائي كأس أوروبا 1967؟","Who scored Celtic's second goal to decide the 1967 European Cup final?","ستيف تشالمرز","Steve Chalmers","UEFA: Celtic adventure reaps reward","https://www.uefa.com/uefachampionsleague/news/0258-0e6a053a5775-dc924599f3ea-1000--1966-67-celtic-adventure-reaps-reward/","Jock Stein coach; Chalmers winner; Gemmell equaliser; Mazzola Inter penalty; Lisbon final.","2026-10-07"
"ucl_v2_173","hard600","history:steaua1986:opponentcoach",,"من كان مدرب برشلونة الإنجليزي في نهائي كأس أوروبا 1986؟","Who was Barcelona's English coach in the 1986 European Cup final?","تيري فينابلز","Terry Venables","UEFA: Steaua stun Barcelona","https://www.uefa.com/uefachampionsleague/news/00c5-0e6a0bc49898-3c69a840d79b-1000/","Duckadam saved all four Barcelona shootout penalties; Steaua Romanian winners; Seville venue; Barcelona coach Terry Venables.","2026-10-07"
"ucl_v2_174","hard600","history:redstar1991:keepercaptain",,"أي حارس كان قائد النجم الأحمر في نهائي كأس أوروبا 1991؟","Which goalkeeper captained Red Star in the 1991 European Cup final?","ستيفان ستويانوفيتش","Stevan Stojanovic","UEFA: Red Star final match record","https://www.uefa.com/uefachampionsleague/match/4373/","Red Star won 5-3 penalties against Marseille at San Nicola Bari; Stojanovic goalkeeper captain; Papin Marseille captain.","2026-10-07"
"ucl_v2_175","hard600","history:porto1987:bayerngoal",,"من سجل هدف بايرن ميونخ الوحيد في نهائي كأس أوروبا 1987؟","Who scored Bayern Munich's only goal in the 1987 European Cup final?","لودفيغ كوغل","Ludwig Kogl","UEFA: Madjer backheel","https://www.uefa.com/uefachampionsleague/news/021f-0e8fdb967775-761b0eca2869-1000--legendary-moments-madjer-s-back-heel/","Madjer backheel equaliser; Juary winning goal; Ludwig Kogl Bayern opener; Juary cross for equaliser.","2026-10-07"
"ucl_v2_176","hard600","history:forest1979:holderseliminated",,"أي حامل لقب أقصاه نوتنغهام فورست في بداية مشواره نحو كأس أوروبا 1979؟","Which defending champions did Nottingham Forest eliminate at the start of their run to the 1979 European Cup?","ليفربول","Liverpool","UEFA: Forest join elite","https://www.uefa.com/uefachampionsleague/news/025a-0ea6687c95ea-1cc4f4a550f7-1000--1978-79-forest-join-elite-club/","Nottingham Forest first European Cup 1979; defeated holders Liverpool; Francis winner against Malmo in Munich.","2026-10-07"
"ucl_v2_177","hard600","history:villa1982:subkeeper",,"أي حارس بديل دخل مبكراً بدلاً من جيمي ريمر في نهائي كأس أوروبا 1982؟","Which substitute goalkeeper replaced Jimmy Rimmer early in the 1982 European Cup final?","نايجل سبينك","Nigel Spink","UEFA: Withe brings Villa glory","https://www.uefa.com/uefachampionsleague/news/0254-0d7b1e154752-f2cfb521c62d-1000--1981-82-withe-brings-villa-glory/","Aston Villa beat Bayern 1-0; Withe goal from Morley cross; Spink replaced Rimmer; Tony Barton coach; Rotterdam De Kuip.","2026-10-07"
"ucl_v2_178","hard600","history:psv1988:city",,"أي مدينة ألمانية استضافت نهائي آيندهوفن وبنفيكا في كأس أوروبا 1988؟","Which German city hosted the PSV–Benfica European Cup final in 1988?","شتوتغارت","Stuttgart","UEFA: PSV Oranje boom","https://www.uefa.com/uefachampionsleague/news/0252-0cda61cd72d9-e1f121defd12-1000--1987-88-psv-prosper-from-oranje-boom/","Dutch PSV coached by Hiddink; defeated Benfica in Stuttgart; Van Breukelen saved Veloso decisive penalty.","2026-10-07"
"ucl_v2_179","hard600","history:ajax1995:groupdouble",,"بأي نتيجة فاز أياكس في كل من مباراتي المجموعات ضد ميلان قبل نهائي 1995؟","By what score did Ajax win each group-stage match against Milan before the 1995 final?","2-0","2-0","UEFA: Kluivert changes guard","https://www.uefa.com/uefachampionsleague/news/0131-0ea969a88ada-9aa85bac6453-1000--kluivert-strikes-as-ajax-force-changing-of-the-guard/","Kluivert winning goal; Van Gaal coach; Ajax beat Milan twice 2-0 in groups; Kanu also substitute; Vienna final.","2026-10-07"
"ucl_v2_180","hard600","record:makaay:assist",,"من صنع هدف ماكاي بعد 10.12 ثانية أمام ريال مدريد عام 2007؟","Who assisted Makaay's 10.12-second goal against Real Madrid in 2007?","حسن صالح حميديتش","Hasan Salihamidzic","UEFA: Fastest Champions League goals","https://www.uefa.com/uefachampionsleague/news/0237-0e966468be2a-209986d8dffd-1000--fastest-champions-league-goals-roy-makaay-heads-list-includ/","Makaay 10.12 seconds Bayern Real Madrid 2007; Salihamidzic assist; Jonas Valencia goal 10.96 seconds Leverkusen 2011; Pato 24 seconds Barcelona 2011.","2026-10-07"
"ucl_v2_181","hard600","record:jonas:fastgroupgoal",,"من سجل لفالنسيا أمام ليفركوزن بعد 10.96 ثانية في مجموعات دوري الأبطال 2011؟","Who scored for Valencia against Leverkusen after 10.96 seconds in the 2011 Champions League group stage?","جوناس","Jonas","UEFA: Fastest Champions League goals","https://www.uefa.com/uefachampionsleague/news/0237-0e966468be2a-209986d8dffd-1000--fastest-champions-league-goals-roy-makaay-heads-list-includ/","Makaay 10.12 seconds Bayern Real Madrid 2007; Salihamidzic assist; Jonas Valencia goal 10.96 seconds Leverkusen 2011; Pato 24 seconds Barcelona 2011.","2026-10-07"
"ucl_v2_182","hard600","record:newell:perfecthattrick",,"أي لاعب لبلاكبيرن سجل هاتريك بالقدمين والرأس أمام روزنبورغ في دوري الأبطال 1995؟","Which Blackburn player scored a left-foot, right-foot and headed hat-trick against Rosenborg in the 1995 Champions League?","مايك نيويل","Mike Newell","UEFA: Champions League hat-tricks","https://www.uefa.com/uefachampionsleague/news/0257-0e99f0d0d91b-eb0f4ba7a8f7-1000/","Historical facts used only: Salah seven-minute Rangers treble 2022; Messi five Leverkusen 2012; Haaland five Leipzig 2023; Brahimi debut Porto BATE 2014; Kurzawa defender hat-trick Anderlecht 2017; Newell perfect hat-trick Rosenborg 1995. Excluded rolling 2026 claims.","2026-10-07"
"ucl_v2_183","hard600","record:ballotta:oldestappearance",,"أي حارس للاتسيو شارك أمام ريال مدريد بدوري الأبطال عام 2007 وعمره 43 عاماً؟","Which Lazio goalkeeper played against Real Madrid in the 2007 Champions League aged 43?","ماركو بالوتا","Marco Ballotta","UEFA: Oldest Champions League players","https://www.uefa.com/uefachampionsleague/news/025f-0ffe52e4d3c1-efe9ce36a2ce-1000--oldest-champions-league-players-scorers-finalists-and-wi/","Ballotta Lazio 43 in 2007; Pepe Porto age 41 Arsenal 2024; Maldini oldest final winner 2007; Van der Sar age 40 in 2011 final.","2026-10-07"
"ucl_v2_184","hard600","history:madrid1956:decisivescorer",,"من سجل هدف ريال مدريد الرابع الذي حسم أول نهائي لكأس أوروبا عام 1956؟","Who scored Real Madrid's decisive fourth goal in the first European Cup final in 1956?","هيكتور ريال","Hector Rial","UEFA: Madrid first crown","https://www.uefa.com/uefachampionsleague/news/0258-0e6a0359223b-d180c4119f8e-1000--1955-56-madrid-claim-first-crown/","First final Madrid beat Reims 4-3 Parc des Princes Paris; Rial winner; Hanot initiated competition. Do not use conflicting historical PDF lineup.","2026-10-07"
"ucl_v2_185","hard600","history:madrid1960:semifinalopponent",,"أي نادٍ إسباني أقصاه ريال مدريد في نصف النهائي قبل فوزه بكأس أوروبا 1960؟","Which Spanish club did Real Madrid eliminate in the semi-finals before winning the 1960 European Cup?","برشلونة","Barcelona","UEFA: Dazzling Madrid Frankfurt","https://www.uefa.com/uefachampionsleague/news/0253-0d7b1dc17e3e-c896eaba1732-1000--1959-60-dazzling-madrid-crush-frankfurt/","Madrid Frankfurt 7-3 Hampden Park Glasgow; Puskas four; Di Stefano three; semifinal against Barcelona.","2026-10-07"
"ucl_v2_186","hard600","history:benfica1962:losinghattrick",,"من سجل هاتريك ريال مدريد رغم خسارته نهائي كأس أوروبا 1962؟","Who scored Real Madrid's hat-trick despite their defeat in the 1962 European Cup final?","فيرينتس بوشكاش","Ferenc Puskas","UEFA: Eusebio strikes gold","https://www.uefa.com/uefachampionsleague/news/0258-0e6a045944ea-75ee25be6a88-1000--1961-62-eusebio-strikes-gold-for-benfica/","Benfica retained trophy 5-3 Madrid; Eusebio two; Puskas hat-trick; Amsterdam venue; Guttmann coach.","2026-10-07"
"ucl_v2_187","hard600","history:feyenoord1970:celticcoin",,"أي فريق أقصاه سيلتيك بقرعة عملة معدنية في مشواره إلى نهائي كأس أوروبا 1970؟","Which team did Celtic eliminate on a coin toss on their way to the 1970 European Cup final?","بنفيكا","Benfica","UEFA: Feyenoord new order","https://www.uefa.com/uefachampionsleague/news/0005-0e6a05cb6956-d2f407b8aa83-1000--1969-70-feyenoord-establish-new-order/","Feyenoord Celtic 2-1 extra time; Kindvall winner; Rinus Israel equaliser; Celtic advanced past Benfica on coin toss. Excluded erroneous Leeds venue score order.","2026-10-07"
"ucl_v2_188","hard600","final:1999:bayerngoal",,"من سجل ركلة بايرن ميونخ الحرة التي منحته التقدم في نهائي 1999؟","Who scored the free-kick that put Bayern Munich ahead in the 1999 final?","ماريو باسلر","Mario Basler","UEFA: United super subs","https://www.uefa.com/uefachampionsleague/news/0161-0e6a261d85bb-05dbbb7741b5-1000--united-super-subs-floor-bayern-at-the-death/","Sheringham equaliser; Solskjaer winner; Basler free-kick Bayern goal.","2026-10-07"
"ucl_v2_189","hard600","final:2005:secondliverpoolgoal",,"من سجل هدف ليفربول الثاني بتسديدة بعيدة في عودته بنهائي 2005؟","Who scored Liverpool's second goal with a long-range shot during their 2005 final comeback?","فلاديمير شميتسر","Vladimir Smicer","UEFA: Liverpool belief defies Milan","https://www.uefa.com/uefachampionsleague/news/0253-0d7b89fe7b7f-c91716d11bdf-1000--2004-05-liverpool-belief-defies-milan/","Istanbul comeback; Gerrard first Liverpool goal; Smicer second; Alonso equaliser; Dudek saved Shevchenko final penalty.","2026-10-07"
"ucl_v2_190","hard600","final:1997:juvegoal",,"من سجل هدف يوفنتوس الوحيد في نهائي 1997؟","Who scored Juventus's only goal in the 1997 final?","أليساندرو ديل بييرو","Alessandro Del Piero","UEFA: Riedle makes Dortmund day","https://www.uefa.com/uefachampionsleague/news/0250-0c50f0a30046-11b4609766fe-1000--1996-97-riedle-makes-dortmund-s-day/","Riedle double; Ricken substitute third; Del Piero Juventus goal.","2026-10-07"
"ucl_v2_191","hard600","final:2004:thirdgoal",,"أي لاعب روسي سجل هدف بورتو الثالث في نهائي 2004؟","Which Russian scored Porto's third goal in the 2004 final?","دميتري ألينيشيف","Dmitri Alenichev","UEFA: Porto perform to perfection","https://www.uefa.com/uefachampionsleague/news/019d-0e6ae5999141-82ce41064ec4-1000--porto-perform-to-perfection/","Carlos Alberto opener; Deco second; Alenichev third; Giuly injured captain Monaco; Gelsenkirchen final.","2026-10-07"
"ucl_v2_192","hard600","knockout:arsenal2006:keeper",,"من حرس مرمى أرسنال في التعادل السلبي مع ريال مدريد بإياب دور الـ16 عام 2006؟","Who kept goal for Arsenal in their goalless 2006 round-of-16 second leg against Real Madrid?","ينس ليمان","Jens Lehmann","UEFA: Arsenal stand firm","https://www.uefa.com/uefachampionsleague/news/01b3-0e6d6fde7160-7117eda21ebe-1000--arsenal-stand-firm-to-advance/","Henry only goal of Madrid tie; Highbury goalless second leg; Lehmann Arsenal keeper.","2026-10-07"
"ucl_v2_193","hard600","knockout:chelsea2012semi:suspendedquartet",,"ما الرباعي الذي غاب عن نهائي تشيلسي 2012 للإيقاف بعد مباراة برشلونة؟","Which four Chelsea players missed the 2012 final through suspension after the Barcelona match?","جون تيري وراميريس وراوول ميريليش وبرانيسلاف إيفانوفيتش","John Terry, Ramires, Raul Meireles and Branislav Ivanovic","UEFA: Ten-man Chelsea Barcelona","https://www.uefa.com/uefachampionsleague/news/01fc-0e7df449e8f5-b7a861c948eb-1000--ten-man-chelsea-hold-off-barca-to-reach-final/","Torres late goal; Ramires chip; Terry red card; Messi missed penalty; suspended final quartet Ramires Meireles Ivanovic Terry.","2026-10-07"
"ucl_v2_194","hard600","knockout:bayern2020qf:dribbleassist",,"من راوغ دفاع برشلونة وصنع هدف كيميش، الخامس لبايرن، في ربع نهائي 2020؟","Who dribbled through Barcelona's defence to assist Kimmich's goal, Bayern's fifth, in the 2020 quarter-final?","ألفونسو ديفيز","Alphonso Davies","UEFA: Barcelona Bayern record win","https://www.uefa.com/uefachampionsleague/news/0260-1020a197123b-5848d2b10d39-1000--report-and-highlights-barca-2-8-bayern/","Bayern 8-2 Barcelona Lisbon; Coutinho two against parent club; Davies dribble assisted Kimmich fifth; Alaba own goal.","2026-10-07"
"ucl_v2_195","hard600","knockout:ronaldo2003:owngoal",,"أي مدافع لريال مدريد حول تسديدة فيرون إلى مرماه في أولد ترافورد عام 2003؟","Which Real Madrid defender turned Veron's shot into his own net at Old Trafford in 2003?","إيفان هيلغيرا","Ivan Helguera","UEFA: United rocked by Ronaldo","https://www.uefa.com/uefachampionsleague/news/025a-0eaae578b071-3f2001de8325-1000--united-rocked-by-ronaldo/","Brazilian Ronaldo hat-trick Old Trafford; Beckham substitute double; Helguera own goal; Figo assisted third Ronaldo goal.","2026-10-07"
"ucl_v2_196","hard600","group:sheriff2021:opener",,"من سجل هدف شيريف الأول في فوزه 2-1 على ريال مدريد عام 2021؟","Who scored Sheriff's opener in their 2-1 win over Real Madrid in 2021?","جاسوربيك ياخشيبويف","Jasurbek Yakhshiboev","UEFA: Sheriff shock Madrid","https://www.uefa.com/uefachampionsleague/news/026d-135b86eff082-cd8d9765febf-1000--sheriff-bursting-with-pride-after-shock-real-madrid-victory/","Moldovan Sheriff beat Madrid 2-1 Bernabeu; Thill late winner; Yakhshiboev opener.","2026-10-07"
"ucl_v2_197","hard600","group:bale2010:interopener",,"من افتتح التسجيل لإنتر خلال الدقائق الأولى أمام توتنهام في مباراة 4-3 عام 2010؟","Who opened Inter's scoring in the first minutes against Tottenham in their 4-3 win in 2010?","خافيير زانيتي","Javier Zanetti","UEFA: Inter Tottenham fightback","https://www.uefa.com/uefachampionsleague/news/01ea-0e75e491a506-dec73db22cd5-1000--inter-hold-off-tottenham-fightback/","Bale hat-trick despite Tottenham 4-3 loss; Zanetti opener; Gomes red card.","2026-10-07"
"ucl_v2_198","hard600","history:oldtrafford1996:firstdefeat",,"أي نادٍ أنهى سجل مانشستر يونايتد الخالي من الهزائم الأوروبية في أولد ترافورد عام 1996؟","Which club ended Manchester United's unbeaten European record at Old Trafford in 1996?","فنربخشة","Fenerbahce","UEFA: United Galatasaray facts","https://www.uefa.com/uefachampionsleague/news/0285-1914503e2dd2-3dd88298cc2e-1000--man-united-vs-galatasaray-match-facts/","Galatasaray eliminated United away goals 1993; Fenerbahce first European away winner Old Trafford 1996.","2026-10-07"
"ucl_v2_199","hard600","group:haifa2022:double",,"من سجل هدفي مكابي حيفا في فوزه على يوفنتوس بدوري الأبطال في أكتوبر 2022؟","Who scored both Maccabi Haifa goals in their Champions League win over Juventus in October 2022?","عمر أتسيلي","Omer Atzili","UEFA: Haifa Juventus match statistics","https://www.uefa.com/newsfiles/UCL/2023/2035703_TS.pdf","Omer Atzili both goals in Haifa 2-0 Juventus October 11 2022.","2026-10-07"
"ucl_v2_200","hard600","knockout:messi2011semi:assist",,"أي بديل صنع هدف ميسي الأول أمام ريال مدريد في ذهاب نصف نهائي 2011؟","Which substitute assisted Messi's first goal against Real Madrid in the 2011 semi-final first leg?","إبراهيم أفيلاي","Ibrahim Afellay","UEFA: Messi magic Madrid","https://www.uefa.com/uefachampionsleague/news/01f0-0e7810b91a10-94576e9fc2aa-1000/","Messi both Barcelona goals 2011 semifinal first leg; Afellay assisted opener.","2026-10-07"
"ucl_v2_201","hard600","history:europeancup:firstscorer",,"من سجل أول هدف في تاريخ كأس أوروبا، لسبورتينغ أمام بارتيزان عام 1955؟","Who scored the first European Cup goal, for Sporting against Partizan in 1955?","جواو بابتيستا مارتينز","Joao Baptista Martins","UEFA: First competition goals","https://www.uefa.com/uefaconferenceleague/news/0253-0d8226f62167-bb95306965de-1000--who-scored-the-first-goals-in-uefa-s-competitions/","Joao Baptista Martins first European Cup goal Sporting Partizan September 4 1955.","2026-10-07"
"ucl_v2_202","hard600","anthem:recording:chorus",,"ما الجوقة التي غنت التسجيل الأصلي لنشيد دوري أبطال أوروبا؟","Which chorus sang the original recording of the Champions League anthem?","جوقة أكاديمية سانت مارتن إن ذا فيلدز","Academy of Saint Martin in the Fields Chorus","UEFA: Music of champions","https://www.uefa.com/uefachampionsleague/news/025a-0ea6da3f7870-7b257288bc62-1000%E2%80%93from-handel-to-hala-madrid-music-of-champions/","Anthem based on Handel's Zadok the Priest; recorded by Royal Philharmonic and Academy Saint Martin in Fields Chorus.","2026-10-07"
"ucl_v2_203","hard600","rules:draw2024:potbasis",,"على أي أساس صُنفت الفرق في أوعية قرعة مرحلة الدوري 2024/25، باستثناء حامل اللقب؟","On what basis were teams seeded into the 2024/25 league-phase draw pots, apart from the title holders?","معامل النادي لدى يويفا","The UEFA club coefficient","UEFA: League phase draws explained","https://www.uefa.com/uefachampionsleague/news/0290-1bae12b1cac5-290efb63f023-1000--champions-league-europa-league-and-conference-league-lea/","Positions 9 to 24 playoff; bottom eliminated with no transfer to other competitions; four pots by club coefficient except titleholders top pot1.","2026-10-07"
"ucl_v2_204","hard600","history:europeancup:initiator",,"أي صحفي فرنسي في ليكيب طرح فكرة بطولة كأس أوروبا للأندية؟","Which French L'Equipe journalist proposed the European Cup club competition?","غابرييل هانو","Gabriel Hanot","UEFA: Madrid first crown","https://www.uefa.com/uefachampionsleague/news/0258-0e6a0359223b-d180c4119f8e-1000--1955-56-madrid-claim-first-crown/","First final Madrid beat Reims 4-3 Parc des Princes Paris; Rial winner; Hanot initiated competition. Do not use conflicting historical PDF lineup.","2026-10-07"
