"id","hash","factKey","source","evidenceVerified","translationParity","difficultyReviewed","distinctFact","reason"
"001","a252a2fc16bd77ce1c961e5f1fcbeaeb48e7582512ab93285b37ddbe64bd0960","song:entaomri:singer","entomri","yes","yes","yes","yes","Assistant reviewed Which Egyptian female singer made the famous recording of Enta Omri? Answer: Umm Kulthum. Arabic and English request the same attribute. Evidence: Publisher catalogue inspected 2026-10-08: Umm Kulthum performs; music Mohammed Abdel Wahab; words Ahmed Shafiq Kamel. Only credits used; no lyrics reproduced. Difficulty: Recognition of performers, familiar songs, musical instruments and prominent artist identities."
"002","8341742c3b183d67513ae1b0f92185a0b0610a6f10c289fad769cbf1aa7561e0","song:alatlal:singer","atlal","yes","yes","yes","yes","Assistant reviewed Which Egyptian female singer performed Al Atlal? Answer: Umm Kulthum. Arabic and English request the same attribute. Evidence: Publisher catalogue retrieved 2026-10-08: singer Umm Kulthum; composer Riad Al Sunbati; poet Ibrahim Nagi. Difficulty: Recognition of performers, familiar songs, musical instruments and prominent artist identities."
"003","e05ce89fdd8aa0033158d31941a6e762126b0bcfa9c337c6351b30b07154e051","song:siretelhob:singer","siret","yes","yes","yes","yes","Assistant reviewed Which Egyptian female singer performs Siret El Hob? Answer: Umm Kulthum. Arabic and English request the same attribute. Evidence: Page title is Siret El Hob despite shortened URL. Catalogue retrieved 2026-10-08: Umm Kulthum, Baligh Hamdi and Morsi Gamil Aziz credited as performer, composer and lyricist. Difficulty: Recognition of performers, familiar songs, musical instruments and prominent artist identities."
"004","7aaf0041f01d8be6827e6d26e44f246f3190f8750fc7b54aec9d591906758699","song:alflayla:singer","alflayla","yes","yes","yes","yes","Assistant reviewed Who sings the classic Egyptian recording of Alf Leila Wa Leila? Answer: Umm Kulthum. Arabic and English request the same attribute. Evidence: Publisher catalogue retrieved 2026-10-08: singer Umm Kulthum; composer Baligh Hamdi; lyricist Morsi Gamil Aziz. Maqam variants excluded from questions. Difficulty: Recognition of performers, familiar songs, musical instruments and prominent artist identities."
"005","71adf586e10c6a85a6da5692b74e6788c88eb136a335eee0f9ff30fb32a92b59","song:aghadanalqak:singer","aghadan","yes","yes","yes","yes","Assistant reviewed Which Egyptian female singer performed Aghadan Alqak? Answer: Umm Kulthum. Arabic and English request the same attribute. Evidence: Publisher catalogue retrieved 2026-10-08: Umm Kulthum performs; Mohammed Abdel Wahab composes; Al Hadi Adam writes the poem. Difficulty: Recognition of performers, familiar songs, musical instruments and prominent artist identities."
"006","19beaeed7cdedf3e8aa1cd7e4eb9dd75b0c956e5be7846cdef720bc680e0ebec","song:yamsaharni:singer","yamsaharni","yes","yes","yes","yes","Assistant reviewed Which Egyptian female singer performs Ya Msaharni? Answer: Umm Kulthum. Arabic and English request the same attribute. Evidence: Publisher catalogue retrieved 2026-10-08 credits Umm Kulthum, Sayed Mekawy and Ahmed Rami as singer, composer and lyricist respectively. Malformed Arabic maqam metadata excluded. Difficulty: Recognition of performers, familiar songs, musical instruments and prominent artist identities."
"007","37c1bd3f5ac79cfc12a60837fb5583186627c837cbfcb2e6ec20afdd7b228642","song:tamallymaak:singer","tamallycredits","yes","yes","yes","yes","Assistant reviewed Which Egyptian singer performs Tamally Maak? Answer: Amr Diab. Arabic and English request the same attribute. Evidence: Music review dated 2003-09-23 inspected 2026-10-08: performer Amr Diab, lyricist Ahmed Ali Moussa, composer Sherif Tag. No lyrics reproduced. Difficulty: Recognition of performers, familiar songs, musical instruments and prominent artist identities."
"008","46f34390d260cb3d5fc30baedcfb759c30f0214a75da2c8c15f9747856e1d7bc","song:nourelain:singer","nouralbum","yes","yes","yes","yes","Assistant reviewed Who is the artist behind the song and album Nour El Ain? Answer: Amr Diab. Arabic and English request the same attribute. Evidence: Artist's indexed catalogue inspected 2026-10-08: 1996 album, Alam El Phan; includes Nour El Ain and Nafs El Makan; describes World Music Awards recognition. No inferred award year used. Difficulty: Recognition of performers, familiar songs, musical instruments and prominent artist identities."
"009","2fce209ff5acf06c048407b5616db5453894070078a3f602e7a7afcacaf22553","song:mashaer:singer","mashaer","yes","yes","yes","yes","Assistant reviewed Which Egyptian female singer performed Mashaer for Hekayet Hayah? Answer: Sherine Abdel Wahab. Arabic and English request the same attribute. Evidence: 2022 article inspected 2026-10-08 identifies Sherine Abdel Wahab, composer Mohamed Rahim and lyricist Ahmed Marzouk; Mashaer was the opening theme for Hekayet Hayah in 2013. Dynamic view counts excluded. Difficulty: Recognition of performers, familiar songs, musical instruments and prominent artist identities."
"010","80a3d04a1d3898bf539904ebb2bb309e351b412268bb638dbf4ab6c16e75cd82","song:eishbeshoak:singer","eish","yes","yes","yes","yes","Assistant reviewed Who is the artist behind the song and album Eish Beshoak? Answer: Tamer Hosny. Arabic and English request the same attribute. Evidence: Indexed recording description inspected 2026-10-08: performer Tamer Hosny; lyrics Mostafa Hassan; music Bilal Sorour; arrangements Bilal Sorour and Hany Mahrous. Primary credits resolve mistranslated press composer attribution. Difficulty: Recognition of performers, familiar songs, musical instruments and prominent artist identities."
"011","c172022f9c5430ffb55321abb63acfbd53ac66832b4c20d0cc9b9e237ec6e612","song:ahlahagafeeki:singer","ahlahaga","yes","yes","yes","yes","Assistant reviewed Which Egyptian singer performs Ahla Haga Feeki? Answer: Mohamed Hamaki. Arabic and English request the same attribute. Evidence: Music report inspected 2026-10-08: Mohamed Hamaki performs Ahla Haga Feeki on Kheles El Kalam; words Ayman Bahgat Amar; music Amr Mostafa; arrangement Tamim. Difficulty: Recognition of performers, familiar songs, musical instruments and prominent artist identities."
"012","b7878733ff6dab3c9a768feebf791c5c2f9ccc136f519b47278b5e7328bab478","song:shagarellamoon:singer","shagar","yes","yes","yes","yes","Assistant reviewed Who sings the original 1981 recording of Shagar El Lamoon? Answer: Mohamed Mounir. Arabic and English request the same attribute. Evidence: 2025 report inspected 2026-10-08: original song performed by Mohamed Mounir in 1981, words Abdel Rahim Mansour, music Ahmed Mounib, arrangement Yehia Khalil's band. A later video edit does not change original credits. Difficulty: Recognition of performers, familiar songs, musical instruments and prominent artist identities."
"013","f304fef86ac0ce61fcf7d56fe421a1ce20fce72015f795cca351c44aa2993ca6","song:yastar:singer","yastar","yes","yes","yes","yes","Assistant reviewed Which Egyptian singer performs the 2019 song Ya Sattar? Answer: Mohamed Hamaki. Arabic and English request the same attribute. Evidence: Music report inspected 2026-10-08: Hamaki's Ya Sattar released 2019; lyrics Ayman Bahgat Amar; music Mohamed Yehia; arrangement Touma. Dynamic view counts excluded. Difficulty: Recognition of performers, familiar songs, musical instruments and prominent artist identities."
"014","2da837d7edb282577e7204964c63707ecb3c9b977dfa640f63ef79ba0ef9563a","song:sidiwesalak:singer","sidi","yes","yes","yes","yes","Assistant reviewed Which Egyptian female singer performs Sidi Wesalak? Answer: Angham. Arabic and English request the same attribute. Evidence: Artist's concert remarks reported and inspected 2026-10-08: Angham acknowledges lyricist Ezzat El Gendi and composer Sherif Tag for Sidi Wesalak, director Ahmed El Mahdy for its video. Difficulty: Recognition of performers, familiar songs, musical instruments and prominent artist identities."
"015","de1328b61904f210e0ff92131f8e36fb0684a51ab354465eb8a2d16c6670955c","song:dariyaalby:singer","dari","yes","yes","yes","yes","Assistant reviewed Who performs the official acoustic version of Dari Ya Alby? Answer: Hamza Namira. Arabic and English request the same attribute. Evidence: Indexed recording description inspected 2026-10-08: Hamza Namira performs and composes; words Mahmoud Farouk. Specific acoustic release credits used. Difficulty: Recognition of performers, familiar songs, musical instruments and prominent artist identities."
"016","7e4957f74af02aef9c91def12f066119df326060217e2873b941fa65d0320f02","song:noqtabeida:band","noqta","yes","yes","yes","yes","Assistant reviewed Which Egyptian band performed Noqta Beida with Abdelrahman Roshdy in its 2017 sessions? Answer: Cairokee. Arabic and English request the same attribute. Evidence: Official indexed description inspected 2026-10-08: Cairokee featuring Abdelrahman Roshdy; words Amir Eid; composition/arrangement Cairokee; production/mixing Sherif Mostafa. Listed musicians: Sherif El Hawary guitar, Adam El Alfy bass, Tamer Hashem drums, Sherif Mostafa keyboards, Amir Eid vocals/guitar. Credits tied to this session, not assumed current lineup. Difficulty: Recognition of performers, familiar songs, musical instruments and prominent artist identities."
"017","7d409fbd668a501ca731db68225cf2d70558f42a402d4a872c6d8e3ac60ea443","song:halakhasagedan:singer","hala","yes","yes","yes","yes","Assistant reviewed Which Egyptian female singer performs Hala Khasa Gedan? Answer: Angham. Arabic and English request the same attribute. Evidence: Verified label's indexed description inspected 2026-10-08: Angham performs; words Amir Teima; music Aziz El Shafie; arrangement Ahmed Ibrahim. No lyrics reproduced. Difficulty: Recognition of performers, familiar songs, musical instruments and prominent artist identities."
"018","93a3df080b45e973d87d8c458da6b8459ab1075e63beb954103d5c50d65888f1","song:ymkenkher:singer","ymken","yes","yes","yes","yes","Assistant reviewed Which Egyptian singer performs Ymken Kher? Answer: Ramy Sabry. Arabic and English request the same attribute. Evidence: Official artist channel's indexed description inspected 2026-10-08: singer and composer Ramy Sabry; words Ahmed Ali Moussa; arrangement/mix/master Tarek Tawakol. No inferred album-release date. Difficulty: Recognition of performers, familiar songs, musical instruments and prominent artist identities."
"019","810484c3211edb220031ff32d2435d480232c97b2713f9f73b7da8a365689f26","song:nassay:singer","nassay","yes","yes","yes","yes","Assistant reviewed Which Egyptian female singer released the song and album Nassay? Answer: Sherine Abdel Wahab. Arabic and English request the same attribute. Evidence: 2018 release report inspected 2026-10-08: Sherine performs Nassay; words Tamer Hussein; music Tamer Ali; arrangement Nabulsi; director Luca Coassin. Difficulty: Recognition of performers, familiar songs, musical instruments and prominent artist identities."
"020","a7e06157a37a704d4a876dfd58d755756f40809e70198b00e3e56dde38c3fb0a","song:hobboganna:singer","hobbo","yes","yes","yes","yes","Assistant reviewed Which Egyptian female singer performs Hobbo Ganna? Answer: Sherine Abdel Wahab. Arabic and English request the same attribute. Evidence: 2019 release report inspected 2026-10-08: Sherine performs Hobbo Ganna; words Mohamed Atef; music Madian; arrangement Ahmed Ibrahim; album Nassay. Difficulty: Recognition of performers, familiar songs, musical instruments and prominent artist identities."
"021","b696e9b9d52d7a4b669617c1a347d56bf2fa0c3d2fcd76a1107bb1a9230b3f2e","song:watarhassas:singer","watar","yes","yes","yes","yes","Assistant reviewed Which Egyptian female singer performs El Watar El Hassas? Answer: Sherine Abdel Wahab. Arabic and English request the same attribute. Evidence: 2018 music report inspected 2026-10-08: El Watar El Hassas performed by Sherine, words Saud Al Sharbatly, music Mohamed Rahim, arrangement Touma. Kadabeen words Ayman Bahgat Amar, music Khaled Ezz, arrangement Touma. No dynamic chart claims used. Difficulty: Recognition of performers, familiar songs, musical instruments and prominent artist identities."
"022","070bb79ef926a0deaca98d451a670a27d3a16fb986d1e29c36bf652ddb95df43","song:kadabeen:singer","watar","yes","yes","yes","yes","Assistant reviewed Which Egyptian female singer performs Kadabeen on the album Nassay? Answer: Sherine Abdel Wahab. Arabic and English request the same attribute. Evidence: 2018 music report inspected 2026-10-08: El Watar El Hassas performed by Sherine, words Saud Al Sharbatly, music Mohamed Rahim, arrangement Touma. Kadabeen words Ayman Bahgat Amar, music Khaled Ezz, arrangement Touma. No dynamic chart claims used. Difficulty: Recognition of performers, familiar songs, musical instruments and prominent artist identities."
"023","799d70326afe4b744ef22121d6bc852aeb22b1639c67614e134a59500c28f55a","song:oloosamah:singer","oloosamah","yes","yes","yes","yes","Assistant reviewed Which Egyptian singer performs Oloolo Samah? Answer: Tamer Ashour. Arabic and English request the same attribute. Evidence: 2019 music report inspected 2026-10-08: Tamer Ashour, words Ahmed El Malaky, music Mostafa El Assal; album Ayam. Arrangement credits differ between reports and are excluded. Difficulty: Recognition of performers, familiar songs, musical instruments and prominent artist identities."
"024","57135e9f5206a033c1fa2e0a8f31c7ea909ce480393bdd58fd78bc2cae202676","song:wasawasa:singer","wasa3","yes","yes","yes","yes","Assistant reviewed Which Egyptian singer performs the 2022 song Wasa Wasa? Answer: Ahmed Saad. Arabic and English request the same attribute. Evidence: 2022 music report inspected 2026-10-08: Ahmed Saad performs and composes; words credited jointly to Ahmed Saad and Mostafa Hadouta; arrangement Ehab KloBex; video director Islam Hisham. No lyricist question retained because some reports omit the joint credit. Difficulty: Recognition of performers, familiar songs, musical instruments and prominent artist identities."
"025","e37a6b01940ed16682309d6f8ce5097f4936ba022115eebd7e796db399fa1be3","song:qareatelfengan:singer","qareat","yes","yes","yes","yes","Assistant reviewed Which Egyptian singer performed Qareat El Fengan? Answer: Abdel Halim Hafez. Arabic and English request the same attribute. Evidence: Publisher catalogue retrieved 2026-10-08: Abdel Halim Hafez performs; music Mohamed El Mougy; poem Nizar Qabbani. Difficulty: Recognition of performers, familiar songs, musical instruments and prominent artist identities."
"026","3694020ded32acfc1ee753f781f28768d145b2d18744d2988f57d3a8e5f3479d","song:ganaelhawa:singer","ganahawa","yes","yes","yes","yes","Assistant reviewed Who sings the classic recording of Gana El Hawa? Answer: Abdel Halim Hafez. Arabic and English request the same attribute. Evidence: Page title Gana El Hawa, despite mistranslated URL. Publisher catalogue retrieved 2026-10-08 credits Abdel Halim Hafez, Baligh Hamdi and Mohamed Hamza as performer, composer and lyricist. Difficulty: Recognition of performers, familiar songs, musical instruments and prominent artist identities."
"027","4f5b9e2307f9ade1389c8f1038ac425501c165fc759dc78e699b5b4f241afe10","song:oyounelalb:singer","oyoun","yes","yes","yes","yes","Assistant reviewed Who sings the classic recording of Oyoun El Alb? Answer: Nagat El Saghira. Arabic and English request the same attribute. Evidence: Publisher catalogue retrieved 2026-10-08: Nagat El Saghira performs; music Mohamed El Mougy; words Abdel Rahman El Abnoudi. Difficulty: Recognition of performers, familiar songs, musical instruments and prominent artist identities."
"028","8a07d9a008940c4f5955d675ee6708d4822a71306202b09394b45d53f10fabfe","song:yahabibtiyamasr:singer","yamasr","yes","yes","yes","yes","Assistant reviewed Who sings the patriotic song Ya Habibti Ya Masr? Answer: Shadia. Arabic and English request the same attribute. Evidence: Publisher catalogue retrieved 2026-10-08: Shadia performs; music Baligh Hamdi; words Mohamed Hamza. Difficulty: Recognition of performers, familiar songs, musical instruments and prominent artist identities."
"029","170a800de08776546c4df801576cd575cf1d87b322b2d94d5baf782d7d82f0a7","song:sawah:singer","sawah","yes","yes","yes","yes","Assistant reviewed Which Egyptian singer made the classic recording of Sawwah? Answer: Abdel Halim Hafez. Arabic and English request the same attribute. Evidence: Publisher catalogue inspected 2026-10-08: Abdel Halim Hafez performs; music Baligh Hamdi; words Mohamed Hamza. Difficulty: Recognition of performers, familiar songs, musical instruments and prominent artist identities."
"030","f38f780ff60227e3d6a2366d5b23d7879df69fdb4be7db04342c6c92983bdf21","song:ahwak:singer","ahwak","yes","yes","yes","yes","Assistant reviewed Which Egyptian singer made the classic recording of Ahwak? Answer: Abdel Halim Hafez. Arabic and English request the same attribute. Evidence: Artist interview inspected 2026-10-08 explicitly attributes original Ahwak to Abdel Halim Hafez, lyrics Hussein El Sayed and music Mohammed Abdel Wahab. The report's conflicting film-year detail is excluded. Difficulty: Recognition of performers, familiar songs, musical instruments and prominent artist identities."
"031","a8c9e1febb862c4f3fc8375e881187ff786454d390b40528be4760c5bfcafb0d","song:resalamen:singer","resala","yes","yes","yes","yes","Assistant reviewed Which Egyptian singer performed Resala Men Taht El Maa? Answer: Abdel Halim Hafez. Arabic and English request the same attribute. Evidence: Official artist channel's indexed licensed recording metadata inspected 2026-10-08: performer Abdel Halim Hafez, lyricist Nizar Qabbani, composer Mohamed El Mougy. No upload-date inference. Difficulty: Recognition of performers, familiar songs, musical instruments and prominent artist identities."
"032","7202bbc3b018c6e75b8ed67a46dc42719ceb17915d7bd1a8b45eaf0f653f4cfe","song:setelhabayeb:singer","sethabayeb","yes","yes","yes","yes","Assistant reviewed Which female singer made the celebrated recording of the Mother's Day song Set El Habayeb? Answer: Fayza Ahmed. Arabic and English request the same attribute. Evidence: Music-history article inspected 2026-10-08 identifies Fayza Ahmed's celebrated recording, composer Mohammed Abdel Wahab and lyricist Hussein El Sayed. Wording avoids claiming she made the first broadcast, which the source attributes to the composer. Difficulty: Recognition of performers, familiar songs, musical instruments and prominent artist identities."
"033","44e40b6eecc08d5c8fc3a027edb3ddfed0b36b181c453b47e7098ba6a4c7a610","song:qalbidalili:singer","qalbidalili","yes","yes","yes","yes","Assistant reviewed Who sings the classic recording of Ana Albi Dalili? Answer: Leila Mourad. Arabic and English request the same attribute. Evidence: Publisher catalogue inspected 2026-10-08 identifies Leila Mourad and Mohamed El Qasabgi. Its Arabic lyricist name is misspelled; therefore no writer question is sourced to this entry. Difficulty: Recognition of performers, familiar songs, musical instruments and prominent artist identities."
"034","65ea04b715334da0fb8610b40e5a72bc2c70abaa4361f2390b528d98132d33b4","song:shahatelgharam:originalduo","shahat","yes","yes","yes","yes","Assistant reviewed Which duo performed the original recording of Shahat El Gharam? Answer: Mohammed Fawzi and Leila Mourad. Arabic and English request the same attribute. Evidence: 2024 Opera programme report inspected 2026-10-08: original Shahat El Gharam duet Mohammed Fawzi and Leila Mourad, composer Mohammed Fawzi, words Badi Khairi. Distinguishes originals from Ali El Haggar and Nadia Mostafa's revival. Difficulty: Recognition of performers, familiar songs, musical instruments and prominent artist identities."
"035","13b309a803734864c8972c5177d116aaaf2dadac02ddc4d14eb8d92964996b85","song:algondol:singer","gondol","yes","yes","yes","yes","Assistant reviewed Which Egyptian composer and singer performed Al Gondol? Answer: Mohammed Abdel Wahab. Arabic and English request the same attribute. Evidence: Official indexed biography inspected 2026-10-08: poet Ali Mahmoud Taha wrote Al Gondol after visiting Venice and its annual celebration in summer 1938; Mohammed Abdel Wahab sang it. Unverified composer/date details not used. Difficulty: Recognition of performers, familiar songs, musical instruments and prominent artist identities."
"036","6f3b6926b60d39cdab0d69ed9dadb520123a7438c093a2e7dddbae025fcf0267","song:anabastannak:singer","bastannak","yes","yes","yes","yes","Assistant reviewed Who sings the classic recording of Ana Bastannak? Answer: Nagat El Saghira. Arabic and English request the same attribute. Evidence: Music-history report inspected 2026-10-08 confirms Baligh Hamdi's collaboration with Nagat on Ana Bastannak. Only performer and composer used from this source. Difficulty: Recognition of performers, familiar songs, musical instruments and prominent artist identities."
"037","66ab8be1cb2ac71ab0e59c0262c4715c5a89e53c938baf289c13b7352af0cfaa","song:elzeinwelzeina:singer","zein","yes","yes","yes","yes","Assistant reviewed Who sings El Zein Wel Zeina, a song often associated with weddings? Answer: Ali El Haggar. Arabic and English request the same attribute. Evidence: Artist states that Hamid Al Shaeri identified the melody as Libyan heritage; Hamid arranged the wedding song and Nabil Khalaf wrote it. Retrieved/indexed 2026-10-08; not an original composition attribution to the arranger. Difficulty: Recognition of performers, familiar songs, musical instruments and prominent artist identities."
"038","beb15c1e9a6e6b2072b32b73680fac90633811b50812549705e67018f1d49d54","song:saaf:singer","saaf","yes","yes","yes","yes","Assistant reviewed Which singer released Saaf with a video featuring many celebrities? Answer: Ramy Gamal. Arabic and English request the same attribute. Evidence: Retrieved 2026-10-08: Ramy Gamal sings; Mostafa Hassan wrote; Bilal Sorour composed; Touma arranged. Official release through Nogoum Records. Difficulty: Recognition of performers, familiar songs, musical instruments and prominent artist identities."
"039","fed20d11f88320f2a5fab6284b904201d69dcfaa0331e033219e7ff998e38e2b","song:analawhabibak:singer","fouadhits","yes","yes","yes","yes","Assistant reviewed Which Egyptian singer performs Ana Law Habibak? Answer: Mohamed Fouad. Arabic and English request the same attribute. Evidence: Indexed 2026-10-08: Ana Law Habibak Mostafa Morsi/Walid Saad; Kamannana in Ismailia Rayeh Gay by Antar Hilal/Riad El Hamshary; 1998 El Hob El Haqiqi by Mostafa Kamel/Essam Ismail; Fakrak Ya Nasini by Ahmed Sheta/Salah El Sharnouby. All performed by Mohamed Fouad. Difficulty: Recognition of performers, familiar songs, musical instruments and prominent artist identities."
"040","18f109ec25a2c3a1b4d4300f2c5af8e700b0e5a6ba05689347df3b3b15c0a146","song:fadyshewaya:singer","fady","yes","yes","yes","yes","Assistant reviewed Who sings Fady Shewaya? Answer: Hamza Namira. Arabic and English request the same attribute. Evidence: Retrieved/indexed 2026-10-08: Hamza Namira sings and composes; Khalil Ezz El Din writes; album Mawlood Sanat 80; arrangement Karim Abdel Wahab; guitar Mostafa Aslan. No changing view-count question used. Difficulty: Recognition of performers, familiar songs, musical instruments and prominent artist identities."
"041","629b949a11d2e3b4d322414355b34d3cb2c56a28e3f83ed1b51e1268bac292ee","song:ananegm:band","ananegm","yes","yes","yes","yes","Assistant reviewed Which Egyptian band released Ana Negm? Answer: Cairokee. Arabic and English request the same attribute. Evidence: Indexed official release metadata 2026-10-08: Cairokee; Roma; released 2022-09-23; mastered by Randy Merrill. No inferred writer or composer from performer names. Difficulty: Recognition of performers, familiar songs, musical instruments and prominent artist identities."
"042","3f1e9736e83b9fc1d4c6be1e3007146ee243bb8cc1ce1540e7fa781099f6b45e","song:monaya:singer","monaya","yes","yes","yes","yes","Assistant reviewed Who sings Monaya? Answer: Moustafa Amar. Arabic and English request the same attribute. Evidence: Official description indexed 2026-10-08: Moustafa Amar performs; Amir Teima writes; Amr Mostafa composes; Tarek Madkour arranges. Direct fetch unavailable; index evidence retained. Difficulty: Recognition of performers, familiar songs, musical instruments and prominent artist identities."
"043","7bc7fa54babc58a1cea772c5fbb4d2177e71ed3de2798179180a548684469304","song:betwanesbeek:singer","betwanes","yes","yes","yes","yes","Assistant reviewed Who sings the famous recording of Betwanes Beek? Answer: Warda. Arabic and English request the same attribute. Evidence: Retrieved 2026-10-08: Warda sings; Omar Batisha wrote; Salah El Sharnouby composed; Tarek Akef arranged. Discarded an incorrect remembered writer attribution. Difficulty: Recognition of performers, familiar songs, musical instruments and prominent artist identities."
"044","e6bbc72451376226c0cffcd657771042da3a61a9db08485c61adc384701cb593","song:leilynahary:singer","leily","yes","yes","yes","yes","Assistant reviewed Which singer released Leily Nahary through Rotana? Answer: Amr Diab. Arabic and English request the same attribute. Evidence: Official description indexed 2026-10-08: Amr Diab performs; Khaled Tag El Din writes; Amr Mostafa composes; Nader Hamdy arranges. Upload date is not treated as original release date. Difficulty: Recognition of performers, familiar songs, musical instruments and prominent artist identities."
"045","747dfd44baab844115d89d425dfc14d1ba6082d302672eaf4386c5a5d43eba94","song:wemalo:singer","wemalo","yes","yes","yes","yes","Assistant reviewed Who sings We Malo? Answer: Amr Diab. Arabic and English request the same attribute. Evidence: Official description indexed 2026-10-08: Amr Diab performs; Khaled Tag El Din writes; Amr Mostafa composes; Tarek Madkour arranges. Difficulty: Recognition of performers, familiar songs, musical instruments and prominent artist identities."
"046","3ede10f19e05017708b494bcb6f55b22ca56254c6967d0dcb2790770cfa1dd42","song:amarain:singer","amarain","yes","yes","yes","yes","Assistant reviewed Which singer performs Amarain? Answer: Amr Diab. Arabic and English request the same attribute. Evidence: Retrieved/indexed 2026-10-08: Amr Diab sings Amarain; Mohamed Refai writes; Sherif Tag composes; Tarek Madkour arranges. Family-dedication claims not used. Difficulty: Recognition of performers, familiar songs, musical instruments and prominent artist identities."
"047","dfa8a6773b07b7f0cab7800c339afa7cf21c7455c559be218ee3414192dd85b1","song:tetragafeya:singer","tetraga","yes","yes","yes","yes","Assistant reviewed Which Egyptian singer performs Tetraga Feya? Answer: Ehab Tawfik. Arabic and English request the same attribute. Evidence: Indexed 2026-10-08: recording credited to Ehab Tawfik; Lyrics Bahaa El Din Mohammed. Unverified composer credit explicitly excluded. Difficulty: Recognition of performers, familiar songs, musical instruments and prominent artist identities."
"048","a986b535cd10b8957e55ce7484a9d5efefb2869eda8022e60a82aa390256e240","song:narinarein:singer","nari","yes","yes","yes","yes","Assistant reviewed Which Egyptian singer is known for Nari Narein? Answer: Hisham Abbas. Arabic and English request the same attribute. Evidence: Retrieved/indexed 2026-10-08: lyricist discusses writing Nari Narein for Hisham Abbas. No unverified composer or duet-partner credit used. Difficulty: Recognition of performers, familiar songs, musical instruments and prominent artist identities."
"049","a36ee09458f589937177f88c7392e31010bf3acbb59f333ec81a1ba5b1363ca8","song:kamannana:singer","fouadhits","yes","yes","yes","yes","Assistant reviewed Which singer performed the original recording of Kamannana? Answer: Mohamed Fouad. Arabic and English request the same attribute. Evidence: Indexed 2026-10-08: Ana Law Habibak Mostafa Morsi/Walid Saad; Kamannana in Ismailia Rayeh Gay by Antar Hilal/Riad El Hamshary; 1998 El Hob El Haqiqi by Mostafa Kamel/Essam Ismail; Fakrak Ya Nasini by Ahmed Sheta/Salah El Sharnouby. All performed by Mohamed Fouad. Difficulty: Recognition of performers, familiar songs, musical instruments and prominent artist identities."
"050","10644db9f9b6d88ee87cf0f0a2ec53fe7813d73136e909e164ac94e77a7a449e","song:elhobelhaqiqi:singer","fouadhits","yes","yes","yes","yes","Assistant reviewed Who sings the song El Hob El Haqiqi released in 1998? Answer: Mohamed Fouad. Arabic and English request the same attribute. Evidence: Indexed 2026-10-08: Ana Law Habibak Mostafa Morsi/Walid Saad; Kamannana in Ismailia Rayeh Gay by Antar Hilal/Riad El Hamshary; 1998 El Hob El Haqiqi by Mostafa Kamel/Essam Ismail; Fakrak Ya Nasini by Ahmed Sheta/Salah El Sharnouby. All performed by Mohamed Fouad. Difficulty: Recognition of performers, familiar songs, musical instruments and prominent artist identities."
"051","b82232a773af2e8352b0c1d117592b488c2fcebceff85bc23f2f5fed45b4cdeb","song:fakrakyanasini:singer","fouadhits","yes","yes","yes","yes","Assistant reviewed Who sings Fakrak Ya Nasini? Answer: Mohamed Fouad. Arabic and English request the same attribute. Evidence: Indexed 2026-10-08: Ana Law Habibak Mostafa Morsi/Walid Saad; Kamannana in Ismailia Rayeh Gay by Antar Hilal/Riad El Hamshary; 1998 El Hob El Haqiqi by Mostafa Kamel/Essam Ismail; Fakrak Ya Nasini by Ahmed Sheta/Salah El Sharnouby. All performed by Mohamed Fouad. Difficulty: Recognition of performers, familiar songs, musical instruments and prominent artist identities."
"052","bd3241aad667d2c8a2d8b346a698db891a09993a9975897759e346af7e9a0aee","artist:abdelhalim:nickname","halimhistory","yes","yes","yes","yes","Assistant reviewed Which Egyptian singer was nicknamed the Brown Nightingale? Answer: Abdel Halim Hafez. Arabic and English request the same attribute. Evidence: Official indexed release 2026-10-08: Brown Nightingale; Al Helwat in Sharqia; radio oboist; broadcaster Hafez Abdel Wahab supplied his stage surname; Liqaa words Salah Abdel Sabour/music Kamal El Tawil. Conflicting graduation chronology not used. Difficulty: Recognition of performers, familiar songs, musical instruments and prominent artist identities."
"053","0c9dc838325cb29aaedc084a9742b1bb40388b09b8ea911a93927e0eea61904c","artist:ummkulthum:nickname","ummhistory","yes","yes","yes","yes","Assistant reviewed Which Egyptian singer was nicknamed the Star of the East? Answer: Umm Kulthum. Arabic and English request the same attribute. Evidence: Official indexed biography 2026-10-08: Star of the East; first starring film Wedad 1936 and last Fatma 1947. Difficulty: Recognition of performers, familiar songs, musical instruments and prominent artist identities."
"054","66ed1b96d2e0a141160a0bfea92e3cc3d57e07c4b63296392f08d2b87cc21274","nationalanthem:egypt:title","sayedhistory","yes","yes","yes","yes","Assistant reviewed What is the title of the anthem composed by Sayed Darwish that became Egypt's national anthem? Answer: Bilady Bilady. Arabic and English request the same attribute. Evidence: Official indexed biography 2026-10-08: composed Bilady Bilady, later national anthem; met Othman Al Mawsili during Levant travels and developed oud playing and notation. Difficulty: Recognition of performers, familiar songs, musical instruments and prominent artist identities."
"055","975341dd657207976420b1b70aaaed27489a917bdb70b0c8a6e86395602c96f6","venue:ummmuseum:honouree","ummmuseum","yes","yes","yes","yes","Assistant reviewed Which singer is commemorated by the museum adjoining Manasterli Palace in Cairo? Answer: Umm Kulthum. Arabic and English request the same attribute. Evidence: Official indexed museum description 2026-10-08: dedicated to Umm Kulthum; in a building adjoining Manasterli Palace on Roda Island in Cairo. Difficulty: Recognition of performers, familiar songs, musical instruments and prominent artist identities."
"056","18f54e942dcb6fd3e556fcc27c39d2b00b9b68ed5b3feb5f351f92e56429f4ff","operetta:elleilaelkebira:performanceform","leilak","yes","yes","yes","yes","Assistant reviewed El Leila El Kebira is especially famous as a production of which form of theatre? Answer: Puppet theatre. Arabic and English request the same attribute. Evidence: Official programme indexed 2026-10-08: El Leila El Kebira puppet operetta; composer Sayed Mekawy; words Salah Jahin; puppets Nagy Shaker; director Salah El Sakka. Difficulty: Recognition of performers, familiar songs, musical instruments and prominent artist identities."
"057","f92bce06357e93e33f3b6d790f9647d7f4624a13bca9af6fddd8c8d9ef19fdeb","programme:ghawwas:presenter","ammarhistory","yes","yes","yes","yes","Assistant reviewed Which composer presented the programme Ghawwas Fi Bahr El Nagham? Answer: Ammar El Sherei. Arabic and English request the same attribute. Evidence: Indexed 2026-10-08: Ammar El Sherei prepared and presented Ghawwas Fi Bahr El Nagham on Egyptian General Programme radio. No unverified exclusivity claim used. Difficulty: Recognition of performers, familiar songs, musical instruments and prominent artist identities."
"058","a3332f656404fc18d56fa999fb25e8770866324918cd410d5be1edb291949648","song:zahmayadonya:singer","adaweya","yes","yes","yes","yes","Assistant reviewed Which shaabi singer performs Zahma Ya Donya Zahma? Answer: Ahmed Adaweya. Arabic and English request the same attribute. Evidence: Indexed first-person TV interview report 2026-10-08: Ahmed Adaweya describes his song Zahma Ya Donya Zahma. Private-life claims not used. Difficulty: Recognition of performers, familiar songs, musical instruments and prominent artist identities."
"059","1abfb69a9d6541da344ecd18480b54e0a1ceaae05ad82fb2e7445e77966c009e","song:anaalbiileikmayyal:singer","fayzahits","yes","yes","yes","yes","Assistant reviewed Who sings the classic recording of Ana Albi Ileik Mayyal? Answer: Fayza Ahmed. Arabic and English request the same attribute. Evidence: Indexed 2026-10-08: composer Mohammed El Mougy composed Ana Albi Ileik Mayyal and Yama El Qamar Al Bab for Fayza Ahmed. Performer/composer only; no speculative private-life interpretation. Difficulty: Recognition of performers, familiar songs, musical instruments and prominent artist identities."
"060","adbe1f3a92742ab9fc9f160baa08ed2f36b55e4aa01af0f0ad07d73e4fe05488","song:yahlowsabbah:singer","qandilconcert","yes","yes","yes","yes","Assistant reviewed Which singer is associated with the classic recording of Ya Helw Sabbah? Answer: Mohammed Qandil. Arabic and English request the same attribute. Evidence: Indexed 2026-10-08: classic songs by Mohammed Qandil include Ya Helw Sabbah; modern concert performers distinguished from original repertoire. Difficulty: Recognition of performers, familiar songs, musical instruments and prominent artist identities."
"061","e773e4544fa70e0912102972939694a58628d4ef4423b001d92946a460370422","song:yamestaagelferaqi:singer","tharwat","yes","yes","yes","yes","Assistant reviewed Who sings Ya Mestaagel Feraqi, released in 2021? Answer: Mohamed Tharwat. Arabic and English request the same attribute. Evidence: Indexed 2026-10-08: Mohamed Tharwat performs; Tamer Hussein writes; Mohammed Rahim both composes and arranges. No changing view-count question used. Difficulty: Recognition of performers, familiar songs, musical instruments and prominent artist identities."
"062","2d8d6c10330c67c8f1764ec1658f8ab356b87d525a7a777d242651cf62ff3fc0","song:seketelsalama:singer","seketsalama","yes","yes","yes","yes","Assistant reviewed Which singer released Seket El Salama on the album Welad El Naharda? Answer: Amal Maher. Arabic and English request the same attribute. Evidence: Indexed 2026-10-08: Amal Maher performs Seket El Salama on Welad El Naharda; Walid Saad composed it. Album review distinguishes her original repertoire from Umm Kulthum covers. Difficulty: Recognition of performers, familiar songs, musical instruments and prominent artist identities."
"063","9f526e736776825672bc10fc1d58a755eb6281644f89b15cf67799f18a32306c","song:ahyaeinyyaleil:singer","louayconcert","yes","yes","yes","yes","Assistant reviewed Which Egyptian singer performs Ah Ya Einy Ya Leil? Answer: Louay. Arabic and English request the same attribute. Evidence: Indexed 2026-10-08: Louay's own repertoire includes Ah Ya Einy Ya Leil; Black Theama's own songs include Gouba. No borrowed cover attributed as original. Difficulty: Recognition of performers, familiar songs, musical instruments and prominent artist identities."
"064","6df6058c6d81a135e0cf5307b272ec9870baf90c2280bff6d33f350f7a545395","song:gouba:band","louayconcert","yes","yes","yes","yes","Assistant reviewed Which Egyptian band's repertoire includes the song Gouba? Answer: Black Theama. Arabic and English request the same attribute. Evidence: Indexed 2026-10-08: Louay's own repertoire includes Ah Ya Einy Ya Leil; Black Theama's own songs include Gouba. No borrowed cover attributed as original. Difficulty: Recognition of performers, familiar songs, musical instruments and prominent artist identities."
"065","f76c678c4cd2a5e53c046e6fe4dc376746aa74d924250f77b778f636fad32883","song:ghaba:performer","ghaba","yes","yes","yes","yes","Assistant reviewed Which Egyptian rapper released the Ghaba music video in 2021? Answer: Marwan Pablo. Arabic and English request the same attribute. Evidence: Official video indexed 2026-10-08: MARWAN PABLO - GHABA, original official music video released in 2021. No inferred writer/composer credit. Difficulty: Recognition of performers, familiar songs, musical instruments and prominent artist identities."
"066","d68d9c3969726f582e047a8653abb38b160343d247ef4f78cd4e7d4fced9b1fb","song:elbakht:performer","elbakht","yes","yes","yes","yes","Assistant reviewed Which Egyptian rapper performs El Bakht? Answer: Wegz. Arabic and English request the same attribute. Evidence: Official description indexed 2026-10-08: performed/written by Wegz; music produced by Rahal; recorded/mixed/mastered by Nader Soliman at Vinyl Studios; released 2022-02-26. No lyrics reproduced. Difficulty: Recognition of performers, familiar songs, musical instruments and prominent artist identities."
"067","14e849f4a88500edcc0b30de05ae1be687c3473ff3fc4514fbfaa51c33db2e54","song:mnalbibaghany:singer","mnalbi","yes","yes","yes","yes","Assistant reviewed Which singer performs Mn Albi Baghany, the title track of his album? Answer: Mohamed Hamaki. Arabic and English request the same attribute. Evidence: Indexed 2026-10-08: Mohamed Hamaki performs title track Mn Albi Baghany; Amir Teima writes; Ahmed Salah Hosny composes; Tamim arranges. Name misspelling in press excerpt checked against recording credits. Difficulty: Recognition of performers, familiar songs, musical instruments and prominent artist identities."
"068","c5f29580ac95011d0d2b3606102136c4236b75050a01620aea3c0eb6dd9a6a84","song:yamaelqamaralbab:singer","fayzahits","yes","yes","yes","yes","Assistant reviewed Who sings the classic song Yama El Qamar Al Bab? Answer: Fayza Ahmed. Arabic and English request the same attribute. Evidence: Indexed 2026-10-08: composer Mohammed El Mougy composed Ana Albi Ileik Mayyal and Yama El Qamar Al Bab for Fayza Ahmed. Performer/composer only; no speculative private-life interpretation. Difficulty: Recognition of performers, familiar songs, musical instruments and prominent artist identities."
"069","3b48b31eeae270b6fb1a285a1fb8e0bd0e905b095fbfbddf089464bc30df9f6c","song:entaomri:composer","entomri","yes","yes","yes","yes","Assistant reviewed Who composed Umm Kulthum's Enta Omri? Answer: Mohammed Abdel Wahab. Arabic and English request the same attribute. Evidence: Publisher catalogue inspected 2026-10-08: Umm Kulthum performs; music Mohammed Abdel Wahab; words Ahmed Shafiq Kamel. Only credits used; no lyrics reproduced. Difficulty: Recall of albums, credited composers, musical collaborations, institutions or a less familiar artist attribute."
"070","cac58fc56c562a6af5a53e1b157ec0176ff02639e00e3a90f9bea31a79e2006c","song:alatlal:composer","atlal","yes","yes","yes","yes","Assistant reviewed Who composed Al Atlal for Umm Kulthum? Answer: Riad Al Sunbati. Arabic and English request the same attribute. Evidence: Publisher catalogue retrieved 2026-10-08: singer Umm Kulthum; composer Riad Al Sunbati; poet Ibrahim Nagi. Difficulty: Recall of albums, credited composers, musical collaborations, institutions or a less familiar artist attribute."
"071","95fc8c502a3ebb7226a583b081a308d80a5aa3bd87d38c65f4394bd80d5b2f3f","song:siretelhob:composer","siret","yes","yes","yes","yes","Assistant reviewed Who composed Umm Kulthum's Siret El Hob? Answer: Baligh Hamdi. Arabic and English request the same attribute. Evidence: Page title is Siret El Hob despite shortened URL. Catalogue retrieved 2026-10-08: Umm Kulthum, Baligh Hamdi and Morsi Gamil Aziz credited as performer, composer and lyricist. Difficulty: Recall of albums, credited composers, musical collaborations, institutions or a less familiar artist attribute."
"072","4a262b0cf926b32c0ad2e4ada692fcc17021ec9818be15ee9432ad793ba70c29","song:alflayla:composer","alflayla","yes","yes","yes","yes","Assistant reviewed Who composed Umm Kulthum's Alf Leila Wa Leila? Answer: Baligh Hamdi. Arabic and English request the same attribute. Evidence: Publisher catalogue retrieved 2026-10-08: singer Umm Kulthum; composer Baligh Hamdi; lyricist Morsi Gamil Aziz. Maqam variants excluded from questions. Difficulty: Recall of albums, credited composers, musical collaborations, institutions or a less familiar artist attribute."
"073","7061f672f54a184564fa63b345b52ead8e84818683e20665a87339a5a4901d9d","song:aghadanalqak:composer","aghadan","yes","yes","yes","yes","Assistant reviewed Who composed Aghadan Alqak for Umm Kulthum? Answer: Mohammed Abdel Wahab. Arabic and English request the same attribute. Evidence: Publisher catalogue retrieved 2026-10-08: Umm Kulthum performs; Mohammed Abdel Wahab composes; Al Hadi Adam writes the poem. Difficulty: Recall of albums, credited composers, musical collaborations, institutions or a less familiar artist attribute."
"074","5cad9ce39a149b4e5d03f65388e40a9a5e868a9a6b30badcd87fb835c18037bc","song:yamsaharni:composer","yamsaharni","yes","yes","yes","yes","Assistant reviewed Who composed Umm Kulthum's Ya Msaharni? Answer: Sayed Mekawy. Arabic and English request the same attribute. Evidence: Publisher catalogue retrieved 2026-10-08 credits Umm Kulthum, Sayed Mekawy and Ahmed Rami as singer, composer and lyricist respectively. Malformed Arabic maqam metadata excluded. Difficulty: Recall of albums, credited composers, musical collaborations, institutions or a less familiar artist attribute."
"075","8dc976e06bc273cde1d9e5face4b7e697bdcfd9afa1f39347475838e57aedb05","song:tamallymaak:composer","tamallycredits","yes","yes","yes","yes","Assistant reviewed Who composed Amr Diab's Tamally Maak? Answer: Sherif Tag. Arabic and English request the same attribute. Evidence: Music review dated 2003-09-23 inspected 2026-10-08: performer Amr Diab, lyricist Ahmed Ali Moussa, composer Sherif Tag. No lyrics reproduced. Difficulty: Recall of albums, credited composers, musical collaborations, institutions or a less familiar artist attribute."
"076","3a5d9f4816148fb960c5b24011770bc20c6c5dd878b5b71618b4b9c0151b67fa","song:mashaer:composer","mashaer","yes","yes","yes","yes","Assistant reviewed Who composed Sherine Abdel Wahab's Mashaer? Answer: Mohamed Rahim. Arabic and English request the same attribute. Evidence: 2022 article inspected 2026-10-08 identifies Sherine Abdel Wahab, composer Mohamed Rahim and lyricist Ahmed Marzouk; Mashaer was the opening theme for Hekayet Hayah in 2013. Dynamic view counts excluded. Difficulty: Recall of albums, credited composers, musical collaborations, institutions or a less familiar artist attribute."
"077","36fb5a77bf9a95251f7dc975d2dae38478f0ad4a5b108cc2a998441ae9b28724","album:tamallymaak:year","tamallyalbum","yes","yes","yes","yes","Assistant reviewed In which year was Amr Diab's Tamally Maak album released, according to his official website? Answer: 2000. Arabic and English request the same attribute. Evidence: Artist's catalogue retrieved 2026-10-08: 2000 album, label Alam El Phan, lists El Alem Allah and Tamally Maak. Mislabelled number-of-discs field excluded. Difficulty: Recall of albums, credited composers, musical collaborations, institutions or a less familiar artist attribute."
"078","e82060c44a05934a3fbfd66fdfc86eadfc08f1bc7611fd35bf84dfe7ecbf4025","song:alatlal:poet","atlal","yes","yes","yes","yes","Assistant reviewed Which poet wrote Al Atlal, performed by Umm Kulthum? Answer: Ibrahim Nagi. Arabic and English request the same attribute. Evidence: Publisher catalogue retrieved 2026-10-08: singer Umm Kulthum; composer Riad Al Sunbati; poet Ibrahim Nagi. Difficulty: Recall of albums, credited composers, musical collaborations, institutions or a less familiar artist attribute."
"079","124409f4b66c57548da9fbc23d7d5b131bc3e74804249f91ba982728d86ebdfb","song:eishbeshoak:composer","eish","yes","yes","yes","yes","Assistant reviewed Who composed Tamer Hosny's Eish Beshoak? Answer: Bilal Sorour. Arabic and English request the same attribute. Evidence: Indexed recording description inspected 2026-10-08: performer Tamer Hosny; lyrics Mostafa Hassan; music Bilal Sorour; arrangements Bilal Sorour and Hany Mahrous. Primary credits resolve mistranslated press composer attribution. Difficulty: Recall of albums, credited composers, musical collaborations, institutions or a less familiar artist attribute."
"080","840bfc0bd6ca2bb2fd6b2d5ddfcc5e02b85f664de95df5e3ae3f69a7b32d3432","song:ahlahagafeeki:composer","ahlahaga","yes","yes","yes","yes","Assistant reviewed Who composed Mohamed Hamaki's Ahla Haga Feeki? Answer: Amr Mostafa. Arabic and English request the same attribute. Evidence: Music report inspected 2026-10-08: Mohamed Hamaki performs Ahla Haga Feeki on Kheles El Kalam; words Ayman Bahgat Amar; music Amr Mostafa; arrangement Tamim. Difficulty: Recall of albums, credited composers, musical collaborations, institutions or a less familiar artist attribute."
"081","cb9edecca4a6eba65be541428d813afd9d2f228b0f8a97a51307097f99d13a33","song:shagarellamoon:composer","shagar","yes","yes","yes","yes","Assistant reviewed Who composed Mohamed Mounir's Shagar El Lamoon? Answer: Ahmed Mounib. Arabic and English request the same attribute. Evidence: 2025 report inspected 2026-10-08: original song performed by Mohamed Mounir in 1981, words Abdel Rahim Mansour, music Ahmed Mounib, arrangement Yehia Khalil's band. A later video edit does not change original credits. Difficulty: Recall of albums, credited composers, musical collaborations, institutions or a less familiar artist attribute."
"082","e410c4700434c448648ae5c0ce21b037e611da895aa6ff369f05ba48b02920d2","song:yastar:composer","yastar","yes","yes","yes","yes","Assistant reviewed Who composed Hamaki's Ya Sattar? Answer: Mohamed Yehia. Arabic and English request the same attribute. Evidence: Music report inspected 2026-10-08: Hamaki's Ya Sattar released 2019; lyrics Ayman Bahgat Amar; music Mohamed Yehia; arrangement Touma. Dynamic view counts excluded. Difficulty: Recall of albums, credited composers, musical collaborations, institutions or a less familiar artist attribute."
"083","c04ef872312aed4f052dbae35cd7bfe5fa57e319fefdc9acf9f221c2a85f4f31","song:sidiwesalak:composer","sidi","yes","yes","yes","yes","Assistant reviewed Who composed Angham's Sidi Wesalak? Answer: Sherif Tag. Arabic and English request the same attribute. Evidence: Artist's concert remarks reported and inspected 2026-10-08: Angham acknowledges lyricist Ezzat El Gendi and composer Sherif Tag for Sidi Wesalak, director Ahmed El Mahdy for its video. Difficulty: Recall of albums, credited composers, musical collaborations, institutions or a less familiar artist attribute."
"084","3c31c06725c98d85ec9ccc56f5ec8db842461233973bef70cc48d87becfda9d0","song:dariyaalby:composer","dari","yes","yes","yes","yes","Assistant reviewed Who composed Hamza Namira's Dari Ya Alby? Answer: Hamza Namira. Arabic and English request the same attribute. Evidence: Indexed recording description inspected 2026-10-08: Hamza Namira performs and composes; words Mahmoud Farouk. Specific acoustic release credits used. Difficulty: Recall of albums, credited composers, musical collaborations, institutions or a less familiar artist attribute."
"085","c749857e2ec59cfbf10caf6e246fe4ee38b93a75b827a9cfe573bdfe99753248","song:noqtabeida:lyricist","noqta","yes","yes","yes","yes","Assistant reviewed Who wrote the lyrics of Cairokee's Noqta Beida? Answer: Amir Eid. Arabic and English request the same attribute. Evidence: Official indexed description inspected 2026-10-08: Cairokee featuring Abdelrahman Roshdy; words Amir Eid; composition/arrangement Cairokee; production/mixing Sherif Mostafa. Listed musicians: Sherif El Hawary guitar, Adam El Alfy bass, Tamer Hashem drums, Sherif Mostafa keyboards, Amir Eid vocals/guitar. Credits tied to this session, not assumed current lineup. Difficulty: Recall of albums, credited composers, musical collaborations, institutions or a less familiar artist attribute."
"086","fd80da5eda56e20d7fb327e144dc17281f24f3f329e24c04b9fcd8a5d6db29de","song:halakhasagedan:composer","hala","yes","yes","yes","yes","Assistant reviewed Who composed Angham's Hala Khasa Gedan? Answer: Aziz El Shafie. Arabic and English request the same attribute. Evidence: Verified label's indexed description inspected 2026-10-08: Angham performs; words Amir Teima; music Aziz El Shafie; arrangement Ahmed Ibrahim. No lyrics reproduced. Difficulty: Recall of albums, credited composers, musical collaborations, institutions or a less familiar artist attribute."
"087","ae70141e48821f593734dc6c366af9c6d42a2e62d437bc242d36e3e9e87fae36","song:ymkenkher:composer","ymken","yes","yes","yes","yes","Assistant reviewed Who composed Ramy Sabry's Ymken Kher? Answer: Ramy Sabry. Arabic and English request the same attribute. Evidence: Official artist channel's indexed description inspected 2026-10-08: singer and composer Ramy Sabry; words Ahmed Ali Moussa; arrangement/mix/master Tarek Tawakol. No inferred album-release date. Difficulty: Recall of albums, credited composers, musical collaborations, institutions or a less familiar artist attribute."
"088","cb60c9e0dee1b004ba6895d6fc5a35abf7cf19f845e288b85c39d29bf22e9616","song:nassay:composer","nassay","yes","yes","yes","yes","Assistant reviewed Who composed Sherine's Nassay? Answer: Tamer Ali. Arabic and English request the same attribute. Evidence: 2018 release report inspected 2026-10-08: Sherine performs Nassay; words Tamer Hussein; music Tamer Ali; arrangement Nabulsi; director Luca Coassin. Difficulty: Recall of albums, credited composers, musical collaborations, institutions or a less familiar artist attribute."
"089","9262e387464c5eeab8647327c57c781e47134293ee71c3e19a29571049490ce2","song:hobboganna:composer","hobbo","yes","yes","yes","yes","Assistant reviewed Who composed Sherine's Hobbo Ganna? Answer: Madian. Arabic and English request the same attribute. Evidence: 2019 release report inspected 2026-10-08: Sherine performs Hobbo Ganna; words Mohamed Atef; music Madian; arrangement Ahmed Ibrahim; album Nassay. Difficulty: Recall of albums, credited composers, musical collaborations, institutions or a less familiar artist attribute."
"090","d8f362e118772f71592e7be1b0eecb269df093f5c772d23dc5d51c2ae0e4967e","song:watarhassas:composer","watar","yes","yes","yes","yes","Assistant reviewed Who composed Sherine's El Watar El Hassas? Answer: Mohamed Rahim. Arabic and English request the same attribute. Evidence: 2018 music report inspected 2026-10-08: El Watar El Hassas performed by Sherine, words Saud Al Sharbatly, music Mohamed Rahim, arrangement Touma. Kadabeen words Ayman Bahgat Amar, music Khaled Ezz, arrangement Touma. No dynamic chart claims used. Difficulty: Recall of albums, credited composers, musical collaborations, institutions or a less familiar artist attribute."
"091","61330641e6db008cabd8ec9ea579ecf1cc2b4cdc9b7448194709eeb22eea506b","song:kadabeen:composer","watar","yes","yes","yes","yes","Assistant reviewed Who composed Sherine's Kadabeen? Answer: Khaled Ezz. Arabic and English request the same attribute. Evidence: 2018 music report inspected 2026-10-08: El Watar El Hassas performed by Sherine, words Saud Al Sharbatly, music Mohamed Rahim, arrangement Touma. Kadabeen words Ayman Bahgat Amar, music Khaled Ezz, arrangement Touma. No dynamic chart claims used. Difficulty: Recall of albums, credited composers, musical collaborations, institutions or a less familiar artist attribute."
"092","31b1eebe271ea761e4f5b24cae59b092f69601aadbcd2b62bcc58ce445c5db41","song:oloosamah:composer","oloosamah","yes","yes","yes","yes","Assistant reviewed Who composed Tamer Ashour's Oloolo Samah? Answer: Mostafa El Assal. Arabic and English request the same attribute. Evidence: 2019 music report inspected 2026-10-08: Tamer Ashour, words Ahmed El Malaky, music Mostafa El Assal; album Ayam. Arrangement credits differ between reports and are excluded. Difficulty: Recall of albums, credited composers, musical collaborations, institutions or a less familiar artist attribute."
"093","7e3ce6ed6b296494f171346124f358ca801b68867bebe31942e3fd42199e96bb","song:wasawasa:composer","wasa3","yes","yes","yes","yes","Assistant reviewed Who composed Ahmed Saad's Wasa Wasa? Answer: Ahmed Saad. Arabic and English request the same attribute. Evidence: 2022 music report inspected 2026-10-08: Ahmed Saad performs and composes; words credited jointly to Ahmed Saad and Mostafa Hadouta; arrangement Ehab KloBex; video director Islam Hisham. No lyricist question retained because some reports omit the joint credit. Difficulty: Recall of albums, credited composers, musical collaborations, institutions or a less familiar artist attribute."
"094","903656012ccb1ce41b9f9c67242927c45e6995e74c0ce552582aed0025dd9587","song:qareatelfengan:composer","qareat","yes","yes","yes","yes","Assistant reviewed Who composed Qareat El Fengan for Abdel Halim Hafez? Answer: Mohamed El Mougy. Arabic and English request the same attribute. Evidence: Publisher catalogue retrieved 2026-10-08: Abdel Halim Hafez performs; music Mohamed El Mougy; poem Nizar Qabbani. Difficulty: Recall of albums, credited composers, musical collaborations, institutions or a less familiar artist attribute."
"095","272549d9c9d2b2f12ae386c937358ab75082c8935c9a4b6ae6c5bb765d068a65","song:ganaelhawa:composer","ganahawa","yes","yes","yes","yes","Assistant reviewed Who composed Abdel Halim Hafez's Gana El Hawa? Answer: Baligh Hamdi. Arabic and English request the same attribute. Evidence: Page title Gana El Hawa, despite mistranslated URL. Publisher catalogue retrieved 2026-10-08 credits Abdel Halim Hafez, Baligh Hamdi and Mohamed Hamza as performer, composer and lyricist. Difficulty: Recall of albums, credited composers, musical collaborations, institutions or a less familiar artist attribute."
"096","f71ae6a53bfb3fdb34478d5fb7578a2652b4815be65e61bda94a6cad4a6f0b89","song:oyounelalb:composer","oyoun","yes","yes","yes","yes","Assistant reviewed Who composed Nagat El Saghira's Oyoun El Alb? Answer: Mohamed El Mougy. Arabic and English request the same attribute. Evidence: Publisher catalogue retrieved 2026-10-08: Nagat El Saghira performs; music Mohamed El Mougy; words Abdel Rahman El Abnoudi. Difficulty: Recall of albums, credited composers, musical collaborations, institutions or a less familiar artist attribute."
"097","723e0920b1b316cb0662759d18f1b35d0224f5529d628fc4ad2b60bab62be422","song:yahabibtiyamasr:composer","yamasr","yes","yes","yes","yes","Assistant reviewed Who composed Shadia's Ya Habibti Ya Masr? Answer: Baligh Hamdi. Arabic and English request the same attribute. Evidence: Publisher catalogue retrieved 2026-10-08: Shadia performs; music Baligh Hamdi; words Mohamed Hamza. Difficulty: Recall of albums, credited composers, musical collaborations, institutions or a less familiar artist attribute."
"098","02927253f7552e526468411ee64b1fa46ddb6b0d3087dd2b947a8e9919bae6cb","song:sawah:composer","sawah","yes","yes","yes","yes","Assistant reviewed Who composed Abdel Halim Hafez's Sawwah? Answer: Baligh Hamdi. Arabic and English request the same attribute. Evidence: Publisher catalogue inspected 2026-10-08: Abdel Halim Hafez performs; music Baligh Hamdi; words Mohamed Hamza. Difficulty: Recall of albums, credited composers, musical collaborations, institutions or a less familiar artist attribute."
"099","930d3cdac5021bb943c87fb5dbcc585ac5ce0c68854c4d42744ec3fb1b951dd4","song:ahwak:composer","ahwak","yes","yes","yes","yes","Assistant reviewed Who composed Abdel Halim Hafez's Ahwak? Answer: Mohammed Abdel Wahab. Arabic and English request the same attribute. Evidence: Artist interview inspected 2026-10-08 explicitly attributes original Ahwak to Abdel Halim Hafez, lyrics Hussein El Sayed and music Mohammed Abdel Wahab. The report's conflicting film-year detail is excluded. Difficulty: Recall of albums, credited composers, musical collaborations, institutions or a less familiar artist attribute."
"100","9a08b528314a61396f2f2ef648684de981818709824c6f2eb3a50367fbdf99c8","song:resalamen:composer","resala","yes","yes","yes","yes","Assistant reviewed Who composed Resala Men Taht El Maa for Abdel Halim Hafez? Answer: Mohamed El Mougy. Arabic and English request the same attribute. Evidence: Official artist channel's indexed licensed recording metadata inspected 2026-10-08: performer Abdel Halim Hafez, lyricist Nizar Qabbani, composer Mohamed El Mougy. No upload-date inference. Difficulty: Recall of albums, credited composers, musical collaborations, institutions or a less familiar artist attribute."
"101","42fedb23d90b80c6adaee134f0e9ea9bcc73f899a17cc6dbc6925b5971fb1789","song:setelhabayeb:composer","sethabayeb","yes","yes","yes","yes","Assistant reviewed Who composed Set El Habayeb, famously recorded by Fayza Ahmed? Answer: Mohammed Abdel Wahab. Arabic and English request the same attribute. Evidence: Music-history article inspected 2026-10-08 identifies Fayza Ahmed's celebrated recording, composer Mohammed Abdel Wahab and lyricist Hussein El Sayed. Wording avoids claiming she made the first broadcast, which the source attributes to the composer. Difficulty: Recall of albums, credited composers, musical collaborations, institutions or a less familiar artist attribute."
"102","fe4f095ce5fadd9b27a3f278bfb785cec530717885c131c824bad49c4657a16e","song:qalbidalili:composer","qalbidalili","yes","yes","yes","yes","Assistant reviewed Who composed Leila Mourad's Ana Albi Dalili? Answer: Mohamed El Qasabgi. Arabic and English request the same attribute. Evidence: Publisher catalogue inspected 2026-10-08 identifies Leila Mourad and Mohamed El Qasabgi. Its Arabic lyricist name is misspelled; therefore no writer question is sourced to this entry. Difficulty: Recall of albums, credited composers, musical collaborations, institutions or a less familiar artist attribute."
"103","6123e3f07e6fc2dc222b8bfd0b05ef8dcfc921cb079902e64a14748d6dad26a8","song:shahatelgharam:composer","shahat","yes","yes","yes","yes","Assistant reviewed Who composed Mohammed Fawzi and Leila Mourad's Shahat El Gharam duet? Answer: Mohammed Fawzi. Arabic and English request the same attribute. Evidence: 2024 Opera programme report inspected 2026-10-08: original Shahat El Gharam duet Mohammed Fawzi and Leila Mourad, composer Mohammed Fawzi, words Badi Khairi. Distinguishes originals from Ali El Haggar and Nadia Mostafa's revival. Difficulty: Recall of albums, credited composers, musical collaborations, institutions or a less familiar artist attribute."
"104","70c6deaa31466e3719113175178b4d5cef8aa42fc36bdbef511addad015ec7ec","song:algondol:poet","gondol","yes","yes","yes","yes","Assistant reviewed Which Egyptian poet wrote Al Gondol, performed by Mohammed Abdel Wahab? Answer: Ali Mahmoud Taha. Arabic and English request the same attribute. Evidence: Official indexed biography inspected 2026-10-08: poet Ali Mahmoud Taha wrote Al Gondol after visiting Venice and its annual celebration in summer 1938; Mohammed Abdel Wahab sang it. Unverified composer/date details not used. Difficulty: Recall of albums, credited composers, musical collaborations, institutions or a less familiar artist attribute."
"105","bfe4fea8c710af9df5511ffd58cd509a66f098babe39abb0abfaccc2537fd1f6","song:anabastannak:composer","bastannak","yes","yes","yes","yes","Assistant reviewed Who composed Nagat El Saghira's Ana Bastannak? Answer: Baligh Hamdi. Arabic and English request the same attribute. Evidence: Music-history report inspected 2026-10-08 confirms Baligh Hamdi's collaboration with Nagat on Ana Bastannak. Only performer and composer used from this source. Difficulty: Recall of albums, credited composers, musical collaborations, institutions or a less familiar artist attribute."
"106","43d3997c2ea139239cda8dc0ab761a17bb87b242173d577a8512d53d4f017a69","song:elzeinwelzeina:arranger","zein","yes","yes","yes","yes","Assistant reviewed Who arranged Ali El Haggar's El Zein Wel Zeina? Answer: Hamid Al Shaeri. Arabic and English request the same attribute. Evidence: Artist states that Hamid Al Shaeri identified the melody as Libyan heritage; Hamid arranged the wedding song and Nabil Khalaf wrote it. Retrieved/indexed 2026-10-08; not an original composition attribution to the arranger. Difficulty: Recall of albums, credited composers, musical collaborations, institutions or a less familiar artist attribute."
"107","a5f1354d074a5c46866ed54c0c8c7080eaaacfa1257c5e7087fbff2c03586b12","song:saaf:composer","saaf","yes","yes","yes","yes","Assistant reviewed Who composed Ramy Gamal's Saaf? Answer: Bilal Sorour. Arabic and English request the same attribute. Evidence: Retrieved 2026-10-08: Ramy Gamal sings; Mostafa Hassan wrote; Bilal Sorour composed; Touma arranged. Official release through Nogoum Records. Difficulty: Recall of albums, credited composers, musical collaborations, institutions or a less familiar artist attribute."
"108","da39b87edd3766468539dbf8ff7774d2c944146f491fa88c72d691dbe2b9f449","song:analawhabibak:composer","fouadhits","yes","yes","yes","yes","Assistant reviewed Who composed Mohamed Fouad's Ana Law Habibak? Answer: Walid Saad. Arabic and English request the same attribute. Evidence: Indexed 2026-10-08: Ana Law Habibak Mostafa Morsi/Walid Saad; Kamannana in Ismailia Rayeh Gay by Antar Hilal/Riad El Hamshary; 1998 El Hob El Haqiqi by Mostafa Kamel/Essam Ismail; Fakrak Ya Nasini by Ahmed Sheta/Salah El Sharnouby. All performed by Mohamed Fouad. Difficulty: Recall of albums, credited composers, musical collaborations, institutions or a less familiar artist attribute."
"109","9f3e4a6e45a95eb5b332da7b9f6cb6ce28dd7f6f55248d95f6b42eaaf3c16d84","song:fadyshewaya:album","fady","yes","yes","yes","yes","Assistant reviewed On which Hamza Namira album was Fady Shewaya released? Answer: Mawlood Sanat 80. Arabic and English request the same attribute. Evidence: Retrieved/indexed 2026-10-08: Hamza Namira sings and composes; Khalil Ezz El Din writes; album Mawlood Sanat 80; arrangement Karim Abdel Wahab; guitar Mostafa Aslan. No changing view-count question used. Difficulty: Recall of albums, credited composers, musical collaborations, institutions or a less familiar artist attribute."
"110","0e5214e4646fe6bfbef89dc9422e422cb8484fc7261f98c67ea3e9409bc300f0","song:ananegm:album","ananegm","yes","yes","yes","yes","Assistant reviewed What is the title of Cairokee's 2022 album containing Ana Negm? Answer: Roma. Arabic and English request the same attribute. Evidence: Indexed official release metadata 2026-10-08: Cairokee; Roma; released 2022-09-23; mastered by Randy Merrill. No inferred writer or composer from performer names. Difficulty: Recall of albums, credited composers, musical collaborations, institutions or a less familiar artist attribute."
"111","9534d10d1809a648c40232a441bf984097b52e170a649417f1ed84f92103b15d","song:monaya:composer","monaya","yes","yes","yes","yes","Assistant reviewed Who composed Moustafa Amar's Monaya? Answer: Amr Mostafa. Arabic and English request the same attribute. Evidence: Official description indexed 2026-10-08: Moustafa Amar performs; Amir Teima writes; Amr Mostafa composes; Tarek Madkour arranges. Direct fetch unavailable; index evidence retained. Difficulty: Recall of albums, credited composers, musical collaborations, institutions or a less familiar artist attribute."
"112","a35267380f97bc6d18ba19efd2c71a7eca911d4c4cf7785e38a793b24c77527c","song:betwanesbeek:composer","betwanes","yes","yes","yes","yes","Assistant reviewed Who composed Warda's Betwanes Beek? Answer: Salah El Sharnouby. Arabic and English request the same attribute. Evidence: Retrieved 2026-10-08: Warda sings; Omar Batisha wrote; Salah El Sharnouby composed; Tarek Akef arranged. Discarded an incorrect remembered writer attribution. Difficulty: Recall of albums, credited composers, musical collaborations, institutions or a less familiar artist attribute."
"113","abdd2cf99caa919e97a2ba2b21fde4bae3cefe21a3ef083b5a23fb32a959ef8e","song:leilynahary:composer","leily","yes","yes","yes","yes","Assistant reviewed Who composed Amr Diab's Leily Nahary? Answer: Amr Mostafa. Arabic and English request the same attribute. Evidence: Official description indexed 2026-10-08: Amr Diab performs; Khaled Tag El Din writes; Amr Mostafa composes; Nader Hamdy arranges. Upload date is not treated as original release date. Difficulty: Recall of albums, credited composers, musical collaborations, institutions or a less familiar artist attribute."
"114","8740965b85eaebe44bc8aebeaf50a89951bd955fe954b82a4d9247aa1cfec8c7","song:wemalo:composer","wemalo","yes","yes","yes","yes","Assistant reviewed Who composed Amr Diab's We Malo? Answer: Amr Mostafa. Arabic and English request the same attribute. Evidence: Official description indexed 2026-10-08: Amr Diab performs; Khaled Tag El Din writes; Amr Mostafa composes; Tarek Madkour arranges. Difficulty: Recall of albums, credited composers, musical collaborations, institutions or a less familiar artist attribute."
"115","af0f94e53eae467c7704fe00128c8160cd3f0421e3ed720d0bf420bd5e5462d6","song:amarain:composer","amarain","yes","yes","yes","yes","Assistant reviewed Who composed Amr Diab's Amarain? Answer: Sherif Tag. Arabic and English request the same attribute. Evidence: Retrieved/indexed 2026-10-08: Amr Diab sings Amarain; Mohamed Refai writes; Sherif Tag composes; Tarek Madkour arranges. Family-dedication claims not used. Difficulty: Recall of albums, credited composers, musical collaborations, institutions or a less familiar artist attribute."
"116","f149c4aded36d3258021f482462efa714a872d8ba87982cf3a6db0a0a5c53699","song:kamannana:film","fouadhits","yes","yes","yes","yes","Assistant reviewed In which film did Mohamed Fouad perform Kamannana? Answer: Ismailia Rayeh Gay. Arabic and English request the same attribute. Evidence: Indexed 2026-10-08: Ana Law Habibak Mostafa Morsi/Walid Saad; Kamannana in Ismailia Rayeh Gay by Antar Hilal/Riad El Hamshary; 1998 El Hob El Haqiqi by Mostafa Kamel/Essam Ismail; Fakrak Ya Nasini by Ahmed Sheta/Salah El Sharnouby. All performed by Mohamed Fouad. Difficulty: Recall of albums, credited composers, musical collaborations, institutions or a less familiar artist attribute."
"117","ef85169a281f35515afd8f615fcd150c204a2422c4b0f0c05c487ff3c266069e","song:elhobelhaqiqi:composer","fouadhits","yes","yes","yes","yes","Assistant reviewed Who composed Mohamed Fouad's 1998 song El Hob El Haqiqi? Answer: Essam Ismail. Arabic and English request the same attribute. Evidence: Indexed 2026-10-08: Ana Law Habibak Mostafa Morsi/Walid Saad; Kamannana in Ismailia Rayeh Gay by Antar Hilal/Riad El Hamshary; 1998 El Hob El Haqiqi by Mostafa Kamel/Essam Ismail; Fakrak Ya Nasini by Ahmed Sheta/Salah El Sharnouby. All performed by Mohamed Fouad. Difficulty: Recall of albums, credited composers, musical collaborations, institutions or a less familiar artist attribute."
"118","8bb2459cdcb13bca552377d5d9c62130718f7dda31fb23dee97c61afa81530df","song:fakrakyanasini:composer","fouadhits","yes","yes","yes","yes","Assistant reviewed Who composed Mohamed Fouad's Fakrak Ya Nasini? Answer: Salah El Sharnouby. Arabic and English request the same attribute. Evidence: Indexed 2026-10-08: Ana Law Habibak Mostafa Morsi/Walid Saad; Kamannana in Ismailia Rayeh Gay by Antar Hilal/Riad El Hamshary; 1998 El Hob El Haqiqi by Mostafa Kamel/Essam Ismail; Fakrak Ya Nasini by Ahmed Sheta/Salah El Sharnouby. All performed by Mohamed Fouad. Difficulty: Recall of albums, credited composers, musical collaborations, institutions or a less familiar artist attribute."
"119","2f6d31b20eb3a8210de6409c31140e0765828bd12f7f3804f23277c5adf208f8","artist:abdelhalim:radioinstrument","halimhistory","yes","yes","yes","yes","Assistant reviewed Which instrument did Abdel Halim Hafez play in the radio orchestra before becoming famous as a singer? Answer: Oboe. Arabic and English request the same attribute. Evidence: Official indexed release 2026-10-08: Brown Nightingale; Al Helwat in Sharqia; radio oboist; broadcaster Hafez Abdel Wahab supplied his stage surname; Liqaa words Salah Abdel Sabour/music Kamal El Tawil. Conflicting graduation chronology not used. Difficulty: Recall of albums, credited composers, musical collaborations, institutions or a less familiar artist attribute."
"120","d1f5806f4031859e6efc6eff01214066b5bbc42436b17c36a9b8240db20ebeed","song:resalamen:poet","resala","yes","yes","yes","yes","Assistant reviewed Who wrote Resala Men Taht El Maa, performed by Abdel Halim Hafez? Answer: Nizar Qabbani. Arabic and English request the same attribute. Evidence: Official artist channel's indexed licensed recording metadata inspected 2026-10-08: performer Abdel Halim Hafez, lyricist Nizar Qabbani, composer Mohamed El Mougy. No upload-date inference. Difficulty: Recall of albums, credited composers, musical collaborations, institutions or a less familiar artist attribute."
"121","ef36cb23ce2d14b3d8a03194f5db1c6422ddf905785af690653da42a3144a816","artist:abdelwahab:firstfilm","wahabhistory","yes","yes","yes","yes","Assistant reviewed What was Mohammed Abdel Wahab's first starring musical film? Answer: Al Warda Al Beida. Arabic and English request the same attribute. Evidence: Official indexed biography 2026-10-08: Ahmed Shawqi mentored him; first Shawqi song he composed and sang was Shabakty Albi Ya Eini; first musical starring film Al Warda Al Beida. Conflicting birth year not used. Difficulty: Recall of albums, credited composers, musical collaborations, institutions or a less familiar artist attribute."
"122","b98cd8d3144fde75e54dafae6c38cf2816a7e4b7e605a353d1bcb01fad21067e","artist:abdelwahab:poetmentor","wahabhistory","yes","yes","yes","yes","Assistant reviewed Which poet mentored Mohammed Abdel Wahab and helped develop his cultural education? Answer: Ahmed Shawqi. Arabic and English request the same attribute. Evidence: Official indexed biography 2026-10-08: Ahmed Shawqi mentored him; first Shawqi song he composed and sang was Shabakty Albi Ya Eini; first musical starring film Al Warda Al Beida. Conflicting birth year not used. Difficulty: Recall of albums, credited composers, musical collaborations, institutions or a less familiar artist attribute."
"123","35330f72c39e351c93b12ac45cf24bb841f585bf20d76a29eb1d5b140edd5902","artist:ummkulthum:firstfilm","ummhistory","yes","yes","yes","yes","Assistant reviewed What was Umm Kulthum's first starring film? Answer: Wedad. Arabic and English request the same attribute. Evidence: Official indexed biography 2026-10-08: Star of the East; first starring film Wedad 1936 and last Fatma 1947. Difficulty: Recall of albums, credited composers, musical collaborations, institutions or a less familiar artist attribute."
"124","83782d7e5bcb19273c2585cc6a44cc8c5c9b5da4867c91207e3392109411b9da","artist:ummkulthum:lastfilm","ummhistory","yes","yes","yes","yes","Assistant reviewed What was Umm Kulthum's last starring film? Answer: Fatma. Arabic and English request the same attribute. Evidence: Official indexed biography 2026-10-08: Star of the East; first starring film Wedad 1936 and last Fatma 1947. Difficulty: Recall of albums, credited composers, musical collaborations, institutions or a less familiar artist attribute."
"125","eed94d1b912e352c001e8d400b6ba69fc6169032211b7aec3ad82b40d6af3723","venue:arabsinginghouse:palace","singinghouse","yes","yes","yes","yes","Assistant reviewed In which Cairo palace is the House of Arabic Singing located? Answer: Prince Bashtak Palace. Arabic and English request the same attribute. Evidence: Official indexed venue page 2026-10-08: House of Arabic Singing is in Prince Bashtak Palace, historic Cairo. Difficulty: Recall of albums, credited composers, musical collaborations, institutions or a less familiar artist attribute."
"126","8cc1a8589e2c4c7605e4fcf05ce1cf216ea33bfc15b679298744e02d7c87eea6","label:misrphone:founder","fawzilabel","yes","yes","yes","yes","Assistant reviewed Which Egyptian singer and composer founded the Misrphone record company? Answer: Mohammed Fawzi. Arabic and English request the same attribute. Evidence: Official indexed release 2026-10-08: singer/composer Mohammed Fawzi founded Misrphone to produce records. No uncertain nationalisation date used. Difficulty: Recall of albums, credited composers, musical collaborations, institutions or a less familiar artist attribute."
"127","240f1e63d8b60963e641c90cd788195d41382c3d9b43516c92354cf6df66d9a1","operetta:elleilaelkebira:composer","leilak","yes","yes","yes","yes","Assistant reviewed Who composed the puppet operetta El Leila El Kebira? Answer: Sayed Mekawy. Arabic and English request the same attribute. Evidence: Official programme indexed 2026-10-08: El Leila El Kebira puppet operetta; composer Sayed Mekawy; words Salah Jahin; puppets Nagy Shaker; director Salah El Sakka. Difficulty: Recall of albums, credited composers, musical collaborations, institutions or a less familiar artist attribute."
"128","c9ec550bd2e462634962ca9663e142045829c3a577aee8326ecaf1e95d2c441d","song:yahlowsabbah:composer","nouiraprog","yes","yes","yes","yes","Assistant reviewed Who composed the classic song Ya Helw Sabbah? Answer: Mohammed El Mougy. Arabic and English request the same attribute. Evidence: Retrieved 2026-10-08: Ya Helw Sabbah words Morsi Gamil Aziz/music Mohammed El Mougy; Shad El Hezam words Badi Khairi/music Sayed Darwish; Emta Htearaf words Mamoun El Shenawy/music Mohammed El Qasabgi; Ghareeb Ya Zaman words Omar Batisha/music Mohammed Sultan. Modern concert performers not treated as original singers. Difficulty: Recall of albums, credited composers, musical collaborations, institutions or a less familiar artist attribute."
"129","c4b65a28c532b06027f49d7a6368dab3b6cd79fe87d68b70c693faec895a6204","artist:hassanabousoud:instrument","hassanbio","yes","yes","yes","yes","Assistant reviewed Which instrument was Hassan Abu El Soud known for playing before his wider fame as a composer? Answer: Accordion. Arabic and English request the same attribute. Evidence: Indexed broadcaster biography 2026-10-08: accordion was his chosen instrument; father played clarinet. Film credits available but not numerical lifetime totals. Difficulty: Recall of albums, credited composers, musical collaborations, institutions or a less familiar artist attribute."
"130","4a95ba17f65675a40c2945129a2736eb6f243d25f3e500dce0dc4d5508d2e4d6","song:yamestaagelferaqi:composer","tharwat","yes","yes","yes","yes","Assistant reviewed Who both composed and arranged Mohamed Tharwat's Ya Mestaagel Feraqi? Answer: Mohammed Rahim. Arabic and English request the same attribute. Evidence: Indexed 2026-10-08: Mohamed Tharwat performs; Tamer Hussein writes; Mohammed Rahim both composes and arranges. No changing view-count question used. Difficulty: Recall of albums, credited composers, musical collaborations, institutions or a less familiar artist attribute."
"131","97aed8518b5b8268fced081c2dafde4975013f534642b42234d1c425179b3d18","song:seketelsalama:composer","seketsalama","yes","yes","yes","yes","Assistant reviewed Who composed Amal Maher's Seket El Salama? Answer: Walid Saad. Arabic and English request the same attribute. Evidence: Indexed 2026-10-08: Amal Maher performs Seket El Salama on Welad El Naharda; Walid Saad composed it. Album review distinguishes her original repertoire from Umm Kulthum covers. Difficulty: Recall of albums, credited composers, musical collaborations, institutions or a less familiar artist attribute."
"132","93054726fd76be93e0d7e4263b4d992e90352e84e5f8f088d08b0c4f986325a5","song:mnalbibaghany:composer","mnalbi","yes","yes","yes","yes","Assistant reviewed Who composed Mohamed Hamaki's Mn Albi Baghany? Answer: Ahmed Salah Hosny. Arabic and English request the same attribute. Evidence: Indexed 2026-10-08: Mohamed Hamaki performs title track Mn Albi Baghany; Amir Teima writes; Ahmed Salah Hosny composes; Tamim arranges. Name misspelling in press excerpt checked against recording credits. Difficulty: Recall of albums, credited composers, musical collaborations, institutions or a less familiar artist attribute."
"133","51c07ce9fe58be99547bad8370c27fd21e9db9e43c925ebe151a4fe56d6d299f","song:elbakht:producer","elbakht","yes","yes","yes","yes","Assistant reviewed Who produced the music for Wegz's 2022 recording of El Bakht? Answer: Rahal. Arabic and English request the same attribute. Evidence: Official description indexed 2026-10-08: performed/written by Wegz; music produced by Rahal; recorded/mixed/mastered by Nader Soliman at Vinyl Studios; released 2022-02-26. No lyrics reproduced. Difficulty: Recall of albums, credited composers, musical collaborations, institutions or a less familiar artist attribute."
"134","d0dcb4021a27e10f3d162ba39d3da1d29b7d6a8ea25e4df3a41d867ac3e05189","song:monaya:reversefilming","monayainterview","yes","yes","yes","yes","Assistant reviewed According to Moustafa Amar, why did he have to sing Monaya backwards during the video shoot? Answer: Because the video's events run backwards. Arabic and English request the same attribute. Evidence: Indexed 2026-10-08: performer explains singing Monaya backwards because events in the music video run backwards. One production fact asked once. Difficulty: Recall of albums, credited composers, musical collaborations, institutions or a less familiar artist attribute."
"135","c9c352ace995d7d2949404b0c8ed82328fb6c7f0fd36193044b7d21bb9aba553","operetta:elleilaelkebira:lyricist","leilak","yes","yes","yes","yes","Assistant reviewed Who wrote the lyrics of El Leila El Kebira? Answer: Salah Jahin. Arabic and English request the same attribute. Evidence: Official programme indexed 2026-10-08: El Leila El Kebira puppet operetta; composer Sayed Mekawy; words Salah Jahin; puppets Nagy Shaker; director Salah El Sakka. Difficulty: Recall of albums, credited composers, musical collaborations, institutions or a less familiar artist attribute."
"136","b336dcdc44067cfc8767936483f8a9fffb68c7d36aac27d6733d53bdd427c9e4","song:anaalbiileikmayyal:composer","fayzahits","yes","yes","yes","yes","Assistant reviewed Who composed Fayza Ahmed's Ana Albi Ileik Mayyal? Answer: Mohammed El Mougy. Arabic and English request the same attribute. Evidence: Indexed 2026-10-08: composer Mohammed El Mougy composed Ana Albi Ileik Mayyal and Yama El Qamar Al Bab for Fayza Ahmed. Performer/composer only; no speculative private-life interpretation. Difficulty: Recall of albums, credited composers, musical collaborations, institutions or a less familiar artist attribute."
"137","aed41ce5583302a54560a58dc1a60ac986c16e14cc4106c563f837cc671b23d2","song:entaomri:lyricist","entomri","yes","yes","yes","yes","Assistant reviewed Who wrote the lyrics of Umm Kulthum's Enta Omri? Answer: Ahmed Shafiq Kamel. Arabic and English request the same attribute. Evidence: Publisher catalogue inspected 2026-10-08: Umm Kulthum performs; music Mohammed Abdel Wahab; words Ahmed Shafiq Kamel. Only credits used; no lyrics reproduced. Difficulty: Specialist recall of lyricists, arrangers, orchestral works, historical credits or a precisely dated musical event."
"138","a12afd864fa55d9c35d2f91f759a958b2a0b522a6a8d5e2182b7824137f9433b","song:alflayla:lyricist","alflayla","yes","yes","yes","yes","Assistant reviewed Who wrote the lyrics of Alf Leila Wa Leila for Umm Kulthum? Answer: Morsi Gamil Aziz. Arabic and English request the same attribute. Evidence: Publisher catalogue retrieved 2026-10-08: singer Umm Kulthum; composer Baligh Hamdi; lyricist Morsi Gamil Aziz. Maqam variants excluded from questions. Difficulty: Specialist recall of lyricists, arrangers, orchestral works, historical credits or a precisely dated musical event."
"139","6dd1066da513cabc333a355843b0deb532a1b66c89c4642bcde4749c3cef0fcf","song:siretelhob:lyricist","siret","yes","yes","yes","yes","Assistant reviewed Who wrote the lyrics of Umm Kulthum's Siret El Hob? Answer: Morsi Gamil Aziz. Arabic and English request the same attribute. Evidence: Page title is Siret El Hob despite shortened URL. Catalogue retrieved 2026-10-08: Umm Kulthum, Baligh Hamdi and Morsi Gamil Aziz credited as performer, composer and lyricist. Difficulty: Specialist recall of lyricists, arrangers, orchestral works, historical credits or a precisely dated musical event."
"140","2410a1f0a80903e6852accaedfbd8acef28763213dab226c9ddbab115acf257a","song:aghadanalqak:lyricist","aghadan","yes","yes","yes","yes","Assistant reviewed Which poet wrote Aghadan Alqak, performed by Umm Kulthum? Answer: Al Hadi Adam. Arabic and English request the same attribute. Evidence: Publisher catalogue retrieved 2026-10-08: Umm Kulthum performs; Mohammed Abdel Wahab composes; Al Hadi Adam writes the poem. Difficulty: Specialist recall of lyricists, arrangers, orchestral works, historical credits or a precisely dated musical event."
"141","1fbabc5fc750ff47821c29d689b3455a812f33861c917f989fffa4ffb683aabf","song:yamsaharni:lyricist","yamsaharni","yes","yes","yes","yes","Assistant reviewed Who wrote the lyrics of Umm Kulthum's Ya Msaharni? Answer: Ahmed Rami. Arabic and English request the same attribute. Evidence: Publisher catalogue retrieved 2026-10-08 credits Umm Kulthum, Sayed Mekawy and Ahmed Rami as singer, composer and lyricist respectively. Malformed Arabic maqam metadata excluded. Difficulty: Specialist recall of lyricists, arrangers, orchestral works, historical credits or a precisely dated musical event."
"142","739741ceaf80a7fd2c432fb0aae871137a52afff31da084b419a11fb1fd486b5","song:tamallymaak:lyricist","tamallycredits","yes","yes","yes","yes","Assistant reviewed Who wrote the lyrics of Amr Diab's Tamally Maak? Answer: Ahmed Ali Moussa. Arabic and English request the same attribute. Evidence: Music review dated 2003-09-23 inspected 2026-10-08: performer Amr Diab, lyricist Ahmed Ali Moussa, composer Sherif Tag. No lyrics reproduced. Difficulty: Specialist recall of lyricists, arrangers, orchestral works, historical credits or a precisely dated musical event."
"143","98f10e22900b1bf62994502dcaec3200b9abfa076539664c2165c230d522053a","song:mashaer:lyricist","mashaer","yes","yes","yes","yes","Assistant reviewed Who wrote the lyrics of Sherine Abdel Wahab's Mashaer? Answer: Ahmed Marzouk. Arabic and English request the same attribute. Evidence: 2022 article inspected 2026-10-08 identifies Sherine Abdel Wahab, composer Mohamed Rahim and lyricist Ahmed Marzouk; Mashaer was the opening theme for Hekayet Hayah in 2013. Dynamic view counts excluded. Difficulty: Specialist recall of lyricists, arrangers, orchestral works, historical credits or a precisely dated musical event."
"144","d6e35407041a4114a294a1079cbe184f750a1b4aa1b4c316f7f690f5c5a2e34f","song:eishbeshoak:lyricist","eish","yes","yes","yes","yes","Assistant reviewed Who wrote the lyrics of Tamer Hosny's Eish Beshoak? Answer: Mostafa Hassan. Arabic and English request the same attribute. Evidence: Indexed recording description inspected 2026-10-08: performer Tamer Hosny; lyrics Mostafa Hassan; music Bilal Sorour; arrangements Bilal Sorour and Hany Mahrous. Primary credits resolve mistranslated press composer attribution. Difficulty: Specialist recall of lyricists, arrangers, orchestral works, historical credits or a precisely dated musical event."
"145","1531d56906a06ef40486974781c00a197b52fe7888badb60bd652f323cbc720d","song:ahlahagafeeki:lyricist","ahlahaga","yes","yes","yes","yes","Assistant reviewed Who wrote the lyrics of Mohamed Hamaki's Ahla Haga Feeki? Answer: Ayman Bahgat Amar. Arabic and English request the same attribute. Evidence: Music report inspected 2026-10-08: Mohamed Hamaki performs Ahla Haga Feeki on Kheles El Kalam; words Ayman Bahgat Amar; music Amr Mostafa; arrangement Tamim. Difficulty: Specialist recall of lyricists, arrangers, orchestral works, historical credits or a precisely dated musical event."
"146","62bf15083bbacdcf12f2b3f6003aacbfe9b7e050c7e3888c56cfdfe5b8485155","song:shagarellamoon:lyricist","shagar","yes","yes","yes","yes","Assistant reviewed Who wrote the lyrics of Mohamed Mounir's Shagar El Lamoon? Answer: Abdel Rahim Mansour. Arabic and English request the same attribute. Evidence: 2025 report inspected 2026-10-08: original song performed by Mohamed Mounir in 1981, words Abdel Rahim Mansour, music Ahmed Mounib, arrangement Yehia Khalil's band. A later video edit does not change original credits. Difficulty: Specialist recall of lyricists, arrangers, orchestral works, historical credits or a precisely dated musical event."
"147","fa7467794f8d6023992514633ff0608216ea37e7474b96fb68b1832b46692581","song:yastar:lyricist","yastar","yes","yes","yes","yes","Assistant reviewed Who wrote the lyrics of Hamaki's Ya Sattar? Answer: Ayman Bahgat Amar. Arabic and English request the same attribute. Evidence: Music report inspected 2026-10-08: Hamaki's Ya Sattar released 2019; lyrics Ayman Bahgat Amar; music Mohamed Yehia; arrangement Touma. Dynamic view counts excluded. Difficulty: Specialist recall of lyricists, arrangers, orchestral works, historical credits or a precisely dated musical event."
"148","7294d798f77f89127880ac2dc0dc23057f1f6b2d7e4d3552789c338264353064","song:sidiwesalak:lyricist","sidi","yes","yes","yes","yes","Assistant reviewed Who wrote the lyrics of Angham's Sidi Wesalak? Answer: Ezzat El Gendi. Arabic and English request the same attribute. Evidence: Artist's concert remarks reported and inspected 2026-10-08: Angham acknowledges lyricist Ezzat El Gendi and composer Sherif Tag for Sidi Wesalak, director Ahmed El Mahdy for its video. Difficulty: Specialist recall of lyricists, arrangers, orchestral works, historical credits or a precisely dated musical event."
"149","05e27b3657a12a2da91644dacc9f39b1f90d6c045c7c846364e48a618518210f","song:dariyaalby:lyricist","dari","yes","yes","yes","yes","Assistant reviewed Who wrote the lyrics of Hamza Namira's Dari Ya Alby? Answer: Mahmoud Farouk. Arabic and English request the same attribute. Evidence: Indexed recording description inspected 2026-10-08: Hamza Namira performs and composes; words Mahmoud Farouk. Specific acoustic release credits used. Difficulty: Specialist recall of lyricists, arrangers, orchestral works, historical credits or a precisely dated musical event."
"150","32384a9326993d00f72caf8be3f520dd0260bb48fdb7d66ff2071f2095c0f753","song:noqtabeida:producer","noqta","yes","yes","yes","yes","Assistant reviewed Who handled music production and mixing for Cairokee's 2017 Noqta Beida session? Answer: Sherif Mostafa. Arabic and English request the same attribute. Evidence: Official indexed description inspected 2026-10-08: Cairokee featuring Abdelrahman Roshdy; words Amir Eid; composition/arrangement Cairokee; production/mixing Sherif Mostafa. Listed musicians: Sherif El Hawary guitar, Adam El Alfy bass, Tamer Hashem drums, Sherif Mostafa keyboards, Amir Eid vocals/guitar. Credits tied to this session, not assumed current lineup. Difficulty: Specialist recall of lyricists, arrangers, orchestral works, historical credits or a precisely dated musical event."
"151","f7885585e236286016e4e028a97d910216aadf65022828434a08b39900f69887","song:halakhasagedan:lyricist","hala","yes","yes","yes","yes","Assistant reviewed Who wrote the lyrics of Angham's Hala Khasa Gedan? Answer: Amir Teima. Arabic and English request the same attribute. Evidence: Verified label's indexed description inspected 2026-10-08: Angham performs; words Amir Teima; music Aziz El Shafie; arrangement Ahmed Ibrahim. No lyrics reproduced. Difficulty: Specialist recall of lyricists, arrangers, orchestral works, historical credits or a precisely dated musical event."
"152","c81d91866712e34d31a073aa2d2b3193ef6a8ced557f50296c092bf40ffab774","song:ymkenkher:lyricist","ymken","yes","yes","yes","yes","Assistant reviewed Who wrote the lyrics of Ramy Sabry's Ymken Kher? Answer: Ahmed Ali Moussa. Arabic and English request the same attribute. Evidence: Official artist channel's indexed description inspected 2026-10-08: singer and composer Ramy Sabry; words Ahmed Ali Moussa; arrangement/mix/master Tarek Tawakol. No inferred album-release date. Difficulty: Specialist recall of lyricists, arrangers, orchestral works, historical credits or a precisely dated musical event."
"153","eadb6e98e8d619babdd6d5a4c405213d3b7e1e75126057cdeff48be3c777be98","song:nassay:lyricist","nassay","yes","yes","yes","yes","Assistant reviewed Who wrote the lyrics of Sherine's Nassay? Answer: Tamer Hussein. Arabic and English request the same attribute. Evidence: 2018 release report inspected 2026-10-08: Sherine performs Nassay; words Tamer Hussein; music Tamer Ali; arrangement Nabulsi; director Luca Coassin. Difficulty: Specialist recall of lyricists, arrangers, orchestral works, historical credits or a precisely dated musical event."
"154","31bf4c6fc62d4c6dc7fac181a41b5b0e300b43e46d7266f78957d154810f0305","song:hobboganna:lyricist","hobbo","yes","yes","yes","yes","Assistant reviewed Who wrote the lyrics of Sherine's Hobbo Ganna? Answer: Mohamed Atef. Arabic and English request the same attribute. Evidence: 2019 release report inspected 2026-10-08: Sherine performs Hobbo Ganna; words Mohamed Atef; music Madian; arrangement Ahmed Ibrahim; album Nassay. Difficulty: Specialist recall of lyricists, arrangers, orchestral works, historical credits or a precisely dated musical event."
"155","29a6155ce13b476f4fee28c0ce0ac8a699fefd387f72be5c54f02b7fe217cce3","song:watarhassas:lyricist","watar","yes","yes","yes","yes","Assistant reviewed Who wrote the lyrics of Sherine's El Watar El Hassas? Answer: Saud Al Sharbatly. Arabic and English request the same attribute. Evidence: 2018 music report inspected 2026-10-08: El Watar El Hassas performed by Sherine, words Saud Al Sharbatly, music Mohamed Rahim, arrangement Touma. Kadabeen words Ayman Bahgat Amar, music Khaled Ezz, arrangement Touma. No dynamic chart claims used. Difficulty: Specialist recall of lyricists, arrangers, orchestral works, historical credits or a precisely dated musical event."
"156","07bfdadf834a91f49293cba8adb96375a87c9f7b13b4e6abd17a9d2e04c7280a","song:kadabeen:lyricist","watar","yes","yes","yes","yes","Assistant reviewed Who wrote the lyrics of Sherine's Kadabeen? Answer: Ayman Bahgat Amar. Arabic and English request the same attribute. Evidence: 2018 music report inspected 2026-10-08: El Watar El Hassas performed by Sherine, words Saud Al Sharbatly, music Mohamed Rahim, arrangement Touma. Kadabeen words Ayman Bahgat Amar, music Khaled Ezz, arrangement Touma. No dynamic chart claims used. Difficulty: Specialist recall of lyricists, arrangers, orchestral works, historical credits or a precisely dated musical event."
"157","db19cd59be821014c698f141dbbcca3d73326cd047280a151ec7944c9fe379ff","song:oloosamah:lyricist","oloosamah","yes","yes","yes","yes","Assistant reviewed Who wrote the lyrics of Tamer Ashour's Oloolo Samah? Answer: Ahmed El Malaky. Arabic and English request the same attribute. Evidence: 2019 music report inspected 2026-10-08: Tamer Ashour, words Ahmed El Malaky, music Mostafa El Assal; album Ayam. Arrangement credits differ between reports and are excluded. Difficulty: Specialist recall of lyricists, arrangers, orchestral works, historical credits or a precisely dated musical event."
"158","dbf5a32bc355a95d9a8d060024764a74833d0a346cc13732fb969fd572ae28c7","song:wasawasa:arranger","wasa3","yes","yes","yes","yes","Assistant reviewed Who arranged Ahmed Saad's Wasa Wasa? Answer: Ehab KloBex. Arabic and English request the same attribute. Evidence: 2022 music report inspected 2026-10-08: Ahmed Saad performs and composes; words credited jointly to Ahmed Saad and Mostafa Hadouta; arrangement Ehab KloBex; video director Islam Hisham. No lyricist question retained because some reports omit the joint credit. Difficulty: Specialist recall of lyricists, arrangers, orchestral works, historical credits or a precisely dated musical event."
"159","fd87b198807a5fa306671d107155ca2bf935048f4217f13cbbddab749dc139b0","song:oyounelalb:lyricist","oyoun","yes","yes","yes","yes","Assistant reviewed Who wrote the lyrics of Nagat El Saghira's Oyoun El Alb? Answer: Abdel Rahman El Abnoudi. Arabic and English request the same attribute. Evidence: Publisher catalogue retrieved 2026-10-08: Nagat El Saghira performs; music Mohamed El Mougy; words Abdel Rahman El Abnoudi. Difficulty: Specialist recall of lyricists, arrangers, orchestral works, historical credits or a precisely dated musical event."
"160","32e81a1b587939df6dad41fe277a75ba6038530ccdc1488ec16b9f9ea80259c2","song:ganaelhawa:lyricist","ganahawa","yes","yes","yes","yes","Assistant reviewed Who wrote the lyrics of Abdel Halim Hafez's Gana El Hawa? Answer: Mohamed Hamza. Arabic and English request the same attribute. Evidence: Page title Gana El Hawa, despite mistranslated URL. Publisher catalogue retrieved 2026-10-08 credits Abdel Halim Hafez, Baligh Hamdi and Mohamed Hamza as performer, composer and lyricist. Difficulty: Specialist recall of lyricists, arrangers, orchestral works, historical credits or a precisely dated musical event."
"161","3849573a3f7b6e6175094f245e9ba4f3b744ac2f8675f38257dd198d07999d8b","song:yahabibtiyamasr:lyricist","yamasr","yes","yes","yes","yes","Assistant reviewed Who wrote the lyrics of Shadia's Ya Habibti Ya Masr? Answer: Mohamed Hamza. Arabic and English request the same attribute. Evidence: Publisher catalogue retrieved 2026-10-08: Shadia performs; music Baligh Hamdi; words Mohamed Hamza. Difficulty: Specialist recall of lyricists, arrangers, orchestral works, historical credits or a precisely dated musical event."
"162","ca4531267286595c4c5eff4c30c9a3ff430c6bdae89ddb334b11070447193434","song:sawah:lyricist","sawah","yes","yes","yes","yes","Assistant reviewed Who wrote the lyrics of Abdel Halim Hafez's Sawwah? Answer: Mohamed Hamza. Arabic and English request the same attribute. Evidence: Publisher catalogue inspected 2026-10-08: Abdel Halim Hafez performs; music Baligh Hamdi; words Mohamed Hamza. Difficulty: Specialist recall of lyricists, arrangers, orchestral works, historical credits or a precisely dated musical event."
"163","f7a34ba7b8e5ec7e7e56faf925ffaa8cf7530fd536c506f0284fbb15f19c3c5e","song:ahwak:lyricist","ahwak","yes","yes","yes","yes","Assistant reviewed Who wrote the lyrics of Abdel Halim Hafez's Ahwak? Answer: Hussein El Sayed. Arabic and English request the same attribute. Evidence: Artist interview inspected 2026-10-08 explicitly attributes original Ahwak to Abdel Halim Hafez, lyrics Hussein El Sayed and music Mohammed Abdel Wahab. The report's conflicting film-year detail is excluded. Difficulty: Specialist recall of lyricists, arrangers, orchestral works, historical credits or a precisely dated musical event."
"164","3fd0375c96774c6e9a4708177fb0af475e9b744ad8b591af4cb5748c2523f2f4","artist:abdelhalim:birthvillage","halimhistory","yes","yes","yes","yes","Assistant reviewed In which village in Sharqia Governorate was Abdel Halim Hafez born? Answer: Al Helwat. Arabic and English request the same attribute. Evidence: Official indexed release 2026-10-08: Brown Nightingale; Al Helwat in Sharqia; radio oboist; broadcaster Hafez Abdel Wahab supplied his stage surname; Liqaa words Salah Abdel Sabour/music Kamal El Tawil. Conflicting graduation chronology not used. Difficulty: Specialist recall of lyricists, arrangers, orchestral works, historical credits or a precisely dated musical event."
"165","2df0849fbe1eff2c6f99f3287d0336ae9ee0ab16828cad551b4eba3005a7a75e","song:setelhabayeb:lyricist","sethabayeb","yes","yes","yes","yes","Assistant reviewed Who wrote the lyrics of the Mother's Day song Set El Habayeb? Answer: Hussein El Sayed. Arabic and English request the same attribute. Evidence: Music-history article inspected 2026-10-08 identifies Fayza Ahmed's celebrated recording, composer Mohammed Abdel Wahab and lyricist Hussein El Sayed. Wording avoids claiming she made the first broadcast, which the source attributes to the composer. Difficulty: Specialist recall of lyricists, arrangers, orchestral works, historical credits or a precisely dated musical event."
"166","b8aec73bad79856ca56a06435558f39262e7b8ddfa5a0e98a3fffea1b0d2bc7d","song:shahatelgharam:lyricist","shahat","yes","yes","yes","yes","Assistant reviewed Who wrote the lyrics of Mohammed Fawzi and Leila Mourad's Shahat El Gharam duet? Answer: Badi Khairi. Arabic and English request the same attribute. Evidence: 2024 Opera programme report inspected 2026-10-08: original Shahat El Gharam duet Mohammed Fawzi and Leila Mourad, composer Mohammed Fawzi, words Badi Khairi. Distinguishes originals from Ali El Haggar and Nadia Mostafa's revival. Difficulty: Specialist recall of lyricists, arrangers, orchestral works, historical credits or a precisely dated musical event."
"167","7d7741007d3a9a828da069dfc6cbf47b8c899215d5abcdfa7b5e6b9c351a6f42","song:algondol:inspirationcity","gondol","yes","yes","yes","yes","Assistant reviewed Which Italian city did Ali Mahmoud Taha visit and draw on when writing Al Gondol? Answer: Venice. Arabic and English request the same attribute. Evidence: Official indexed biography inspected 2026-10-08: poet Ali Mahmoud Taha wrote Al Gondol after visiting Venice and its annual celebration in summer 1938; Mohammed Abdel Wahab sang it. Unverified composer/date details not used. Difficulty: Specialist recall of lyricists, arrangers, orchestral works, historical credits or a precisely dated musical event."
"168","ef5a885ba1dff2eb7e6cbe231828fdb75371addcf47a88d9045ecbc713d1e69a","song:elzeinwelzeina:melodyheritage","zein","yes","yes","yes","yes","Assistant reviewed According to Ali El Haggar, which country's traditional music supplied the melody of El Zein Wel Zeina? Answer: Libya. Arabic and English request the same attribute. Evidence: Artist states that Hamid Al Shaeri identified the melody as Libyan heritage; Hamid arranged the wedding song and Nabil Khalaf wrote it. Retrieved/indexed 2026-10-08; not an original composition attribution to the arranger. Difficulty: Specialist recall of lyricists, arrangers, orchestral works, historical credits or a precisely dated musical event."
"169","524e824160dd52c459c2949ea5ce555af727d14dfd9facefdae4381d4ebba18a","song:saaf:lyricist","saaf","yes","yes","yes","yes","Assistant reviewed Who wrote the lyrics of Ramy Gamal's Saaf? Answer: Mostafa Hassan. Arabic and English request the same attribute. Evidence: Retrieved 2026-10-08: Ramy Gamal sings; Mostafa Hassan wrote; Bilal Sorour composed; Touma arranged. Official release through Nogoum Records. Difficulty: Specialist recall of lyricists, arrangers, orchestral works, historical credits or a precisely dated musical event."
"170","03dc0eddf3e2bd8d5e820a33af9b766114e055a4adff28bb36ae863c9e7e27c0","song:analawhabibak:lyricist","fouadhits","yes","yes","yes","yes","Assistant reviewed Who wrote the lyrics of Mohamed Fouad's Ana Law Habibak? Answer: Mostafa Morsi. Arabic and English request the same attribute. Evidence: Indexed 2026-10-08: Ana Law Habibak Mostafa Morsi/Walid Saad; Kamannana in Ismailia Rayeh Gay by Antar Hilal/Riad El Hamshary; 1998 El Hob El Haqiqi by Mostafa Kamel/Essam Ismail; Fakrak Ya Nasini by Ahmed Sheta/Salah El Sharnouby. All performed by Mohamed Fouad. Difficulty: Specialist recall of lyricists, arrangers, orchestral works, historical credits or a precisely dated musical event."
"171","b08beb2f59c68179e9e3c36a3efceb326857788d699675aa13be98b1df30991e","song:fadyshewaya:lyricist","fady","yes","yes","yes","yes","Assistant reviewed Who wrote the lyrics of Hamza Namira's Fady Shewaya? Answer: Khalil Ezz El Din. Arabic and English request the same attribute. Evidence: Retrieved/indexed 2026-10-08: Hamza Namira sings and composes; Khalil Ezz El Din writes; album Mawlood Sanat 80; arrangement Karim Abdel Wahab; guitar Mostafa Aslan. No changing view-count question used. Difficulty: Specialist recall of lyricists, arrangers, orchestral works, historical credits or a precisely dated musical event."
"172","0a1c4549380f0fd8e6916c84c1685cf66909930b9e1dd3b8b36e494b70e33a5c","song:ananegm:mastering","ananegm","yes","yes","yes","yes","Assistant reviewed Who mastered Cairokee's 2022 recording of Ana Negm? Answer: Randy Merrill. Arabic and English request the same attribute. Evidence: Indexed official release metadata 2026-10-08: Cairokee; Roma; released 2022-09-23; mastered by Randy Merrill. No inferred writer or composer from performer names. Difficulty: Specialist recall of lyricists, arrangers, orchestral works, historical credits or a precisely dated musical event."
"173","7339ae88cdc0a12aa6f39d639afc6e5353c0ff6f8bae829cb504fbf31030481b","song:monaya:lyricist","monaya","yes","yes","yes","yes","Assistant reviewed Who wrote the lyrics of Moustafa Amar's Monaya? Answer: Amir Teima. Arabic and English request the same attribute. Evidence: Official description indexed 2026-10-08: Moustafa Amar performs; Amir Teima writes; Amr Mostafa composes; Tarek Madkour arranges. Direct fetch unavailable; index evidence retained. Difficulty: Specialist recall of lyricists, arrangers, orchestral works, historical credits or a precisely dated musical event."
"174","6ade6955d4384aeb01ac530e32f5daa1741e6baf60573d41f48e49ef98c29e30","song:betwanesbeek:lyricist","betwanes","yes","yes","yes","yes","Assistant reviewed Who wrote the lyrics of Warda's Betwanes Beek? Answer: Omar Batisha. Arabic and English request the same attribute. Evidence: Retrieved 2026-10-08: Warda sings; Omar Batisha wrote; Salah El Sharnouby composed; Tarek Akef arranged. Discarded an incorrect remembered writer attribution. Difficulty: Specialist recall of lyricists, arrangers, orchestral works, historical credits or a precisely dated musical event."
"175","3e73f75589463f5741a76b489033b240a4dd4285edcb6d982741a602b7157c13","song:leilynahary:lyricist","leily","yes","yes","yes","yes","Assistant reviewed Who wrote the lyrics of Amr Diab's Leily Nahary? Answer: Khaled Tag El Din. Arabic and English request the same attribute. Evidence: Official description indexed 2026-10-08: Amr Diab performs; Khaled Tag El Din writes; Amr Mostafa composes; Nader Hamdy arranges. Upload date is not treated as original release date. Difficulty: Specialist recall of lyricists, arrangers, orchestral works, historical credits or a precisely dated musical event."
"176","9c2d73956d31374bcad500edea33df65450d50aff94c81d67e72650edcbb7d6e","song:wemalo:lyricist","wemalo","yes","yes","yes","yes","Assistant reviewed Who wrote the lyrics of Amr Diab's We Malo? Answer: Khaled Tag El Din. Arabic and English request the same attribute. Evidence: Official description indexed 2026-10-08: Amr Diab performs; Khaled Tag El Din writes; Amr Mostafa composes; Tarek Madkour arranges. Difficulty: Specialist recall of lyricists, arrangers, orchestral works, historical credits or a precisely dated musical event."
"177","385e47e73bd4b2dbfcfe6dcbdfb87e88bab84c4771507ffefa2b0ae5bfc8e1c5","song:amarain:lyricist","amarain","yes","yes","yes","yes","Assistant reviewed Who wrote the lyrics of Amr Diab's Amarain? Answer: Mohamed Refai. Arabic and English request the same attribute. Evidence: Retrieved/indexed 2026-10-08: Amr Diab sings Amarain; Mohamed Refai writes; Sherif Tag composes; Tarek Madkour arranges. Family-dedication claims not used. Difficulty: Specialist recall of lyricists, arrangers, orchestral works, historical credits or a precisely dated musical event."
"178","b073e22ad61a3e6651ddc631ae35e6d5b63898bc5b5b118779bf6ba74c5827fe","song:tetragafeya:lyricist","tetraga","yes","yes","yes","yes","Assistant reviewed Who wrote the lyrics of Ehab Tawfik's Tetraga Feya? Answer: Bahaa El Din Mohammed. Arabic and English request the same attribute. Evidence: Indexed 2026-10-08: recording credited to Ehab Tawfik; Lyrics Bahaa El Din Mohammed. Unverified composer credit explicitly excluded. Difficulty: Specialist recall of lyricists, arrangers, orchestral works, historical credits or a precisely dated musical event."
"179","8efb8342f3d557c988edad59159751952819120a1549c13e55890b618e2305c8","song:narinarein:lyricist","nari","yes","yes","yes","yes","Assistant reviewed Which lyricist wrote Hisham Abbas's Nari Narein? Answer: Ayman Bahgat Amar. Arabic and English request the same attribute. Evidence: Retrieved/indexed 2026-10-08: lyricist discusses writing Nari Narein for Hisham Abbas. No unverified composer or duet-partner credit used. Difficulty: Specialist recall of lyricists, arrangers, orchestral works, historical credits or a precisely dated musical event."
"180","1da12a65b9ca7210e81ed96c91f7782988e5225a6b963651a96e523f377cf9a1","song:kamannana:composer","fouadhits","yes","yes","yes","yes","Assistant reviewed Who composed Mohamed Fouad's Kamannana? Answer: Riad El Hamshary. Arabic and English request the same attribute. Evidence: Indexed 2026-10-08: Ana Law Habibak Mostafa Morsi/Walid Saad; Kamannana in Ismailia Rayeh Gay by Antar Hilal/Riad El Hamshary; 1998 El Hob El Haqiqi by Mostafa Kamel/Essam Ismail; Fakrak Ya Nasini by Ahmed Sheta/Salah El Sharnouby. All performed by Mohamed Fouad. Difficulty: Specialist recall of lyricists, arrangers, orchestral works, historical credits or a precisely dated musical event."
"181","2afe7ffeb5470d215969a0652c84b0384b3e2cd133154573fb39599bdcbe280c","song:elhobelhaqiqi:lyricist","fouadhits","yes","yes","yes","yes","Assistant reviewed Who wrote the lyrics of Mohamed Fouad's 1998 song El Hob El Haqiqi? Answer: Mostafa Kamel. Arabic and English request the same attribute. Evidence: Indexed 2026-10-08: Ana Law Habibak Mostafa Morsi/Walid Saad; Kamannana in Ismailia Rayeh Gay by Antar Hilal/Riad El Hamshary; 1998 El Hob El Haqiqi by Mostafa Kamel/Essam Ismail; Fakrak Ya Nasini by Ahmed Sheta/Salah El Sharnouby. All performed by Mohamed Fouad. Difficulty: Specialist recall of lyricists, arrangers, orchestral works, historical credits or a precisely dated musical event."
"182","44e72e5810796a83afaefebf25376126507eb81eec823dac80d4bd52ee93a38e","song:fakrakyanasini:lyricist","fouadhits","yes","yes","yes","yes","Assistant reviewed Who wrote the lyrics of Mohamed Fouad's Fakrak Ya Nasini? Answer: Ahmed Sheta. Arabic and English request the same attribute. Evidence: Indexed 2026-10-08: Ana Law Habibak Mostafa Morsi/Walid Saad; Kamannana in Ismailia Rayeh Gay by Antar Hilal/Riad El Hamshary; 1998 El Hob El Haqiqi by Mostafa Kamel/Essam Ismail; Fakrak Ya Nasini by Ahmed Sheta/Salah El Sharnouby. All performed by Mohamed Fouad. Difficulty: Specialist recall of lyricists, arrangers, orchestral works, historical credits or a precisely dated musical event."
"183","9a82ca753ec44c46c8342f3973032fe627ad45e80653e7db5d846fdfe4b94e29","artist:abdelhalim:stagenamesource","halimhistory","yes","yes","yes","yes","Assistant reviewed Which broadcaster's first name did Abdel Halim Hafez adopt as his stage surname? Answer: Hafez Abdel Wahab. Arabic and English request the same attribute. Evidence: Official indexed release 2026-10-08: Brown Nightingale; Al Helwat in Sharqia; radio oboist; broadcaster Hafez Abdel Wahab supplied his stage surname; Liqaa words Salah Abdel Sabour/music Kamal El Tawil. Conflicting graduation chronology not used. Difficulty: Specialist recall of lyricists, arrangers, orchestral works, historical credits or a precisely dated musical event."
"184","3efb2a83211df63005adba05472e37df285359c2c9261a67ea1d062569d0f46e","song:liqaa:lyricist","halimhistory","yes","yes","yes","yes","Assistant reviewed Who wrote Liqaa, the poem sung by Abdel Halim Hafez early in his career? Answer: Salah Abdel Sabour. Arabic and English request the same attribute. Evidence: Official indexed release 2026-10-08: Brown Nightingale; Al Helwat in Sharqia; radio oboist; broadcaster Hafez Abdel Wahab supplied his stage surname; Liqaa words Salah Abdel Sabour/music Kamal El Tawil. Conflicting graduation chronology not used. Difficulty: Specialist recall of lyricists, arrangers, orchestral works, historical credits or a precisely dated musical event."
"185","e8eff895ed0968c24e7d14487c71eaafab33823ff83a0d3f856cc30bf7fc4d82","song:liqaa:composer","halimhistory","yes","yes","yes","yes","Assistant reviewed Who composed Abdel Halim Hafez's Liqaa? Answer: Kamal El Tawil. Arabic and English request the same attribute. Evidence: Official indexed release 2026-10-08: Brown Nightingale; Al Helwat in Sharqia; radio oboist; broadcaster Hafez Abdel Wahab supplied his stage surname; Liqaa words Salah Abdel Sabour/music Kamal El Tawil. Conflicting graduation chronology not used. Difficulty: Specialist recall of lyricists, arrangers, orchestral works, historical credits or a precisely dated musical event."
"186","c1dec672f8ba66aa146deb7541a848c1015912369d65f6ba48e1e77b085cce29","artist:sayeddarwish:syrianmentor","sayedhistory","yes","yes","yes","yes","Assistant reviewed Which musician did Sayed Darwish meet during the Levant trip in which he developed his oud playing and musical notation? Answer: Othman Al Mawsili. Arabic and English request the same attribute. Evidence: Official indexed biography 2026-10-08: composed Bilady Bilady, later national anthem; met Othman Al Mawsili during Levant travels and developed oud playing and notation. Difficulty: Specialist recall of lyricists, arrangers, orchestral works, historical credits or a precisely dated musical event."
"187","94c2307d3cf98d87cde79706a43ff2a889133f64a604405f4738c8a4603104ed","artist:abdelwahab:firstshawqisong","wahabhistory","yes","yes","yes","yes","Assistant reviewed What was the first song with Ahmed Shawqi's words that Mohammed Abdel Wahab sang to his own music? Answer: Shabakty Albi Ya Eini. Arabic and English request the same attribute. Evidence: Official indexed biography 2026-10-08: Ahmed Shawqi mentored him; first Shawqi song he composed and sang was Shabakty Albi Ya Eini; first musical starring film Al Warda Al Beida. Conflicting birth year not used. Difficulty: Specialist recall of lyricists, arrangers, orchestral works, historical credits or a precisely dated musical event."
"188","71a81bfb752fbb790fa9fb72297803778ed411557f1eaedd9382032d9daa74c3","venue:ummmuseum:island","ummmuseum","yes","yes","yes","yes","Assistant reviewed On which Nile island in Cairo is the Umm Kulthum Museum located? Answer: Roda Island. Arabic and English request the same attribute. Evidence: Official indexed museum description 2026-10-08: dedicated to Umm Kulthum; in a building adjoining Manasterli Palace on Roda Island in Cairo. Difficulty: Specialist recall of lyricists, arrangers, orchestral works, historical credits or a precisely dated musical event."
"189","b3013f6ce656cddb3a70c2f15ff3e4973de01b7ee5ffdfc4c951ac8fef477e1f","operetta:elleilaelkebira:puppetdesigner","leilak","yes","yes","yes","yes","Assistant reviewed Who designed the puppets for the original El Leila El Kebira operetta? Answer: Nagy Shaker. Arabic and English request the same attribute. Evidence: Official programme indexed 2026-10-08: El Leila El Kebira puppet operetta; composer Sayed Mekawy; words Salah Jahin; puppets Nagy Shaker; director Salah El Sakka. Difficulty: Specialist recall of lyricists, arrangers, orchestral works, historical credits or a precisely dated musical event."
"190","aeacebe1ab7f2f5ab1f06fa9ad84bb589cc98e302ac064ab7eb1f9887f49e3d4","operetta:elleilaelkebira:director","leilak","yes","yes","yes","yes","Assistant reviewed Who directed the original puppet production of El Leila El Kebira? Answer: Salah El Sakka. Arabic and English request the same attribute. Evidence: Official programme indexed 2026-10-08: El Leila El Kebira puppet operetta; composer Sayed Mekawy; words Salah Jahin; puppets Nagy Shaker; director Salah El Sakka. Difficulty: Specialist recall of lyricists, arrangers, orchestral works, historical credits or a precisely dated musical event."
"191","2326ca9fe7f8d502f3a74071c6a6e1c04f0a13fb501bef5034cb77bc4360f67a","song:anabastannak:lyricist","bastannakpoet","yes","yes","yes","yes","Assistant reviewed Who wrote the lyrics of Nagat El Saghira's Ana Bastannak? Answer: Morsi Gamil Aziz. Arabic and English request the same attribute. Evidence: Indexed 2026-10-08: lyricist Morsi Gamil Aziz wrote Ana Bastannak for Nagat El Saghira. Difficulty: Specialist recall of lyricists, arrangers, orchestral works, historical credits or a precisely dated musical event."
"192","20a134e21549f2e77945ddad6a0b62306d093a50ddf52f79830c5d562c5818fe","song:yahlowsabbah:lyricist","nouiraprog","yes","yes","yes","yes","Assistant reviewed Who wrote the lyrics of the classic song Ya Helw Sabbah? Answer: Morsi Gamil Aziz. Arabic and English request the same attribute. Evidence: Retrieved 2026-10-08: Ya Helw Sabbah words Morsi Gamil Aziz/music Mohammed El Mougy; Shad El Hezam words Badi Khairi/music Sayed Darwish; Emta Htearaf words Mamoun El Shenawy/music Mohammed El Qasabgi; Ghareeb Ya Zaman words Omar Batisha/music Mohammed Sultan. Modern concert performers not treated as original singers. Difficulty: Specialist recall of lyricists, arrangers, orchestral works, historical credits or a precisely dated musical event."
"193","b9cead639b8e47b680605b58321801a95fc571d99fc1cc966fa35d9fb7d096c0","song:shadelhezam:lyricist","nouiraprog","yes","yes","yes","yes","Assistant reviewed Who wrote the lyrics of Sayed Darwish's Shad El Hezam? Answer: Badi Khairi. Arabic and English request the same attribute. Evidence: Retrieved 2026-10-08: Ya Helw Sabbah words Morsi Gamil Aziz/music Mohammed El Mougy; Shad El Hezam words Badi Khairi/music Sayed Darwish; Emta Htearaf words Mamoun El Shenawy/music Mohammed El Qasabgi; Ghareeb Ya Zaman words Omar Batisha/music Mohammed Sultan. Modern concert performers not treated as original singers. Difficulty: Specialist recall of lyricists, arrangers, orchestral works, historical credits or a precisely dated musical event."
"194","969792b39e7d441ece431f860d4b43cd9c0a0fd601ac96bdcde64a87567fbc38","song:emtahtearaf:composer","nouiraprog","yes","yes","yes","yes","Assistant reviewed Who composed Emta Htearaf, with lyrics by Mamoun El Shenawy? Answer: Mohammed El Qasabgi. Arabic and English request the same attribute. Evidence: Retrieved 2026-10-08: Ya Helw Sabbah words Morsi Gamil Aziz/music Mohammed El Mougy; Shad El Hezam words Badi Khairi/music Sayed Darwish; Emta Htearaf words Mamoun El Shenawy/music Mohammed El Qasabgi; Ghareeb Ya Zaman words Omar Batisha/music Mohammed Sultan. Modern concert performers not treated as original singers. Difficulty: Specialist recall of lyricists, arrangers, orchestral works, historical credits or a precisely dated musical event."
"195","18c06fc09e1b2bb5906baa09f112bedd5a55eacfb146e7215c988e514060ea36","song:ghareebyazaman:lyricist","nouiraprog","yes","yes","yes","yes","Assistant reviewed Who wrote the lyrics of Ghareeb Ya Zaman, composed by Mohammed Sultan? Answer: Omar Batisha. Arabic and English request the same attribute. Evidence: Retrieved 2026-10-08: Ya Helw Sabbah words Morsi Gamil Aziz/music Mohammed El Mougy; Shad El Hezam words Badi Khairi/music Sayed Darwish; Emta Htearaf words Mamoun El Shenawy/music Mohammed El Qasabgi; Ghareeb Ya Zaman words Omar Batisha/music Mohammed Sultan. Modern concert performers not treated as original singers. Difficulty: Specialist recall of lyricists, arrangers, orchestral works, historical credits or a precisely dated musical event."
"196","1203c5a9e2087d830b2495e0e6a245eebdf86d5d7473cf04ef94765d8caf6953","song:elbakht:audioengineer","elbakht","yes","yes","yes","yes","Assistant reviewed Who recorded, mixed and mastered Wegz's El Bakht at Vinyl Studios? Answer: Nader Soliman. Arabic and English request the same attribute. Evidence: Official description indexed 2026-10-08: performed/written by Wegz; music produced by Rahal; recorded/mixed/mastered by Nader Soliman at Vinyl Studios; released 2022-02-26. No lyrics reproduced. Difficulty: Specialist recall of lyricists, arrangers, orchestral works, historical credits or a precisely dated musical event."
"197","7e801269bf6e9bd9e805317e091099fe453d8b469f92e5f29b3720770cc62a1b","song:seketelsalama:lyricist","seketprimary","yes","yes","yes","yes","Assistant reviewed Who wrote the lyrics of Amal Maher's Seket El Salama? Answer: Ayman Bahgat Amar. Arabic and English request the same attribute. Evidence: Official release description indexed 2026-10-08: Amal Maher sings; Lyrics Ayman Bahgat Amar. No lyrics reproduced. Difficulty: Specialist recall of lyricists, arrangers, orchestral works, historical credits or a precisely dated musical event."
"198","916809728b204070ee4d4ae8f3970a072ca953a50070673df508085539bd08c2","song:mnalbibaghany:lyricist","mnalbi","yes","yes","yes","yes","Assistant reviewed Who wrote the lyrics of Mohamed Hamaki's Mn Albi Baghany? Answer: Amir Teima. Arabic and English request the same attribute. Evidence: Indexed 2026-10-08: Mohamed Hamaki performs title track Mn Albi Baghany; Amir Teima writes; Ahmed Salah Hosny composes; Tamim arranges. Name misspelling in press excerpt checked against recording credits. Difficulty: Specialist recall of lyricists, arrangers, orchestral works, historical credits or a precisely dated musical event."
"199","96d55f6a2503254e20a5158c7a7829b293da99e2098f1a4c37663595f357d732","song:yamestaagelferaqi:lyricist","tharwat","yes","yes","yes","yes","Assistant reviewed Who wrote the lyrics of Mohamed Tharwat's Ya Mestaagel Feraqi? Answer: Tamer Hussein. Arabic and English request the same attribute. Evidence: Indexed 2026-10-08: Mohamed Tharwat performs; Tamer Hussein writes; Mohammed Rahim both composes and arranges. No changing view-count question used. Difficulty: Specialist recall of lyricists, arrangers, orchestral works, historical credits or a precisely dated musical event."
"200","5765971a88c574c0eead777fd42f5b8508388fc0a942345d8c896584a2af32e9","song:kamannana:lyricist","fouadhits","yes","yes","yes","yes","Assistant reviewed Who wrote the lyrics of Mohamed Fouad's Kamannana? Answer: Antar Hilal. Arabic and English request the same attribute. Evidence: Indexed 2026-10-08: Ana Law Habibak Mostafa Morsi/Walid Saad; Kamannana in Ismailia Rayeh Gay by Antar Hilal/Riad El Hamshary; 1998 El Hob El Haqiqi by Mostafa Kamel/Essam Ismail; Fakrak Ya Nasini by Ahmed Sheta/Salah El Sharnouby. All performed by Mohamed Fouad. Difficulty: Specialist recall of lyricists, arrangers, orchestral works, historical credits or a precisely dated musical event."
"201","a9f01a6e3ba501d98f51247e9dad090568637c3a5b7349cb39c80c461e2ddcd8","song:elzeinwelzeina:lyricist","zein","yes","yes","yes","yes","Assistant reviewed Who wrote the lyrics of Ali El Haggar's El Zein Wel Zeina? Answer: Nabil Khalaf. Arabic and English request the same attribute. Evidence: Artist states that Hamid Al Shaeri identified the melody as Libyan heritage; Hamid arranged the wedding song and Nabil Khalaf wrote it. Retrieved/indexed 2026-10-08; not an original composition attribution to the arranger. Difficulty: Specialist recall of lyricists, arrangers, orchestral works, historical credits or a precisely dated musical event."
"202","4ea3ea0064b20fbd0a40b05b02add2e73cfd5baa1b520f22fa3be3ee9b3f97c1","song:fadyshewaya:guitarist","fady","yes","yes","yes","yes","Assistant reviewed Who played guitar on Hamza Namira's recording of Fady Shewaya? Answer: Mostafa Aslan. Arabic and English request the same attribute. Evidence: Retrieved/indexed 2026-10-08: Hamza Namira sings and composes; Khalil Ezz El Din writes; album Mawlood Sanat 80; arrangement Karim Abdel Wahab; guitar Mostafa Aslan. No changing view-count question used. Difficulty: Specialist recall of lyricists, arrangers, orchestral works, historical credits or a precisely dated musical event."
"203","e2de3a3a7b1a07815594f687f0dbe7978f21c1a8ed384081d9a88557cb456b84","session:noqtabeida2017:bassist","noqta","yes","yes","yes","yes","Assistant reviewed Who is the bass guitarist in the Cairokee lineup credited for the 2017 Noqta Beida sessions recording? Answer: Adam El Alfy. Arabic and English request the same attribute. Evidence: Official indexed description inspected 2026-10-08: Cairokee featuring Abdelrahman Roshdy; words Amir Eid; composition/arrangement Cairokee; production/mixing Sherif Mostafa. Listed musicians: Sherif El Hawary guitar, Adam El Alfy bass, Tamer Hashem drums, Sherif Mostafa keyboards, Amir Eid vocals/guitar. Credits tied to this session, not assumed current lineup. Difficulty: Specialist recall of lyricists, arrangers, orchestral works, historical credits or a precisely dated musical event."
"204","54a8322ecf2db4766df7466d2fc8e70f2fb71e4879b816a65f6128b1ff4e9471","session:noqtabeida2017:drummer","noqta","yes","yes","yes","yes","Assistant reviewed Who is the drummer in the Cairokee lineup credited for the 2017 Noqta Beida sessions recording? Answer: Tamer Hashem. Arabic and English request the same attribute. Evidence: Official indexed description inspected 2026-10-08: Cairokee featuring Abdelrahman Roshdy; words Amir Eid; composition/arrangement Cairokee; production/mixing Sherif Mostafa. Listed musicians: Sherif El Hawary guitar, Adam El Alfy bass, Tamer Hashem drums, Sherif Mostafa keyboards, Amir Eid vocals/guitar. Credits tied to this session, not assumed current lineup. Difficulty: Specialist recall of lyricists, arrangers, orchestral works, historical credits or a precisely dated musical event."
